anyo,alumno,curso,contenido,nota_numerica
2024,10025295,3228404816,0650,4
2024,10244048,3228404816,0648,8
2024,10025295,3228404816,0650,4
2024,10244048,3228404816,0650,8
2024,10414870,3228404816,0179,8
2024,10802285,3228404816,0650,6
2024,10802285,3228404816,0647,5
2024,10414870,3228404816,0649,9
2024,13075443,3228404816,0649,4
2024,10509186,3228404816,0649,9
2024,10025295,3228404816,0649,3
2024,12690668,3228404816,0657p,10
2024,12690668,3228404816,0651,7
2024,12690668,3228404816,0648,8
2024,13450442,3228404816,0651,0
2024,10711948,3228404816,0650,6
2024,10244048,3228404816,0648,8
2024,10509186,3228404816,0651,7
2024,10509186,3228404816,0648,9
2024,12332046,3228404816,0657p,8
2024,12332046,3228404816,0648,7
2024,12332046,3228404816,0648,7
2024,12332046,3228404816,0649,3
2024,10452196,3228404816,0651,9
2024,10742998,3228404816,0179,8
2024,10961892,3228404816,0650,8
2024,10906957,3228404816,0651,6
2024,10906957,3228404816,0648,6
2024,10906957,3228404816,0649,5
2024,10677373,3228404816,0650,7
2024,10350415,3228404816,0651,8
2024,10350415,3228404816,0650,7
2024,10024578,3228404816,0650,9
2024,13455127,3228404816,0648,9
2024,10780784,3228404816,0179,7
2024,10780784,3228404816,0650,8
2024,10824617,3228404816,0648,7
2024,10824617,3228404816,0648,8
2024,10840138,3228404816,0651,8
2024,10840138,3228404816,0650,4
2024,10840138,3228404816,0647,4
2024,10017455,3228404816,0657p,9
2024,10017455,3228404816,0657p,10
2024,10017455,3228404816,0650,10
2024,13035058,3228404816,0651,7
2024,13035058,3228404816,0649,3
2024,10377895,3228404816,0651,0
2024,10377895,3228404816,0648,0
2024,10661639,3228404816,0657p,10
2024,10661639,3228404816,0648,8
2024,10357636,3228404816,0651,6
2024,10357636,3228404816,0650,9
2024,10357636,3228404816,0649,6
2024,10991112,3228404816,0650,9
2024,10991112,3228404816,0648,8
2024,10991112,3228404816,0647,9
2024,10819112,3228404816,0179,8
2024,10819112,3228404816,0651,8
2024,10953575,3228404816,0649,4
2024,10381846,3228404816,0650,8
2024,10381846,3228404816,0649,7
2024,13456235,3228404816,0657p,0
2024,13456235,3228404816,0179,0
2024,10679695,3228404816,0179,9
2024,10679695,3228404816,0648,7
2024,10677900,3228404816,0650,7
2024,10677900,3228404816,0648,7
2024,13476760,3228404816,0650,2
2024,13064420,3228404816,0179,4
2024,13060964,3228404816,0179,0
2024,13060964,3228404816,0648,0
2024,12332046,3228404816,0179,5
2024,10961892,3228404816,0179,6
2024,10802285,3228404816,0649,6
2024,12690668,3228404816,0649,10
2024,13450442,3228404816,1709,0
2024,13450442,3228404816,0657p,0
2024,13455127,3228404816,0657p,10
2024,13035058,3228404816,0657p,4
2024,10953575,3228404816,0657p,8
2024,10256435,3228404816,0657p,0
2024,13450442,3228404816,0647,0
2024,10357636,3228404816,0647,6
2024,10953575,3228404816,0647,0
2024,13060964,3228404816,0647,0
2024,10509186,3228404816,0179,9
2024,10819112,3228404816,0179,8
2024,10953575,3228404816,0179,7
2024,13064420,3228404816,0179,6
2024,10256435,3228404816,0179,0
2024,10279441,3228404816,0179,9
2024,10452196,3228404816,0179,9
2024,10661639,3228404816,0179,8
2024,10279441,3228404816,0179,8
2024,10452196,3228404816,0650,8
2024,10350415,3228404816,0650,4
2024,10357636,3228404816,0650,7
2024,10953575,3228404816,0650,4
2024,10742998,3228404816,0651,8
2024,10906957,3228404816,0651,6
2024,10824617,3228404816,0651,7
2024,10906957,3228404816,0657p,7
2024,10677373,3228404816,0657p,0
2024,10024578,3228404816,0648,8
2024,10991112,3228404816,0648,9
2024,10677373,3228404816,0649,0
2024,10780784,3228404816,0657p,8
2024,10780784,3228404816,0649,7
2024,13476760,3228404816,0649,5
2024,13078687,3228404816,1709,8
2024,10679723,3228404816,0657p,8
2024,10824617,3228404816,0649,4
2024,10840138,3228404816,0657p,8
2024,10819112,3228404816,0647,8
2024,10381846,3228404816,0647,9
2024,10677900,3228404816,1709,6
2024,13476760,3228404816,0657p,0
2024,13476760,3228404816,0647,1
2024,13060964,3228404816,0651,0
2024,13060964,3228404816,0651,0
2024,13264942,3228404816,0657p,1
2024,13264942,3228404816,0648,4
2024,13264942,3228404816,0649,0
2024,10953290,3228404816,0651,8
2024,10953290,3228404816,0648,8
2024,10463434,3228404816,0651,2
2024,10463434,3228404816,0650,0
2024,10463434,3228404816,0648,0
2024,11254695,3228404816,0657p,0
2024,11254695,3228404816,0179,0
2024,11254695,3228404816,0648,0
2024,11664368,3228404816,0648,5
2024,11481642,3228404816,0657p,0
2024,11481642,3228404816,0650,0
2024,11889122,3228404816,0179,6
2024,11889122,3228404816,0651,7
2024,11889122,3228404816,0649,7
2024,11241112,3228404816,0179,7
2024,11241112,3228404816,0650,7
2024,11241112,3228404816,0648,8
2024,10819061,3228404816,0650,9
2024,10129831,3228404816,0179,4
2024,10789628,3228404816,0648,5
2024,10789628,3228404816,0649,6
2024,10783588,3228404816,0179,7
2024,10783588,3228404816,0648,9
2024,10783588,3228404816,0649,7
2024,13035060,3228404816,0179,8
2024,13035060,3228404816,0650,6
2024,13035179,3228404816,0650,9
2024,13035179,3228404816,0648,6
2024,13035179,3228404816,0647,8
2024,10615771,3228404816,1709,0
2024,10615771,3228404816,0657p,0
2024,10279441,3228404816,0649,9
2024,10677373,3228404816,0179,0
2024,10677373,3228404816,0647,0
2024,10780784,3228404816,0647,5
2024,13078687,3228404816,0648,9
2024,10953575,3228404816,0648,7
2024,11254695,3228404816,0648,0
2024,10321979,3228404816,0648,7
2024,13035058,3228404816,0647,7
2024,10381846,3228404816,0647,9
2024,10279441,3228404816,0647,8
2024,10463434,3228404816,0647,0
2024,11889122,3228404816,0647,6
2024,10129831,3228404816,0647,7
2024,10819112,3228404816,0657p,8
2024,11241112,3228404816,0657p,7
2024,10819112,3228404816,0649,9
2024,10953575,3228404816,0649,7
2024,11254695,3228404816,0649,0
2024,10953575,3228404816,0649,6
2024,13035179,3228404816,0649,6
2024,13456235,3228404816,1709,0
2024,11481642,3228404816,1709,0
2024,13476760,3228404816,0651,0
2024,13064420,3228404816,0650,7
2024,10256435,3228404816,0650,4
2024,11481642,3228404816,0650,0
2024,13035179,3228404816,0650,7
2024,10953290,3228404816,0651,8
2024,13035060,3228404816,0651,6
2024,10463434,3228404816,0657p,0
2024,10463434,3228404816,0647,0
2024,11254695,3228404816,0647,0
2024,11481642,3228404816,0179,0
2024,10819061,3228404816,1709,8
2024,10819061,3228404816,0647,8
2024,10615771,3228404816,0179,0
2024,10615771,3228404816,0650,0
2024,10615771,3228404816,0647,0
2024,10679722,3228404816,0657p,5
2024,10679722,3228404816,0179,6
2024,10679722,3228404816,0650,6
2024,10679722,3228404816,0648,6
2024,11481642,3228404816,0649,0
2024,12854002,3228413080,0371,6
2024,10762368,3228413080,0371,9
2024,11082671,3228413080,0371,9
2024,10805501,3228413080,0371,5
2024,10762343,3228413080,0179,8
2024,10910600,3228413080,0179,9
2024,10805501,3228413080,0179,4
2024,10762343,3228413080,0372,9
2024,10910600,3228413080,0372,8
2024,10762343,3228413080,0369,9
2024,10910600,3228413080,0370,9
2024,10910600,3228413080,0373,9
2024,12854002,3228413080,0373,6
2024,10910600,3228413080,0369,8
2024,10757735,3228413080,0369,5
2024,11082671,3228413080,1709,6
2024,10849397,3228413080,1709,8
2024,10849397,3228413080,0179,8
2024,10805501,3228413080,0370,6
2024,10805501,3228413080,0373,0
2024,12854002,3228413080,0379p,7
2024,10840811,3228413080,0379p,10
2024,10840811,3228413080,0371,8
2024,10737949,3228413080,0179,10
2024,10737949,3228413080,0179,10
2024,10652371,3228413080,0371,7
2024,10652371,3228413080,0371,6
2024,10762023,3228413080,0179,8
2024,10813139,3228413080,0371,7
2024,10762338,3228413080,0379p,10
2024,10762338,3228413080,0371,8
2024,10762338,3228413080,0372,6
2024,10823812,3228413080,0373,8
2024,12854002,3228413080,0369,7
2024,10757735,3228413080,0369,8
2024,10762023,3228413080,0369,10
2024,10762368,3228413080,0370,9
2024,10813139,3228413080,0370,7
2024,10635003,3228413080,0370,10
2024,10796295,3228413080,0370,10
2024,10762343,3228413080,0370,8
2024,10840811,3228413080,0370,5
2024,10799789,3228413080,0370,9
2024,10652371,3228413080,0370,7
2024,10796295,3228413080,0371,9
2024,10737949,3228413080,0371,8
2024,11082671,3228413080,0379p,9
2024,10849397,3228413080,0179,8
2024,10799789,3228413080,0179,9
2024,10762023,3228413080,0179,8
2024,10764453,3228413080,0179,7
2024,10840811,3228413080,0379p,8
2024,10652371,3228413080,0379p,8
2024,10799789,3228413080,0371,9
2024,10783280,3228413080,0379p,9
2024,10762338,3228413080,0379p,9
2024,10783280,3228413080,0373,4
2024,10764453,3228413080,0373,8
2024,10756607,3228413080,0373,8
2024,10783280,3228413080,0373,7
2024,10783280,3228413080,0369,6
2024,10652371,3228413080,0372,6
2024,10823812,3228413080,0372,8
2024,10823812,3228413080,0369,10
2024,13456011,3228413080,0370,8
2024,13456011,3228413080,0373,8
2024,13456011,3228413080,0371,8
2024,13456011,3228413080,0369,8
2024,10823807,3228413080,0179,7
2024,10381670,3228413382,0373,2
2024,10783280,3228413080,1709,7
2024,10813139,3228413080,1709,6
2024,10736277,3228413382,0616p,10
2024,10418675,3228413382,0616p,9
2024,10736277,3228413382,0179,9
2024,10695479,3228413382,0179,0
2024,10418675,3228413382,0179,0
2024,10525885,3228413382,0484,0
2024,11064614,3228413382,1709,8
2024,10525885,3228413382,1709,0
2024,11064614,3228413382,1709,0
2024,11064614,3228413382,0179,0
2024,13042221,3228413382,0179,0
2024,11064614,3228413382,0485,0
2024,11067623,3228413382,0483,0
2024,13455308,3228413382,0484,9
2024,10381670,3228413382,0484,8
2024,13455308,3228413382,0483,7
2024,10807600,3228413382,0484,9
2024,10797348,3228413382,0484,9
2024,10770964,3228413382,0484,10
2024,10807600,3228413382,0484,9
2024,10736277,3228413382,0373,10
2024,10709604,3228413382,0373,9
2024,10381670,3228413382,0483,4
2024,10736277,3228413382,0616p,10
2024,10797348,3228413382,0485,7
2024,10611084,3228413382,0485,8
2024,10797348,3228413382,0485,8
2024,10797348,3228413382,0483,9
2024,10797348,3228413382,0483,9
2024,10611084,3228413382,0373,8
2024,10611084,3228413382,0487,9
2024,10695479,3228413382,0179,0
2024,10695479,3228413382,0487,0
2024,10770964,3228413382,0487,10
2024,10709604,3228413382,0487,8
2024,10770964,3228413382,0483,9
2024,11161106,3228413382,0179,0
2024,11161106,3228413382,0484,0
2024,10718934,3228413382,0485,3
2024,10718934,3228413382,0483,6
2024,10269408,3228413382,0487,0
2024,10269408,3228413382,0484,0
2024,13460547,3228413382,1709,8
2024,10688878,3228413382,0616p,10
2024,10688878,3228413382,0484,9
2024,10688878,3228413382,0483,10
2024,11571094,3228413382,0373,0
2024,11571094,3228413382,0487,0
2024,11571094,3228413382,0483,4
2024,11332097,3228413382,1709,0
2024,11332097,3228413382,0484,0
2024,10453628,3228413382,0484,0
2024,12500233,3228413382,0484,0
2024,10399058,3228413382,0373,4
2024,10711977,3228413382,0483,8
2024,12730778,3228413382,0373,0
2024,12730778,3228413382,0483,7
2024,10255502,3228413382,0373,5
2024,10255502,3228413382,0484,7
2024,10328549,3228413382,0483,6
2024,10810051,3228413382,0373,4
2024,10810051,3228413382,0373,8
2024,11569845,3228413382,0483,0
2024,11271861,3228413382,0179,9
2024,11271861,3228413382,0373,7
2024,11271861,3228413382,0487,8
2024,10757001,3228413382,0616p,9
2024,10757001,3228413382,0484,8
2024,10828387,3228413382,0179,9
2024,10828387,3228413382,0485,7
2024,10828387,3228413382,0483,9
2024,10828387,3228413382,0483,8
2024,10856605,3228413382,0485,8
2024,10856605,3228413382,0483,8
2024,10401376,3228413382,1709,0
2024,10401376,3228413382,0487,0
2024,11898422,3228413382,0487,0
2024,11898422,3228413382,0484,1
2024,13456133,3228413382,0179,0
2024,10677836,3228413382,0487,0
2024,10205657,3228413382,0487,5
2024,10205657,3228413382,0484,8
2024,10643328,3228413382,0485,9
2024,10643328,3228413382,0484,9
2024,12287306,3228413382,0373,0
2024,12287306,3228413382,0485,0
2024,11161106,3228413382,0485,0
2024,11067623,3228413382,0485,0
2024,13460547,3228413382,0485,4
2024,10823812,3228413080,0373,8
2024,10797348,3228413382,0485,8
2024,11064614,3228413382,0179,0
2024,10401376,3228413382,0179,0
2024,10677836,3228413382,0179,0
2024,11064614,3228413382,0483,0
2024,10308704,3228413382,0483,0
2024,10525885,3228413382,1709,0
2024,10255502,3228413382,1709,7
2024,13455308,3228413382,0484,8
2024,12500233,3228413382,0484,0
2024,13457137,3228413382,0484,0
2024,13455308,3228413382,0483,9
2024,10381670,3228413382,0483,6
2024,10679710,3228413382,0484,7
2024,10718934,3228413382,0484,5
2024,10797348,3228413382,0179,8
2024,10695479,3228413382,0179,0
2024,10810051,3228413382,0179,9
2024,11161106,3228413382,0616p,0
2024,10399058,3228413382,0616p,0
2024,13456133,3228413382,0616p,0
2024,10677836,3228413382,0616p,0
2024,10718934,3228413382,1709,7
2024,10711977,3228413382,1709,7
2024,10269408,3228413382,0484,0
2024,13460547,3228413382,0373,0
2024,12500233,3228413382,0373,0
2024,10401376,3228413382,0373,0
2024,10688878,3228413382,0616p,10
2024,10688878,3228413382,0179,9
2024,10810051,3228413382,0179,9
2024,10688878,3228413382,0373,10
2024,10453628,3228413382,0485,0
2024,10255502,3228413382,0485,4
2024,10205657,3228413382,0485,0
2024,10453628,3228413382,0484,0
2024,10399058,3228413382,0616p,0
2024,10308704,3228413382,0616p,0
2024,10255502,3228413382,0616p,7
2024,10677836,3228413382,0616p,7
2024,10399058,3228413382,0487,0
2024,13457137,3228413382,0487,0
2024,13456133,3228413382,0487,0
2024,10308704,3228413382,0484,0
2024,11569845,3228413382,0484,0
2024,10308704,3228413382,0483,0
2024,11271861,3228413382,0483,0
2024,10677836,3228413382,0483,0
2024,11569845,3228413382,0616p,0
2024,10205657,3228413382,0616p,9
2024,12287306,3228413382,0616p,0
2024,11569845,3228413382,0179,0
2024,13456133,3228413382,0179,0
2024,11569845,3228413382,0487,0
2024,12433428,3228413382,0487,7
2024,10856605,3228413382,0373,4
2024,10401376,3228413382,0179,0
2024,11898422,3228413382,0485,0
2024,10758419,3228413382,0485,7
2024,10718934,3228413382,1709,8
2024,10453628,3228413382,0373,0
2024,10205657,3228413382,0373,8
2024,10255502,3228413382,0485,5
2024,10810051,3228413382,1709,8
2024,11898422,3228413382,0485,0
2024,10799612,3228415772,1375p,9
2024,11649640,3228415772,1375p,7
2024,11649640,3228415772,1370,2
2024,10799612,3228415772,0179,9
2024,10799612,3228415772,1367,9
2024,10834174,3228415772,1375p,8
2024,10546650,3228415772,0179,8
2024,10835968,3228415772,1375p,9
2024,10842025,3228415772,0179,4
2024,10711961,3228415772,1375p,9
2024,10711961,3228415772,0179,6
2024,11251967,3228415772,0179,8
2024,10378823,3228415772,1375p,9
2024,11104411,3228415772,0179,7
2024,10783707,3228415772,1375p,10
2024,10729560,3228415772,1375p,9
2024,10962405,3228415772,1370,0
2024,10827153,3228415772,0179,6
2024,10780789,3228415772,0179,8
2024,11649640,3228415772,1369,4
2024,10865703,3228415772,1369,7
2024,11649375,3228415772,1369,6
2024,10714135,3228415772,1369,6
2024,10413312,3228415772,1370,9
2024,10799612,3228415772,1367,10
2024,10546650,3228415772,1367,8
2024,10711961,3228415772,1367,3
2024,10734128,3228415772,1367,9
2024,10851445,3228415772,1369,9
2024,10413312,3228415772,1709,9
2024,10985551,3228415772,1709,8
2024,10962405,3228415772,1709,0
2024,10776515,3228415772,0179,8
2024,10865703,3228415772,0179,8
2024,11649375,3228415772,0179,9
2024,10714135,3228415772,0179,9
2024,10817945,3228415772,1709,4
2024,10770501,3228415772,1709,8
2024,10817945,3228415772,1709,6
2024,10783707,3228415772,1709,10
2024,10817945,3228415772,1369,3
2024,13281768,3228415772,1368,4
2024,10413312,3228415772,1368,7
2024,10842025,3228415772,1368,4
2024,10827153,3228415772,1368,6
2024,10819488,3228415772,1375p,7
2024,10985551,3228415772,1375p,8
2024,10819378,3228415772,1375p,8
2024,10819488,3228415772,1370,9
2024,10851445,3228415772,1370,8
2024,10819488,3228415772,1370,8
2024,11104411,3228415772,1370,8
2024,10781492,3228415772,1370,4
2024,10781492,3228415772,1370,4
2024,11649375,3228415772,1370,7
2024,10835968,3228415772,1367,8
2024,10678320,3228415772,1367,4
2024,10734128,3228415772,1367,10
2024,10835968,3228415772,1369,8
2024,10783707,3228415772,1369,9
2024,10803120,3228415772,1375p,10
2024,11104411,3228415772,1375p,10
2024,10962405,3228415772,1375p,10
2024,10851445,3228415772,1368,7
2024,10819378,3228415772,1368,8
2024,10678320,3228415772,1370,8
2024,10678320,3228415772,1368,0
2024,11251967,3228415772,0179,8
2024,10122344,3228415772,1369,10
2024,10725869,3228415772,0179,6
2024,10985551,3228415772,0179,10
2024,10793376,3228415772,0179,9
2024,10962405,3228415772,0179,0
2024,10378823,3228415772,1375p,10
2024,11104411,3228415772,1367,8
2024,10783707,3228415772,1368,9
2024,10729560,3228415772,1368,7
2024,10783707,3228415772,1368,9
2024,10729560,3228415772,1368,7
2024,10985551,3228415772,1709,8
2024,10776515,3228415772,1367,8
2024,10993836,3228415772,1367,8
2024,10729560,3228415772,1368,8
2024,10962405,3228415772,1367,0
2024,13462544,3228415772,1709,7
2024,13462544,3228415772,1369,6
2024,10809667,3228415772,1370,8
2024,10809667,3228415772,1367,9
2024,10809667,3228415772,1368,8
2024,10809667,3228415772,1369,8
2024,10652580,3228415772,1370,8
2024,10652580,3228415772,1368,8
2024,10817945,3228415772,1369,5
2024,11341745,3228415772,1369,9
2024,10798915,3228415772,1367,8
2024,10780789,3228415772,1367,7
2024,10725869,3228415772,1368,4
2024,10780789,3228415772,1368,4
2024,13273466,3228415772,1375p,9
2024,10122344,3228415772,1375p,10
2024,10652580,3228415772,1375p,10
2024,10842025,3228415772,1369,7
2024,10819378,3228415772,1369,9
2024,10809667,3228415772,1369,8
2024,10378823,3228415772,0179,8
2024,10734128,3228415772,0179,9
2024,10734128,3228415772,1709,9
2024,10678151,3228415772,1367,2
2024,10809557,3228415772,1367,7
2024,10809557,3228415772,1367,8
2024,10944114,3228415772,1368,4
2024,10944114,3228415772,1369,7
2024,10730519,3228415772,1370,4
2024,10730519,3228415772,1370,4
2024,10730519,3228415772,1368,2
2024,13242092,3228415772,1375p,9
2024,13242092,3228415772,1369,7
2024,10742238,3228415772,1375p,9
2024,10742238,3228415772,1368,8
2024,10742238,3228415772,1369,6
2024,12558926,3228415772,1375p,4
2024,10944114,3228415772,0179,8
2024,10960990,3228379385,1709,8
2024,10737175,3228379385,1709,7
2024,10805591,3228379385,1709,4
2024,10960990,3228379385,0439,8
2024,10737175,3228379385,0439,7
2024,10960990,3228379385,0439,8
2024,10737175,3228379385,0439,7
2024,10995299,3228379385,0439,8
2024,10960990,3228379385,0440,7
2024,10835299,3228379385,0440,7
2024,10960990,3228379385,0156,8
2024,11671982,3228379385,0156,7
2024,10887720,3228379385,0156,8
2024,11671982,3228379385,1709,7
2024,11043785,3228379385,0437,6
2024,11043785,3228379385,0156,9
2024,10835299,3228379385,0156,7
2024,10737175,3228379385,0439,7
2024,13133521,3228379385,0437,9
2024,13133521,3228379385,0156,4
2024,11039273,3228379385,1709,8
2024,11029440,3228379385,1709,9
2024,11039273,3228379385,0441,9
2024,10995299,3228379385,0441,10
2024,10911748,3228379385,0441,9
2024,11039273,3228379385,0438,7
2024,10835299,3228379385,0438,6
2024,10787655,3228379385,0438,7
2024,11039273,3228379385,0156,8
2024,10906307,3228379385,0156,5
2024,10887720,3228379385,0438,6
2024,11029440,3228379385,0441,9
2024,10835299,3228379385,0441,1
2024,10787655,3228379385,0441,2
2024,11028742,3228379385,0441,6
2024,10835299,3228379385,0439,4
2024,10787655,3228379385,0439,6
2024,10805591,3228379385,0441,0
2024,10805591,3228379385,0438,0
2024,10787655,3228379385,0438,5
2024,10805591,3228379385,0156,0
2024,11805803,3228379385,0439,10
2024,10911748,3228379385,0440,9
2024,10787655,3228379385,0440,5
2024,11028742,3228379385,0439,8
2024,11026339,3228379385,0441,1
2024,11026339,3228379385,0156,6
2024,10905782,3228379385,1709,8
2024,10905782,3228379385,0439,7
2024,10905782,3228379385,0438,4
2024,11004486,3228379385,0439,10
2024,11004486,3228379385,0439,10
2024,10911568,3228379385,0439,8
2024,11044309,3228379385,1709,8
2024,11044309,3228379385,0437,5
2024,11604486,3228379385,1709,8
2024,11604486,3228379385,0437,2
2024,11604486,3228379385,0439,5
2024,11604486,3228379385,0440,5
2024,10911000,3228379385,0440,7
2024,10911000,3228379385,0440,6
2024,11415744,3228379385,0437,7
2024,11415744,3228379385,0437,8
2024,10787257,3228379385,0437,7
2024,11028742,3228379385,0438,6
2024,11004486,3228379385,0438,10
2024,11043785,3228379385,0438,8
2024,10995299,3228379385,0438,9
2024,13133521,3228379385,0440,8
2024,13466647,3228379385,0440,0
2024,11415744,3228379385,0440,8
2024,10911568,3228379385,0439,8
2024,11604486,3228379385,0437,3
2024,11068958,3228379385,0441,0
2024,13466647,3228379385,1709,7
2024,10278634,3228379385,0438,7
2024,10278634,3228379385,0438,7
2024,10929912,3228379385,0439,2
2024,11024457,3228379385,0439,8
2024,11024457,3228379385,0156,9
2024,10302214,3228379385,1709,0
2024,12731640,3228379385,0438,6
2024,11507257,3228379385,0437,8
2024,11507257,3228379385,0440,4
2024,10929818,3228379385,0439,8
2024,10929818,3228379385,0156,10
2024,10951388,3228379385,0438,0
2024,10435060,3228379385,0437,0
2024,10248709,3228379385,0437,0
2024,10421015,3228379385,0439,0
2024,12673295,3228379385,0156,0
2024,10420824,3228379385,0439,7
2024,10468121,3228379385,0437,7
2024,10468121,3228379385,0440,5
2024,13458066,3228379385,0156,7
2024,10650730,3228379385,0438,5
2024,13459588,3228379385,1709,0
2024,13459588,3228379385,0437,5
2024,11026347,3228379385,1709,9
2024,11026347,3228379385,1709,9
2024,10284131,3228379385,0441,0
2024,11068958,3228379385,0441,0
2024,13466647,3228379385,0441,7
2024,10248709,3228379385,0441,0
2024,11044309,3228379385,0440,8
2024,11415744,3228379385,0439,8
2024,11507257,3228379385,0439,8
2024,10951388,3228379385,0439,0
2024,10468121,3228379385,0439,8
2024,10650730,3228379385,0439,8
2024,10302214,3228379385,0437,0
2024,12731640,3228379385,0438,4
2024,10951388,3228379385,0437,0
2024,10248709,3228379385,0437,0
2024,10435060,3228379385,0156,0
2024,10248709,3228379385,1709,0
2024,10248709,3228379385,0441,0
2024,12673295,3228379385,0441,0
2024,10248709,3228379385,0439,0
2024,12673295,3228379385,0440,0
2024,10421015,3228379385,0439,0
2024,10307040,3228379385,0439,0
2024,12673295,3228379385,1709,0
2024,13458066,3228379385,0437,10
2024,10650730,3228379385,0440,3
2024,10307040,3228379385,0440,0
2024,10696650,3228379385,0439,0
2024,13459194,3228379385,1709,9
2024,13459194,3228379385,0156,9
2024,13459194,3228379385,0156,8
2024,13459361,3228379385,1709,4
2024,13459361,3228379385,0438,0
2024,13459361,3228379385,0440,0
2024,13459361,3228379385,0156,0
2024,11033515,3228379385,0440,5
2024,11004716,3228379385,0440,9
2024,11067932,3228379385,0439,7
2024,11666166,3228379385,1709,0
2024,11666166,3228379385,0439,8
2024,13221347,3228379385,0156,0
2024,10813126,3228406931,1012p,8
2024,10307040,3228379385,0440,0
2024,12731640,3228379385,0440,8
2024,12673295,3228379385,0440,0
2024,11786393,3228379385,0438,0
2024,13459194,3228379385,0156,8
2024,11004716,3228379385,0437,8
2024,11067932,3228379385,0441,0
2024,13221347,3228379385,0441,0
2024,11666166,3228379385,0440,5
2024,13221347,3228379385,0438,0
2024,10819701,3228406931,1010,0
2024,10817903,3228406931,1010,8
2024,13290996,3228406931,0930,5
2024,13290996,3228406931,0930,6
2024,10510136,3228406931,0930,0
2024,10709557,3228406931,0930,0
2024,13290996,3228406931,0931,7
2024,10800028,3228406931,0179,7
2024,10764144,3228406931,0179,7
2024,10800028,3228406931,0179,6
2024,10726936,3228406931,0179,7
2024,10824007,3228406931,1709,7
2024,10530803,3228406931,1709,9
2024,10824007,3228406931,0930,4
2024,10776549,3228406931,0930,6
2024,10824007,3228406931,0930,1
2024,10635026,3228406931,0930,7
2024,10824007,3228406931,0930,4
2024,10824007,3228406931,1010,5
2024,10824007,3228406931,1010,4
2024,10726936,3228406931,1010,7
2024,10824007,3228406931,0930,4
2024,10776549,3228406931,0623,10
2024,10824614,3228406931,0931,0
2024,10824614,3228406931,1010,7
2024,10709557,3228406931,1010,0
2024,10862032,3228406931,1010,0
2024,10709557,3228406931,1012p,0
2024,10422716,3228406931,1012p,0
2024,10709557,3228406931,0931,0
2024,10709557,3228406931,1010,0
2024,10862032,3228406931,1010,0
2024,10422716,3228406931,0179,0
2024,10862032,3228406931,0179,8
2024,10422716,3228406931,0930,0
2024,10726936,3228406931,0931,9
2024,10805294,3228406931,0931,9
2024,10819701,3228406931,1709,0
2024,10819701,3228406931,0931,0
2024,10819701,3228406931,0931,0
2024,10805294,3228406931,1010,4
2024,10796065,3228406931,0930,7
2024,10796065,3228406931,1010,5
2024,10349498,3228406931,1010,8
2024,10630363,3228406931,0931,8
2024,10852161,3228406931,0930,7
2024,10852161,3228406931,1010,7
2024,10819684,3228406931,0179,4
2024,10819684,3228406931,1010,6
2024,10414061,3228406931,0930,0
2024,10199483,3228406931,0931,0
2024,10397687,3228406931,0931,7
2024,10397687,3228406931,1010,5
2024,10323559,3228406931,0931,3
2024,10323559,3228406931,1010,3
2024,13458157,3228406931,0179,0
2024,13458157,3228406931,0931,0
2024,13458157,3228406931,1010,0
2024,13523913,3228406931,0179,7
2024,13523913,3228406931,0930,0
2024,13523913,3228406931,0931,0
2024,10940616,3228406931,1709,0
2024,11059841,3228406931,0930,5
2024,11059841,3228406931,1010,7
2024,10852107,3228406931,0931,3
2024,11800453,3228406931,1709,0
2024,10818191,3228406931,0179,0
2024,11089472,3228406931,0623,4
2024,10699271,3228406931,0930,5
2024,10807830,3228406931,1010,5
2024,11629523,3228406931,1709,0
2024,11629523,3228406931,0930,0
2024,11629523,3228406931,0931,0
2024,11629523,3228406931,1010,0
2024,11629523,3228406931,1010,0
2024,10042816,3228406931,0931,0
2024,10042816,3228406931,1010,0
2024,10022321,3228406931,1010,6
2024,10479899,3228406931,0930,9
2024,10479899,3228406931,0930,0
2024,10479899,3228406931,0931,8
2024,10754604,3228406931,0179,6
2024,10754604,3228406931,1010,3
2024,10754604,3228406931,1010,6
2024,10365221,3228406931,1010,6
2024,13461591,3228406931,0179,8
2024,13461591,3228406931,1010,7
2024,13461591,3228406931,1010,6
2024,10630337,3228406931,0179,4
2024,10630337,3228406931,0623,4
2024,10630337,3228406931,1010,3
2024,10249410,3228406931,0930,9
2024,10249410,3228406931,1010,7
2024,11790917,3228406545,0828p,10
2024,11790917,3228406545,0627,6
2024,10766414,3228406545,0828p,8
2024,11231507,3228406545,0627,0
2024,12912678,3228406545,0627,8
2024,13470345,3228406545,0179,0
2024,13473425,3228406545,0625,8
2024,10796065,3228406931,1709,8
2024,10800028,3228406931,1709,9
2024,10530803,3228406931,1709,9
2024,10862032,3228406931,1709,4
2024,10796065,3228406931,1012p,9
2024,10754604,3228406931,1012p,6
2024,10796065,3228406931,0179,8
2024,10796065,3228406931,0931,8
2024,11089472,3228406931,0931,9
2024,13461591,3228406931,0931,9
2024,10349498,3228406931,0931,10
2024,10852161,3228406931,0931,9
2024,10630337,3228406931,0931,8
2024,10852161,3228406931,0930,7
2024,13461591,3228406931,0930,6
2024,10414061,3228406931,0623,0
2024,11811552,3228406931,0623,0
2024,10940616,3228406931,0623,0
2024,10699271,3228406931,0623,6
2024,10479899,3228406931,0623,7
2024,10199483,3228406931,1012p,0
2024,10304385,3228406931,1012p,9
2024,10199483,3228406931,1010,0
2024,10381708,3228406931,1010,0
2024,10852107,3228406931,1010,1
2024,10022321,3228406931,1010,5
2024,10323559,3228406931,1012p,0
2024,10330111,3228406931,1012p,8
2024,10699271,3228406931,1012p,4
2024,10042816,3228406931,1012p,0
2024,10323559,3228406931,0931,0
2024,13458157,3228406931,0930,0
2024,13458157,3228406931,0931,0
2024,13523913,3228406931,1012p,0
2024,13523913,3228406931,0179,0
2024,11629523,3228406931,0179,0
2024,13523913,3228406931,0623,0
2024,10818191,3228406931,0623,0
2024,13523913,3228406931,0931,0
2024,10381708,3228406931,1012p,0
2024,11800453,3228406931,0930,0
2024,10443575,3228406931,0179,4
2024,10699271,3228406931,0179,9
2024,10807830,3228406931,0179,8
2024,10042816,3228406931,0179,0
2024,10699271,3228406931,1012p,8
2024,10699271,3228406931,0931,8
2024,11629523,3228406931,1709,0
2024,10042816,3228406931,1709,0
2024,11629523,3228406931,0623,0
2024,10022321,3228406931,0931,3
2024,12561661,3228406931,0179,5
2024,12561661,3228406931,0623,7
2024,10479899,3228406931,1709,9
2024,10918602,3228406931,0623,4
2024,10918602,3228406931,1010,4
2024,12607926,3228406545,0623,8
2024,10847609,3228406545,0623,8
2024,10856038,3228406545,0623,8
2024,10766452,3228406545,0622,6
2024,10857816,3228406545,0622,7
2024,11433224,3228406545,0622,7
2024,10804606,3228406545,0622,6
2024,10766452,3228406545,0622,8
2024,10766414,3228406545,0622,8
2024,10856038,3228406545,0622,5
2024,11433224,3228406545,0622,7
2024,10707892,3228406545,0622,7
2024,10766452,3228406545,0625,8
2024,10487336,3228406545,0625,6
2024,10593810,3228406545,0625,8
2024,12912678,3228406545,0625,6
2024,10766452,3228406545,0625,8
2024,13470345,3228406545,0625,0
2024,10729793,3228406545,1709,4
2024,10729793,3228406545,0179,6
2024,11231507,3228406545,0179,2
2024,10707892,3228406545,0179,6
2024,12607926,3228406545,CV0008,10
2024,10742994,3228406545,CV0008,10
2024,11790917,3228406545,0179,5
2024,10766414,3228406545,0179,8
2024,11073751,3228406545,0179,5
2024,11790917,3228406545,0622,8
2024,10593810,3228406545,0622,6
2024,10689201,3228406545,0828p,0
2024,10487336,3228406545,0828p,10
2024,10857816,3228406545,0828p,7
2024,12912678,3228406545,0828p,10
2024,10689201,3228406545,0625,7
2024,10847609,3228406545,0625,6
2024,12912678,3228406545,0625,7
2024,10689201,3228406545,0627,8
2024,10847609,3228406545,0627,4
2024,10857816,3228406545,0623,8
2024,10847609,3228406545,0623,6
2024,11073751,3228406545,0623,10
2024,12912678,3228406545,0623,10
2024,10857816,3228406545,0627,8
2024,10847609,3228406545,0179,5
2024,10856038,3228406545,0179,5
2024,10766414,3228406545,CV0009,10
2024,10593810,3228406545,CV0008,9
2024,11231507,3228406545,CV0008,0
2024,11231507,3228406545,0622,0
2024,12912678,3228406545,1709,9
2024,13473425,3228406545,0625,9
2024,13473425,3228406545,CV0008,10
2024,10711954,3228406545,0828p,9
2024,10711954,3228406545,CV0008,6
2024,10835673,3228406545,1709,5
2024,10835673,3228406545,0622,5
2024,10835673,3228406545,0622,6
2024,10734184,3228406545,0627,7
2024,10734184,3228406545,CV0008,10
2024,13170472,3228406545,0627,0
2024,10700069,3228410748,0177,2
2024,12413993,3228410748,0179,0
2024,13456058,3228410748,1709,5
2024,13255125,3228410748,0179,0
2024,10507411,3228410748,1709,0
2024,10648032,3228410357,0179,6
2024,10675936,3228410357,0179,10
2024,10719000,3228410357,0179,4
2024,13487222,3228410357,0179,8
2024,13455012,3228410892,0383,0
2024,10808311,3228410892,0388p,7
2024,13450196,3228410892,0388p,9
2024,10676318,3228410892,0172,6
2024,10479899,3228406931,1709,9
2024,10766452,3228406545,0623,8
2024,10766414,3228406545,0828p,9
2024,10835673,3228406545,0828p,8
2024,13170472,3228406545,1709,0
2024,13170472,3228406545,0625,0
2024,10254373,3228410748,0181p,10
2024,13453640,3228410748,0181p,8
2024,10507411,3228410748,0181p,0
2024,10766479,3228410748,0172,6
2024,10688815,3228410748,0172,7
2024,10766479,3228410748,0174,7
2024,10688815,3228410748,0174,8
2024,10766479,3228410748,0179,8
2024,10766479,3228410748,0173,7
2024,10843404,3228410748,0173,7
2024,13480000,3228410748,0173,7
2024,11782717,3228410748,0173,6
2024,10700069,3228410748,0173,0
2024,10254373,3228410748,0179,10
2024,10254373,3228410748,0171,9
2024,13453640,3228410748,0171,9
2024,13453640,3228410748,0179,7
2024,10507411,3228410748,0179,0
2024,13453640,3228410748,0174,8
2024,10700069,3228410748,1709,0
2024,13456058,3228410748,1709,0
2024,10700069,3228410748,0179,0
2024,10700069,3228410748,0177,0
2024,10392181,3228410748,0177,4
2024,12413993,3228410748,0177,0
2024,10509253,3228410748,0177,0
2024,10506040,3228410748,0181p,0
2024,13480000,3228410748,0181p,4
2024,10488332,3228410748,0177,6
2024,10509253,3228410748,0177,0
2024,10639978,3228410748,0177,9
2024,13455952,3228410748,0181p,8
2024,13455952,3228410748,0171,8
2024,10664803,3228410748,1709,0
2024,10664803,3228410748,0173,0
2024,12413993,3228410748,0171,0
2024,10664803,3228410748,0174,0
2024,12413993,3228410748,0181p,0
2024,10664803,3228410748,0177,0
2024,13480000,3228410748,0181p,0
2024,13480000,3228410748,0179,7
2024,13480000,3228410748,0173,8
2024,13480000,3228410748,0174,8
2024,10509253,3228410748,0174,0
2024,10509253,3228410748,1709,0
2024,10509253,3228410748,1709,0
2024,10509253,3228410748,0172,0
2024,10509253,3228410748,0172,0
2024,13455821,3228410748,0172,6
2024,10507411,3228410748,0172,0
2024,13455821,3228410748,0177,6
2024,11567443,3228410748,0181p,7
2024,11567443,3228410748,0174,4
2024,10691269,3228410748,0181p,1
2024,10691269,3228410748,0177,0
2024,10678997,3228410892,0172,0
2024,10507411,3228410748,0181p,0
2024,10648032,3228410357,1709,7
2024,10766449,3228410357,1709,8
2024,13456027,3228410357,0179,3
2024,10766449,3228410357,0179,7
2024,10745573,3228410357,0383,8
2024,13456027,3228410357,0384,6
2024,10645102,3228410357,0383,4
2024,10820272,3228410357,0383,6
2024,10820272,3228410357,0384,7
2024,10745573,3228410357,0400p,8
2024,10729539,3228410357,0400p,8
2024,10835750,3228410357,0400p,8
2024,10745573,3228410357,0172,8
2024,10687498,3228410892,0172,9
2024,10761594,3228410892,0171,6
2024,10761594,3228410892,0172,5
2024,10745573,3228410357,0173,7
2024,10585531,3228410357,0173,5
2024,10766449,3228410357,0173,8
2024,13487222,3228410357,0173,9
2024,10585531,3228410357,0173,8
2024,10410077,3228410357,0173,8
2024,10835750,3228410357,0173,8
2024,10766449,3228410357,0173,9
2024,10648032,3228410357,0400p,9
2024,10729539,3228410357,0400p,9
2024,10835750,3228410357,0400p,9
2024,10648032,3228410357,0173,7
2024,10530795,3228410357,0173,8
2024,10645102,3228410357,0173,6
2024,10698109,3228410357,0171,9
2024,10719000,3228410357,0171,8
2024,13456027,3228410357,0171,4
2024,10698109,3228410357,0171,9
2024,10675936,3228410357,0171,8
2024,10410077,3228410357,0171,7
2024,10645102,3228410357,0171,7
2024,13487222,3228410357,0171,9
2024,10410077,3228410357,0179,7
2024,13455702,3228410357,0179,9
2024,13456027,3228410357,0179,5
2024,13251013,3228410357,0179,6
2024,10835750,3228410357,0179,5
2024,10410077,3228410357,0172,4
2024,13456027,3228410357,0172,6
2024,13455702,3228410357,0383,9
2024,13251013,3228410357,0383,8
2024,10820272,3228410357,0384,7
2024,13456027,3228410357,0384,6
2024,10820272,3228410357,0384,7
2024,13251013,3228410357,0400p,8
2024,10835750,3228410357,0400p,8
2024,10645102,3228410357,0400p,8
2024,13251013,3228410357,0383,8
2024,10835750,3228410357,0172,4
2024,13487222,3228410357,1709,9
2024,10687498,3228410892,0172,8
2024,10742128,3228410892,0172,6
2024,10676318,3228410892,0172,2
2024,10687498,3228410892,1709,8
2024,10687498,3228410892,0384,9
2024,13454999,3228410892,0384,2
2024,10320497,3228410892,0384,7
2024,11330085,3228410892,0384,4
2024,10742128,3228410892,0388p,8
2024,10320497,3228410892,0388p,9
2024,13450196,3228410892,0388p,9
2024,10736502,3228410892,0388p,9
2024,10676318,3228410892,0388p,4
2024,10742128,3228410892,0388p,8
2024,10749811,3228410892,0388p,7
2024,10676318,3228410892,0388p,6
2024,10742128,3228410892,0173,8
2024,10736502,3228410892,0173,9
2024,13455012,3228410892,0179,6
2024,13455012,3228410892,0384,4
2024,10320497,3228410892,0384,8
2024,10761594,3228410892,0384,6
2024,13455012,3228410892,0172,0
2024,10749811,3228410892,0383,8
2024,13454999,3228410892,0383,4
2024,10320497,3228410892,0383,9
2024,11330085,3228410892,0383,7
2024,10749811,3228410892,0384,7
2024,10676318,3228410892,0384,7
2024,13454999,3228410892,0179,0
2024,13454999,3228410892,0179,0
2024,10736502,3228410892,0179,9
2024,10678997,3228410892,0171,0
2024,10678997,3228410892,0383,7
2024,11330085,3228410892,0383,7
2024,10320497,3228410892,0172,8
2024,10736502,3228410892,0172,8
2024,10808311,3228410892,0179,7
2024,10761594,3228410892,0171,8
2024,10736502,3228410892,0171,7
2024,10676318,3228410892,0172,4
2024,10676318,3228410892,0173,4
2024,13472424,3228410892,0179,5
2024,13472424,3228410892,0172,6
2024,13472424,3228410892,0172,6
2024,13475599,3228410892,1709,8
2024,13475599,3228410892,0171,8
2024,13475599,3228410892,0173,9
2024,13475599,3228410892,0173,9
2024,13475662,3228410892,0388p,9
2024,13475662,3228410892,0179,9
2024,13475662,3228410892,0171,8
2024,13475662,3228410892,0383,10
2024,13475662,3228410892,0383,10
2024,10514139,3228410892,0383,9
2024,10514139,3228410892,0173,7
2024,12912453,3228410892,0179,6
2024,12912453,3228410892,0172,4
2024,10931235,3228381273,1232,8
2024,11003632,3228381273,1226,0
2024,12744964,3228381273,1232,6
2024,10904203,3228381273,1226,9
2024,10904203,3228381273,1232,9
2024,13099124,3228381273,1232,9
2024,13099124,3228381273,1233,9
2024,12465550,3228381273,1709,6
2024,11567443,3228410748,0179,0
2024,10676318,3228410892,0172,0
2024,13475599,3228410892,1709,8
2024,13475662,3228410892,1709,8
2024,10514139,3228410892,1709,9
2024,11003632,3228381273,1709,0
2024,10648909,3228381273,1709,7
2024,10904203,3228381273,1709,8
2024,10899896,3228381273,1709,7
2024,10931235,3228381273,1226,3
2024,13291541,3228381273,1226,9
2024,12744964,3228381273,1226,0
2024,11024352,3228381273,1226,5
2024,11004108,3228381273,1226,9
2024,10889537,3228381273,0156,8
2024,10793641,3228381273,1233,4
2024,10931235,3228381273,1233,7
2024,10889537,3228381273,1233,8
2024,10787502,3228381273,1233,8
2024,10793641,3228381273,1233,0
2024,10931235,3228381273,1229,5
2024,11003632,3228381273,1229,0
2024,12607119,3228381273,1229,5
2024,10931235,3228381273,1232,4
2024,11003632,3228381273,1232,0
2024,13291541,3228381273,1232,8
2024,12607119,3228381273,1229,0
2024,10889537,3228381273,1229,5
2024,11004108,3228381273,1229,9
2024,13291541,3228381273,1229,7
2024,12744964,3228381273,1709,6
2024,10924853,3228381273,1709,8
2024,12465550,3228381273,1709,6
2024,10924853,3228381273,1231,7
2024,10912710,3228381273,1231,4
2024,10899896,3228381273,1231,6
2024,11798264,3228381273,1232,4
2024,10648909,3228381273,1709,8
2024,10889537,3228381273,1709,8
2024,10904203,3228381273,1709,8
2024,10648909,3228381273,1229,4
2024,10904203,3228381273,1229,7
2024,10912710,3228381273,0156,0
2024,10787502,3228381273,0156,5
2024,10787502,3228381273,1233,9
2024,10899896,3228381273,1233,7
2024,10904203,3228381273,0156,8
2024,10899896,3228381273,1226,9
2024,13099124,3228381273,1231,7
2024,12465550,3228381273,1231,5
2024,10916721,3228381273,1231,2
2024,10912726,3228381273,1232,6
2024,10912726,3228381273,1233,6
2024,10805007,3228381273,0156,7
2024,10805007,3228381273,1226,2
2024,10805007,3228381273,1226,5
2024,10805007,3228381273,1233,8
2024,11184512,3228381273,1229,5
2024,11184512,3228381273,1232,6
2024,11184512,3228381273,1233,6
2024,10654915,3228381273,1709,0
2024,10654915,3228381273,1709,0
2024,10654915,3228381273,1226,0
2024,10708167,3228390016,0221,5
2024,10897212,3228390016,0221,3
2024,10812899,3228390016,0221,4
2024,13452408,3228390016,0221,9
2024,11622314,3228390016,0221,4
2024,10654915,3228381273,1226,0
2024,10654915,3228381273,1229,0
2024,10708167,3228390016,1709,6
2024,10708167,3228390016,0222,7
2024,11002913,3228390016,0222,10
2024,10708167,3228390016,0156,7
2024,10903261,3228390016,0156,8
2024,11002913,3228390016,1709,8
2024,10903261,3228390016,1709,7
2024,10893131,3228390016,1709,9
2024,11002913,3228390016,0225,9
2024,12563453,3228390016,0225,2
2024,11146537,3228390016,0225,9
2024,10996376,3228390016,0225,2
2024,11622314,3228390016,0225,5
2024,12563453,3228390016,0225,4
2024,11002807,3228390016,0225,6
2024,10893131,3228390016,0225,6
2024,10996376,3228390016,0225,2
2024,10917865,3228390016,0225,4
2024,12563453,3228390016,0222,4
2024,10812899,3228390016,0222,4
2024,13452408,3228390016,0222,7
2024,10846382,3228390016,0221,7
2024,11011197,3228390016,0221,9
2024,10846382,3228390016,0221,7
2024,11002807,3228390016,0223,8
2024,10812899,3228390016,0223,3
2024,10996376,3228390016,0223,1
2024,11146537,3228390016,0223,8
2024,10897212,3228390016,0223,2
2024,10917865,3228390016,0223,6
2024,11146537,3228390016,0156,9
2024,12270997,3228390016,0221,0
2024,11622314,3228390016,0221,7
2024,11622314,3228390016,0156,4
2024,11088265,3228390016,1709,7
2024,10762391,3228390016,0156,1
2024,11248234,3228390016,0225,3
2024,10776723,3228390016,1709,5
2024,10776723,3228390016,0223,4
2024,10776723,3228390016,0222,6
2024,10776723,3228390016,0156,7
2024,12736641,3228390016,0156,4
2024,10353865,3228390016,0223,6
2024,13458659,3228390016,0225,0
2024,13458659,3228390016,0156,0
2024,11088265,3228390016,0225,8
2024,13316624,3228390016,0225,7
2024,11088265,3228390016,1709,7
2024,13458016,3228390016,1709,0
2024,12651696,3228390016,1709,0
2024,13238582,3228390016,1709,0
2024,13316624,3228390016,1709,7
2024,11088265,3228390016,0222,8
2024,10959217,3228390016,0222,8
2024,11248234,3228390016,0222,2
2024,11248234,3228390016,0156,0
2024,10353865,3228390016,0156,10
2024,13316624,3228390016,0156,4
2024,10070165,3228390016,0156,9
2024,13458016,3228390016,1709,0
2024,13458659,3228390016,1709,0
2024,12510101,3228390016,1709,0
2024,13458016,3228390016,0221,0
2024,13458016,3228390016,0222,0
2024,13238582,3228390016,0222,0
2024,13114371,3228390016,0223,9
2024,13459021,3228390016,1709,0
2024,13459021,3228390016,0221,0
2024,12647763,3228390016,0223,0
2024,13238582,3228390016,0225,0
2024,11312205,3228390016,0225,0
2024,13238582,3228390016,0222,0
2024,10517185,3228390016,0222,0
2024,13458659,3228390016,0222,0
2024,11479705,3228390016,0156,5
2024,13316624,3228390016,0221,6
2024,12875318,3228390016,1709,7
2024,12875318,3228390016,0222,5
2024,11034534,3228390016,0156,0
2024,10473027,3228390016,0156,0
2024,10675115,3228390016,0156,4
2024,10459081,3228390016,0156,0
2024,12736802,3228390016,1709,0
2024,12736802,3228390016,0225,0
2024,12736802,3228390016,0221,0
2024,12736802,3228390016,0156,0
2024,10803714,3228390016,0225,8
2024,10803714,3228390016,0225,9
2024,10803714,3228390016,0223,8
2024,12576881,3228390016,1709,0
2024,12576881,3228390016,0225,0
2024,12576881,3228390016,0223,0
2024,12576881,3228390016,0223,0
2024,12576881,3228390016,0223,0
2024,12510101,3228390016,0225,0
2024,13006056,3228390016,0225,6
2024,10459081,3228390016,0225,0
2024,12736802,3228390016,0225,0
2024,13114371,3228390016,0225,8
2024,13316624,3228390016,0225,5
2024,13006056,3228390016,1709,4
2024,13366127,3228390016,0222,9
2024,10459081,3228390016,0222,0
2024,10473027,3228390016,0223,0
2024,12736802,3228390016,0223,0
2024,11323147,3228390016,0225,0
2024,11323147,3228390016,0225,0
2024,11323147,3228390016,0223,0
2024,11323147,3228390016,0221,0
2024,11323147,3228390016,0222,0
2024,11847570,3228390016,0156,0
2024,11847570,3228390016,0156,0
2024,10762386,3162077488,CV0002,4
2024,13112701,3162077488,1230,9
2024,11667242,3162077488,1230,8
2024,10766806,3162077488,1234,9
2024,10791133,3162077488,1234,6
2024,10761942,3162077488,1234,7
2024,10789649,3162077488,1235,7
2024,11744036,3162077488,1235,8
2024,11667242,3162077488,1228,9
2024,10805487,3162077488,1228,8
2024,10805487,3162077488,1234,6
2024,10852104,3162077488,1228,5
2024,10887844,3162077488,1228,7
2024,10802935,3162077488,1228,6
2024,10802935,3162077488,1230,6
2024,11336367,3162077488,1228,10
2024,12932662,3162077488,1230,10
2024,10761942,3162077488,1234,8
2024,12932662,3162077488,1234,8
2024,13112701,3162077488,1228,8
2024,10791133,3162077488,1228,8
2024,10851064,3162077488,1228,5
2024,10766806,3162077488,1235,7
2024,12907793,3162077488,1235,8
2024,10851064,3162077488,1235,3
2024,10791133,3162077488,CV0002,8
2024,10887844,3162077488,CV0002,8
2024,12932662,3162077488,CV0002,7
2024,10897205,3162077488,1237,0
2024,11336367,3162077488,1237,0
2024,10805487,3162077488,1227,4
2024,10858044,3162077488,1237,0
2024,10851064,3162077488,1237,0
2024,10770893,3162077488,1230,0
2024,10707734,3162077488,1237,0
2024,10427109,3162077600,1007,0
2024,10427109,3162077600,1007,0
2024,10427109,3162077600,1009,0
2024,10427109,3162077600,1109,0
2024,10826692,3162077600,CV0004,9
2024,10584902,3162077600,CV0004,4
2024,10852071,3162077600,CV0004,8
2024,10584902,3162077600,1109,8
2024,10707845,3162077600,1109,8
2024,10718081,3162077600,1007,6
2024,10584902,3162077600,1109,7
2024,10852071,3162077600,1011,8
2024,10795882,3162077600,1011,9
2024,10707845,3162077600,1007,10
2024,10768351,3162077600,1007,9
2024,10375121,3162077600,1009,6
2024,10375121,3162077600,1013,0
2024,10795882,3162077600,1013,0
2024,10689153,3162077600,1011,7
2024,10768351,3162077600,1007,10
2024,10270640,3162077600,1009,0
2024,12719809,3162077600,1110,10
2024,10737190,3162077600,1009,8
2024,10426520,3162077600,1109,8
2024,10432949,3162077600,CV0004,9
2024,10432949,3162077600,1009,7
2024,10432949,3162077600,1013,0
2024,10820754,3162077600,1007,8
2024,10466022,3162077600,1013,0
2024,10279046,3162077600,1110,8
2024,10664778,3162077600,CV0004,4
2024,10664778,3162077600,1007,9
2024,10664778,3162077600,1007,9
2024,10664778,3162077600,1109,8
2024,13282254,3162077600,1011,5
2024,10698475,3162077600,1009,6
2024,10532574,3162077600,1009,0
2024,10768351,3162077600,1008,8
2024,10707845,3162077600,1008,8
2024,10375121,3162077600,1008,6
2024,12719809,3162077600,1008,9
2024,10723795,3162077600,1008,9
2024,10768351,3162077600,1009,7
2024,10768351,3162077600,1110,8
2024,12719809,3162077600,1110,10
2024,12719809,3162077600,1008,9
2024,10664778,3162077600,1008,7
2024,10426520,3162077600,1012,7
2024,10466022,3162077600,1012,0
2024,10664778,3162077600,1012,9
2024,10279046,3162077600,1009,5
2024,13282254,3162077600,1009,5
2024,13282254,3162077600,CV0004,4
2024,10532574,3162077600,1110,0
2024,13243061,3162077600,1011,9
2024,10690015,3162077600,1008,6
2024,10690015,3162077600,1011,8
2024,10690015,3162077600,1109,7
2024,12424432,3162077600,1007,9
2024,12300236,3162077600,1011,7
2024,10434495,3162077600,1009,0
2024,10434495,3162077600,1011,0
2024,10270640,3162077600,1012,0
2024,13282254,3162077600,1013,0
2024,10636290,3162077600,1008,4
2024,12743886,3162077600,1008,5
2024,13040510,3162077600,CV0004,9
2024,10816484,3162077600,CV0004,4
2024,13040510,3162077600,1012,6
2024,11318428,3162077600,1008,8
2024,12735439,3162077600,1008,8
2024,13243061,3162077600,1110,7
2024,11502177,3162077600,1110,8
2024,10816484,3162077600,1110,7
2024,13460322,3162077600,1110,0
2024,13249466,3162077600,1007,10
2024,11502177,3162077600,1007,9
2024,13249466,3162077600,1013,0
2024,11502177,3162077600,1109,7
2024,12735439,3162077600,1109,8
2024,10816484,3162077600,1109,6
2024,12300236,3162077600,1110,7
2024,10434495,3162077600,1110,0
2024,10434495,3162077600,1009,0
2024,10318774,3162077600,1009,7
2024,10434495,3162077600,1011,0
2024,10278035,3162077600,CV0004,8
2024,10278035,3162077600,1011,8
2024,10278035,3162077600,1013,0
2024,13242370,3162077600,1009,9
2024,10354121,3162077600,1009,3
2024,10354121,3162077600,1011,5
2024,10354121,3162077600,1110,0
2024,10691616,3162077600,1110,6
2024,10404684,3162077600,CV0004,4
2024,10318925,3162077600,1109,6
2024,10318925,3162077600,1012,4
2024,10803572,3162077600,1012,8
2024,12424432,3162077600,1012,8
2024,12735439,3162077600,1012,9
2024,10431067,3162077600,1009,8
2024,10431067,3162077600,1011,6
2024,10431067,3162077600,1109,5
2024,10431067,3162077600,1109,6
2024,11074029,3162077551,0825,7
2024,10752122,3162077551,0825,8
2024,13288467,3162077551,0825,8
2024,11074029,3162077551,0824,7
2024,10804683,3162077551,0824,8
2024,11074029,3162077551,0830,0
2024,10397145,3162077551,0830,0
2024,13288467,3162077551,0830,0
2024,10397145,3162077551,0822,8
2024,10397145,3162077551,0822,9
2024,10752122,3162077551,0822,7
2024,10713535,3162077551,0822,7
2024,10397145,3162077551,0828,7
2024,10808796,3162077551,0828,9
2024,10713535,3162077551,0828,6
2024,10752122,3162077551,CV0010,7
2024,10808796,3162077551,0825,8
2024,13288467,3162077551,0825,8
2024,10700138,3162077551,0825,9
2024,13288467,3162077551,0827,8
2024,10243788,3162077551,0830,0
2024,10713535,3162077551,0823,7
2024,10713535,3162077551,0826,5
2024,10700138,3162077551,CV0004,8
2024,10323951,3162077551,0828,9
2024,10770133,3162077551,CV0010,3
2024,10706042,3162077551,0824,6
2024,13288446,3162077551,0828,9
2024,10748318,3162077551,0822,6
2024,10748318,3162077551,0824,6
2024,13293379,3162077551,0824,7
2024,10809450,3162077551,0825,10
2024,10809450,3162077551,0828,5
2024,10699142,3162078584,243267,8
2024,13446594,3162078584,243267,9
2024,10698470,3162078584,243267,9
2024,10323951,3162077551,0824,7
2024,11074029,3162077551,0824,6
2024,10729579,3162077551,0824,8
2024,11074029,3162077551,0826,6
2024,10729579,3162077551,0823,9
2024,10770133,3162077551,0822,6
2024,10770133,3162077551,0826,6
2024,10819055,3162077551,CV0004,10
2024,10819055,3162077551,0827,8
2024,10347923,3162078584,243266,9
2024,10699142,3162078584,243267,8
2024,10699142,3162078584,243266,8
2024,13446594,3162078584,243266,8
2024,13448029,3162078584,243266,10
2024,11066151,3162078584,243267,7
2024,10791102,3162078584,243265,8
2024,10783224,3162078584,243265,9
2024,13447274,3162078584,243265,9
2024,13447284,3162078584,243265,9
2024,10699108,3162078584,243265,9
2024,10791102,3162078584,243267,9
2024,10675598,3162078584,243265,9
2024,13035877,3162078584,243265,9
2024,10287428,3162078584,243265,9
2024,13447284,3162078584,243264,8
2024,13035877,3162078584,243265,9
2024,10287428,3162078584,243264,8
2024,13475004,3162078584,243264,9
2024,11316049,3162078584,243267,10
2024,13250043,3162078584,243265,0
2024,13250043,3162078584,243267,8
2024,11316053,3162078584,243265,10
2024,11316053,3162078584,243267,10
2024,10869145,3162078584,243264,6
2024,10287428,3162078584,243266,9
2024,13446594,3162078584,243266,6
2024,11285049,3162078584,243266,10
2024,13475004,3162078584,243266,0
2024,10287428,3162078584,243264,7
2024,11316053,3162078584,243264,9
2024,10287428,3162078584,243264,8
2024,11316049,3162078584,243264,8
2024,13250043,3162078584,243265,0
2024,10814418,3162078584,243266,8
2024,10862205,3162078584,243267,9
2024,10705571,3162078584,243264,8
2024,10745557,3162078584,243267,8
2024,10697594,3162078591,243602,8
2024,10697823,3162078591,243602,7
2024,11564293,3162078584,243265,9
2024,10515204,3162078591,243602,6
2024,10714036,3162078591,243602,10
2024,10610021,3162078591,243602,10
2024,11251858,3162078591,243270,9
2024,10689283,3162078591,243270,9
2024,10689702,3162078591,243271,6
2024,10499298,3162078591,243271,7
2024,10723900,3162078591,243271,9
2024,10510771,3162078591,243271,9
2024,10714036,3162078591,243601,0
2024,10723900,3162078591,243601,0
2024,10610021,3162078591,243601,0
2024,10689283,3162078591,243601,0
2024,10723900,3162078591,243270,9
2024,10610021,3162078591,243271,9
2024,10697823,3162078591,243271,7
2024,10706060,3162078591,243271,10
2024,11568873,3162076035,0178,6
2024,10510771,3162078591,243604,7
2024,10352409,3162078591,243604,9
2024,10507995,3162076035,0183,8
2024,12637322,3162076035,0181,5
2024,11568873,3162076035,0176,7
2024,10581335,3162076035,0176,10
2024,11568873,3162076035,0178,8
2024,13249462,3162076035,0178,9
2024,12730900,3162076035,0178,0
2024,10805336,3162076035,0176,5
2024,10468091,3162076035,0176,7
2024,10487908,3162076035,CV0004,8
2024,10838901,3162076035,CV0004,6
2024,13245158,3162076035,0181,0
2024,13245158,3162076035,0183,6
2024,10814531,3162076035,0180,10
2024,10468091,3162076035,0180,9
2024,13097118,3162076035,0180,8
2024,10814531,3162076035,0175,10
2024,10838901,3162076035,0175,4
2024,10581335,3162076035,CV0004,9
2024,10264508,3162076035,CV0004,0
2024,10581335,3162076035,0180,9
2024,10713910,3162076035,CV0004,9
2024,10849475,3162076035,0184,0
2024,10468091,3162076035,0178,8
2024,10420918,3162076035,0181,0
2024,12679099,3162076035,CV0004,0
2024,13154960,3162076035,CV0004,0
2024,13097118,3162076035,0183,7
2024,10392821,3162076035,0181,7
2024,11921786,3162076035,0175,8
2024,10264508,3162076035,0175,7
2024,12730900,3162076035,0181,0
2024,12730900,3162076035,0181,0
2024,12730900,3162076035,0183,0
2024,10264508,3162076035,0176,2
2024,10411178,3162076098,0399,9
2024,10282475,3162076098,0399,8
2024,10411178,3162076098,0397,9
2024,10282475,3162076098,0399,9
2024,10675919,3162076098,0399,4
2024,10305439,3162076098,0399,9
2024,10513851,3162076098,0402,5
2024,10837553,3162076098,0398,9
2024,10305439,3162076098,0180,3
2024,10699672,3162076098,0400,5
2024,10803272,3162076098,0397,9
2024,12468964,3162076098,0398,6
2024,10778000,3162076098,0397,9
2024,12398431,3162076098,0398,9
2024,12398431,3162076098,0399,9
2024,10709639,3162076098,0402,8
2024,10677163,3162076098,0400,4
2024,10282475,3162076098,0400,0
2024,10675919,3162076098,0400,6
2024,12468964,3162076098,0400,8
2024,11329159,3162076035,0181,0
2024,10707825,3162076098,0180,4
2024,10837523,3162076098,0398,6
2024,10803272,3162076098,0397,9
2024,10277303,3162076119,0386,8
2024,12468964,3162076098,0398,4
2024,10778000,3162076098,0398,8
2024,13456089,3162076098,0398,4
2024,12468964,3162076098,0403,0
2024,10700883,3162076098,0403,0
2024,13127380,3162076098,CV0004,3
2024,13456089,3162076098,CV0004,0
2024,10691269,3162076098,0403,0
2024,10780309,3162076119,0391,0
2024,10664986,3162076119,0385,7
2024,10742990,3162076119,0387,9
2024,10742990,3162076119,0386,9
2024,10664986,3162076119,0385,0
2024,11632133,3162076119,0388,8
2024,11632133,3162076119,0391,0
2024,11632133,3162076119,0386,8
2024,10690446,3162076119,0386,8
2024,10696634,3162076119,0180,9
2024,10696634,3162076119,0385,8
2024,10486936,3162076119,0387,8
2024,10486936,3162076119,0390,8
2024,10610383,3162076119,0387,8
2024,10513718,3162076119,0388,0
2024,10516555,3162076119,0388,0
2024,12734916,3162076119,0385,0
2024,10887591,3162079713,0443,7
2024,10737176,3162079713,0443,7
2024,10916753,3162079713,0443,5
2024,10840996,3162079713,0443,6
2024,10887591,3162079713,0448,8
2024,10737176,3162079713,0446,9
2024,10916753,3162079713,0451,0
2024,10888026,3162079713,0451,0
2024,10840996,3162079713,0442,7
2024,11802825,3162079713,0442,6
2024,10840996,3162079713,0448,7
2024,11802825,3162079713,0448,7
2024,10707891,3162079713,0443,2
2024,10688886,3162079713,0442,6
2024,10924358,3162079713,0446,7
2024,10924358,3162079713,0442,6
2024,12788547,3162079713,0451,0
2024,10787713,3162079713,0446,7
2024,10793462,3162079713,CV0002,7
2024,10707891,3162079713,CV0002,6
2024,10926432,3162079713,CV0002,8
2024,12890835,3162079713,CV0002,5
2024,10688886,3162079713,CV0002,6
2024,10798521,3162079713,CV0002,7
2024,12788547,3162079713,CV0002,6
2024,11594116,3162079713,0442,6
2024,10657315,3162079713,0442,10
2024,10688886,3162079713,0442,7
2024,10787713,3162079713,0442,7
2024,10798521,3162079713,0446,8
2024,10657315,3162079713,0443,10
2024,12320496,3162079713,0443,0
2024,12320496,3162079713,0442,3
2024,10793462,3162079713,0451,0
2024,10442321,3162079713,0443,0
2024,13249406,3162079713,0442,3
2024,11240615,3162079713,0443,0
2024,13041457,3162079713,0442,0
2024,12116573,3162079713,0443,8
2024,11349452,3162079713,0443,8
2024,11349452,3162079713,0442,8
2024,13263684,3162079713,0443,8
2024,12832437,3162079713,0443,6
2024,12832437,3162079713,0442,5
2024,12853739,3162079713,0446,6
2024,13116617,3162079713,0448,5
2024,10308441,3162079713,0446,0
2024,11780432,3162079713,0446,8
2024,10940185,3162079713,0446,8
2024,10416752,3162079713,CV0002,0
2024,12736231,3162079713,CV0002,4
2024,10728710,3162079713,CV0002,6
2024,10416752,3162079713,0448,6
2024,12839405,3162079713,0448,0
2024,10410324,3162079713,0448,0
2024,11738860,3162079713,0442,0
2024,10325396,3162079713,0446,8
2024,13249406,3162079713,0446,4
2024,10323662,3162079713,0446,0
2024,13249406,3162079713,0448,0
2024,10940185,3162079713,CV0002,6
2024,12736231,3162079713,CV0002,6
2024,11402624,3162079713,CV0002,8
2024,10940185,3162079713,0448,6
2024,10991644,3162079713,0448,7
2024,12736231,3162079713,0448,8
2024,12853739,3162079713,0448,5
2024,11479322,3162079713,0443,0
2024,10735143,3162079790,0652,0
2024,10283468,3162079790,0652,5
2024,10689191,3162079790,0653,8
2024,10835661,3162079790,0652,6
2024,10437711,3162079790,0652,9
2024,10792061,3162079790,0652,7
2024,10437711,3162079790,0654,8
2024,10735143,3162079790,0656,0
2024,13038791,3162079790,0656,9
2024,11230530,3162079790,0657,0
2024,10283468,3162079790,0654,0
2024,11319435,3162079790,0654,6
2024,13282224,3162079790,CV0004,8
2024,10835661,3162079790,CV0004,8
2024,11837806,3162079790,CV0004,9
2024,11262097,3162079790,CV0004,10
2024,10500611,3162079790,CV0004,7
2024,10679690,3162079790,CV0004,7
2024,10652411,3162079790,CV0004,8
2024,13282224,3162079790,0653,7
2024,13282224,3162079790,0656,8
2024,11837806,3162079790,0656,8
2024,10699015,3162079790,0656,8
2024,10707732,3162079790,0656,8
2024,10819298,3162079790,0656,8
2024,10835661,3162079790,0655,8
2024,12840433,3162079790,0655,8
2024,10657739,3162079790,0655,9
2024,10835661,3162079790,0653,4
2024,10509826,3162079790,0653,5
2024,10652411,3162079790,0653,4
2024,12840433,3162079790,CV0004,7
2024,10652411,3162079790,CV0004,8
2024,11837806,3162079790,0656,6
2024,10862522,3162079790,0656,5
2024,13245586,3162079790,0656,5
2024,10679661,3162079790,0657,5
2024,10437711,3162079790,0655,7
2024,11335638,3162079790,0655,8
2024,10509826,3162079790,0654,6
2024,10792061,3162079790,0654,7
2024,11262097,3162079790,0652,7
2024,10819298,3162079790,0652,6
2024,12839144,3162079790,0657,0
2024,10699015,3162079790,0657,0
2024,12839144,3162079790,0656,2
2024,13038791,3162079790,CV0004,6
2024,10652411,3162079790,0656,5
2024,10515573,3162079790,0656,9
2024,11825237,3162079790,0655,5
2024,11335638,3162079790,0655,8
2024,10689191,3162079790,0655,10
2024,10699015,3162079790,0654,3
2024,11144559,3162079790,0655,10
2024,12739273,3162079790,0657,8
2024,12739273,3162079790,0654,4
2024,13320897,3162079790,CV0004,0
2024,13320897,3162079790,0654,0
2024,11158088,3162079790,0652,0
2024,12731205,3162079790,CV0004,6
2024,12731205,3162079790,0657,0
2024,12568905,3162079790,CV0004,0
2024,10816926,3162079790,0654,4
2024,10300393,3162079790,0656,8
2024,13248595,3162079790,0656,9
2024,13248595,3162079790,0654,7
2024,11741280,3162079790,CV0004,5
2024,11741280,3162079790,0656,8
2024,13527455,3162079790,0654,6
2024,10474558,3162079790,0657,8
2024,13298754,3162079790,0656,0
2024,13298754,3162079790,0654,0
2024,10283680,3162079790,0656,0
2024,13248312,3162079790,0656,9
2024,12685301,3162079790,0656,0
2024,11246656,3162079790,0652,7
2024,11246656,3162079790,0652,6
2024,11246656,3162079790,0654,0
2024,13038681,3162079790,0654,5
2024,10416763,3162079790,0654,4
2024,13457149,3162079790,0656,9
2024,10427669,3162079790,0657,0
2024,12839144,3162079790,0653,3
2024,10967233,3162079790,0657,0
2024,10443245,3162079790,0657,6
2024,11262097,3162079790,0660,0
2024,10689191,3162079790,0656,6
2024,11158088,3162079790,0652,0
2024,11158088,3162079790,0653,0
2024,13038809,3162079790,0653,5
2024,12491074,3162079790,CV0004,4
2024,13248312,3162079790,CV0004,4
2024,13038681,3162079790,CV0004,5
2024,12731205,3162079790,0655,0
2024,13248312,3162079790,0655,1
2024,12568905,3162079790,0655,0
2024,10283680,3162079790,0655,0
2024,10300393,3162079790,0657,7
2024,10300393,3162079790,0660,0
2024,13248595,3162079790,0653,7
2024,11875204,3162079790,0653,6
2024,10474558,3162079790,0653,8
2024,13457149,3162079790,0655,6
2024,13527455,3162079790,0654,7
2024,13038809,3162079790,0654,6
2024,11875204,3162079790,0654,7
2024,13298754,3162079790,0654,0
2024,12731503,3162079790,0654,0
2024,10427669,3162079790,0653,6
2024,10451024,3162079790,CV0004,8
2024,10451024,3162079790,0653,6
2024,10451024,3162079790,0654,0
2024,11170823,3162079790,0655,0
2024,13038756,3162079790,0656,0
2024,13248215,3162079790,0656,8
2024,11486847,3162079790,0652,6
2024,10327143,3162079790,0652,0
2024,10327143,3162079790,0653,0
2024,11312274,3162079790,0655,5
2024,10083896,3162079790,CV0004,0
2024,10083896,3162079790,0655,0
2024,10083896,3162079790,0654,0
2024,10083896,3162079790,0654,0
2024,13242362,3162079790,CV0004,5
2024,13242362,3162079790,0656,9
2024,10405270,3162079874,5073,0
2024,13320897,3162079790,CV0004,0
2024,10283680,3162079790,0656,0
2024,10412777,3162079790,0660,0
2024,10349643,3162079790,0653,0
2024,10323618,3162079790,0653,5
2024,10415513,3162079860,5022,10
2024,10380889,3162079860,5022,6
2024,10808794,3162079860,5022,7
2024,10586308,3162079860,5022,8
2024,11430890,3162079860,5026,7
2024,10652552,3162079860,5026,9
2024,12724396,3162079860,5021,9
2024,10678728,3162079860,5021,7
2024,10517224,3162079860,5022,9
2024,11482158,3162079860,5022,5
2024,10808794,3162079860,5022,6
2024,10517224,3162079860,5023,9
2024,10652552,3162079860,5023,9
2024,10810094,3162079860,5023,0
2024,10740579,3162079860,5024,8
2024,11482158,3162079860,5024,6
2024,10846791,3162079860,5026,7
2024,10810094,3162079860,5026,0
2024,10678728,3162079860,5026,9
2024,11430890,3162079860,5025,1
2024,10810094,3162079860,5021,0
2024,11482158,3162079860,5021,7
2024,12874164,3162079860,5021,10
2024,10678728,3162079860,5021,8
2024,12874164,3162079860,5025,10
2024,10799062,3162079874,5071,8
2024,10841155,3162079874,5071,0
2024,10736698,3162079874,5074,10
2024,10481669,3162079874,5074,9
2024,10516191,3162079874,5074,10
2024,10841155,3162079874,5071,0
2024,10841155,3162079874,5074,0
2024,11502777,3162079874,5074,10
2024,10837507,3162079874,5074,0
2024,10832732,3162079874,5072,8
2024,10294470,3162079874,5072,0
2024,10832732,3162079874,5073,7
2024,11502777,3162079874,5073,9
2024,10516191,3162079874,5073,10
2024,10294470,3162079874,5075,0
2024,10481669,3162079874,5075,7
2024,10405270,3162079874,5074,0
2024,10676854,3162079874,5071,8
2024,10676854,3162079874,5073,9
2024,12923163,3162079874,5075,7
2024,10963354,3162080071,0377,7
2024,12923163,3162079874,5072,8
2024,12068421,3162079874,5072,9
2024,12068421,3162079874,5071,9
2024,11635385,3162080071,0378,8
2024,10676228,3162080071,0378,6
2024,11635385,3162080071,0375,9
2024,11635385,3162080071,0377,5
2024,10707778,3162080071,0377,3
2024,10611327,3162080071,0377,8
2024,10332972,3162080071,0377,6
2024,13257199,3162080071,0377,9
2024,11635385,3162080071,0376,9
2024,10679688,3162080071,0376,9
2024,10707654,3162080071,0376,7
2024,11635385,3162080071,0374,8
2024,11242377,3162080071,0374,9
2024,10707654,3162080071,0374,7
2024,10707778,3162080071,0378,0
2024,10855729,3162080071,0375,10
2024,10832097,3162080071,0375,6
2024,11242377,3162080071,0381,8
2024,12722174,3162080071,0381,5
2024,10855729,3162080071,0379,10
2024,10832107,3162080071,0379,10
2024,10837560,3162080071,0379,10
2024,12722174,3162080071,0379,10
2024,11242377,3162080071,0374,9
2024,10837560,3162080071,0374,9
2024,10707654,3162080071,0375,3
2024,10676228,3162080071,0378,5
2024,10676228,3162080071,0376,7
2024,10837560,3162080071,0376,9
2024,10332972,3162080071,0376,9
2024,10837560,3162080071,CV0004,8
2024,10963354,3162080071,CV0004,7
2024,10832097,3162080071,0382,0
2024,10963354,3162080071,0376,9
2024,10748092,3162080071,CV0004,7
2024,10748092,3162080071,0375,6
2024,10691654,3162080071,0377,5
2024,10687382,3162080071,0378,3
2024,10687382,3162080071,0376,5
2024,10500950,3162080071,0375,0
2024,10691654,3162080071,CV0004,9
2024,10500950,3162080071,0374,0
2024,10711859,3162080071,0377,0
2024,13248857,3162079993,0489,0
2024,10679671,3162079993,0489,5
2024,13248857,3162079993,0488,0
2024,13248857,3162079993,0486,0
2024,13248857,3162079993,0486,6
2024,10679671,3162079993,0486,0
2024,10679671,3162079993,0488,0
2024,12636620,3162079993,0491,0
2024,10525745,3162079993,0491,0
2024,10437714,3162079993,0491,0
2024,10437714,3162079993,0488,0
2024,13459614,3162079993,0491,0
2024,12636620,3162079993,0490,0
2024,10364384,3162079993,0495,0
2024,10364384,3162079993,0492,10
2024,10437714,3162079993,CV0004,0
2024,11572662,3162079993,0495,0
2024,13459614,3162079993,0494,0
2024,13459614,3162079993,0486,0
2024,12040403,3162079993,0489,7
2024,10905913,3162079993,CV0004,0
2024,11059130,3162079993,0488,0
2024,12735228,3162079993,0489,8
2024,11904882,3162079993,0486,5
2024,10254372,3162079993,0486,0
2024,10984790,3162079993,0488,0
2024,10817332,3162079957,0616,9
2024,11254010,3162079993,0490,8
2024,10293307,3162079993,0490,5
2024,12636620,3162079993,0490,0
2024,10365185,3162079993,0494,8
2024,10277644,3162079993,0494,0
2024,11891674,3162079993,0494,0
2024,12040403,3162079993,0486,8
2024,13245900,3162079993,0486,9
2024,10307929,3162079993,0486,7
2024,10332148,3162079993,CV0004,6
2024,10332148,3162079993,0491,0
2024,10332148,3162079993,0488,6
2024,13038149,3162079993,0488,8
2024,10640914,3162079993,0490,7
2024,10965828,3162079993,0490,0
2024,10984790,3162079993,0490,0
2024,10279324,3162079993,0490,7
2024,10905913,3162079993,CV0004,0
2024,10512597,3162079993,CV0004,3
2024,11059130,3162079993,0488,3
2024,10512597,3162079993,CV0004,6
2024,10277644,3162079993,0494,0
2024,11891674,3162079993,0494,0
2024,12636390,3162079993,0492,9
2024,10984790,3162079993,0489,6
2024,10635824,3162079993,0491,4
2024,10279375,3162079957,0614,4
2024,10663063,3162079957,0614,7
2024,10711791,3162079957,0613,2
2024,10254986,3162079957,0613,10
2024,12736124,3162079957,0613,8
2024,10666129,3162079957,0613,1
2024,10489583,3162079957,0613,10
2024,11736342,3162079957,0613,10
2024,10945672,3162079957,CV0004,7
2024,10837069,3162079957,CV0004,7
2024,10736098,3162079957,CV0004,7
2024,10679677,3162079957,CV0004,9
2024,10945672,3162079957,0619,0
2024,10837069,3162079957,0615,6
2024,10679677,3162079957,0615,4
2024,10489583,3162079957,0615,9
2024,13294635,3162079957,0615,9
2024,10254986,3162079957,CV0004,10
2024,10663063,3162079957,CV0004,8
2024,10254986,3162079957,0612,9
2024,10730670,3162079957,0616,10
2024,10730670,3162079957,0614,9
2024,10820972,3162079957,0612,10
2024,10392051,3162079957,0612,8
2024,13294635,3162079957,0612,10
2024,10663063,3162079957,0619,0
2024,10663063,3162079957,0616,10
2024,10392051,3162079957,0616,9
2024,13294635,3162079957,0616,10
2024,10663109,3162079936,0226,0
2024,10657057,3162079957,0614,0
2024,10027669,3162079936,0226,0
2024,10837080,3162079936,0226,7
2024,10027669,3162079936,0227,0
2024,10837080,3162079936,0227,5
2024,10819052,3162079936,0227,4
2024,10888617,3162079936,0227,5
2024,10910799,3162079936,CV0002,9
2024,10904569,3162079936,CV0002,10
2024,10910799,3162079936,0228,10
2024,10911373,3162079936,0228,10
2024,10906556,3162079936,0230,7
2024,10892259,3162079936,0230,8
2024,10911129,3162079936,0230,7
2024,10906556,3162079936,0227,5
2024,10911129,3162079936,0227,5
2024,13261957,3162079936,0227,6
2024,10789656,3162079936,0227,8
2024,11088604,3162079936,0227,10
2024,10909591,3162079936,0226,10
2024,10017433,3162079936,0227,10
2024,13086978,3162079936,0230,8
2024,10344575,3162079936,0227,4
2024,12636621,3162079936,0224,9
2024,10978459,3162079936,0224,0
2024,10767533,3162075411,028100,9
2024,10777684,3162075411,028100,9
2024,11088604,3162079936,0231,0
2024,10895404,3162079936,0231,0
2024,10017433,3162079936,CV0002,7
2024,10895404,3162079936,0228,10
2024,10895404,3162079936,0224,10
2024,12505624,3162079936,0226,6
2024,10978459,3162079936,0226,0
2024,10283255,3162079936,0230,5
2024,10283255,3162079936,0228,6
2024,13031141,3162079936,0228,9
2024,10679666,3162079936,0227,0
2024,12636621,3162079936,0227,9
2024,13031141,3162079936,0227,4
2024,10344575,3162079936,0228,8
2024,10344575,3162079936,0226,7
2024,13250561,3162079936,CV0002,0
2024,10978459,3162079936,CV0002,0
2024,10978459,3162079936,0227,0
2024,10978459,3162079936,0224,0
2024,10906346,3162075411,028502,8
2024,13452193,3162075411,028504,10
2024,10892583,3162075411,028504,5
2024,11004261,3162075411,028504,7
2024,12869703,3162075411,028504,7
2024,11025178,3162075411,028504,6
2024,10927446,3162075411,028504,10
2024,10901871,3162075411,028505,4
2024,11001548,3162075411,028505,6
2024,10793625,3162075411,028100,8
2024,10892583,3162075411,028100,4
2024,10901871,3162075411,028100,7
2024,10793625,3162075411,028100,9
2024,11001548,3162075411,028100,9
2024,10927446,3162075411,028100,9
2024,12921679,3162075411,028100,6
2024,13452193,3162075411,028502,8
2024,12869703,3162075411,028502,4
2024,11318443,3162075411,028502,9
2024,13452193,3162075411,028001,9
2024,10904286,3162075411,028001,9
2024,12869703,3162075411,028001,6
2024,10906346,3162075411,028001,9
2024,10927446,3162075411,028001,8
2024,13452193,3162075411,028001,8
2024,10901871,3162075411,028001,7
2024,10904286,3162075411,028001,8
2024,13452193,3162075411,028503,9
2024,10901871,3162075411,028503,7
2024,11001548,3162075411,028503,8
2024,10777684,3162075411,028503,4
2024,10767533,3162075411,028505,9
2024,10767533,3162075411,028503,8
2024,10471049,3162075411,028504,10
2024,11006716,3162075411,028504,5
2024,12869703,3162075411,028504,6
2024,10777684,3162075411,028504,9
2024,10464351,3162075411,028505,8
2024,10464351,3162075411,028001,9
2024,10824027,3162075411,028001,7
2024,10892583,3162075411,028504,5
2024,11176344,3162075411,028504,5
2024,10892583,3162075411,028501,2
2024,11176344,3162075411,028501,1
2024,10906346,3162075411,028501,7
2024,10892583,3162075411,028501,3
2024,10931651,3162075411,028502,7
2024,10901871,3162075411,028502,7
2024,10777684,3162075411,028502,6
2024,10783770,3162075411,028501,6
2024,10333832,3162075411,028501,5
2024,11006716,3162075411,028503,6
2024,10333832,3162075411,028503,4
2024,11318443,3162075411,028503,9
2024,10777684,3162075411,028503,4
2024,11004261,3162075411,028505,6
2024,10901871,3162075411,028505,4
2024,11004261,3162075411,028001,3
2024,11001548,3162075411,028001,9
2024,10904286,3162075411,028001,8
2024,10777684,3162075411,028001,7
2024,10901871,3162075411,028503,6
2024,11025178,3162075411,028503,4
2024,10409975,3162075411,028502,0
2024,10409975,3162075411,028504,0
2024,10409975,3162075411,028100,0
2024,13451031,3162075411,028502,4
2024,13451031,3162075411,028001,6
2024,10428502,3162075411,028503,9
2024,10904286,3162075411,028100,9
2024,12869703,3162075411,028100,6
2024,11318443,3162075411,028100,10
2024,10358166,3162075411,028503,10
2024,11318443,3162075411,028505,9
2024,10906346,3162075411,028505,8
2024,10927446,3162075411,028505,7
2024,12941115,3162075411,028504,9
2024,12941115,3162075411,028100,9
2024,13156002,3162075411,028001,0
2024,10805472,3162075411,028501,1
2024,13287506,3162075411,028503,8
2024,10801002,3162075411,028504,8
2024,10801002,3162075411,028100,7
2024,11260593,3162075411,028502,2
2024,11260593,3162075411,028001,0
2024,11260593,3162075411,028501,4
2024,11260593,3162075411,028501,0
2024,11260593,3162075411,028100,2
2024,11260593,3162075411,028100,6
2024,10895653,3162075411,028505,8
2024,10895653,3162075411,028001,8
2024,10698491,3162075411,028504,6
2024,13124409,3162075411,028100,6
2024,11328075,3162075411,028001,6
2024,12879841,3162075411,028001,0
2024,12879841,3162075411,028100,0
2024,10924060,3162075411,028504,5
2024,10924060,3162075411,028505,8
2024,10924060,3162075411,028001,4
2024,13456219,3162075411,028502,9
2024,13456219,3162075411,028501,8
2024,13456219,3162075411,028100,8
2024,10906500,3162075411,028505,2
2024,10906500,3162075411,028001,5
2024,13458419,3162075411,028503,9
2024,11032717,3162075411,028505,9
2024,11032717,3162075411,028100,9
2024,10446775,3162075411,028504,0
2024,10912191,3162075411,028504,0
2024,13456990,3162075411,028502,7
2024,13458439,3162075411,028503,10
2024,10718947,3162075411,028504,3
2024,11076555,3162075411,028504,0
2024,11076555,3162075411,028504,0
2024,10511909,3162075411,028504,0
2024,10511909,3162075411,028505,0
2024,11321787,3162075411,028501,10
2024,10705766,3162075411,028501,2
2024,13364778,3162075411,028001,10
2024,10401257,3162075411,028502,10
2024,10401257,3162075411,028503,10
2024,12151166,3162075411,028001,9
2024,10803834,3162075411,028502,7
2024,10803834,3162075411,028503,4
2024,10803834,3162075411,028501,4
2024,10442635,3162075411,028504,0
2024,10442635,3162075411,028504,0
2024,10442635,3162075411,028001,0
2024,10442635,3162075411,028501,0
2024,10442635,3162075411,028100,0
2024,10913310,3162075411,028001,7
2024,11173156,3162075411,028504,4
2024,10894182,3162075411,028505,7
2024,10894182,3162075411,028001,7
2024,10894182,3162075411,028501,6
2024,12941115,3162075411,028001,7
2024,13156002,3162075411,028502,0
2024,10801002,3162075411,028504,6
2024,11328075,3162075411,028504,7
2024,10906500,3162075411,028504,6
2024,10912191,3162075411,028504,1
2024,10801002,3162075411,028503,8
2024,10801002,3162075411,028501,5
2024,11032717,3162075411,028501,6
2024,10912191,3162075411,028501,1
2024,13071991,3162075411,028504,8
2024,11048215,3162075411,028504,8
2024,10705766,3162075411,028504,0
2024,13364778,3162075411,028504,8
2024,12151166,3162075411,028504,7
2024,13071991,3162075411,028505,8
2024,11048215,3162075411,028505,4
2024,13124409,3162075411,028505,4
2024,10446775,3162075411,028505,0
2024,10401257,3162075411,028505,8
2024,13514018,3162075411,028505,7
2024,13071991,3162075411,028505,8
2024,13124409,3162075411,028505,7
2024,10401257,3162075411,028505,9
2024,13071991,3162075411,028100,9
2024,13458439,3162075411,028100,10
2024,11048215,3162075411,028505,7
2024,13458439,3162075411,028505,8
2024,10718947,3162075411,028505,4
2024,10705766,3162075411,028505,0
2024,10401257,3162075411,028505,9
2024,10698491,3162075411,028502,4
2024,11328075,3162075411,028502,4
2024,10906500,3162075411,028502,4
2024,11076555,3162075411,028502,3
2024,10924060,3162075411,028503,6
2024,13456219,3162075411,028502,9
2024,13456219,3162075411,028001,9
2024,10251126,3162075411,028001,0
2024,13458419,3162075411,028504,6
2024,13095949,3162075411,028504,8
2024,13514018,3162075411,028504,6
2024,11032717,3162075411,028502,8
2024,10894182,3162075411,028502,7
2024,11032717,3162075411,028502,8
2024,10912191,3162075411,028502,0
2024,10912191,3162075411,028501,0
2024,13095949,3162075411,028001,7
2024,13095949,3162075411,028100,10
2024,13456990,3162075411,028504,4
2024,12151166,3162075411,028504,7
2024,11173156,3162075411,028504,4
2024,13458439,3162075411,028501,10
2024,11321787,3162075411,028501,10
2024,11076555,3162075411,028505,0
2024,10511909,3162075411,028001,0
2024,10511909,3162075411,028100,0
2024,10705766,3162075411,028503,0
2024,10401257,3162075411,028100,10
2024,10442635,3162075411,028001,0
2024,10913310,3162075411,028504,8
2024,10894182,3162075411,028501,7
2024,11013996,3162075411,028504,10
2024,13459090,3162075411,028504,9
2024,13459090,3162075411,028505,8
2024,13459090,3162075411,028501,8
2024,10681066,3162075411,028504,8
2024,10681066,3162075411,028504,9
2024,10384941,3162075411,028504,9
2024,10491541,3162075411,028502,9
2024,10491541,3162075411,028001,7
2024,11144881,3162075411,028001,7
2024,11144881,3162075411,028503,8
2024,11144881,3162075411,028503,0
2024,12451319,3162075411,028504,9
2024,12451319,3162075411,028001,9
2024,12510297,3162075411,028504,9
2024,12510297,3162075411,028505,4
2024,12510297,3162075411,028001,8
2024,10382918,3162075411,028504,0
2024,10382918,3162075411,028505,6
2024,10382918,3162075411,028503,9
2024,10382918,3162075411,028100,0
2024,12373449,3162075411,028001,8
2024,12373449,3162075411,028501,4
2024,12373449,3162075411,028100,6
2024,11664133,3162075411,028501,9
2024,11664133,3162075411,028100,7
2024,10017418,3162075411,028001,7
2024,10017418,3162075411,028503,4
2024,13230238,3162075411,028001,3
2024,13230238,3162075411,028503,0
2024,11027241,3162075411,028505,7
2024,11027241,3162075411,028100,8
2024,13035254,3162075411,028505,7
2024,13035254,3162075411,028501,7
2024,13124410,3162075411,028502,8
2024,13124410,3162075411,028001,8
2024,13124410,3162075411,028100,9
2024,12877007,3162075411,028100,7
2024,10506539,3162075411,028505,7
2024,10407717,3162075411,028503,0
2024,12630701,3162075411,028504,7
2024,12630701,3162075411,028501,8
2024,12630701,3162075411,028100,8
2024,10724616,3162075411,028501,6
2024,10388125,3162075411,028504,10
2024,10388125,3162075411,028503,8
2024,10388125,3162075411,028100,8
2024,10388125,3162075411,028100,8
2024,10925235,3162075411,028502,4
2024,10925235,3162075411,028505,0
2024,10925235,3162075411,028503,3
2024,13365806,3162075411,028502,10
2024,13365806,3162075411,028502,9
2024,11013996,3162075411,028100,8
2024,10388125,3162075411,028100,7
2024,10925235,3162075411,028100,0
2024,13459090,3162075411,028502,9
2024,12373449,3162075411,028502,8
2024,10241444,3162075411,028502,6
2024,10384941,3162075411,028502,10
2024,10491541,3162075411,028502,8
2024,12878698,3162075411,028502,0
2024,10382918,3162075411,028502,0
2024,12877007,3162075411,028502,7
2024,10491541,3162075411,028001,6
2024,10382918,3162075411,028505,6
2024,10382918,3162075411,028503,10
2024,10407717,3162075411,028503,0
2024,10241444,3162075411,028001,0
2024,10388125,3162075411,028501,7
2024,13365806,3162075411,028502,10
2024,13365806,3162075411,028505,7
2024,13365806,3162075411,028001,9
2024,13365806,3162075411,028503,10
2024,11236141,3162075411,028505,7
2024,11236141,3162075411,028001,7
2024,13289936,3162075411,028502,9
2024,13289936,3162075411,028505,4
2024,13289936,3162075411,028100,9
2024,12618601,3162075411,028504,0
2024,10952090,3162075411,028502,0
2024,10952090,3162075411,028505,4
2024,13461512,3162075411,028502,0
2024,10762349,3162075418,028601,0
2024,11320679,3162075418,028601,0
2024,13034042,3162075418,028601,0
2024,10893181,3162075418,028601,0
2024,10657224,3162075539,1372,10
2024,10486854,3162075539,1374,5
2024,10701794,3162075539,1374,8
2024,10822528,3162075539,1374,9
2024,12739203,3162075539,1373,9
2024,10380752,3162075418,028601,0
2024,11495623,3162075418,028601,0
2024,11895957,3162075418,028601,0
2024,10737199,3162075418,028601,0
2024,10802283,3162075418,028601,0
2024,11316204,3162075539,1373,9
2024,10664967,3162075539,1373,8
2024,10679716,3162075539,1373,9
2024,11316204,3162075539,1374,9
2024,10698110,3162075539,1374,8
2024,10657224,3162075539,CV0004,9
2024,10859549,3162075539,CV0004,9
2024,10657224,3162075539,1375,10
2024,10664967,3162075539,1375,8
2024,10678827,3162075539,1375,0
2024,10679716,3162075539,1375,10
2024,10351740,3162075539,1371,7
2024,13011023,3162075539,1371,7
2024,10831149,3162075539,CV0004,7
2024,10822528,3162075539,CV0004,7
2024,10831149,3162075539,1378,0
2024,10396024,3162075539,1378,0
2024,10657734,3162075539,1378,0
2024,10831149,3162075539,1374,9
2024,13011023,3162075539,1374,8
2024,10486854,3162075539,CV0004,5
2024,10486854,3162075539,1372,4
2024,10396024,3162075539,1372,8
2024,10701794,3162075539,CV0004,6
2024,11316204,3162075539,1373,9
2024,11316204,3162075539,1374,8
2024,10711968,3162075539,1374,8
2024,10679716,3162075539,1374,8
2024,10319363,3162075539,1374,7
2024,10664967,3162075539,1378,0
2024,10834203,3162075539,1371,6
2024,10396024,3162075539,1371,8
2024,10620831,3162075539,1371,5
2024,10822528,3162075539,1371,8
2024,10620831,3162075539,1378,0
2024,10822528,3162075539,1375,10
2024,10657734,3162075539,1375,8
2024,13011023,3162075539,1372,7
2024,13011023,3162075539,1377,8
2024,10859549,3162075539,1372,10
2024,10711968,3162075539,1371,7
2024,13256847,3162075539,CV0004,9
2024,10839832,3162075539,CV0004,7
2024,10839832,3162075539,1371,8
2024,10027372,3162075539,CV0004,9
2024,10027372,3162075539,1371,9
2024,10698052,3162075539,1372,4
2024,10817396,3162075539,1375,10
2024,10817396,3162075539,1373,8
2024,10324078,3162075539,1371,10
2024,10324078,3162075539,1372,10
2024,10781254,3162075539,1375,10
2024,10742955,3162075539,CV0004,9
2024,10742955,3162075539,1373,8
2024,11831183,3162075539,1375,5
2024,11831183,3162075539,1374,8
2024,10734168,3162075539,1375,8
2024,10734168,3162075539,1374,8
2024,10707900,3162075539,CV0004,8
2024,10707900,3162075539,CV0004,7
2024,10017422,3162075539,1372,9
2024,10707896,3162075539,1372,8
2024,10707896,3162075539,1377,9
2024,10392520,3162075539,1372,5
2024,10735610,3162075539,1372,4
2024,10735610,3162075539,1372,9
2024,11155646,3162075539,1374,8
2024,10845796,3162075539,1373,5
2024,10503400,3162075539,1372,10
2024,10937787,3162075539,1371,4
2024,10937787,3162075539,1371,8
2024,10937787,3162075539,1374,4
2024,10937787,3162075539,1374,9
2024,13487291,3162075539,1371,1
2024,10802285,3228404816,0657p,9
2024,10802285,3228404816,0179,6
2024,10802285,3228404816,0650,4
2024,10802285,3228404816,0650,6
2024,10414870,3228404816,0657p,8
2024,10414870,3228404816,0651,8
2024,13075443,3228404816,0657p,8
2024,13075443,3228404816,0649,9
2024,13075443,3228404816,0649,7
2024,13075443,3228404816,0647,7
2024,10025295,3228404816,0657p,9
2024,10025295,3228404816,0657p,8
2024,10025295,3228404816,0651,6
2024,10025295,3228404816,0648,5
2024,10025295,3228404816,0647,4
2024,12690668,3228404816,0651,8
2024,12690668,3228404816,0650,10
2024,12690668,3228404816,0647,7
2024,13450442,3228404816,0179,0
2024,10711948,3228404816,0651,5
2024,10711948,3228404816,0648,8
2024,10244048,3228404816,0179,9
2024,10244048,3228404816,0651,7
2024,10244048,3228404816,0651,8
2024,10244048,3228404816,0647,7
2024,10509186,3228404816,0648,10
2024,10452196,3228404816,0651,8
2024,10452196,3228404816,0651,9
2024,10452196,3228404816,0650,8
2024,10452196,3228404816,0647,9
2024,10742998,3228404816,0657p,9
2024,10742998,3228404816,0648,9
2024,10742998,3228404816,0649,9
2024,10961892,3228404816,0650,8
2024,10961892,3228404816,0647,4
2024,10906957,3228404816,0650,6
2024,10906957,3228404816,0648,5
2024,10906957,3228404816,0647,4
2024,10677373,3228404816,0651,0
2024,10677373,3228404816,0648,0
2024,10677373,3228404816,0648,0
2024,10350415,3228404816,0657p,8
2024,10350415,3228404816,0651,7
2024,10024578,3228404816,0651,7
2024,10024578,3228404816,0650,9
2024,13455127,3228404816,0179,8
2024,13455127,3228404816,0649,9
2024,10679723,3228404816,0651,6
2024,10840138,3228404816,1709,7
2024,10840138,3228404816,0651,8
2024,11806221,3228404816,0649,8
2024,13035058,3228404816,0657p,6
2024,10377895,3228404816,1709,0
2024,10377895,3228404816,0648,0
2024,10661639,3228404816,0647,8
2024,10357636,3228404816,0657p,7
2024,10357636,3228404816,0179,8
2024,10357636,3228404816,0648,9
2024,11338343,3228404816,0179,6
2024,11338343,3228404816,0179,5
2024,10953575,3228404816,0657p,8
2024,10953575,3228404816,0657p,7
2024,10381846,3228404816,0179,9
2024,10381846,3228404816,0648,10
2024,10381846,3228404816,0649,10
2024,13456235,3228404816,1709,0
2024,10677900,3228404816,0179,7
2024,10677900,3228404816,0651,7
2024,10677900,3228404816,0650,6
2024,13476760,3228404816,0651,0
2024,13476760,3228404816,0651,0
2024,13476760,3228404816,0649,0
2024,13476760,3228404816,0647,0
2024,13064420,3228404816,0179,4
2024,13064420,3228404816,0648,8
2024,13064420,3228404816,0649,6
2024,10256435,3228404816,0657p,4
2024,13060964,3228404816,1709,0
2024,10279441,3228404816,0647,8
2024,13264942,3228404816,0647,0
2024,10953290,3228404816,0648,9
2024,10953290,3228404816,0647,8
2024,11254695,3228404816,0651,0
2024,11664368,3228404816,0649,4
2024,11481642,3228404816,0179,0
2024,11481642,3228404816,0651,0
2024,11889122,3228404816,0650,7
2024,11889122,3228404816,0650,6
2024,11241112,3228404816,0651,7
2024,11241112,3228404816,0647,7
2024,10819061,3228404816,0657p,9
2024,10819061,3228404816,0650,8
2024,10129831,3228404816,0179,7
2024,10129831,3228404816,0650,7
2024,10129831,3228404816,0650,7
2024,10129831,3228404816,0648,7
2024,10129831,3228404816,0649,7
2024,10789628,3228404816,0179,8
2024,10789628,3228404816,0647,7
2024,10783588,3228404816,0179,6
2024,10783588,3228404816,0651,7
2024,10783588,3228404816,0648,8
2024,10783588,3228404816,0647,8
2024,13035179,3228404816,0651,8
2024,10321979,3228404816,0657p,9
2024,10321979,3228404816,0179,6
2024,10615771,3228404816,1709,0
2024,10615771,3228404816,0657p,0
2024,10615771,3228404816,0651,0
2024,10615771,3228404816,0648,0
2024,10679722,3228404816,0657p,9
2024,10679722,3228404816,0657p,8
2024,10679722,3228404816,0179,7
2024,10762368,3228413080,0379p,8
2024,10762368,3228413080,0370,9
2024,10762368,3228413080,0369,9
2024,10796295,3228413080,0373,10
2024,10796295,3228413080,0371,9
2024,10635003,3228413080,0379p,9
2024,10635003,3228413080,0379p,10
2024,10635003,3228413080,0371,10
2024,10635003,3228413080,0369,10
2024,10762343,3228413080,0370,9
2024,10762343,3228413080,0370,9
2024,10910600,3228413080,0370,9
2024,10910600,3228413080,0372,8
2024,10757735,3228413080,0370,6
2024,10757735,3228413080,0370,5
2024,10757735,3228413080,0372,7
2024,11082671,3228413080,1709,7
2024,11082671,3228413080,0371,9
2024,11082671,3228413080,0372,9
2024,11082671,3228413080,0369,8
2024,11082671,3228413080,0369,8
2024,10849397,3228413080,0370,9
2024,10805501,3228413080,0373,3
2024,10805501,3228413080,0369,4
2024,12854002,3228413080,0373,7
2024,12854002,3228413080,0373,8
2024,10840811,3228413080,0369,8
2024,10737949,3228413080,0370,9
2024,10737949,3228413080,0369,3
2024,10799789,3228413080,0370,9
2024,10799789,3228413080,0373,8
2024,10783280,3228413080,1709,6
2024,10783280,3228413080,0179,6
2024,10783280,3228413080,0370,6
2024,10783280,3228413080,0373,5
2024,10783280,3228413080,0372,5
2024,10783280,3228413080,0369,4
2024,10652371,3228413080,0372,6
2024,10652371,3228413080,0369,4
2024,10652371,3228413080,0369,5
2024,10652371,3228413080,0369,6
2024,10762023,3228413080,0373,4
2024,10764453,3228413080,0369,6
2024,10813139,3228413080,0370,6
2024,10756607,3228413080,0371,9
2024,10756607,3228413080,0372,9
2024,10756607,3228413080,0369,8
2024,10762338,3228413080,0370,7
2024,10762338,3228413080,0371,6
2024,10762338,3228413080,0372,6
2024,10823812,3228413080,0379p,9
2024,10823812,3228413080,0179,7
2024,10823812,3228413080,0371,9
2024,13456011,3228413080,0379p,10
2024,13456011,3228413080,0372,7
2024,10780756,3228413080,0179,8
2024,10780756,3228413080,0373,9
2024,10823807,3228413080,0179,8
2024,10823807,3228413080,0371,8
2024,10823807,3228413080,0372,6
2024,10823807,3228413080,0372,7
2024,11064614,3228413382,0616p,0
2024,11064614,3228413382,0483,0
2024,11067623,3228413382,0373,6
2024,11067623,3228413382,0487,0
2024,13042221,3228413382,0373,0
2024,13042221,3228413382,0483,0
2024,10525885,3228413382,0616p,0
2024,13455308,3228413382,0616p,9
2024,13455308,3228413382,0485,4
2024,10807600,3228413382,0485,10
2024,10381670,3228413382,0373,8
2024,10381670,3228413382,0485,1
2024,10381670,3228413382,0484,9
2024,10381670,3228413382,0483,5
2024,10282899,3228413382,0485,7
2024,10797348,3228413382,0373,10
2024,10797348,3228413382,0487,9
2024,10611084,3228413382,0373,9
2024,10611084,3228413382,0487,8
2024,10611084,3228413382,0484,9
2024,10611084,3228413382,0483,8
2024,10611084,3228413382,0483,8
2024,10611084,3228413382,0483,8
2024,10695479,3228413382,1709,0
2024,10695479,3228413382,0373,0
2024,10695479,3228413382,0485,7
2024,10695479,3228413382,0485,0
2024,10695479,3228413382,0485,0
2024,10695479,3228413382,0485,0
2024,10709604,3228413382,0179,10
2024,10709604,3228413382,0485,9
2024,10709604,3228413382,0484,10
2024,10770964,3228413382,0179,10
2024,10418675,3228413382,0487,4
2024,10418675,3228413382,0484,4
2024,10418675,3228413382,0484,4
2024,10418675,3228413382,0484,1
2024,10418675,3228413382,0483,4
2024,11161106,3228413382,0179,0
2024,11161106,3228413382,0485,0
2024,10718934,3228413382,0179,7
2024,10718934,3228413382,0485,4
2024,10269408,3228413382,0616p,0
2024,10269408,3228413382,0616p,0
2024,10269408,3228413382,0485,0
2024,10269408,3228413382,0484,3
2024,10269408,3228413382,0483,4
2024,10269408,3228413382,0483,0
2024,13460547,3228413382,1709,0
2024,13460547,3228413382,0616p,8
2024,13460547,3228413382,0373,0
2024,13460547,3228413382,0487,0
2024,13460547,3228413382,0487,0
2024,13460547,3228413382,0487,0
2024,13460547,3228413382,0485,0
2024,10688878,3228413382,0487,9
2024,10688878,3228413382,0485,9
2024,10688878,3228413382,0483,10
2024,10453628,3228413382,0616p,0
2024,10453628,3228413382,0373,0
2024,10453628,3228413382,0487,0
2024,10453628,3228413382,0484,0
2024,10453628,3228413382,0483,0
2024,12500233,3228413382,0616p,0
2024,12500233,3228413382,0616p,0
2024,12500233,3228413382,0373,0
2024,12500233,3228413382,0483,0
2024,10399058,3228413382,1709,0
2024,10399058,3228413382,0179,0
2024,10399058,3228413382,0483,0
2024,10770657,3228413382,0179,9
2024,10770657,3228413382,0487,9
2024,10711977,3228413382,0616p,9
2024,10711977,3228413382,0487,10
2024,10308704,3228413382,0616p,0
2024,10308704,3228413382,0487,0
2024,10308704,3228413382,0484,0
2024,12730778,3228413382,0179,0
2024,12730778,3228413382,0373,3
2024,12730778,3228413382,0373,0
2024,12730778,3228413382,0485,1
2024,12730778,3228413382,0484,4
2024,12730778,3228413382,0484,0
2024,10471125,3228413382,0485,0
2024,10255502,3228413382,0484,5
2024,10255502,3228413382,0484,8
2024,10255502,3228413382,0483,6
2024,10328549,3228413382,0616p,8
2024,10328549,3228413382,0179,9
2024,10810051,3228413382,1709,7
2024,10810051,3228413382,0484,3
2024,11569845,3228413382,1709,0
2024,11569845,3228413382,0616p,0
2024,11569845,3228413382,0616p,0
2024,11569845,3228413382,0179,0
2024,11569845,3228413382,0179,0
2024,11271861,3228413382,0179,9
2024,11271861,3228413382,0487,7
2024,11271861,3228413382,0484,7
2024,13459168,3228413382,1709,10
2024,13459168,3228413382,1709,10
2024,13459168,3228413382,0616p,10
2024,13459168,3228413382,0487,8
2024,13459168,3228413382,0484,10
2024,13459168,3228413382,0483,10
2024,10757001,3228413382,0373,9
2024,10757001,3228413382,0487,7
2024,10757001,3228413382,0487,6
2024,10757001,3228413382,0485,7
2024,10828387,3228413382,0616p,9
2024,10828387,3228413382,0373,7
2024,10828387,3228413382,0485,8
2024,10828387,3228413382,0484,7
2024,13457137,3228413382,0484,0
2024,13457137,3228413382,0483,0
2024,10856605,3228413382,0616p,9
2024,10856605,3228413382,0485,7
2024,10856605,3228413382,0483,9
2024,10401376,3228413382,0179,0
2024,10401376,3228413382,0487,0
2024,10401376,3228413382,0483,0
2024,11898422,3228413382,0373,3
2024,11898422,3228413382,0487,1
2024,11898422,3228413382,0485,7
2024,11898422,3228413382,0484,0
2024,13456133,3228413382,1709,0
2024,13456133,3228413382,0616p,0
2024,13456133,3228413382,0487,0
2024,10677836,3228413382,0616p,0
2024,10677836,3228413382,0179,0
2024,10205657,3228413382,1709,9
2024,10205657,3228413382,0616p,8
2024,10205657,3228413382,0179,8
2024,10205657,3228413382,0487,7
2024,10205657,3228413382,0484,10
2024,10205657,3228413382,0483,0
2024,10643328,3228413382,1709,9
2024,10643328,3228413382,0373,9
2024,10643328,3228413382,0373,9
2024,10643328,3228413382,0487,10
2024,10643328,3228413382,0483,8
2024,12433428,3228413382,0373,9
2024,12287306,3228413382,0616p,0
2024,12287306,3228413382,0179,0
2024,12287306,3228413382,0179,0
2024,12287306,3228413382,0373,0
2024,12287306,3228413382,0485,0
2024,12287306,3228413382,0483,0
2024,12287306,3228413382,0483,0
2024,10758419,3228413382,0484,8
2024,10758419,3228413382,0484,7
2024,10865703,3228415772,1370,8
2024,10865703,3228415772,1368,7
2024,10865703,3228415772,1369,8
2024,11649640,3228415772,1368,7
2024,10817945,3228415772,1375p,9
2024,10834174,3228415772,1375p,10
2024,10834174,3228415772,0179,9
2024,10834174,3228415772,1370,9
2024,10834174,3228415772,1367,9
2024,13281768,3228415772,1375p,8
2024,10798915,3228415772,1375p,9
2024,10781492,3228415772,0179,6
2024,10781492,3228415772,1367,7
2024,10413312,3228415772,0179,6
2024,10546650,3228415772,1370,9
2024,11649375,3228415772,1370,4
2024,11649375,3228415772,1367,9
2024,11649375,3228415772,1368,9
2024,11649375,3228415772,1369,8
2024,10714135,3228415772,1369,5
2024,10835968,3228415772,1375p,10
2024,10835968,3228415772,0179,9
2024,10835968,3228415772,1370,9
2024,10842025,3228415772,0179,6
2024,10842025,3228415772,1370,9
2024,10803120,3228415772,0179,8
2024,10803120,3228415772,1370,8
2024,10851445,3228415772,1368,4
2024,10851445,3228415772,1369,7
2024,10711961,3228415772,1369,0
2024,10678320,3228415772,1375p,7
2024,10678320,3228415772,1367,9
2024,11341745,3228415772,1369,7
2024,11251967,3228415772,1709,7
2024,11251967,3228415772,1369,7
2024,11251967,3228415772,1369,6
2024,10122344,3228415772,1375p,10
2024,10122344,3228415772,1375p,10
2024,10122344,3228415772,1368,10
2024,10725869,3228415772,0179,5
2024,10725869,3228415772,1368,4
2024,10378823,3228415772,1369,10
2024,11104411,3228415772,0179,8
2024,11104411,3228415772,0179,9
2024,11104411,3228415772,1370,8
2024,10783707,3228415772,1375p,10
2024,10985551,3228415772,1370,9
2024,10985551,3228415772,1369,8
2024,10793376,3228415772,1375p,9
2024,10793376,3228415772,1367,7
2024,10793376,3228415772,1368,7
2024,10776515,3228415772,1375p,9
2024,10776515,3228415772,0179,10
2024,10776515,3228415772,1369,10
2024,10776515,3228415772,1369,9
2024,10734128,3228415772,1709,10
2024,10734128,3228415772,1370,10
2024,10734128,3228415772,1369,9
2024,10734128,3228415772,1369,9
2024,10729560,3228415772,1375p,9
2024,10729560,3228415772,1367,6
2024,10729560,3228415772,1369,4
2024,10770501,3228415772,1375p,9
2024,10770501,3228415772,1370,8
2024,10819378,3228415772,1375p,10
2024,10819378,3228415772,1367,7
2024,10962405,3228415772,1369,4
2024,10993836,3228415772,1375p,10
2024,10993836,3228415772,1375p,9
2024,10993836,3228415772,0179,10
2024,10993836,3228415772,1369,9
2024,11514753,3228415772,1370,9
2024,10780789,3228415772,1367,8
2024,10780789,3228415772,1368,8
2024,10780789,3228415772,1369,7
2024,13462544,3228415772,1367,9
2024,13462544,3228415772,1368,8
2024,13462544,3228415772,1369,6
2024,10809667,3228415772,0179,9
2024,10809667,3228415772,1369,9
2024,10687463,3228415772,1369,8
2024,10652580,3228415772,0179,7
2024,10678151,3228415772,1375p,9
2024,10678151,3228415772,0179,7
2024,10678151,3228415772,1370,2
2024,10678151,3228415772,1369,2
2024,10944114,3228415772,1375p,9
2024,10944114,3228415772,1368,7
2024,10730519,3228415772,1375p,10
2024,13242092,3228415772,1370,7
2024,13242092,3228415772,1369,8
2024,10742238,3228415772,1709,8
2024,10742238,3228415772,1370,4
2024,10742238,3228415772,1367,6
2024,12558926,3228415772,1367,5
2024,12558926,3228415772,1368,6
2024,10960990,3228379385,1709,8
2024,10960990,3228379385,0440,8
2024,11671982,3228379385,1709,7
2024,11671982,3228379385,0437,4
2024,11671982,3228379385,0441,4
2024,11671982,3228379385,0440,8
2024,11671982,3228379385,0156,8
2024,11043785,3228379385,1709,8
2024,11043785,3228379385,0156,9
2024,10737175,3228379385,0437,7
2024,13133521,3228379385,0156,5
2024,11039273,3228379385,1709,8
2024,11039273,3228379385,0440,9
2024,11039273,3228379385,0156,8
2024,11029440,3228379385,0156,8
2024,11029440,3228379385,0156,8
2024,10995299,3228379385,1709,10
2024,10995299,3228379385,0441,9
2024,10835299,3228379385,0439,6
2024,10835299,3228379385,0438,5
2024,10835299,3228379385,0156,7
2024,10805591,3228379385,0437,3
2024,10805591,3228379385,0441,4
2024,10805591,3228379385,0439,7
2024,10805591,3228379385,0439,6
2024,10805591,3228379385,0438,6
2024,10805591,3228379385,0438,0
2024,10805591,3228379385,0440,8
2024,10805591,3228379385,0440,7
2024,11805803,3228379385,0156,9
2024,10906307,3228379385,0440,1
2024,10906307,3228379385,0156,3
2024,10911748,3228379385,0441,9
2024,10911748,3228379385,0438,9
2024,10787655,3228379385,0437,4
2024,10787655,3228379385,0439,6
2024,11028742,3228379385,1709,7
2024,11028742,3228379385,0440,7
2024,11028742,3228379385,0156,7
2024,10905782,3228379385,1709,8
2024,10905782,3228379385,0440,6
2024,10905782,3228379385,0156,7
2024,11004486,3228379385,1709,9
2024,10911568,3228379385,1709,9
2024,10911568,3228379385,0441,8
2024,10911568,3228379385,0439,7
2024,10911568,3228379385,0156,9
2024,11044309,3228379385,1709,8
2024,11044309,3228379385,0156,7
2024,11604486,3228379385,0440,6
2024,11604486,3228379385,0156,6
2024,10911000,3228379385,0441,0
2024,10911000,3228379385,0439,7
2024,10911000,3228379385,0439,7
2024,11068958,3228379385,0438,0
2024,13466647,3228379385,0439,8
2024,11415744,3228379385,0441,6
2024,10787257,3228379385,1709,5
2024,10787257,3228379385,0439,5
2024,10787257,3228379385,0440,8
2024,10278634,3228379385,0437,9
2024,10278634,3228379385,0441,6
2024,10278634,3228379385,0441,4
2024,10278634,3228379385,0440,8
2024,10278634,3228379385,0156,9
2024,10284131,3228379385,0437,9
2024,10284131,3228379385,0437,4
2024,10929912,3228379385,0439,6
2024,10929912,3228379385,0156,6
2024,10302214,3228379385,0439,0
2024,12731640,3228379385,0440,3
2024,11507257,3228379385,0437,8
2024,11507257,3228379385,0441,5
2024,11507257,3228379385,0440,2
2024,10929818,3228379385,1709,8
2024,10929818,3228379385,0439,8
2024,10929818,3228379385,0156,9
2024,10951388,3228379385,0440,0
2024,10435060,3228379385,1709,0
2024,10435060,3228379385,0437,0
2024,10435060,3228379385,0441,0
2024,10435060,3228379385,0439,0
2024,10435060,3228379385,0440,0
2024,10248709,3228379385,0441,0
2024,10248709,3228379385,0440,0
2024,10248709,3228379385,0156,0
2024,10248709,3228379385,0156,0
2024,10421015,3228379385,1709,6
2024,10421015,3228379385,0440,0
2024,10421015,3228379385,0440,0
2024,12673295,3228379385,0437,0
2024,10420824,3228379385,1709,6
2024,10420824,3228379385,0437,9
2024,10420824,3228379385,0156,0
2024,10468121,3228379385,0441,2
2024,10468121,3228379385,0439,8
2024,13458066,3228379385,0437,10
2024,13458066,3228379385,0438,10
2024,13458066,3228379385,0440,10
2024,13458066,3228379385,0156,7
2024,10650730,3228379385,0441,0
2024,10650730,3228379385,0438,4
2024,10650730,3228379385,0440,8
2024,10650730,3228379385,0156,5
2024,13459588,3228379385,0439,6
2024,13459588,3228379385,0440,4
2024,13459588,3228379385,0440,0
2024,10311923,3228379385,1709,0
2024,10311923,3228379385,0441,0
2024,10311923,3228379385,0441,0
2024,11026347,3228379385,0156,7
2024,10394837,3228379385,0439,9
2024,10307040,3228379385,1709,0
2024,10307040,3228379385,1709,0
2024,10307040,3228379385,0437,0
2024,10307040,3228379385,0441,0
2024,10307040,3228379385,0439,0
2024,10307040,3228379385,0439,0
2024,10307040,3228379385,0156,0
2024,11786393,3228379385,0437,0
2024,11786393,3228379385,0440,0
2024,10696650,3228379385,0439,0
2024,10696650,3228379385,0440,0
2024,13459194,3228379385,0441,8
2024,13459361,3228379385,1709,0
2024,13459361,3228379385,0437,8
2024,11033515,3228379385,0439,9
2024,11004716,3228379385,0437,9
2024,11004716,3228379385,0156,9
2024,11067932,3228379385,0441,0
2024,11666166,3228379385,0441,6
2024,11666166,3228379385,0439,7
2024,13221347,3228379385,0437,0
2024,13221347,3228379385,0441,0
2024,13221347,3228379385,0438,0
2024,13290996,3228406931,1012p,9
2024,13290996,3228406931,1010,3
2024,10800028,3228406931,0930,7
2024,10800028,3228406931,0931,9
2024,10800028,3228406931,1010,2
2024,10824007,3228406931,1709,8
2024,10824007,3228406931,1012p,9
2024,10824007,3228406931,0179,3
2024,10635026,3228406931,1012p,9
2024,10635026,3228406931,0179,7
2024,10635026,3228406931,0623,8
2024,10813126,3228406931,0930,7
2024,10776549,3228406931,0930,7
2024,10776549,3228406931,0931,9
2024,10510136,3228406931,1709,0
2024,10510136,3228406931,0623,0
2024,10824614,3228406931,1709,0
2024,10824614,3228406931,0179,0
2024,10824614,3228406931,0930,3
2024,10824614,3228406931,1010,4
2024,10709557,3228406931,0179,0
2024,10709557,3228406931,0930,0
2024,10709557,3228406931,0931,0
2024,10422716,3228406931,1709,0
2024,10422716,3228406931,1709,0
2024,10422716,3228406931,1010,0
2024,10862032,3228406931,1709,6
2024,10862032,3228406931,0931,0
2024,10862032,3228406931,1010,0
2024,10764144,3228406931,0623,4
2024,10805294,3228406931,0623,8
2024,10805294,3228406931,1010,3
2024,10530803,3228406931,0931,9
2024,10530803,3228406931,1010,6
2024,10796065,3228406931,0179,7
2024,10796065,3228406931,0931,8
2024,10349498,3228406931,0930,8
2024,10349498,3228406931,1010,7
2024,10630363,3228406931,1010,5
2024,10852161,3228406931,1012p,9
2024,10852161,3228406931,0623,9
2024,10199483,3228406931,0931,0
2024,10397687,3228406931,1012p,9
2024,11811552,3228406931,0179,0
2024,10323559,3228406931,1012p,0
2024,13458157,3228406931,0179,0
2024,13456007,3228406931,1012p,9
2024,13456007,3228406931,0930,8
2024,13456007,3228406931,0931,8
2024,13456007,3228406931,1010,8
2024,13523913,3228406931,0623,0
2024,13523913,3228406931,0931,0
2024,10940616,3228406931,0179,0
2024,10940616,3228406931,0623,0
2024,10940616,3228406931,1010,0
2024,13458161,3228406931,0623,4
2024,10461934,3228406931,1010,6
2024,10381708,3228406931,0930,0
2024,10381708,3228406931,0930,0
2024,10381708,3228406931,0931,0
2024,10852107,3228406931,0930,4
2024,10304385,3228406931,0623,7
2024,11800453,3228406931,0623,0
2024,11800453,3228406931,0930,0
2024,10330111,3228406931,1010,6
2024,10443575,3228406931,1012p,5
2024,10443575,3228406931,1012p,0
2024,10443575,3228406931,0931,0
2024,10818191,3228406931,1012p,0
2024,10818191,3228406931,1012p,0
2024,10818191,3228406931,0179,0
2024,10818191,3228406931,0930,0
2024,10818191,3228406931,0931,0
2024,11089472,3228406931,0179,8
2024,11629523,3228406931,1709,0
2024,11629523,3228406931,1012p,0
2024,11629523,3228406931,1012p,0
2024,10042816,3228406931,0930,0
2024,10303628,3228406931,0623,4
2024,10303628,3228406931,0623,0
2024,10303628,3228406931,0931,8
2024,10022321,3228406931,1012p,9
2024,10022321,3228406931,0179,9
2024,10022321,3228406931,0930,5
2024,12561661,3228406931,1709,6
2024,12561661,3228406931,1012p,5
2024,12561661,3228406931,0179,3
2024,12561661,3228406931,1010,2
2024,10479899,3228406931,0179,0
2024,10479899,3228406931,0931,8
2024,10918602,3228406931,0930,6
2024,10918602,3228406931,1010,3
2024,10754604,3228406931,0623,8
2024,10365221,3228406931,0179,5
2024,10365221,3228406931,0931,9
2024,10365221,3228406931,0931,10
2024,10365221,3228406931,0931,10
2024,10365221,3228406931,1010,8
2024,13461591,3228406931,1010,7
2024,10630337,3228406931,1012p,0
2024,10630337,3228406931,0623,4
2024,10630337,3228406931,0930,5
2024,10249410,3228406931,0930,9
2024,10249410,3228406931,1010,8
2024,10766452,3228406545,0179,9
2024,10766452,3228406545,0622,9
2024,10729793,3228406545,0828p,8
2024,10729793,3228406545,0625,6
2024,10729793,3228406545,0627,4
2024,12607926,3228406545,0828p,10
2024,12607926,3228406545,0179,4
2024,12607926,3228406545,0625,9
2024,12607926,3228406545,0623,8
2024,12607926,3228406545,0627,6
2024,11790917,3228406545,0179,3
2024,11790917,3228406545,0623,9
2024,10689201,3228406545,0179,3
2024,10689201,3228406545,0622,6
2024,10689201,3228406545,0625,9
2024,10689201,3228406545,0623,5
2024,10689201,3228406545,CV0008,10
2024,10742994,3228406545,0179,7
2024,10742994,3228406545,0623,8
2024,10487336,3228406545,0179,0
2024,10487336,3228406545,0622,7
2024,10487336,3228406545,0627,6
2024,10857816,3228406545,1709,6
2024,10857816,3228406545,0625,8
2024,10847609,3228406545,0179,6
2024,10766414,3228406545,0622,8
2024,10766414,3228406545,0622,8
2024,10766414,3228406545,0625,9
2024,10766414,3228406545,0623,8
2024,10766414,3228406545,0623,8
2024,10766414,3228406545,0627,6
2024,10766414,3228406545,CV0008,10
2024,10856038,3228406545,1709,7
2024,10856038,3228406545,0828p,6
2024,11433224,3228406545,0828p,9
2024,11433224,3228406545,0625,7
2024,11073751,3228406545,0622,8
2024,11073751,3228406545,0625,8
2024,10593810,3228406545,0828p,7
2024,11231507,3228406545,1709,0
2024,11231507,3228406545,0179,0
2024,11231507,3228406545,0622,3
2024,11231507,3228406545,0623,4
2024,12912678,3228406545,0828p,10
2024,12912678,3228406545,0623,8
2024,10804606,3228406545,0627,5
2024,10707892,3228406545,1709,5
2024,10707892,3228406545,1709,7
2024,10707892,3228406545,CV0008,8
2024,13470345,3228406545,0622,0
2024,13470345,3228406545,CV0009,0
2024,13473425,3228406545,0622,10
2024,13473425,3228406545,0623,9
2024,10711954,3228406545,0828p,6
2024,10711954,3228406545,0179,5
2024,10835673,3228406545,0828p,8
2024,10835673,3228406545,0627,4
2024,10835673,3228406545,CV0008,8
2024,10734184,3228406545,0828p,10
2024,10734184,3228406545,0625,7
2024,10734184,3228406545,0623,9
2024,13170472,3228406545,0179,4
2024,13170472,3228406545,0622,0
2024,13170472,3228406545,0623,5
2024,13170472,3228406545,0627,0
2024,10766479,3228410748,0181p,8
2024,10766479,3228410748,0171,7
2024,10843404,3228410748,0179,7
2024,10843404,3228410748,0179,7
2024,11782717,3228410748,1709,8
2024,11782717,3228410748,0172,7
2024,11782717,3228410748,0173,8
2024,11782717,3228410748,0174,7
2024,11782717,3228410748,0177,6
2024,11782717,3228410748,0177,7
2024,10254373,3228410748,0172,7
2024,10254373,3228410748,0177,8
2024,13453640,3228410748,1709,9
2024,10700069,3228410748,0181p,0
2024,10700069,3228410748,0179,0
2024,10700069,3228410748,0172,3
2024,10392181,3228410748,0181p,7
2024,10392181,3228410748,0179,8
2024,10392181,3228410748,0179,9
2024,10688815,3228410748,0181p,8
2024,10506040,3228410748,0177,0
2024,13455952,3228410748,0179,8
2024,13455952,3228410748,0172,7
2024,10664803,3228410748,0181p,0
2024,10664803,3228410748,0179,0
2024,10664803,3228410748,0171,0
2024,12413993,3228410748,1709,0
2024,12413993,3228410748,0179,0
2024,12413993,3228410748,0171,0
2024,12413993,3228410748,0177,0
2024,13480000,3228410748,0172,6
2024,10509253,3228410748,1709,0
2024,13455821,3228410748,0174,6
2024,13456058,3228410748,0181p,8
2024,13456058,3228410748,0173,6
2024,13456058,3228410748,0174,6
2024,10691269,3228410748,0177,1
2024,10639978,3228410748,1709,6
2024,10639978,3228410748,0172,9
2024,10639978,3228410748,0173,6
2024,10507411,3228410748,0174,0
2024,10507411,3228410748,0177,0
2024,10745573,3228410357,0179,9
2024,10585531,3228410357,0179,4
2024,10585531,3228410357,0383,7
2024,10648032,3228410357,1709,6
2024,10648032,3228410357,0179,4
2024,10648032,3228410357,0383,7
2024,10698109,3228410357,0179,8
2024,10698109,3228410357,0384,8
2024,11627062,3228410357,0179,9
2024,11627062,3228410357,0384,7
2024,11627062,3228410357,0173,7
2024,10675936,3228410357,0400p,7
2024,10675936,3228410357,0172,6
2024,10729539,3228410357,0384,9
2024,10729539,3228410357,0172,6
2024,10729539,3228410357,0172,8
2024,10410077,3228410357,0400p,8
2024,10410077,3228410357,0383,6
2024,10410077,3228410357,0172,3
2024,10530795,3228410357,0384,8
2024,13455702,3228410357,0179,9
2024,10719000,3228410357,0400p,8
2024,10719000,3228410357,0179,7
2024,10719000,3228410357,0383,6
2024,10719000,3228410357,0173,7
2024,13456027,3228410357,1709,6
2024,13456027,3228410357,0172,1
2024,13251013,3228410357,0400p,8
2024,13251013,3228410357,0171,9
2024,13251013,3228410357,0171,9
2024,13251013,3228410357,0384,8
2024,13251013,3228410357,0384,8
2024,13251013,3228410357,0173,8
2024,10835750,3228410357,0383,4
2024,10835750,3228410357,0383,7
2024,10835750,3228410357,0173,6
2024,10766449,3228410357,0400p,8
2024,10766449,3228410357,0384,8
2024,10766449,3228410357,0384,9
2024,10645102,3228410357,0179,8
2024,10645102,3228410357,0171,7
2024,10645102,3228410357,0384,6
2024,10820272,3228410357,0179,4
2024,10820272,3228410357,0172,6
2024,10820272,3228410357,0173,6
2024,13487222,3228410357,0383,8
2024,13487222,3228410357,0383,9
2024,13487222,3228410357,0172,8
2024,13487222,3228410357,0173,9
2024,10687498,3228410892,0388p,8
2024,10687498,3228410892,0179,8
2024,10687498,3228410892,0384,9
2024,10742128,3228410892,1709,8
2024,10742128,3228410892,0179,8
2024,10742128,3228410892,0171,4
2024,13455012,3228410892,1709,0
2024,13455012,3228410892,1709,0
2024,13455012,3228410892,0179,0
2024,13455012,3228410892,0172,1
2024,13455012,3228410892,0173,0
2024,10749811,3228410892,1709,6
2024,10749811,3228410892,0171,7
2024,10749811,3228410892,0384,7
2024,10749811,3228410892,0172,7
2024,13454999,3228410892,1709,0
2024,13454999,3228410892,0179,8
2024,13454999,3228410892,0383,7
2024,13454999,3228410892,0172,0
2024,13454999,3228410892,0173,0
2024,10678997,3228410892,0388p,8
2024,10678997,3228410892,0383,7
2024,10678997,3228410892,0384,3
2024,10678997,3228410892,0172,4
2024,10678997,3228410892,0172,0
2024,10678997,3228410892,0173,0
2024,10678997,3228410892,0173,0
2024,10320497,3228410892,0171,4
2024,10320497,3228410892,0383,9
2024,10808311,3228410892,1709,7
2024,10808311,3228410892,0388p,8
2024,13450196,3228410892,1709,9
2024,13450196,3228410892,0384,9
2024,13450196,3228410892,0172,9
2024,10761594,3228410892,0383,7
2024,10761594,3228410892,0384,6
2024,10736502,3228410892,1709,7
2024,10736502,3228410892,0388p,7
2024,10736502,3228410892,0179,8
2024,10736502,3228410892,0383,9
2024,10736502,3228410892,0173,7
2024,11330085,3228410892,0172,4
2024,11330085,3228410892,0172,5
2024,10676318,3228410892,1709,5
2024,10676318,3228410892,0388p,4
2024,10676318,3228410892,0384,7
2024,13472424,3228410892,1709,5
2024,13472424,3228410892,0388p,8
2024,13472424,3228410892,0171,6
2024,13475599,3228410892,0179,9
2024,13475599,3228410892,0383,10
2024,13475599,3228410892,0384,8
2024,13475662,3228410892,0388p,10
2024,13475662,3228410892,0171,8
2024,10514139,3228410892,1709,9
2024,10514139,3228410892,0388p,8
2024,12912453,3228410892,0388p,8
2024,12912453,3228410892,0172,6
2024,11036107,3228381273,1709,2
2024,11036107,3228381273,1233,6
2024,10793641,3228381273,1229,3
2024,10793641,3228381273,1229,0
2024,10931235,3228381273,0156,7
2024,10931235,3228381273,0156,6
2024,10931235,3228381273,1226,6
2024,11003632,3228381273,1226,1
2024,11003632,3228381273,1233,2
2024,11003632,3228381273,1233,0
2024,12607119,3228381273,1232,7
2024,13291541,3228381273,1709,8
2024,13291541,3228381273,0156,6
2024,13291541,3228381273,1229,8
2024,12744964,3228381273,1226,5
2024,10924853,3228381273,0156,6
2024,10924853,3228381273,1233,7
2024,10924853,3228381273,1233,9
2024,11798264,3228381273,0156,7
2024,11798264,3228381273,0156,8
2024,11798264,3228381273,1226,3
2024,11798264,3228381273,1226,5
2024,10648909,3228381273,1231,5
2024,10648909,3228381273,1233,9
2024,10648909,3228381273,1233,4
2024,10648909,3228381273,1233,7
2024,10912710,3228381273,1709,6
2024,10912710,3228381273,1229,3
2024,10787502,3228381273,1226,4
2024,10787502,3228381273,1232,4
2024,10904203,3228381273,1226,9
2024,10904203,3228381273,1231,7
2024,10904203,3228381273,1233,9
2024,11024352,3228381273,1709,6
2024,11024352,3228381273,1226,8
2024,11024352,3228381273,1226,8
2024,11024352,3228381273,1229,6
2024,11024352,3228381273,1229,6
2024,10899896,3228381273,1709,7
2024,10899896,3228381273,0156,8
2024,13099124,3228381273,1709,7
2024,13099124,3228381273,1226,8
2024,13099124,3228381273,1231,7
2024,12465550,3228381273,1226,4
2024,12465550,3228381273,1226,5
2024,12465550,3228381273,1233,8
2024,10916721,3228381273,0156,4
2024,10916721,3228381273,1226,0
2024,10916721,3228381273,1229,2
2024,10912726,3228381273,0156,8
2024,10912726,3228381273,1229,7
2024,10912726,3228381273,1232,6
2024,10805007,3228381273,1231,3
2024,10805007,3228381273,1232,5
2024,11184512,3228381273,1229,5
2024,11184512,3228381273,1231,5
2024,10654915,3228381273,1232,0
2024,10654915,3228381273,1233,0
2024,10708167,3228390016,0225,4
2024,11002913,3228390016,0225,9
2024,11002913,3228390016,0223,9
2024,12563453,3228390016,0223,3
2024,12563453,3228390016,0221,4
2024,10846382,3228390016,0222,6
2024,10903261,3228390016,0156,9
2024,11002807,3228390016,0225,6
2024,11002807,3228390016,0221,9
2024,11146537,3228390016,0225,9
2024,11146537,3228390016,0221,10
2024,10897212,3228390016,0156,7
2024,10897212,3228390016,0156,6
2024,10929469,3228390016,0225,1
2024,10929469,3228390016,0221,4
2024,10929469,3228390016,0222,1
2024,10812899,3228390016,0225,3
2024,13452408,3228390016,1709,7
2024,13452408,3228390016,0222,8
2024,10996376,3228390016,1709,3
2024,10996376,3228390016,0221,4
2024,10917865,3228390016,0221,7
2024,10917865,3228390016,0222,6
2024,11011197,3228390016,1709,6
2024,11011197,3228390016,0221,9
2024,11011197,3228390016,0222,9
2024,11011197,3228390016,0156,10
2024,12270997,3228390016,0223,0
2024,12270997,3228390016,0222,0
2024,11622314,3228390016,0221,8
2024,11622314,3228390016,0222,8
2024,11088265,3228390016,0223,9
2024,11088265,3228390016,0221,9
2024,10762391,3228390016,0225,2
2024,11248234,3228390016,1709,6
2024,11248234,3228390016,0225,0
2024,11248234,3228390016,0223,5
2024,11248234,3228390016,0221,4
2024,11248234,3228390016,0222,4
2024,13458016,3228390016,0223,0
2024,13458016,3228390016,0222,0
2024,10776723,3228390016,0223,6
2024,10959217,3228390016,0223,9
2024,10959217,3228390016,0222,9
2024,13114371,3228390016,0221,8
2024,13114371,3228390016,0222,8
2024,13114371,3228390016,0156,9
2024,12736641,3228390016,0223,0
2024,13459021,3228390016,0156,0
2024,12651696,3228390016,0156,0
2024,12651696,3228390016,0156,0
2024,12647763,3228390016,1709,4
2024,12647763,3228390016,0223,0
2024,10353865,3228390016,1709,5
2024,10353865,3228390016,0223,9
2024,10353865,3228390016,0221,6
2024,10353865,3228390016,0221,9
2024,10353865,3228390016,0156,8
2024,11763179,3228390016,1709,5
2024,11763179,3228390016,0225,0
2024,11763179,3228390016,0156,0
2024,13238582,3228390016,1709,0
2024,13238582,3228390016,0225,0
2024,13238582,3228390016,0221,0
2024,13238582,3228390016,0221,0
2024,13238582,3228390016,0156,0
2024,11479705,3228390016,1709,6
2024,11479705,3228390016,0156,4
2024,13316624,3228390016,0156,5
2024,11312205,3228390016,0225,0
2024,11312205,3228390016,0221,0
2024,11312205,3228390016,0222,0
2024,10070165,3228390016,0225,5
2024,10070165,3228390016,0223,9
2024,10517185,3228390016,1709,3
2024,10517185,3228390016,0223,0
2024,10517185,3228390016,0222,0
2024,13458659,3228390016,0222,0
2024,13458659,3228390016,0156,0
2024,12510101,3228390016,0156,0
2024,12875318,3228390016,0222,7
2024,12875318,3228390016,0156,9
2024,11034534,3228390016,0156,0
2024,13006056,3228390016,1709,6
2024,13366127,3228390016,0221,9
2024,10473027,3228390016,0225,0
2024,10473027,3228390016,0221,0
2024,10473027,3228390016,0156,0
2024,10675115,3228390016,1709,3
2024,10675115,3228390016,0222,3
2024,10675115,3228390016,0156,7
2024,12739645,3228390016,0225,9
2024,12739645,3228390016,0225,10
2024,12739645,3228390016,0223,10
2024,10885064,3228390016,0221,6
2024,10885064,3228390016,0222,4
2024,10459081,3228390016,0221,0
2024,12736802,3228390016,1709,0
2024,12736802,3228390016,0223,0
2024,12736802,3228390016,0222,0
2024,10803714,3228390016,1709,7
2024,10803714,3228390016,0222,8
2024,10803714,3228390016,0222,7
2024,12576881,3228390016,1709,0
2024,12576881,3228390016,0225,0
2024,11323147,3228390016,0223,0
2024,11323147,3228390016,0222,0
2024,11323147,3228390016,0156,0
2024,10762386,3162077488,1234,6
2024,13112701,3162077488,CV0002,6
2024,13112701,3162077488,1230,9
2024,13112701,3162077488,1234,7
2024,10766806,3162077488,CV0002,7
2024,10766806,3162077488,1230,7
2024,10766806,3162077488,1235,7
2024,10776722,3162077488,1230,0
2024,10776722,3162077488,1234,2
2024,10932819,3162077488,CV0002,8
2024,10932819,3162077488,1227,8
2024,10932819,3162077488,1228,10
2024,13112701,3162077488,1237,0
2024,10789649,3162077488,1230,8
2024,11667242,3162077488,1230,9
2024,11667242,3162077488,1234,7
2024,11744036,3162077488,1227,9
2024,11744036,3162077488,1234,9
2024,10791133,3162077488,1235,7
2024,12907793,3162077488,CV0002,6
2024,12907793,3162077488,1230,8
2024,12907793,3162077488,1235,8
2024,12907793,3162077488,1237,0
2024,10909605,3162077488,1228,8
2024,10909605,3162077488,1234,7
2024,10761942,3162077488,CV0002,7
2024,10889204,3162077488,CV0002,7
2024,10889204,3162077488,1234,7
2024,10897205,3162077488,CV0002,5
2024,10805487,3162077488,CV0002,8
2024,10805487,3162077488,1228,8
2024,10805487,3162077488,1230,6
2024,10805487,3162077488,1234,6
2024,10858044,3162077488,CV0002,6
2024,10858044,3162077488,1227,8
2024,10858044,3162077488,1230,7
2024,10858044,3162077488,1234,6
2024,10802935,3162077488,1235,5
2024,10802935,3162077488,1235,5
2024,10770893,3162077488,1235,3
2024,11336367,3162077488,1234,7
2024,11336367,3162077488,1234,7
2024,10920099,3162077488,1234,7
2024,10920099,3162077488,1235,8
2024,12932662,3162077488,1228,9
2024,10718886,3162077600,1007,7
2024,10718886,3162077600,1007,7
2024,10718886,3162077600,1011,8
2024,10690358,3162077600,1009,6
2024,10690358,3162077600,1109,6
2024,10718081,3162077600,1009,7
2024,10718081,3162077600,1011,8
2024,10718081,3162077600,1011,8
2024,10427109,3162077600,1011,0
2024,10826692,3162077600,CV0004,8
2024,10584902,3162077600,1011,8
2024,10852071,3162077600,1011,8
2024,10852071,3162077600,1110,8
2024,10375121,3162077600,1011,8
2024,10689153,3162077600,1009,6
2024,10689153,3162077600,1013,0
2024,10795882,3162077600,CV0004,7
2024,10795882,3162077600,1109,8
2024,10833265,3162077600,1009,7
2024,10833265,3162077600,1011,9
2024,10768351,3162077600,CV0004,5
2024,10270640,3162077600,1007,0
2024,10426520,3162077600,1009,6
2024,10426520,3162077600,1011,8
2024,10432949,3162077600,1007,10
2024,10432949,3162077600,1007,10
2024,10432949,3162077600,1009,7
2024,10432949,3162077600,1012,10
2024,10820754,3162077600,1007,8
2024,10820754,3162077600,1008,7
2024,10820754,3162077600,1009,5
2024,10820754,3162077600,1011,9
2024,10466022,3162077600,CV0004,5
2024,10466022,3162077600,1008,5
2024,10466022,3162077600,1008,6
2024,10466022,3162077600,1011,7
2024,10723795,3162077600,1009,7
2024,10723795,3162077600,1110,7
2024,10279046,3162077600,1007,5
2024,10279046,3162077600,1013,0
2024,10664778,3162077600,1011,6
2024,13282254,3162077600,1110,9
2024,10698475,3162077600,1007,6
2024,12743886,3162077600,1008,5
2024,10792793,3162077600,1009,7
2024,10532574,3162077600,CV0004,0
2024,10532574,3162077600,1011,0
2024,11318428,3162077600,1109,10
2024,13243061,3162077600,1008,8
2024,13243061,3162077600,1009,8
2024,10690015,3162077600,1110,8
2024,13249466,3162077600,CV0004,9
2024,10375621,3162077600,1007,10
2024,11502177,3162077600,CV0004,8
2024,11502177,3162077600,1110,8
2024,10809481,3162077600,1008,8
2024,10809481,3162077600,1011,9
2024,10303629,3162077600,1012,0
2024,12630557,3162077600,1009,0
2024,12735439,3162077600,1011,9
2024,12735439,3162077600,1110,9
2024,10816484,3162077600,1109,6
2024,12300236,3162077600,CV0004,6
2024,12300236,3162077600,1008,7
2024,12300236,3162077600,1009,6
2024,13460322,3162077600,CV0004,0
2024,13460322,3162077600,1011,0
2024,10434495,3162077600,1109,0
2024,10434495,3162077600,1109,0
2024,10434495,3162077600,1110,0
2024,10318774,3162077600,1007,6
2024,10318774,3162077600,1008,7
2024,10318774,3162077600,1013,0
2024,10736212,3162077600,CV0004,0
2024,10278035,3162077600,1109,9
2024,10278035,3162077600,1110,7
2024,13242370,3162077600,1007,10
2024,13242370,3162077600,1007,10
2024,13242370,3162077600,1008,9
2024,13242370,3162077600,1012,10
2024,10786442,3162077600,1011,9
2024,10354121,3162077600,1109,2
2024,10354121,3162077600,1110,0
2024,10691616,3162077600,CV0004,8
2024,10691616,3162077600,1007,4
2024,10296770,3162077600,1109,5
2024,13242369,3162077600,1008,0
2024,10404684,3162077600,1009,0
2024,10404684,3162077600,1110,0
2024,11074029,3162077551,CV0004,7
2024,11074029,3162077551,0827,8
2024,11074029,3162077551,0826,6
2024,10804683,3162077551,0824,7
2024,10397145,3162077551,0827,9
2024,10397145,3162077551,0824,9
2024,10397145,3162077551,CV0010,10
2024,10752122,3162077551,0825,3
2024,10808796,3162077551,0823,8
2024,10808796,3162077551,0824,8
2024,13288467,3162077551,0823,8
2024,13288467,3162077551,0826,6
2024,13288467,3162077551,0828,7
2024,10713535,3162077551,0825,3
2024,10713535,3162077551,0824,4
2024,10713535,3162077551,0826,5
2024,10700138,3162077551,CV0004,8
2024,10700138,3162077551,0827,6
2024,10700138,3162077551,0822,8
2024,10323951,3162077551,0827,8
2024,10323951,3162077551,0827,9
2024,10729579,3162077551,0822,9
2024,10729579,3162077551,0824,7
2024,10729579,3162077551,0830,0
2024,10770133,3162077551,0823,4
2024,10770133,3162077551,0826,4
2024,10706042,3162077551,0822,7
2024,10706042,3162077551,0822,8
2024,13288446,3162077551,CV0010,8
2024,10819055,3162077551,0825,7
2024,10819055,3162077551,0822,8
2024,10819055,3162077551,0830,0
2024,10748318,3162077551,0825,7
2024,10748318,3162077551,0830,0
2024,10748318,3162077551,0828,6
2024,10809450,3162077551,0824,8
2024,10809450,3162077551,0826,8
2024,10758378,3162078584,243265,9
2024,10758378,3162078584,243267,9
2024,10758378,3162078584,243267,9
2024,11066151,3162078584,243267,9
2024,10791102,3162078584,243267,9
2024,10791102,3162078584,243264,8
2024,10698470,3162078584,243266,8
2024,10698470,3162078584,243264,8
2024,11285049,3162078584,243266,10
2024,11285049,3162078584,243264,9
2024,10347923,3162078584,243265,9
2024,10347923,3162078584,243267,10
2024,10675598,3162078584,243266,7
2024,10783224,3162078584,243264,8
2024,13447274,3162078584,243267,10
2024,13447274,3162078584,243264,9
2024,13447284,3162078584,243265,9
2024,13447284,3162078584,243267,7
2024,13447284,3162078584,243266,8
2024,13447284,3162078584,243264,8
2024,13035877,3162078584,243266,6
2024,13035877,3162078584,243266,8
2024,13035877,3162078584,243264,8
2024,10699108,3162078584,243267,10
2024,10287428,3162078584,243265,9
2024,11316049,3162078584,243264,7
2024,13250043,3162078584,243267,0
2024,13250043,3162078584,243266,0
2024,13250043,3162078584,243266,0
2024,13250043,3162078584,243264,1
2024,13250043,3162078584,243264,0
2024,11316053,3162078584,243266,10
2024,10814418,3162078584,243265,5
2024,10814418,3162078584,243267,9
2024,10862205,3162078584,243265,10
2024,10862205,3162078584,243266,8
2024,10705571,3162078584,243266,7
2024,10705571,3162078584,243266,8
2024,10705571,3162078584,243264,8
2024,11564293,3162078584,243265,9
2024,11564293,3162078584,243267,4
2024,10515204,3162078591,243604,5
2024,10515204,3162078591,243270,6
2024,11251858,3162078591,243601,0
2024,10645661,3162078591,243270,8
2024,10697595,3162078591,243271,9
2024,10709718,3162078591,243271,4
2024,10689702,3162078591,243604,7
2024,10772056,3162078591,243270,4
2024,10714036,3162078591,243270,9
2024,10499298,3162078591,243270,7
2024,10499298,3162078591,243270,7
2024,10689283,3162078591,243602,10
2024,10697594,3162078591,243601,0
2024,10242875,3162078591,243602,10
2024,10850218,3162078591,243602,10
2024,10850218,3162078591,243270,10
2024,10862844,3162078591,243602,10
2024,10862844,3162078591,243271,6
2024,10862844,3162078591,243270,9
2024,10706060,3162078591,243602,9
2024,10706060,3162078591,243270,9
2024,10352409,3162078591,243602,8
2024,10352409,3162078591,243601,0
2024,10711820,3162078591,243602,8
2024,10507995,3162076035,CV0004,8
2024,10507995,3162076035,0183,7
2024,10507995,3162076035,0176,7
2024,10507995,3162076035,0181,0
2024,11186762,3162076035,0178,0
2024,13263308,3162076035,CV0004,4
2024,13263308,3162076035,0180,9
2024,13263308,3162076035,0183,5
2024,11568873,3162076035,CV0004,8
2024,11568873,3162076035,0180,8
2024,11568873,3162076035,0181,7
2024,10805336,3162076035,0184,0
2024,10805336,3162076035,0183,5
2024,10805336,3162076035,0175,5
2024,13245158,3162076035,CV0004,8
2024,13245158,3162076035,0178,7
2024,13245158,3162076035,0178,5
2024,10610451,3162076035,CV0004,8
2024,10610451,3162076035,0183,6
2024,10610451,3162076035,0176,7
2024,10814531,3162076035,0183,8
2024,10814531,3162076035,0176,9
2024,10581335,3162076035,0181,10
2024,10713910,3162076035,0183,8
2024,10713910,3162076035,0176,7
2024,10706770,3162076035,0176,7
2024,10849475,3162076035,CV0004,9
2024,10468091,3162076035,0181,4
2024,10420918,3162076035,0181,0
2024,10420918,3162076035,0175,5
2024,12679099,3162076035,0175,5
2024,13097118,3162076035,0181,0
2024,10392821,3162076035,0184,0
2024,10742955,3162075539,1377,6
2024,10635766,3162075539,1377,4
2024,10734168,3162075539,1373,8
2024,10696544,3162075539,1378,0
2024,10503400,3162075539,1373,9
2024,13487291,3162075539,1372,3
2024,13487291,3162075539,1374,7
2024,10017455,3228404816,0649,10
2024,10802285,3228404816,1709,7
2024,10677373,3228404816,1709,0
2024,10802285,3228404816,0649,4
2024,10679695,3228404816,0649,7
2024,13075443,3228404816,1709,7
2024,13455127,3228404816,1709,10
2024,10244048,3228404816,0649,6
2024,10017455,3228404816,0647,9
2024,11806221,3228404816,0651,7
2024,10377895,3228404816,0650,0
2024,10661639,3228404816,1709,9
2024,10677900,3228404816,0179,8
2024,13476760,3228404816,1709,0
2024,13264942,3228404816,0179,0
2024,13035060,3228404816,0647,6
2024,10615771,3228404816,0179,0
2024,10635003,3228413080,0373,9
2024,10780756,3228413080,0370,8
2024,11064614,3228413382,0485,0
2024,13042221,3228413382,0485,0
2024,13042221,3228413382,0483,0
2024,12500233,3228413382,0483,0
2024,13457137,3228413382,0483,0
2024,10677836,3228413382,0483,0
2024,10611084,3228413382,1709,8
2024,10695479,3228413382,0373,0
2024,10269408,3228413382,0487,0
2024,12730778,3228413382,0485,0
2024,10834174,3228415772,0179,9
2024,11649375,3228415772,1367,8
2024,10711961,3228415772,1367,0
2024,10678151,3228415772,1367,0
2024,10962405,3228415772,1709,4
2024,10827153,3228415772,1709,7
2024,11514753,3228415772,0179,8
2024,10468121,3228379385,0438,3
2024,11671982,3228379385,0438,7
2024,11671982,3228379385,0438,6
2024,11039273,3228379385,0437,6
2024,10787257,3228379385,0437,6
2024,11033515,3228379385,0437,8
2024,10995299,3228379385,0438,9
2024,11604486,3228379385,0438,3
2024,11666166,3228379385,0438,4
2024,10835299,3228379385,0441,1
2024,11004486,3228379385,0441,10
2024,11604486,3228379385,0441,0
2024,10929912,3228379385,0441,5
2024,10905782,3228379385,0438,5
2024,11068958,3228379385,0438,0
2024,11068958,3228379385,0156,0
2024,10421015,3228379385,1709,0
2024,10468121,3228379385,0156,6
2024,13458066,3228379385,0438,10
2024,11666166,3228379385,0437,7
2024,13290996,3228406931,0623,8
2024,10824614,3228406931,0623,0
2024,11059841,3228406931,0623,7
2024,10443575,3228406931,0623,0
2024,10249410,3228406931,0623,7
2024,10824007,3228406931,1012p,9
2024,12561661,3228406931,1012p,8
2024,10824007,3228406931,1012p,9
2024,10813126,3228406931,1012p,9
2024,10530803,3228406931,1012p,8
2024,13456007,3228406931,1012p,9
2024,11089472,3228406931,1012p,7
2024,10797573,3228406931,1012p,9
2024,10813126,3228406931,0623,9
2024,10776549,3228406931,0623,10
2024,10726936,3228406931,0623,8
2024,10764144,3228406931,0623,7
2024,10530803,3228406931,0623,10
2024,10630363,3228406931,0623,8
2024,10852161,3228406931,0623,10
2024,10797573,3228406931,0623,9
2024,10754604,3228406931,0623,9
2024,10824614,3228406931,1012p,2
2024,10709557,3228406931,0931,0
2024,10764144,3228406931,0930,5
2024,11811552,3228406931,1012p,5
2024,13523913,3228406931,1012p,0
2024,11800453,3228406931,1012p,0
2024,10499331,3228406931,1012p,0
2024,10940616,3228406931,1709,0
2024,11629523,3228406931,1709,0
2024,10304385,3228406931,1012p,9
2024,10330111,3228406931,0931,8
2024,13461591,3228406931,1709,7
2024,10630337,3228406931,1010,3
2024,10766452,3228406545,CV0008,9
2024,11790917,3228406545,CV0008,10
2024,10742994,3228406545,CV0008,10
2024,10847609,3228406545,CV0008,7
2024,10804606,3228406545,CV0008,8
2024,13170472,3228406545,CV0008,3
2024,10729793,3228406545,0622,2
2024,11231507,3228406545,0623,0
2024,13470345,3228406545,0622,0
2024,13170472,3228406545,0625,0
2024,10843404,3228410748,0171,8
2024,10843404,3228410748,0172,8
2024,10843404,3228410748,0173,7
2024,10843404,3228410748,0177,9
2024,10506040,3228410748,0177,0
2024,13453640,3228410748,0171,9
2024,10700069,3228410748,0171,8
2024,10700069,3228410748,0181p,0
2024,13456058,3228410748,0171,0
2024,13456058,3228410748,0174,0
2024,10507411,3228410748,0171,0
2024,10700069,3228410748,0172,0
2024,10392181,3228410748,0171,8
2024,13480000,3228410748,0171,6
2024,10392181,3228410748,0177,8
2024,10506040,3228410748,0181p,7
2024,10506040,3228410748,0174,0
2024,10488332,3228410748,0181p,6
2024,10664803,3228410748,0171,0
2024,12413993,3228410748,0173,0
2024,10509253,3228410748,1709,0
2024,10509253,3228410748,0173,0
2024,13455821,3228410748,0173,6
2024,13456058,3228410748,0173,0
2024,10507411,3228410748,0173,0
2024,13456058,3228410748,0177,0
2024,10691269,3228410748,0181p,0
2024,10698109,3228410357,0171,9
2024,10719000,3228410357,0171,8
2024,10410077,3228410357,0384,7
2024,10410077,3228410357,0172,7
2024,13455702,3228410357,1709,9
2024,10645102,3228410357,1709,7
2024,10820272,3228410357,0172,6
2024,10742128,3228410892,0179,8
2024,10320497,3228410892,0179,7
2024,10514139,3228410892,0179,9
2024,11036107,3228381273,1709,7
2024,13291541,3228381273,1709,9
2024,11003632,3228381273,1226,0
2024,10916721,3228381273,1226,0
2024,10916721,3228381273,1231,0
2024,10851064,3162077488,1235,5
2024,10912726,3228381273,1231,7
2024,10846382,3228390016,0225,4
2024,10893131,3228390016,0225,6
2024,13452408,3228390016,0225,10
2024,10917865,3228390016,0225,5
2024,11011197,3228390016,0225,10
2024,10776723,3228390016,0225,3
2024,10929469,3228390016,0223,3
2024,11622314,3228390016,0223,7
2024,11622314,3228390016,0156,5
2024,13458016,3228390016,0223,0
2024,12647763,3228390016,0223,0
2024,11479705,3228390016,0223,7
2024,13458016,3228390016,0221,0
2024,13458659,3228390016,0221,0
2024,10776723,3228390016,1709,5
2024,10776723,3228390016,0222,7
2024,10517185,3228390016,0221,0
2024,10766806,3162077488,1227,8
2024,10909605,3162077488,1227,7
2024,10897205,3162077488,1227,6
2024,10802935,3162077488,1227,7
2024,11336367,3162077488,1227,7
2024,10770893,3162077488,1227,5
2024,10770893,3162077488,1230,5
2024,10718886,3162077600,1109,7
2024,10718081,3162077600,1109,7
2024,10833265,3162077600,1008,9
2024,10532574,3162077600,1007,0
2024,10803572,3162077600,1007,7
2024,13447274,3162078584,243267,10
2024,10772056,3162078591,243604,5
2024,10352409,3162078591,243604,6
2024,10711820,3162078591,243604,7
2024,10742422,3162076035,0180,7
2024,10805336,3162076035,0180,7
2024,10468091,3162076035,0180,8
2024,10805336,3162076035,CV0004,5
2024,10805336,3162076035,0175,5
2024,10849475,3162076035,0175,8
2024,10610451,3162076035,0175,5
2024,10267575,3162076035,0175,0
2024,13097118,3162076035,0180,9
2024,10392821,3162076035,0176,7
2024,10392821,3162076035,0176,9
2024,11921786,3162076035,0176,9
2024,13249462,3162076035,0183,9
2024,12730900,3162076035,0176,0
2024,10675919,3162076098,0399,8
2024,10513851,3162076098,0399,6
2024,10837553,3162076098,0180,6
2024,10699672,3162076098,0399,4
2024,10677163,3162076098,0403,0
2024,10837523,3162076098,0398,4
2024,10803272,3162076098,0398,8
2024,10803272,3162076098,0399,9
2024,12468964,3162076098,CV0004,9
2024,12468964,3162076098,0180,10
2024,12468964,3162076098,0399,4
2024,10700883,3162076098,0180,7
2024,10700883,3162076098,0399,8
2024,10778000,3162076098,0399,8
2024,10778000,3162076098,0397,9
2024,12398431,3162076098,0400,10
2024,12398431,3162076098,0399,9
2024,13127380,3162076098,0180,1
2024,13127380,3162076098,0400,0
2024,13127380,3162076098,0397,9
2024,10709639,3162076098,0403,0
2024,10664986,3162076119,CV0004,7
2024,11632133,3162076119,0180,9
2024,10690446,3162076119,0387,8
2024,10696634,3162076119,0385,9
2024,12058330,3162076119,0180,4
2024,10277303,3162076119,0388,9
2024,10486936,3162076119,CV0004,8
2024,10486936,3162076119,0386,8
2024,10610383,3162076119,0385,8
2024,10516555,3162076119,0388,0
2024,12734916,3162076119,0387,0
2024,10513718,3162076119,0388,0
2024,10737176,3162079713,0448,8
2024,10857947,3162079713,CV0002,8
2024,10857947,3162079713,0442,6
2024,10737176,3162079713,0451,0
2024,10916753,3162079713,0448,5
2024,10888026,3162079713,CV0002,9
2024,10888026,3162079713,0442,7
2024,11802825,3162079713,0451,0
2024,10925424,3162079713,0446,9
2024,10925424,3162079713,0442,9
2024,10925424,3162079713,0451,0
2024,12890835,3162079713,0446,5
2024,12890835,3162079713,0446,7
2024,12890835,3162079713,0442,7
2024,10707891,3162079713,0446,6
2024,10707891,3162079713,0448,5
2024,10924358,3162079713,0446,4
2024,10924358,3162079713,0448,6
2024,10787713,3162079713,0442,7
2024,11010026,3162079713,0443,4
2024,10832154,3162079713,0451,0
2024,12320496,3162079713,0443,1
2024,10793477,3162079713,0446,9
2024,13116617,3162079713,0443,8
2024,10431853,3162079713,0443,8
2024,13101838,3162079713,0442,7
2024,10308441,3162079713,0448,0
2024,10416752,3162079713,0446,6
2024,10416752,3162079713,0442,3
2024,11738860,3162079713,0446,3
2024,11738860,3162079713,0443,0
2024,12731696,3162079713,CV0002,7
2024,12731696,3162079713,0446,9
2024,10442321,3162079713,0448,0
2024,12380827,3162079713,CV0002,5
2024,12380827,3162079713,0448,0
2024,13458925,3162079713,CV0002,9
2024,11240615,3162079713,CV0002,4
2024,10991644,3162079713,0446,7
2024,13459444,3162079713,0448,0
2024,10323662,3162079713,0448,3
2024,11569044,3162079713,0443,3
2024,11502410,3162079713,0448,6
2024,11402624,3162079713,0448,0
2024,10728710,3162079713,0446,0
2024,12839405,3162079713,0446,0
2024,13263684,3162079713,CV0002,8
2024,13263684,3162079713,0446,10
2024,13263684,3162079713,0443,8
2024,12832437,3162079713,0448,5
2024,12853739,3162079713,0446,7
2024,12853739,3162079713,0442,6
2024,12853739,3162079713,0442,6
2024,11479322,3162079713,0448,2
2024,10735143,3162079790,0655,0
2024,10735143,3162079790,0656,0
2024,10410551,3162079790,0653,5
2024,10283468,3162079790,0653,6
2024,10283468,3162079790,0656,8
2024,13282224,3162079790,0657,9
2024,13282224,3162079790,0652,8
2024,13282224,3162079790,0656,6
2024,10835661,3162079790,0652,6
2024,10835661,3162079790,0656,8
2024,10835661,3162079790,0660,0
2024,12840433,3162079790,0653,8
2024,11837806,3162079790,0655,8
2024,11837806,3162079790,0652,4
2024,10437711,3162079790,0655,9
2024,10437711,3162079790,0652,8
2024,11262097,3162079790,0653,7
2024,10500611,3162079790,0656,7
2024,10679690,3162079790,0654,6
2024,13038791,3162079790,0655,7
2024,13038791,3162079790,0654,7
2024,10743003,3162079790,0655,8
2024,10743003,3162079790,0652,7
2024,10743003,3162079790,0660,0
2024,13235855,3162079790,0653,7
2024,10515573,3162079790,0655,4
2024,10515573,3162079790,0652,0
2024,10515573,3162079790,0656,8
2024,10515573,3162079790,0654,0
2024,11825237,3162079790,CV0004,7
2024,11825237,3162079790,0657,5
2024,11825237,3162079790,0652,4
2024,10862522,3162079790,0653,7
2024,10792061,3162079790,0657,6
2024,10792061,3162079790,0652,4
2024,10792061,3162079790,0653,7
2024,10699015,3162079790,0655,7
2024,10699015,3162079790,0652,6
2024,10707732,3162079790,0657,0
2024,10707732,3162079790,0657,5
2024,10707732,3162079790,0652,4
2024,10707732,3162079790,0654,4
2024,13245586,3162079790,0652,9
2024,10819298,3162079790,0653,6
2024,10819298,3162079790,0660,0
2024,11144559,3162079790,0657,9
2024,13246215,3162079790,0655,9
2024,13246215,3162079790,0652,7
2024,13246215,3162079790,0656,5
2024,13246215,3162079790,0656,7
2024,11335638,3162079790,0660,0
2024,11335638,3162079790,0654,5
2024,12737880,3162079790,CV0004,9
2024,11409670,3162079790,CV0004,0
2024,11409670,3162079790,0655,0
2024,11409670,3162079790,0653,0
2024,13320897,3162079790,0652,0
2024,11158088,3162079790,0653,0
2024,12491074,3162079790,0652,4
2024,12731205,3162079790,0655,0
2024,12568905,3162079790,0655,0
2024,13248595,3162079790,0652,6
2024,11741280,3162079790,0653,6
2024,12020369,3162079790,0653,5
2024,12020369,3162079790,0654,4
2024,13527455,3162079790,0653,9
2024,13038809,3162079790,0657,7
2024,13038809,3162079790,0656,9
2024,11875204,3162079790,0653,7
2024,13298754,3162079790,CV0004,0
2024,13298754,3162079790,0652,0
2024,10283680,3162079790,0655,0
2024,10283680,3162079790,0653,0
2024,10283680,3162079790,0654,0
2024,10601480,3162079790,0652,7
2024,13248312,3162079790,0652,2
2024,13248312,3162079790,0652,6
2024,12731503,3162079790,0653,0
2024,12567860,3162079790,CV0004,8
2024,12567860,3162079790,0655,5
2024,12567860,3162079790,0652,6
2024,12567860,3162079790,0653,7
2024,12567860,3162079790,0656,9
2024,10454503,3162079790,0655,0
2024,10454503,3162079790,0652,3
2024,10279159,3162079790,0653,7
2024,12685301,3162079790,CV0004,0
2024,12685301,3162079790,0652,0
2024,12685301,3162079790,0654,0
2024,11246656,3162079790,CV0004,7
2024,11553064,3162079790,0657,6
2024,11553064,3162079790,0653,6
2024,10730130,3162079790,0655,4
2024,10451024,3162079790,0653,4
2024,11170823,3162079790,0652,0
2024,10349643,3162079790,0656,8
2024,13038756,3162079790,0656,0
2024,13248215,3162079790,0652,3
2024,10323618,3162079790,0654,0
2024,10327143,3162079790,0654,0
2024,10327143,3162079790,0654,0
2024,11312274,3162079790,0654,2
2024,13242362,3162079790,CV0004,5
2024,13242362,3162079790,0655,4
2024,13242362,3162079790,0656,8
2024,13242362,3162079790,0654,3
2024,10840651,3162079860,5022,8
2024,10809218,3162079860,5021,10
2024,10415513,3162079860,5025,9
2024,12724396,3162079860,5021,10
2024,12724396,3162079860,5022,8
2024,12724396,3162079860,5022,9
2024,12724396,3162079860,5023,9
2024,10380889,3162079860,5021,5
2024,10740579,3162079860,5022,8
2024,10740579,3162079860,5026,8
2024,10846791,3162079860,5024,8
2024,10846791,3162079860,5025,9
2024,11430890,3162079860,5024,6
2024,10810094,3162079860,5022,4
2024,10355633,3162079860,5022,6
2024,10355633,3162079860,5026,8
2024,11482158,3162079860,5022,6
2024,11482158,3162079860,5023,0
2024,11482158,3162079860,5026,8
2024,10808794,3162079860,5024,9
2024,12874164,3162079860,5024,9
2024,10781314,3162079860,5024,8
2024,10781314,3162079860,5025,7
2024,10586308,3162079860,5023,8
2024,10586308,3162079860,5026,9
2024,10799062,3162079874,5074,7
2024,10799062,3162079874,5075,7
2024,10736698,3162079874,5072,7
2024,10832732,3162079874,5071,7
2024,10481669,3162079874,5071,8
2024,10747327,3162079874,5072,8
2024,10747327,3162079874,5073,9
2024,10747327,3162079874,5075,8
2024,10304881,3162079874,5071,0
2024,10304881,3162079874,5073,0
2024,11502777,3162079874,5073,7
2024,10726154,3162079874,5071,8
2024,10726154,3162079874,5074,10
2024,10516191,3162079874,5075,10
2024,10837507,3162079874,5071,0
2024,10837507,3162079874,5072,0
2024,10837507,3162079874,5075,0
2024,10405270,3162079874,5072,0
2024,10403933,3162079874,5072,0
2024,10406026,3162079874,5073,8
2024,12068421,3162079874,5073,6
2024,12068421,3162079874,5074,10
2024,12068421,3162079874,5075,10
2024,10837451,3162080071,0381,8
2024,11635385,3162080071,0375,7
2024,10707778,3162080071,0375,0
2024,10707778,3162080071,0374,0
2024,10855729,3162080071,0375,9
2024,10855729,3162080071,0374,9
2024,10611327,3162080071,0375,10
2024,10611327,3162080071,0376,10
2024,11242377,3162080071,CV0004,7
2024,10267085,3162080071,0376,7
2024,10267085,3162080071,0376,6
2024,10832107,3162080071,CV0004,9
2024,10832107,3162080071,0375,10
2024,10679688,3162080071,0375,9
2024,10707654,3162080071,0381,4
2024,10676228,3162080071,CV0004,9
2024,10676228,3162080071,0376,8
2024,10837560,3162080071,0378,8
2024,10864476,3162080071,0378,6
2024,10864476,3162080071,0377,4
2024,10864476,3162080071,0376,7
2024,10832097,3162080071,0381,7
2024,12722174,3162080071,CV0004,10
2024,13257199,3162080071,0374,10
2024,10634348,3162080071,CV0004,8
2024,10634348,3162080071,0375,2
2024,10634348,3162080071,0375,8
2024,10634348,3162080071,0376,6
2024,10691654,3162080071,0375,5
2024,10687382,3162080071,CV0004,7
2024,10687382,3162080071,0378,5
2024,10500950,3162080071,0375,0
2024,10711859,3162080071,0375,0
2024,10293307,3162079993,0490,7
2024,10293307,3162079993,0488,8
2024,13248857,3162079993,0491,0
2024,10679671,3162079993,0491,0
2024,10679671,3162079993,0490,0
2024,10679671,3162079993,0488,3
2024,12636620,3162079993,0491,0
2024,10364384,3162079993,CV0004,10
2024,10364384,3162079993,0494,7
2024,10525745,3162079993,0489,8
2024,10437714,3162079993,0491,2
2024,12427040,3162079993,CV0004,6
2024,13459614,3162079993,0494,0
2024,13459614,3162079993,0491,0
2024,13459614,3162079993,0488,0
2024,13459614,3162079993,0488,0
2024,12040403,3162079993,0490,4
2024,11254010,3162079993,0488,8
2024,10332148,3162079993,0491,0
2024,10332148,3162079993,0490,0
2024,10332148,3162079993,0486,8
2024,11400429,3162079993,CV0004,5
2024,10279313,3162079993,0489,6
2024,10640914,3162079993,0495,0
2024,10640914,3162079993,0486,0
2024,10905913,3162079993,0486,0
2024,13245900,3162079993,0488,5
2024,13038149,3162079993,CV0004,8
2024,13038149,3162079993,0489,5
2024,12735228,3162079993,0491,9
2024,10512597,3162079993,0491,5
2024,10512597,3162079993,0489,7
2024,11904882,3162079993,CV0004,1
2024,11904882,3162079993,0488,5
2024,10965828,3162079993,0489,5
2024,10965828,3162079993,0488,8
2024,10984790,3162079993,0486,0
2024,10635824,3162079993,0495,0
2024,10635824,3162079993,0492,6
2024,10635824,3162079993,0490,5
2024,10635824,3162079993,0488,5
2024,10279375,3162079957,0615,6
2024,10711791,3162079957,0614,7
2024,10711791,3162079957,0612,2
2024,10666129,3162079957,0614,8
2024,10666129,3162079957,0612,6
2024,10945672,3162079957,0615,6
2024,10945672,3162079957,0614,8
2024,10945672,3162079957,0612,7
2024,10837069,3162079957,CV0004,7
2024,10736098,3162079957,0614,4
2024,10254986,3162079957,CV0004,10
2024,10254986,3162079957,0616,10
2024,10679677,3162079957,0614,7
2024,10201417,3162079957,CV0004,10
2024,10201417,3162079957,0618,9
2024,10201417,3162079957,0614,8
2024,10201417,3162079957,0612,9
2024,10730670,3162079957,0619,0
2024,10820972,3162079957,CV0004,8
2024,10820972,3162079957,0615,9
2024,10820972,3162079957,0614,8
2024,10663063,3162079957,0615,5
2024,10663063,3162079957,0612,9
2024,10392051,3162079957,0615,4
2024,10392051,3162079957,0614,4
2024,10489583,3162079957,0614,7
2024,10489583,3162079957,0612,9
2024,13294635,3162079957,0618,8
2024,11736342,3162079957,0614,10
2024,10689194,3162079957,CV0004,8
2024,10689194,3162079957,0613,8
2024,10689194,3162079957,0612,10
2024,10817332,3162079957,0619,0
2024,10817332,3162079957,0615,7
2024,10027669,3162079936,0228,0
2024,10910799,3162079936,0227,9
2024,10906556,3162079936,0228,4
2024,10906556,3162079936,0226,3
2024,10912321,3162079936,0228,10
2024,10837080,3162079936,CV0002,8
2024,10888617,3162079936,0228,10
2024,10904569,3162079936,0231,0
2024,10892259,3162079936,CV0002,7
2024,10892259,3162079936,0231,0
2024,13261957,3162079936,0228,4
2024,13261957,3162079936,0227,5
2024,10911373,3162079936,0226,10
2024,10911373,3162079936,0231,0
2024,10789656,3162079936,CV0002,7
2024,10789656,3162079936,CV0002,7
2024,10789656,3162079936,0224,8
2024,11088604,3162079936,0228,9
2024,10909591,3162079936,0228,10
2024,10017433,3162079936,0230,8
2024,12730601,3162079936,0230,8
2024,12730601,3162079936,0226,9
2024,12505624,3162079936,0228,6
2024,13086978,3162079936,0228,8
2024,13086978,3162079936,0224,6
2024,11407222,3162079936,0230,5
2024,13031141,3162079936,0228,9
2024,13031141,3162079936,0227,7
2024,10344575,3162079936,0228,8
2024,10344575,3162079936,0227,7
2024,13250561,3162079936,CV0002,0
2024,13250561,3162079936,0227,0
2024,10416745,3162079936,0230,3
2024,10416745,3162079936,0230,0
2024,10978459,3162079936,0230,8
2024,10978459,3162079936,0228,0
2024,10793625,3162075411,028502,8
2024,10793625,3162075411,028505,7
2024,10793625,3162075411,028503,8
2024,10260898,3162075411,028504,10
2024,10260898,3162075411,028505,8
2024,10260898,3162075411,028001,8
2024,10260898,3162075411,028100,9
2024,12921679,3162075411,028502,7
2024,12921679,3162075411,028504,8
2024,12921679,3162075411,028505,4
2024,13452193,3162075411,028001,8
2024,13452193,3162075411,028501,9
2024,11572769,3162075411,028502,0
2024,10767533,3162075411,028502,9
2024,10767533,3162075411,028504,10
2024,10767533,3162075411,028100,8
2024,10471049,3162075411,028001,9
2024,10464351,3162075411,028502,8
2024,10464351,3162075411,028501,9
2024,10892583,3162075411,028505,4
2024,10892583,3162075411,028100,6
2024,10931651,3162075411,028505,5
2024,10931651,3162075411,028001,8
2024,10931651,3162075411,028100,8
2024,10931651,3162075411,028100,9
2024,10783770,3162075411,028504,7
2024,10783770,3162075411,028503,7
2024,10783770,3162075411,028503,8
2024,10783770,3162075411,028100,7
2024,11006716,3162075411,028502,7
2024,11004261,3162075411,028505,4
2024,11004261,3162075411,028503,7
2024,10333832,3162075411,028505,4
2024,10333832,3162075411,028100,5
2024,10901871,3162075411,028502,8
2024,10901871,3162075411,028505,3
2024,10901871,3162075411,028001,7
2024,11001548,3162075411,028504,9
2024,11001548,3162075411,028504,8
2024,11001548,3162075411,028001,8
2024,10409975,3162075411,028001,0
2024,10409975,3162075411,028001,0
2024,13451031,3162075411,028001,6
2024,13451031,3162075411,028501,7
2024,13451031,3162075411,028100,7
2024,10428502,3162075411,028504,3
2024,10904286,3162075411,028503,8
2024,12869703,3162075411,028001,6
2024,12869703,3162075411,028501,3
2024,11176344,3162075411,028504,5
2024,11176344,3162075411,028503,6
2024,10824027,3162075411,028504,8
2024,10824027,3162075411,028505,6
2024,10824027,3162075411,028100,7
2024,11025178,3162075411,028505,4
2024,10358166,3162075411,028502,10
2024,11318443,3162075411,028504,10
2024,10906346,3162075411,028502,8
2024,10906346,3162075411,028503,8
2024,10906346,3162075411,028503,4
2024,10906346,3162075411,028100,10
2024,10906346,3162075411,028100,10
2024,10927446,3162075411,028503,7
2024,10927446,3162075411,028501,8
2024,10777684,3162075411,028001,7
2024,12941115,3162075411,028502,9
2024,12941115,3162075411,028502,8
2024,12941115,3162075411,028503,7
2024,12941115,3162075411,028501,9
2024,12941115,3162075411,028501,7
2024,13246042,3162075411,028503,10
2024,13156002,3162075411,028502,0
2024,13156002,3162075411,028504,0
2024,13156002,3162075411,028504,0
2024,13156002,3162075411,028505,0
2024,10805472,3162075411,028505,1
2024,10926900,3162075411,028502,8
2024,10926900,3162075411,028504,9
2024,10926900,3162075411,028505,9
2024,10926900,3162075411,028501,9
2024,10926900,3162075411,028100,9
2024,13287506,3162075411,028504,9
2024,13287506,3162075411,028001,9
2024,13287506,3162075411,028100,9
2024,10801002,3162075411,028505,8
2024,10801002,3162075411,028505,8
2024,10801002,3162075411,028503,8
2024,13071991,3162075411,028505,8
2024,13071991,3162075411,028503,10
2024,11260593,3162075411,028504,6
2024,11260593,3162075411,028001,6
2024,11260593,3162075411,028001,0
2024,10895653,3162075411,028001,6
2024,10895653,3162075411,028100,8
2024,10698491,3162075411,028504,6
2024,10698491,3162075411,028001,1
2024,10698491,3162075411,028501,4
2024,10698491,3162075411,028100,5
2024,13124409,3162075411,028502,8
2024,13124409,3162075411,028503,9
2024,13124409,3162075411,028503,10
2024,11328075,3162075411,028504,8
2024,11328075,3162075411,028505,4
2024,11328075,3162075411,028001,6
2024,11328075,3162075411,028001,6
2024,11328075,3162075411,028503,7
2024,10496467,3162075411,028502,8
2024,12879841,3162075411,028502,0
2024,12879841,3162075411,028504,0
2024,12879841,3162075411,028501,0
2024,10924060,3162075411,028001,4
2024,10924060,3162075411,028001,6
2024,10924060,3162075411,028501,2
2024,13456219,3162075411,028505,7
2024,13456219,3162075411,028001,8
2024,13456219,3162075411,028503,10
2024,13456219,3162075411,028501,9
2024,11231768,3162075411,028504,0
2024,10904182,3162075411,028505,8
2024,10904182,3162075411,028001,5
2024,10904182,3162075411,028503,7
2024,13458419,3162075411,028505,7
2024,13458419,3162075411,028100,9
2024,11032717,3162075411,028502,8
2024,11032717,3162075411,028505,8
2024,11032717,3162075411,028503,8
2024,10446775,3162075411,028504,0
2024,10446775,3162075411,028504,0
2024,10446775,3162075411,028501,0
2024,10912191,3162075411,028502,3
2024,10912191,3162075411,028505,3
2024,10912191,3162075411,028505,4
2024,10912191,3162075411,028001,5
2024,10912191,3162075411,028503,4
2024,10912191,3162075411,028100,2
2024,13095949,3162075411,028505,4
2024,13095949,3162075411,028503,10
2024,13095949,3162075411,028100,9
2024,13456990,3162075411,028502,9
2024,13456990,3162075411,028504,7
2024,13456990,3162075411,028001,7
2024,13456990,3162075411,028501,7
2024,13458439,3162075411,028501,10
2024,13458439,3162075411,028501,7
2024,13458439,3162075411,028100,9
2024,10718947,3162075411,028504,7
2024,10718947,3162075411,028001,8
2024,10718947,3162075411,028001,8
2024,10718947,3162075411,028100,10
2024,10511909,3162075411,028502,0
2024,10511909,3162075411,028505,0
2024,10511909,3162075411,028001,0
2024,10511909,3162075411,028503,0
2024,11321787,3162075411,028100,10
2024,10705766,3162075411,028502,0
2024,10705766,3162075411,028504,3
2024,10705766,3162075411,028503,0
2024,10705766,3162075411,028100,4
2024,13364778,3162075411,028502,10
2024,13364778,3162075411,028504,8
2024,13364778,3162075411,028503,9
2024,13364778,3162075411,028501,8
2024,13364778,3162075411,028501,7
2024,10244186,3162075411,028505,6
2024,10244186,3162075411,028501,7
2024,12151166,3162075411,028505,6
2024,12151166,3162075411,028100,8
2024,10803834,3162075411,028502,5
2024,10803834,3162075411,028503,7
2024,10803834,3162075411,028100,7
2024,10442635,3162075411,028504,0
2024,10442635,3162075411,028505,0
2024,10442635,3162075411,028001,4
2024,13514018,3162075411,028504,8
2024,13514018,3162075411,028503,10
2024,10913310,3162075411,028100,8
2024,11173156,3162075411,028502,7
2024,10894182,3162075411,028502,7
2024,10894182,3162075411,028505,7
2024,10894182,3162075411,028503,6
2024,10894182,3162075411,028503,7
2024,11013996,3162075411,028505,7
2024,11013996,3162075411,028501,8
2024,11013996,3162075411,028501,9
2024,13459090,3162075411,028503,10
2024,10384941,3162075411,028504,9
2024,10384941,3162075411,028505,7
2024,10616148,3162075411,028505,0
2024,10616148,3162075411,028505,4
2024,10491541,3162075411,028505,7
2024,10491541,3162075411,028503,7
2024,11144881,3162075411,028502,0
2024,11144881,3162075411,028504,6
2024,11144881,3162075411,028503,0
2024,11144881,3162075411,028501,0
2024,12451319,3162075411,028001,9
2024,12510297,3162075411,028502,10
2024,12510297,3162075411,028501,8
2024,12510297,3162075411,028501,8
2024,10382918,3162075411,028504,0
2024,10382918,3162075411,028001,8
2024,10382918,3162075411,028501,0
2024,12373449,3162075411,028505,4
2024,12373449,3162075411,028505,4
2024,12373449,3162075411,028501,5
2024,10241444,3162075411,028505,0
2024,10241444,3162075411,028505,0
2024,10241444,3162075411,028505,0
2024,10241444,3162075411,028100,0
2024,11664133,3162075411,028001,7
2024,10017418,3162075411,028502,6
2024,13230238,3162075411,028502,0
2024,11027241,3162075411,028502,8
2024,11027241,3162075411,028501,8
2024,13035254,3162075411,028502,9
2024,13035254,3162075411,028503,9
2024,13035254,3162075411,028501,6
2024,13035254,3162075411,028100,8
2024,13124410,3162075411,028505,6
2024,13124410,3162075411,028501,7
2024,12877007,3162075411,028502,7
2024,12877007,3162075411,028001,6
2024,12877007,3162075411,028503,8
2024,10506539,3162075411,028502,7
2024,10506539,3162075411,028505,7
2024,10506539,3162075411,028501,7
2024,10407717,3162075411,028100,0
2024,12630701,3162075411,028504,9
2024,10724616,3162075411,028502,7
2024,10388125,3162075411,028504,8
2024,10925235,3162075411,028501,2
2024,13365806,3162075411,028504,9
2024,11236141,3162075411,028100,8
2024,13289936,3162075411,028504,6
2024,13289936,3162075411,028001,8
2024,13289936,3162075411,028001,9
2024,13289936,3162075411,028100,9
2024,12618601,3162075411,028502,8
2024,12618601,3162075411,028504,9
2024,12618601,3162075411,028505,0
2024,12618601,3162075411,028503,8
2024,12618601,3162075411,028100,0
2024,10952090,3162075411,028504,8
2024,10952090,3162075411,028503,10
2024,10952090,3162075411,028501,3
2024,10899221,3162075418,028601,0
2024,12623151,3162075418,028601,0
2024,12559644,3162075418,028601,0
2024,10525708,3162075418,028601,0
2024,10657224,3162075539,CV0004,9
2024,10657224,3162075539,1371,9
2024,10657224,3162075539,1374,6
2024,10652405,3162075539,CV0004,8
2024,10652405,3162075539,1378,0
2024,10652405,3162075539,1371,7
2024,10652405,3162075539,1374,8
2024,10652405,3162075539,1377,10
2024,10831149,3162075539,1371,7
2024,10701794,3162075539,1372,8
2024,13242130,3162075539,1377,10
2024,13281830,3162075539,CV0004,7
2024,13281830,3162075539,1373,8
2024,13281830,3162075539,1377,8
2024,10396024,3162075539,1375,9
2024,10396024,3162075539,1374,7
2024,10620831,3162075539,CV0004,8
2024,10620831,3162075539,1373,6
2024,10620831,3162075539,1373,7
2024,10822528,3162075539,CV0004,7
2024,13011023,3162075539,CV0004,5
2024,13011023,3162075539,1371,7
2024,13011023,3162075539,1372,7
2024,10657734,3162075539,1373,8
2024,10859549,3162075539,1374,9
2024,10711968,3162075539,1371,9
2024,10711968,3162075539,1373,8
2024,13256847,3162075539,1372,10
2024,10679716,3162075539,1377,9
2024,10698110,3162075539,1372,4
2024,10243955,3162075539,1378,0
2024,10319363,3162075539,1375,10
2024,10319363,3162075539,1372,8
2024,10319363,3162075539,1373,6
2024,12739203,3162075539,1372,8
2024,12739203,3162075539,1373,8
2024,10027372,3162075539,1374,8
2024,10689174,3162075539,CV0004,9
2024,10689174,3162075539,CV0004,8
2024,10689174,3162075539,1372,8
2024,10698052,3162075539,1377,6
2024,10324078,3162075539,1375,10
2024,10324078,3162075539,1377,7
2024,10781254,3162075539,CV0004,9
2024,10781254,3162075539,CV0004,8
2024,10781254,3162075539,1374,8
2024,11831183,3162075539,CV0004,7
2024,11831183,3162075539,1371,7
2024,11831183,3162075539,1373,8
2024,10734168,3162075539,1372,8
2024,10017422,3162075539,1371,9
2024,10735610,3162075539,1371,8
2024,10320009,3162075539,1378,0
2024,10845796,3162075539,CV0004,7
2024,10503400,3162075539,1374,9
2024,10937787,3162075539,1373,8
2024,13487291,3162075539,1374,4
2024,10414870,3228404816,0648,8
2024,10025295,3228404816,0651,7
2024,12690668,3228404816,0657p,9
2024,12690668,3228404816,0179,7
2024,12690668,3228404816,0648,8
2024,13450442,3228404816,0657p,0
2024,10711948,3228404816,0657p,9
2024,10711948,3228404816,0179,7
2024,10711948,3228404816,0651,6
2024,10244048,3228404816,0657p,9
2024,10244048,3228404816,0657p,9
2024,10244048,3228404816,0179,8
2024,10509186,3228404816,0647,9
2024,12332046,3228404816,0647,4
2024,10452196,3228404816,0649,10
2024,10452196,3228404816,0649,9
2024,10742998,3228404816,0651,9
2024,10742998,3228404816,0650,10
2024,10742998,3228404816,0648,9
2024,10742998,3228404816,0648,9
2024,10906957,3228404816,0650,7
2024,10677373,3228404816,0657p,0
2024,10677373,3228404816,0651,5
2024,10350415,3228404816,0648,9
2024,10350415,3228404816,0649,7
2024,10350415,3228404816,0647,7
2024,10024578,3228404816,0657p,9
2024,10024578,3228404816,0657p,9
2024,10024578,3228404816,0179,6
2024,13455127,3228404816,0179,8
2024,13455127,3228404816,0648,9
2024,10780784,3228404816,0651,7
2024,10780784,3228404816,0649,7
2024,10780784,3228404816,0649,4
2024,10780784,3228404816,0647,4
2024,13078687,3228404816,0649,9
2024,13078687,3228404816,0649,9
2024,10679723,3228404816,0648,7
2024,10679723,3228404816,0649,6
2024,10840138,3228404816,0650,6
2024,10840138,3228404816,0648,8
2024,10017455,3228404816,0650,10
2024,10017455,3228404816,0648,8
2024,11806221,3228404816,0651,7
2024,11806221,3228404816,0650,6
2024,11806221,3228404816,0648,7
2024,11806221,3228404816,0649,8
2024,13035058,3228404816,0657p,8
2024,13035058,3228404816,0648,8
2024,10377895,3228404816,1709,0
2024,10377895,3228404816,0657p,0
2024,10377895,3228404816,0179,0
2024,10377895,3228404816,0651,0
2024,10377895,3228404816,0649,0
2024,10377895,3228404816,0647,0
2024,10661639,3228404816,0657p,9
2024,10661639,3228404816,0179,7
2024,10661639,3228404816,0648,9
2024,10661639,3228404816,0649,7
2024,10661639,3228404816,0647,8
2024,10357636,3228404816,0657p,7
2024,10357636,3228404816,0647,7
2024,10357636,3228404816,0647,6
2024,11338343,3228404816,0650,7
2024,10991112,3228404816,0648,9
2024,10991112,3228404816,0649,8
2024,10819112,3228404816,0650,6
2024,10819112,3228404816,0647,6
2024,10953575,3228404816,0650,6
2024,10381846,3228404816,0179,9
2024,10381846,3228404816,0647,8
2024,13456235,3228404816,0650,0
2024,13456235,3228404816,0649,0
2024,10679695,3228404816,0657p,7
2024,10679695,3228404816,0650,6
2024,10677900,3228404816,0657p,7
2024,10677900,3228404816,0179,7
2024,10677900,3228404816,0651,7
2024,13064420,3228404816,0648,8
2024,13064420,3228404816,0647,8
2024,10256435,3228404816,0651,7
2024,10256435,3228404816,0650,6
2024,13060964,3228404816,1709,0
2024,13060964,3228404816,1709,0
2024,13060964,3228404816,0657p,0
2024,13060964,3228404816,0179,0
2024,13060964,3228404816,0647,0
2024,10279441,3228404816,1709,9
2024,10279441,3228404816,0657p,9
2024,13264942,3228404816,0179,0
2024,13264942,3228404816,0651,0
2024,13264942,3228404816,0651,0
2024,13264942,3228404816,0650,4
2024,13264942,3228404816,0650,0
2024,13264942,3228404816,0648,3
2024,13264942,3228404816,0649,3
2024,13264942,3228404816,0649,0
2024,13264942,3228404816,0649,0
2024,10953290,3228404816,0179,9
2024,10953290,3228404816,0647,8
2024,10953290,3228404816,0647,8
2024,10463434,3228404816,0651,0
2024,10463434,3228404816,0650,0
2024,10463434,3228404816,0648,0
2024,10463434,3228404816,0648,0
2024,10463434,3228404816,0649,7
2024,10463434,3228404816,0647,0
2024,11254695,3228404816,0648,0
2024,11254695,3228404816,0649,0
2024,11664368,3228404816,0179,4
2024,11664368,3228404816,0651,6
2024,11664368,3228404816,0650,4
2024,11481642,3228404816,0648,0
2024,11481642,3228404816,0649,0
2024,11481642,3228404816,0647,0
2024,11889122,3228404816,0657p,9
2024,11889122,3228404816,0657p,7
2024,11889122,3228404816,0648,7
2024,11889122,3228404816,0648,6
2024,11241112,3228404816,0651,7
2024,11241112,3228404816,0648,8
2024,10819061,3228404816,0179,7
2024,10129831,3228404816,0179,4
2024,10129831,3228404816,0649,5
2024,10789628,3228404816,0179,8
2024,10789628,3228404816,0650,8
2024,10789628,3228404816,0649,7
2024,10783588,3228404816,0651,7
2024,10783588,3228404816,0648,8
2024,10783588,3228404816,0647,9
2024,13035060,3228404816,0657p,8
2024,13035060,3228404816,0179,7
2024,13035060,3228404816,0651,7
2024,13035060,3228404816,0648,7
2024,13035060,3228404816,0648,7
2024,13035179,3228404816,0179,8
2024,13035179,3228404816,0179,8
2024,10321979,3228404816,0657p,9
2024,10321979,3228404816,0648,7
2024,10321979,3228404816,0649,8
2024,10615771,3228404816,0657p,0
2024,10615771,3228404816,0649,0
2024,10796295,3228413080,0179,8
2024,10796295,3228413080,0370,10
2024,10796295,3228413080,0369,10
2024,10635003,3228413080,0179,10
2024,10635003,3228413080,0372,10
2024,10762343,3228413080,0379p,10
2024,10762343,3228413080,0379p,9
2024,10762343,3228413080,0373,9
2024,10910600,3228413080,0379p,9
2024,10910600,3228413080,0373,9
2024,10910600,3228413080,0369,8
2024,10910600,3228413080,0369,10
2024,10757735,3228413080,0379p,9
2024,10757735,3228413080,0179,9
2024,10757735,3228413080,0373,8
2024,10757735,3228413080,0372,6
2024,11082671,3228413080,0370,8
2024,11082671,3228413080,0371,8
2024,10849397,3228413080,0379p,8
2024,10849397,3228413080,0371,9
2024,10849397,3228413080,0369,8
2024,10805501,3228413080,0379p,3
2024,10805501,3228413080,0379p,8
2024,10805501,3228413080,0179,4
2024,10805501,3228413080,0373,3
2024,10805501,3228413080,0371,4
2024,10805501,3228413080,0372,4
2024,10805501,3228413080,0369,5
2024,10805501,3228413080,0369,4
2024,12854002,3228413080,0379p,9
2024,12854002,3228413080,0379p,8
2024,12854002,3228413080,0372,5
2024,10840811,3228413080,1709,8
2024,10840811,3228413080,0370,6
2024,10840811,3228413080,0373,6
2024,10737949,3228413080,0369,6
2024,10799789,3228413080,0379p,10
2024,10799789,3228413080,0373,10
2024,10783280,3228413080,0379p,9
2024,10783280,3228413080,0370,6
2024,10783280,3228413080,0372,6
2024,10652371,3228413080,0379p,9
2024,10762023,3228413080,0379p,10
2024,10762023,3228413080,0373,8
2024,10764453,3228413080,0373,8
2024,10764453,3228413080,0371,5
2024,10764453,3228413080,0372,6
2024,10764453,3228413080,0369,8
2024,10813139,3228413080,0179,4
2024,10813139,3228413080,0179,6
2024,10756607,3228413080,0379p,9
2024,10756607,3228413080,0369,10
2024,10762338,3228413080,1709,8
2024,10762338,3228413080,0179,8
2024,10762338,3228413080,0179,7
2024,10762338,3228413080,0370,6
2024,10823812,3228413080,0379p,9
2024,10823812,3228413080,0179,4
2024,10823812,3228413080,0371,7
2024,13456011,3228413080,0370,9
2024,13456011,3228413080,0373,9
2024,13456011,3228413080,0372,7
2024,10780756,3228413080,0379p,9
2024,10780756,3228413080,0179,8
2024,10780756,3228413080,0370,7
2024,10780756,3228413080,0371,8
2024,10780756,3228413080,0372,9
2024,10823807,3228413080,0379p,9
2024,10823807,3228413080,0370,7
2024,10823807,3228413080,0371,6
2024,11064614,3228413382,0616p,0
2024,11064614,3228413382,0179,8
2024,11067623,3228413382,0483,4
2024,13042221,3228413382,0616p,0
2024,13042221,3228413382,0616p,0
2024,13042221,3228413382,0179,0
2024,13042221,3228413382,0373,0
2024,13042221,3228413382,0373,0
2024,10525885,3228413382,0616p,0
2024,10525885,3228413382,0179,0
2024,10525885,3228413382,0179,0
2024,10525885,3228413382,0179,0
2024,10525885,3228413382,0373,0
2024,10525885,3228413382,0487,0
2024,10525885,3228413382,0487,0
2024,10525885,3228413382,0483,0
2024,13455308,3228413382,0487,7
2024,13455308,3228413382,0484,8
2024,10807600,3228413382,0616p,9
2024,10807600,3228413382,0179,9
2024,10807600,3228413382,0483,10
2024,10381670,3228413382,0616p,8
2024,10381670,3228413382,0487,4
2024,10679710,3228413382,0487,7
2024,10736277,3228413382,0179,10
2024,10736277,3228413382,0484,9
2024,10282899,3228413382,0616p,9
2024,10282899,3228413382,0616p,9
2024,10282899,3228413382,0179,9
2024,10282899,3228413382,0487,9
2024,10282899,3228413382,0487,8
2024,10797348,3228413382,0483,9
2024,10611084,3228413382,1709,7
2024,10611084,3228413382,0616p,9
2024,10611084,3228413382,0484,8
2024,10611084,3228413382,0484,8
2024,10695479,3228413382,1709,8
2024,10695479,3228413382,0616p,0
2024,10695479,3228413382,0487,0
2024,10695479,3228413382,0484,0
2024,10695479,3228413382,0484,0
2024,10695479,3228413382,0483,0
2024,10709604,3228413382,1709,7
2024,10709604,3228413382,0616p,10
2024,10709604,3228413382,0373,10
2024,10709604,3228413382,0484,9
2024,10709604,3228413382,0484,9
2024,10709604,3228413382,0483,9
2024,10770964,3228413382,0373,10
2024,10770964,3228413382,0485,10
2024,10770964,3228413382,0483,9
2024,10418675,3228413382,1709,8
2024,10418675,3228413382,0179,9
2024,10418675,3228413382,0373,4
2024,10418675,3228413382,0487,7
2024,10418675,3228413382,0485,4
2024,10418675,3228413382,0485,1
2024,11161106,3228413382,1709,0
2024,11161106,3228413382,0487,0
2024,11161106,3228413382,0485,0
2024,11161106,3228413382,0483,0
2024,10718934,3228413382,1709,8
2024,10718934,3228413382,0616p,9
2024,10718934,3228413382,0616p,9
2024,10269408,3228413382,0487,1
2024,10269408,3228413382,0487,0
2024,13460547,3228413382,0179,7
2024,13460547,3228413382,0484,7
2024,13460547,3228413382,0484,0
2024,13460547,3228413382,0483,7
2024,10688878,3228413382,0179,10
2024,10688878,3228413382,0483,10
2024,11571094,3228413382,0485,0
2024,11571094,3228413382,0484,7
2024,11332097,3228413382,0179,0
2024,11332097,3228413382,0373,0
2024,11332097,3228413382,0373,0
2024,11332097,3228413382,0373,0
2024,11332097,3228413382,0483,0
2024,10453628,3228413382,1709,0
2024,10453628,3228413382,0616p,0
2024,10453628,3228413382,0373,0
2024,12500233,3228413382,1709,0
2024,12500233,3228413382,0485,0
2024,12500233,3228413382,0483,0
2024,10399058,3228413382,0179,0
2024,10399058,3228413382,0179,0
2024,10399058,3228413382,0373,0
2024,10399058,3228413382,0373,0
2024,10399058,3228413382,0487,3
2024,10399058,3228413382,0485,0
2024,10399058,3228413382,0485,0
2024,10399058,3228413382,0484,6
2024,10399058,3228413382,0483,0
2024,10399058,3228413382,0483,0
2024,10399058,3228413382,0483,0
2024,10770657,3228413382,0616p,10
2024,10770657,3228413382,0616p,9
2024,10770657,3228413382,0485,8
2024,10770657,3228413382,0483,9
2024,10711977,3228413382,0179,9
2024,10308704,3228413382,1709,0
2024,10308704,3228413382,0487,0
2024,10308704,3228413382,0484,0
2024,10308704,3228413382,0483,0
2024,12730778,3228413382,0616p,6
2024,12730778,3228413382,0487,0
2024,12730778,3228413382,0483,0
2024,10255502,3228413382,0487,8
2024,10328549,3228413382,0179,9
2024,10328549,3228413382,0179,9
2024,10328549,3228413382,0373,6
2024,10328549,3228413382,0487,6
2024,10810051,3228413382,0179,10
2024,10810051,3228413382,0487,8
2024,10810051,3228413382,0487,8
2024,10810051,3228413382,0485,8
2024,10810051,3228413382,0484,4
2024,10810051,3228413382,0483,4
2024,11569845,3228413382,0485,0
2024,11569845,3228413382,0484,0
2024,11569845,3228413382,0483,0
2024,13459168,3228413382,0179,10
2024,13459168,3228413382,0373,10
2024,13459168,3228413382,0485,8
2024,10757001,3228413382,0616p,9
2024,10757001,3228413382,0179,9
2024,10757001,3228413382,0179,8
2024,10757001,3228413382,0373,10
2024,10757001,3228413382,0485,7
2024,10757001,3228413382,0483,9
2024,10828387,3228413382,0485,7
2024,13457137,3228413382,0179,0
2024,13457137,3228413382,0487,0
2024,13457137,3228413382,0484,0
2024,10856605,3228413382,0373,10
2024,10856605,3228413382,0487,7
2024,10401376,3228413382,1709,0
2024,10401376,3228413382,0373,0
2024,10401376,3228413382,0483,0
2024,11898422,3228413382,0616p,9
2024,11898422,3228413382,0616p,6
2024,13456133,3228413382,0487,0
2024,10677836,3228413382,1709,7
2024,10677836,3228413382,0485,1
2024,10677836,3228413382,0484,0
2024,10677836,3228413382,0483,0
2024,10205657,3228413382,1709,8
2024,10205657,3228413382,0616p,0
2024,10205657,3228413382,0179,6
2024,10205657,3228413382,0483,0
2024,10643328,3228413382,1709,9
2024,10643328,3228413382,0616p,10
2024,10643328,3228413382,0484,9
2024,12433428,3228413382,0179,0
2024,12433428,3228413382,0484,8
2024,12287306,3228413382,1709,0
2024,12287306,3228413382,0616p,0
2024,12287306,3228413382,0484,0
2024,10758419,3228413382,0373,7
2024,10865703,3228415772,0179,6
2024,10865703,3228415772,1368,8
2024,10799612,3228415772,1375p,10
2024,10799612,3228415772,1370,9
2024,10799612,3228415772,1369,9
2024,11649640,3228415772,0179,9
2024,11649640,3228415772,1370,4
2024,11649640,3228415772,1368,4
2024,10817945,3228415772,0179,7
2024,10817945,3228415772,1368,4
2024,10834174,3228415772,1375p,9
2024,10834174,3228415772,1367,9
2024,10834174,3228415772,1369,8
2024,10834174,3228415772,1369,9
2024,13281768,3228415772,1375p,8
2024,10798915,3228415772,1369,9
2024,10819488,3228415772,1367,7
2024,10781492,3228415772,1375p,9
2024,10781492,3228415772,1369,4
2024,10781492,3228415772,1369,5
2024,10413312,3228415772,1375p,8
2024,10413312,3228415772,1370,9
2024,10546650,3228415772,1709,8
2024,10546650,3228415772,0179,8
2024,10546650,3228415772,1370,9
2024,10546650,3228415772,1368,9
2024,11649375,3228415772,1375p,7
2024,11649375,3228415772,0179,9
2024,11649375,3228415772,1368,6
2024,10714135,3228415772,1375p,7
2024,10835968,3228415772,1368,9
2024,10835968,3228415772,1368,9
2024,10835968,3228415772,1369,9
2024,10842025,3228415772,1375p,8
2024,10803120,3228415772,1375p,9
2024,10803120,3228415772,0179,7
2024,10803120,3228415772,1370,8
2024,10803120,3228415772,1368,8
2024,10803120,3228415772,1368,7
2024,10851445,3228415772,1375p,9
2024,10851445,3228415772,1367,8
2024,10711961,3228415772,1367,4
2024,10678320,3228415772,1709,8
2024,10678320,3228415772,0179,8
2024,10678320,3228415772,0179,8
2024,10678320,3228415772,1370,0
2024,11341745,3228415772,1375p,9
2024,11341745,3228415772,1375p,8
2024,11341745,3228415772,1368,8
2024,10725869,3228415772,1375p,9
2024,10725869,3228415772,1367,8
2024,10725869,3228415772,1369,4
2024,10725869,3228415772,1369,7
2024,10725869,3228415772,1369,7
2024,10378823,3228415772,1368,10
2024,10378823,3228415772,1369,8
2024,11104411,3228415772,1709,8
2024,11104411,3228415772,1709,7
2024,11104411,3228415772,1368,4
2024,11104411,3228415772,1369,7
2024,10783707,3228415772,0179,9
2024,10783707,3228415772,1370,10
2024,10783707,3228415772,1369,9
2024,10985551,3228415772,1375p,9
2024,10985551,3228415772,0179,9
2024,10776515,3228415772,1368,8
2024,10776515,3228415772,1369,8
2024,10734128,3228415772,1375p,9
2024,10729560,3228415772,1369,5
2024,10729560,3228415772,1369,4
2024,10770501,3228415772,1709,8
2024,10819378,3228415772,1370,8
2024,10819378,3228415772,1370,8
2024,10819378,3228415772,1369,9
2024,10962405,3228415772,1375p,5
2024,10962405,3228415772,0179,5
2024,10962405,3228415772,1367,0
2024,10962405,3228415772,1368,6
2024,10962405,3228415772,1368,2
2024,10962405,3228415772,1368,0
2024,10827153,3228415772,1367,4
2024,10827153,3228415772,1369,8
2024,10993836,3228415772,1375p,8
2024,11514753,3228415772,1709,9
2024,11514753,3228415772,1368,9
2024,11514753,3228415772,1368,9
2024,10780789,3228415772,1375p,9
2024,10780789,3228415772,1375p,7
2024,10780789,3228415772,0179,6
2024,10780789,3228415772,1370,8
2024,10780789,3228415772,1369,8
2024,13462544,3228415772,1709,7
2024,13462544,3228415772,1375p,9
2024,13462544,3228415772,1367,8
2024,13462544,3228415772,1368,9
2024,13462544,3228415772,1369,8
2024,10809667,3228415772,1375p,9
2024,10809667,3228415772,0179,7
2024,10809667,3228415772,1368,7
2024,10687463,3228415772,1367,9
2024,10678151,3228415772,1370,4
2024,10678151,3228415772,1368,4
2024,10678151,3228415772,1368,4
2024,10678151,3228415772,1369,4
2024,10809557,3228415772,1375p,9
2024,10944114,3228415772,1370,7
2024,10944114,3228415772,1367,7
2024,10730519,3228415772,1375p,10
2024,10730519,3228415772,0179,6
2024,10730519,3228415772,1370,4
2024,10742238,3228415772,1375p,9
2024,10742238,3228415772,1367,6
2024,10742238,3228415772,1368,4
2024,12558926,3228415772,1367,6
2024,12558926,3228415772,1367,4
2024,12558926,3228415772,1369,4
2024,10960990,3228379385,0437,7
2024,11671982,3228379385,0438,4
2024,11043785,3228379385,0441,8
2024,11043785,3228379385,0439,7
2024,11043785,3228379385,0438,8
2024,11043785,3228379385,0438,8
2024,11043785,3228379385,0156,9
2024,10737175,3228379385,1709,7
2024,10737175,3228379385,0437,7
2024,10737175,3228379385,0441,10
2024,10737175,3228379385,0156,8
2024,13133521,3228379385,1709,10
2024,13133521,3228379385,0440,7
2024,11039273,3228379385,1709,8
2024,11039273,3228379385,0156,7
2024,11029440,3228379385,0440,9
2024,11029440,3228379385,0440,9
2024,11029440,3228379385,0156,8
2024,10995299,3228379385,0437,8
2024,10835299,3228379385,0437,3
2024,10835299,3228379385,0441,2
2024,10805591,3228379385,0156,7
2024,11805803,3228379385,0438,10
2024,11805803,3228379385,0156,9
2024,10906307,3228379385,1709,5
2024,10906307,3228379385,0437,3
2024,10906307,3228379385,0438,2
2024,10911748,3228379385,0437,6
2024,10911748,3228379385,0437,7
2024,10911748,3228379385,0441,9
2024,10911748,3228379385,0156,8
2024,10787655,3228379385,0439,7
2024,11026339,3228379385,0441,6
2024,11026339,3228379385,0156,7
2024,10905782,3228379385,0437,6
2024,10905782,3228379385,0441,7
2024,10905782,3228379385,0156,8
2024,11004486,3228379385,0441,9
2024,11004486,3228379385,0440,10
2024,11004486,3228379385,0440,10
2024,10911568,3228379385,0437,6
2024,10911568,3228379385,0438,9
2024,10911568,3228379385,0438,8
2024,10911568,3228379385,0440,8
2024,10911568,3228379385,0440,8
2024,11044309,3228379385,0439,7
2024,11044309,3228379385,0156,7
2024,11044309,3228379385,0156,6
2024,11604486,3228379385,0437,3
2024,11604486,3228379385,0441,3
2024,11604486,3228379385,0439,3
2024,10911000,3228379385,0437,7
2024,10911000,3228379385,0437,7
2024,10911000,3228379385,0441,6
2024,10911000,3228379385,0438,5
2024,10911000,3228379385,0156,7
2024,11068958,3228379385,1709,0
2024,11068958,3228379385,0156,0
2024,13466647,3228379385,0156,6
2024,11415744,3228379385,0438,7
2024,11415744,3228379385,0438,7
2024,10787257,3228379385,1709,7
2024,10278634,3228379385,0439,9
2024,10278634,3228379385,0156,8
2024,10284131,3228379385,1709,6
2024,10929912,3228379385,1709,5
2024,10929912,3228379385,0441,2
2024,10929912,3228379385,0439,6
2024,10929912,3228379385,0440,6
2024,11024457,3228379385,1709,9
2024,11024457,3228379385,0437,9
2024,10302214,3228379385,0437,0
2024,12731640,3228379385,0441,5
2024,12731640,3228379385,0441,5
2024,12731640,3228379385,0156,7
2024,11507257,3228379385,0437,8
2024,11507257,3228379385,0440,8
2024,10929818,3228379385,1709,8
2024,10929818,3228379385,0437,7
2024,10929818,3228379385,0441,10
2024,10929818,3228379385,0438,9
2024,10929818,3228379385,0440,9
2024,10951388,3228379385,0440,0
2024,10435060,3228379385,0439,0
2024,10435060,3228379385,0440,0
2024,10248709,3228379385,1709,0
2024,10248709,3228379385,0437,0
2024,10248709,3228379385,0437,0
2024,10421015,3228379385,0156,0
2024,12673295,3228379385,0441,0
2024,12673295,3228379385,0439,0
2024,12673295,3228379385,0439,0
2024,10420824,3228379385,0439,7
2024,10420824,3228379385,0438,0
2024,10468121,3228379385,0438,0
2024,13458066,3228379385,1709,10
2024,10650730,3228379385,1709,6
2024,10650730,3228379385,0437,8
2024,10650730,3228379385,0437,7
2024,10650730,3228379385,0437,7
2024,10650730,3228379385,0439,7
2024,10650730,3228379385,0440,4
2024,13459588,3228379385,0441,0
2024,13459588,3228379385,0438,0
2024,13459588,3228379385,0156,0
2024,10311923,3228379385,1709,0
2024,10311923,3228379385,1709,0
2024,10311923,3228379385,0441,0
2024,11026347,3228379385,0438,10
2024,11026347,3228379385,0156,8
2024,10394837,3228379385,0437,8
2024,10394837,3228379385,0437,8
2024,10307040,3228379385,0437,0
2024,10307040,3228379385,0437,0
2024,10307040,3228379385,0439,0
2024,10307040,3228379385,0156,0
2024,11786393,3228379385,1709,9
2024,11786393,3228379385,1709,8
2024,11786393,3228379385,0439,0
2024,11786393,3228379385,0439,0
2024,10696650,3228379385,0437,7
2024,10696650,3228379385,0441,6
2024,10696650,3228379385,0441,0
2024,10696650,3228379385,0441,0
2024,13459194,3228379385,1709,8
2024,13459361,3228379385,0441,0
2024,13459361,3228379385,0440,0
2024,13459361,3228379385,0156,0
2024,11033515,3228379385,0441,7
2024,11033515,3228379385,0440,6
2024,11033515,3228379385,0156,7
2024,11004716,3228379385,0441,10
2024,11004716,3228379385,0439,9
2024,11004716,3228379385,0439,9
2024,11004716,3228379385,0156,8
2024,11067932,3228379385,1709,0
2024,11067932,3228379385,0437,0
2024,11067932,3228379385,0441,1
2024,11067932,3228379385,0438,6
2024,11067932,3228379385,0440,8
2024,11067932,3228379385,0440,0
2024,11067932,3228379385,0156,0
2024,11666166,3228379385,0156,9
2024,11666166,3228379385,0156,9
2024,13221347,3228379385,1709,0
2024,13221347,3228379385,0437,0
2024,13221347,3228379385,0437,0
2024,13221347,3228379385,0440,0
2024,13221347,3228379385,0440,0
2024,13221347,3228379385,0440,0
2024,10800028,3228406931,0623,8
2024,10800028,3228406931,0930,6
2024,10824007,3228406931,1709,6
2024,10824007,3228406931,0623,8
2024,10635026,3228406931,0179,8
2024,10635026,3228406931,0930,6
2024,10635026,3228406931,0931,9
2024,10635026,3228406931,0931,9
2024,10635026,3228406931,1010,6
2024,10813126,3228406931,0931,10
2024,10776549,3228406931,0179,4
2024,10776549,3228406931,0931,9
2024,10510136,3228406931,1709,3
2024,10510136,3228406931,0179,4
2024,10510136,3228406931,0930,4
2024,10824614,3228406931,1709,0
2024,10824614,3228406931,1012p,0
2024,10824614,3228406931,0623,0
2024,10824614,3228406931,0930,0
2024,10824614,3228406931,1010,0
2024,10709557,3228406931,0623,4
2024,10709557,3228406931,0623,2
2024,10422716,3228406931,1012p,0
2024,10422716,3228406931,0179,0
2024,10422716,3228406931,0930,0
2024,10422716,3228406931,0931,0
2024,10862032,3228406931,1012p,0
2024,10862032,3228406931,0623,7
2024,10862032,3228406931,0623,0
2024,10862032,3228406931,0623,0
2024,10726936,3228406931,1709,8
2024,10726936,3228406931,0931,9
2024,10764144,3228406931,1012p,6
2024,10764144,3228406931,0931,9
2024,10764144,3228406931,1010,0
2024,10819701,3228406931,0179,4
2024,10819701,3228406931,0179,0
2024,10819701,3228406931,0179,0
2024,10817903,3228406931,1012p,6
2024,10817903,3228406931,1012p,9
2024,10817903,3228406931,1012p,8
2024,10805294,3228406931,1012p,7
2024,10805294,3228406931,1010,5
2024,10349498,3228406931,0930,7
2024,10349498,3228406931,1010,8
2024,10630363,3228406931,0623,8
2024,10852161,3228406931,0179,7
2024,10852161,3228406931,0931,9
2024,10819684,3228406931,0623,4
2024,10819684,3228406931,1010,3
2024,10414061,3228406931,0623,7
2024,10414061,3228406931,0930,4
2024,10199483,3228406931,0930,0
2024,11811552,3228406931,1012p,0
2024,10323559,3228406931,1012p,0
2024,10323559,3228406931,0930,0
2024,13458157,3228406931,0623,0
2024,13458157,3228406931,0931,0
2024,13458157,3228406931,1010,0
2024,13456007,3228406931,1012p,9
2024,13456007,3228406931,0623,8
2024,13456007,3228406931,0930,8
2024,13456007,3228406931,1010,9
2024,13523913,3228406931,0623,0
2024,10940616,3228406931,1709,0
2024,10940616,3228406931,1012p,0
2024,10940616,3228406931,0179,0
2024,10940616,3228406931,0179,0
2024,10940616,3228406931,0930,0
2024,10940616,3228406931,1010,0
2024,13458161,3228406931,0179,8
2024,13458161,3228406931,0179,9
2024,13458161,3228406931,0930,4
2024,13458161,3228406931,0930,7
2024,13458161,3228406931,0931,5
2024,13458161,3228406931,1010,7
2024,11059841,3228406931,1012p,9
2024,11059841,3228406931,0623,6
2024,10381708,3228406931,1012p,0
2024,10381708,3228406931,0179,0
2024,10381708,3228406931,0623,0
2024,10381708,3228406931,1010,2
2024,10852107,3228406931,1012p,0
2024,10852107,3228406931,0623,3
2024,10852107,3228406931,0930,0
2024,10304385,3228406931,1010,7
2024,11800453,3228406931,1709,0
2024,11800453,3228406931,1012p,0
2024,11800453,3228406931,0179,0
2024,11800453,3228406931,0930,0
2024,11800453,3228406931,0931,0
2024,11800453,3228406931,0931,0
2024,11800453,3228406931,1010,0
2024,10443575,3228406931,0623,1
2024,10818191,3228406931,1709,0
2024,10818191,3228406931,1709,0
2024,10818191,3228406931,1010,0
2024,10499331,3228406931,1010,5
2024,11089472,3228406931,0623,7
2024,10699271,3228406931,0179,8
2024,10699271,3228406931,0623,8
2024,10807830,3228406931,1012p,7
2024,10807830,3228406931,0931,7
2024,11629523,3228406931,0623,0
2024,11629523,3228406931,0623,0
2024,11629523,3228406931,0930,0
2024,11629523,3228406931,0931,0
2024,11629523,3228406931,0931,0
2024,10042816,3228406931,1709,5
2024,10042816,3228406931,0623,0
2024,10042816,3228406931,0930,0
2024,10042816,3228406931,0931,0
2024,10303628,3228406931,1709,7
2024,10303628,3228406931,1012p,6
2024,10303628,3228406931,0930,0
2024,10303628,3228406931,1010,6
2024,10022321,3228406931,1010,4
2024,10022321,3228406931,1010,5
2024,12561661,3228406931,0623,4
2024,12561661,3228406931,0930,3
2024,10797573,3228406931,0623,8
2024,10797573,3228406931,1010,5
2024,10479899,3228406931,1012p,9
2024,10918602,3228406931,0931,9
2024,10918602,3228406931,0931,8
2024,10918602,3228406931,0931,8
2024,10918602,3228406931,1010,6
2024,10754604,3228406931,0179,4
2024,10754604,3228406931,0931,8
2024,10365221,3228406931,0623,9
2024,10365221,3228406931,0930,7
2024,10365221,3228406931,0930,7
2024,13461591,3228406931,1012p,8
2024,13461591,3228406931,0623,8
2024,13461591,3228406931,0931,8
2024,13461591,3228406931,0931,10
2024,10630337,3228406931,0179,5
2024,10630337,3228406931,0623,6
2024,10630337,3228406931,0930,2
2024,10630337,3228406931,0931,8
2024,10249410,3228406931,1012p,9
2024,10249410,3228406931,0931,8
2024,10249410,3228406931,1010,8
2024,10729793,3228406545,0625,5
2024,10729793,3228406545,0623,8
2024,10729793,3228406545,0627,4
2024,10729793,3228406545,CV0008,8
2024,10729793,3228406545,CV0008,8
2024,12607926,3228406545,0179,5
2024,12607926,3228406545,0625,7
2024,12607926,3228406545,0625,8
2024,12607926,3228406545,CV0009,9
2024,11790917,3228406545,0622,8
2024,11790917,3228406545,0627,7
2024,10689201,3228406545,0828p,8
2024,10689201,3228406545,CV0008,10
2024,10742994,3228406545,0828p,10
2024,10742994,3228406545,0622,8
2024,10742994,3228406545,0623,8
2024,10487336,3228406545,CV0008,9
2024,10487336,3228406545,CV0009,8
2024,10857816,3228406545,0828p,8
2024,10857816,3228406545,0179,8
2024,10857816,3228406545,0623,8
2024,10847609,3228406545,1709,5
2024,10847609,3228406545,1709,4
2024,10847609,3228406545,1709,7
2024,10847609,3228406545,0622,5
2024,10847609,3228406545,0622,6
2024,10847609,3228406545,0627,6
2024,10766414,3228406545,CV0008,10
2024,10856038,3228406545,0623,7
2024,10856038,3228406545,CV0008,6
2024,11433224,3228406545,0627,7
2024,11433224,3228406545,CV0008,9
2024,11433224,3228406545,CV0009,9
2024,11073751,3228406545,CV0008,9
2024,10593810,3228406545,0828p,8
2024,10593810,3228406545,0622,7
2024,11231507,3228406545,0622,2
2024,11231507,3228406545,0622,0
2024,11231507,3228406545,0625,0
2024,11231507,3228406545,CV0008,2
2024,12912678,3228406545,0828p,10
2024,10804606,3228406545,1709,4
2024,10804606,3228406545,0623,7
2024,10804606,3228406545,CV0008,8
2024,10804606,3228406545,CV0009,9
2024,10707892,3228406545,1709,6
2024,10707892,3228406545,0623,7
2024,10707892,3228406545,CV0008,8
2024,13470345,3228406545,0828p,0
2024,13470345,3228406545,0828p,0
2024,13470345,3228406545,0179,0
2024,13470345,3228406545,0622,4
2024,13470345,3228406545,0625,0
2024,13470345,3228406545,0623,4
2024,13470345,3228406545,0623,0
2024,13470345,3228406545,0623,0
2024,13473425,3228406545,0828p,10
2024,13473425,3228406545,0179,9
2024,13473425,3228406545,0622,9
2024,10835673,3228406545,0828p,0
2024,10734184,3228406545,0828p,10
2024,10734184,3228406545,0828p,9
2024,10734184,3228406545,0179,7
2024,10734184,3228406545,0627,5
2024,10734184,3228406545,CV0008,8
2024,13170472,3228406545,CV0009,0
2024,10766479,3228410748,0179,8
2024,10766479,3228410748,0173,7
2024,10766479,3228410748,0177,6
2024,10843404,3228410748,0171,9
2024,10843404,3228410748,0171,8
2024,10843404,3228410748,0172,8
2024,10843404,3228410748,0177,8
2024,11782717,3228410748,1709,8
2024,11782717,3228410748,0181p,8
2024,11782717,3228410748,0172,9
2024,11782717,3228410748,0174,7
2024,10254373,3228410748,1709,9
2024,10254373,3228410748,0174,9
2024,10254373,3228410748,0174,8
2024,10254373,3228410748,0177,7
2024,13453640,3228410748,0172,8
2024,13453640,3228410748,0173,8
2024,13453640,3228410748,0173,6
2024,13453640,3228410748,0174,9
2024,10700069,3228410748,0181p,0
2024,10700069,3228410748,0171,0
2024,10700069,3228410748,0173,0
2024,10700069,3228410748,0173,0
2024,10700069,3228410748,0177,0
2024,10700069,3228410748,0177,0
2024,10392181,3228410748,0173,8
2024,10392181,3228410748,0177,9
2024,10506040,3228410748,0179,9
2024,10488332,3228410748,0177,7
2024,13455952,3228410748,0173,6
2024,10664803,3228410748,0171,0
2024,12413993,3228410748,1709,0
2024,12413993,3228410748,0179,0
2024,13480000,3228410748,0181p,0
2024,13480000,3228410748,0179,7
2024,10509253,3228410748,0181p,0
2024,10509253,3228410748,0173,0
2024,13455821,3228410748,0172,5
2024,13455821,3228410748,0174,7
2024,10664909,3228410748,0177,9
2024,11567443,3228410748,0171,7
2024,13456058,3228410748,0179,8
2024,13456058,3228410748,0179,8
2024,13456058,3228410748,0177,3
2024,10691269,3228410748,0181p,0
2024,10639978,3228410748,0171,7
2024,10639978,3228410748,0174,8
2024,10639978,3228410748,0174,8
2024,10639978,3228410748,0177,8
2024,10639978,3228410748,0177,8
2024,10507411,3228410748,1709,0
2024,10507411,3228410748,0171,0
2024,10507411,3228410748,0172,0
2024,10507411,3228410748,0177,0
2024,10745573,3228410357,0179,8
2024,10745573,3228410357,0171,4
2024,10745573,3228410357,0171,8
2024,10745573,3228410357,1709,8
2024,10745573,3228410357,0384,8
2024,10585531,3228410357,0179,4
2024,10585531,3228410357,0383,6
2024,10585531,3228410357,0384,6
2024,10585531,3228410357,0172,5
2024,10648032,3228410357,0171,8
2024,10648032,3228410357,0383,4
2024,10648032,3228410357,0384,4
2024,10648032,3228410357,0172,4
2024,10698109,3228410357,0383,8
2024,10698109,3228410357,0384,5
2024,10698109,3228410357,0384,6
2024,11627062,3228410357,0179,8
2024,11627062,3228410357,0383,8
2024,11627062,3228410357,0172,8
2024,10675936,3228410357,0400p,8
2024,10675936,3228410357,0179,4
2024,10675936,3228410357,0171,8
2024,10675936,3228410357,0383,7
2024,10675936,3228410357,0384,7
2024,10729539,3228410357,0173,7
2024,10410077,3228410357,0179,8
2024,10410077,3228410357,0171,7
2024,10530795,3228410357,0171,9
2024,10530795,3228410357,0384,8
2024,13455702,3228410357,0171,9
2024,13455702,3228410357,0173,10
2024,10719000,3228410357,1709,7
2024,10719000,3228410357,0400p,8
2024,10719000,3228410357,0400p,9
2024,13456027,3228410357,0384,7
2024,13456027,3228410357,0172,6
2024,13456027,3228410357,0173,5
2024,13251013,3228410357,0383,9
2024,13251013,3228410357,0172,9
2024,10835750,3228410357,0171,7
2024,10835750,3228410357,0171,8
2024,10835750,3228410357,0384,6
2024,10835750,3228410357,0173,5
2024,10766449,3228410357,0171,9
2024,10766449,3228410357,0171,9
2024,10766449,3228410357,0171,9
2024,10766449,3228410357,0384,8
2024,10645102,3228410357,0400p,8
2024,10820272,3228410357,0179,4
2024,10820272,3228410357,0173,8
2024,13487222,3228410357,0400p,8
2024,13487222,3228410357,0179,7
2024,13487222,3228410357,0384,8
2024,10742128,3228410892,0388p,9
2024,10742128,3228410892,0384,9
2024,13455012,3228410892,0171,0
2024,13455012,3228410892,0173,5
2024,10749811,3228410892,0171,5
2024,10749811,3228410892,0173,7
2024,13454999,3228410892,1709,0
2024,13454999,3228410892,0388p,4
2024,13454999,3228410892,0383,0
2024,13454999,3228410892,0173,4
2024,10678997,3228410892,0388p,0
2024,10678997,3228410892,0173,8
2024,10320497,3228410892,0171,7
2024,10808311,3228410892,0383,7
2024,13450196,3228410892,0171,9
2024,13450196,3228410892,0384,9
2024,13450196,3228410892,0173,9
2024,10761594,3228410892,1709,7
2024,10736502,3228410892,0171,7
2024,10736502,3228410892,0172,7
2024,10736502,3228410892,0172,6
2024,11330085,3228410892,0179,7
2024,11330085,3228410892,0171,3
2024,11330085,3228410892,0383,8
2024,11330085,3228410892,0172,6
2024,11330085,3228410892,0173,4
2024,10676318,3228410892,0383,7
2024,10676318,3228410892,0384,6
2024,13472424,3228410892,0171,4
2024,13472424,3228410892,0384,7
2024,13472424,3228410892,0173,8
2024,13475599,3228410892,0171,9
2024,13475662,3228410892,0179,9
2024,13475662,3228410892,0172,8
2024,10514139,3228410892,0179,8
2024,10514139,3228410892,0171,8
2024,10514139,3228410892,0383,8
2024,10514139,3228410892,0384,8
2024,10514139,3228410892,0172,8
2024,12912453,3228410892,1709,5
2024,12912453,3228410892,0383,8
2024,12912453,3228410892,0384,4
2024,12912453,3228410892,0384,4
2024,12912453,3228410892,0173,8
2024,11036107,3228381273,1229,1
2024,11036107,3228381273,1231,2
2024,11036107,3228381273,1231,1
2024,10793641,3228381273,0156,1
2024,10931235,3228381273,1232,4
2024,11003632,3228381273,0156,3
2024,11003632,3228381273,1229,1
2024,11003632,3228381273,1231,0
2024,11003632,3228381273,1232,0
2024,12607119,3228381273,1709,9
2024,12607119,3228381273,1709,8
2024,12607119,3228381273,1231,7
2024,13291541,3228381273,1231,7
2024,13291541,3228381273,1233,8
2024,12744964,3228381273,1231,6
2024,12744964,3228381273,1233,6
2024,10924853,3228381273,1709,9
2024,10924853,3228381273,1229,6
2024,11798264,3228381273,1231,5
2024,11798264,3228381273,1232,8
2024,11798264,3228381273,1233,8
2024,10648909,3228381273,1226,0
2024,10648909,3228381273,1231,6
2024,10912710,3228381273,1229,3
2024,10912710,3228381273,1231,4
2024,10912710,3228381273,1231,0
2024,10912710,3228381273,1232,4
2024,10912710,3228381273,1233,8
2024,10912710,3228381273,1233,6
2024,10787502,3228381273,1231,6
2024,10787502,3228381273,1232,7
2024,10904203,3228381273,1233,8
2024,11024352,3228381273,1709,8
2024,11024352,3228381273,1709,5
2024,11024352,3228381273,0156,9
2024,11024352,3228381273,1233,8
2024,10899896,3228381273,1232,4
2024,10899896,3228381273,1232,7
2024,13099124,3228381273,0156,8
2024,13099124,3228381273,1229,8
2024,13099124,3228381273,1231,8
2024,11004108,3228381273,1229,7
2024,11004108,3228381273,1233,9
2024,12465550,3228381273,0156,6
2024,12465550,3228381273,1229,5
2024,12465550,3228381273,1231,6
2024,12465550,3228381273,1232,4
2024,10916721,3228381273,1226,3
2024,10916721,3228381273,1229,0
2024,10916721,3228381273,1229,2
2024,10912726,3228381273,1231,7
2024,10805007,3228381273,1709,7
2024,10805007,3228381273,0156,7
2024,10805007,3228381273,1226,3
2024,10805007,3228381273,1229,5
2024,10805007,3228381273,1231,4
2024,10805007,3228381273,1231,5
2024,10805007,3228381273,1232,6
2024,11184512,3228381273,0156,8
2024,11184512,3228381273,0156,8
2024,11184512,3228381273,1229,5
2024,10654915,3228381273,1709,0
2024,10654915,3228381273,0156,0
2024,10654915,3228381273,0156,0
2024,11040995,3228381273,1709,7
2024,11040995,3228381273,1226,8
2024,11040995,3228381273,1229,5
2024,11040995,3228381273,1232,7
2024,11040995,3228381273,1233,8
2024,11040995,3228381273,1233,7
2024,10708167,3228390016,0225,6
2024,10708167,3228390016,0221,7
2024,11002913,3228390016,1709,10
2024,12563453,3228390016,1709,0
2024,12563453,3228390016,1709,1
2024,12563453,3228390016,0223,4
2024,12563453,3228390016,0221,7
2024,10846382,3228390016,1709,6
2024,10846382,3228390016,0225,5
2024,10846382,3228390016,0223,7
2024,10903261,3228390016,0223,3
2024,10903261,3228390016,0222,8
2024,11002807,3228390016,1709,3
2024,11002807,3228390016,0223,8
2024,11002807,3228390016,0222,7
2024,11146537,3228390016,0223,9
2024,11146537,3228390016,0221,10
2024,10897212,3228390016,0223,3
2024,10929469,3228390016,0156,0
2024,10812899,3228390016,1709,3
2024,10812899,3228390016,1709,4
2024,10812899,3228390016,0223,4
2024,10812899,3228390016,0223,5
2024,10812899,3228390016,0222,4
2024,10893131,3228390016,0225,7
2024,10893131,3228390016,0223,9
2024,10893131,3228390016,0223,8
2024,10893131,3228390016,0221,9
2024,10893131,3228390016,0221,9
2024,13452408,3228390016,0225,8
2024,13452408,3228390016,0221,9
2024,13452408,3228390016,0222,9
2024,10917865,3228390016,1709,3
2024,10917865,3228390016,0222,6
2024,10917865,3228390016,0222,8
2024,10917865,3228390016,0156,6
2024,11011197,3228390016,0156,10
2024,11011197,3228390016,0156,10
2024,12270997,3228390016,0221,0
2024,12270997,3228390016,0156,0
2024,11622314,3228390016,0223,6
2024,11622314,3228390016,0156,4
2024,11088265,3228390016,0222,9
2024,10762391,3228390016,0225,2
2024,11248234,3228390016,0223,5
2024,13458016,3228390016,1709,0
2024,13458016,3228390016,0225,0
2024,13458016,3228390016,0222,0
2024,13458016,3228390016,0156,0
2024,10776723,3228390016,1709,4
2024,10776723,3228390016,0221,4
2024,10776723,3228390016,0156,6
2024,10776723,3228390016,0156,7
2024,10959217,3228390016,0156,8
2024,10959217,3228390016,0156,9
2024,13114371,3228390016,1709,8
2024,13114371,3228390016,0225,9
2024,13114371,3228390016,0223,8
2024,13114371,3228390016,0221,10
2024,13114371,3228390016,0221,8
2024,13114371,3228390016,0222,6
2024,13114371,3228390016,0156,9
2024,12736641,3228390016,0223,3
2024,12736641,3228390016,0156,0
2024,13459021,3228390016,1709,3
2024,13459021,3228390016,0225,0
2024,13459021,3228390016,0156,4
2024,10353865,3228390016,0222,8
2024,11763179,3228390016,1709,0
2024,11763179,3228390016,0223,0
2024,13238582,3228390016,0225,0
2024,13238582,3228390016,0221,0
2024,13238582,3228390016,0156,0
2024,11479705,3228390016,0223,6
2024,11479705,3228390016,0223,6
2024,11479705,3228390016,0222,4
2024,13316624,3228390016,1709,6
2024,13316624,3228390016,0223,7
2024,13316624,3228390016,0221,7
2024,11312205,3228390016,0225,0
2024,11312205,3228390016,0221,0
2024,10070165,3228390016,1709,6
2024,10517185,3228390016,1709,0
2024,10517185,3228390016,0221,0
2024,10517185,3228390016,0222,0
2024,12510101,3228390016,1709,0
2024,12510101,3228390016,0225,0
2024,12510101,3228390016,0225,0
2024,12875318,3228390016,0225,8
2024,12875318,3228390016,0223,9
2024,12875318,3228390016,0223,9
2024,11034534,3228390016,0221,2
2024,13366127,3228390016,1709,8
2024,13366127,3228390016,0223,8
2024,13366127,3228390016,0223,9
2024,13366127,3228390016,0221,8
2024,13366127,3228390016,0222,6
2024,10473027,3228390016,0221,0
2024,10473027,3228390016,0221,0
2024,10675115,3228390016,0225,0
2024,10675115,3228390016,0221,0
2024,10675115,3228390016,0156,9
2024,12739645,3228390016,0223,10
2024,12739645,3228390016,0221,9
2024,12739645,3228390016,0221,10
2024,10459081,3228390016,1709,0
2024,10459081,3228390016,0221,0
2024,10459081,3228390016,0221,0
2024,12736802,3228390016,0221,0
2024,12736802,3228390016,0222,0
2024,12736802,3228390016,0222,0
2024,12736802,3228390016,0222,0
2024,12576881,3228390016,1709,0
2024,12576881,3228390016,0225,0
2024,12576881,3228390016,0222,0
2024,12576881,3228390016,0222,0
2024,12576881,3228390016,0222,0
2024,12576881,3228390016,0156,0
2024,12576881,3228390016,0156,0
2024,11323147,3228390016,1709,0
2024,11323147,3228390016,1709,0
2024,11323147,3228390016,0156,0
2024,11847570,3228390016,0156,0
2024,10762386,3162077488,CV0002,6
2024,10762386,3162077488,1235,5
2024,13112701,3162077488,1235,7
2024,10766806,3162077488,1230,8
2024,10932819,3162077488,1230,7
2024,10932819,3162077488,1235,5
2024,10932819,3162077488,1235,6
2024,10789649,3162077488,1228,9
2024,11667242,3162077488,1235,7
2024,11744036,3162077488,1228,9
2024,11744036,3162077488,1230,9
2024,10791133,3162077488,1227,8
2024,10791133,3162077488,1230,8
2024,12907793,3162077488,CV0002,5
2024,12907793,3162077488,1227,8
2024,12907793,3162077488,1234,8
2024,10909605,3162077488,1230,8
2024,10909605,3162077488,1237,0
2024,10761942,3162077488,1230,9
2024,10761942,3162077488,1237,0
2024,10889204,3162077488,1228,8
2024,10889204,3162077488,1230,7
2024,10889204,3162077488,1234,7
2024,10897205,3162077488,CV0002,6
2024,10805487,3162077488,CV0002,8
2024,10805487,3162077488,1227,8
2024,10858044,3162077488,1234,5
2024,10852104,3162077488,1235,4
2024,10802935,3162077488,1234,5
2024,10770893,3162077488,1234,0
2024,10770893,3162077488,1235,5
2024,10895114,3162077488,CV0002,6
2024,10895114,3162077488,1227,7
2024,10895114,3162077488,1228,8
2024,11336367,3162077488,CV0002,7
2024,11336367,3162077488,1230,7
2024,11336367,3162077488,1235,6
2024,10920099,3162077488,CV0002,9
2024,12932662,3162077488,1234,9
2024,10851064,3162077488,1227,6
2024,10718886,3162077600,1009,5
2024,10718886,3162077600,1011,8
2024,10718886,3162077600,1110,8
2024,10690358,3162077600,1011,8
2024,10690358,3162077600,1011,9
2024,10690358,3162077600,1109,7
2024,10690358,3162077600,1110,8
2024,10718081,3162077600,1110,8
2024,10718081,3162077600,1013,0
2024,10427109,3162077600,1008,0
2024,10427109,3162077600,1011,0
2024,10427109,3162077600,1109,4
2024,10427109,3162077600,1110,0
2024,10427109,3162077600,1110,0
2024,10826692,3162077600,1011,9
2024,10826692,3162077600,1011,10
2024,10826692,3162077600,1109,9
2024,10718886,3162077600,1012,6
2024,10584902,3162077600,1110,8
2024,10584902,3162077600,1110,8
2024,10852071,3162077600,1009,6
2024,10852071,3162077600,1110,8
2024,10707845,3162077600,1011,9
2024,10375121,3162077600,1008,6
2024,10375121,3162077600,1110,9
2024,10689153,3162077600,CV0004,7
2024,10689153,3162077600,1007,8
2024,10689153,3162077600,1109,7
2024,10795882,3162077600,1008,8
2024,10795882,3162077600,1011,10
2024,10795882,3162077600,1110,9
2024,10795882,3162077600,1012,6
2024,10833265,3162077600,1008,9
2024,10833265,3162077600,1013,0
2024,10768351,3162077600,1109,8
2024,10270640,3162077600,1008,0
2024,10270640,3162077600,1110,0
2024,12719809,3162077600,1011,10
2024,12719809,3162077600,1109,9
2024,12719809,3162077600,1012,9
2024,10737190,3162077600,1110,8
2024,10426520,3162077600,1008,7
2024,10432949,3162077600,1011,8
2024,10432949,3162077600,1110,7
2024,10820754,3162077600,1110,8
2024,10820754,3162077600,1013,0
2024,10466022,3162077600,1109,7
2024,10723795,3162077600,1109,8
2024,10723795,3162077600,1110,7
2024,10723795,3162077600,1012,8
2024,10664778,3162077600,1009,6
2024,10664778,3162077600,1110,7
2024,10664778,3162077600,1013,0
2024,13282254,3162077600,1011,6
2024,13282254,3162077600,1109,7
2024,10698475,3162077600,1008,4
2024,10698475,3162077600,1009,6
2024,10792793,3162077600,1008,7
2024,10792793,3162077600,1109,9
2024,10532574,3162077600,1007,0
2024,13040510,3162077600,1009,8
2024,13040510,3162077600,1011,8
2024,12636671,3162077600,1008,6
2024,11318428,3162077600,1007,9
2024,13243061,3162077600,1007,9
2024,13243061,3162077600,1011,9
2024,13243061,3162077600,1109,7
2024,10690015,3162077600,1007,7
2024,10690015,3162077600,1007,8
2024,10378770,3162077600,1007,0
2024,10378770,3162077600,1011,0
2024,10378770,3162077600,1011,0
2024,10378770,3162077600,1109,0
2024,10378770,3162077600,1110,0
2024,13249466,3162077600,CV0004,10
2024,13249466,3162077600,1009,9
2024,12424432,3162077600,1013,0
2024,10375621,3162077600,1008,8
2024,10375621,3162077600,1009,9
2024,11502177,3162077600,CV0004,8
2024,11502177,3162077600,1008,7
2024,11502177,3162077600,1011,9
2024,10809481,3162077600,1009,7
2024,12630557,3162077600,1007,0
2024,10816484,3162077600,CV0004,7
2024,10816484,3162077600,1007,2
2024,10816484,3162077600,1008,8
2024,10816484,3162077600,1011,8
2024,12300236,3162077600,1007,5
2024,12300236,3162077600,1110,7
2024,13460322,3162077600,CV0004,0
2024,10434495,3162077600,1008,0
2024,10434495,3162077600,1109,0
2024,10318774,3162077600,1011,9
2024,10451295,3162077600,1009,5
2024,10451295,3162077600,1110,0
2024,10451295,3162077600,1012,9
2024,10803572,3162077600,1009,6
2024,10803572,3162077600,1011,8
2024,10803572,3162077600,1109,8
2024,10736212,3162077600,1008,0
2024,10736212,3162077600,1011,0
2024,10278035,3162077600,1008,9
2024,10278035,3162077600,1008,9
2024,13242370,3162077600,1009,9
2024,10786442,3162077600,1012,8
2024,10354121,3162077600,1007,2
2024,10354121,3162077600,1008,3
2024,10354121,3162077600,1011,5
2024,10354121,3162077600,1011,4
2024,10354121,3162077600,1109,3
2024,10691616,3162077600,1011,7
2024,10296770,3162077600,1109,5
2024,13242369,3162077600,1011,0
2024,13242369,3162077600,1109,0
2024,10404684,3162077600,1008,0
2024,10404684,3162077600,1109,4
2024,10017290,3162077600,1007,9
2024,10318925,3162077600,1007,5
2024,10318925,3162077600,1013,0
2024,10431067,3162077600,1008,7
2024,10431067,3162077600,1011,7
2024,10792522,3162077600,1109,6
2024,10792522,3162077600,1012,8
2024,11074029,3162077551,0827,7
2024,10804683,3162077551,0825,9
2024,10804683,3162077551,0826,7
2024,10397145,3162077551,CV0004,9
2024,10397145,3162077551,0823,9
2024,10397145,3162077551,0827,8
2024,10397145,3162077551,0824,9
2024,10752122,3162077551,0822,8
2024,10808796,3162077551,0824,8
2024,10808796,3162077551,0826,7
2024,13288467,3162077551,0824,7
2024,13288467,3162077551,0826,6
2024,13288467,3162077551,CV0010,6
2024,10243788,3162077551,CV0010,0
2024,10713535,3162077551,CV0004,9
2024,10713535,3162077551,0830,0
2024,10700138,3162077551,0825,9
2024,10700138,3162077551,0827,6
2024,10700138,3162077551,0828,6
2024,10323951,3162077551,CV0010,10
2024,10770133,3162077551,CV0004,8
2024,10770133,3162077551,0822,5
2024,10770133,3162077551,0824,5
2024,10770133,3162077551,0824,5
2024,10770133,3162077551,0830,0
2024,10706042,3162077551,0826,5
2024,13288446,3162077551,CV0004,8
2024,13288446,3162077551,0825,8
2024,13288446,3162077551,0825,9
2024,13288446,3162077551,0822,9
2024,13288446,3162077551,0824,7
2024,10819055,3162077551,CV0004,10
2024,10819055,3162077551,0826,6
2024,10819055,3162077551,0826,6
2024,13293379,3162077551,CV0004,10
2024,13293379,3162077551,0825,9
2024,13293379,3162077551,0827,7
2024,13293379,3162077551,0826,6
2024,10809450,3162077551,0825,9
2024,10809450,3162077551,0826,7
2024,10699142,3162078584,243265,8
2024,10699142,3162078584,243267,6
2024,13448029,3162078584,243265,9
2024,13448029,3162078584,243264,7
2024,11066151,3162078584,243265,9
2024,11066151,3162078584,243267,9
2024,11066151,3162078584,243264,9
2024,10698470,3162078584,243265,9
2024,10698470,3162078584,243266,9
2024,11285049,3162078584,243264,10
2024,10347923,3162078584,243267,10
2024,10347923,3162078584,243264,10
2024,10675598,3162078584,243267,8
2024,10783224,3162078584,243265,9
2024,10783224,3162078584,243267,10
2024,13447274,3162078584,243264,9
2024,13035877,3162078584,243265,9
2024,13035877,3162078584,243267,10
2024,13035877,3162078584,243264,8
2024,10699108,3162078584,243266,9
2024,10699108,3162078584,243266,8
2024,13467527,3162078584,243265,8
2024,10287348,3162078584,243266,9
2024,10287348,3162078584,243264,9
2024,13475004,3162078584,243265,9
2024,13475004,3162078584,243267,9
2024,11316049,3162078584,243266,8
2024,13250043,3162078584,243265,2
2024,13250043,3162078584,243267,0
2024,13250043,3162078584,243264,0
2024,11316053,3162078584,243265,9
2024,10869145,3162078584,243265,8
2024,10869145,3162078584,243267,8
2024,10869145,3162078584,243267,9
2024,10869145,3162078584,243264,8
2024,10814418,3162078584,243265,9
2024,10814418,3162078584,243264,5
2024,10862205,3162078584,243267,8
2024,10862205,3162078584,243264,9
2024,10705571,3162078584,243265,10
2024,10705571,3162078584,243267,10
2024,10705571,3162078584,243267,9
2024,11564293,3162078584,243264,6
2024,10745557,3162078584,243267,9
2024,10745557,3162078584,243264,7
2024,10745557,3162078584,243264,7
2024,11251858,3162078591,243271,10
2024,10645661,3162078591,243602,9
2024,10645661,3162078591,243270,7
2024,10697595,3162078591,243602,9
2024,10697595,3162078591,243270,9
2024,10709718,3162078591,243602,6
2024,10772056,3162078591,243604,5
2024,10499298,3162078591,243602,9
2024,10723900,3162078591,243271,9
2024,10610021,3162078591,243602,9
2024,10610021,3162078591,243604,7
2024,10610021,3162078591,243604,9
2024,10242875,3162078591,243602,10
2024,10242875,3162078591,243271,8
2024,10850218,3162078591,243602,9
2024,10697823,3162078591,243601,0
2024,10862844,3162078591,243271,9
2024,10706060,3162078591,243604,9
2024,10706060,3162078591,243271,10
2024,10697613,3162078591,243271,10
2024,10507995,3162076035,0176,6
2024,10507995,3162076035,0175,7
2024,12637322,3162076035,0181,5
2024,11186762,3162076035,0181,0
2024,13263308,3162076035,0181,0
2024,13263308,3162076035,0175,3
2024,11568873,3162076035,CV0004,8
2024,10742422,3162076035,CV0004,7
2024,10742422,3162076035,CV0004,7
2024,10805336,3162076035,CV0004,6
2024,10487908,3162076035,0176,7
2024,10487908,3162076035,0178,8
2024,10487908,3162076035,0175,8
2024,13245158,3162076035,CV0004,7
2024,13245158,3162076035,0183,6
2024,10610451,3162076035,CV0004,9
2024,10610451,3162076035,0178,7
2024,10610451,3162076035,0175,5
2024,10838901,3162076035,0178,7
2024,10838901,3162076035,0178,6
2024,10581335,3162076035,0184,0
2024,10581335,3162076035,0183,8
2024,10706770,3162076035,CV0004,8
2024,10706770,3162076035,0180,8
2024,10849475,3162076035,0176,9
2024,10267575,3162076035,0175,1
2024,10255502,3228413382,0483,7
2024,10584902,3162077600,1013,0
2024,11921786,3162076035,0180,7
2024,10282475,3162076098,CV0004,10
2024,10513851,3162076098,CV0004,7
2024,10778000,3162076098,CV0004,9
2024,10513851,3162076098,0402,5
2024,10305439,3162076098,0403,0
2024,10707825,3162076098,0402,1
2024,13127380,3162076098,0402,6
2024,10277303,3162076119,CV0004,8
2024,10610383,3162076119,CV0004,7
2024,10610383,3162076119,0385,7
2024,10610383,3162076119,0386,7
2024,10513718,3162076119,0388,0
2024,10840996,3162079713,CV0002,8
2024,10899530,3162079713,CV0002,7
2024,10925424,3162079713,CV0002,9
2024,10798521,3162079713,CV0002,6
2024,12788547,3162079713,CV0002,7
2024,10787713,3162079713,CV0002,9
2024,10924358,3162079713,0443,5
2024,10793477,3162079713,0443,4
2024,12320496,3162079713,0443,0
2024,11235555,3162079713,0443,5
2024,11479322,3162079713,0443,0
2024,11800476,3162079713,CV0002,5
2024,13038791,3162079790,0655,7
2024,11553064,3162079790,0655,6
2024,10679661,3162079790,0655,8
2024,10412777,3162079790,0657,6
2024,10652552,3162079860,5023,10
2024,10810094,3162079860,5022,7
2024,10328167,3162079874,5075,0
2024,10403933,3162079874,5075,0
2024,10018367,3162079874,5074,7
2024,10837507,3162079874,5072,0
2024,10837451,3162080071,0381,9
2024,10855729,3162080071,0381,10
2024,11242377,3162080071,0377,8
2024,12722174,3162080071,0377,6
2024,10691654,3162080071,0377,6
2024,10707901,3162080071,0382,0
2024,10676228,3162080071,0382,0
2024,10864476,3162080071,0382,0
2024,12722174,3162080071,0382,0
2024,12722174,3162080071,0378,5
2024,10963354,3162080071,0382,0
2024,12040403,3162079993,0490,7
2024,10279324,3162079993,0490,7
2024,10277644,3162079993,0492,6
2024,10679677,3162079957,0615,7
2024,12736124,3162079957,0615,7
2024,10657057,3162079957,0613,0
2024,12730601,3162079936,0230,7
2024,10910799,3162079936,0230,9
2024,10904569,3162079936,0230,9
2024,11088604,3162079936,0230,9
2024,10909591,3162079936,0230,10
2024,10912321,3162079936,0226,9
2024,10663109,3162079936,0226,0
2024,11088604,3162079936,0226,8
2024,10390554,3162079936,0226,6
2024,10837080,3162079936,0224,6
2024,10819052,3162079936,0224,6
2024,10909591,3162079936,0224,7
2024,10663109,3162079936,CV0002,0
2024,10663109,3162079936,0228,0
2024,12730601,3162079936,0224,8
2024,13086978,3162079936,0224,6
2024,13250561,3162079936,0224,0
2024,12505624,3162079936,CV0002,9
2024,10344575,3162079936,CV0002,7
2024,12505624,3162079936,0224,6
2024,12505624,3162079936,0231,0
2024,13250561,3162079936,0228,0
2024,10978459,3162079936,0228,0
2024,10260898,3162075411,028501,9
2024,13452193,3162075411,028502,10
2024,10409975,3162075411,028502,0
2024,10705766,3162075411,028502,0
2024,10824027,3162075411,028504,8
2024,10895653,3162075411,028504,9
2024,10388125,3162075411,028504,9
2024,11025178,3162075411,028505,4
2024,10446775,3162075411,028501,0
2024,10705766,3162075411,028501,0
2024,11144881,3162075411,028501,0
2024,10912191,3162075411,028503,0
2024,11076555,3162075411,028503,0
2024,10511909,3162075411,028503,0
2024,10241444,3162075411,028100,0
2024,13239736,3162075418,028601,0
2024,13281520,3162075418,028601,0
2024,11407450,3162075418,028601,0
2024,10615480,3162075418,028601,0
2024,10597404,3162075418,028601,0
2024,12739113,3162075418,028601,0
2024,13499130,3162075418,028601,0
2024,11316204,3162075539,1378,0
2024,10859549,3162075539,1378,0
2024,10698110,3162075539,1378,0
2024,10319363,3162075539,1378,0
2024,10742955,3162075539,1378,0
2024,11316204,3162075539,1377,7
2024,13242130,3162075539,1377,10
2024,10711968,3162075539,1377,9
2024,10679716,3162075539,1371,9
2024,10027372,3162075539,1371,8
2024,10017422,3162075539,1378,0
2024,10707896,3162075539,1377,9
2024,10635766,3162075539,1371,5
2024,10845796,3162075539,1372,4
2024,10698052,3162075539,1375,0
2024,10802285,3228404816,1709,6
2024,10679695,3228404816,1709,7
2024,13476760,3228404816,1709,0
2024,10742998,3228404816,0649,10
2024,10961892,3228404816,0647,6
2024,10677373,3228404816,0179,0
2024,10679723,3228404816,0179,6
2024,10357636,3228404816,0651,7
2024,10129831,3228404816,0651,6
2024,10679695,3228404816,0649,4
2024,10677900,3228404816,0649,8
2024,10635003,3228413080,1709,10
2024,10635003,3228413080,0373,10
2024,10525885,3228413382,0616p,0
2024,11161106,3228413382,0485,0
2024,10308704,3228413382,0616p,0
2024,12287306,3228413382,0616p,0
2024,10269408,3228413382,0616p,6
2024,12730778,3228413382,0483,6
2024,10677836,3228413382,0484,0
2024,10730519,3228415772,1369,6
2024,10805591,3228379385,0437,0
2024,10951388,3228379385,0438,0
2024,10764144,3228406931,0179,5
2024,10817903,3228406931,0931,9
2024,10819684,3228406931,0930,5
2024,10397687,3228406931,0931,7
2024,13456007,3228406931,0179,8
2024,10766479,3228410748,0174,7
2024,13455821,3228410748,0174,5
2024,13523913,3228406931,0179,8
2024,13458161,3228406931,1012p,8
2024,13458161,3228406931,0931,8
2024,11059841,3228406931,0931,8
2024,10499331,3228406931,0930,5
2024,10303628,3228406931,0930,7
2024,10479899,3228406931,0930,9
2024,10479899,3228406931,0931,9
2024,10729793,3228406545,0627,3
2024,13170472,3228406545,0627,0
2024,13470345,3228406545,0828p,0
2024,13170472,3228406545,0828p,0
2024,13470345,3228406545,CV0008,0
2024,10711954,3228406545,0625,7
2024,10700069,3228410748,1709,0
2024,13455952,3228410748,1709,9
2024,13456058,3228410748,1709,0
2024,10509253,3228410748,0181p,0
2024,11567443,3228410748,0171,7
2024,10691269,3228410748,0174,0
2024,10507411,3228410748,0174,0
2024,13455012,3228410892,0171,2
2024,10320497,3228410892,0179,6
2024,10676318,3228410892,0179,9
2024,10514139,3228410892,0179,9
2024,11036107,3228381273,1709,0
2024,11003632,3228381273,1709,0
2024,10916721,3228381273,1709,0
2024,10654915,3228381273,1709,0
2024,10916721,3228381273,1233,0
2024,10654915,3228381273,1233,0
2024,10897212,3228390016,1709,5
2024,10812899,3228390016,1709,5
2024,13006056,3228390016,0222,4
2024,10776722,3162077488,CV0002,0
2024,10858044,3162077488,1230,6
2024,10375121,3162077600,CV0004,8
2024,12719809,3162077600,1007,10
2024,10466022,3162077600,1007,6
2024,10532574,3162077600,CV0004,0
2024,10532574,3162077600,1008,0
2024,13250043,3162078584,243266,0
2024,11316053,3162078584,243267,9
2024,13245158,3162076035,0181,5
2024,10713910,3162076035,0181,6
2024,11264068,3162076035,0178,6
2024,12679099,3162076035,0175,3
2024,12679099,3162076035,0175,0
2024,12452324,3162076035,0178,0
2024,12730900,3162076035,CV0004,0
2024,12730900,3162076035,0175,0
2024,10301350,3162076035,0181,7
2024,10301350,3162076035,0184,0
2024,13154960,3162076035,CV0004,0
2024,10411178,3162076098,0403,0
2024,10411178,3162076098,0400,10
2024,10411178,3162076098,0397,8
2024,10282475,3162076098,0397,8
2024,10675919,3162076098,0398,4
2024,10675919,3162076098,0397,4
2024,10513851,3162076098,0398,4
2024,10513851,3162076098,0397,7
2024,10837553,3162076098,0399,9
2024,10699672,3162076098,0397,8
2024,10677163,3162076098,0399,8
2024,10707825,3162076098,CV0004,8
2024,10707825,3162076098,0398,3
2024,10837523,3162076098,0403,0
2024,10700883,3162076098,0398,8
2024,10700883,3162076098,0397,8
2024,12398431,3162076098,0403,0
2024,13127380,3162076098,0399,9
2024,13127380,3162076098,0399,8
2024,10709639,3162076098,0398,8
2024,10709639,3162076098,0398,8
2024,10709639,3162076098,0180,7
2024,10709639,3162076098,0400,6
2024,10709639,3162076098,0402,8
2024,13456089,3162076098,0399,4
2024,12561996,3162076119,0388,0
2024,10664986,3162076119,0180,9
2024,10664986,3162076119,0390,6
2024,10664986,3162076119,0386,6
2024,11632133,3162076119,CV0004,10
2024,11632133,3162076119,0180,9
2024,10690446,3162076119,0180,8
2024,10690446,3162076119,0391,0
2024,12058330,3162076119,0388,7
2024,10742990,3162076119,0386,9
2024,10277303,3162076119,0180,7
2024,10277303,3162076119,0385,7
2024,10277303,3162076119,0385,8
2024,10486936,3162076119,0385,8
2024,10887591,3162079713,0446,8
2024,10887591,3162079713,0443,7
2024,10926432,3162079713,0442,9
2024,10737176,3162079713,0442,9
2024,10857947,3162079713,0442,6
2024,10916753,3162079713,CV0002,9
2024,10916753,3162079713,0442,8
2024,10840996,3162079713,0446,9
2024,10840996,3162079713,0443,4
2024,10840996,3162079713,0451,0
2024,10888026,3162079713,CV0002,9
2024,10888026,3162079713,0448,8
2024,11802825,3162079713,CV0002,8
2024,11802825,3162079713,0446,6
2024,10899530,3162079713,CV0002,9
2024,10899530,3162079713,0446,6
2024,10899530,3162079713,0451,0
2024,10899530,3162079713,0448,4
2024,10899530,3162079713,0448,6
2024,10925424,3162079713,0446,8
2024,10925424,3162079713,0448,7
2024,12890835,3162079713,CV0002,6
2024,10707891,3162079713,0451,0
2024,11594116,3162079713,0442,7
2024,10688886,3162079713,0443,7
2024,10688886,3162079713,0451,0
2024,10698482,3162079713,0443,7
2024,12788547,3162079713,0442,7
2024,10787713,3162079713,0446,7
2024,10787713,3162079713,0451,0
2024,10787713,3162079713,0448,6
2024,11010026,3162079713,0443,4
2024,11010026,3162079713,0451,0
2024,10793477,3162079713,0442,8
2024,10793477,3162079713,0451,0
2024,13457085,3162079713,0446,9
2024,12424801,3162079713,0446,7
2024,10431853,3162079713,0443,7
2024,13101838,3162079713,CV0002,4
2024,10308441,3162079713,0443,0
2024,10308441,3162079713,0442,0
2024,10416752,3162079713,0443,8
2024,10416752,3162079713,0443,6
2024,10325396,3162079713,0446,7
2024,10325396,3162079713,0443,7
2024,10325396,3162079713,0442,6
2024,10325396,3162079713,0448,5
2024,12731696,3162079713,CV0002,8
2024,12731696,3162079713,0443,7
2024,12731696,3162079713,0443,7
2024,10442321,3162079713,0446,0
2024,11780432,3162079713,0442,6
2024,12380827,3162079713,CV0002,4
2024,12736231,3162079713,0446,9
2024,12116573,3162079713,0448,8
2024,10991644,3162079713,0443,6
2024,13459444,3162079713,0446,0
2024,13459444,3162079713,0443,0
2024,13459444,3162079713,0443,0
2024,13459444,3162079713,0443,0
2024,13459444,3162079713,0442,0
2024,13459444,3162079713,0442,0
2024,10323662,3162079713,0446,0
2024,11569044,3162079713,0443,0
2024,11569044,3162079713,0443,7
2024,11502410,3162079713,0448,7
2024,11402624,3162079713,0446,6
2024,11402624,3162079713,0442,7
2024,10728710,3162079713,0442,3
2024,12839405,3162079713,CV0002,8
2024,12839405,3162079713,0443,6
2024,12839405,3162079713,0448,0
2024,10410324,3162079713,0443,0
2024,11349452,3162079713,0448,6
2024,13263684,3162079713,0448,9
2024,13263684,3162079713,0448,9
2024,12832437,3162079713,0443,6
2024,12853739,3162079713,CV0002,5
2024,10264521,3162079713,0448,7
2024,10735143,3162079790,0655,0
2024,10735143,3162079790,0652,0
2024,10735143,3162079790,0653,0
2024,10410551,3162079790,0656,9
2024,10283468,3162079790,0656,8
2024,11319435,3162079790,0654,0
2024,10852355,3162079790,0655,7
2024,10852355,3162079790,0654,3
2024,13282224,3162079790,0655,9
2024,13282224,3162079790,0653,8
2024,13282224,3162079790,0660,0
2024,10835661,3162079790,0653,6
2024,10835661,3162079790,0656,7
2024,10835661,3162079790,0654,6
2024,12840433,3162079790,0652,4
2024,12840433,3162079790,0652,6
2024,12840433,3162079790,0656,6
2024,11837806,3162079790,0653,4
2024,10657739,3162079790,0655,9
2024,10657739,3162079790,0652,8
2024,10657739,3162079790,0652,9
2024,10657739,3162079790,0660,0
2024,10657739,3162079790,0654,10
2024,10679661,3162079790,0656,6
2024,10509826,3162079790,0655,7
2024,10509826,3162079790,0657,9
2024,10509826,3162079790,0652,7
2024,10509826,3162079790,0656,6
2024,11262097,3162079790,0654,8
2024,10500611,3162079790,0653,6
2024,10679690,3162079790,0652,6
2024,10679690,3162079790,0660,0
2024,13038791,3162079790,0657,9
2024,13038791,3162079790,0653,6
2024,10743003,3162079790,0653,4
2024,13235855,3162079790,0657,10
2024,10652411,3162079790,0655,7
2024,10515573,3162079790,CV0004,6
2024,10515573,3162079790,0652,2
2024,10862522,3162079790,0656,7
2024,10792061,3162079790,0655,8
2024,10829023,3162079790,0652,4
2024,10829023,3162079790,0654,5
2024,13245586,3162079790,0655,9
2024,13245586,3162079790,0654,9
2024,10819298,3162079790,CV0004,9
2024,10819298,3162079790,0653,7
2024,11144559,3162079790,0656,9
2024,11335638,3162079790,0653,6
2024,11335638,3162079790,0654,3
2024,10689191,3162079790,0652,8
2024,11409670,3162079790,0655,0
2024,11409670,3162079790,0655,0
2024,11409670,3162079790,0652,0
2024,11409670,3162079790,0654,0
2024,12491074,3162079790,0654,0
2024,12731205,3162079790,0653,0
2024,12731205,3162079790,0654,0
2024,12568905,3162079790,0652,0
2024,10816926,3162079790,0655,0
2024,10816926,3162079790,0653,6
2024,10300393,3162079790,0656,9
2024,13248595,3162079790,0654,7
2024,11741280,3162079790,CV0004,4
2024,12020369,3162079790,0654,3
2024,13527455,3162079790,0656,8
2024,13038809,3162079790,0653,6
2024,13038809,3162079790,0656,8
2024,13038809,3162079790,0654,7
2024,11875204,3162079790,0652,5
2024,13298754,3162079790,CV0004,0
2024,13298754,3162079790,0656,0
2024,10283680,3162079790,CV0004,0
2024,10283680,3162079790,0652,0
2024,10283680,3162079790,0656,0
2024,13248312,3162079790,0655,2
2024,13248312,3162079790,0656,8
2024,12731503,3162079790,0655,0
2024,12731503,3162079790,0654,0
2024,10279159,3162079790,0655,4
2024,10279159,3162079790,0652,5
2024,12685301,3162079790,0653,0
2024,12685301,3162079790,0656,0
2024,11246656,3162079790,0653,0
2024,13457203,3162079790,0652,5
2024,11553064,3162079790,0654,6
2024,13457149,3162079790,CV0004,8
2024,13457149,3162079790,0655,3
2024,13457149,3162079790,0656,8
2024,10412777,3162079790,0654,3
2024,11321557,3162079790,0654,6
2024,10451024,3162079790,0654,2
2024,10349643,3162079790,0652,4
2024,13038756,3162079790,0653,6
2024,13248215,3162079790,0653,0
2024,11486847,3162079790,0656,1
2024,11486847,3162079790,0656,0
2024,13038797,3162079790,CV0004,8
2024,13038797,3162079790,0652,0
2024,13038797,3162079790,0652,0
2024,10083896,3162079790,CV0004,0
2024,10083896,3162079790,CV0004,0
2024,10083896,3162079790,0654,0
2024,13242362,3162079790,0655,4
2024,13242362,3162079790,0652,6
2024,13242362,3162079790,0654,0
2024,10840651,3162079860,5024,10
2024,10840651,3162079860,5026,10
2024,11263266,3162079860,5022,8
2024,10809218,3162079860,5023,10
2024,10809218,3162079860,5024,9
2024,10809218,3162079860,5025,10
2024,10809218,3162079860,5026,10
2024,10415513,3162079860,5021,10
2024,10415513,3162079860,5024,10
2024,10415513,3162079860,5025,10
2024,12724396,3162079860,5025,9
2024,12724396,3162079860,5026,8
2024,10380889,3162079860,5026,9
2024,10517224,3162079860,5022,10
2024,10740579,3162079860,5022,6
2024,10846791,3162079860,5021,9
2024,10846791,3162079860,5021,6
2024,10846791,3162079860,5022,8
2024,11430890,3162079860,5022,5
2024,11430890,3162079860,5023,8
2024,10810094,3162079860,5021,0
2024,10355633,3162079860,5023,8
2024,10355633,3162079860,5024,9
2024,11482158,3162079860,5026,8
2024,12874164,3162079860,5022,6
2024,12874164,3162079860,5023,10
2024,12874164,3162079860,5026,8
2024,10781314,3162079860,5025,6
2024,10678728,3162079860,5022,6
2024,10678728,3162079860,5024,7
2024,10678728,3162079860,5025,6
2024,10586308,3162079860,5024,10
2024,10586308,3162079860,5025,8
2024,10799062,3162079874,5072,7
2024,10736698,3162079874,5073,9
2024,10736698,3162079874,5075,8
2024,10328167,3162079874,5073,0
2024,10328167,3162079874,5073,0
2024,10841155,3162079874,5072,0
2024,10841155,3162079874,5074,0
2024,10832732,3162079874,5075,8
2024,10294470,3162079874,5071,0
2024,10294470,3162079874,5074,0
2024,10481669,3162079874,5072,9
2024,10747327,3162079874,5071,7
2024,10304881,3162079874,5071,0
2024,10304881,3162079874,5072,0
2024,10304881,3162079874,5072,0
2024,11502777,3162079874,5071,9
2024,11502777,3162079874,5075,8
2024,10726154,3162079874,5072,10
2024,10516191,3162079874,5071,7
2024,10837507,3162079874,5073,0
2024,10405270,3162079874,5072,0
2024,10403933,3162079874,5073,0
2024,10676854,3162079874,5073,9
2024,10676854,3162079874,5075,10
2024,10406026,3162079874,5073,9
2024,10837451,3162080071,CV0004,8
2024,10837451,3162080071,0375,9
2024,11635385,3162080071,CV0004,9
2024,10707778,3162080071,0375,0
2024,10707778,3162080071,0377,0
2024,10855729,3162080071,0377,8
2024,10611327,3162080071,0376,10
2024,11242377,3162080071,0381,9
2024,11242377,3162080071,0377,6
2024,10267085,3162080071,0381,7
2024,10267085,3162080071,0375,7
2024,10267085,3162080071,0377,6
2024,10707901,3162080071,0379,7
2024,10707901,3162080071,0375,7
2024,10832107,3162080071,0378,8
2024,10832107,3162080071,0382,0
2024,10679688,3162080071,CV0004,7
2024,10679688,3162080071,0379,9
2024,10679688,3162080071,0375,7
2024,10676228,3162080071,0377,4
2024,10837560,3162080071,0381,8
2024,10837560,3162080071,0375,7
2024,10837560,3162080071,0376,9
2024,10864476,3162080071,0375,0
2024,10832097,3162080071,0376,3
2024,10832097,3162080071,0374,5
2024,10332972,3162080071,0374,10
2024,12722174,3162080071,0376,6
2024,13257199,3162080071,0381,9
2024,13257199,3162080071,0374,9
2024,10634348,3162080071,CV0004,8
2024,10634348,3162080071,0377,7
2024,10634348,3162080071,0374,7
2024,10963354,3162080071,0379,10
2024,10963354,3162080071,0375,8
2024,10748092,3162080071,0374,8
2024,10691654,3162080071,0379,7
2024,10687382,3162080071,CV0004,7
2024,10500950,3162080071,0376,0
2024,10500950,3162080071,0374,2
2024,10711859,3162080071,0378,0
2024,10711859,3162080071,0376,1
2024,10711859,3162080071,0374,0
2024,12433973,3162079993,0495,0
2024,12433973,3162079993,0490,9
2024,10679671,3162079993,0490,0
2024,12636620,3162079993,0494,0
2024,10364384,3162079993,0486,9
2024,10525745,3162079993,0486,0
2024,12427040,3162079993,0488,6
2024,12427040,3162079993,0488,6
2024,13459614,3162079993,0490,0
2024,13459614,3162079993,0489,0
2024,13459614,3162079993,0486,0
2024,10332148,3162079993,CV0004,0
2024,10332148,3162079993,0490,7
2024,10332148,3162079993,0486,0
2024,10664873,3162079993,0486,0
2024,10279313,3162079993,0490,0
2024,10640914,3162079993,0489,8
2024,10905913,3162079993,0491,0
2024,10905913,3162079993,0491,0
2024,13038149,3162079993,0494,7
2024,10512597,3162079993,0495,0
2024,10512597,3162079993,0490,6
2024,10307929,3162079993,0490,4
2024,10307929,3162079993,0489,8
2024,11904882,3162079993,0489,5
2024,12636390,3162079993,0489,8
2024,10965828,3162079993,0491,5
2024,10965828,3162079993,0486,0
2024,11891674,3162079993,0489,0
2024,10635824,3162079993,CV0004,6
2024,10635824,3162079993,0494,5
2024,10635824,3162079993,0490,7
2024,10666129,3162079957,0618,8
2024,10666129,3162079957,0613,5
2024,10945672,3162079957,CV0004,7
2024,10279324,3162079993,0492,7
2024,10945672,3162079957,0614,8
2024,10837069,3162079957,0613,8
2024,10837069,3162079957,0612,7
2024,10736098,3162079957,0615,8
2024,10736098,3162079957,0613,4
2024,10736098,3162079957,0612,3
2024,10254986,3162079957,0612,10
2024,10679677,3162079957,0613,6
2024,10201417,3162079957,CV0004,10
2024,10201417,3162079957,0615,8
2024,10820972,3162079957,CV0004,10
2024,12736124,3162079957,0614,7
2024,12736124,3162079957,0613,2
2024,10392051,3162079957,CV0004,10
2024,10392051,3162079957,0618,9
2024,10489583,3162079957,0619,0
2024,13294635,3162079957,0619,0
2024,13294635,3162079957,0612,9
2024,10689194,3162079957,0616,10
2024,10689194,3162079957,0614,8
2024,10657057,3162079957,0615,4
2024,10027669,3162079936,0226,0
2024,10910799,3162079936,CV0002,10
2024,10910799,3162079936,0224,8
2024,10906556,3162079936,0230,6
2024,10906556,3162079936,0228,4
2024,10906556,3162079936,0224,3
2024,10912321,3162079936,0231,0
2024,10912321,3162079936,0227,10
2024,10837080,3162079936,CV0002,8
2024,10837080,3162079936,0230,6
2024,10819052,3162079936,0228,10
2024,10819052,3162079936,0226,6
2024,10819052,3162079936,0227,9
2024,10904569,3162079936,0224,8
2024,10904569,3162079936,0227,6
2024,13031606,3162079936,0227,6
2024,13031606,3162079936,0227,7
2024,10892259,3162079936,0230,9
2024,10911129,3162079936,0224,6
2024,10911373,3162079936,CV0002,9
2024,10911373,3162079936,0228,10
2024,10911373,3162079936,0226,9
2024,10663109,3162079936,0227,0
2024,10789656,3162079936,0228,8
2024,10789656,3162079936,0227,5
2024,10909591,3162079936,CV0002,9
2024,10909591,3162079936,0226,9
2024,10390554,3162079936,0230,9
2024,10390554,3162079936,0230,7
2024,10390554,3162079936,0224,4
2024,10390554,3162079936,0227,1
2024,10017433,3162079936,0226,10
2024,10017433,3162079936,0227,9
2024,10895404,3162079936,0224,8
2024,13086978,3162079936,CV0002,4
2024,10283255,3162079936,0228,7
2024,10283255,3162079936,0226,7
2024,11420126,3162079936,0227,0
2024,10679666,3162079936,0224,0
2024,13250561,3162079936,0230,0
2024,13250561,3162079936,0226,0
2024,10416745,3162079936,0228,3
2024,10416745,3162079936,0226,5
2024,10978459,3162079936,0226,0
2024,10793625,3162075411,028504,9
2024,10793625,3162075411,028505,7
2024,10793625,3162075411,028501,8
2024,10260898,3162075411,028503,8
2024,12921679,3162075411,028502,8
2024,11572769,3162075411,028502,0
2024,11572769,3162075411,028501,0
2024,10767533,3162075411,028505,9
2024,10767533,3162075411,028503,8
2024,10471049,3162075411,028502,9
2024,10471049,3162075411,028502,8
2024,10471049,3162075411,028501,9
2024,10464351,3162075411,028504,8
2024,10464351,3162075411,028504,10
2024,10464351,3162075411,028001,8
2024,10464351,3162075411,028503,8
2024,10464351,3162075411,028501,9
2024,10464351,3162075411,028100,9
2024,10892583,3162075411,028001,7
2024,10892583,3162075411,028503,4
2024,10931651,3162075411,028501,6
2024,10783770,3162075411,028502,7
2024,10783770,3162075411,028100,4
2024,11006716,3162075411,028505,4
2024,11006716,3162075411,028001,6
2024,11004261,3162075411,028501,0
2024,11004261,3162075411,028501,6
2024,11004261,3162075411,028100,8
2024,10333832,3162075411,028504,6
2024,10333832,3162075411,028505,4
2024,10901871,3162075411,028504,8
2024,10901871,3162075411,028001,7
2024,10901871,3162075411,028501,7
2024,10901871,3162075411,028100,8
2024,11001548,3162075411,028502,9
2024,11001548,3162075411,028505,6
2024,10409975,3162075411,028504,0
2024,10409975,3162075411,028001,0
2024,10409975,3162075411,028503,0
2024,13451031,3162075411,028504,6
2024,13451031,3162075411,028001,6
2024,13451031,3162075411,028100,6
2024,10428502,3162075411,028502,8
2024,10428502,3162075411,028505,4
2024,10904286,3162075411,028502,8
2024,10904286,3162075411,028503,8
2024,12869703,3162075411,028504,6
2024,12869703,3162075411,028505,3
2024,12869703,3162075411,028505,4
2024,12869703,3162075411,028503,6
2024,11176344,3162075411,028502,7
2024,11176344,3162075411,028505,4
2024,11176344,3162075411,028505,5
2024,11176344,3162075411,028001,6
2024,11176344,3162075411,028501,5
2024,10824027,3162075411,028504,9
2024,10824027,3162075411,028503,4
2024,10824027,3162075411,028503,3
2024,11025178,3162075411,028502,6
2024,11025178,3162075411,028001,8
2024,11025178,3162075411,028503,4
2024,11025178,3162075411,028100,7
2024,10358166,3162075411,028503,10
2024,11318443,3162075411,028505,9
2024,10906346,3162075411,028504,9
2024,10927446,3162075411,028502,10
2024,10927446,3162075411,028503,8
2024,10927446,3162075411,028100,9
2024,10777684,3162075411,028502,6
2024,10777684,3162075411,028504,9
2024,10777684,3162075411,028501,6
2024,12941115,3162075411,028502,9
2024,12941115,3162075411,028505,7
2024,13246042,3162075411,028503,10
2024,13246042,3162075411,028501,10
2024,13156002,3162075411,028100,10
2024,10805472,3162075411,028505,2
2024,10805472,3162075411,028505,2
2024,10805472,3162075411,028501,2
2024,10926900,3162075411,028504,10
2024,10926900,3162075411,028001,7
2024,10926900,3162075411,028503,8
2024,10926900,3162075411,028501,9
2024,13287506,3162075411,028505,8
2024,13287506,3162075411,028503,8
2024,13287506,3162075411,028503,8
2024,10801002,3162075411,028504,8
2024,13071991,3162075411,028502,9
2024,13071991,3162075411,028100,9
2024,11048215,3162075411,028505,7
2024,11260593,3162075411,028504,0
2024,11260593,3162075411,028503,1
2024,10895653,3162075411,028502,8
2024,10895653,3162075411,028505,7
2024,10698491,3162075411,028502,4
2024,10698491,3162075411,028505,0
2024,10698491,3162075411,028100,5
2024,13124409,3162075411,028100,6
2024,13124409,3162075411,028100,7
2024,11328075,3162075411,028502,7
2024,11328075,3162075411,028504,8
2024,11328075,3162075411,028100,7
2024,12879841,3162075411,028502,0
2024,12879841,3162075411,028504,0
2024,12879841,3162075411,028001,0
2024,12879841,3162075411,028503,0
2024,10924060,3162075411,028502,7
2024,10924060,3162075411,028504,9
2024,10924060,3162075411,028503,7
2024,13456219,3162075411,028504,6
2024,13456219,3162075411,028504,7
2024,13456219,3162075411,028505,8
2024,13456219,3162075411,028501,8
2024,13456219,3162075411,028100,9
2024,10906500,3162075411,028100,6
2024,11231768,3162075411,028504,0
2024,11231768,3162075411,028505,0
2024,11231768,3162075411,028501,0
2024,10904182,3162075411,028505,7
2024,10904182,3162075411,028501,8
2024,10904182,3162075411,028501,8
2024,13458419,3162075411,028502,9
2024,13458419,3162075411,028001,9
2024,11032717,3162075411,028505,8
2024,11032717,3162075411,028501,9
2024,11032717,3162075411,028100,7
2024,10446775,3162075411,028100,0
2024,10912191,3162075411,028503,3
2024,10912191,3162075411,028100,6
2024,13095949,3162075411,028502,9
2024,13095949,3162075411,028505,7
2024,13456990,3162075411,028504,7
2024,13458439,3162075411,028502,10
2024,13458439,3162075411,028504,8
2024,13458439,3162075411,028505,8
2024,10718947,3162075411,028501,6
2024,10251126,3162075411,028503,0
2024,10251126,3162075411,028100,0
2024,10251126,3162075411,028100,0
2024,11076555,3162075411,028502,0
2024,11076555,3162075411,028504,3
2024,11076555,3162075411,028505,0
2024,11076555,3162075411,028001,0
2024,11076555,3162075411,028001,0
2024,10511909,3162075411,028502,0
2024,10511909,3162075411,028504,0
2024,10511909,3162075411,028001,0
2024,10511909,3162075411,028503,0
2024,10511909,3162075411,028100,0
2024,11321787,3162075411,028502,10
2024,11321787,3162075411,028505,10
2024,11321787,3162075411,028001,10
2024,10705766,3162075411,028502,0
2024,10705766,3162075411,028001,5
2024,10705766,3162075411,028001,0
2024,10705766,3162075411,028001,0
2024,13364778,3162075411,028505,8
2024,13364778,3162075411,028001,10
2024,10401257,3162075411,028502,10
2024,10401257,3162075411,028504,8
2024,10401257,3162075411,028504,9
2024,10244186,3162075411,028504,3
2024,12151166,3162075411,028503,10
2024,12151166,3162075411,028501,8
2024,10803834,3162075411,028001,9
2024,10803834,3162075411,028501,0
2024,10803834,3162075411,028100,9
2024,10442635,3162075411,028505,0
2024,10442635,3162075411,028001,0
2024,10442635,3162075411,028100,0
2024,10913310,3162075411,028502,7
2024,10913310,3162075411,028504,9
2024,10913310,3162075411,028505,4
2024,10913310,3162075411,028100,7
2024,10894182,3162075411,028504,8
2024,10894182,3162075411,028001,8
2024,10894182,3162075411,028503,8
2024,11013996,3162075411,028505,4
2024,11013996,3162075411,028001,8
2024,13459090,3162075411,028100,9
2024,13459090,3162075411,028100,9
2024,13459090,3162075411,028100,9
2024,10681066,3162075411,028505,6
2024,10384941,3162075411,028504,9
2024,10384941,3162075411,028505,8
2024,10384941,3162075411,028505,8
2024,10616148,3162075411,028503,0
2024,10616148,3162075411,028100,0
2024,10491541,3162075411,028505,4
2024,10491541,3162075411,028505,8
2024,10491541,3162075411,028001,7
2024,10491541,3162075411,028501,8
2024,10491541,3162075411,028100,8
2024,10491541,3162075411,028100,9
2024,12878698,3162075411,028502,0
2024,12459446,3162075411,028504,4
2024,12459446,3162075411,028501,8
2024,11144881,3162075411,028505,4
2024,11144881,3162075411,028503,8
2024,11144881,3162075411,028501,6
2024,11144881,3162075411,028100,6
2024,12451319,3162075411,028504,8
2024,12451319,3162075411,028504,10
2024,12510297,3162075411,028001,8
2024,12510297,3162075411,028503,10
2024,10382918,3162075411,028505,4
2024,10382918,3162075411,028501,7
2024,10382918,3162075411,028501,5
2024,12373449,3162075411,028503,9
2024,10241444,3162075411,028502,0
2024,10241444,3162075411,028001,0
2024,10241444,3162075411,028100,0
2024,11664133,3162075411,028504,9
2024,10017418,3162075411,028502,7
2024,10017418,3162075411,028504,9
2024,10017418,3162075411,028505,7
2024,10017418,3162075411,028501,8
2024,10017418,3162075411,028100,9
2024,13230238,3162075411,028001,0
2024,13230238,3162075411,028501,0
2024,11027241,3162075411,028502,8
2024,11027241,3162075411,028505,7
2024,11027241,3162075411,028001,8
2024,11027241,3162075411,028503,8
2024,11027241,3162075411,028501,8
2024,13124410,3162075411,028503,9
2024,13124410,3162075411,028501,6
2024,12877007,3162075411,028503,9
2024,12877007,3162075411,028501,5
2024,10506539,3162075411,028502,8
2024,10506539,3162075411,028504,9
2024,10506539,3162075411,028504,8
2024,10506539,3162075411,028503,8
2024,10506539,3162075411,028503,7
2024,10407717,3162075411,028501,0
2024,10724616,3162075411,028502,6
2024,10724616,3162075411,028501,4
2024,10388125,3162075411,028505,7
2024,10925235,3162075411,028502,4
2024,10925235,3162075411,028504,4
2024,10925235,3162075411,028505,4
2024,10925235,3162075411,028503,2
2024,10925235,3162075411,028503,0
2024,10925235,3162075411,028501,1
2024,10925235,3162075411,028501,4
2024,10925235,3162075411,028100,0
2024,13365806,3162075411,028503,10
2024,13365806,3162075411,028501,8
2024,11236141,3162075411,028001,8
2024,11236141,3162075411,028100,7
2024,13289936,3162075411,028503,10
2024,13289936,3162075411,028501,8
2024,13289936,3162075411,028100,10
2024,12618601,3162075411,028100,7
2024,10952090,3162075411,028505,4
2024,10952090,3162075411,028503,9
2024,13461512,3162075411,028504,7
2024,11830567,3162075418,028601,0
2024,12873247,3162075418,028601,0
2024,10020005,3162075418,028601,0
2024,10905442,3162075418,028601,0
2024,10866566,3162075418,028601,0
2024,10788057,3162075418,028601,0
2024,13240658,3162075418,028601,0
2024,12837351,3162075418,028601,0
2024,12695436,3162075418,028601,0
2024,12858788,3162075418,028601,0
2024,10705842,3162075539,1375,5
2024,10705842,3162075539,1378,0
2024,10657224,3162075539,1371,9
2024,10657224,3162075539,1373,9
2024,10652405,3162075539,1375,8
2024,10652405,3162075539,1372,8
2024,10351740,3162075539,1378,0
2024,10351740,3162075539,1371,7
2024,10351740,3162075539,1372,8
2024,10831149,3162075539,1374,8
2024,10486854,3162075539,CV0004,4
2024,10486854,3162075539,1377,7
2024,10701794,3162075539,1372,7
2024,10701794,3162075539,1377,8
2024,11316204,3162075539,CV0004,8
2024,13242130,3162075539,1372,10
2024,10664967,3162075539,1373,7
2024,13281830,3162075539,1378,0
2024,13281830,3162075539,1372,8
2024,13281830,3162075539,1374,9
2024,10834203,3162075539,1377,8
2024,10620831,3162075539,1372,7
2024,10620831,3162075539,1377,8
2024,10822528,3162075539,1372,7
2024,13011023,3162075539,1378,0
2024,10657734,3162075539,1371,6
2024,10657734,3162075539,1372,6
2024,10657734,3162075539,1377,8
2024,10859549,3162075539,1374,8
2024,13256847,3162075539,CV0004,9
2024,13256847,3162075539,1378,0
2024,13256847,3162075539,1372,10
2024,13256847,3162075539,1377,9
2024,10698110,3162075539,CV0004,9
2024,10698110,3162075539,1377,8
2024,10505116,3162075539,1371,7
2024,10505116,3162075539,1372,4
2024,10319363,3162075539,1373,8
2024,10319363,3162075539,1377,0
2024,10839832,3162075539,1375,8
2024,12739203,3162075539,1372,8
2024,10027372,3162075539,1373,9
2024,10689174,3162075539,1377,9
2024,10698052,3162075539,CV0004,9
2024,10698052,3162075539,1378,0
2024,10698052,3162075539,1373,5
2024,10698052,3162075539,1374,6
2024,10698052,3162075539,1377,6
2024,10817396,3162075539,1371,8
2024,10817396,3162075539,1373,7
2024,10817396,3162075539,1374,8
2024,10324078,3162075539,1378,0
2024,10324078,3162075539,1373,10
2024,10324078,3162075539,1373,10
2024,10781254,3162075539,1373,8
2024,10781254,3162075539,1374,10
2024,10742955,3162075539,1374,8
2024,10742955,3162075539,1377,8
2024,11831183,3162075539,1372,9
2024,11831183,3162075539,1372,8
2024,10734168,3162075539,CV0004,7
2024,10707900,3162075539,1372,7
2024,10017422,3162075539,1373,9
2024,10017422,3162075539,1374,9
2024,10017422,3162075539,1374,9
2024,10017422,3162075539,1377,10
2024,10792560,3162075539,1375,0
2024,10776959,3162075539,1375,0
2024,10707896,3162075539,1375,8
2024,10635766,3162075539,1374,5
2024,11155646,3162075539,1372,6
2024,10845796,3162075539,CV0004,8
2024,10845796,3162075539,1372,1
2024,10845796,3162075539,1374,4
2024,10937787,3162075539,1372,7
2024,10937787,3162075539,1377,9
2024,10792560,3162075539,1375,9
2024,10802285,3228404816,0657p,7
2024,10414870,3228404816,0647,6
2024,13075443,3228404816,0657p,7
2024,13075443,3228404816,0179,4
2024,13075443,3228404816,0179,7
2024,13075443,3228404816,0179,5
2024,13075443,3228404816,0651,7
2024,13075443,3228404816,0650,4
2024,10025295,3228404816,0657p,10
2024,10025295,3228404816,0179,5
2024,10025295,3228404816,0651,8
2024,12690668,3228404816,0179,8
2024,12690668,3228404816,0179,7
2024,12690668,3228404816,0650,10
2024,13450442,3228404816,0179,0
2024,13450442,3228404816,0179,0
2024,13450442,3228404816,0649,0
2024,10244048,3228404816,0650,7
2024,10509186,3228404816,0657p,9
2024,10509186,3228404816,0647,9
2024,10509186,3228404816,0647,9
2024,12332046,3228404816,0657p,9
2024,10452196,3228404816,0649,9
2024,10961892,3228404816,0651,6
2024,10961892,3228404816,0647,4
2024,10677373,3228404816,0650,0
2024,10677373,3228404816,0648,0
2024,10677373,3228404816,0649,0
2024,10677373,3228404816,0647,0
2024,10350415,3228404816,0657p,9
2024,10350415,3228404816,0650,7
2024,10350415,3228404816,0649,7
2024,10024578,3228404816,0179,7
2024,10024578,3228404816,0647,5
2024,10024578,3228404816,0647,6
2024,13455127,3228404816,0657p,9
2024,13455127,3228404816,0657p,9
2024,13455127,3228404816,0651,9
2024,13455127,3228404816,0647,10
2024,10780784,3228404816,0657p,8
2024,10780784,3228404816,0179,7
2024,10780784,3228404816,0179,7
2024,10780784,3228404816,0648,8
2024,10780784,3228404816,0648,8
2024,13078687,3228404816,1709,8
2024,13078687,3228404816,0657p,9
2024,13078687,3228404816,0179,8
2024,10679723,3228404816,0179,5
2024,10679723,3228404816,0650,6
2024,10679723,3228404816,0648,8
2024,10679723,3228404816,0649,6
2024,10679723,3228404816,0647,7
2024,10679723,3228404816,0647,6
2024,10824617,3228404816,1709,7
2024,10824617,3228404816,1709,8
2024,10840138,3228404816,0179,8
2024,10840138,3228404816,0650,3
2024,10840138,3228404816,0649,7
2024,10017455,3228404816,0657p,9
2024,10017455,3228404816,0179,9
2024,10017455,3228404816,0651,8
2024,10017455,3228404816,0648,9
2024,13035058,3228404816,0651,7
2024,10377895,3228404816,0179,0
2024,10377895,3228404816,0647,0
2024,10661639,3228404816,0651,9
2024,10661639,3228404816,0650,7
2024,10661639,3228404816,0650,7
2024,10661639,3228404816,0650,7
2024,10357636,3228404816,0179,9
2024,10357636,3228404816,0648,8
2024,11338343,3228404816,0648,8
2024,11338343,3228404816,0649,7
2024,10991112,3228404816,1709,9
2024,10819112,3228404816,1709,9
2024,10819112,3228404816,1709,7
2024,10819112,3228404816,0179,8
2024,10819112,3228404816,0647,7
2024,10953575,3228404816,0647,7
2024,10953575,3228404816,0647,6
2024,10381846,3228404816,0657p,9
2024,10381846,3228404816,0657p,9
2024,10381846,3228404816,0651,10
2024,10381846,3228404816,0648,10
2024,10381846,3228404816,0649,8
2024,13456235,3228404816,0649,0
2024,10679695,3228404816,0657p,9
2024,10679695,3228404816,0650,4
2024,10679695,3228404816,0648,8
2024,10679695,3228404816,0649,4
2024,10677900,3228404816,1709,6
2024,10677900,3228404816,0657p,9
2024,10677900,3228404816,0650,6
2024,10677900,3228404816,0649,4
2024,13476760,3228404816,1709,4
2024,13476760,3228404816,0657p,0
2024,13476760,3228404816,0648,3
2024,13476760,3228404816,0647,0
2024,13064420,3228404816,0657p,6
2024,13064420,3228404816,0657p,7
2024,13064420,3228404816,0651,6
2024,13064420,3228404816,0648,7
2024,10256435,3228404816,0657p,9
2024,10256435,3228404816,0179,0
2024,10256435,3228404816,0651,6
2024,10256435,3228404816,0651,7
2024,10256435,3228404816,0650,2
2024,13060964,3228404816,0657p,0
2024,13060964,3228404816,0651,0
2024,13060964,3228404816,0648,0
2024,13060964,3228404816,0649,0
2024,10279441,3228404816,0651,8
2024,10279441,3228404816,0648,9
2024,10279441,3228404816,0647,8
2024,13264942,3228404816,1709,0
2024,13264942,3228404816,0179,6
2024,13264942,3228404816,0651,0
2024,10953290,3228404816,0649,8
2024,10463434,3228404816,0657p,0
2024,10463434,3228404816,0650,0
2024,10463434,3228404816,0650,0
2024,11254695,3228404816,0179,0
2024,11254695,3228404816,0179,0
2024,11254695,3228404816,0651,0
2024,11254695,3228404816,0651,0
2024,11664368,3228404816,0657p,0
2024,11664368,3228404816,0651,0
2024,11664368,3228404816,0650,0
2024,11664368,3228404816,0648,6
2024,11664368,3228404816,0648,0
2024,11664368,3228404816,0647,0
2024,11481642,3228404816,1709,0
2024,11481642,3228404816,1709,0
2024,11481642,3228404816,0657p,0
2024,11481642,3228404816,0651,0
2024,11481642,3228404816,0650,0
2024,11481642,3228404816,0650,0
2024,11481642,3228404816,0648,0
2024,11481642,3228404816,0648,0
2024,11481642,3228404816,0649,0
2024,11481642,3228404816,0649,0
2024,11481642,3228404816,0647,0
2024,11889122,3228404816,0649,9
2024,11889122,3228404816,0647,7
2024,11889122,3228404816,0647,5
2024,11241112,3228404816,0647,7
2024,10819061,3228404816,0651,9
2024,10819061,3228404816,0648,8
2024,10819061,3228404816,0649,7
2024,10129831,3228404816,0651,7
2024,10789628,3228404816,0657p,7
2024,10789628,3228404816,0650,8
2024,10789628,3228404816,0648,8
2024,10789628,3228404816,0647,8
2024,10783588,3228404816,1709,6
2024,10783588,3228404816,0657p,9
2024,13035060,3228404816,0648,8
2024,13035179,3228404816,0651,8
2024,13035179,3228404816,0648,7
2024,13035179,3228404816,0647,7
2024,10321979,3228404816,0179,0
2024,10321979,3228404816,0650,8
2024,10321979,3228404816,0648,8
2024,10321979,3228404816,0647,8
2024,10615771,3228404816,0651,0
2024,10615771,3228404816,0649,0
2024,10615771,3228404816,0649,0
2024,10762368,3228413080,0179,7
2024,10762368,3228413080,0379p,7
2024,10762368,3228413080,0373,7
2024,10762368,3228413080,0371,9
2024,10762368,3228413080,0372,7
2024,10796295,3228413080,0179,8
2024,10796295,3228413080,0373,7
2024,10796295,3228413080,0372,10
2024,10635003,3228413080,0370,8
2024,10762343,3228413080,0379p,9
2024,10762343,3228413080,0373,7
2024,10762343,3228413080,0371,9
2024,10762343,3228413080,0369,9
2024,10910600,3228413080,0371,9
2024,10757735,3228413080,1709,5
2024,10757735,3228413080,1709,7
2024,10757735,3228413080,0179,8
2024,10757735,3228413080,0373,8
2024,10757735,3228413080,0371,4
2024,11082671,3228413080,0379p,9
2024,11082671,3228413080,0370,3
2024,11082671,3228413080,0369,9
2024,10849397,3228413080,0379p,8
2024,10849397,3228413080,0370,9
2024,10849397,3228413080,0373,7
2024,10849397,3228413080,0371,8
2024,10849397,3228413080,0372,7
2024,10849397,3228413080,0369,8
2024,10805501,3228413080,0179,4
2024,12854002,3228413080,0370,4
2024,12854002,3228413080,0372,7
2024,10840811,3228413080,0179,9
2024,10840811,3228413080,0369,7
2024,10737949,3228413080,0379p,7
2024,10737949,3228413080,0372,9
2024,10799789,3228413080,1709,8
2024,10799789,3228413080,0379p,10
2024,10799789,3228413080,0179,9
2024,10799789,3228413080,0372,9
2024,10799789,3228413080,0369,9
2024,10799789,3228413080,0369,10
2024,10652371,3228413080,0179,7
2024,10652371,3228413080,0179,4
2024,10652371,3228413080,0370,6
2024,10652371,3228413080,0373,8
2024,10652371,3228413080,0371,7
2024,10652371,3228413080,0372,8
2024,10762023,3228413080,0379p,9
2024,10762023,3228413080,0371,9
2024,10762023,3228413080,0372,9
2024,10764453,3228413080,0179,8
2024,10764453,3228413080,0370,7
2024,10764453,3228413080,0372,8
2024,10813139,3228413080,0379p,9
2024,10813139,3228413080,0371,7
2024,10813139,3228413080,0371,7
2024,10756607,3228413080,0370,9
2024,10756607,3228413080,0373,7
2024,10756607,3228413080,0373,8
2024,10756607,3228413080,0371,9
2024,10756607,3228413080,0372,10
2024,10756607,3228413080,0369,10
2024,10762338,3228413080,1709,7
2024,10762338,3228413080,0379p,8
2024,10762338,3228413080,0373,7
2024,10762338,3228413080,0373,8
2024,10762338,3228413080,0369,6
2024,10823812,3228413080,0370,9
2024,10823812,3228413080,0372,7
2024,13456011,3228413080,0179,4
2024,13456011,3228413080,0371,8
2024,13456011,3228413080,0369,8
2024,10780756,3228413080,1709,7
2024,10780756,3228413080,0370,8
2024,10780756,3228413080,0369,8
2024,10823807,3228413080,0373,6
2024,11064614,3228413382,0616p,0
2024,11067623,3228413382,1709,0
2024,11067623,3228413382,0616p,0
2024,13042221,3228413382,0179,0
2024,10525885,3228413382,0373,0
2024,10525885,3228413382,0483,0
2024,13455308,3228413382,0616p,8
2024,13455308,3228413382,0373,9
2024,13455308,3228413382,0487,5
2024,13455308,3228413382,0485,8
2024,13455308,3228413382,0485,8
2024,10807600,3228413382,0179,10
2024,10381670,3228413382,0484,7
2024,10679710,3228413382,0179,7
2024,10679710,3228413382,0485,6
2024,10736277,3228413382,0373,10
2024,10736277,3228413382,0484,9
2024,10736277,3228413382,0483,9
2024,10797348,3228413382,0616p,9
2024,10797348,3228413382,0179,9
2024,10797348,3228413382,0487,9
2024,10797348,3228413382,0484,9
2024,10611084,3228413382,0616p,9
2024,10695479,3228413382,0179,0
2024,10695479,3228413382,0483,0
2024,10709604,3228413382,0616p,10
2024,10709604,3228413382,0487,10
2024,10709604,3228413382,0485,10
2024,10770964,3228413382,0487,8
2024,10770964,3228413382,0484,9
2024,10418675,3228413382,0616p,6
2024,11161106,3228413382,1709,0
2024,11161106,3228413382,0616p,0
2024,11161106,3228413382,0373,0
2024,11161106,3228413382,0487,0
2024,11161106,3228413382,0483,0
2024,10718934,3228413382,0616p,9
2024,10718934,3228413382,0373,6
2024,10269408,3228413382,0616p,0
2024,10269408,3228413382,0373,3
2024,10269408,3228413382,0373,0
2024,13460547,3228413382,0373,3
2024,13460547,3228413382,0487,7
2024,13460547,3228413382,0483,0
2024,13460547,3228413382,0483,0
2024,11571094,3228413382,0485,0
2024,11571094,3228413382,0484,6
2024,11332097,3228413382,1709,0
2024,11332097,3228413382,1709,0
2024,11332097,3228413382,0179,0
2024,11332097,3228413382,0487,0
2024,11332097,3228413382,0485,0
2024,11332097,3228413382,0483,0
2024,11332097,3228413382,0483,0
2024,10453628,3228413382,0616p,0
2024,10453628,3228413382,0373,0
2024,10453628,3228413382,0487,0
2024,10453628,3228413382,0485,0
2024,12500233,3228413382,1709,0
2024,12500233,3228413382,0179,0
2024,12500233,3228413382,0487,0
2024,12500233,3228413382,0485,0
2024,12500233,3228413382,0483,0
2024,10399058,3228413382,1709,5
2024,10399058,3228413382,1709,0
2024,10399058,3228413382,1709,0
2024,10399058,3228413382,0616p,0
2024,10399058,3228413382,0179,0
2024,10399058,3228413382,0484,0
2024,10399058,3228413382,0484,0
2024,10399058,3228413382,0484,0
2024,10770657,3228413382,0373,9
2024,10770657,3228413382,0373,10
2024,10770657,3228413382,0484,9
2024,10770657,3228413382,0483,9
2024,10711977,3228413382,0616p,10
2024,10711977,3228413382,0487,9
2024,10711977,3228413382,0485,8
2024,10711977,3228413382,0484,9
2024,10308704,3228413382,0616p,0
2024,10308704,3228413382,0179,0
2024,10308704,3228413382,0373,0
2024,10308704,3228413382,0487,0
2024,12730778,3228413382,0373,0
2024,12730778,3228413382,0487,0
2024,12730778,3228413382,0485,0
2024,12730778,3228413382,0484,5
2024,12730778,3228413382,0483,0
2024,10471125,3228413382,0483,0
2024,10255502,3228413382,1709,8
2024,10328549,3228413382,0484,7
2024,10810051,3228413382,1709,7
2024,10810051,3228413382,0487,8
2024,11569845,3228413382,1709,0
2024,11569845,3228413382,0616p,0
2024,11569845,3228413382,0485,0
2024,11569845,3228413382,0484,0
2024,11569845,3228413382,0483,0
2024,11271861,3228413382,1709,7
2024,11271861,3228413382,0487,8
2024,11271861,3228413382,0485,5
2024,11271861,3228413382,0483,0
2024,11271861,3228413382,0483,8
2024,13459168,3228413382,0616p,7
2024,13459168,3228413382,0373,10
2024,13459168,3228413382,0373,10
2024,10757001,3228413382,0484,8
2024,10757001,3228413382,0483,8
2024,10828387,3228413382,0616p,9
2024,10828387,3228413382,0484,4
2024,13457137,3228413382,1709,0
2024,13457137,3228413382,1709,0
2024,13457137,3228413382,0616p,0
2024,13457137,3228413382,0616p,0
2024,13457137,3228413382,0179,0
2024,13457137,3228413382,0487,0
2024,10856605,3228413382,0484,9
2024,10401376,3228413382,0373,0
2024,10401376,3228413382,0483,0
2024,11898422,3228413382,0179,5
2024,11898422,3228413382,0373,0
2024,11898422,3228413382,0487,0
2024,13456133,3228413382,1709,0
2024,13456133,3228413382,1709,0
2024,13456133,3228413382,0616p,0
2024,10677836,3228413382,0616p,6
2024,10677836,3228413382,0179,4
2024,10677836,3228413382,0179,8
2024,10677836,3228413382,0373,0
2024,10677836,3228413382,0487,0
2024,10677836,3228413382,0485,6
2024,10677836,3228413382,0484,3
2024,10677836,3228413382,0483,0
2024,10205657,3228413382,0373,8
2024,10205657,3228413382,0487,7
2024,10205657,3228413382,0485,0
2024,10643328,3228413382,0487,9
2024,12433428,3228413382,0373,9
2024,12287306,3228413382,1709,0
2024,12287306,3228413382,0484,0
2024,10758419,3228413382,0179,7
2024,10758419,3228413382,0485,7
2024,10865703,3228415772,1370,8
2024,10865703,3228415772,1367,6
2024,10799612,3228415772,1375p,9
2024,10799612,3228415772,1368,9
2024,11649640,3228415772,1375p,6
2024,11649640,3228415772,0179,9
2024,10817945,3228415772,1375p,8
2024,10817945,3228415772,1370,4
2024,10817945,3228415772,1370,4
2024,10817945,3228415772,1368,5
2024,10834174,3228415772,0179,10
2024,13281768,3228415772,1370,4
2024,10798915,3228415772,1370,8
2024,10819488,3228415772,1709,9
2024,10819488,3228415772,0179,8
2024,10819488,3228415772,1367,8
2024,10819488,3228415772,1369,9
2024,10781492,3228415772,1368,7
2024,10781492,3228415772,1368,6
2024,10413312,3228415772,1375p,9
2024,10413312,3228415772,0179,8
2024,10413312,3228415772,1369,4
2024,10546650,3228415772,1369,8
2024,10546650,3228415772,1369,5
2024,13273466,3228415772,1370,8
2024,13273466,3228415772,1368,8
2024,10714135,3228415772,1375p,5
2024,10714135,3228415772,1369,5
2024,10842025,3228415772,1375p,10
2024,10842025,3228415772,1367,4
2024,10842025,3228415772,1368,7
2024,10851445,3228415772,1370,8
2024,10711961,3228415772,1370,3
2024,10711961,3228415772,1368,6
2024,10678320,3228415772,1368,6
2024,10678320,3228415772,1368,4
2024,11341745,3228415772,0179,9
2024,11341745,3228415772,1369,7
2024,11251967,3228415772,1709,7
2024,11251967,3228415772,1375p,10
2024,11251967,3228415772,1370,7
2024,11251967,3228415772,1367,7
2024,11251967,3228415772,1368,8
2024,10122344,3228415772,0179,10
2024,10122344,3228415772,1370,10
2024,10122344,3228415772,1368,9
2024,10122344,3228415772,1368,10
2024,10122344,3228415772,1369,10
2024,10725869,3228415772,1709,7
2024,10725869,3228415772,1367,7
2024,10725869,3228415772,1368,4
2024,10378823,3228415772,0179,7
2024,10378823,3228415772,1369,10
2024,11104411,3228415772,1375p,10
2024,10783707,3228415772,1375p,9
2024,10985551,3228415772,1367,7
2024,10985551,3228415772,1368,7
2024,10793376,3228415772,1375p,8
2024,10793376,3228415772,1368,8
2024,10793376,3228415772,1369,7
2024,10776515,3228415772,0179,10
2024,10776515,3228415772,1367,8
2024,10734128,3228415772,1375p,10
2024,10734128,3228415772,0179,9
2024,10734128,3228415772,1370,10
2024,10734128,3228415772,1368,10
2024,10729560,3228415772,1370,5
2024,10729560,3228415772,1367,4
2024,10729560,3228415772,1367,6
2024,10770501,3228415772,0179,9
2024,10770501,3228415772,1367,9
2024,10770501,3228415772,1367,8
2024,10819378,3228415772,1368,8
2024,10827153,3228415772,1709,8
2024,10827153,3228415772,1375p,10
2024,10827153,3228415772,1375p,8
2024,10827153,3228415772,1370,7
2024,10827153,3228415772,1368,7
2024,10827153,3228415772,1369,8
2024,10993836,3228415772,1709,8
2024,10993836,3228415772,1367,8
2024,10993836,3228415772,1369,10
2024,11514753,3228415772,1709,9
2024,11514753,3228415772,1375p,9
2024,11514753,3228415772,1368,9
2024,10780789,3228415772,1367,8
2024,13462544,3228415772,1370,7
2024,10809667,3228415772,0179,8
2024,10687463,3228415772,1375p,9
2024,10652580,3228415772,0179,7
2024,10652580,3228415772,1370,8
2024,10678151,3228415772,1375p,8
2024,10678151,3228415772,0179,7
2024,10678151,3228415772,1370,4
2024,10678151,3228415772,1368,7
2024,10809557,3228415772,1370,8
2024,10944114,3228415772,1368,7
2024,10944114,3228415772,1369,7
2024,10730519,3228415772,1370,4
2024,10730519,3228415772,1367,6
2024,10730519,3228415772,1367,3
2024,10730519,3228415772,1369,4
2024,13242092,3228415772,1375p,10
2024,10742238,3228415772,1370,7
2024,12558926,3228415772,0179,5
2024,12558926,3228415772,1368,6
2024,12558926,3228415772,1369,6
2024,11671982,3228379385,0437,6
2024,11671982,3228379385,0439,8
2024,11671982,3228379385,0440,5
2024,11043785,3228379385,0437,4
2024,10737175,3228379385,0156,9
2024,13133521,3228379385,1709,9
2024,13133521,3228379385,0439,8
2024,13133521,3228379385,0439,8
2024,13133521,3228379385,0438,8
2024,13133521,3228379385,0438,8
2024,11039273,3228379385,0440,9
2024,10887720,3228379385,1709,9
2024,10887720,3228379385,1709,7
2024,10887720,3228379385,1709,8
2024,10887720,3228379385,0438,6
2024,10887720,3228379385,0440,8
2024,10887720,3228379385,0156,8
2024,11029440,3228379385,0441,9
2024,11029440,3228379385,0439,9
2024,10995299,3228379385,0439,9
2024,10995299,3228379385,0156,9
2024,10995299,3228379385,0156,9
2024,10835299,3228379385,0439,6
2024,10835299,3228379385,0440,8
2024,10835299,3228379385,0156,6
2024,10805591,3228379385,0439,5
2024,10805591,3228379385,0440,7
2024,10805591,3228379385,0156,4
2024,11805803,3228379385,0441,10
2024,11805803,3228379385,0440,9
2024,10906307,3228379385,1709,5
2024,10906307,3228379385,0437,4
2024,10906307,3228379385,0437,6
2024,10906307,3228379385,0439,2
2024,10906307,3228379385,0439,2
2024,10906307,3228379385,0440,3
2024,10911748,3228379385,1709,8
2024,10911748,3228379385,0439,8
2024,10911748,3228379385,0438,8
2024,10787655,3228379385,1709,6
2024,10787655,3228379385,0437,3
2024,10787655,3228379385,0156,8
2024,10787655,3228379385,0156,8
2024,11028742,3228379385,0437,7
2024,11028742,3228379385,0437,6
2024,11028742,3228379385,0439,7
2024,11028742,3228379385,0156,9
2024,11026339,3228379385,0441,2
2024,11026339,3228379385,0439,6
2024,11026339,3228379385,0440,6
2024,10905782,3228379385,0439,7
2024,11004486,3228379385,0437,9
2024,11004486,3228379385,0438,10
2024,11004486,3228379385,0156,9
2024,10911568,3228379385,1709,8
2024,10911568,3228379385,0441,8
2024,10911568,3228379385,0441,7
2024,10911568,3228379385,0440,8
2024,11044309,3228379385,0437,6
2024,11044309,3228379385,0438,8
2024,11044309,3228379385,0438,8
2024,11044309,3228379385,0440,7
2024,11604486,3228379385,1709,5
2024,11604486,3228379385,0441,0
2024,11604486,3228379385,0439,5
2024,11604486,3228379385,0438,0
2024,11604486,3228379385,0438,0
2024,11604486,3228379385,0440,5
2024,11604486,3228379385,0156,8
2024,10911000,3228379385,1709,6
2024,10911000,3228379385,0441,2
2024,10911000,3228379385,0438,7
2024,11068958,3228379385,0438,0
2024,11068958,3228379385,0156,0
2024,11068958,3228379385,0156,0
2024,13466647,3228379385,1709,7
2024,13466647,3228379385,0439,9
2024,13466647,3228379385,0156,6
2024,10787257,3228379385,0439,5
2024,10787257,3228379385,0438,5
2024,10787257,3228379385,0440,6
2024,10787257,3228379385,0156,4
2024,10278634,3228379385,0437,9
2024,10284131,3228379385,0439,9
2024,10284131,3228379385,0439,8
2024,10284131,3228379385,0156,4
2024,10929912,3228379385,0437,4
2024,10929912,3228379385,0441,4
2024,10929912,3228379385,0440,5
2024,10929912,3228379385,0156,8
2024,11024457,3228379385,0437,6
2024,11024457,3228379385,0440,8
2024,11024457,3228379385,0440,9
2024,10302214,3228379385,1709,0
2024,10302214,3228379385,0441,0
2024,10302214,3228379385,0441,0
2024,10302214,3228379385,0439,0
2024,10302214,3228379385,0438,0
2024,10302214,3228379385,0438,0
2024,12731640,3228379385,1709,7
2024,12731640,3228379385,0439,7
2024,12731640,3228379385,0438,5
2024,12731640,3228379385,0156,4
2024,12731640,3228379385,0156,5
2024,11507257,3228379385,0439,9
2024,11507257,3228379385,0438,7
2024,10929818,3228379385,1709,9
2024,10929818,3228379385,0439,9
2024,10929818,3228379385,0438,9
2024,10929818,3228379385,0440,8
2024,10951388,3228379385,0437,0
2024,10951388,3228379385,0437,0
2024,10951388,3228379385,0439,0
2024,10951388,3228379385,0438,0
2024,10951388,3228379385,0156,0
2024,10435060,3228379385,1709,0
2024,10435060,3228379385,0437,0
2024,10435060,3228379385,0437,0
2024,10435060,3228379385,0438,0
2024,10435060,3228379385,0156,0
2024,10248709,3228379385,0439,0
2024,10421015,3228379385,0437,9
2024,10421015,3228379385,0441,0
2024,10421015,3228379385,0156,0
2024,12673295,3228379385,0437,0
2024,12673295,3228379385,0441,0
2024,12673295,3228379385,0439,0
2024,12673295,3228379385,0438,0
2024,12673295,3228379385,0440,0
2024,10420824,3228379385,0438,4
2024,10468121,3228379385,0441,0
2024,10468121,3228379385,0440,7
2024,10468121,3228379385,0440,2
2024,13458066,3228379385,0441,10
2024,10650730,3228379385,0156,4
2024,10650730,3228379385,0156,7
2024,13459588,3228379385,1709,0
2024,13459588,3228379385,0441,0
2024,13459588,3228379385,0441,0
2024,13459588,3228379385,0439,0
2024,11026347,3228379385,0437,7
2024,10394837,3228379385,1709,5
2024,10394837,3228379385,0437,9
2024,10307040,3228379385,1709,0
2024,10307040,3228379385,0438,0
2024,10307040,3228379385,0156,0
2024,11786393,3228379385,0437,0
2024,11786393,3228379385,0439,0
2024,11786393,3228379385,0440,0
2024,11786393,3228379385,0440,0
2024,11786393,3228379385,0440,0
2024,11786393,3228379385,0156,8
2024,10696650,3228379385,1709,0
2024,10696650,3228379385,1709,0
2024,10696650,3228379385,0439,0
2024,10696650,3228379385,0438,3
2024,10696650,3228379385,0440,0
2024,10696650,3228379385,0156,0
2024,10696650,3228379385,0156,0
2024,13459194,3228379385,0441,9
2024,13459194,3228379385,0441,8
2024,13459194,3228379385,0440,0
2024,11033515,3228379385,0441,7
2024,11033515,3228379385,0439,9
2024,11033515,3228379385,0440,6
2024,11004716,3228379385,0441,10
2024,11004716,3228379385,0439,8
2024,11004716,3228379385,0440,9
2024,11067932,3228379385,0437,0
2024,11067932,3228379385,0439,0
2024,11067932,3228379385,0440,0
2024,11666166,3228379385,1709,8
2024,11666166,3228379385,0441,0
2024,13221347,3228379385,1709,0
2024,13221347,3228379385,1709,0
2024,13221347,3228379385,0439,0
2024,13221347,3228379385,0439,0
2024,13221347,3228379385,0440,0
2024,13290996,3228406931,0179,8
2024,13290996,3228406931,0623,4
2024,13290996,3228406931,0930,5
2024,13290996,3228406931,0931,8
2024,10800028,3228406931,1010,6
2024,10824007,3228406931,0179,6
2024,10824007,3228406931,0931,6
2024,10824007,3228406931,1010,3
2024,10813126,3228406931,1012p,9
2024,10813126,3228406931,0179,5
2024,10813126,3228406931,0930,7
2024,10813126,3228406931,1010,9
2024,10776549,3228406931,1012p,9
2024,10776549,3228406931,1012p,9
2024,10776549,3228406931,0930,8
2024,10510136,3228406931,1709,1
2024,10510136,3228406931,0623,5
2024,10510136,3228406931,0931,0
2024,10510136,3228406931,1010,0
2024,10824614,3228406931,0930,0
2024,10824614,3228406931,0931,0
2024,10824614,3228406931,1010,0
2024,10709557,3228406931,1709,6
2024,10709557,3228406931,1709,0
2024,10709557,3228406931,1012p,7
2024,10709557,3228406931,0931,6
2024,10709557,3228406931,1010,4
2024,10422716,3228406931,0931,0
2024,10422716,3228406931,1010,0
2024,10862032,3228406931,1012p,0
2024,10862032,3228406931,0930,3
2024,10862032,3228406931,1010,5
2024,10726936,3228406931,0930,5
2024,10764144,3228406931,1012p,4
2024,10764144,3228406931,0930,4
2024,10764144,3228406931,0931,7
2024,10764144,3228406931,1010,4
2024,10819701,3228406931,1012p,0
2024,10819701,3228406931,0930,1
2024,10817903,3228406931,0930,8
2024,10817903,3228406931,0931,9
2024,10817903,3228406931,1010,9
2024,10817903,3228406931,1010,9
2024,10805294,3228406931,1012p,3
2024,10805294,3228406931,0623,7
2024,10805294,3228406931,0930,7
2024,10805294,3228406931,0930,6
2024,10530803,3228406931,1012p,8
2024,10530803,3228406931,0623,8
2024,10796065,3228406931,1012p,9
2024,10796065,3228406931,0623,7
2024,10796065,3228406931,1010,6
2024,10349498,3228406931,1012p,8
2024,10349498,3228406931,0931,10
2024,10630363,3228406931,0179,5
2024,10630363,3228406931,1010,6
2024,10852161,3228406931,0930,6
2024,10852161,3228406931,0931,10
2024,10852161,3228406931,1010,8
2024,10819684,3228406931,0623,7
2024,10819684,3228406931,0930,4
2024,10819684,3228406931,1010,4
2024,10414061,3228406931,1012p,0
2024,10199483,3228406931,1010,0
2024,10397687,3228406931,0930,0
2024,11811552,3228406931,0179,0
2024,11811552,3228406931,0179,0
2024,11811552,3228406931,0623,0
2024,11811552,3228406931,0930,0
2024,11811552,3228406931,0930,0
2024,11811552,3228406931,0931,0
2024,11811552,3228406931,0931,0
2024,11811552,3228406931,1010,0
2024,10323559,3228406931,0623,0
2024,13458157,3228406931,0931,0
2024,13458157,3228406931,1010,0
2024,13523913,3228406931,1012p,0
2024,13523913,3228406931,0623,0
2024,13523913,3228406931,1010,0
2024,13523913,3228406931,1010,0
2024,10940616,3228406931,1012p,0
2024,10940616,3228406931,0179,0
2024,10940616,3228406931,0931,0
2024,13458161,3228406931,0623,6
2024,13458161,3228406931,0623,7
2024,13458161,3228406931,0930,6
2024,10852107,3228406931,1012p,0
2024,10852107,3228406931,0930,4
2024,10852107,3228406931,1010,4
2024,10304385,3228406931,0930,7
2024,10304385,3228406931,0931,8
2024,10304385,3228406931,1010,8
2024,11800453,3228406931,1709,0
2024,11800453,3228406931,1709,0
2024,11800453,3228406931,1012p,0
2024,11800453,3228406931,1012p,0
2024,11800453,3228406931,1010,0
2024,10330111,3228406931,1012p,8
2024,10330111,3228406931,0623,0
2024,10443575,3228406931,1012p,8
2024,10443575,3228406931,0179,0
2024,10443575,3228406931,0930,0
2024,10443575,3228406931,0930,0
2024,10443575,3228406931,0931,5
2024,10818191,3228406931,0623,0
2024,10499331,3228406931,0931,4
2024,11089472,3228406931,1012p,4
2024,11089472,3228406931,1012p,8
2024,11089472,3228406931,0623,7
2024,11089472,3228406931,0930,6
2024,11089472,3228406931,0930,5
2024,11089472,3228406931,0931,8
2024,10807830,3228406931,0179,7
2024,10807830,3228406931,0623,7
2024,10807830,3228406931,0623,7
2024,10807830,3228406931,1010,7
2024,11629523,3228406931,0623,0
2024,11629523,3228406931,1010,0
2024,10042816,3228406931,1012p,0
2024,10042816,3228406931,0623,0
2024,10042816,3228406931,0623,0
2024,10042816,3228406931,1010,0
2024,10042816,3228406931,1010,5
2024,10303628,3228406931,1010,0
2024,10022321,3228406931,0930,3
2024,10022321,3228406931,0930,3
2024,12561661,3228406931,1709,2
2024,12561661,3228406931,0623,9
2024,12561661,3228406931,0931,7
2024,10797573,3228406931,0623,8
2024,10479899,3228406931,1010,7
2024,10918602,3228406931,0179,5
2024,10918602,3228406931,1010,4
2024,10754604,3228406931,1012p,8
2024,10754604,3228406931,0931,9
2024,10365221,3228406931,1012p,9
2024,10365221,3228406931,1010,7
2024,13461591,3228406931,0179,10
2024,10630337,3228406931,1012p,5
2024,10249410,3228406931,1012p,9
2024,10766452,3228406545,0179,8
2024,10729793,3228406545,0622,4
2024,10729793,3228406545,0627,2
2024,10729793,3228406545,CV0009,7
2024,12607926,3228406545,1709,7
2024,11790917,3228406545,CV0008,10
2024,10689201,3228406545,0179,3
2024,10742994,3228406545,0623,8
2024,10487336,3228406545,0179,0
2024,10487336,3228406545,0179,1
2024,10487336,3228406545,0623,8
2024,10487336,3228406545,CV0008,10
2024,10857816,3228406545,1709,7
2024,10857816,3228406545,0179,9
2024,10857816,3228406545,0625,6
2024,10847609,3228406545,0828p,0
2024,10847609,3228406545,0627,5
2024,10766414,3228406545,0625,6
2024,10856038,3228406545,0828p,7
2024,10856038,3228406545,0622,6
2024,11433224,3228406545,0828p,0
2024,11433224,3228406545,0622,8
2024,11433224,3228406545,0625,7
2024,11073751,3228406545,0828p,0
2024,11073751,3228406545,0179,3
2024,11073751,3228406545,0179,4
2024,11073751,3228406545,0623,9
2024,10593810,3228406545,0623,8
2024,11231507,3228406545,0828p,0
2024,11231507,3228406545,0625,1
2024,12912678,3228406545,0179,3
2024,12912678,3228406545,0623,9
2024,12912678,3228406545,0627,9
2024,10804606,3228406545,1709,6
2024,10804606,3228406545,0828p,0
2024,10804606,3228406545,0828p,8
2024,10804606,3228406545,0179,7
2024,10707892,3228406545,0828p,9
2024,10707892,3228406545,0179,6
2024,10707892,3228406545,0625,5
2024,10707892,3228406545,0627,6
2024,10707892,3228406545,0627,5
2024,13470345,3228406545,1709,0
2024,13470345,3228406545,0179,3
2024,13470345,3228406545,0623,0
2024,13470345,3228406545,0627,0
2024,13470345,3228406545,CV0008,0
2024,13473425,3228406545,1709,8
2024,13473425,3228406545,CV0008,9
2024,10711954,3228406545,0828p,9
2024,10711954,3228406545,0625,8
2024,10711954,3228406545,0623,6
2024,10711954,3228406545,0623,7
2024,10711954,3228406545,0627,5
2024,10835673,3228406545,0625,5
2024,10835673,3228406545,0627,6
2024,10835673,3228406545,CV0008,7
2024,10734184,3228406545,0179,7
2024,13170472,3228406545,1709,3
2024,13170472,3228406545,1709,0
2024,13170472,3228406545,0828p,0
2024,13170472,3228406545,0622,4
2024,10766479,3228410748,0171,8
2024,10766479,3228410748,0172,4
2024,10766479,3228410748,0177,7
2024,10843404,3228410748,0181p,9
2024,11782717,3228410748,0181p,9
2024,13453640,3228410748,0181p,9
2024,13453640,3228410748,0177,7
2024,10700069,3228410748,1709,2
2024,10700069,3228410748,1709,0
2024,10392181,3228410748,1709,8
2024,10392181,3228410748,0181p,8
2024,10392181,3228410748,0172,7
2024,10392181,3228410748,0174,7
2024,10688815,3228410748,0179,8
2024,10688815,3228410748,0179,9
2024,10688815,3228410748,0172,8
2024,10688815,3228410748,0173,7
2024,10506040,3228410748,0174,5
2024,10488332,3228410748,0174,6
2024,10488332,3228410748,0177,6
2024,13455952,3228410748,0181p,9
2024,13455952,3228410748,0171,8
2024,13455952,3228410748,0177,6
2024,13455952,3228410748,0177,6
2024,10664803,3228410748,0171,0
2024,10664803,3228410748,0174,0
2024,10664803,3228410748,0177,0
2024,10664803,3228410748,0177,0
2024,12413993,3228410748,0171,0
2024,12413993,3228410748,0172,0
2024,12413993,3228410748,0173,0
2024,13480000,3228410748,0177,9
2024,13480000,3228410748,0177,8
2024,10509253,3228410748,0179,0
2024,10509253,3228410748,0174,0
2024,10509253,3228410748,0177,0
2024,13455821,3228410748,0179,9
2024,13455821,3228410748,0171,4
2024,13455821,3228410748,0171,6
2024,13455821,3228410748,0173,4
2024,13455821,3228410748,0177,4
2024,13455821,3228410748,0177,3
2024,11567443,3228410748,0172,7
2024,13456058,3228410748,0181p,0
2024,13456058,3228410748,0179,0
2024,13456058,3228410748,0171,0
2024,13456058,3228410748,0177,3
2024,13456058,3228410748,0177,0
2024,10691269,3228410748,0174,0
2024,13255125,3228410748,0181p,0
2024,13255125,3228410748,0171,0
2024,13255125,3228410748,0177,0
2024,10507411,3228410748,0179,0
2024,10507411,3228410748,0174,0
2024,10585531,3228410357,0384,4
2024,10585531,3228410357,0173,6
2024,10648032,3228410357,0400p,8
2024,10648032,3228410357,0400p,8
2024,10648032,3228410357,0171,4
2024,10648032,3228410357,0173,7
2024,10698109,3228410357,1709,8
2024,10698109,3228410357,0173,7
2024,11627062,3228410357,0179,9
2024,10675936,3228410357,0384,7
2024,10675936,3228410357,0172,4
2024,10675936,3228410357,0173,8
2024,10729539,3228410357,0179,4
2024,10729539,3228410357,0383,9
2024,10729539,3228410357,0172,8
2024,10410077,3228410357,0172,4
2024,10410077,3228410357,0173,5
2024,10410077,3228410357,0173,6
2024,10530795,3228410357,0179,5
2024,13455702,3228410357,0171,9
2024,10719000,3228410357,0383,8
2024,10719000,3228410357,0172,7
2024,10719000,3228410357,0172,7
2024,10719000,3228410357,0172,7
2024,13456027,3228410357,0400p,8
2024,13251013,3228410357,0179,4
2024,13251013,3228410357,0172,9
2024,13251013,3228410357,0173,7
2024,13251013,3228410357,0173,8
2024,10835750,3228410357,0172,7
2024,10766449,3228410357,0172,7
2024,10645102,3228410357,0383,6
2024,10645102,3228410357,0384,7
2024,10820272,3228410357,0400p,9
2024,13487222,3228410357,0171,8
2024,13487222,3228410357,0172,9
2024,10687498,3228410892,0179,8
2024,10687498,3228410892,0383,9
2024,10687498,3228410892,0383,9
2024,10687498,3228410892,0172,9
2024,10742128,3228410892,1709,8
2024,10742128,3228410892,0171,5
2024,10742128,3228410892,0383,8
2024,10742128,3228410892,0173,8
2024,13455012,3228410892,0384,0
2024,13455012,3228410892,0172,1
2024,10749811,3228410892,0388p,7
2024,10749811,3228410892,0179,8
2024,10749811,3228410892,0171,4
2024,13454999,3228410892,0388p,0
2024,13454999,3228410892,0171,1
2024,13454999,3228410892,0171,6
2024,13454999,3228410892,0384,0
2024,13454999,3228410892,0172,0
2024,10678997,3228410892,0384,4
2024,10320497,3228410892,0388p,8
2024,10808311,3228410892,1709,8
2024,10808311,3228410892,0171,7
2024,10808311,3228410892,0383,8
2024,13450196,3228410892,0171,9
2024,10761594,3228410892,1709,6
2024,10761594,3228410892,0179,7
2024,10761594,3228410892,0172,6
2024,10736502,3228410892,0384,7
2024,11330085,3228410892,0179,6
2024,11330085,3228410892,0384,6
2024,11330085,3228410892,0173,7
2024,10676318,3228410892,0179,9
2024,10676318,3228410892,0383,6
2024,13472424,3228410892,1709,7
2024,13472424,3228410892,1709,6
2024,13472424,3228410892,0383,8
2024,13472424,3228410892,0384,4
2024,13475599,3228410892,0388p,9
2024,13475599,3228410892,0179,10
2024,13475599,3228410892,0172,8
2024,13475662,3228410892,0388p,9
2024,13475662,3228410892,0172,9
2024,12912453,3228410892,1709,6
2024,12912453,3228410892,0388p,7
2024,12912453,3228410892,0171,4
2024,12912453,3228410892,0171,5
2024,11036107,3228381273,1232,2
2024,11036107,3228381273,1232,1
2024,11036107,3228381273,1233,2
2024,11036107,3228381273,1233,0
2024,10793641,3228381273,1709,0
2024,10793641,3228381273,1709,0
2024,10793641,3228381273,1229,0
2024,10793641,3228381273,1231,4
2024,10793641,3228381273,1232,3
2024,10793641,3228381273,1232,0
2024,10931235,3228381273,1231,4
2024,10931235,3228381273,1232,4
2024,11003632,3228381273,0156,0
2024,11003632,3228381273,1229,0
2024,11003632,3228381273,1232,4
2024,11003632,3228381273,1232,2
2024,12607119,3228381273,1709,7
2024,13291541,3228381273,1229,8
2024,13291541,3228381273,1233,9
2024,12744964,3228381273,1709,7
2024,12744964,3228381273,0156,6
2024,10924853,3228381273,1226,8
2024,10924853,3228381273,1232,6
2024,10924853,3228381273,1232,6
2024,11798264,3228381273,1709,7
2024,11798264,3228381273,1231,7
2024,11798264,3228381273,1231,6
2024,11798264,3228381273,1233,6
2024,10648909,3228381273,1226,6
2024,10889537,3228381273,1226,7
2024,10889537,3228381273,1232,6
2024,10889537,3228381273,1233,7
2024,10912710,3228381273,1226,5
2024,10787502,3228381273,1709,7
2024,10787502,3228381273,1226,7
2024,10787502,3228381273,1231,4
2024,10904203,3228381273,0156,7
2024,10904203,3228381273,1231,7
2024,11024352,3228381273,1231,7
2024,10899896,3228381273,1226,7
2024,10899896,3228381273,1229,6
2024,13099124,3228381273,1709,5
2024,13099124,3228381273,1232,8
2024,13099124,3228381273,1233,8
2024,11004108,3228381273,0156,9
2024,11004108,3228381273,1229,7
2024,11004108,3228381273,1231,9
2024,12465550,3228381273,1229,6
2024,12465550,3228381273,1231,4
2024,10916721,3228381273,1231,2
2024,10916721,3228381273,1232,0
2024,10916721,3228381273,1232,0
2024,10916721,3228381273,1233,2
2024,10912726,3228381273,1709,6
2024,10805007,3228381273,1709,6
2024,10805007,3228381273,1229,2
2024,10805007,3228381273,1233,6
2024,11184512,3228381273,1233,8
2024,11184512,3228381273,1233,7
2024,10654915,3228381273,1229,0
2024,11040995,3228381273,1709,7
2024,11040995,3228381273,0156,9
2024,11040995,3228381273,1226,9
2024,11040995,3228381273,1229,5
2024,11040995,3228381273,1231,5
2024,11040995,3228381273,1233,6
2024,10708167,3228390016,0225,6
2024,10708167,3228390016,0156,4
2024,11002913,3228390016,1709,9
2024,11002913,3228390016,0222,10
2024,11002913,3228390016,0156,9
2024,12563453,3228390016,0221,4
2024,12563453,3228390016,0222,7
2024,10846382,3228390016,0223,7
2024,10846382,3228390016,0221,7
2024,12563453,3228390016,1709,0
2024,10903261,3228390016,0223,9
2024,10903261,3228390016,0156,1
2024,11002807,3228390016,0221,9
2024,11146537,3228390016,0222,9
2024,11146537,3228390016,0222,10
2024,11146537,3228390016,0222,10
2024,11146537,3228390016,0156,7
2024,10897212,3228390016,0225,1
2024,10929469,3228390016,1709,3
2024,10929469,3228390016,0225,2
2024,10929469,3228390016,0223,0
2024,10929469,3228390016,0223,0
2024,10812899,3228390016,0156,3
2024,10893131,3228390016,1709,8
2024,13452408,3228390016,1709,7
2024,13452408,3228390016,0223,8
2024,10996376,3228390016,1709,0
2024,10996376,3228390016,0156,6
2024,10996376,3228390016,0156,9
2024,10917865,3228390016,1709,6
2024,10917865,3228390016,0221,7
2024,10917865,3228390016,0156,5
2024,11011197,3228390016,0225,8
2024,11011197,3228390016,0223,9
2024,11011197,3228390016,0222,9
2024,12270997,3228390016,0225,0
2024,12270997,3228390016,0223,6
2024,12270997,3228390016,0223,0
2024,12270997,3228390016,0223,0
2024,12270997,3228390016,0221,0
2024,12270997,3228390016,0222,5
2024,11622314,3228390016,1709,6
2024,11622314,3228390016,1709,5
2024,11622314,3228390016,0225,5
2024,11622314,3228390016,0225,6
2024,11622314,3228390016,0156,4
2024,11088265,3228390016,0225,10
2024,11248234,3228390016,0221,3
2024,13458016,3228390016,0225,0
2024,10776723,3228390016,0221,6
2024,10959217,3228390016,0156,8
2024,13114371,3228390016,1709,9
2024,13114371,3228390016,0222,7
2024,12736641,3228390016,0223,0
2024,12736641,3228390016,0222,0
2024,12736641,3228390016,0156,0
2024,13459021,3228390016,0223,0
2024,13459021,3228390016,0221,0
2024,12651696,3228390016,1709,0
2024,12651696,3228390016,0156,0
2024,12647763,3228390016,0156,0
2024,10353865,3228390016,0225,7
2024,10353865,3228390016,0221,7
2024,11763179,3228390016,1709,4
2024,11763179,3228390016,1709,0
2024,11763179,3228390016,0225,8
2024,11763179,3228390016,0156,4
2024,13238582,3228390016,0221,0
2024,13238582,3228390016,0222,0
2024,11479705,3228390016,0225,7
2024,11479705,3228390016,0222,4
2024,11479705,3228390016,0156,4
2024,13316624,3228390016,0225,8
2024,13316624,3228390016,0221,6
2024,11312205,3228390016,0223,0
2024,11312205,3228390016,0222,0
2024,10070165,3228390016,0225,4
2024,10070165,3228390016,0221,4
2024,10070165,3228390016,0221,4
2024,10070165,3228390016,0222,0
2024,10070165,3228390016,0156,7
2024,10517185,3228390016,1709,0
2024,10517185,3228390016,0225,0
2024,10517185,3228390016,0221,0
2024,10517185,3228390016,0156,4
2024,13458659,3228390016,0225,0
2024,13458659,3228390016,0223,0
2024,13458659,3228390016,0156,0
2024,12510101,3228390016,1709,0
2024,12510101,3228390016,0156,0
2024,12875318,3228390016,0156,8
2024,11034534,3228390016,0223,0
2024,13006056,3228390016,0222,0
2024,13366127,3228390016,0225,10
2024,13366127,3228390016,0225,10
2024,13366127,3228390016,0156,9
2024,10473027,3228390016,1709,0
2024,10473027,3228390016,0225,0
2024,10473027,3228390016,0223,0
2024,10473027,3228390016,0222,0
2024,10473027,3228390016,0156,0
2024,10675115,3228390016,1709,0
2024,10675115,3228390016,0225,0
2024,10675115,3228390016,0223,0
2024,12739645,3228390016,0222,8
2024,12739645,3228390016,0222,10
2024,10459081,3228390016,1709,0
2024,10459081,3228390016,0223,0
2024,12736802,3228390016,0225,0
2024,12736802,3228390016,0156,0
2024,10803714,3228390016,1709,8
2024,10803714,3228390016,0223,9
2024,10803714,3228390016,0156,4
2024,10803714,3228390016,0156,7
2024,12576881,3228390016,0225,0
2024,12576881,3228390016,0221,0
2024,11323147,3228390016,1709,0
2024,11323147,3228390016,0223,0
2024,11323147,3228390016,0156,0
2024,11323147,3228390016,0156,0
2024,11847570,3228390016,0223,0
2024,10762386,3162077488,1227,4
2024,10766806,3162077488,1234,8
2024,10776722,3162077488,1228,0
2024,10776722,3162077488,1228,1
2024,10776722,3162077488,1234,0
2024,10932819,3162077488,1234,7
2024,10762386,3162077488,1237,0
2024,10789649,3162077488,1227,8
2024,11667242,3162077488,1227,8
2024,11667242,3162077488,1237,0
2024,11744036,3162077488,CV0002,9
2024,11744036,3162077488,1228,10
2024,10791133,3162077488,1230,7
2024,10791133,3162077488,1234,6
2024,10909605,3162077488,1235,7
2024,10761942,3162077488,1227,8
2024,10761942,3162077488,1235,8
2024,10761942,3162077488,1235,8
2024,10897205,3162077488,1230,7
2024,10805487,3162077488,1237,0
2024,10887844,3162077488,1234,7
2024,10802935,3162077488,1237,0
2024,10770893,3162077488,CV0002,6
2024,10770893,3162077488,1227,0
2024,10770893,3162077488,1228,3
2024,10920099,3162077488,1230,9
2024,12932662,3162077488,1235,9
2024,10851064,3162077488,CV0002,7
2024,10718886,3162077600,1009,6
2024,10690358,3162077600,1007,9
2024,10718081,3162077600,1109,8
2024,10427109,3162077600,1011,0
2024,10826692,3162077600,1007,9
2024,10826692,3162077600,1008,8
2024,10826692,3162077600,1110,9
2024,10718081,3162077600,1012,5
2024,10584902,3162077600,1007,8
2024,10584902,3162077600,1008,5
2024,10584902,3162077600,1009,6
2024,10852071,3162077600,CV0004,8
2024,10852071,3162077600,1007,8
2024,10852071,3162077600,1008,7
2024,10852071,3162077600,1109,9
2024,10707845,3162077600,CV0004,4
2024,10707845,3162077600,1007,10
2024,10707845,3162077600,1110,9
2024,10707845,3162077600,1012,8
2024,10375121,3162077600,CV0004,8
2024,10689153,3162077600,1007,8
2024,10689153,3162077600,1008,5
2024,10689153,3162077600,1110,7
2024,10795882,3162077600,CV0004,8
2024,10795882,3162077600,1110,9
2024,10833265,3162077600,CV0004,6
2024,10833265,3162077600,1110,9
2024,10833265,3162077600,1110,9
2024,10768351,3162077600,CV0004,3
2024,10768351,3162077600,1011,9
2024,10270640,3162077600,1007,0
2024,10270640,3162077600,1011,0
2024,10270640,3162077600,1110,0
2024,12719809,3162077600,1109,9
2024,10737190,3162077600,1007,9
2024,10737190,3162077600,1109,9
2024,10426520,3162077600,1008,7
2024,10426520,3162077600,1110,10
2024,10426520,3162077600,1013,0
2024,10432949,3162077600,CV0004,8
2024,10432949,3162077600,1110,8
2024,10820754,3162077600,CV0004,8
2024,10820754,3162077600,1109,7
2024,10466022,3162077600,1009,5
2024,10723795,3162077600,1011,8
2024,10279046,3162077600,1011,6
2024,10279046,3162077600,1011,7
2024,10279046,3162077600,1110,8
2024,10664778,3162077600,1008,7
2024,10664778,3162077600,1109,8
2024,10664778,3162077600,1110,7
2024,13282254,3162077600,1008,5
2024,10698475,3162077600,1011,8
2024,10698475,3162077600,1013,0
2024,10414557,3162077600,1013,0
2024,10792793,3162077600,1007,8
2024,10792793,3162077600,1008,7
2024,10792793,3162077600,1110,10
2024,10532574,3162077600,1009,0
2024,10532574,3162077600,1109,0
2024,10532574,3162077600,1109,0
2024,13040510,3162077600,1008,7
2024,12636671,3162077600,1008,7
2024,11318428,3162077600,CV0004,0
2024,11318428,3162077600,1007,8
2024,11318428,3162077600,1009,9
2024,11318428,3162077600,1011,9
2024,11318428,3162077600,1012,10
2024,13243061,3162077600,CV0004,10
2024,10690015,3162077600,1009,7
2024,10378770,3162077600,1007,0
2024,10378770,3162077600,1008,5
2024,13249466,3162077600,1011,10
2024,13249466,3162077600,1011,10
2024,13249466,3162077600,1109,9
2024,12424432,3162077600,CV0004,9
2024,12424432,3162077600,CV0004,10
2024,12424432,3162077600,1008,9
2024,12424432,3162077600,1008,9
2024,12424432,3162077600,1011,9
2024,11502177,3162077600,1008,7
2024,11502177,3162077600,1109,7
2024,10809481,3162077600,1011,9
2024,10809481,3162077600,1110,8
2024,12630557,3162077600,1008,0
2024,10816484,3162077600,1012,7
2024,10816484,3162077600,1013,0
2024,12300236,3162077600,1012,8
2024,10434495,3162077600,1007,0
2024,10434495,3162077600,1009,0
2024,10318774,3162077600,1110,6
2024,10803572,3162077600,CV0004,8
2024,10803572,3162077600,1008,8
2024,10803572,3162077600,1110,7
2024,13242370,3162077600,1008,9
2024,13242370,3162077600,1011,8
2024,10354121,3162077600,1009,2
2024,10691616,3162077600,1007,7
2024,10296770,3162077600,1110,7
2024,13242369,3162077600,1009,0
2024,13242369,3162077600,1109,6
2024,13242369,3162077600,1110,0
2024,13242369,3162077600,1110,0
2024,10404684,3162077600,1007,3
2024,10404684,3162077600,1007,6
2024,10404684,3162077600,1011,0
2024,10404684,3162077600,1109,7
2024,10017290,3162077600,1007,8
2024,10017290,3162077600,1011,9
2024,10017290,3162077600,1012,7
2024,10017290,3162077600,1013,0
2024,10318925,3162077600,1110,7
2024,10318925,3162077600,1012,6
2024,10431067,3162077600,1007,6
2024,10431067,3162077600,1110,7
2024,10792522,3162077600,1011,6
2024,10123639,3162077600,1013,0
2024,11074029,3162077551,CV0004,8
2024,10804683,3162077551,CV0004,8
2024,10804683,3162077551,0830,0
2024,10804683,3162077551,0826,7
2024,10397145,3162077551,CV0004,8
2024,10752122,3162077551,CV0004,7
2024,10752122,3162077551,0823,8
2024,10752122,3162077551,0824,7
2024,10752122,3162077551,0824,7
2024,10752122,3162077551,0828,7
2024,10808796,3162077551,0825,8
2024,13288467,3162077551,CV0004,7
2024,10243788,3162077551,0822,5
2024,10713535,3162077551,0827,7
2024,10713535,3162077551,CV0010,6
2024,10700138,3162077551,0822,8
2024,10700138,3162077551,0824,6
2024,10700138,3162077551,0830,0
2024,10323951,3162077551,CV0004,8
2024,10323951,3162077551,0830,0
2024,10729579,3162077551,CV0004,10
2024,10729579,3162077551,0822,8
2024,10729579,3162077551,0826,8
2024,10770133,3162077551,0823,5
2024,10770133,3162077551,0827,6
2024,10770133,3162077551,0826,4
2024,10706042,3162077551,0823,7
2024,10706042,3162077551,0826,5
2024,10706042,3162077551,0828,8
2024,13288446,3162077551,0822,9
2024,10748318,3162077551,0822,6
2024,13293379,3162077551,0823,6
2024,13293379,3162077551,0822,5
2024,13293379,3162077551,0822,5
2024,10809450,3162077551,0827,8
2024,10809450,3162077551,0822,8
2024,10758378,3162078584,243266,8
2024,10699142,3162078584,243265,9
2024,13446594,3162078584,243265,9
2024,13446594,3162078584,243267,9
2024,13448029,3162078584,243264,9
2024,11066151,3162078584,243265,9
2024,11066151,3162078584,243265,9
2024,10791102,3162078584,243264,6
2024,10698470,3162078584,243265,9
2024,11285049,3162078584,243266,9
2024,11285049,3162078584,243264,10
2024,10675598,3162078584,243267,9
2024,10675598,3162078584,243266,4
2024,13447274,3162078584,243265,9
2024,10699108,3162078584,243265,9
2024,10699108,3162078584,243267,9
2024,10699108,3162078584,243266,4
2024,10699108,3162078584,243264,9
2024,13467527,3162078584,243267,9
2024,13467527,3162078584,243266,4
2024,10287428,3162078584,243265,9
2024,10287428,3162078584,243267,9
2024,10287428,3162078584,243266,9
2024,10287348,3162078584,243265,9
2024,10287348,3162078584,243265,9
2024,10287348,3162078584,243267,8
2024,13475004,3162078584,243264,9
2024,11316053,3162078584,243264,9
2024,10869145,3162078584,243266,6
2024,10814418,3162078584,243264,7
2024,10862205,3162078584,243267,9
2024,10705571,3162078584,243265,8
2024,10745557,3162078584,243266,7
2024,10515204,3162078591,243271,2
2024,10645661,3162078591,243271,9
2024,10709718,3162078591,243604,7
2024,10709718,3162078591,243271,3
2024,10709718,3162078591,243270,4
2024,10689702,3162078591,243270,9
2024,10772056,3162078591,243602,8
2024,10714036,3162078591,243271,9
2024,10499298,3162078591,243604,7
2024,10499298,3162078591,243604,9
2024,10689283,3162078591,243604,9
2024,10689283,3162078591,243271,8
2024,10697594,3162078591,243602,8
2024,10697594,3162078591,243270,9
2024,10697594,3162078591,243270,8
2024,10850218,3162078591,243601,0
2024,10697823,3162078591,243270,8
2024,10862844,3162078591,243601,0
2024,10862844,3162078591,243604,10
2024,10862844,3162078591,243270,9
2024,10706060,3162078591,243270,9
2024,10697613,3162078591,243602,8
2024,10697613,3162078591,243601,0
2024,10711820,3162078591,243271,9
2024,10014485,3162076035,0181,8
2024,10759106,3162076035,0181,8
2024,13263308,3162076035,0178,5
2024,11568873,3162076035,0180,7
2024,11568873,3162076035,0181,7
2024,10742422,3162076035,0180,8
2024,10742422,3162076035,0181,7
2024,10742422,3162076035,0176,7
2024,10742422,3162076035,0176,8
2024,10805336,3162076035,0181,3
2024,10805336,3162076035,0176,6
2024,10487908,3162076035,CV0004,9
2024,10487908,3162076035,0184,0
2024,10487908,3162076035,0183,9
2024,10487908,3162076035,0176,9
2024,10610451,3162076035,0183,7
2024,10610451,3162076035,0178,5
2024,10814531,3162076035,0181,8
2024,10814531,3162076035,0176,7
2024,10838901,3162076035,0181,0
2024,10581335,3162076035,0176,10
2024,10713910,3162076035,CV0004,8
2024,10713910,3162076035,0183,9
2024,10713910,3162076035,0178,10
2024,10706770,3162076035,0183,7
2024,10706770,3162076035,0175,5
2024,10706770,3162076035,0175,5
2024,10849475,3162076035,0180,8
2024,10849475,3162076035,0181,7
2024,10849475,3162076035,0175,7
2024,10267575,3162076035,0181,0
2024,10267575,3162076035,0178,0
2024,10420918,3162076035,CV0004,7
2024,10420918,3162076035,0178,0
2024,11264068,3162076035,0181,5
2024,12452324,3162076035,0176,0
2024,13097118,3162076035,0183,6
2024,11921786,3162076035,0176,7
2024,11921786,3162076035,0178,10
2024,11921786,3162076035,0175,7
2024,13249462,3162076035,0181,9
2024,10264508,3162076035,0176,6
2024,10264508,3162076035,0178,6
2024,10264508,3162076035,0178,3
2024,10282475,3162076098,0398,9
2024,10513851,3162076098,0399,4
2024,10513851,3162076098,0397,4
2024,10837553,3162076098,0400,5
2024,10837553,3162076098,0399,9
2024,10699672,3162076098,0397,4
2024,10677163,3162076098,0398,8
2024,10677163,3162076098,0399,8
2024,10837523,3162076098,0403,0
2024,10837523,3162076098,0400,4
2024,10803272,3162076098,0400,6
2024,10700883,3162076098,0398,9
2024,10778000,3162076098,0402,7
2024,12398431,3162076098,0397,9
2024,13127380,3162076098,0398,9
2024,10709639,3162076098,0399,8
2024,10709639,3162076098,0399,8
2024,13456089,3162076098,0399,7
2024,11632133,3162076119,0386,8
2024,10690446,3162076119,0386,8
2024,10696634,3162076119,0390,9
2024,10696634,3162076119,0391,0
2024,10696634,3162076119,0387,8
2024,10696634,3162076119,0386,8
2024,12058330,3162076119,CV0004,7
2024,12058330,3162076119,CV0004,6
2024,12058330,3162076119,0385,7
2024,10742990,3162076119,0391,0
2024,10277303,3162076119,0387,7
2024,10277303,3162076119,0387,8
2024,10486936,3162076119,0180,4
2024,10486936,3162076119,0385,8
2024,10486936,3162076119,0390,8
2024,10486936,3162076119,0391,0
2024,10610383,3162076119,0180,4
2024,10610383,3162076119,0180,7
2024,12734916,3162076119,0388,0
2024,12734916,3162076119,0387,3
2024,10506040,3162076119,0388,0
2024,10887591,3162079713,CV0002,8
2024,10737176,3162079713,0446,9
2024,10737176,3162079713,0443,7
2024,10857947,3162079713,0446,6
2024,10926432,3162079713,0451,0
2024,10857947,3162079713,0448,6
2024,10857947,3162079713,0448,6
2024,10916753,3162079713,0446,7
2024,10840996,3162079713,0442,7
2024,10888026,3162079713,0446,8
2024,10925424,3162079713,0443,6
2024,10925424,3162079713,0448,8
2024,10707891,3162079713,0442,6
2024,10798521,3162079713,0442,8
2024,10798521,3162079713,0451,0
2024,10657315,3162079713,0443,10
2024,10657315,3162079713,0442,10
2024,10657315,3162079713,0448,10
2024,12788547,3162079713,0446,8
2024,12788547,3162079713,0446,8
2024,10787713,3162079713,0443,5
2024,12320496,3162079713,0442,6
2024,10793462,3162079713,0443,5
2024,10793462,3162079713,0443,6
2024,10793477,3162079713,0443,7
2024,10793477,3162079713,0442,7
2024,10793477,3162079713,0448,6
2024,13116617,3162079713,0446,8
2024,13457085,3162079713,0446,8
2024,10431853,3162079713,0446,9
2024,13101838,3162079713,CV0002,5
2024,13101838,3162079713,0446,5
2024,13101838,3162079713,0443,6
2024,13101838,3162079713,0442,8
2024,10308441,3162079713,0446,0
2024,10308441,3162079713,0446,0
2024,10308441,3162079713,0443,0
2024,11738860,3162079713,0446,0
2024,11738860,3162079713,0443,0
2024,11738860,3162079713,0442,0
2024,11738860,3162079713,0442,0
2024,10442321,3162079713,CV0002,0
2024,10442321,3162079713,0443,0
2024,12380827,3162079713,0446,0
2024,13249406,3162079713,CV0002,7
2024,13249406,3162079713,0446,4
2024,10940185,3162079713,0446,6
2024,11800476,3162079713,CV0002,4
2024,12736231,3162079713,0442,9
2024,10991644,3162079713,CV0002,6
2024,10991644,3162079713,CV0002,6
2024,10991644,3162079713,0446,6
2024,13459444,3162079713,0446,0
2024,13459444,3162079713,0446,0
2024,13459444,3162079713,0442,0
2024,10323662,3162079713,0448,0
2024,10728710,3162079713,CV0002,7
2024,10728710,3162079713,0442,6
2024,12839405,3162079713,CV0002,6
2024,12839405,3162079713,0446,0
2024,12839405,3162079713,0443,6
2024,12839405,3162079713,0442,10
2024,11349452,3162079713,0443,8
2024,11349452,3162079713,0448,7
2024,12832437,3162079713,0446,8
2024,10264521,3162079713,0443,6
2024,10410551,3162079790,0653,0
2024,10410551,3162079790,0654,6
2024,10852355,3162079790,0653,4
2024,10852355,3162079790,0654,4
2024,10852355,3162079790,0654,5
2024,13282224,3162079790,0652,7
2024,10835661,3162079790,0657,8
2024,12840433,3162079790,0653,4
2024,12840433,3162079790,0654,6
2024,11837806,3162079790,0652,6
2024,10657739,3162079790,CV0004,8
2024,10657739,3162079790,0653,8
2024,10657739,3162079790,0653,9
2024,10679661,3162079790,CV0004,7
2024,10679661,3162079790,0653,6
2024,10679661,3162079790,0653,6
2024,10679661,3162079790,0654,7
2024,10437711,3162079790,CV0004,9
2024,10437711,3162079790,0653,7
2024,10437711,3162079790,0653,7
2024,10437711,3162079790,0654,7
2024,10509826,3162079790,0653,8
2024,10509826,3162079790,0660,0
2024,11262097,3162079790,0655,9
2024,11262097,3162079790,0656,8
2024,12839144,3162079790,0655,4
2024,12839144,3162079790,0656,0
2024,12839144,3162079790,0654,0
2024,12839144,3162079790,0654,4
2024,10743003,3162079790,0653,6
2024,10743003,3162079790,0654,4
2024,10743003,3162079790,0654,6
2024,13235855,3162079790,CV0004,7
2024,13235855,3162079790,0652,7
2024,10652411,3162079790,0652,6
2024,10652411,3162079790,0653,6
2024,10652411,3162079790,0654,4
2024,10862522,3162079790,0655,6
2024,10862522,3162079790,0657,7
2024,10792061,3162079790,CV0004,6
2024,10711877,3162079790,0654,6
2024,10699015,3162079790,CV0004,9
2024,10699015,3162079790,0653,6
2024,10699015,3162079790,0660,0
2024,10699015,3162079790,0654,3
2024,10829023,3162079790,0655,7
2024,10707732,3162079790,CV0004,9
2024,10707732,3162079790,CV0004,8
2024,13245586,3162079790,0653,9
2024,10819298,3162079790,0657,8
2024,11144559,3162079790,0652,9
2024,11144559,3162079790,0656,6
2024,11144559,3162079790,0654,9
2024,13246215,3162079790,0655,8
2024,13246215,3162079790,0652,4
2024,13320897,3162079790,0656,7
2024,12491074,3162079790,0652,3
2024,12731205,3162079790,CV0004,6
2024,12731205,3162079790,0655,0
2024,12568905,3162079790,0652,0
2024,10816926,3162079790,0655,4
2024,10816926,3162079790,0656,7
2024,13248595,3162079790,CV0004,6
2024,13248595,3162079790,0655,6
2024,13248595,3162079790,0652,7
2024,11741280,3162079790,0653,6
2024,11741280,3162079790,0656,7
2024,13527455,3162079790,0652,6
2024,13527455,3162079790,0652,8
2024,13038809,3162079790,CV0004,4
2024,10474558,3162079790,0654,8
2024,13298754,3162079790,0653,0
2024,10283680,3162079790,0652,0
2024,10601480,3162079790,0652,8
2024,12567860,3162079790,0655,6
2024,12567860,3162079790,0657,10
2024,12567860,3162079790,0652,5
2024,12567860,3162079790,0656,9
2024,10454503,3162079790,0655,4
2024,10454503,3162079790,0652,0
2024,10279159,3162079790,CV0004,7
2024,12685301,3162079790,0655,0
2024,12685301,3162079790,0653,0
2024,11246656,3162079790,CV0004,7
2024,11553064,3162079790,0655,6
2024,10416763,3162079790,0655,0
2024,10416763,3162079790,0655,0
2024,10730130,3162079790,0655,0
2024,10730130,3162079790,0653,6
2024,10451024,3162079790,0655,5
2024,11170823,3162079790,0655,0
2024,11170823,3162079790,0652,0
2024,10349643,3162079790,0652,0
2024,13248215,3162079790,0655,3
2024,13248215,3162079790,0656,9
2024,11486847,3162079790,0652,6
2024,13038797,3162079790,0655,0
2024,13038797,3162079790,0655,0
2024,10083896,3162079790,0653,0
2024,13242362,3162079790,0652,3
2024,13242362,3162079790,0653,6
2024,10840651,3162079860,5021,9
2024,11263266,3162079860,5021,9
2024,10809218,3162079860,5026,10
2024,10415513,3162079860,5026,8
2024,10380889,3162079860,5023,4
2024,10380889,3162079860,5024,10
2024,10517224,3162079860,5021,10
2024,10517224,3162079860,5025,10
2024,10846791,3162079860,5023,10
2024,10846791,3162079860,5023,10
2024,11430890,3162079860,5021,5
2024,10652552,3162079860,5021,9
2024,10810094,3162079860,5022,4
2024,10810094,3162079860,5024,0
2024,11482158,3162079860,5025,7
2024,10808794,3162079860,5025,8
2024,10808794,3162079860,5025,7
2024,10781314,3162079860,5022,5
2024,10586308,3162079860,5024,10
2024,10586308,3162079860,5025,9
2024,10736698,3162079874,5075,8
2024,10841155,3162079874,5071,0
2024,10841155,3162079874,5072,0
2024,10841155,3162079874,5073,0
2024,10294470,3162079874,5071,0
2024,10481669,3162079874,5071,7
2024,10481669,3162079874,5072,9
2024,10747327,3162079874,5074,10
2024,10304881,3162079874,5074,0
2024,10304881,3162079874,5074,0
2024,11502777,3162079874,5071,7
2024,11502777,3162079874,5075,8
2024,10726154,3162079874,5071,7
2024,10726154,3162079874,5073,8
2024,10726154,3162079874,5075,8
2024,10837507,3162079874,5071,0
2024,10405270,3162079874,5071,0
2024,10403933,3162079874,5071,0
2024,10676854,3162079874,5071,8
2024,10676854,3162079874,5072,7
2024,10676854,3162079874,5072,8
2024,10676854,3162079874,5074,10
2024,12923163,3162079874,5071,7
2024,10406026,3162079874,5072,7
2024,12068421,3162079874,5074,9
2024,10837451,3162080071,0377,7
2024,11635385,3162080071,0381,8
2024,11635385,3162080071,0374,8
2024,10707778,3162080071,0376,1
2024,10855729,3162080071,0378,10
2024,10855729,3162080071,0377,9
2024,10855729,3162080071,0374,10
2024,10611327,3162080071,0377,9
2024,11242377,3162080071,0378,8
2024,11242377,3162080071,0378,7
2024,11242377,3162080071,0375,4
2024,11242377,3162080071,0375,8
2024,11242377,3162080071,0376,9
2024,11242377,3162080071,0376,4
2024,10267085,3162080071,0381,6
2024,10267085,3162080071,0382,0
2024,10707901,3162080071,CV0004,7
2024,10707901,3162080071,0378,7
2024,10707901,3162080071,0376,7
2024,10707901,3162080071,0374,9
2024,10832107,3162080071,0381,7
2024,10832107,3162080071,0378,9
2024,10832107,3162080071,0377,6
2024,10832107,3162080071,0376,9
2024,10679688,3162080071,0376,9
2024,10707654,3162080071,CV0004,7
2024,10676228,3162080071,CV0004,9
2024,10837560,3162080071,0382,0
2024,10837560,3162080071,0374,9
2024,10832097,3162080071,0381,8
2024,10832097,3162080071,0376,7
2024,10332972,3162080071,0378,8
2024,10332972,3162080071,0375,9
2024,12722174,3162080071,CV0004,9
2024,12722174,3162080071,0381,7
2024,12722174,3162080071,0378,6
2024,12722174,3162080071,0376,7
2024,12722174,3162080071,0374,7
2024,13257199,3162080071,0381,8
2024,13257199,3162080071,0379,10
2024,13257199,3162080071,0378,9
2024,13257199,3162080071,0378,9
2024,13257199,3162080071,0375,8
2024,10634348,3162080071,0378,6
2024,10963354,3162080071,0382,0
2024,10748092,3162080071,CV0004,6
2024,10691654,3162080071,0378,8
2024,10687382,3162080071,0381,6
2024,10687382,3162080071,0375,6
2024,10687382,3162080071,0377,2
2024,10500950,3162080071,0376,2
2024,10293307,3162079993,0488,8
2024,10293307,3162079993,0486,0
2024,10679671,3162079993,0490,3
2024,10364384,3162079993,0489,9
2024,10364384,3162079993,0488,10
2024,10525745,3162079993,CV0004,0
2024,10525745,3162079993,0488,0
2024,11572662,3162079993,0486,0
2024,11254010,3162079993,CV0004,8
2024,11254010,3162079993,CV0004,8
2024,10332148,3162079993,0489,0
2024,10332148,3162079993,0488,0
2024,11400429,3162079993,0490,2
2024,10640914,3162079993,0492,9
2024,10905913,3162079993,CV0004,0
2024,10905913,3162079993,0491,0
2024,10905913,3162079993,0490,0
2024,10905913,3162079993,0489,0
2024,13245900,3162079993,0490,4
2024,13245900,3162079993,0489,8
2024,13038149,3162079993,0491,5
2024,13038149,3162079993,0490,4
2024,13038149,3162079993,0486,3
2024,10323451,3162079993,0494,6
2024,10512597,3162079993,0489,7
2024,10277644,3162079993,0491,0
2024,11904882,3162079993,0491,6
2024,11904882,3162079993,0491,6
2024,11904882,3162079993,0490,2
2024,11904882,3162079993,0490,2
2024,11904882,3162079993,0486,2
2024,12636390,3162079993,0489,7
2024,10254372,3162079993,0492,0
2024,10965828,3162079993,0491,5
2024,10965828,3162079993,0488,8
2024,10635824,3162079993,0486,9
2024,10279375,3162079957,0612,6
2024,10711791,3162079957,0615,4
2024,10711791,3162079957,0614,0
2024,10945672,3162079957,0613,8
2024,10837069,3162079957,0612,10
2024,10736098,3162079957,0613,7
2024,10736098,3162079957,0612,8
2024,10254986,3162079957,0615,9
2024,10254986,3162079957,0615,9
2024,10254986,3162079957,0614,9
2024,10679677,3162079957,0618,9
2024,10679677,3162079957,0613,1
2024,10730670,3162079957,0615,10
2024,10730670,3162079957,0613,10
2024,12736124,3162079957,0614,7
2024,10392051,3162079957,0612,5
2024,13294635,3162079957,CV0004,9
2024,13294635,3162079957,CV0004,10
2024,11736342,3162079957,0612,10
2024,10689194,3162079957,0615,8
2024,10689194,3162079957,0613,9
2024,10657057,3162079957,0612,1
2024,10027669,3162079936,0227,0
2024,10910799,3162079936,0230,10
2024,10910799,3162079936,0227,9
2024,10906556,3162079936,0226,4
2024,10906556,3162079936,0227,3
2024,10912321,3162079936,CV0002,10
2024,10912321,3162079936,0230,10
2024,10837080,3162079936,0226,7
2024,10837080,3162079936,0227,8
2024,10819052,3162079936,CV0002,8
2024,10819052,3162079936,0230,4
2024,10819052,3162079936,0230,10
2024,10888617,3162079936,0224,8
2024,10904569,3162079936,0228,10
2024,10892259,3162079936,0224,7
2024,10911129,3162079936,0224,5
2024,13261957,3162079936,0226,6
2024,13261957,3162079936,0224,5
2024,10911373,3162079936,CV0002,9
2024,10911373,3162079936,0230,8
2024,10911373,3162079936,0227,9
2024,10663109,3162079936,0228,0
2024,10663109,3162079936,0224,0
2024,10789656,3162079936,0230,8
2024,11088604,3162079936,CV0002,10
2024,11088604,3162079936,0226,9
2024,11088604,3162079936,0227,9
2024,10909591,3162079936,0228,10
2024,10390554,3162079936,CV0002,3
2024,10390554,3162079936,0224,7
2024,10895404,3162079936,CV0002,9
2024,10895404,3162079936,0230,7
2024,10895404,3162079936,0228,10
2024,10895404,3162079936,0226,8
2024,10895404,3162079936,0227,10
2024,12505624,3162079936,0226,5
2024,13086978,3162079936,0230,8
2024,13086978,3162079936,0231,0
2024,11421089,3162079936,CV0002,4
2024,11421089,3162079936,0227,4
2024,10283255,3162079936,0227,4
2024,11420126,3162079936,0224,0
2024,12636621,3162079936,0228,9
2024,12603629,3162079936,0227,0
2024,13250561,3162079936,0228,0
2024,13250561,3162079936,0226,0
2024,13250561,3162079936,0224,0
2024,10978459,3162079936,0230,7
2024,10793625,3162075411,028504,9
2024,10793625,3162075411,028001,8
2024,10793625,3162075411,028001,8
2024,10260898,3162075411,028502,7
2024,10260898,3162075411,028501,8
2024,12921679,3162075411,028001,7
2024,13452193,3162075411,028503,8
2024,13452193,3162075411,028503,9
2024,13452193,3162075411,028501,8
2024,11572769,3162075411,028505,0
2024,10767533,3162075411,028502,9
2024,10767533,3162075411,028501,10
2024,10471049,3162075411,028503,8
2024,10471049,3162075411,028100,10
2024,10464351,3162075411,028505,8
2024,10464351,3162075411,028501,9
2024,10464351,3162075411,028100,10
2024,10892583,3162075411,028502,4
2024,10892583,3162075411,028502,4
2024,10892583,3162075411,028502,4
2024,10892583,3162075411,028505,3
2024,10892583,3162075411,028001,6
2024,10931651,3162075411,028504,8
2024,10931651,3162075411,028505,4
2024,10931651,3162075411,028001,7
2024,10931651,3162075411,028503,8
2024,10783770,3162075411,028001,8
2024,10783770,3162075411,028501,4
2024,11006716,3162075411,028001,7
2024,11006716,3162075411,028503,6
2024,11006716,3162075411,028501,2
2024,11006716,3162075411,028100,5
2024,11006716,3162075411,028100,7
2024,11004261,3162075411,028503,8
2024,10333832,3162075411,028504,5
2024,10333832,3162075411,028505,4
2024,10333832,3162075411,028503,7
2024,10333832,3162075411,028100,6
2024,10333832,3162075411,028100,6
2024,10901871,3162075411,028501,7
2024,11001548,3162075411,028505,6
2024,10409975,3162075411,028504,0
2024,10409975,3162075411,028503,0
2024,10409975,3162075411,028501,0
2024,10409975,3162075411,028100,0
2024,10409975,3162075411,028100,0
2024,13451031,3162075411,028502,8
2024,13451031,3162075411,028503,8
2024,13451031,3162075411,028501,7
2024,10428502,3162075411,028502,8
2024,10428502,3162075411,028504,6
2024,10428502,3162075411,028001,8
2024,10428502,3162075411,028100,8
2024,10904286,3162075411,028100,9
2024,12869703,3162075411,028100,4
2024,11176344,3162075411,028505,4
2024,11176344,3162075411,028001,7
2024,11176344,3162075411,028503,7
2024,11176344,3162075411,028100,6
2024,10824027,3162075411,028502,3
2024,10824027,3162075411,028505,4
2024,10824027,3162075411,028001,6
2024,10824027,3162075411,028501,3
2024,10824027,3162075411,028501,5
2024,10824027,3162075411,028501,6
2024,11025178,3162075411,028501,4
2024,11318443,3162075411,028504,10
2024,11318443,3162075411,028505,9
2024,10906346,3162075411,028504,9
2024,10906346,3162075411,028501,9
2024,10906346,3162075411,028501,8
2024,10927446,3162075411,028502,9
2024,10927446,3162075411,028504,9
2024,10927446,3162075411,028100,9
2024,10777684,3162075411,028505,4
2024,10777684,3162075411,028001,7
2024,10777684,3162075411,028100,8
2024,12941115,3162075411,028505,8
2024,12941115,3162075411,028501,9
2024,13156002,3162075411,028501,0
2024,10805472,3162075411,028502,4
2024,10805472,3162075411,028504,5
2024,10805472,3162075411,028504,3
2024,10805472,3162075411,028501,2
2024,10926900,3162075411,028501,8
2024,13287506,3162075411,028501,10
2024,10801002,3162075411,028502,8
2024,10801002,3162075411,028505,7
2024,13071991,3162075411,028504,8
2024,13071991,3162075411,028001,9
2024,13071991,3162075411,028501,9
2024,11048215,3162075411,028504,4
2024,11260593,3162075411,028504,0
2024,11260593,3162075411,028505,0
2024,10895653,3162075411,028001,5
2024,10895653,3162075411,028501,8
2024,10895653,3162075411,028501,9
2024,10698491,3162075411,028503,6
2024,13124409,3162075411,028504,7
2024,13124409,3162075411,028001,7
2024,13124409,3162075411,028501,3
2024,11328075,3162075411,028505,4
2024,11328075,3162075411,028503,8
2024,11328075,3162075411,028501,6
2024,12879841,3162075411,028502,0
2024,12879841,3162075411,028503,3
2024,12879841,3162075411,028503,0
2024,10924060,3162075411,028504,3
2024,10924060,3162075411,028501,4
2024,11231768,3162075411,028505,0
2024,11231768,3162075411,028501,0
2024,11231768,3162075411,028501,0
2024,11231768,3162075411,028501,0
2024,10904182,3162075411,028100,9
2024,10904182,3162075411,028100,7
2024,13458419,3162075411,028502,9
2024,13458419,3162075411,028504,7
2024,13458419,3162075411,028503,10
2024,11032717,3162075411,028504,9
2024,11032717,3162075411,028001,8
2024,11032717,3162075411,028501,8
2024,10446775,3162075411,028504,0
2024,10446775,3162075411,028505,0
2024,10446775,3162075411,028503,0
2024,10446775,3162075411,028503,0
2024,10446775,3162075411,028501,0
2024,10446775,3162075411,028100,0
2024,10912191,3162075411,028502,2
2024,10912191,3162075411,028100,4
2024,13095949,3162075411,028504,7
2024,13095949,3162075411,028001,9
2024,13095949,3162075411,028100,10
2024,13456990,3162075411,028001,7
2024,13456990,3162075411,028001,7
2024,13456990,3162075411,028100,8
2024,13458439,3162075411,028502,10
2024,13458439,3162075411,028502,10
2024,13458439,3162075411,028001,7
2024,13458439,3162075411,028001,9
2024,10718947,3162075411,028001,8
2024,10718947,3162075411,028503,9
2024,10251126,3162075411,028001,0
2024,10251126,3162075411,028503,0
2024,11076555,3162075411,028501,0
2024,11076555,3162075411,028100,7
2024,11076555,3162075411,028100,0
2024,10511909,3162075411,028502,1
2024,10511909,3162075411,028501,0
2024,10511909,3162075411,028501,0
2024,10511909,3162075411,028100,0
2024,11321787,3162075411,028504,10
2024,11321787,3162075411,028501,10
2024,10705766,3162075411,028505,0
2024,10705766,3162075411,028100,0
2024,13364778,3162075411,028502,9
2024,13364778,3162075411,028501,7
2024,13364778,3162075411,028100,10
2024,10401257,3162075411,028504,9
2024,10244186,3162075411,028504,6
2024,12151166,3162075411,028502,9
2024,12151166,3162075411,028505,4
2024,12151166,3162075411,028503,9
2024,12151166,3162075411,028100,7
2024,10803834,3162075411,028505,4
2024,10442635,3162075411,028502,4
2024,13514018,3162075411,028503,9
2024,13514018,3162075411,028100,7
2024,10913310,3162075411,028502,4
2024,11173156,3162075411,028502,6
2024,11173156,3162075411,028505,4
2024,10894182,3162075411,028502,7
2024,11013996,3162075411,028502,8
2024,11013996,3162075411,028502,8
2024,11013996,3162075411,028100,9
2024,13459090,3162075411,028502,10
2024,13459090,3162075411,028504,9
2024,13459090,3162075411,028501,9
2024,10681066,3162075411,028503,10
2024,10384941,3162075411,028502,10
2024,10384941,3162075411,028503,9
2024,10384941,3162075411,028503,10
2024,10384941,3162075411,028501,9
2024,10616148,3162075411,028505,6
2024,10491541,3162075411,028504,9
2024,10491541,3162075411,028504,8
2024,12878698,3162075411,028502,0
2024,11144881,3162075411,028505,0
2024,12510297,3162075411,028505,7
2024,12510297,3162075411,028503,10
2024,12510297,3162075411,028501,8
2024,10382918,3162075411,028502,6
2024,10382918,3162075411,028001,6
2024,10382918,3162075411,028100,5
2024,12373449,3162075411,028504,3
2024,12373449,3162075411,028503,9
2024,10241444,3162075411,028502,6
2024,10241444,3162075411,028502,0
2024,10241444,3162075411,028001,0
2024,10241444,3162075411,028501,0
2024,11664133,3162075411,028504,9
2024,11664133,3162075411,028503,8
2024,10017418,3162075411,028504,9
2024,10017418,3162075411,028505,7
2024,10017418,3162075411,028505,4
2024,13230238,3162075411,028502,3
2024,13230238,3162075411,028505,0
2024,11027241,3162075411,028504,9
2024,11027241,3162075411,028001,8
2024,11027241,3162075411,028100,9
2024,13035254,3162075411,028502,9
2024,13124410,3162075411,028504,7
2024,13124410,3162075411,028501,7
2024,12877007,3162075411,028504,3
2024,12877007,3162075411,028504,7
2024,12877007,3162075411,028505,4
2024,12877007,3162075411,028001,6
2024,10506539,3162075411,028505,7
2024,10407717,3162075411,028502,0
2024,12630701,3162075411,028505,9
2024,10724616,3162075411,028501,4
2024,10388125,3162075411,028502,9
2024,10388125,3162075411,028503,8
2024,10925235,3162075411,028502,0
2024,10925235,3162075411,028100,2
2024,13365806,3162075411,028100,10
2024,11236141,3162075411,028001,6
2024,13289936,3162075411,028503,9
2024,12618601,3162075411,028504,0
2024,12618601,3162075411,028505,4
2024,12618601,3162075411,028100,0
2024,10952090,3162075411,028502,8
2024,10952090,3162075411,028100,9
2024,13461512,3162075411,028502,8
2024,13461512,3162075411,028505,4
2024,12426107,3162075418,028601,0
2024,10574437,3162075418,028601,0
2024,10338154,3162075418,028601,0
2024,12868237,3162075418,028601,0
2024,10436905,3162075418,028601,0
2024,11619741,3162075418,028601,0
2024,12738447,3162075418,028601,0
2024,10351740,3162075539,1372,4
2024,10351740,3162075539,1373,9
2024,10486854,3162075539,1372,5
2024,10486854,3162075539,1374,5
2024,10701794,3162075539,CV0004,0
2024,10701794,3162075539,1375,10
2024,10701794,3162075539,1373,8
2024,10701794,3162075539,1377,9
2024,11316204,3162075539,1372,7
2024,13242130,3162075539,1378,0
2024,13242130,3162075539,1373,10
2024,10664967,3162075539,CV0004,9
2024,10664967,3162075539,1374,7
2024,10664967,3162075539,1374,7
2024,13281830,3162075539,1375,10
2024,13281830,3162075539,1377,8
2024,10834203,3162075539,CV0004,8
2024,10620831,3162075539,1374,8
2024,10620831,3162075539,1374,8
2024,10822528,3162075539,1378,0
2024,13011023,3162075539,1373,7
2024,13011023,3162075539,1377,7
2024,10657734,3162075539,1371,4
2024,10657734,3162075539,1374,8
2024,10859549,3162075539,1375,10
2024,10859549,3162075539,1371,9
2024,10711968,3162075539,1374,9
2024,13256847,3162075539,1374,9
2024,13256847,3162075539,1374,10
2024,13256847,3162075539,1377,10
2024,10679716,3162075539,1378,0
2024,10679716,3162075539,1373,7
2024,10698110,3162075539,1373,9
2024,10505116,3162075539,1373,7
2024,10319363,3162075539,1374,9
2024,10839832,3162075539,1378,0
2024,10839832,3162075539,1372,4
2024,12739203,3162075539,1374,9
2024,10027372,3162075539,CV0004,10
2024,10027372,3162075539,1378,0
2024,10027372,3162075539,1377,8
2024,10689174,3162075539,1375,10
2024,10689174,3162075539,1371,9
2024,10689174,3162075539,1372,4
2024,10698052,3162075539,1373,7
2024,10817396,3162075539,1371,4
2024,10817396,3162075539,1377,7
2024,10324078,3162075539,1371,9
2024,10324078,3162075539,1372,9
2024,10742955,3162075539,1371,9
2024,11831183,3162075539,CV0004,6
2024,11831183,3162075539,1371,7
2024,11831183,3162075539,1377,8
2024,10734168,3162075539,1373,8
2024,10734168,3162075539,1377,9
2024,10707900,3162075539,1375,6
2024,10707900,3162075539,1378,0
2024,10707900,3162075539,1372,8
2024,10707900,3162075539,1377,9
2024,10707896,3162075539,1371,7
2024,10707896,3162075539,1374,8
2024,10590166,3162075539,1375,0
2024,10635766,3162075539,1371,4
2024,10635766,3162075539,1372,4
2024,10735610,3162075539,1373,7
2024,10735610,3162075539,1374,6
2024,10691132,3162075539,1375,5
2024,11155646,3162075539,1375,9
2024,10845796,3162075539,1372,3
2024,10503400,3162075539,1375,10
2024,10503400,3162075539,1371,8
2024,10937787,3162075539,1372,3
2024,10937787,3162075539,1373,4
2024,10802285,3228404816,0179,7
2024,10414870,3228404816,0650,9
2024,10414870,3228404816,0647,8
2024,13075443,3228404816,0651,7
2024,13075443,3228404816,0650,6
2024,13075443,3228404816,0648,8
2024,10025295,3228404816,0179,5
2024,10025295,3228404816,0648,6
2024,10025295,3228404816,0649,5
2024,10025295,3228404816,0649,5
2024,12690668,3228404816,0647,8
2024,13450442,3228404816,1709,0
2024,13450442,3228404816,0657p,0
2024,13450442,3228404816,0179,0
2024,13450442,3228404816,0651,0
2024,13450442,3228404816,0650,0
2024,13450442,3228404816,0650,0
2024,10711948,3228404816,0657p,7
2024,10711948,3228404816,0650,6
2024,10244048,3228404816,0648,8
2024,10244048,3228404816,0649,6
2024,10244048,3228404816,0647,6
2024,10244048,3228404816,0647,5
2024,10509186,3228404816,0651,8
2024,10509186,3228404816,0650,8
2024,10452196,3228404816,0657p,10
2024,10452196,3228404816,0647,9
2024,10742998,3228404816,0649,10
2024,10742998,3228404816,0647,10
2024,10961892,3228404816,0657p,5
2024,10961892,3228404816,0651,5
2024,10961892,3228404816,0651,6
2024,10961892,3228404816,0648,6
2024,10961892,3228404816,0648,5
2024,10961892,3228404816,0648,7
2024,10906957,3228404816,0179,6
2024,10906957,3228404816,0179,5
2024,10906957,3228404816,0648,7
2024,10906957,3228404816,0649,6
2024,10677373,3228404816,0179,0
2024,10677373,3228404816,0651,0
2024,10350415,3228404816,0657p,9
2024,10350415,3228404816,0648,8
2024,10024578,3228404816,0657p,8
2024,10024578,3228404816,0179,7
2024,10024578,3228404816,0648,8
2024,10024578,3228404816,0649,4
2024,13455127,3228404816,0650,9
2024,13455127,3228404816,0650,7
2024,13455127,3228404816,0648,8
2024,13455127,3228404816,0649,10
2024,13455127,3228404816,0649,10
2024,13455127,3228404816,0647,10
2024,10780784,3228404816,0647,6
2024,13078687,3228404816,0657p,10
2024,13078687,3228404816,0179,4
2024,13078687,3228404816,0651,8
2024,13078687,3228404816,0647,8
2024,10679723,3228404816,0657p,9
2024,10679723,3228404816,0179,5
2024,10824617,3228404816,0657p,9
2024,10824617,3228404816,0179,8
2024,10824617,3228404816,0179,8
2024,10824617,3228404816,0651,8
2024,10824617,3228404816,0649,4
2024,10840138,3228404816,1709,8
2024,10840138,3228404816,0657p,7
2024,10840138,3228404816,0649,4
2024,10840138,3228404816,0647,4
2024,10840138,3228404816,0647,7
2024,10017455,3228404816,0179,9
2024,10017455,3228404816,0649,9
2024,10017455,3228404816,0649,9
2024,10017455,3228404816,0647,9
2024,11806221,3228404816,0657p,8
2024,11806221,3228404816,0657p,7
2024,11806221,3228404816,0179,7
2024,11806221,3228404816,0179,9
2024,11806221,3228404816,0651,7
2024,11806221,3228404816,0650,6
2024,11806221,3228404816,0650,6
2024,11806221,3228404816,0647,0
2024,13035058,3228404816,0179,4
2024,13035058,3228404816,0179,9
2024,13035058,3228404816,0179,7
2024,13035058,3228404816,0651,6
2024,13035058,3228404816,0648,7
2024,13035058,3228404816,0648,9
2024,10377895,3228404816,1709,0
2024,10377895,3228404816,1709,0
2024,10377895,3228404816,0650,0
2024,10377895,3228404816,0648,0
2024,10661639,3228404816,0651,9
2024,10661639,3228404816,0651,8
2024,10661639,3228404816,0648,8
2024,10661639,3228404816,0649,9
2024,10661639,3228404816,0649,8
2024,10661639,3228404816,0647,8
2024,10357636,3228404816,0648,8
2024,10357636,3228404816,0649,7
2024,11338343,3228404816,1709,8
2024,11338343,3228404816,0651,8
2024,11338343,3228404816,0651,7
2024,11338343,3228404816,0650,6
2024,11338343,3228404816,0647,0
2024,10991112,3228404816,0657p,9
2024,10991112,3228404816,0657p,10
2024,10991112,3228404816,0179,8
2024,10991112,3228404816,0651,8
2024,10819112,3228404816,1709,8
2024,10819112,3228404816,0657p,10
2024,10819112,3228404816,0651,8
2024,10819112,3228404816,0649,8
2024,10381846,3228404816,0657p,9
2024,10381846,3228404816,0650,8
2024,10381846,3228404816,0648,10
2024,13456235,3228404816,0179,0
2024,13456235,3228404816,0651,0
2024,13456235,3228404816,0648,0
2024,10679695,3228404816,0657p,9
2024,10679695,3228404816,0651,8
2024,10679695,3228404816,0650,3
2024,10679695,3228404816,0650,5
2024,10679695,3228404816,0648,9
2024,10679695,3228404816,0647,7
2024,10677900,3228404816,0648,5
2024,13476760,3228404816,0179,0
2024,13476760,3228404816,0650,0
2024,13476760,3228404816,0648,4
2024,13064420,3228404816,0657p,9
2024,13064420,3228404816,0651,6
2024,13064420,3228404816,0650,7
2024,13064420,3228404816,0649,6
2024,13064420,3228404816,0647,7
2024,10256435,3228404816,0179,0
2024,10256435,3228404816,0650,4
2024,10256435,3228404816,0649,8
2024,10256435,3228404816,0647,8
2024,13060964,3228404816,0651,0
2024,10279441,3228404816,0648,9
2024,10279441,3228404816,0649,8
2024,13264942,3228404816,1709,0
2024,13264942,3228404816,0657p,0
2024,13264942,3228404816,0650,2
2024,13264942,3228404816,0648,0
2024,13264942,3228404816,0647,0
2024,10953290,3228404816,0179,7
2024,10953290,3228404816,0649,6
2024,10463434,3228404816,0179,7
2024,10463434,3228404816,0179,0
2024,11254695,3228404816,0647,0
2024,11254695,3228404816,0647,0
2024,11664368,3228404816,0179,0
2024,11664368,3228404816,0179,0
2024,11664368,3228404816,0651,5
2024,11481642,3228404816,1709,0
2024,11481642,3228404816,0651,0
2024,11481642,3228404816,0648,0
2024,11481642,3228404816,0647,0
2024,11481642,3228404816,0647,0
2024,11889122,3228404816,0650,5
2024,11889122,3228404816,0649,7
2024,11241112,3228404816,0179,7
2024,11241112,3228404816,0651,7
2024,11241112,3228404816,0648,8
2024,11241112,3228404816,0649,7
2024,11241112,3228404816,0647,7
2024,10819061,3228404816,0179,7
2024,10819061,3228404816,0649,7
2024,10129831,3228404816,0657p,7
2024,10129831,3228404816,0649,3
2024,10789628,3228404816,1709,7
2024,10789628,3228404816,0651,9
2024,10789628,3228404816,0649,7
2024,10783588,3228404816,0651,7
2024,13035179,3228404816,0657p,10
2024,13035179,3228404816,0651,8
2024,13035179,3228404816,0647,7
2024,10321979,3228404816,0179,7
2024,10321979,3228404816,0647,6
2024,10615771,3228404816,1709,0
2024,10615771,3228404816,0649,0
2024,10615771,3228404816,0647,0
2024,10679722,3228404816,0649,5
2024,10762368,3228413080,1709,9
2024,10762368,3228413080,1709,7
2024,10762368,3228413080,0372,5
2024,10796295,3228413080,0371,9
2024,10796295,3228413080,0372,10
2024,10635003,3228413080,1709,10
2024,10635003,3228413080,0179,10
2024,10762343,3228413080,0373,9
2024,10910600,3228413080,0379p,9
2024,10910600,3228413080,0379p,9
2024,10910600,3228413080,0370,8
2024,10757735,3228413080,0370,3
2024,10757735,3228413080,0371,8
2024,10757735,3228413080,0371,8
2024,10757735,3228413080,0369,7
2024,11082671,3228413080,0179,7
2024,11082671,3228413080,0373,8
2024,10849397,3228413080,0373,6
2024,10805501,3228413080,0370,6
2024,10805501,3228413080,0372,4
2024,10805501,3228413080,0179,6
2024,12854002,3228413080,0371,7
2024,10840811,3228413080,1709,7
2024,10840811,3228413080,0371,9
2024,10840811,3228413080,0372,6
2024,10737949,3228413080,0371,9
2024,10799789,3228413080,0371,9
2024,10799789,3228413080,0372,9
2024,10652371,3228413080,1709,8
2024,10652371,3228413080,0370,6
2024,10652371,3228413080,0373,7
2024,10762023,3228413080,0370,7
2024,10762023,3228413080,0370,9
2024,10762023,3228413080,0373,9
2024,10762023,3228413080,0369,9
2024,10764453,3228413080,0379p,9
2024,10764453,3228413080,0373,8
2024,10764453,3228413080,0369,7
2024,10813139,3228413080,1709,7
2024,10813139,3228413080,0379p,9
2024,10813139,3228413080,0179,4
2024,10813139,3228413080,0373,8
2024,10813139,3228413080,0369,7
2024,10756607,3228413080,0379p,8
2024,10756607,3228413080,0371,9
2024,10762338,3228413080,0372,6
2024,10823812,3228413080,0369,8
2024,13456011,3228413080,0179,4
2024,13456011,3228413080,0370,8
2024,10780756,3228413080,1709,7
2024,10780756,3228413080,0372,8
2024,10823807,3228413080,0379p,9
2024,10823807,3228413080,0370,9
2024,10823807,3228413080,0372,8
2024,11064614,3228413382,0616p,6
2024,11064614,3228413382,0373,3
2024,11064614,3228413382,0373,0
2024,11064614,3228413382,0373,0
2024,11064614,3228413382,0484,4
2024,11064614,3228413382,0484,0
2024,11067623,3228413382,0616p,0
2024,11067623,3228413382,0484,7
2024,13042221,3228413382,0487,0
2024,13042221,3228413382,0485,0
2024,13042221,3228413382,0485,0
2024,13042221,3228413382,0484,0
2024,10525885,3228413382,1709,0
2024,10525885,3228413382,0373,0
2024,10525885,3228413382,0484,0
2024,10525885,3228413382,0484,0
2024,13455308,3228413382,0616p,8
2024,13455308,3228413382,0179,8
2024,13455308,3228413382,0373,4
2024,13455308,3228413382,0487,10
2024,10807600,3228413382,0373,10
2024,10807600,3228413382,0485,8
2024,10807600,3228413382,0484,10
2024,10807600,3228413382,0483,10
2024,10381670,3228413382,0373,0
2024,10381670,3228413382,0487,0
2024,10381670,3228413382,0485,0
2024,10679710,3228413382,0373,1
2024,10679710,3228413382,0484,7
2024,10679710,3228413382,0483,6
2024,10736277,3228413382,0616p,10
2024,10736277,3228413382,0485,10
2024,10282899,3228413382,0487,8
2024,10797348,3228413382,0616p,9
2024,10797348,3228413382,0179,8
2024,10797348,3228413382,0373,10
2024,10797348,3228413382,0487,9
2024,10611084,3228413382,1709,8
2024,10611084,3228413382,0179,8
2024,10611084,3228413382,0373,8
2024,10695479,3228413382,1709,0
2024,10695479,3228413382,0373,0
2024,10695479,3228413382,0483,0
2024,10709604,3228413382,0616p,10
2024,10709604,3228413382,0179,10
2024,10709604,3228413382,0485,9
2024,10770964,3228413382,0616p,10
2024,10770964,3228413382,0616p,8
2024,10418675,3228413382,1709,7
2024,10418675,3228413382,0179,7
2024,10418675,3228413382,0373,3
2024,11161106,3228413382,1709,0
2024,11161106,3228413382,0179,0
2024,11161106,3228413382,0179,0
2024,11161106,3228413382,0487,0
2024,11161106,3228413382,0484,0
2024,10718934,3228413382,0179,7
2024,10718934,3228413382,0373,8
2024,10718934,3228413382,0483,4
2024,13460547,3228413382,1709,0
2024,13460547,3228413382,0485,0
2024,13460547,3228413382,0483,0
2024,10688878,3228413382,0484,10
2024,11571094,3228413382,0616p,0
2024,11571094,3228413382,0483,8
2024,11571094,3228413382,0483,0
2024,11332097,3228413382,1709,0
2024,11332097,3228413382,0616p,0
2024,11332097,3228413382,0373,0
2024,11332097,3228413382,0485,0
2024,10453628,3228413382,1709,0
2024,10453628,3228413382,0616p,0
2024,10453628,3228413382,0487,0
2024,12500233,3228413382,1709,0
2024,12500233,3228413382,0616p,0
2024,12500233,3228413382,0373,0
2024,12500233,3228413382,0487,0
2024,12500233,3228413382,0484,0
2024,10399058,3228413382,0616p,0
2024,10399058,3228413382,0373,0
2024,10770657,3228413382,0616p,9
2024,10770657,3228413382,0179,9
2024,10770657,3228413382,0487,8
2024,10770657,3228413382,0485,6
2024,10770657,3228413382,0483,9
2024,10711977,3228413382,0179,8
2024,10711977,3228413382,0373,9
2024,10711977,3228413382,0485,8
2024,10308704,3228413382,0373,0
2024,12730778,3228413382,0487,0
2024,10471125,3228413382,0483,4
2024,10255502,3228413382,0616p,7
2024,10255502,3228413382,0373,9
2024,10328549,3228413382,0485,2
2024,10810051,3228413382,0483,4
2024,11569845,3228413382,1709,0
2024,11569845,3228413382,0179,0
2024,11569845,3228413382,0485,0
2024,11569845,3228413382,0483,0
2024,11271861,3228413382,0616p,8
2024,11271861,3228413382,0616p,7
2024,11271861,3228413382,0373,9
2024,13459168,3228413382,0485,9
2024,10828387,3228413382,0179,8
2024,13457137,3228413382,0616p,0
2024,13457137,3228413382,0179,0
2024,10856605,3228413382,0485,9
2024,10856605,3228413382,0483,9
2024,10401376,3228413382,0616p,0
2024,10401376,3228413382,0487,0
2024,10401376,3228413382,0487,0
2024,10401376,3228413382,0485,0
2024,10401376,3228413382,0484,0
2024,10401376,3228413382,0483,0
2024,10677836,3228413382,1709,7
2024,10677836,3228413382,1709,7
2024,10677836,3228413382,0373,0
2024,10677836,3228413382,0484,9
2024,10205657,3228413382,0487,4
2024,10643328,3228413382,1709,9
2024,10643328,3228413382,0616p,9
2024,12433428,3228413382,0373,8
2024,12287306,3228413382,1709,0
2024,12287306,3228413382,0373,0
2024,12287306,3228413382,0487,0
2024,12287306,3228413382,0487,0
2024,12287306,3228413382,0487,0
2024,10758419,3228413382,0616p,9
2024,10758419,3228413382,0179,8
2024,10758419,3228413382,0373,9
2024,10758419,3228413382,0483,10
2024,10758419,3228413382,0483,9
2024,10865703,3228415772,0179,8
2024,10865703,3228415772,1370,8
2024,10865703,3228415772,1367,7
2024,10865703,3228415772,1368,8
2024,10799612,3228415772,0179,9
2024,10799612,3228415772,1370,10
2024,10799612,3228415772,1370,9
2024,10799612,3228415772,1368,9
2024,10799612,3228415772,1369,9
2024,11649640,3228415772,0179,8
2024,11649640,3228415772,1367,7
2024,11649640,3228415772,1367,6
2024,10817945,3228415772,1709,6
2024,10817945,3228415772,0179,9
2024,10817945,3228415772,1367,4
2024,10834174,3228415772,1367,9
2024,10834174,3228415772,1368,9
2024,13281768,3228415772,1368,5
2024,10798915,3228415772,0179,7
2024,10798915,3228415772,1370,9
2024,10798915,3228415772,1368,8
2024,10819488,3228415772,1375p,10
2024,10819488,3228415772,0179,6
2024,10819488,3228415772,1368,8
2024,10781492,3228415772,0179,7
2024,10781492,3228415772,1370,4
2024,10546650,3228415772,1709,9
2024,10546650,3228415772,1375p,8
2024,10546650,3228415772,1375p,8
2024,10546650,3228415772,1370,8
2024,10546650,3228415772,1367,9
2024,10546650,3228415772,1368,9
2024,13273466,3228415772,1375p,10
2024,13273466,3228415772,1370,4
2024,13273466,3228415772,1370,7
2024,11649375,3228415772,1709,7
2024,11649375,3228415772,1375p,10
2024,11649375,3228415772,1375p,9
2024,11649375,3228415772,1368,8
2024,10714135,3228415772,1709,6
2024,10714135,3228415772,1370,4
2024,10714135,3228415772,1368,7
2024,10835968,3228415772,1370,7
2024,10835968,3228415772,1368,7
2024,10803120,3228415772,1367,8
2024,10851445,3228415772,0179,5
2024,10851445,3228415772,0179,8
2024,10851445,3228415772,1370,9
2024,10711961,3228415772,1375p,10
2024,10711961,3228415772,0179,6
2024,10711961,3228415772,1367,4
2024,10678320,3228415772,1370,4
2024,11341745,3228415772,1375p,8
2024,11341745,3228415772,1370,6
2024,11341745,3228415772,1370,8
2024,11341745,3228415772,1367,8
2024,11251967,3228415772,1709,7
2024,11251967,3228415772,0179,8
2024,10122344,3228415772,1370,10
2024,10122344,3228415772,1367,9
2024,10378823,3228415772,0179,8
2024,10378823,3228415772,1367,9
2024,10378823,3228415772,1368,10
2024,10378823,3228415772,1368,10
2024,11104411,3228415772,1375p,9
2024,11104411,3228415772,1368,8
2024,11104411,3228415772,1368,7
2024,10783707,3228415772,0179,9
2024,10783707,3228415772,1367,9
2024,10985551,3228415772,1368,8
2024,10793376,3228415772,1709,8
2024,10793376,3228415772,1370,8
2024,10793376,3228415772,1369,7
2024,10776515,3228415772,1370,9
2024,10776515,3228415772,1370,9
2024,10734128,3228415772,1375p,10
2024,10734128,3228415772,1369,9
2024,10770501,3228415772,1709,9
2024,10770501,3228415772,1368,7
2024,10770501,3228415772,1369,8
2024,10962405,3228415772,0179,0
2024,10962405,3228415772,1367,6
2024,10827153,3228415772,0179,7
2024,10827153,3228415772,1370,7
2024,10827153,3228415772,1370,8
2024,10993836,3228415772,1370,8
2024,10993836,3228415772,1368,8
2024,10993836,3228415772,1368,8
2024,11514753,3228415772,1367,7
2024,10780789,3228415772,1370,4
2024,13462544,3228415772,0179,8
2024,13462544,3228415772,0179,8
2024,13462544,3228415772,1370,7
2024,13462544,3228415772,1370,7
2024,10809667,3228415772,1709,9
2024,10809667,3228415772,1375p,9
2024,10809667,3228415772,1370,8
2024,10687463,3228415772,1375p,10
2024,10687463,3228415772,1370,8
2024,10652580,3228415772,1367,4
2024,10678151,3228415772,1375p,7
2024,10678151,3228415772,1368,6
2024,10678151,3228415772,1369,6
2024,10809557,3228415772,1370,8
2024,10809557,3228415772,1368,9
2024,10809557,3228415772,1369,8
2024,10809557,3228415772,1369,8
2024,10944114,3228415772,1367,7
2024,10730519,3228415772,1375p,9
2024,10730519,3228415772,1367,4
2024,10730519,3228415772,1368,2
2024,13242092,3228415772,1370,6
2024,10742238,3228415772,0179,8
2024,10742238,3228415772,1368,8
2024,10742238,3228415772,1369,4
2024,12558926,3228415772,0179,6
2024,12558926,3228415772,0179,6
2024,10960990,3228379385,0441,8
2024,10960990,3228379385,0441,8
2024,10960990,3228379385,0439,8
2024,10960990,3228379385,0156,8
2024,11043785,3228379385,1709,7
2024,11043785,3228379385,0441,6
2024,11043785,3228379385,0439,7
2024,10737175,3228379385,1709,7
2024,10737175,3228379385,0441,9
2024,10737175,3228379385,0441,9
2024,10737175,3228379385,0440,7
2024,10737175,3228379385,0440,7
2024,13133521,3228379385,0441,8
2024,13133521,3228379385,0438,8
2024,13133521,3228379385,0156,7
2024,11039273,3228379385,0437,7
2024,11039273,3228379385,0441,7
2024,11039273,3228379385,0441,8
2024,10887720,3228379385,0437,6
2024,10887720,3228379385,0437,7
2024,10887720,3228379385,0441,6
2024,10887720,3228379385,0439,9
2024,10887720,3228379385,0440,3
2024,11029440,3228379385,0439,9
2024,11029440,3228379385,0438,9
2024,11029440,3228379385,0438,10
2024,10995299,3228379385,1709,9
2024,10995299,3228379385,0437,8
2024,10995299,3228379385,0439,7
2024,10995299,3228379385,0440,8
2024,10835299,3228379385,1709,5
2024,10835299,3228379385,0437,5
2024,10805591,3228379385,0438,3
2024,11805803,3228379385,1709,9
2024,11805803,3228379385,0441,10
2024,11805803,3228379385,0438,9
2024,11805803,3228379385,0440,9
2024,10906307,3228379385,0441,3
2024,10911748,3228379385,0439,8
2024,10911748,3228379385,0156,8
2024,10787655,3228379385,0441,2
2024,10787655,3228379385,0438,4
2024,11028742,3228379385,0441,7
2024,11026339,3228379385,1709,7
2024,11026339,3228379385,0441,0
2024,11026339,3228379385,0439,8
2024,11026339,3228379385,0439,7
2024,11026339,3228379385,0440,7
2024,10905782,3228379385,0441,1
2024,10905782,3228379385,0156,8
2024,11004486,3228379385,1709,9
2024,11004486,3228379385,0439,10
2024,11004486,3228379385,0440,10
2024,10911568,3228379385,0437,7
2024,10911568,3228379385,0156,9
2024,11044309,3228379385,0437,3
2024,11044309,3228379385,0441,6
2024,11044309,3228379385,0441,5
2024,11044309,3228379385,0439,7
2024,11604486,3228379385,1709,6
2024,11604486,3228379385,0438,3
2024,11604486,3228379385,0156,7
2024,10911000,3228379385,0437,6
2024,10911000,3228379385,0438,4
2024,10911000,3228379385,0438,0
2024,10911000,3228379385,0440,8
2024,10911000,3228379385,0156,7
2024,11068958,3228379385,1709,0
2024,11068958,3228379385,0438,0
2024,11068958,3228379385,0440,0
2024,11068958,3228379385,0440,0
2024,11068958,3228379385,0440,0
2024,13466647,3228379385,0441,6
2024,13466647,3228379385,0439,9
2024,13466647,3228379385,0156,7
2024,11415744,3228379385,1709,5
2024,11415744,3228379385,0437,8
2024,11415744,3228379385,0441,8
2024,11415744,3228379385,0439,9
2024,11415744,3228379385,0156,6
2024,11415744,3228379385,0156,6
2024,10787257,3228379385,0437,6
2024,10787257,3228379385,0441,5
2024,10787257,3228379385,0441,6
2024,10787257,3228379385,0439,6
2024,10278634,3228379385,0437,10
2024,10278634,3228379385,0438,7
2024,10278634,3228379385,0440,10
2024,10284131,3228379385,1709,5
2024,10284131,3228379385,0437,6
2024,10284131,3228379385,0439,10
2024,10284131,3228379385,0156,0
2024,10929912,3228379385,0437,6
2024,10929912,3228379385,0440,6
2024,11024457,3228379385,1709,9
2024,11024457,3228379385,0441,8
2024,11024457,3228379385,0438,8
2024,11024457,3228379385,0438,10
2024,11024457,3228379385,0156,9
2024,10302214,3228379385,0440,0
2024,10302214,3228379385,0156,0
2024,12731640,3228379385,1709,6
2024,12731640,3228379385,0441,7
2024,12731640,3228379385,0439,8
2024,11507257,3228379385,0441,6
2024,11507257,3228379385,0438,6
2024,11507257,3228379385,0156,4
2024,10929818,3228379385,0437,8
2024,10929818,3228379385,0437,8
2024,10929818,3228379385,0441,9
2024,10929818,3228379385,0438,9
2024,10929818,3228379385,0156,9
2024,10435060,3228379385,0441,0
2024,10435060,3228379385,0439,0
2024,10435060,3228379385,0438,0
2024,10435060,3228379385,0156,0
2024,10248709,3228379385,1709,0
2024,10248709,3228379385,0439,0
2024,10248709,3228379385,0439,0
2024,10248709,3228379385,0438,0
2024,10248709,3228379385,0440,0
2024,10248709,3228379385,0156,0
2024,10421015,3228379385,0438,0
2024,12673295,3228379385,0437,0
2024,12673295,3228379385,0439,0
2024,12673295,3228379385,0438,0
2024,12673295,3228379385,0156,0
2024,12673295,3228379385,0156,0
2024,10420824,3228379385,0437,9
2024,10420824,3228379385,0438,0
2024,10420824,3228379385,0156,5
2024,10468121,3228379385,0441,0
2024,10468121,3228379385,0439,8
2024,10468121,3228379385,0156,4
2024,13458066,3228379385,1709,9
2024,10650730,3228379385,0441,4
2024,10650730,3228379385,0441,2
2024,13459588,3228379385,0437,0
2024,13459588,3228379385,0441,5
2024,13459588,3228379385,0438,5
2024,13459588,3228379385,0438,0
2024,13459588,3228379385,0156,0
2024,10311923,3228379385,0156,0
2024,11026347,3228379385,0437,7
2024,11026347,3228379385,0441,10
2024,11026347,3228379385,0440,10
2024,11026347,3228379385,0156,7
2024,10394837,3228379385,0439,6
2024,10307040,3228379385,0441,0
2024,10307040,3228379385,0441,0
2024,10307040,3228379385,0440,0
2024,11786393,3228379385,0438,0
2024,11786393,3228379385,0156,0
2024,10696650,3228379385,0437,0
2024,10696650,3228379385,0437,0
2024,10696650,3228379385,0437,0
2024,10696650,3228379385,0441,3
2024,10696650,3228379385,0439,8
2024,10696650,3228379385,0440,7
2024,13459194,3228379385,0439,9
2024,13459361,3228379385,1709,0
2024,13459361,3228379385,0437,0
2024,13459361,3228379385,0439,4
2024,13459361,3228379385,0438,5
2024,13459361,3228379385,0156,0
2024,11033515,3228379385,1709,9
2024,11033515,3228379385,0437,7
2024,11033515,3228379385,0439,9
2024,11033515,3228379385,0438,8
2024,11033515,3228379385,0438,10
2024,11067932,3228379385,1709,0
2024,11067932,3228379385,0437,10
2024,11067932,3228379385,0438,0
2024,11666166,3228379385,0437,6
2024,11666166,3228379385,0438,5
2024,11666166,3228379385,0438,6
2024,13221347,3228379385,0439,0
2024,13221347,3228379385,0438,0
2024,13221347,3228379385,0156,0
2024,13290996,3228406931,1709,8
2024,13290996,3228406931,1709,8
2024,13290996,3228406931,1012p,9
2024,13290996,3228406931,0179,8
2024,13290996,3228406931,0623,8
2024,10800028,3228406931,1709,6
2024,10824007,3228406931,0931,8
2024,10635026,3228406931,1012p,8
2024,10813126,3228406931,0623,8
2024,10813126,3228406931,1010,9
2024,10776549,3228406931,0179,7
2024,10776549,3228406931,0931,9
2024,10776549,3228406931,1010,7
2024,10510136,3228406931,1012p,8
2024,10510136,3228406931,1012p,0
2024,10510136,3228406931,0179,8
2024,10510136,3228406931,0931,6
2024,10709557,3228406931,0179,8
2024,10709557,3228406931,0179,0
2024,10709557,3228406931,0623,0
2024,10422716,3228406931,1709,0
2024,10422716,3228406931,1012p,0
2024,10862032,3228406931,0623,0
2024,10862032,3228406931,0930,4
2024,10862032,3228406931,0930,0
2024,10726936,3228406931,0623,7
2024,10726936,3228406931,0931,9
2024,10764144,3228406931,0930,3
2024,10764144,3228406931,0931,7
2024,10819701,3228406931,0930,0
2024,10819701,3228406931,0931,0
2024,10819701,3228406931,1010,0
2024,10819701,3228406931,1010,0
2024,10817903,3228406931,0930,8
2024,10817903,3228406931,0931,9
2024,10805294,3228406931,0623,6
2024,10530803,3228406931,1709,8
2024,10530803,3228406931,1012p,8
2024,10530803,3228406931,0179,8
2024,10530803,3228406931,0179,9
2024,10530803,3228406931,0930,7
2024,10530803,3228406931,0931,8
2024,10349498,3228406931,1012p,8
2024,10630363,3228406931,0179,6
2024,10630363,3228406931,0623,8
2024,10630363,3228406931,0931,9
2024,10852161,3228406931,1012p,8
2024,10852161,3228406931,1012p,9
2024,10819684,3228406931,1012p,9
2024,10414061,3228406931,1012p,1
2024,10397687,3228406931,0930,5
2024,10397687,3228406931,1010,0
2024,10397687,3228406931,1010,5
2024,11811552,3228406931,0930,0
2024,11811552,3228406931,1010,0
2024,10323559,3228406931,0623,1
2024,10323559,3228406931,1010,3
2024,10323559,3228406931,1010,0
2024,10323559,3228406931,1010,0
2024,13458157,3228406931,1012p,0
2024,13458157,3228406931,1012p,0
2024,13458157,3228406931,1012p,0
2024,13458157,3228406931,0179,0
2024,13458157,3228406931,1010,0
2024,13456007,3228406931,0930,7
2024,13523913,3228406931,0930,0
2024,10940616,3228406931,1012p,0
2024,10940616,3228406931,0623,0
2024,10940616,3228406931,0931,0
2024,10940616,3228406931,1010,0
2024,13458161,3228406931,1012p,8
2024,13458161,3228406931,0179,8
2024,13458161,3228406931,1010,5
2024,11059841,3228406931,1012p,9
2024,11059841,3228406931,0930,7
2024,11059841,3228406931,0930,6
2024,10381708,3228406931,1012p,0
2024,10381708,3228406931,0179,0
2024,10381708,3228406931,0623,0
2024,10381708,3228406931,0930,0
2024,10381708,3228406931,0931,2
2024,10381708,3228406931,1010,0
2024,10852107,3228406931,1012p,0
2024,10852107,3228406931,0179,8
2024,10852107,3228406931,0179,0
2024,10852107,3228406931,0179,0
2024,10852107,3228406931,0623,0
2024,10852107,3228406931,0623,0
2024,10852107,3228406931,0931,0
2024,10304385,3228406931,0179,6
2024,10304385,3228406931,0623,7
2024,11800453,3228406931,0623,0
2024,11800453,3228406931,1010,0
2024,10330111,3228406931,1010,0
2024,10330111,3228406931,1010,7
2024,10443575,3228406931,0623,4
2024,10443575,3228406931,0931,0
2024,10443575,3228406931,1010,0
2024,10818191,3228406931,0179,0
2024,10818191,3228406931,0930,0
2024,10818191,3228406931,1010,0
2024,10499331,3228406931,0930,0
2024,10499331,3228406931,1010,5
2024,11089472,3228406931,0179,5
2024,11089472,3228406931,0931,10
2024,11089472,3228406931,1010,4
2024,11089472,3228406931,1010,7
2024,10699271,3228406931,1709,2
2024,10699271,3228406931,1012p,8
2024,10699271,3228406931,1010,6
2024,10807830,3228406931,0623,8
2024,10807830,3228406931,0930,8
2024,10807830,3228406931,1010,3
2024,10042816,3228406931,1709,0
2024,10042816,3228406931,1012p,0
2024,10042816,3228406931,0930,0
2024,10042816,3228406931,0931,0
2024,10303628,3228406931,0179,0
2024,10022321,3228406931,0179,10
2024,12561661,3228406931,1709,5
2024,12561661,3228406931,1010,3
2024,10797573,3228406931,0931,9
2024,10797573,3228406931,0931,9
2024,10479899,3228406931,0179,9
2024,10479899,3228406931,0623,8
2024,10918602,3228406931,1012p,9
2024,10918602,3228406931,0930,6
2024,10754604,3228406931,1709,7
2024,10754604,3228406931,0931,8
2024,10754604,3228406931,1010,6
2024,10365221,3228406931,1012p,8
2024,10365221,3228406931,0623,8
2024,13461591,3228406931,0623,9
2024,10249410,3228406931,0931,8
2024,10766452,3228406545,0828p,0
2024,10766452,3228406545,0828p,9
2024,10766452,3228406545,0179,8
2024,10766452,3228406545,1709,7
2024,10766452,3228406545,0623,9
2024,12607926,3228406545,1709,8
2024,12607926,3228406545,CV0008,8
2024,11790917,3228406545,0625,6
2024,11790917,3228406545,0625,7
2024,11790917,3228406545,0623,9
2024,10689201,3228406545,0828p,9
2024,10689201,3228406545,0625,8
2024,10742994,3228406545,0625,7
2024,10742994,3228406545,0627,7
2024,10729793,3228406545,0622,5
2024,10689201,3228406545,0179,0
2024,10487336,3228406545,0625,8
2024,10487336,3228406545,0625,8
2024,10487336,3228406545,0623,7
2024,10857816,3228406545,0828p,8
2024,10857816,3228406545,0179,8
2024,10857816,3228406545,CV0008,10
2024,10847609,3228406545,0625,7
2024,10766414,3228406545,0179,8
2024,10766414,3228406545,0625,10
2024,10766414,3228406545,0627,8
2024,10856038,3228406545,0627,5
2024,11433224,3228406545,0828p,8
2024,11433224,3228406545,0625,8
2024,11433224,3228406545,0627,6
2024,11073751,3228406545,1709,8
2024,11073751,3228406545,1709,8
2024,11073751,3228406545,0622,8
2024,11073751,3228406545,CV0008,8
2024,11073751,3228406545,CV0008,9
2024,10593810,3228406545,0625,8
2024,10593810,3228406545,0627,2
2024,10593810,3228406545,CV0008,8
2024,10593810,3228406545,CV0008,9
2024,11231507,3228406545,0627,0
2024,12912678,3228406545,0179,4
2024,12912678,3228406545,CV0008,9
2024,10804606,3228406545,1709,5
2024,10804606,3228406545,0622,5
2024,10804606,3228406545,0622,6
2024,10804606,3228406545,0625,6
2024,10804606,3228406545,0623,7
2024,10804606,3228406545,CV0008,8
2024,10707892,3228406545,0828p,9
2024,10707892,3228406545,0623,8
2024,10707892,3228406545,0627,6
2024,10707892,3228406545,CV0009,9
2024,13470345,3228406545,0828p,9
2024,13470345,3228406545,0627,3
2024,13470345,3228406545,0627,0
2024,13473425,3228406545,0627,9
2024,10711954,3228406545,1709,7
2024,10711954,3228406545,0627,5
2024,10711954,3228406545,CV0009,8
2024,10835673,3228406545,0622,5
2024,10835673,3228406545,0623,7
2024,10835673,3228406545,0623,7
2024,10734184,3228406545,1709,7
2024,10734184,3228406545,1709,6
2024,10734184,3228406545,0179,7
2024,10734184,3228406545,0622,8
2024,10734184,3228406545,0625,8
2024,10734184,3228406545,0627,7
2024,10734184,3228406545,CV0009,10
2024,13170472,3228406545,0622,2
2024,13170472,3228406545,0625,0
2024,13170472,3228406545,0623,0
2024,10766479,3228410748,0179,8
2024,10843404,3228410748,0173,7
2024,10843404,3228410748,0174,9
2024,10843404,3228410748,0177,9
2024,10254373,3228410748,0181p,10
2024,13453640,3228410748,0179,5
2024,13453640,3228410748,0173,6
2024,13453640,3228410748,0177,7
2024,10700069,3228410748,0171,0
2024,10700069,3228410748,0172,0
2024,10700069,3228410748,0173,0
2024,10392181,3228410748,1709,5
2024,10392181,3228410748,0171,7
2024,10688815,3228410748,0181p,9
2024,10688815,3228410748,0171,9
2024,10688815,3228410748,0172,9
2024,10688815,3228410748,0177,7
2024,10506040,3228410748,0181p,0
2024,10506040,3228410748,0174,0
2024,13455952,3228410748,1709,9
2024,13455952,3228410748,0179,7
2024,13455952,3228410748,0173,4
2024,13455952,3228410748,0174,7
2024,10664803,3228410748,1709,0
2024,10664803,3228410748,0172,0
2024,12413993,3228410748,0173,0
2024,12413993,3228410748,0177,0
2024,13480000,3228410748,0174,9
2024,13480000,3228410748,0177,7
2024,10509253,3228410748,0181p,0
2024,10509253,3228410748,0179,0
2024,10509253,3228410748,0174,0
2024,13455821,3228410748,0173,4
2024,10664909,3228410748,0181p,9
2024,10664909,3228410748,0177,9
2024,11567443,3228410748,0181p,6
2024,11567443,3228410748,0179,0
2024,11567443,3228410748,0179,0
2024,13456058,3228410748,1709,8
2024,13456058,3228410748,0172,4
2024,13456058,3228410748,0173,4
2024,13456058,3228410748,0173,0
2024,13456058,3228410748,0174,6
2024,10691269,3228410748,0174,2
2024,10691269,3228410748,0177,0
2024,10639978,3228410748,1709,9
2024,10639978,3228410748,0172,8
2024,13255125,3228410748,0177,0
2024,10507411,3228410748,1709,0
2024,10745573,3228410357,1709,8
2024,10745573,3228410357,0171,8
2024,10745573,3228410357,0383,7
2024,10745573,3228410357,0383,8
2024,10745573,3228410357,0173,7
2024,10745573,3228410357,0173,7
2024,10585531,3228410357,0179,6
2024,10585531,3228410357,0171,4
2024,10585531,3228410357,0384,6
2024,10648032,3228410357,1709,7
2024,10648032,3228410357,0384,8
2024,10648032,3228410357,0384,6
2024,10648032,3228410357,0172,6
2024,10698109,3228410357,1709,8
2024,10698109,3228410357,0400p,8
2024,10698109,3228410357,0172,8
2024,10698109,3228410357,0172,8
2024,11627062,3228410357,0171,9
2024,11627062,3228410357,0384,7
2024,10675936,3228410357,0384,6
2024,10729539,3228410357,0383,8
2024,10729539,3228410357,0384,10
2024,10729539,3228410357,0384,9
2024,10729539,3228410357,0173,8
2024,10410077,3228410357,0171,7
2024,10530795,3228410357,0400p,8
2024,10530795,3228410357,0400p,9
2024,10530795,3228410357,0179,5
2024,10530795,3228410357,0171,9
2024,10530795,3228410357,0383,8
2024,13455702,3228410357,1709,9
2024,13455702,3228410357,0400p,8
2024,13455702,3228410357,0173,9
2024,10719000,3228410357,0383,7
2024,10719000,3228410357,0173,5
2024,13456027,3228410357,1709,7
2024,10835750,3228410357,0171,8
2024,10835750,3228410357,0384,7
2024,10766449,3228410357,1709,7
2024,10766449,3228410357,0400p,8
2024,10766449,3228410357,0400p,7
2024,10645102,3228410357,0400p,8
2024,10645102,3228410357,0172,7
2024,10645102,3228410357,0172,8
2024,10645102,3228410357,0173,7
2024,10645102,3228410357,0173,6
2024,10820272,3228410357,0383,4
2024,13487222,3228410357,1709,9
2024,13487222,3228410357,0179,9
2024,13487222,3228410357,0171,10
2024,10687498,3228410892,1709,7
2024,10687498,3228410892,0388p,8
2024,10687498,3228410892,0171,9
2024,10687498,3228410892,0171,9
2024,10687498,3228410892,0383,10
2024,10687498,3228410892,0384,9
2024,10687498,3228410892,0173,8
2024,10742128,3228410892,0171,6
2024,10742128,3228410892,0172,7
2024,13455012,3228410892,0388p,4
2024,10749811,3228410892,1709,7
2024,10749811,3228410892,1709,6
2024,13454999,3228410892,0388p,7
2024,10678997,3228410892,0388p,0
2024,10678997,3228410892,0179,6
2024,10678997,3228410892,0384,0
2024,10320497,3228410892,0172,6
2024,10320497,3228410892,0173,9
2024,10808311,3228410892,0384,8
2024,10808311,3228410892,0384,7
2024,13450196,3228410892,0179,8
2024,13450196,3228410892,0383,9
2024,13450196,3228410892,0384,9
2024,13450196,3228410892,0172,9
2024,10761594,3228410892,0179,7
2024,10761594,3228410892,0383,8
2024,10761594,3228410892,0383,4
2024,10761594,3228410892,0384,7
2024,10761594,3228410892,0172,5
2024,10761594,3228410892,0173,7
2024,10736502,3228410892,1709,7
2024,10736502,3228410892,0388p,8
2024,10736502,3228410892,0384,7
2024,10736502,3228410892,0173,8
2024,11330085,3228410892,0171,4
2024,10676318,3228410892,1709,4
2024,10676318,3228410892,1709,7
2024,10676318,3228410892,0171,2
2024,10676318,3228410892,0383,7
2024,13472424,3228410892,0388p,8
2024,13472424,3228410892,0384,6
2024,13472424,3228410892,0172,4
2024,13475599,3228410892,0388p,9
2024,13475599,3228410892,0179,9
2024,13475599,3228410892,0384,9
2024,13475599,3228410892,0172,9
2024,13475662,3228410892,1709,7
2024,13475662,3228410892,0383,10
2024,13475662,3228410892,0384,8
2024,13475662,3228410892,0384,8
2024,10514139,3228410892,0388p,9
2024,10514139,3228410892,0388p,7
2024,10514139,3228410892,0171,9
2024,10514139,3228410892,0172,4
2024,12912453,3228410892,0171,3
2024,12912453,3228410892,0173,8
2024,11036107,3228381273,1709,0
2024,11036107,3228381273,0156,4
2024,11036107,3228381273,1229,0
2024,11036107,3228381273,1231,0
2024,10793641,3228381273,1229,0
2024,10793641,3228381273,1231,0
2024,10793641,3228381273,1231,0
2024,10793641,3228381273,1233,0
2024,10931235,3228381273,1709,8
2024,10931235,3228381273,1709,7
2024,10931235,3228381273,1229,5
2024,10931235,3228381273,1231,4
2024,10931235,3228381273,1231,5
2024,10931235,3228381273,1233,3
2024,10931235,3228381273,1233,7
2024,11003632,3228381273,1709,7
2024,11003632,3228381273,0156,6
2024,11003632,3228381273,1231,0
2024,11003632,3228381273,1233,0
2024,12607119,3228381273,1226,5
2024,12607119,3228381273,1231,7
2024,13291541,3228381273,0156,7
2024,13291541,3228381273,1226,10
2024,13291541,3228381273,1231,7
2024,13291541,3228381273,1232,7
2024,12744964,3228381273,1709,8
2024,12744964,3228381273,1226,4
2024,12744964,3228381273,1231,3
2024,10924853,3228381273,1229,6
2024,10924853,3228381273,1231,5
2024,11798264,3228381273,1233,7
2024,10648909,3228381273,1226,4
2024,10889537,3228381273,1226,4
2024,10889537,3228381273,1231,6
2024,10889537,3228381273,1232,6
2024,10889537,3228381273,1233,7
2024,10912710,3228381273,1231,5
2024,10787502,3228381273,1709,7
2024,10787502,3228381273,0156,5
2024,10904203,3228381273,1709,8
2024,10904203,3228381273,1226,7
2024,10904203,3228381273,1232,6
2024,10904203,3228381273,1232,7
2024,11024352,3228381273,0156,9
2024,11024352,3228381273,1229,6
2024,11024352,3228381273,1232,6
2024,11024352,3228381273,1233,7
2024,11024352,3228381273,1233,7
2024,10899896,3228381273,1226,9
2024,13099124,3228381273,0156,8
2024,13099124,3228381273,1226,7
2024,13099124,3228381273,1233,8
2024,11004108,3228381273,1226,7
2024,11004108,3228381273,1226,9
2024,11004108,3228381273,1232,8
2024,11004108,3228381273,1233,8
2024,12465550,3228381273,1709,6
2024,12465550,3228381273,0156,6
2024,12465550,3228381273,1232,7
2024,12465550,3228381273,1232,6
2024,10916721,3228381273,1229,0
2024,10916721,3228381273,1233,3
2024,10912726,3228381273,0156,8
2024,10912726,3228381273,1229,7
2024,10912726,3228381273,1231,6
2024,10912726,3228381273,1233,7
2024,10805007,3228381273,0156,8
2024,10805007,3228381273,1233,8
2024,11184512,3228381273,1709,6
2024,11184512,3228381273,1226,7
2024,10654915,3228381273,0156,0
2024,10654915,3228381273,1231,0
2024,10654915,3228381273,1231,0
2024,10654915,3228381273,1233,0
2024,10654915,3228381273,1233,0
2024,11040995,3228381273,1709,5
2024,10708167,3228390016,0221,7
2024,12563453,3228390016,0156,8
2024,12563453,3228390016,0156,9
2024,10846382,3228390016,1709,6
2024,10846382,3228390016,0222,4
2024,10846382,3228390016,0156,6
2024,10903261,3228390016,0225,4
2024,10903261,3228390016,0223,9
2024,10903261,3228390016,0222,8
2024,11002807,3228390016,0225,8
2024,11002807,3228390016,0221,8
2024,11002807,3228390016,0222,9
2024,11146537,3228390016,0225,10
2024,10897212,3228390016,1709,2
2024,10897212,3228390016,0221,6
2024,10897212,3228390016,0222,2
2024,10897212,3228390016,0156,8
2024,10929469,3228390016,1709,2
2024,10929469,3228390016,0221,3
2024,10929469,3228390016,0156,3
2024,10812899,3228390016,0225,3
2024,10812899,3228390016,0156,5
2024,10893131,3228390016,0222,6
2024,10893131,3228390016,0222,7
2024,13452408,3228390016,1709,7
2024,10996376,3228390016,0221,4
2024,10917865,3228390016,1709,6
2024,10917865,3228390016,0223,3
2024,11011197,3228390016,0223,8
2024,11011197,3228390016,0223,9
2024,12270997,3228390016,1709,0
2024,12270997,3228390016,0225,0
2024,12270997,3228390016,0221,0
2024,12270997,3228390016,0156,0
2024,11622314,3228390016,0223,8
2024,11622314,3228390016,0222,7
2024,11088265,3228390016,0221,9
2024,11088265,3228390016,0221,9
2024,11088265,3228390016,0222,8
2024,10762391,3228390016,0156,4
2024,11248234,3228390016,0223,5
2024,13458016,3228390016,0223,0
2024,10776723,3228390016,0221,6
2024,10776723,3228390016,0222,5
2024,13114371,3228390016,0225,8
2024,13114371,3228390016,0223,9
2024,12736641,3228390016,0225,0
2024,12736641,3228390016,0225,0
2024,12736641,3228390016,0223,0
2024,12736641,3228390016,0156,0
2024,13459021,3228390016,0225,0
2024,13459021,3228390016,0223,0
2024,13459021,3228390016,0156,0
2024,12647763,3228390016,0223,0
2024,12647763,3228390016,0156,0
2024,12647763,3228390016,0156,0
2024,10353865,3228390016,0222,5
2024,11763179,3228390016,0223,6
2024,13238582,3228390016,0223,0
2024,13238582,3228390016,0223,0
2024,11479705,3228390016,0221,5
2024,11479705,3228390016,0221,6
2024,11479705,3228390016,0221,6
2024,11479705,3228390016,0222,4
2024,13316624,3228390016,0222,6
2024,13316624,3228390016,0156,4
2024,10517185,3228390016,0223,4
2024,10517185,3228390016,0223,0
2024,13458659,3228390016,1709,0
2024,13458659,3228390016,0223,0
2024,13458659,3228390016,0221,0
2024,13458659,3228390016,0222,0
2024,12875318,3228390016,0225,8
2024,12875318,3228390016,0221,8
2024,12875318,3228390016,0156,8
2024,11034534,3228390016,1709,0
2024,13006056,3228390016,0222,0
2024,10675115,3228390016,0223,4
2024,10459081,3228390016,0225,0
2024,10459081,3228390016,0225,0
2024,10459081,3228390016,0156,0
2024,12736802,3228390016,0225,0
2024,12576881,3228390016,1709,0
2024,12576881,3228390016,0223,0
2024,12576881,3228390016,0221,0
2024,12576881,3228390016,0222,0
2024,11323147,3228390016,0221,0
2024,11847570,3228390016,0225,0
2024,11847570,3228390016,0225,0
2024,11847570,3228390016,0225,0
2024,11847570,3228390016,0223,0
2024,10762386,3162077488,1228,9
2024,10766806,3162077488,CV0002,7
2024,10766806,3162077488,1227,8
2024,10766806,3162077488,1228,9
2024,10776722,3162077488,1227,0
2024,10776722,3162077488,1234,2
2024,10932819,3162077488,1227,8
2024,11667242,3162077488,1234,7
2024,11744036,3162077488,1230,9
2024,11744036,3162077488,1235,8
2024,10791133,3162077488,CV0002,7
2024,12907793,3162077488,1234,8
2024,10909605,3162077488,1227,8
2024,10761942,3162077488,CV0002,7
2024,10761942,3162077488,1228,9
2024,10889204,3162077488,1230,5
2024,10889204,3162077488,1235,6
2024,10897205,3162077488,1230,8
2024,10897205,3162077488,1234,6
2024,10858044,3162077488,CV0002,7
2024,10858044,3162077488,1228,6
2024,10852104,3162077488,CV0002,7
2024,10852104,3162077488,1227,3
2024,10887844,3162077488,1235,7
2024,10895114,3162077488,1227,8
2024,10895114,3162077488,1228,8
2024,10895114,3162077488,1234,7
2024,10895114,3162077488,1235,8
2024,10920099,3162077488,CV0002,9
2024,12932662,3162077488,1235,9
2024,10718886,3162077600,1110,8
2024,10718081,3162077600,CV0004,7
2024,10718081,3162077600,1009,6
2024,10427109,3162077600,1007,0
2024,10427109,3162077600,1008,0
2024,10427109,3162077600,1009,0
2024,10427109,3162077600,1110,0
2024,10826692,3162077600,1110,9
2024,10690358,3162077600,1012,6
2024,10584902,3162077600,CV0004,4
2024,10584902,3162077600,1009,5
2024,10584902,3162077600,1012,8
2024,10707845,3162077600,1009,7
2024,10707845,3162077600,1109,8
2024,10375121,3162077600,1007,8
2024,10375121,3162077600,1011,8
2024,10375121,3162077600,1109,7
2024,10375121,3162077600,1109,7
2024,10689153,3162077600,CV0004,7
2024,10689153,3162077600,1012,6
2024,10795882,3162077600,1009,6
2024,10833265,3162077600,1009,8
2024,10833265,3162077600,1011,9
2024,10833265,3162077600,1109,9
2024,10768351,3162077600,1011,9
2024,10768351,3162077600,1109,9
2024,10768351,3162077600,1110,8
2024,10270640,3162077600,CV0004,0
2024,12719809,3162077600,1009,7
2024,12719809,3162077600,1011,10
2024,10737190,3162077600,1110,9
2024,10426520,3162077600,1007,10
2024,10426520,3162077600,1011,9
2024,10432949,3162077600,1008,7
2024,10820754,3162077600,1109,7
2024,10820754,3162077600,1110,8
2024,10820754,3162077600,1012,6
2024,10466022,3162077600,1011,8
2024,10466022,3162077600,1109,7
2024,10466022,3162077600,1110,8
2024,10723795,3162077600,1008,9
2024,10723795,3162077600,1109,8
2024,10723795,3162077600,1013,0
2024,10279046,3162077600,1109,6
2024,13282254,3162077600,1008,6
2024,13282254,3162077600,1012,6
2024,10698475,3162077600,1110,8
2024,10792793,3162077600,1007,9
2024,10532574,3162077600,CV0004,0
2024,10532574,3162077600,1009,0
2024,10532574,3162077600,1011,0
2024,10532574,3162077600,1012,0
2024,13040510,3162077600,1110,0
2024,11318428,3162077600,1008,8
2024,11318428,3162077600,1009,9
2024,11318428,3162077600,1011,9
2024,11318428,3162077600,1110,9
2024,13243061,3162077600,1007,8
2024,10690015,3162077600,CV0004,8
2024,10690015,3162077600,1109,8
2024,10378770,3162077600,1109,0
2024,10378770,3162077600,1110,0
2024,13249466,3162077600,1007,10
2024,13249466,3162077600,1008,9
2024,12424432,3162077600,1110,9
2024,12424432,3162077600,1110,9
2024,10375621,3162077600,1109,8
2024,11502177,3162077600,1007,9
2024,11502177,3162077600,1012,8
2024,10809481,3162077600,1007,9
2024,10809481,3162077600,1110,8
2024,10809481,3162077600,1012,7
2024,10809481,3162077600,1013,0
2024,12735439,3162077600,1009,9
2024,12735439,3162077600,1011,10
2024,12300236,3162077600,1007,6
2024,12300236,3162077600,1011,6
2024,10451295,3162077600,1011,9
2024,10803572,3162077600,1008,8
2024,10803572,3162077600,1110,8
2024,10278035,3162077600,1009,0
2024,13242370,3162077600,1110,7
2024,10259264,3162077600,1008,9
2024,10259264,3162077600,1110,10
2024,10354121,3162077600,CV0004,4
2024,10354121,3162077600,1008,5
2024,10354121,3162077600,1009,3
2024,10691616,3162077600,1009,3
2024,10691616,3162077600,1009,8
2024,10691616,3162077600,1109,7
2024,10691616,3162077600,1013,0
2024,10296770,3162077600,1008,7
2024,13242369,3162077600,1008,4
2024,13242369,3162077600,1011,0
2024,10017290,3162077600,1011,9
2024,10318925,3162077600,1008,7
2024,10318925,3162077600,1110,7
2024,10792522,3162077600,1008,0
2024,10792522,3162077600,1009,6
2024,10123639,3162077600,1013,0
2024,10804683,3162077551,0827,7
2024,10804683,3162077551,0822,8
2024,10397145,3162077551,0825,9
2024,10397145,3162077551,0823,9
2024,10752122,3162077551,CV0004,7
2024,10752122,3162077551,0830,0
2024,10808796,3162077551,0827,7
2024,10808796,3162077551,0822,9
2024,10808796,3162077551,0826,7
2024,13288467,3162077551,CV0004,7
2024,13288467,3162077551,0823,8
2024,13288467,3162077551,0824,4
2024,10243788,3162077551,0828,5
2024,10713535,3162077551,0825,6
2024,10700138,3162077551,0823,8
2024,10700138,3162077551,0823,8
2024,10700138,3162077551,0826,6
2024,10323951,3162077551,0822,7
2024,10729579,3162077551,0825,9
2024,10729579,3162077551,0825,9
2024,10729579,3162077551,0823,9
2024,10729579,3162077551,0826,8
2024,10770133,3162077551,0825,3
2024,10706042,3162077551,CV0004,8
2024,10706042,3162077551,0825,3
2024,13288446,3162077551,0827,9
2024,10819055,3162077551,0823,7
2024,10748318,3162077551,CV0010,1
2024,13293379,3162077551,0827,7
2024,10809450,3162077551,0823,9
2024,10809450,3162077551,CV0010,0
2024,10758378,3162078584,243265,9
2024,10699142,3162078584,243266,0
2024,10699142,3162078584,243264,7
2024,13446594,3162078584,243265,9
2024,13446594,3162078584,243265,10
2024,13446594,3162078584,243264,4
2024,13448029,3162078584,243265,9
2024,13448029,3162078584,243267,10
2024,11066151,3162078584,243266,6
2024,11066151,3162078584,243264,8
2024,10698470,3162078584,243265,9
2024,10698470,3162078584,243264,9
2024,10347923,3162078584,243265,10
2024,10347923,3162078584,243267,10
2024,10347923,3162078584,243266,10
2024,10675598,3162078584,243264,4
2024,13447274,3162078584,243265,9
2024,13447274,3162078584,243266,9
2024,13447274,3162078584,243266,10
2024,13447284,3162078584,243267,8
2024,13035877,3162078584,243267,10
2024,13035877,3162078584,243267,10
2024,10699108,3162078584,243264,6
2024,13467527,3162078584,243267,4
2024,13467527,3162078584,243267,7
2024,13467527,3162078584,243266,8
2024,13467527,3162078584,243266,8
2024,13467527,3162078584,243264,7
2024,10287348,3162078584,243266,7
2024,10287348,3162078584,243264,8
2024,13475004,3162078584,243267,10
2024,13475004,3162078584,243266,8
2024,11316049,3162078584,243265,9
2024,11316049,3162078584,243265,9
2024,11316049,3162078584,243266,9
2024,13250043,3162078584,243266,0
2024,13250043,3162078584,243264,0
2024,11316053,3162078584,243266,8
2024,11316053,3162078584,243266,9
2024,11316053,3162078584,243264,9
2024,10869145,3162078584,243265,9
2024,10814418,3162078584,243266,7
2024,10862205,3162078584,243264,9
2024,10705571,3162078584,243265,9
2024,10515204,3162078591,243270,4
2024,10645661,3162078591,243271,7
2024,10697595,3162078591,243602,9
2024,10709718,3162078591,243270,7
2024,10714036,3162078591,243604,7
2024,10499298,3162078591,243271,8
2024,10723900,3162078591,243270,9
2024,10610021,3162078591,243271,8
2024,10610021,3162078591,243270,10
2024,10689283,3162078591,243271,9
2024,10242875,3162078591,243604,9
2024,10850218,3162078591,243604,7
2024,10850218,3162078591,243270,9
2024,10697823,3162078591,243271,8
2024,10862844,3162078591,243602,7
2024,10697613,3162078591,243604,10
2024,10711820,3162078591,243601,0
2024,10507995,3162076035,0181,0
2024,10507995,3162076035,0184,0
2024,10507995,3162076035,0178,8
2024,10507995,3162076035,0178,6
2024,11186762,3162076035,0178,0
2024,10466089,3162076035,0181,5
2024,13263308,3162076035,0180,8
2024,13263308,3162076035,0183,5
2024,13263308,3162076035,0176,4
2024,11568873,3162076035,0184,0
2024,11568873,3162076035,0183,6
2024,11568873,3162076035,0175,7
2024,10742422,3162076035,0175,6
2024,10742422,3162076035,0175,6
2024,10805336,3162076035,0183,6
2024,10487908,3162076035,0181,5
2024,10487908,3162076035,0175,9
2024,13245158,3162076035,0184,0
2024,10814531,3162076035,0184,0
2024,10814531,3162076035,0183,9
2024,10838901,3162076035,0183,6
2024,10581335,3162076035,0175,9
2024,10713910,3162076035,0181,4
2024,10713910,3162076035,0176,7
2024,10706770,3162076035,0181,4
2024,10706770,3162076035,0181,6
2024,10706770,3162076035,0183,6
2024,10849475,3162076035,0180,8
2024,10849475,3162076035,0176,7
2024,10468091,3162076035,CV0004,8
2024,10468091,3162076035,CV0004,9
2024,10468091,3162076035,0181,6
2024,10420918,3162076035,0180,8
2024,10420918,3162076035,0180,7
2024,10420918,3162076035,0176,8
2024,10420918,3162076035,0175,7
2024,12452324,3162076035,0176,0
2024,12452324,3162076035,0175,0
2024,13097118,3162076035,0181,6
2024,10392821,3162076035,0181,7
2024,10392821,3162076035,0178,6
2024,10392821,3162076035,0175,9
2024,13249462,3162076035,0180,8
2024,13249462,3162076035,0183,9
2024,13249462,3162076035,0175,9
2024,12730900,3162076035,CV0004,0
2024,10301350,3162076035,0181,7
2024,10301350,3162076035,0178,8
2024,10264508,3162076035,0181,0
2024,10264508,3162076035,0175,0
2024,10411178,3162076098,0398,9
2024,10282475,3162076098,0180,4
2024,10675919,3162076098,0398,8
2024,10675919,3162076098,0397,9
2024,10513851,3162076098,0398,6
2024,10305439,3162076098,0180,0
2024,10305439,3162076098,0397,9
2024,10305439,3162076098,0397,8
2024,10699672,3162076098,0398,8
2024,10677163,3162076098,0398,8
2024,10677163,3162076098,0400,6
2024,10677163,3162076098,0397,8
2024,10707825,3162076098,CV0004,4
2024,10837523,3162076098,0400,5
2024,11264068,3162076035,0180,8
2024,10675919,3162076098,0403,0
2024,10837553,3162076098,0403,0
2024,10699672,3162076098,0180,4
2024,13456089,3162076098,0403,0
2024,10803272,3162076098,0403,0
2024,10778000,3162076098,0403,0
2024,10707891,3162079713,0443,5
2024,10416752,3162079713,0451,0
2024,12731696,3162079713,0451,0
2024,13263684,3162079713,0451,0
2024,11569044,3162079713,0451,0
2024,10442321,3162079713,0448,0
2024,10323662,3162079713,0448,0
2024,10325396,3162079713,0448,6
2024,13459444,3162079713,0448,0
2024,11479322,3162079713,0448,0
2024,11402624,3162079713,0448,4
2024,12853739,3162079713,0448,6
2024,10967233,3162079790,0657,10
2024,11319435,3162079790,0657,10
2024,11158088,3162079790,0653,0
2024,11246656,3162079790,0653,0
2024,10327143,3162079790,0653,0
2024,12685301,3162079790,0653,0
2024,12731503,3162079790,0653,0
2024,13242362,3162079790,0655,6
2024,11430890,3162079860,5023,8
2024,12874164,3162079860,5023,10
2024,10304881,3162079874,5074,0
2024,10837507,3162079874,5074,0
2024,10403933,3162079874,5074,0
2024,10841155,3162079874,5074,0
2024,10676228,3162080071,0379,7
2024,10634348,3162080071,0379,9
2024,10832097,3162080071,0376,3
2024,10748092,3162080071,0376,5
2024,10832097,3162080071,0374,4
2024,10332972,3162080071,0374,10
2024,10611327,3162080071,0374,9
2024,10500950,3162080071,0374,3
2024,10687382,3162080071,0377,7
2024,12040403,3162079993,0486,8
2024,10307929,3162079993,0486,9
2024,13038149,3162079993,0494,6
2024,12636390,3162079993,0494,9
2024,10364384,3162079993,0494,8
2024,10323451,3162079993,0494,5
2024,10279375,3162079957,0619,0
2024,13294635,3162079957,0618,8
2024,10730670,3162079957,0618,10
2024,10657057,3162079957,0615,0
2024,10711791,3162079957,0615,0
2024,10657057,3162079957,0612,0
2024,10837080,3162079936,0231,0
2024,10390554,3162079936,0231,0
2024,13250561,3162079936,0230,0
2024,10786265,3162075418,028601,0
2024,10859549,3162075539,1377,8
2024,12739203,3162075539,1371,9
2024,10817396,3162075539,CV0004,9
2024,10840138,3228404816,0649,4
2024,10677900,3228404816,1709,7
2024,10819061,3228404816,1709,9
2024,10615771,3228404816,0651,0
2024,10737949,3228413080,0373,7
2024,10678320,3228415772,1709,7
2024,10742238,3228415772,1709,5
2024,10546650,3228415772,1709,8
2024,10714135,3228415772,1709,4
2024,11805803,3228379385,0156,9
2024,11666166,3228379385,1709,7
2024,13459588,3228379385,0437,0
2024,13459361,3228379385,0437,9
2024,10510136,3228406931,1012p,0
2024,10709557,3228406931,1012p,0
2024,10852161,3228406931,0623,9
2024,10397687,3228406931,1012p,6
2024,10824614,3228406931,1012p,5
2024,10852107,3228406931,1012p,0
2024,10918602,3228406931,1012p,9
2024,10754604,3228406931,0930,7
2024,10630363,3228406931,0930,6
2024,10742994,3228406545,0179,8
2024,10711954,3228406545,0622,5
2024,10392181,3228410748,0173,6
2024,10664803,3228410748,0172,0
2024,10691269,3228410748,0181p,0
2024,10506040,3228410748,0181p,0
2024,10509253,3228410748,0181p,0
2024,13455012,3228410892,0179,0
2024,10678997,3228410892,0384,0
2024,13455012,3228410892,0384,4
2024,10514139,3228410892,0173,9
2024,10654915,3228381273,1231,0
2024,10812899,3228390016,0225,5
2024,10762391,3228390016,0225,0
2024,10718886,3162077600,1008,6
2024,10427109,3162077600,1008,0
2024,12630557,3162077600,1008,0
2024,10434495,3162077600,1008,0
2024,10664778,3162077600,CV0004,5
2024,10636290,3162077600,1008,4
2024,10354121,3162077600,CV0004,8
2024,10404684,3162077600,CV0004,0
2024,13460322,3162077600,CV0004,0
2024,10382660,3162077600,1012,6
2024,10645661,3162078591,243601,0
2024,10267575,3162076035,0178,0
2024,11921786,3162076035,CV0004,5
2024,10675919,3162076098,0180,8
2024,10513851,3162076098,0180,2
2024,10513851,3162076098,0180,4
2024,10305439,3162076098,0180,4
2024,10707825,3162076098,0180,4
2024,13127380,3162076098,0180,0
2024,10793477,3162079713,0448,4
2024,10308441,3162079713,CV0002,0
2024,11738860,3162079713,CV0002,0
2024,10852355,3162079790,0660,0
2024,12636620,3162079993,0489,0
2024,13459614,3162079993,0489,0
2024,10664873,3162079993,0495,0
2024,10254372,3162079993,0495,0
2024,10279375,3162079957,0614,5
2024,10392051,3162079957,0614,3
2024,10344575,3162079936,0224,5
2024,12571287,3162079957,0616,9
2024,10442635,3162075411,028100,0
2024,13255314,3162075418,028601,0
2024,10476696,3162075418,028601,0
2024,11237080,3162075418,028601,0
2024,11572959,3162075418,028601,0
2024,13245317,3162075418,028601,0
2024,10822528,3162075539,1372,8
2024,10698052,3162075539,1374,5
2024,10776959,3162075539,1373,0
2024,12826253,3162075539,1375,6
2024,10845796,3162075539,1374,5
2024,13075443,3228404816,1709,7
2024,10961892,3228404816,0649,4
2024,10780784,3228404816,0649,4
2024,10679723,3228404816,0649,6
2024,10679695,3228404816,0649,4
2024,11898422,3228413382,0483,0
2024,13476760,3228404816,0651,3
2024,10129831,3228404816,0650,8
2024,10546650,3228415772,0179,8
2024,11805803,3228379385,0441,10
2024,11415744,3228379385,1709,7
2024,10394837,3228379385,1709,6
2024,12673295,3228379385,0438,0
2024,10420824,3228379385,1709,6
2024,13459361,3228379385,1709,4
2024,10824007,3228406931,0179,4
2024,10764144,3228406931,0179,4
2024,10630337,3228406931,0179,4
2024,10807830,3228406931,1012p,8
2024,10807830,3228406931,0931,7
2024,11567443,3228410748,0177,8
2024,13454999,3228410892,1709,7
2024,10678997,3228410892,0179,0
2024,12912453,3228410892,0179,4
2024,10648909,3228381273,1709,4
2024,10718081,3162077600,1008,8
2024,10532574,3162077600,1011,0
2024,10532574,3162077600,1109,0
2024,10259264,3162077600,1110,9
2024,10354121,3162077600,1110,4
2024,10123639,3162077600,1012,0
2024,10869145,3162078584,243267,9
2024,10242875,3162078591,243271,9
2024,11921786,3162076035,0180,8
2024,10264508,3162076035,CV0004,0
2024,10707825,3162076098,CV0004,8
2024,10803272,3162076098,0399,8
2024,12468964,3162076098,CV0004,9
2024,12468964,3162076098,0399,6
2024,10700883,3162076098,0400,5
2024,10700883,3162076098,0397,8
2024,10778000,3162076098,0180,7
2024,10778000,3162076098,0400,6
2024,12398431,3162076098,0397,9
2024,10691269,3162076098,0398,4
2024,13456089,3162076098,0180,0
2024,13456089,3162076098,0400,0
2024,13456089,3162076098,0397,4
2024,13456089,3162076098,0397,8
2024,12561996,3162076119,0388,0
2024,10506040,3162076119,0388,0
2024,10321371,3162076119,0388,4
2024,10664986,3162076119,0180,9
2024,10664986,3162076119,0388,0
2024,10664986,3162076119,0387,7
2024,11632133,3162076119,CV0004,8
2024,10690446,3162076119,0180,8
2024,10690446,3162076119,0387,8
2024,10696634,3162076119,0180,9
2024,10696634,3162076119,0386,9
2024,12058330,3162076119,0180,4
2024,12058330,3162076119,0390,7
2024,12058330,3162076119,0391,0
2024,12058330,3162076119,0386,7
2024,10742990,3162076119,0388,9
2024,10742990,3162076119,0390,9
2024,12852892,3162076119,0388,8
2024,10428047,3162076119,0388,0
2024,10041748,3162076119,CV0004,0
2024,10277303,3162076119,0386,7
2024,10486936,3162076119,0388,8
2024,10610383,3162076119,0387,7
2024,10610383,3162076119,0386,8
2024,10377321,3162076119,0388,0
2024,10377321,3162076119,0391,0
2024,12734916,3162076119,0385,3
2024,12734916,3162076119,0385,0
2024,12734916,3162076119,0386,0
2024,10887591,3162079713,0448,8
2024,10857947,3162079713,0443,5
2024,10857947,3162079713,0451,0
2024,10887591,3162079713,0451,0
2024,10840996,3162079713,CV0002,8
2024,10888026,3162079713,0442,8
2024,11802825,3162079713,0443,6
2024,10899530,3162079713,0443,5
2024,10899530,3162079713,0442,7
2024,12890835,3162079713,0442,7
2024,12890835,3162079713,0448,6
2024,10707891,3162079713,0446,5
2024,10688886,3162079713,0446,7
2024,10688886,3162079713,0448,7
2024,10924358,3162079713,CV0002,6
2024,10924358,3162079713,0443,6
2024,10798521,3162079713,0448,7
2024,10657315,3162079713,0446,10
2024,12788547,3162079713,0443,7
2024,10793462,3162079713,CV0002,7
2024,10793462,3162079713,0446,8
2024,10793462,3162079713,0442,7
2024,10793462,3162079713,0448,4
2024,10793462,3162079713,0448,7
2024,13116617,3162079713,CV0002,6
2024,13116617,3162079713,0443,8
2024,12424801,3162079713,0442,6
2024,12424801,3162079713,0442,7
2024,10431853,3162079713,CV0002,7
2024,10431853,3162079713,0446,9
2024,10431853,3162079713,0442,8
2024,10431853,3162079713,0448,7
2024,10416752,3162079713,CV0002,0
2024,10416752,3162079713,0442,7
2024,10416752,3162079713,0448,3
2024,11738860,3162079713,0443,0
2024,10325396,3162079713,0442,7
2024,12731696,3162079713,0442,9
2024,10442321,3162079713,0446,0
2024,11780432,3162079713,CV0002,5
2024,11780432,3162079713,CV0002,6
2024,11780432,3162079713,0448,7
2024,12380827,3162079713,0446,3
2024,10940185,3162079713,CV0002,5
2024,10940185,3162079713,0443,7
2024,10940185,3162079713,0442,8
2024,11800476,3162079713,0446,0
2024,11240615,3162079713,0442,0
2024,12116573,3162079713,CV0002,8
2024,12116573,3162079713,CV0002,9
2024,12116573,3162079713,0446,6
2024,12116573,3162079713,0442,8
2024,10991644,3162079713,0442,8
2024,10991644,3162079713,0448,7
2024,13459444,3162079713,CV0002,0
2024,10323662,3162079713,0446,5
2024,11402624,3162079713,0448,6
2024,10728710,3162079713,0442,0
2024,12839405,3162079713,0446,0
2024,12839405,3162079713,0442,9
2024,11349452,3162079713,0446,8
2024,13263684,3162079713,0442,10
2024,12832437,3162079713,CV0002,5
2024,12832437,3162079713,0446,9
2024,12853739,3162079713,CV0002,6
2024,10264521,3162079713,0448,7
2024,10735143,3162079790,0655,0
2024,10653326,3162079790,0657,9
2024,11230530,3162079790,0657,8
2024,10283468,3162079790,0653,4
2024,10283468,3162079790,0653,4
2024,10852355,3162079790,0657,0
2024,10852355,3162079790,0652,5
2024,10835661,3162079790,0654,6
2024,12840433,3162079790,0654,4
2024,11837806,3162079790,0655,7
2024,11837806,3162079790,0657,5
2024,11837806,3162079790,0654,4
2024,10657739,3162079790,0656,6
2024,10679661,3162079790,0654,4
2024,10437711,3162079790,CV0004,10
2024,10509826,3162079790,0655,7
2024,10509826,3162079790,0656,7
2024,11262097,3162079790,0657,5
2024,11262097,3162079790,0656,6
2024,12839144,3162079790,0656,0
2024,10679690,3162079790,CV0004,7
2024,10679690,3162079790,0654,6
2024,10743003,3162079790,0657,6
2024,10743003,3162079790,0656,4
2024,13235855,3162079790,CV0004,8
2024,13235855,3162079790,0655,8
2024,13235855,3162079790,0660,0
2024,13235855,3162079790,0654,10
2024,10652411,3162079790,0657,6
2024,10515573,3162079790,0655,0
2024,10515573,3162079790,0655,0
2024,10515573,3162079790,0652,4
2024,10515573,3162079790,0653,0
2024,11825237,3162079790,0654,4
2024,10862522,3162079790,CV0004,8
2024,10792061,3162079790,0655,8
2024,10792061,3162079790,0653,8
2024,10792061,3162079790,0656,5
2024,10699015,3162079790,0655,6
2024,10699015,3162079790,0652,4
2024,10699015,3162079790,0653,4
2024,10699015,3162079790,0656,6
2024,10699015,3162079790,0654,2
2024,10829023,3162079790,CV0004,8
2024,10829023,3162079790,0655,8
2024,10829023,3162079790,0653,4
2024,10829023,3162079790,0653,8
2024,10707732,3162079790,0655,8
2024,10707732,3162079790,0660,0
2024,10707732,3162079790,0654,7
2024,13245586,3162079790,0656,8
2024,13245586,3162079790,0654,9
2024,10819298,3162079790,CV0004,8
2024,10819298,3162079790,0655,7
2024,11144559,3162079790,0655,10
2024,13246215,3162079790,CV0004,8
2024,11335638,3162079790,CV0004,5
2024,11335638,3162079790,0657,5
2024,11335638,3162079790,0656,6
2024,10689191,3162079790,0654,10
2024,12739273,3162079790,0654,7
2024,11409670,3162079790,CV0004,0
2024,11409670,3162079790,0656,0
2024,11409670,3162079790,0656,0
2024,13320897,3162079790,0656,9
2024,11158088,3162079790,0652,0
2024,11158088,3162079790,0654,0
2024,12731205,3162079790,0656,7
2024,12568905,3162079790,0652,0
2024,10816926,3162079790,0655,4
2024,10816926,3162079790,0652,0
2024,10816926,3162079790,0653,5
2024,13248595,3162079790,0653,7
2024,12020369,3162079790,0653,5
2024,13527455,3162079790,0653,9
2024,11875204,3162079790,0655,0
2024,11875204,3162079790,0654,7
2024,10474558,3162079790,0653,8
2024,10474558,3162079790,0654,3
2024,13298754,3162079790,CV0004,0
2024,13298754,3162079790,0655,0
2024,13298754,3162079790,0654,0
2024,10283680,3162079790,CV0004,0
2024,10283680,3162079790,0652,0
2024,10283680,3162079790,0653,0
2024,12567860,3162079790,CV0004,8
2024,10454503,3162079790,0655,0
2024,10279159,3162079790,0652,3
2024,10279159,3162079790,0653,7
2024,10279159,3162079790,0656,4
2024,10279159,3162079790,0656,0
2024,10279159,3162079790,0654,6
2024,12685301,3162079790,0655,0
2024,12685301,3162079790,0654,0
2024,12685301,3162079790,0654,0
2024,11246656,3162079790,0656,9
2024,13457203,3162079790,0652,6
2024,11553064,3162079790,0652,6
2024,11553064,3162079790,0656,9
2024,11553064,3162079790,0656,8
2024,11553064,3162079790,0660,0
2024,11553064,3162079790,0654,6
2024,10416763,3162079790,0653,0
2024,10416763,3162079790,0653,0
2024,10416763,3162079790,0656,0
2024,10416763,3162079790,0654,0
2024,10427669,3162079790,0657,6
2024,10730130,3162079790,0655,5
2024,10730130,3162079790,0654,2
2024,11170823,3162079790,CV0004,0
2024,13038756,3162079790,CV0004,0
2024,13038756,3162079790,0656,0
2024,13248215,3162079790,0655,3
2024,13248215,3162079790,0655,4
2024,13248215,3162079790,0652,5
2024,13248215,3162079790,0654,0
2024,11486847,3162079790,0655,5
2024,10323618,3162079790,0653,4
2024,10323618,3162079790,0654,3
2024,10327143,3162079790,0655,5
2024,10327143,3162079790,0652,8
2024,10083896,3162079790,0653,0
2024,13242362,3162079790,0653,2
2024,13242362,3162079790,0653,4
2024,10840651,3162079860,5021,10
2024,10840651,3162079860,5025,10
2024,10840651,3162079860,5026,9
2024,11263266,3162079860,5022,7
2024,10809218,3162079860,5025,10
2024,12724396,3162079860,5023,9
2024,10380889,3162079860,5025,7
2024,10517224,3162079860,5024,10
2024,10517224,3162079860,5024,10
2024,10517224,3162079860,5025,10
2024,10517224,3162079860,5026,9
2024,10517224,3162079860,5026,10
2024,10740579,3162079860,5021,8
2024,10740579,3162079860,5021,10
2024,10740579,3162079860,5023,9
2024,10846791,3162079860,5022,9
2024,10846791,3162079860,5024,7
2024,11430890,3162079860,5022,5
2024,10652552,3162079860,5024,9
2024,10810094,3162079860,5021,4
2024,10810094,3162079860,5025,1
2024,10810094,3162079860,5025,0
2024,10808794,3162079860,5023,9
2024,10808794,3162079860,5026,9
2024,12874164,3162079860,5021,9
2024,12874164,3162079860,5022,7
2024,12874164,3162079860,5024,10
2024,10678728,3162079860,5023,8
2024,10799062,3162079874,5073,6
2024,10799062,3162079874,5074,8
2024,10736698,3162079874,5072,6
2024,10736698,3162079874,5074,9
2024,10328167,3162079874,5074,0
2024,10328167,3162079874,5074,0
2024,10841155,3162079874,5073,0
2024,10841155,3162079874,5075,0
2024,10832732,3162079874,5074,10
2024,10832732,3162079874,5074,9
2024,10832732,3162079874,5075,8
2024,10294470,3162079874,5073,0
2024,10294470,3162079874,5074,0
2024,10481669,3162079874,5073,7
2024,10481669,3162079874,5074,8
2024,10747327,3162079874,5073,9
2024,10304881,3162079874,5075,0
2024,11502777,3162079874,5072,9
2024,11502777,3162079874,5074,10
2024,10726154,3162079874,5073,7
2024,10516191,3162079874,5072,9
2024,10837507,3162079874,5072,0
2024,10837507,3162079874,5074,0
2024,10405270,3162079874,5072,0
2024,10405270,3162079874,5073,0
2024,10405270,3162079874,5075,0
2024,10403933,3162079874,5074,0
2024,10403933,3162079874,5075,0
2024,12923163,3162079874,5073,8
2024,12068421,3162079874,5073,9
2024,10837451,3162080071,0378,8
2024,10837451,3162080071,0375,4
2024,10837451,3162080071,0376,9
2024,10837451,3162080071,0374,8
2024,11635385,3162080071,0378,7
2024,11635385,3162080071,0382,0
2024,10707778,3162080071,0378,4
2024,10707778,3162080071,0378,0
2024,10707778,3162080071,0374,0
2024,10855729,3162080071,0381,8
2024,10855729,3162080071,0382,0
2024,10611327,3162080071,0379,0
2024,10611327,3162080071,0378,10
2024,11242377,3162080071,CV0004,8
2024,11242377,3162080071,0376,7
2024,10267085,3162080071,0377,6
2024,10267085,3162080071,0374,8
2024,10707901,3162080071,0377,8
2024,10707901,3162080071,0376,7
2024,10707901,3162080071,0374,9
2024,10832107,3162080071,CV0004,9
2024,10679688,3162080071,0377,3
2024,10679688,3162080071,0377,7
2024,10707654,3162080071,0377,5
2024,10676228,3162080071,0375,6
2024,10676228,3162080071,0375,9
2024,10837560,3162080071,CV0004,7
2024,10837560,3162080071,0381,7
2024,10837560,3162080071,0378,8
2024,10837560,3162080071,0377,5
2024,10837560,3162080071,0377,7
2024,10864476,3162080071,0381,7
2024,10864476,3162080071,0379,9
2024,10864476,3162080071,0378,6
2024,10864476,3162080071,0375,8
2024,10332972,3162080071,0378,9
2024,10332972,3162080071,0375,8
2024,10332972,3162080071,0376,8
2024,12722174,3162080071,0377,5
2024,12722174,3162080071,0374,8
2024,13257199,3162080071,0377,9
2024,10634348,3162080071,0377,6
2024,10634348,3162080071,0374,7
2024,10963354,3162080071,0375,10
2024,10748092,3162080071,0378,3
2024,10748092,3162080071,0378,2
2024,10691654,3162080071,0382,0
2024,10691654,3162080071,0376,7
2024,10691654,3162080071,0374,8
2024,10687382,3162080071,0381,8
2024,10687382,3162080071,0374,7
2024,10500950,3162080071,0375,0
2024,10500950,3162080071,0377,5
2024,10711859,3162080071,0378,0
2024,10293307,3162079993,CV0004,8
2024,13248857,3162079993,0490,0
2024,10679671,3162079993,0486,7
2024,10364384,3162079993,0490,9
2024,10364384,3162079993,0490,10
2024,10364384,3162079993,0488,10
2024,10364384,3162079993,0486,10
2024,10525745,3162079993,0490,7
2024,10437714,3162079993,CV0004,0
2024,10437714,3162079993,0488,0
2024,13459614,3162079993,0488,0
2024,12040403,3162079993,0490,7
2024,12040403,3162079993,0489,7
2024,11400429,3162079993,0491,8
2024,11400429,3162079993,0491,7
2024,11400429,3162079993,0490,2
2024,11400429,3162079993,0488,6
2024,10279313,3162079993,0488,0
2024,10640914,3162079993,0491,7
2024,10640914,3162079993,0490,8
2024,10905913,3162079993,0489,0
2024,10905913,3162079993,0488,0
2024,13245900,3162079993,0490,7
2024,13038149,3162079993,0490,7
2024,13038149,3162079993,0488,8
2024,13038149,3162079993,0486,10
2024,12735228,3162079993,0490,7
2024,10277644,3162079993,0491,0
2024,10307929,3162079993,0490,4
2024,11904882,3162079993,0494,5
2024,12636390,3162079993,CV0004,5
2024,12636390,3162079993,CV0004,5
2024,12636390,3162079993,0491,8
2024,10965828,3162079993,0489,5
2024,10635824,3162079993,0490,4
2024,10635824,3162079993,0486,9
2024,10279375,3162079957,0615,7
2024,10279375,3162079957,0612,5
2024,10666129,3162079957,0614,6
2024,10666129,3162079957,0612,9
2024,10837069,3162079957,0616,9
2024,10837069,3162079957,0614,8
2024,10837069,3162079957,0614,8
2024,10736098,3162079957,CV0004,8
2024,10254986,3162079957,0618,9
2024,10679677,3162079957,0614,6
2024,10201417,3162079957,0614,8
2024,10201417,3162079957,0613,9
2024,10730670,3162079957,0615,10
2024,10820972,3162079957,0616,10
2024,10820972,3162079957,0614,10
2024,12736124,3162079957,0619,0
2024,12736124,3162079957,0616,10
2024,10663063,3162079957,0618,9
2024,10489583,3162079957,0616,10
2024,13294635,3162079957,0613,10
2024,11736342,3162079957,0615,9
2024,10817332,3162079957,CV0004,7
2024,10817332,3162079957,0615,7
2024,10657057,3162079957,CV0004,4
2024,10657057,3162079957,0614,4
2024,10657057,3162079957,0613,1
2024,10027669,3162079936,0228,0
2024,10027669,3162079936,0224,0
2024,10027669,3162079936,0224,0
2024,10910799,3162079936,0228,9
2024,10910799,3162079936,0226,8
2024,10906556,3162079936,CV0002,5
2024,10912321,3162079936,0230,10
2024,10912321,3162079936,0224,9
2024,10912321,3162079936,0227,10
2024,10837080,3162079936,0228,9
2024,10819052,3162079936,0231,0
2024,10888617,3162079936,0230,9
2024,10888617,3162079936,0224,6
2024,10892259,3162079936,CV0002,6
2024,10892259,3162079936,0224,5
2024,10892259,3162079936,0227,7
2024,10911129,3162079936,0226,5
2024,10911373,3162079936,0230,9
2024,10911373,3162079936,0227,7
2024,10789656,3162079936,0228,7
2024,10789656,3162079936,0226,8
2024,10909591,3162079936,0230,8
2024,10017433,3162079936,CV0002,8
2024,10895404,3162079936,0230,10
2024,10679666,3162079936,0227,0
2024,11825745,3162079936,0228,0
2024,11825745,3162079936,0227,0
2024,10344575,3162079936,CV0002,4
2024,10344575,3162079936,0230,7
2024,10344575,3162079936,0230,8
2024,10344575,3162079936,0224,5
2024,12636621,3162079936,CV0002,7
2024,12636621,3162079936,0226,9
2024,10427584,3162079936,0227,9
2024,13250561,3162079936,0228,0
2024,13250561,3162079936,0224,0
2024,13250561,3162079936,0227,0
2024,10416745,3162079936,0226,0
2024,10978459,3162079936,CV0002,0
2024,10978459,3162079936,0226,0
2024,10793625,3162075411,028502,8
2024,10793625,3162075411,028505,7
2024,10793625,3162075411,028503,8
2024,10793625,3162075411,028503,8
2024,10260898,3162075411,028504,8
2024,10260898,3162075411,028504,9
2024,10260898,3162075411,028505,7
2024,10260898,3162075411,028001,7
2024,12921679,3162075411,028502,7
2024,12921679,3162075411,028505,4
2024,12921679,3162075411,028001,6
2024,12921679,3162075411,028503,7
2024,12921679,3162075411,028501,7
2024,12921679,3162075411,028501,7
2024,13452193,3162075411,028502,9
2024,13452193,3162075411,028505,8
2024,13452193,3162075411,028100,10
2024,11572769,3162075411,028501,0
2024,10767533,3162075411,028504,10
2024,10767533,3162075411,028505,8
2024,10471049,3162075411,028504,10
2024,10471049,3162075411,028505,9
2024,10471049,3162075411,028505,9
2024,10471049,3162075411,028505,9
2024,10471049,3162075411,028001,9
2024,10471049,3162075411,028001,9
2024,10471049,3162075411,028501,10
2024,10471049,3162075411,028100,9
2024,10464351,3162075411,028503,7
2024,10892583,3162075411,028001,5
2024,10892583,3162075411,028503,4
2024,10931651,3162075411,028501,7
2024,10783770,3162075411,028502,7
2024,10783770,3162075411,028505,5
2024,11006716,3162075411,028502,4
2024,11006716,3162075411,028505,6
2024,11004261,3162075411,028504,7
2024,11004261,3162075411,028001,8
2024,10333832,3162075411,028502,7
2024,10333832,3162075411,028503,6
2024,10901871,3162075411,028502,4
2024,11001548,3162075411,028501,7
2024,11001548,3162075411,028100,9
2024,10409975,3162075411,028502,0
2024,10409975,3162075411,028505,0
2024,10409975,3162075411,028001,0
2024,10409975,3162075411,028100,0
2024,13451031,3162075411,028504,3
2024,13451031,3162075411,028503,6
2024,10428502,3162075411,028502,8
2024,10428502,3162075411,028505,4
2024,10428502,3162075411,028505,6
2024,12869703,3162075411,028502,4
2024,12869703,3162075411,028503,7
2024,11176344,3162075411,028502,7
2024,10824027,3162075411,028001,5
2024,10824027,3162075411,028100,7
2024,11025178,3162075411,028502,6
2024,11025178,3162075411,028504,5
2024,11025178,3162075411,028001,8
2024,11025178,3162075411,028501,5
2024,11025178,3162075411,028100,6
2024,11025178,3162075411,028100,5
2024,10358166,3162075411,028502,10
2024,11318443,3162075411,028502,10
2024,11318443,3162075411,028504,10
2024,11318443,3162075411,028503,9
2024,11318443,3162075411,028100,10
2024,10906346,3162075411,028505,8
2024,10906346,3162075411,028001,8
2024,10906346,3162075411,028100,10
2024,10927446,3162075411,028001,9
2024,10927446,3162075411,028501,8
2024,10777684,3162075411,028504,10
2024,10777684,3162075411,028505,6
2024,12941115,3162075411,028504,10
2024,12941115,3162075411,028001,7
2024,13246042,3162075411,028501,9
2024,13156002,3162075411,028503,9
2024,13156002,3162075411,028503,9
2024,10805472,3162075411,028504,4
2024,10805472,3162075411,028503,7
2024,10926900,3162075411,028001,8
2024,10926900,3162075411,028001,8
2024,10926900,3162075411,028100,9
2024,13287506,3162075411,028504,10
2024,13287506,3162075411,028505,8
2024,13071991,3162075411,028504,7
2024,11260593,3162075411,028504,0
2024,10895653,3162075411,028502,7
2024,10895653,3162075411,028503,9
2024,10895653,3162075411,028501,9
2024,10895653,3162075411,028100,9
2024,10895653,3162075411,028100,9
2024,10698491,3162075411,028504,5
2024,10698491,3162075411,028001,6
2024,10698491,3162075411,028503,4
2024,10698491,3162075411,028501,5
2024,10698491,3162075411,028501,0
2024,13124409,3162075411,028504,6
2024,13124409,3162075411,028001,8
2024,11328075,3162075411,028505,5
2024,10496467,3162075411,028502,8
2024,12879841,3162075411,028503,0
2024,12879841,3162075411,028100,0
2024,10924060,3162075411,028504,2
2024,10924060,3162075411,028505,8
2024,10924060,3162075411,028100,8
2024,13456219,3162075411,028504,8
2024,13456219,3162075411,028503,10
2024,10906500,3162075411,028505,0
2024,10906500,3162075411,028503,4
2024,10906500,3162075411,028501,7
2024,11231768,3162075411,028504,0
2024,11231768,3162075411,028504,0
2024,11231768,3162075411,028505,0
2024,11231768,3162075411,028503,0
2024,10904182,3162075411,028504,10
2024,10904182,3162075411,028504,9
2024,10904182,3162075411,028001,8
2024,10904182,3162075411,028503,7
2024,13458419,3162075411,028504,7
2024,13458419,3162075411,028505,7
2024,13458419,3162075411,028503,9
2024,13458419,3162075411,028100,8
2024,13458419,3162075411,028100,9
2024,11032717,3162075411,028504,9
2024,11032717,3162075411,028001,8
2024,10446775,3162075411,028505,0
2024,10446775,3162075411,028100,0
2024,10912191,3162075411,028502,4
2024,13095949,3162075411,028505,4
2024,13095949,3162075411,028501,8
2024,13458439,3162075411,028504,10
2024,13458439,3162075411,028504,10
2024,13458439,3162075411,028503,9
2024,10718947,3162075411,028502,9
2024,10718947,3162075411,028505,7
2024,10718947,3162075411,028100,10
2024,10251126,3162075411,028001,0
2024,10251126,3162075411,028503,0
2024,10251126,3162075411,028100,0
2024,11076555,3162075411,028502,0
2024,11076555,3162075411,028504,0
2024,11076555,3162075411,028501,0
2024,10511909,3162075411,028504,0
2024,10511909,3162075411,028001,0
2024,10511909,3162075411,028501,0
2024,11321787,3162075411,028504,10
2024,10705766,3162075411,028504,0
2024,10705766,3162075411,028001,0
2024,10705766,3162075411,028501,0
2024,10705766,3162075411,028100,0
2024,10705766,3162075411,028100,0
2024,13364778,3162075411,028100,9
2024,13364778,3162075411,028100,9
2024,10244186,3162075411,028501,6
2024,10244186,3162075411,028100,8
2024,12151166,3162075411,028502,9
2024,12151166,3162075411,028504,6
2024,12151166,3162075411,028001,8
2024,12151166,3162075411,028001,8
2024,12151166,3162075411,028503,9
2024,12151166,3162075411,028501,8
2024,10803834,3162075411,028504,7
2024,10803834,3162075411,028505,4
2024,10803834,3162075411,028503,4
2024,10803834,3162075411,028501,7
2024,10442635,3162075411,028502,0
2024,10442635,3162075411,028503,0
2024,10442635,3162075411,028501,2
2024,10442635,3162075411,028501,0
2024,10442635,3162075411,028501,0
2024,10442635,3162075411,028100,5
2024,13514018,3162075411,028502,8
2024,13514018,3162075411,028504,7
2024,13514018,3162075411,028505,8
2024,10913310,3162075411,028502,7
2024,10913310,3162075411,028001,5
2024,10913310,3162075411,028503,7
2024,10913310,3162075411,028501,6
2024,10913310,3162075411,028501,7
2024,10913310,3162075411,028100,7
2024,11173156,3162075411,028504,7
2024,11173156,3162075411,028505,6
2024,10894182,3162075411,028501,7
2024,10894182,3162075411,028100,9
2024,11013996,3162075411,028001,7
2024,11013996,3162075411,028503,7
2024,11013996,3162075411,028501,9
2024,13459090,3162075411,028504,9
2024,13459090,3162075411,028503,10
2024,10681066,3162075411,028502,9
2024,10681066,3162075411,028504,8
2024,10384941,3162075411,028502,10
2024,10384941,3162075411,028501,9
2024,10491541,3162075411,028503,10
2024,10491541,3162075411,028501,8
2024,12459446,3162075411,028504,7
2024,11144881,3162075411,028504,4
2024,11144881,3162075411,028001,6
2024,12510297,3162075411,028504,3
2024,12510297,3162075411,028100,9
2024,10382918,3162075411,028505,4
2024,10382918,3162075411,028100,8
2024,12373449,3162075411,028503,9
2024,12373449,3162075411,028100,7
2024,10241444,3162075411,028504,0
2024,10241444,3162075411,028504,0
2024,10241444,3162075411,028505,0
2024,10241444,3162075411,028001,0
2024,11664133,3162075411,028502,9
2024,11664133,3162075411,028504,10
2024,11664133,3162075411,028001,7
2024,11664133,3162075411,028503,8
2024,11664133,3162075411,028503,8
2024,11664133,3162075411,028501,8
2024,10017418,3162075411,028501,7
2024,11027241,3162075411,028504,9
2024,11027241,3162075411,028503,8
2024,11027241,3162075411,028100,10
2024,13124410,3162075411,028502,9
2024,13124410,3162075411,028504,3
2024,13124410,3162075411,028505,4
2024,13124410,3162075411,028505,7
2024,13124410,3162075411,028503,9
2024,13124410,3162075411,028503,9
2024,12877007,3162075411,028505,4
2024,12877007,3162075411,028501,7
2024,10506539,3162075411,028504,9
2024,10407717,3162075411,028504,0
2024,10407717,3162075411,028504,0
2024,10407717,3162075411,028001,0
2024,12630701,3162075411,028502,9
2024,12630701,3162075411,028503,10
2024,12630701,3162075411,028501,8
2024,12630701,3162075411,028100,8
2024,10388125,3162075411,028502,7
2024,10388125,3162075411,028505,8
2024,10388125,3162075411,028501,0
2024,10925235,3162075411,028001,0
2024,13365806,3162075411,028504,8
2024,13365806,3162075411,028505,7
2024,13365806,3162075411,028001,8
2024,13365806,3162075411,028503,9
2024,13365806,3162075411,028100,10
2024,11236141,3162075411,028100,8
2024,13289936,3162075411,028502,10
2024,13289936,3162075411,028504,7
2024,12618601,3162075411,028502,0
2024,12618601,3162075411,028504,0
2024,12618601,3162075411,028505,0
2024,12618601,3162075411,028501,0
2024,12618601,3162075411,028501,0
2024,12618601,3162075411,028501,0
2024,12618601,3162075411,028100,0
2024,10952090,3162075411,028502,0
2024,10952090,3162075411,028504,6
2024,10952090,3162075411,028504,7
2024,13461512,3162075411,028503,9
2024,13461512,3162075411,028503,6
2024,13461512,3162075411,028503,8
2024,13461512,3162075411,028100,9
2024,13461512,3162075411,028100,0
2024,10333869,3162075418,028601,0
2024,10907341,3162075418,028601,0
2024,11261849,3162075418,028601,0
2024,11549816,3162075418,028601,0
2024,12938752,3162075418,028601,0
2024,10898139,3162075418,028601,0
2024,10657224,3162075539,1378,0
2024,10657224,3162075539,1372,9
2024,10652405,3162075539,1372,9
2024,10652405,3162075539,1373,0
2024,10351740,3162075539,1373,9
2024,10351740,3162075539,1374,8
2024,10831149,3162075539,1372,4
2024,10831149,3162075539,1373,8
2024,10486854,3162075539,1377,8
2024,10701794,3162075539,1371,8
2024,11316204,3162075539,CV0004,10
2024,11316204,3162075539,1371,9
2024,11316204,3162075539,1377,6
2024,10664967,3162075539,1371,8
2024,10834203,3162075539,1374,8
2024,10822528,3162075539,1373,9
2024,13011023,3162075539,CV0004,4
2024,13011023,3162075539,1373,7
2024,10657734,3162075539,CV0004,8
2024,10859549,3162075539,CV0004,9
2024,10859549,3162075539,1373,7
2024,10859549,3162075539,1373,8
2024,10711968,3162075539,CV0004,10
2024,13256847,3162075539,1371,10
2024,10679716,3162075539,1372,10
2024,10679716,3162075539,1377,9
2024,10698110,3162075539,CV0004,8
2024,10698110,3162075539,1371,9
2024,10505116,3162075539,1371,7
2024,10505116,3162075539,1374,8
2024,10839832,3162075539,1373,6
2024,10839832,3162075539,1374,7
2024,12739203,3162075539,1377,8
2024,10698052,3162075539,CV0004,9
2024,10698052,3162075539,1371,8
2024,10698052,3162075539,1372,8
2024,10324078,3162075539,1374,10
2024,10781254,3162075539,1378,0
2024,10781254,3162075539,1371,9
2024,10781254,3162075539,1372,8
2024,10742955,3162075539,CV0004,9
2024,10742955,3162075539,1371,9
2024,10742955,3162075539,1372,8
2024,10742955,3162075539,1374,8
2024,11831183,3162075539,1373,8
2024,10734168,3162075539,CV0004,6
2024,10734168,3162075539,1378,0
2024,10734168,3162075539,1374,6
2024,10707900,3162075539,1373,8
2024,10017422,3162075539,1375,9
2024,10017422,3162075539,1372,9
2024,10696544,3162075539,1375,7
2024,10707896,3162075539,CV0004,7
2024,10707896,3162075539,1373,8
2024,10735610,3162075539,CV0004,9
2024,10735610,3162075539,1371,4
2024,10735610,3162075539,1374,8
2024,11155646,3162075539,1374,4
2024,10845796,3162075539,1373,7
2024,10845796,3162075539,1374,4
2024,13487291,3162075539,1375,0
2024,13487291,3162075539,1371,0
2024,13487291,3162075539,1373,5
2024,10802285,3228404816,0657p,9
2024,10414870,3228404816,0179,7
2024,10414870,3228404816,0651,8
2024,10414870,3228404816,0648,6
2024,13075443,3228404816,0648,7
2024,13075443,3228404816,0647,7
2024,10025295,3228404816,1709,6
2024,10025295,3228404816,0650,7
2024,10025295,3228404816,0650,5
2024,12690668,3228404816,0647,4
2024,13450442,3228404816,1709,0
2024,13450442,3228404816,0657p,0
2024,13450442,3228404816,0650,0
2024,13450442,3228404816,0648,0
2024,13450442,3228404816,0649,0
2024,10711948,3228404816,0648,8
2024,10711948,3228404816,0649,4
2024,10711948,3228404816,0649,4
2024,10711948,3228404816,0647,6
2024,10244048,3228404816,0179,7
2024,10244048,3228404816,0650,9
2024,10509186,3228404816,0657p,10
2024,10509186,3228404816,0651,8
2024,10509186,3228404816,0650,8
2024,10509186,3228404816,0649,9
2024,10509186,3228404816,0649,8
2024,12332046,3228404816,0651,6
2024,12332046,3228404816,0648,4
2024,12332046,3228404816,0649,3
2024,10452196,3228404816,0657p,9
2024,10452196,3228404816,0657p,10
2024,10452196,3228404816,0650,8
2024,10742998,3228404816,0657p,10
2024,10742998,3228404816,0651,9
2024,10961892,3228404816,0657p,7
2024,10961892,3228404816,0650,9
2024,10906957,3228404816,0179,6
2024,10677373,3228404816,0651,0
2024,10677373,3228404816,0649,0
2024,10677373,3228404816,0647,4
2024,10024578,3228404816,0651,6
2024,10024578,3228404816,0651,7
2024,13455127,3228404816,1709,9
2024,13455127,3228404816,0651,9
2024,13455127,3228404816,0651,8
2024,13455127,3228404816,0650,8
2024,13455127,3228404816,0647,9
2024,10780784,3228404816,0651,7
2024,13078687,3228404816,0651,8
2024,13078687,3228404816,0650,10
2024,13078687,3228404816,0650,9
2024,13078687,3228404816,0649,10
2024,10679723,3228404816,0650,6
2024,10679723,3228404816,0647,4
2024,10824617,3228404816,0179,8
2024,10824617,3228404816,0650,6
2024,10840138,3228404816,1709,7
2024,10840138,3228404816,0179,8
2024,10840138,3228404816,0648,8
2024,10840138,3228404816,0647,4
2024,11806221,3228404816,0647,4
2024,13035058,3228404816,0649,9
2024,13035058,3228404816,0649,6
2024,10377895,3228404816,0657p,0
2024,10377895,3228404816,0651,0
2024,10661639,3228404816,1709,8
2024,10357636,3228404816,0179,7
2024,10357636,3228404816,0651,7
2024,11338343,3228404816,1709,9
2024,11338343,3228404816,0657p,9
2024,11338343,3228404816,0657p,10
2024,11338343,3228404816,0650,6
2024,11338343,3228404816,0648,8
2024,10991112,3228404816,1709,9
2024,10991112,3228404816,0651,9
2024,10991112,3228404816,0650,9
2024,10991112,3228404816,0650,9
2024,10991112,3228404816,0649,8
2024,10953575,3228404816,0179,9
2024,10953575,3228404816,0651,7
2024,13456235,3228404816,0179,0
2024,13456235,3228404816,0647,0
2024,13456235,3228404816,0647,0
2024,10679695,3228404816,0179,8
2024,10679695,3228404816,0651,7
2024,10677900,3228404816,0647,6
2024,13476760,3228404816,1709,0
2024,13476760,3228404816,0179,8
2024,13476760,3228404816,0179,0
2024,13476760,3228404816,0650,0
2024,10256435,3228404816,0649,8
2024,10256435,3228404816,0647,8
2024,10256435,3228404816,0647,4
2024,13060964,3228404816,1709,0
2024,13060964,3228404816,0179,0
2024,13060964,3228404816,0179,0
2024,13060964,3228404816,0649,0
2024,10279441,3228404816,0657p,9
2024,10279441,3228404816,0648,9
2024,13264942,3228404816,0657p,0
2024,13264942,3228404816,0651,2
2024,13264942,3228404816,0648,0
2024,13264942,3228404816,0647,2
2024,13264942,3228404816,0647,0
2024,10953290,3228404816,0650,6
2024,10953290,3228404816,0650,8
2024,10463434,3228404816,0179,8
2024,10463434,3228404816,0179,0
2024,10463434,3228404816,0651,8
2024,11254695,3228404816,0649,0
2024,11481642,3228404816,0179,0
2024,11889122,3228404816,0179,7
2024,11889122,3228404816,0651,8
2024,11241112,3228404816,0649,5
2024,10819061,3228404816,0651,8
2024,10819061,3228404816,0650,9
2024,10819061,3228404816,0648,9
2024,10819061,3228404816,0648,9
2024,10819061,3228404816,0647,8
2024,10129831,3228404816,0657p,8
2024,10129831,3228404816,0651,7
2024,10129831,3228404816,0648,7
2024,10789628,3228404816,1709,9
2024,10789628,3228404816,0648,8
2024,10783588,3228404816,0179,6
2024,10783588,3228404816,0650,5
2024,10783588,3228404816,0649,7
2024,10783588,3228404816,0647,9
2024,13035060,3228404816,0179,8
2024,13035060,3228404816,0649,5
2024,13035179,3228404816,0179,8
2024,13035179,3228404816,0648,7
2024,13035179,3228404816,0649,7
2024,13035179,3228404816,0649,9
2024,10321979,3228404816,0657p,7
2024,10321979,3228404816,0650,9
2024,10321979,3228404816,0650,4
2024,10615771,3228404816,0179,0
2024,10615771,3228404816,0650,0
2024,10615771,3228404816,0650,0
2024,10615771,3228404816,0650,0
2024,10679722,3228404816,0651,5
2024,10679722,3228404816,0650,5
2024,10762368,3228413080,0373,6
2024,10762368,3228413080,0371,9
2024,10762368,3228413080,0369,8
2024,10796295,3228413080,0379p,8
2024,10796295,3228413080,0379p,10
2024,10796295,3228413080,0179,9
2024,10635003,3228413080,0379p,9
2024,10635003,3228413080,0179,10
2024,10635003,3228413080,0373,10
2024,10762343,3228413080,0371,9
2024,10762343,3228413080,0369,10
2024,10910600,3228413080,0371,8
2024,10910600,3228413080,0371,9
2024,10757735,3228413080,0379p,9
2024,10757735,3228413080,0372,4
2024,11082671,3228413080,0379p,9
2024,11082671,3228413080,0179,8
2024,11082671,3228413080,0373,8
2024,11082671,3228413080,0373,9
2024,10849397,3228413080,0179,8
2024,10849397,3228413080,0373,8
2024,10849397,3228413080,0372,7
2024,10849397,3228413080,0369,8
2024,10805501,3228413080,0372,2
2024,12854002,3228413080,0371,7
2024,10840811,3228413080,0179,9
2024,10840811,3228413080,0370,6
2024,10840811,3228413080,0373,8
2024,10840811,3228413080,0371,8
2024,10737949,3228413080,0379p,6
2024,10799789,3228413080,1709,9
2024,10799789,3228413080,0372,10
2024,10799789,3228413080,0369,10
2024,10783280,3228413080,1709,7
2024,10783280,3228413080,0370,6
2024,10783280,3228413080,0371,6
2024,10783280,3228413080,0371,8
2024,10652371,3228413080,1709,6
2024,10652371,3228413080,0179,6
2024,10652371,3228413080,0373,6
2024,10762023,3228413080,0379p,9
2024,10762023,3228413080,0179,9
2024,10762023,3228413080,0370,8
2024,10762023,3228413080,0371,9
2024,10764453,3228413080,0179,8
2024,10764453,3228413080,0371,7
2024,10813139,3228413080,0369,7
2024,10756607,3228413080,0179,9
2024,10756607,3228413080,0370,9
2024,10756607,3228413080,0370,10
2024,10762338,3228413080,0370,7
2024,10762338,3228413080,0371,7
2024,10823812,3228413080,0179,7
2024,10823812,3228413080,0370,8
2024,10823812,3228413080,0369,9
2024,13456011,3228413080,0379p,10
2024,13456011,3228413080,0373,8
2024,10780756,3228413080,0379p,9
2024,10780756,3228413080,0179,8
2024,10780756,3228413080,0373,9
2024,10780756,3228413080,0371,8
2024,10780756,3228413080,0369,8
2024,10780756,3228413080,0369,9
2024,10823807,3228413080,0371,8
2024,10823807,3228413080,0369,9
2024,11064614,3228413382,0487,0
2024,11064614,3228413382,0483,0
2024,11067623,3228413382,0485,0
2024,13042221,3228413382,0616p,0
2024,13042221,3228413382,0373,0
2024,13042221,3228413382,0487,0
2024,13042221,3228413382,0483,0
2024,10525885,3228413382,0487,0
2024,13455308,3228413382,0179,9
2024,13455308,3228413382,0373,10
2024,10807600,3228413382,0616p,10
2024,10807600,3228413382,0487,10
2024,10381670,3228413382,0373,0
2024,10381670,3228413382,0487,7
2024,10679710,3228413382,0179,7
2024,10679710,3228413382,0487,6
2024,10679710,3228413382,0484,4
2024,10679710,3228413382,0483,9
2024,10736277,3228413382,0179,10
2024,10736277,3228413382,0487,10
2024,10736277,3228413382,0485,9
2024,10736277,3228413382,0483,10
2024,10282899,3228413382,0485,8
2024,10611084,3228413382,0179,8
2024,10611084,3228413382,0485,7
2024,10695479,3228413382,1709,0
2024,10695479,3228413382,0373,0
2024,10695479,3228413382,0487,0
2024,10695479,3228413382,0484,0
2024,10709604,3228413382,0483,8
2024,10709604,3228413382,0483,9
2024,10770964,3228413382,0616p,10
2024,10770964,3228413382,0179,9
2024,10770964,3228413382,0373,10
2024,10770964,3228413382,0484,10
2024,10770964,3228413382,0483,9
2024,10418675,3228413382,0373,6
2024,10418675,3228413382,0483,0
2024,11161106,3228413382,0373,0
2024,11161106,3228413382,0487,0
2024,11161106,3228413382,0483,0
2024,10718934,3228413382,0179,7
2024,10718934,3228413382,0373,8
2024,10718934,3228413382,0487,3
2024,10718934,3228413382,0485,5
2024,10269408,3228413382,0373,0
2024,10269408,3228413382,0485,4
2024,10269408,3228413382,0484,0
2024,10269408,3228413382,0483,0
2024,10269408,3228413382,0483,0
2024,13460547,3228413382,0616p,0
2024,13460547,3228413382,0179,0
2024,13460547,3228413382,0179,0
2024,13460547,3228413382,0485,0
2024,10688878,3228413382,0179,9
2024,10688878,3228413382,0373,10
2024,10688878,3228413382,0485,10
2024,10688878,3228413382,0484,10
2024,11571094,3228413382,0487,0
2024,11332097,3228413382,0616p,0
2024,11332097,3228413382,0616p,0
2024,11332097,3228413382,0485,0
2024,11332097,3228413382,0484,0
2024,10453628,3228413382,0179,0
2024,10453628,3228413382,0485,0
2024,10453628,3228413382,0483,0
2024,12500233,3228413382,0616p,0
2024,12500233,3228413382,0373,0
2024,12500233,3228413382,0485,0
2024,12500233,3228413382,0485,0
2024,10399058,3228413382,0485,0
2024,10770657,3228413382,0373,10
2024,10770657,3228413382,0487,9
2024,10770657,3228413382,0484,7
2024,10770657,3228413382,0484,8
2024,10711977,3228413382,0179,8
2024,10711977,3228413382,0373,10
2024,10711977,3228413382,0487,10
2024,10711977,3228413382,0483,7
2024,10711977,3228413382,0483,9
2024,10308704,3228413382,0179,0
2024,10308704,3228413382,0179,0
2024,10308704,3228413382,0487,0
2024,10308704,3228413382,0484,0
2024,12730778,3228413382,0616p,0
2024,12730778,3228413382,0616p,7
2024,12730778,3228413382,0179,0
2024,10255502,3228413382,1709,6
2024,10255502,3228413382,0616p,9
2024,10255502,3228413382,0179,9
2024,10255502,3228413382,0487,6
2024,10255502,3228413382,0487,4
2024,10255502,3228413382,0483,7
2024,10328549,3228413382,0616p,10
2024,10328549,3228413382,0616p,8
2024,10810051,3228413382,0616p,5
2024,10810051,3228413382,0616p,9
2024,10810051,3228413382,0485,7
2024,10810051,3228413382,0484,7
2024,11271861,3228413382,1709,6
2024,11271861,3228413382,1709,6
2024,11271861,3228413382,0616p,8
2024,11271861,3228413382,0485,7
2024,11271861,3228413382,0484,8
2024,11271861,3228413382,0483,0
2024,13459168,3228413382,0179,9
2024,13459168,3228413382,0487,9
2024,13459168,3228413382,0483,9
2024,10828387,3228413382,0616p,9
2024,10828387,3228413382,0487,7
2024,13457137,3228413382,1709,0
2024,13457137,3228413382,0179,0
2024,13457137,3228413382,0484,0
2024,13457137,3228413382,0483,0
2024,10856605,3228413382,0179,8
2024,10856605,3228413382,0179,8
2024,10856605,3228413382,0487,8
2024,10856605,3228413382,0484,9
2024,10401376,3228413382,1709,0
2024,10401376,3228413382,0616p,0
2024,10401376,3228413382,0373,0
2024,10401376,3228413382,0484,0
2024,11898422,3228413382,0373,3
2024,11898422,3228413382,0487,0
2024,11898422,3228413382,0483,4
2024,13456133,3228413382,0616p,0
2024,13456133,3228413382,0179,0
2024,13456133,3228413382,0179,0
2024,10677836,3228413382,0487,0
2024,10677836,3228413382,0485,0
2024,10677836,3228413382,0485,0
2024,10205657,3228413382,1709,8
2024,10205657,3228413382,0179,8
2024,10205657,3228413382,0373,2
2024,10205657,3228413382,0485,2
2024,10205657,3228413382,0485,0
2024,10205657,3228413382,0483,0
2024,10643328,3228413382,0483,8
2024,12433428,3228413382,0179,0
2024,12433428,3228413382,0487,4
2024,12433428,3228413382,0485,5
2024,12433428,3228413382,0485,6
2024,12433428,3228413382,0484,7
2024,12287306,3228413382,1709,0
2024,12287306,3228413382,0179,0
2024,12287306,3228413382,0179,0
2024,12287306,3228413382,0373,0
2024,12287306,3228413382,0487,0
2024,12287306,3228413382,0484,0
2024,12287306,3228413382,0483,0
2024,12287306,3228413382,0483,0
2024,10758419,3228413382,0616p,9
2024,10758419,3228413382,0373,9
2024,10758419,3228413382,0487,9
2024,10758419,3228413382,0485,8
2024,10758419,3228413382,0484,7
2024,10758419,3228413382,0483,9
2024,10865703,3228415772,1375p,8
2024,10799612,3228415772,0179,9
2024,10799612,3228415772,1367,10
2024,10799612,3228415772,1369,9
2024,11649640,3228415772,1709,6
2024,11649640,3228415772,1709,6
2024,11649640,3228415772,1709,7
2024,11649640,3228415772,1370,7
2024,11649640,3228415772,1368,7
2024,11649640,3228415772,1369,5
2024,10817945,3228415772,1367,3
2024,10817945,3228415772,1368,6
2024,10817945,3228415772,1369,4
2024,10817945,3228415772,1369,3
2024,10834174,3228415772,1370,9
2024,10834174,3228415772,1368,9
2024,13281768,3228415772,1375p,8
2024,13281768,3228415772,1370,6
2024,13281768,3228415772,1370,7
2024,10798915,3228415772,1375p,10
2024,10798915,3228415772,1370,8
2024,10798915,3228415772,1367,8
2024,10798915,3228415772,1368,8
2024,10798915,3228415772,1369,8
2024,10819488,3228415772,1709,8
2024,10819488,3228415772,1375p,9
2024,10781492,3228415772,1375p,9
2024,10781492,3228415772,1375p,8
2024,10781492,3228415772,1367,4
2024,10781492,3228415772,1367,6
2024,10781492,3228415772,1368,7
2024,10413312,3228415772,0179,9
2024,10413312,3228415772,1368,9
2024,10413312,3228415772,1368,7
2024,10413312,3228415772,1369,8
2024,10546650,3228415772,1375p,7
2024,10546650,3228415772,1367,8
2024,10546650,3228415772,1368,9
2024,13273466,3228415772,1375p,8
2024,11649375,3228415772,1709,7
2024,11649375,3228415772,0179,10
2024,11649375,3228415772,1370,7
2024,11649375,3228415772,1370,4
2024,10714135,3228415772,1367,4
2024,10714135,3228415772,1367,6
2024,10835968,3228415772,1375p,9
2024,10835968,3228415772,0179,9
2024,10835968,3228415772,1367,8
2024,10835968,3228415772,1367,9
2024,10835968,3228415772,1369,7
2024,10842025,3228415772,1370,4
2024,10842025,3228415772,1368,5
2024,10803120,3228415772,1370,8
2024,10803120,3228415772,1368,7
2024,10803120,3228415772,1369,8
2024,10851445,3228415772,1368,7
2024,10851445,3228415772,1369,8
2024,10711961,3228415772,1375p,8
2024,10711961,3228415772,0179,6
2024,10711961,3228415772,1370,4
2024,10711961,3228415772,1370,0
2024,10711961,3228415772,1368,6
2024,10711961,3228415772,1368,4
2024,10711961,3228415772,1368,0
2024,10678320,3228415772,1375p,8
2024,10678320,3228415772,1367,0
2024,10678320,3228415772,1368,8
2024,10678320,3228415772,1369,6
2024,11251967,3228415772,1375p,9
2024,11251967,3228415772,1368,7
2024,11251967,3228415772,1369,6
2024,10122344,3228415772,1367,10
2024,10725869,3228415772,1709,7
2024,10725869,3228415772,1709,8
2024,10725869,3228415772,1375p,10
2024,10725869,3228415772,1375p,9
2024,10725869,3228415772,1370,7
2024,10725869,3228415772,1367,7
2024,10378823,3228415772,1370,9
2024,10378823,3228415772,1367,10
2024,11104411,3228415772,1709,9
2024,10985551,3228415772,0179,10
2024,10985551,3228415772,1367,7
2024,10985551,3228415772,1369,8
2024,10793376,3228415772,1367,7
2024,10776515,3228415772,1709,8
2024,10776515,3228415772,1370,8
2024,10776515,3228415772,1367,8
2024,10776515,3228415772,1368,9
2024,10734128,3228415772,0179,9
2024,10734128,3228415772,1368,9
2024,10729560,3228415772,1375p,9
2024,10770501,3228415772,0179,9
2024,10770501,3228415772,0179,9
2024,10770501,3228415772,1368,9
2024,10770501,3228415772,1369,8
2024,10770501,3228415772,1369,8
2024,10819378,3228415772,1370,9
2024,10819378,3228415772,1367,8
2024,10819378,3228415772,1368,8
2024,10962405,3228415772,1375p,0
2024,10962405,3228415772,1367,3
2024,10962405,3228415772,1368,0
2024,10962405,3228415772,1369,0
2024,10827153,3228415772,0179,7
2024,10827153,3228415772,1367,7
2024,10827153,3228415772,1368,5
2024,10993836,3228415772,0179,9
2024,10993836,3228415772,0179,10
2024,10993836,3228415772,1370,9
2024,10993836,3228415772,1369,9
2024,11514753,3228415772,0179,8
2024,11514753,3228415772,1367,8
2024,11514753,3228415772,1369,9
2024,10780789,3228415772,1368,7
2024,10809667,3228415772,1709,9
2024,10809667,3228415772,1370,8
2024,10809667,3228415772,1368,8
2024,10687463,3228415772,1367,8
2024,10687463,3228415772,1369,7
2024,10652580,3228415772,1709,8
2024,10652580,3228415772,1709,8
2024,10652580,3228415772,0179,7
2024,10652580,3228415772,1367,8
2024,10652580,3228415772,1368,8
2024,10652580,3228415772,1369,8
2024,10678151,3228415772,1369,4
2024,10809557,3228415772,1375p,7
2024,10809557,3228415772,1370,8
2024,10944114,3228415772,1369,7
2024,10730519,3228415772,1367,4
2024,10730519,3228415772,1368,4
2024,10730519,3228415772,1368,1
2024,10730519,3228415772,1369,4
2024,13242092,3228415772,1375p,10
2024,10742238,3228415772,0179,9
2024,10742238,3228415772,1369,5
2024,12558926,3228415772,1375p,8
2024,12558926,3228415772,1370,7
2024,10960990,3228379385,0437,7
2024,11671982,3228379385,0441,6
2024,11671982,3228379385,0439,7
2024,11043785,3228379385,0440,6
2024,10737175,3228379385,0438,7
2024,10737175,3228379385,0438,10
2024,10737175,3228379385,0156,9
2024,13133521,3228379385,1709,9
2024,13133521,3228379385,0437,8
2024,13133521,3228379385,0441,8
2024,11039273,3228379385,0437,7
2024,10887720,3228379385,0441,9
2024,10887720,3228379385,0440,6
2024,10887720,3228379385,0156,8
2024,11029440,3228379385,1709,9
2024,11029440,3228379385,0437,9
2024,11029440,3228379385,0439,9
2024,10995299,3228379385,0438,9
2024,10995299,3228379385,0440,9
2024,10995299,3228379385,0156,9
2024,10835299,3228379385,1709,6
2024,10835299,3228379385,0437,5
2024,10805591,3228379385,1709,9
2024,10805591,3228379385,1709,5
2024,10805591,3228379385,0437,4
2024,10805591,3228379385,0437,2
2024,10805591,3228379385,0441,2
2024,10805591,3228379385,0441,0
2024,10805591,3228379385,0156,7
2024,11805803,3228379385,1709,9
2024,11805803,3228379385,0437,8
2024,11805803,3228379385,0440,10
2024,10906307,3228379385,0156,3
2024,10911748,3228379385,0440,8
2024,10787655,3228379385,0437,5
2024,10787655,3228379385,0440,8
2024,10787655,3228379385,0440,5
2024,11028742,3228379385,0440,8
2024,11028742,3228379385,0440,5
2024,11026339,3228379385,1709,8
2024,11026339,3228379385,0440,6
2024,10905782,3228379385,0440,5
2024,11004486,3228379385,0156,9
2024,11004486,3228379385,0156,9
2024,11044309,3228379385,1709,8
2024,10911000,3228379385,0156,6
2024,11068958,3228379385,1709,0
2024,11068958,3228379385,0440,0
2024,11415744,3228379385,0438,7
2024,11415744,3228379385,0440,8
2024,10787257,3228379385,0440,6
2024,10787257,3228379385,0156,6
2024,10929912,3228379385,0437,4
2024,10929912,3228379385,0438,3
2024,11024457,3228379385,1709,9
2024,10302214,3228379385,0437,0
2024,10302214,3228379385,0441,0
2024,10302214,3228379385,0441,0
2024,10302214,3228379385,0438,0
2024,10302214,3228379385,0440,0
2024,10302214,3228379385,0440,0
2024,10302214,3228379385,0440,0
2024,10302214,3228379385,0156,0
2024,12731640,3228379385,0437,6
2024,12731640,3228379385,0437,7
2024,11507257,3228379385,0438,6
2024,11507257,3228379385,0440,6
2024,11507257,3228379385,0156,3
2024,11507257,3228379385,0156,5
2024,10929818,3228379385,0441,9
2024,10929818,3228379385,0440,9
2024,10951388,3228379385,0439,0
2024,10951388,3228379385,0440,0
2024,10435060,3228379385,0441,0
2024,10435060,3228379385,0440,0
2024,10248709,3228379385,1709,0
2024,10248709,3228379385,0441,0
2024,10248709,3228379385,0440,0
2024,10248709,3228379385,0156,0
2024,10421015,3228379385,0441,0
2024,12673295,3228379385,0156,0
2024,10420824,3228379385,0439,9
2024,10468121,3228379385,0437,7
2024,10468121,3228379385,0437,7
2024,10468121,3228379385,0438,3
2024,10468121,3228379385,0156,8
2024,13458066,3228379385,1709,8
2024,13458066,3228379385,0439,10
2024,13458066,3228379385,0438,8
2024,13459588,3228379385,1709,0
2024,13459588,3228379385,0439,0
2024,13459588,3228379385,0440,0
2024,10311923,3228379385,1709,0
2024,10311923,3228379385,0441,0
2024,11026347,3228379385,1709,9
2024,11026347,3228379385,0441,9
2024,11026347,3228379385,0441,9
2024,11026347,3228379385,0439,10
2024,11026347,3228379385,0439,9
2024,11026347,3228379385,0438,9
2024,10394837,3228379385,0156,7
2024,10307040,3228379385,0437,0
2024,10307040,3228379385,0441,0
2024,10307040,3228379385,0438,0
2024,10307040,3228379385,0438,0
2024,10307040,3228379385,0440,0
2024,11786393,3228379385,0437,0
2024,11786393,3228379385,0441,4
2024,11786393,3228379385,0441,5
2024,11786393,3228379385,0439,0
2024,11786393,3228379385,0438,0
2024,10696650,3228379385,1709,3
2024,10696650,3228379385,0156,0
2024,13459194,3228379385,1709,10
2024,13459194,3228379385,0439,8
2024,13459361,3228379385,0441,0
2024,13459361,3228379385,0441,0
2024,13459361,3228379385,0439,0
2024,13459361,3228379385,0438,0
2024,13459361,3228379385,0438,0
2024,13459361,3228379385,0440,0
2024,13459361,3228379385,0156,4
2024,11033515,3228379385,1709,9
2024,11033515,3228379385,0438,10
2024,11033515,3228379385,0156,7
2024,11004716,3228379385,0437,10
2024,11004716,3228379385,0441,10
2024,11004716,3228379385,0438,10
2024,11004716,3228379385,0440,9
2024,11067932,3228379385,1709,0
2024,11067932,3228379385,0439,0
2024,11067932,3228379385,0438,0
2024,11067932,3228379385,0438,0
2024,11067932,3228379385,0156,0
2024,11666166,3228379385,0439,8
2024,11666166,3228379385,0440,5
2024,13221347,3228379385,1709,0
2024,13221347,3228379385,0438,0
2024,13221347,3228379385,0156,0
2024,13290996,3228406931,1012p,7
2024,13290996,3228406931,1010,6
2024,10800028,3228406931,1012p,9
2024,10800028,3228406931,0623,7
2024,10824007,3228406931,0623,8
2024,10824007,3228406931,0931,8
2024,10824007,3228406931,1010,5
2024,13290996,3228406931,1010,7
2024,10824007,3228406931,0179,5
2024,10813126,3228406931,0179,5
2024,10813126,3228406931,0623,8
2024,10776549,3228406931,1012p,9
2024,10776549,3228406931,1010,7
2024,10510136,3228406931,0623,0
2024,10824614,3228406931,1709,3
2024,10824614,3228406931,0179,9
2024,10824614,3228406931,0623,0
2024,10824614,3228406931,0623,0
2024,10709557,3228406931,0623,0
2024,10709557,3228406931,1010,0
2024,10422716,3228406931,1709,0
2024,10422716,3228406931,0930,0
2024,10862032,3228406931,1709,5
2024,10862032,3228406931,1012p,2
2024,10862032,3228406931,0930,0
2024,10726936,3228406931,1709,7
2024,10726936,3228406931,0179,6
2024,10726936,3228406931,0179,8
2024,10726936,3228406931,1010,3
2024,10764144,3228406931,1012p,6
2024,10764144,3228406931,0623,4
2024,10764144,3228406931,1010,2
2024,10819701,3228406931,1709,0
2024,10819701,3228406931,1012p,0
2024,10819701,3228406931,1012p,0
2024,10819701,3228406931,1012p,0
2024,10819701,3228406931,0930,0
2024,10819701,3228406931,0931,0
2024,10805294,3228406931,0179,7
2024,10805294,3228406931,0179,5
2024,10805294,3228406931,0179,6
2024,10530803,3228406931,0179,9
2024,10530803,3228406931,0930,6
2024,10796065,3228406931,0931,9
2024,10796065,3228406931,1010,6
2024,10349498,3228406931,1012p,9
2024,10349498,3228406931,0930,8
2024,10630363,3228406931,0930,5
2024,10852161,3228406931,0179,7
2024,10819684,3228406931,0623,8
2024,10819684,3228406931,0930,5
2024,10819684,3228406931,0931,8
2024,10819684,3228406931,0931,7
2024,10397687,3228406931,0931,8
2024,11811552,3228406931,1012p,0
2024,11811552,3228406931,0623,0
2024,11811552,3228406931,0930,0
2024,11811552,3228406931,1010,0
2024,10323559,3228406931,0623,0
2024,10323559,3228406931,0931,3
2024,13458157,3228406931,1709,0
2024,13458157,3228406931,1709,0
2024,13458157,3228406931,1012p,0
2024,13456007,3228406931,0623,9
2024,13456007,3228406931,0931,10
2024,13523913,3228406931,1012p,0
2024,13523913,3228406931,0930,0
2024,13523913,3228406931,0930,0
2024,13523913,3228406931,0931,4
2024,13458161,3228406931,0623,4
2024,11059841,3228406931,1010,8
2024,10381708,3228406931,0623,4
2024,10381708,3228406931,1010,0
2024,10852107,3228406931,0623,4
2024,10852107,3228406931,0931,3
2024,10852107,3228406931,1010,0
2024,10852107,3228406931,1010,0
2024,10304385,3228406931,1012p,8
2024,10304385,3228406931,0179,4
2024,10304385,3228406931,0179,7
2024,10304385,3228406931,0623,7
2024,10304385,3228406931,0930,7
2024,10304385,3228406931,0931,8
2024,10304385,3228406931,0931,8
2024,10304385,3228406931,1010,8
2024,11800453,3228406931,0179,0
2024,11800453,3228406931,0931,0
2024,10330111,3228406931,1012p,9
2024,10330111,3228406931,0623,0
2024,10330111,3228406931,0930,8
2024,10330111,3228406931,0931,7
2024,10443575,3228406931,0179,8
2024,10443575,3228406931,1010,1
2024,10818191,3228406931,1709,0
2024,10818191,3228406931,1012p,0
2024,10818191,3228406931,0179,0
2024,10818191,3228406931,0623,0
2024,10818191,3228406931,0930,0
2024,10818191,3228406931,0931,0
2024,10818191,3228406931,1010,0
2024,10818191,3228406931,1010,0
2024,10499331,3228406931,1010,0
2024,11089472,3228406931,1010,7
2024,10699271,3228406931,1709,5
2024,10699271,3228406931,0179,8
2024,10699271,3228406931,0623,6
2024,10699271,3228406931,1010,5
2024,10807830,3228406931,0930,6
2024,11629523,3228406931,0179,0
2024,11629523,3228406931,0179,0
2024,11629523,3228406931,0930,0
2024,10042816,3228406931,1709,0
2024,10042816,3228406931,1012p,0
2024,10042816,3228406931,0179,0
2024,10042816,3228406931,0179,8
2024,10042816,3228406931,0930,0
2024,10303628,3228406931,0930,7
2024,10022321,3228406931,1012p,9
2024,10022321,3228406931,1012p,8
2024,10022321,3228406931,0931,6
2024,10022321,3228406931,0931,5
2024,10022321,3228406931,0931,5
2024,12561661,3228406931,0623,4
2024,12561661,3228406931,1010,4
2024,10797573,3228406931,0930,6
2024,10797573,3228406931,0931,8
2024,10479899,3228406931,1012p,9
2024,10479899,3228406931,0179,9
2024,10479899,3228406931,0623,9
2024,10479899,3228406931,1010,9
2024,10479899,3228406931,1010,8
2024,10918602,3228406931,0179,7
2024,10918602,3228406931,0623,8
2024,10918602,3228406931,0623,4
2024,10754604,3228406931,1709,7
2024,10754604,3228406931,1709,8
2024,10754604,3228406931,1012p,8
2024,10754604,3228406931,0179,6
2024,10754604,3228406931,0930,7
2024,10365221,3228406931,1012p,9
2024,13461591,3228406931,1709,6
2024,13461591,3228406931,1012p,9
2024,13461591,3228406931,0179,10
2024,10630337,3228406931,0623,8
2024,10630337,3228406931,0930,4
2024,10630337,3228406931,0930,4
2024,10630337,3228406931,0931,8
2024,10766452,3228406545,1709,7
2024,10766452,3228406545,0828p,9
2024,10766452,3228406545,0627,8
2024,10729793,3228406545,1709,2
2024,10729793,3228406545,0828p,9
2024,10729793,3228406545,0828p,7
2024,10729793,3228406545,0625,6
2024,10729793,3228406545,0623,5
2024,10729793,3228406545,CV0008,9
2024,12607926,3228406545,0828p,8
2024,12607926,3228406545,0828p,9
2024,12607926,3228406545,0179,3
2024,12607926,3228406545,0622,6
2024,12607926,3228406545,0622,7
2024,12607926,3228406545,0623,8
2024,12607926,3228406545,0627,2
2024,11790917,3228406545,0828p,10
2024,11790917,3228406545,0622,8
2024,11790917,3228406545,0625,7
2024,10689201,3228406545,0179,3
2024,10689201,3228406545,0627,5
2024,10689201,3228406545,CV0008,10
2024,10742994,3228406545,0828p,10
2024,10742994,3228406545,0625,7
2024,10742994,3228406545,0627,6
2024,10742994,3228406545,0627,7
2024,10742994,3228406545,CV0008,10
2024,10742994,3228406545,CV0009,8
2024,10487336,3228406545,0627,7
2024,10487336,3228406545,CV0008,8
2024,10857816,3228406545,0622,8
2024,10857816,3228406545,0625,8
2024,10857816,3228406545,0623,7
2024,10857816,3228406545,0627,7
2024,10857816,3228406545,CV0008,9
2024,10847609,3228406545,0828p,6
2024,10847609,3228406545,0625,6
2024,10847609,3228406545,CV0008,7
2024,10766414,3228406545,0179,8
2024,10856038,3228406545,0179,4
2024,10856038,3228406545,0179,5
2024,10856038,3228406545,0622,5
2024,10856038,3228406545,0625,5
2024,10856038,3228406545,0625,7
2024,10856038,3228406545,CV0009,9
2024,11433224,3228406545,0627,6
2024,11073751,3228406545,1709,7
2024,11073751,3228406545,0622,8
2024,11073751,3228406545,0625,3
2024,11073751,3228406545,0627,7
2024,11073751,3228406545,0627,8
2024,11073751,3228406545,CV0009,9
2024,10593810,3228406545,0828p,10
2024,10593810,3228406545,0625,7
2024,10593810,3228406545,0623,8
2024,10593810,3228406545,CV0009,10
2024,11231507,3228406545,0828p,0
2024,11231507,3228406545,0625,7
2024,11231507,3228406545,0627,0
2024,11231507,3228406545,CV0009,0
2024,12912678,3228406545,0179,5
2024,12912678,3228406545,CV0009,9
2024,10804606,3228406545,0828p,8
2024,10804606,3228406545,0627,7
2024,10707892,3228406545,0179,4
2024,10707892,3228406545,0625,6
2024,13470345,3228406545,1709,0
2024,13470345,3228406545,0625,0
2024,13470345,3228406545,CV0008,0
2024,13473425,3228406545,0828p,9
2024,13473425,3228406545,0627,9
2024,13473425,3228406545,CV0008,10
2024,10711954,3228406545,0179,3
2024,10711954,3228406545,0622,5
2024,10711954,3228406545,0622,5
2024,10711954,3228406545,0627,4
2024,10835673,3228406545,0179,9
2024,10835673,3228406545,0625,7
2024,10835673,3228406545,0623,6
2024,10835673,3228406545,0627,5
2024,10835673,3228406545,CV0008,8
2024,10734184,3228406545,1709,8
2024,10734184,3228406545,0622,8
2024,10734184,3228406545,0623,8
2024,10734184,3228406545,CV0008,9
2024,13170472,3228406545,0179,0
2024,13170472,3228406545,0623,6
2024,13170472,3228406545,CV0008,1
2024,10766479,3228410748,0181p,8
2024,10766479,3228410748,0171,9
2024,10766479,3228410748,0173,6
2024,10843404,3228410748,0172,8
2024,11782717,3228410748,0172,7
2024,11782717,3228410748,0173,7
2024,10254373,3228410748,1709,8
2024,10254373,3228410748,0171,8
2024,10254373,3228410748,0172,8
2024,10254373,3228410748,0172,9
2024,10254373,3228410748,0173,8
2024,13453640,3228410748,1709,9
2024,13453640,3228410748,0181p,8
2024,13453640,3228410748,0179,6
2024,13453640,3228410748,0174,7
2024,10700069,3228410748,0181p,0
2024,10700069,3228410748,0179,0
2024,10700069,3228410748,0179,0
2024,10700069,3228410748,0174,0
2024,10700069,3228410748,0174,0
2024,10392181,3228410748,0174,6
2024,10688815,3228410748,0181p,8
2024,10688815,3228410748,0171,8
2024,10688815,3228410748,0174,6
2024,10688815,3228410748,0177,8
2024,10688815,3228410748,0177,8
2024,10506040,3228410748,0179,0
2024,10506040,3228410748,0179,0
2024,10506040,3228410748,0177,0
2024,10488332,3228410748,0181p,9
2024,13455952,3228410748,1709,9
2024,13455952,3228410748,0179,8
2024,13455952,3228410748,0172,8
2024,13455952,3228410748,0173,7
2024,13455952,3228410748,0177,6
2024,10664803,3228410748,1709,0
2024,10664803,3228410748,0181p,0
2024,10664803,3228410748,0179,0
2024,10664803,3228410748,0172,0
2024,12413993,3228410748,0172,0
2024,12413993,3228410748,0172,0
2024,13480000,3228410748,0179,5
2024,13480000,3228410748,0172,8
2024,13480000,3228410748,0173,8
2024,13480000,3228410748,0174,9
2024,10509253,3228410748,0172,0
2024,10509253,3228410748,0174,0
2024,13455821,3228410748,1709,7
2024,13455821,3228410748,0181p,2
2024,13455821,3228410748,0179,9
2024,10664909,3228410748,0181p,9
2024,10664909,3228410748,0174,8
2024,10664909,3228410748,0174,4
2024,11567443,3228410748,0179,0
2024,11567443,3228410748,0174,7
2024,11567443,3228410748,0177,6
2024,13456058,3228410748,0171,3
2024,13456058,3228410748,0172,0
2024,10639978,3228410748,0181p,10
2024,10639978,3228410748,0171,7
2024,10639978,3228410748,0173,8
2024,13255125,3228410748,0179,0
2024,13255125,3228410748,0171,0
2024,10507411,3228410748,0171,0
2024,10507411,3228410748,0177,0
2024,10745573,3228410357,1709,7
2024,10745573,3228410357,0400p,9
2024,10745573,3228410357,0384,7
2024,10745573,3228410357,0172,7
2024,10585531,3228410357,0400p,8
2024,10585531,3228410357,0171,8
2024,10585531,3228410357,0383,7
2024,10648032,3228410357,0179,6
2024,11627062,3228410357,0400p,8
2024,11627062,3228410357,0400p,8
2024,10675936,3228410357,1709,8
2024,10675936,3228410357,0171,8
2024,10729539,3228410357,0400p,8
2024,10729539,3228410357,0171,9
2024,10729539,3228410357,0171,9
2024,10410077,3228410357,0400p,9
2024,10410077,3228410357,0383,8
2024,10410077,3228410357,0383,7
2024,10410077,3228410357,0384,6
2024,10530795,3228410357,0400p,8
2024,10530795,3228410357,0383,8
2024,10530795,3228410357,0172,7
2024,10530795,3228410357,0173,9
2024,10530795,3228410357,0173,7
2024,13455702,3228410357,0400p,7
2024,13455702,3228410357,0171,9
2024,13455702,3228410357,0383,9
2024,13455702,3228410357,0383,9
2024,13455702,3228410357,0384,9
2024,13455702,3228410357,0172,8
2024,13455702,3228410357,0172,7
2024,10719000,3228410357,0384,7
2024,10719000,3228410357,0173,8
2024,13456027,3228410357,0400p,9
2024,13456027,3228410357,0179,4
2024,13456027,3228410357,0171,4
2024,13456027,3228410357,0173,5
2024,13251013,3228410357,0171,9
2024,10835750,3228410357,0179,4
2024,10835750,3228410357,0179,4
2024,10835750,3228410357,0383,8
2024,10766449,3228410357,1709,8
2024,10766449,3228410357,0179,8
2024,10645102,3228410357,1709,6
2024,10645102,3228410357,0179,8
2024,10645102,3228410357,0171,4
2024,10645102,3228410357,0383,4
2024,10820272,3228410357,0383,6
2024,10820272,3228410357,0172,6
2024,13487222,3228410357,0172,9
2024,10687498,3228410892,1709,7
2024,10742128,3228410892,0383,9
2024,10742128,3228410892,0384,8
2024,10742128,3228410892,0173,9
2024,13455012,3228410892,1709,0
2024,13455012,3228410892,1709,6
2024,13455012,3228410892,0171,2
2024,13455012,3228410892,0172,0
2024,13455012,3228410892,0173,4
2024,10749811,3228410892,0179,8
2024,10749811,3228410892,0383,7
2024,10749811,3228410892,0173,7
2024,13454999,3228410892,0384,6
2024,13454999,3228410892,0173,7
2024,10678997,3228410892,0171,4
2024,10678997,3228410892,0171,3
2024,10678997,3228410892,0173,0
2024,10320497,3228410892,0179,6
2024,10320497,3228410892,0384,8
2024,10808311,3228410892,0388p,9
2024,10808311,3228410892,0171,6
2024,10808311,3228410892,0384,6
2024,10808311,3228410892,0172,7
2024,10808311,3228410892,0172,8
2024,10808311,3228410892,0172,8
2024,10808311,3228410892,0173,9
2024,13450196,3228410892,1709,8
2024,13450196,3228410892,0179,8
2024,13450196,3228410892,0171,7
2024,13450196,3228410892,0172,8
2024,10761594,3228410892,1709,6
2024,10761594,3228410892,0388p,4
2024,10761594,3228410892,0173,4
2024,10761594,3228410892,0173,5
2024,10736502,3228410892,0179,8
2024,11330085,3228410892,0388p,8
2024,11330085,3228410892,0171,4
2024,11330085,3228410892,0384,7
2024,11330085,3228410892,0172,4
2024,11330085,3228410892,0173,8
2024,10676318,3228410892,0173,4
2024,13472424,3228410892,0388p,8
2024,13472424,3228410892,0171,6
2024,13472424,3228410892,0383,8
2024,13472424,3228410892,0173,8
2024,13475599,3228410892,1709,7
2024,13475599,3228410892,0388p,9
2024,13475599,3228410892,0171,9
2024,13475662,3228410892,1709,8
2024,13475662,3228410892,0179,10
2024,13475662,3228410892,0384,9
2024,13475662,3228410892,0173,10
2024,10514139,3228410892,1709,9
2024,10514139,3228410892,0173,8
2024,12912453,3228410892,1709,6
2024,12912453,3228410892,0383,9
2024,12912453,3228410892,0384,6
2024,12912453,3228410892,0172,6
2024,11036107,3228381273,1226,0
2024,11036107,3228381273,1226,0
2024,11036107,3228381273,1229,2
2024,11036107,3228381273,1232,0
2024,11036107,3228381273,1233,0
2024,10793641,3228381273,0156,4
2024,10793641,3228381273,1226,0
2024,10793641,3228381273,1231,0
2024,10931235,3228381273,1229,4
2024,11003632,3228381273,1709,3
2024,11003632,3228381273,1226,0
2024,12607119,3228381273,0156,9
2024,12607119,3228381273,1226,8
2024,12607119,3228381273,1232,8
2024,12607119,3228381273,1232,7
2024,12607119,3228381273,1233,0
2024,13291541,3228381273,1231,7
2024,13291541,3228381273,1233,8
2024,12744964,3228381273,1229,5
2024,12744964,3228381273,1229,4
2024,12744964,3228381273,1229,6
2024,12744964,3228381273,1233,6
2024,10924853,3228381273,0156,6
2024,10924853,3228381273,0156,5
2024,10924853,3228381273,1226,9
2024,10924853,3228381273,1229,6
2024,10924853,3228381273,1231,3
2024,10924853,3228381273,1233,9
2024,11798264,3228381273,1709,6
2024,11798264,3228381273,1226,6
2024,11798264,3228381273,1229,5
2024,10648909,3228381273,0156,6
2024,10648909,3228381273,1229,5
2024,10648909,3228381273,1232,4
2024,10889537,3228381273,0156,5
2024,10889537,3228381273,0156,5
2024,10889537,3228381273,1226,0
2024,10912710,3228381273,0156,4
2024,10912710,3228381273,1226,5
2024,10912710,3228381273,1232,5
2024,10912710,3228381273,1233,7
2024,10787502,3228381273,0156,4
2024,10787502,3228381273,1231,5
2024,10904203,3228381273,0156,8
2024,11024352,3228381273,0156,9
2024,11024352,3228381273,1231,6
2024,10899896,3228381273,1709,7
2024,10899896,3228381273,0156,8
2024,10899896,3228381273,0156,8
2024,10899896,3228381273,1229,5
2024,10899896,3228381273,1229,6
2024,10899896,3228381273,1231,6
2024,10899896,3228381273,1233,7
2024,10899896,3228381273,1233,6
2024,11004108,3228381273,1232,7
2024,11004108,3228381273,1232,8
2024,12465550,3228381273,0156,6
2024,12465550,3228381273,1226,5
2024,12465550,3228381273,1233,7
2024,10916721,3228381273,1709,6
2024,10916721,3228381273,0156,4
2024,10916721,3228381273,1226,0
2024,10916721,3228381273,1233,5
2024,10912726,3228381273,0156,8
2024,10912726,3228381273,1229,7
2024,10912726,3228381273,1232,6
2024,10805007,3228381273,1232,4
2024,11184512,3228381273,1232,4
2024,10654915,3228381273,1226,0
2024,10654915,3228381273,1229,0
2024,11040995,3228381273,1231,5
2024,10708167,3228390016,1709,6
2024,10708167,3228390016,0223,5
2024,10708167,3228390016,0222,2
2024,11002913,3228390016,0221,10
2024,12563453,3228390016,1709,3
2024,12563453,3228390016,0223,6
2024,10846382,3228390016,0223,6
2024,10903261,3228390016,0225,6
2024,10903261,3228390016,0221,4
2024,10903261,3228390016,0222,0
2024,11002807,3228390016,1709,6
2024,11002807,3228390016,0222,8
2024,11002807,3228390016,0156,9
2024,11146537,3228390016,0221,10
2024,11146537,3228390016,0156,8
2024,10897212,3228390016,1709,4
2024,10897212,3228390016,0225,1
2024,10897212,3228390016,0222,2
2024,10929469,3228390016,0156,8
2024,10812899,3228390016,0221,4
2024,10812899,3228390016,0156,4
2024,10893131,3228390016,1709,8
2024,13452408,3228390016,0225,9
2024,13452408,3228390016,0156,9
2024,10996376,3228390016,0222,3
2024,10917865,3228390016,0223,6
2024,10917865,3228390016,0221,4
2024,12270997,3228390016,1709,0
2024,12270997,3228390016,0156,0
2024,11088265,3228390016,1709,6
2024,11088265,3228390016,0223,10
2024,11088265,3228390016,0223,10
2024,11088265,3228390016,0156,9
2024,11248234,3228390016,1709,5
2024,13458016,3228390016,0223,0
2024,13458016,3228390016,0221,0
2024,10776723,3228390016,0223,6
2024,10959217,3228390016,0223,9
2024,10959217,3228390016,0222,6
2024,13459021,3228390016,1709,0
2024,13459021,3228390016,0225,0
2024,12651696,3228390016,1709,0
2024,12651696,3228390016,0156,0
2024,10353865,3228390016,1709,7
2024,10353865,3228390016,0225,6
2024,10353865,3228390016,0222,8
2024,10353865,3228390016,0156,9
2024,11763179,3228390016,0156,0
2024,13238582,3228390016,1709,0
2024,13238582,3228390016,0225,0
2024,13238582,3228390016,0223,0
2024,11479705,3228390016,0225,6
2024,13316624,3228390016,0223,6
2024,13316624,3228390016,0222,5
2024,13316624,3228390016,0222,4
2024,13316624,3228390016,0222,4
2024,11312205,3228390016,0225,0
2024,11312205,3228390016,0223,0
2024,11312205,3228390016,0223,0
2024,11312205,3228390016,0221,0
2024,11312205,3228390016,0221,0
2024,11312205,3228390016,0222,4
2024,11312205,3228390016,0222,0
2024,10070165,3228390016,0225,0
2024,10070165,3228390016,0221,4
2024,10070165,3228390016,0221,5
2024,10070165,3228390016,0156,8
2024,10517185,3228390016,1709,0
2024,10517185,3228390016,0225,0
2024,10517185,3228390016,0223,0
2024,10517185,3228390016,0221,0
2024,13458659,3228390016,1709,0
2024,13458659,3228390016,0225,0
2024,13458659,3228390016,0223,0
2024,13458659,3228390016,0223,0
2024,12510101,3228390016,0225,0
2024,12510101,3228390016,0156,0
2024,12875318,3228390016,0225,8
2024,11034534,3228390016,1709,0
2024,11034534,3228390016,0223,1
2024,11034534,3228390016,0221,0
2024,11034534,3228390016,0222,0
2024,11034534,3228390016,0222,0
2024,13006056,3228390016,1709,6
2024,13006056,3228390016,0222,2
2024,13366127,3228390016,1709,8
2024,13366127,3228390016,1709,6
2024,13366127,3228390016,0221,9
2024,13366127,3228390016,0222,6
2024,10473027,3228390016,0223,0
2024,10473027,3228390016,0156,0
2024,10675115,3228390016,0223,0
2024,10675115,3228390016,0223,0
2024,12739645,3228390016,0225,9
2024,12739645,3228390016,0221,9
2024,10885064,3228390016,0222,4
2024,10885064,3228390016,0222,7
2024,10885064,3228390016,0222,4
2024,10459081,3228390016,1709,0
2024,10459081,3228390016,0225,0
2024,10459081,3228390016,0223,0
2024,10459081,3228390016,0221,0
2024,10459081,3228390016,0222,0
2024,10459081,3228390016,0222,0
2024,10459081,3228390016,0222,0
2024,12736802,3228390016,1709,0
2024,12736802,3228390016,0223,0
2024,10803714,3228390016,1709,4
2024,12576881,3228390016,0221,0
2024,12576881,3228390016,0156,0
2024,11323147,3228390016,1709,0
2024,11323147,3228390016,0221,0
2024,11323147,3228390016,0222,0
2024,11323147,3228390016,0222,0
2024,10762386,3162077488,1227,4
2024,10762386,3162077488,1235,5
2024,13112701,3162077488,1227,9
2024,13112701,3162077488,1235,8
2024,10766806,3162077488,1228,10
2024,10776722,3162077488,CV0002,2
2024,10776722,3162077488,1227,0
2024,10776722,3162077488,1235,0
2024,10932819,3162077488,1230,7
2024,10789649,3162077488,1230,8
2024,10789649,3162077488,1234,7
2024,10789649,3162077488,1234,7
2024,11667242,3162077488,CV0002,9
2024,11744036,3162077488,1227,9
2024,11744036,3162077488,1237,0
2024,10909605,3162077488,CV0002,7
2024,10909605,3162077488,1230,8
2024,10909605,3162077488,1235,6
2024,10761942,3162077488,1228,9
2024,10889204,3162077488,1227,5
2024,10889204,3162077488,1227,7
2024,10889204,3162077488,1235,6
2024,10897205,3162077488,1227,6
2024,10897205,3162077488,1228,8
2024,10897205,3162077488,1228,6
2024,10897205,3162077488,1234,6
2024,10897205,3162077488,1235,6
2024,10858044,3162077488,1227,7
2024,10858044,3162077488,1235,5
2024,10852104,3162077488,CV0002,6
2024,10852104,3162077488,1228,5
2024,10852104,3162077488,1234,4
2024,10852104,3162077488,1237,0
2024,10887844,3162077488,1228,6
2024,10887844,3162077488,1230,5
2024,10887844,3162077488,1237,0
2024,10802935,3162077488,1228,6
2024,10802935,3162077488,1230,6
2024,10770893,3162077488,1228,5
2024,10920099,3162077488,1228,8
2024,10920099,3162077488,1234,8
2024,12932662,3162077488,1230,10
2024,10851064,3162077488,CV0002,7
2024,10851064,3162077488,1227,4
2024,10851064,3162077488,1235,2
2024,10718886,3162077600,1008,5
2024,10690358,3162077600,1008,5
2024,10690358,3162077600,1009,6
2024,10718081,3162077600,CV0004,6
2024,10718081,3162077600,1007,6
2024,10718081,3162077600,1008,4
2024,10427109,3162077600,1009,6
2024,10427109,3162077600,1109,0
2024,10826692,3162077600,1009,8
2024,10718081,3162077600,1012,4
2024,10852071,3162077600,1013,0
2024,10707845,3162077600,1009,7
2024,10707845,3162077600,1110,9
2024,10707845,3162077600,1013,0
2024,10375121,3162077600,1007,7
2024,10375121,3162077600,1012,8
2024,10689153,3162077600,1009,5
2024,10795882,3162077600,1007,7
2024,10833265,3162077600,1007,9
2024,10833265,3162077600,1109,9
2024,10768351,3162077600,1008,8
2024,10768351,3162077600,1012,8
2024,10768351,3162077600,1013,0
2024,10737190,3162077600,1008,8
2024,10737190,3162077600,1011,9
2024,10737190,3162077600,1012,8
2024,10426520,3162077600,1009,7
2024,10820754,3162077600,1009,6
2024,10820754,3162077600,1011,9
2024,10723795,3162077600,1007,9
2024,10723795,3162077600,1009,6
2024,10723795,3162077600,1011,8
2024,10279046,3162077600,1007,6
2024,10279046,3162077600,1009,4
2024,10279046,3162077600,1012,0
2024,13282254,3162077600,1007,7
2024,13282254,3162077600,1109,7
2024,13282254,3162077600,1110,8
2024,13282254,3162077600,1013,0
2024,10698475,3162077600,CV0004,5
2024,10698475,3162077600,1007,7
2024,10698475,3162077600,1008,5
2024,10698475,3162077600,1011,8
2024,10698475,3162077600,1109,4
2024,10698475,3162077600,1012,5
2024,10414557,3162077600,1012,6
2024,10792793,3162077600,1011,9
2024,10792793,3162077600,1109,9
2024,10792793,3162077600,1012,7
2024,10532574,3162077600,1007,0
2024,10532574,3162077600,1110,0
2024,10532574,3162077600,1012,0
2024,13040510,3162077600,CV0004,9
2024,11318428,3162077600,1110,9
2024,11318428,3162077600,1013,0
2024,13243061,3162077600,CV0004,9
2024,13243061,3162077600,1008,8
2024,13243061,3162077600,1109,8
2024,13243061,3162077600,1012,8
2024,10690015,3162077600,1012,10
2024,10378770,3162077600,1007,0
2024,10378770,3162077600,1008,4
2024,13249466,3162077600,1110,9
2024,10375621,3162077600,1011,9
2024,10375621,3162077600,1011,9
2024,10375621,3162077600,1012,10
2024,10809481,3162077600,1109,8
2024,12630557,3162077600,1007,0
2024,12735439,3162077600,1007,9
2024,12735439,3162077600,1008,8
2024,12735439,3162077600,1009,9
2024,12735439,3162077600,1110,9
2024,10816484,3162077600,1008,7
2024,10816484,3162077600,1009,6
2024,10816484,3162077600,1110,7
2024,12300236,3162077600,1008,7
2024,13460322,3162077600,1007,0
2024,10434495,3162077600,1007,0
2024,10434495,3162077600,1007,0
2024,10318774,3162077600,1011,9
2024,10318774,3162077600,1109,7
2024,10318774,3162077600,1110,7
2024,10451295,3162077600,1007,0
2024,10803572,3162077600,CV0004,4
2024,10803572,3162077600,1109,6
2024,10736212,3162077600,1109,0
2024,10736212,3162077600,1110,0
2024,10278035,3162077600,CV0004,8
2024,10278035,3162077600,1009,6
2024,10278035,3162077600,1012,9
2024,13242370,3162077600,1011,8
2024,13242370,3162077600,1109,9
2024,10259264,3162077600,1008,9
2024,10259264,3162077600,1011,9
2024,10354121,3162077600,1007,1
2024,10691616,3162077600,1008,7
2024,10296770,3162077600,1008,6
2024,13242369,3162077600,CV0004,0
2024,13242369,3162077600,1008,0
2024,10404684,3162077600,CV0004,4
2024,10318925,3162077600,1009,5
2024,10318925,3162077600,1009,6
2024,10318925,3162077600,1011,6
2024,10431067,3162077600,1008,5
2024,10431067,3162077600,1009,7
2024,10431067,3162077600,1110,7
2024,10792522,3162077600,1007,5
2024,10792522,3162077600,1007,6
2024,10792522,3162077600,1009,7
2024,10792522,3162077600,1109,6
2024,11074029,3162077551,0823,7
2024,11074029,3162077551,0822,7
2024,10804683,3162077551,0823,8
2024,10397145,3162077551,0826,8
2024,10752122,3162077551,0826,7
2024,10808796,3162077551,0827,7
2024,10808796,3162077551,0830,0
2024,10713535,3162077551,CV0004,9
2024,10713535,3162077551,0823,7
2024,10713535,3162077551,0824,6
2024,10323951,3162077551,0823,6
2024,10323951,3162077551,0824,7
2024,10729579,3162077551,0827,9
2024,10770133,3162077551,CV0004,9
2024,10770133,3162077551,0827,6
2024,10706042,3162077551,0825,6
2024,10706042,3162077551,0827,8
2024,10706042,3162077551,0830,0
2024,13288446,3162077551,0827,9
2024,13288446,3162077551,0826,7
2024,10819055,3162077551,0823,7
2024,10819055,3162077551,0828,5
2024,10748318,3162077551,CV0004,6
2024,10748318,3162077551,CV0004,6
2024,10748318,3162077551,0823,4
2024,10748318,3162077551,0823,5
2024,10748318,3162077551,0824,6
2024,13293379,3162077551,0824,6
2024,13293379,3162077551,0830,0
2024,13293379,3162077551,CV0010,6
2024,10758378,3162078584,243265,9
2024,10758378,3162078584,243267,8
2024,10699142,3162078584,243264,3
2024,13446594,3162078584,243266,4
2024,13446594,3162078584,243264,4
2024,13446594,3162078584,243264,7
2024,13448029,3162078584,243264,9
2024,11066151,3162078584,243266,8
2024,10791102,3162078584,243266,7
2024,10791102,3162078584,243266,8
2024,10791102,3162078584,243264,7
2024,10698470,3162078584,243267,8
2024,10698470,3162078584,243267,9
2024,10698470,3162078584,243266,9
2024,10698470,3162078584,243264,8
2024,11285049,3162078584,243265,10
2024,11285049,3162078584,243265,10
2024,10347923,3162078584,243266,10
2024,10675598,3162078584,243265,8
2024,10675598,3162078584,243266,0
2024,10675598,3162078584,243264,6
2024,10783224,3162078584,243266,7
2024,10783224,3162078584,243266,9
2024,10783224,3162078584,243264,9
2024,13447274,3162078584,243266,8
2024,13447284,3162078584,243265,9
2024,13447284,3162078584,243267,9
2024,13447284,3162078584,243266,9
2024,13447284,3162078584,243264,8
2024,13035877,3162078584,243264,9
2024,10699108,3162078584,243267,10
2024,10699108,3162078584,243264,8
2024,13467527,3162078584,243264,4
2024,10287428,3162078584,243267,8
2024,10287428,3162078584,243267,9
2024,10287428,3162078584,243266,8
2024,13475004,3162078584,243265,9
2024,13475004,3162078584,243266,9
2024,13475004,3162078584,243264,9
2024,11316049,3162078584,243264,4
2024,11316053,3162078584,243267,10
2024,10869145,3162078584,243264,7
2024,10814418,3162078584,243267,8
2024,10862205,3162078584,243265,9
2024,10705571,3162078584,243266,8
2024,10705571,3162078584,243264,8
2024,11564293,3162078584,243267,9
2024,11564293,3162078584,243266,9
2024,10745557,3162078584,243265,8
2024,10745557,3162078584,243266,8
2024,10515204,3162078591,243602,4
2024,11251858,3162078591,243602,9
2024,10645661,3162078591,243604,7
2024,10689702,3162078591,243601,0
2024,10689702,3162078591,243604,4
2024,10772056,3162078591,243271,4
2024,10714036,3162078591,243271,10
2024,10714036,3162078591,243270,10
2024,10510771,3162078591,243602,8
2024,10510771,3162078591,243271,9
2024,10510771,3162078591,243270,9
2024,10697594,3162078591,243604,7
2024,10242875,3162078591,243271,4
2024,10850218,3162078591,243604,9
2024,10850218,3162078591,243271,8
2024,10697823,3162078591,243604,6
2024,10706060,3162078591,243601,0
2024,10706060,3162078591,243604,6
2024,10697613,3162078591,243602,9
2024,10697613,3162078591,243604,8
2024,10352409,3162078591,243271,8
2024,10352409,3162078591,243271,9
2024,10711820,3162078591,243604,9
2024,10711820,3162078591,243271,9
2024,10711820,3162078591,243270,9
2024,13263308,3162076035,CV0004,5
2024,13263308,3162076035,0181,0
2024,13263308,3162076035,0175,5
2024,11568873,3162076035,0183,7
2024,10805336,3162076035,0180,8
2024,10805336,3162076035,0178,6
2024,10487908,3162076035,0183,10
2024,13245158,3162076035,0176,6
2024,13245158,3162076035,0175,6
2024,10814531,3162076035,0180,10
2024,10838901,3162076035,CV0004,6
2024,10838901,3162076035,0180,7
2024,10838901,3162076035,0176,6
2024,10581335,3162076035,CV0004,9
2024,10581335,3162076035,0181,10
2024,10581335,3162076035,0183,9
2024,10581335,3162076035,0178,9
2024,10581335,3162076035,0175,9
2024,10713910,3162076035,0180,8
2024,10713910,3162076035,0180,8
2024,10713910,3162076035,0175,8
2024,10706770,3162076035,0178,8
2024,10468091,3162076035,0178,8
2024,10468091,3162076035,0175,9
2024,10267575,3162076035,0175,1
2024,10420918,3162076035,0176,7
2024,11264068,3162076035,0181,5
2024,12679099,3162076035,CV0004,0
2024,12679099,3162076035,CV0004,0
2024,12452324,3162076035,0178,3
2024,11921786,3162076035,0181,8
2024,13249462,3162076035,CV0004,5
2024,13249462,3162076035,0180,9
2024,13249462,3162076035,0181,9
2024,13249462,3162076035,0184,0
2024,12730900,3162076035,0180,0
2024,10301350,3162076035,0176,9
2024,10301350,3162076035,0178,8
2024,10264508,3162076035,0181,0
2024,10264508,3162076035,0181,0
2024,10264508,3162076035,0183,0
2024,10264508,3162076035,0175,4
2024,10411178,3162076098,0180,7
2024,10411178,3162076098,0402,7
2024,10411178,3162076098,0402,7
2024,10411178,3162076098,0399,9
2024,10282475,3162076098,CV0004,9
2024,10282475,3162076098,0180,4
2024,10282475,3162076098,0403,0
2024,10282475,3162076098,0397,9
2024,10675919,3162076098,CV0004,8
2024,10675919,3162076098,0180,7
2024,10513851,3162076098,0180,4
2024,10513851,3162076098,0400,0
2024,10837553,3162076098,0398,9
2024,10837553,3162076098,0180,6
2024,10305439,3162076098,0400,6
2024,10305439,3162076098,0399,6
2024,10699672,3162076098,CV0004,7
2024,10699672,3162076098,0398,4
2024,10699672,3162076098,0399,8
2024,10707825,3162076098,0399,3
2024,12468964,3162076098,0402,6
2024,10778000,3162076098,0398,8
2024,12398431,3162076098,0398,9
2024,13127380,3162076098,0398,8
2024,13127380,3162076098,0402,6
2024,10709639,3162076098,CV0004,7
2024,10709639,3162076098,0397,8
2024,10691269,3162076098,0398,4
2024,10691269,3162076098,0398,7
2024,10691269,3162076098,0403,0
2024,10691269,3162076098,0400,6
2024,13456089,3162076098,0400,6
2024,10664986,3162076119,0386,7
2024,11632133,3162076119,0385,8
2024,11632133,3162076119,0387,8
2024,10690446,3162076119,0385,8
2024,10696634,3162076119,CV0004,9
2024,10696634,3162076119,0388,9
2024,10696634,3162076119,0390,8
2024,12058330,3162076119,0180,5
2024,12058330,3162076119,0386,8
2024,10742990,3162076119,CV0004,9
2024,10742990,3162076119,CV0004,9
2024,10742990,3162076119,0180,9
2024,10742990,3162076119,0387,9
2024,10365373,3162076119,0388,0
2024,10277303,3162076119,CV0004,8
2024,10277303,3162076119,0180,4
2024,10610383,3162076119,0180,4
2024,10610383,3162076119,0391,0
2024,10377321,3162076119,0388,0
2024,10926432,3162079713,CV0002,8
2024,10926432,3162079713,0443,7
2024,10926432,3162079713,0448,9
2024,10737176,3162079713,CV0002,9
2024,10916753,3162079713,0446,7
2024,10916753,3162079713,0443,5
2024,10888026,3162079713,0446,7
2024,10888026,3162079713,0448,8
2024,12890835,3162079713,0443,4
2024,11594116,3162079713,0446,4
2024,10688886,3162079713,CV0002,4
2024,10688886,3162079713,0443,7
2024,10924358,3162079713,0451,0
2024,10798521,3162079713,0448,7
2024,10657315,3162079713,0451,0
2024,10793462,3162079713,0442,7
2024,13457085,3162079713,CV0002,8
2024,12424801,3162079713,0443,8
2024,10431853,3162079713,0448,7
2024,13101838,3162079713,0448,7
2024,10308441,3162079713,0443,0
2024,10416752,3162079713,0448,4
2024,11738860,3162079713,0448,0
2024,11738860,3162079713,0448,0
2024,10325396,3162079713,0443,7
2024,10325396,3162079713,0451,0
2024,12731696,3162079713,0442,10
2024,12731696,3162079713,0448,8
2024,12731696,3162079713,0448,8
2024,11235555,3162079713,0443,0
2024,11780432,3162079713,0443,8
2024,11780432,3162079713,0442,7
2024,12380827,3162079713,0443,0
2024,12380827,3162079713,0442,3
2024,13249406,3162079713,0446,4
2024,10940185,3162079713,0442,8
2024,12736231,3162079713,0442,9
2024,11240615,3162079713,0448,2
2024,12116573,3162079713,0446,7
2024,12116573,3162079713,0443,8
2024,12116573,3162079713,0448,7
2024,13459444,3162079713,CV0002,0
2024,11502410,3162079713,0443,7
2024,11402624,3162079713,CV0002,7
2024,11402624,3162079713,0443,6
2024,10410324,3162079713,0443,4
2024,10410324,3162079713,0448,0
2024,13263684,3162079713,0442,9
2024,12832437,3162079713,0448,6
2024,11479322,3162079713,0448,0
2024,10264521,3162079713,0443,6
2024,10410551,3162079790,0654,5
2024,10852355,3162079790,0657,6
2024,10852355,3162079790,0653,6
2024,13282224,3162079790,CV0004,6
2024,13282224,3162079790,0654,8
2024,10835661,3162079790,CV0004,8
2024,12840433,3162079790,0656,8
2024,10679661,3162079790,0655,8
2024,10679661,3162079790,0657,0
2024,10679661,3162079790,0652,6
2024,10679661,3162079790,0652,5
2024,10437711,3162079790,0656,6
2024,11262097,3162079790,CV0004,9
2024,11262097,3162079790,0655,9
2024,12839144,3162079790,CV0004,7
2024,12839144,3162079790,0655,3
2024,12839144,3162079790,0652,4
2024,10679690,3162079790,0657,5
2024,10679690,3162079790,0653,4
2024,10679690,3162079790,0653,6
2024,13038791,3162079790,0653,7
2024,13038791,3162079790,0654,7
2024,10743003,3162079790,CV0004,8
2024,10743003,3162079790,0652,7
2024,10652411,3162079790,0654,6
2024,10515573,3162079790,0653,3
2024,10515573,3162079790,0654,0
2024,11825237,3162079790,0657,0
2024,11825237,3162079790,0656,7
2024,10862522,3162079790,0652,6
2024,10711877,3162079790,0654,6
2024,10829023,3162079790,0652,7
2024,10829023,3162079790,0656,5
2024,10707732,3162079790,0653,5
2024,10707732,3162079790,0653,7
2024,13245586,3162079790,CV0004,10
2024,13245586,3162079790,CV0004,10
2024,13245586,3162079790,0655,10
2024,10819298,3162079790,0655,6
2024,10819298,3162079790,0652,6
2024,10819298,3162079790,0656,6
2024,10819298,3162079790,0654,6
2024,10819298,3162079790,0654,6
2024,11144559,3162079790,0653,10
2024,13246215,3162079790,CV0004,7
2024,13246215,3162079790,0654,7
2024,11335638,3162079790,0652,4
2024,11335638,3162079790,0653,1
2024,11335638,3162079790,0656,8
2024,10689191,3162079790,CV0004,8
2024,10689191,3162079790,0655,10
2024,10689191,3162079790,0657,9
2024,10689191,3162079790,0656,9
2024,10689191,3162079790,0660,0
2024,10689191,3162079790,0654,10
2024,11409670,3162079790,CV0004,0
2024,11409670,3162079790,0652,0
2024,11409670,3162079790,0652,0
2024,11409670,3162079790,0653,0
2024,11409670,3162079790,0656,0
2024,13320897,3162079790,0652,2
2024,13320897,3162079790,0653,0
2024,12491074,3162079790,0652,7
2024,12491074,3162079790,0653,0
2024,12491074,3162079790,0656,9
2024,12491074,3162079790,0656,8
2024,12731205,3162079790,0653,3
2024,12568905,3162079790,CV0004,0
2024,12568905,3162079790,CV0004,0
2024,10816926,3162079790,0652,5
2024,10816926,3162079790,0654,0
2024,10816926,3162079790,0654,0
2024,10300393,3162079790,0653,6
2024,10300393,3162079790,0653,6
2024,13248595,3162079790,CV0004,6
2024,12735122,3162079790,0657,4
2024,13527455,3162079790,0655,7
2024,11875204,3162079790,0655,0
2024,13298754,3162079790,0655,0
2024,13298754,3162079790,0653,0
2024,10283680,3162079790,0655,0
2024,10283680,3162079790,0654,0
2024,10283680,3162079790,0654,0
2024,13248312,3162079790,0655,0
2024,12731503,3162079790,0655,0
2024,12731503,3162079790,0653,0
2024,12731503,3162079790,0656,8
2024,11246656,3162079790,0655,8
2024,11246656,3162079790,0656,8
2024,11246656,3162079790,0654,0
2024,11553064,3162079790,0653,6
2024,10416763,3162079790,0656,0
2024,13457149,3162079790,0657,6
2024,10730130,3162079790,0653,6
2024,10730130,3162079790,0654,0
2024,10451024,3162079790,0652,5
2024,10451024,3162079790,0652,9
2024,10451024,3162079790,0656,8
2024,10349643,3162079790,0652,3
2024,13038756,3162079790,0654,6
2024,13248215,3162079790,CV0004,5
2024,13038797,3162079790,CV0004,8
2024,13038797,3162079790,0652,0
2024,13038797,3162079790,0653,0
2024,10323618,3162079790,CV0004,4
2024,10323618,3162079790,0654,3
2024,10327143,3162079790,0652,3
2024,11312274,3162079790,0655,6
2024,13242362,3162079790,0652,3
2024,10840651,3162079860,5022,8
2024,10840651,3162079860,5023,10
2024,10840651,3162079860,5024,9
2024,11263266,3162079860,5021,9
2024,11263266,3162079860,5025,7
2024,11263266,3162079860,5026,9
2024,12724396,3162079860,5024,9
2024,12724396,3162079860,5025,10
2024,10380889,3162079860,5022,6
2024,10380889,3162079860,5025,1
2024,10380889,3162079860,5026,8
2024,10846791,3162079860,5025,9
2024,11430890,3162079860,5026,6
2024,10652552,3162079860,5022,9
2024,10652552,3162079860,5025,10
2024,10652552,3162079860,5025,10
2024,10810094,3162079860,5025,0
2024,10810094,3162079860,5026,8
2024,10355633,3162079860,5021,8
2024,10355633,3162079860,5022,7
2024,10355633,3162079860,5025,2
2024,11482158,3162079860,5023,7
2024,10808794,3162079860,5021,9
2024,12874164,3162079860,5026,8
2024,10781314,3162079860,5024,8
2024,10678728,3162079860,5022,4
2024,10586308,3162079860,5021,9
2024,10586308,3162079860,5022,7
2024,10586308,3162079860,5026,9
2024,10799062,3162079874,5071,8
2024,10736698,3162079874,5071,8
2024,10328167,3162079874,5074,0
2024,10328167,3162079874,5075,0
2024,10841155,3162079874,5072,0
2024,10841155,3162079874,5075,0
2024,10294470,3162079874,5073,0
2024,10294470,3162079874,5075,0
2024,10747327,3162079874,5072,8
2024,10304881,3162079874,5073,0
2024,10304881,3162079874,5075,0
2024,11502777,3162079874,5072,9
2024,10726154,3162079874,5072,9
2024,10726154,3162079874,5074,10
2024,10516191,3162079874,5074,9
2024,10516191,3162079874,5075,10
2024,10837507,3162079874,5073,0
2024,10837507,3162079874,5075,0
2024,10837507,3162079874,5075,0
2024,10405270,3162079874,5074,0
2024,10403933,3162079874,5073,0
2024,10676854,3162079874,5074,9
2024,10676854,3162079874,5075,9
2024,12923163,3162079874,5073,8
2024,10406026,3162079874,5071,9
2024,10406026,3162079874,5072,8
2024,10406026,3162079874,5074,9
2024,10406026,3162079874,5075,7
2024,12068421,3162079874,5071,9
2024,10837451,3162080071,0378,8
2024,10837451,3162080071,0377,6
2024,10837451,3162080071,0376,8
2024,11635385,3162080071,0377,8
2024,11635385,3162080071,0376,9
2024,10707778,3162080071,0374,2
2024,10855729,3162080071,0376,10
2024,10611327,3162080071,0375,9
2024,10611327,3162080071,0382,0
2024,10611327,3162080071,0374,10
2024,10837451,3162080071,0379,10
2024,10267085,3162080071,CV0004,8
2024,10267085,3162080071,0378,6
2024,10267085,3162080071,0375,6
2024,10707901,3162080071,CV0004,7
2024,10707901,3162080071,0377,6
2024,10832107,3162080071,0381,9
2024,10832107,3162080071,0375,8
2024,10832107,3162080071,0377,8
2024,10832107,3162080071,0376,9
2024,10679688,3162080071,0378,7
2024,10679688,3162080071,0382,0
2024,10679688,3162080071,0374,7
2024,10707654,3162080071,0375,7
2024,10676228,3162080071,0377,7
2024,10864476,3162080071,CV0004,7
2024,10864476,3162080071,0376,8
2024,10864476,3162080071,0374,7
2024,10832097,3162080071,0378,5
2024,10832097,3162080071,0377,6
2024,10832097,3162080071,0374,3
2024,12722174,3162080071,0375,4
2024,12722174,3162080071,0375,7
2024,13257199,3162080071,0376,9
2024,10634348,3162080071,0382,0
2024,10963354,3162080071,0377,9
2024,10963354,3162080071,0376,9
2024,10748092,3162080071,0377,4
2024,10748092,3162080071,0376,7
2024,10748092,3162080071,0376,4
2024,10691654,3162080071,0378,7
2024,10691654,3162080071,0375,7
2024,10691654,3162080071,0376,7
2024,10687382,3162080071,0378,5
2024,10687382,3162080071,0375,0
2024,10687382,3162080071,0376,2
2024,10687382,3162080071,0374,7
2024,10500950,3162080071,0376,0
2024,10711859,3162080071,0375,0
2024,10711859,3162080071,0377,0
2024,10711859,3162080071,0376,0
2024,10711859,3162080071,0376,0
2024,10711859,3162080071,0374,0
2024,10293307,3162079993,CV0004,8
2024,13248857,3162079993,CV0004,9
2024,13248857,3162079993,0490,0
2024,10679671,3162079993,0486,0
2024,12636620,3162079993,0490,0
2024,12636620,3162079993,0489,0
2024,10364384,3162079993,0489,8
2024,10525745,3162079993,0490,8
2024,10525745,3162079993,0488,0
2024,10437714,3162079993,0488,3
2024,10365185,3162079993,0491,7
2024,12427040,3162079993,CV0004,6
2024,13459614,3162079993,0491,0
2024,13459614,3162079993,0490,0
2024,13459614,3162079993,0490,0
2024,13459614,3162079993,0489,0
2024,13459614,3162079993,0486,0
2024,11254010,3162079993,0488,8
2024,10332148,3162079993,0494,0
2024,11400429,3162079993,0490,0
2024,10279313,3162079993,0491,7
2024,10279313,3162079993,0490,0
2024,10279313,3162079993,0489,6
2024,10279313,3162079993,0488,5
2024,10279313,3162079993,0486,4
2024,10279313,3162079993,0486,7
2024,10640914,3162079993,0491,7
2024,10640914,3162079993,0488,8
2024,10905913,3162079993,0490,0
2024,10905913,3162079993,0488,0
2024,13245900,3162079993,0491,7
2024,11059130,3162079993,0488,2
2024,12735228,3162079993,0490,7
2024,10277644,3162079993,0494,0
2024,10277644,3162079993,0491,0
2024,11904882,3162079993,CV0004,5
2024,11904882,3162079993,0488,1
2024,11904882,3162079993,0486,0
2024,12636390,3162079993,0491,8
2024,10635824,3162079993,CV0004,5
2024,10635824,3162079993,0494,7
2024,10635824,3162079993,0489,7
2024,10635824,3162079993,0489,7
2024,10711791,3162079957,0615,4
2024,10711791,3162079957,0614,4
2024,10666129,3162079957,0615,6
2024,10666129,3162079957,0615,6
2024,10837069,3162079957,0615,7
2024,10736098,3162079957,0619,0
2024,10736098,3162079957,0615,7
2024,10254986,3162079957,0619,0
2024,10254986,3162079957,0618,10
2024,10201417,3162079957,0618,10
2024,10201417,3162079957,0613,9
2024,10730670,3162079957,0614,7
2024,10730670,3162079957,0613,10
2024,10730670,3162079957,0612,9
2024,10820972,3162079957,0613,8
2024,12736124,3162079957,0612,8
2024,10663063,3162079957,0615,9
2024,10663063,3162079957,0614,9
2024,10663063,3162079957,0613,2
2024,10392051,3162079957,0618,8
2024,10392051,3162079957,0615,4
2024,10392051,3162079957,0613,7
2024,10489583,3162079957,0614,8
2024,10489583,3162079957,0613,10
2024,11736342,3162079957,0616,10
2024,10689194,3162079957,CV0004,7
2024,10689194,3162079957,0612,7
2024,10817332,3162079957,0613,6
2024,10817332,3162079957,0613,7
2024,10817332,3162079957,0612,8
2024,10657057,3162079957,0614,4
2024,10027669,3162079936,0231,0
2024,10910799,3162079936,0224,7
2024,10912321,3162079936,CV0002,9
2024,10912321,3162079936,0226,10
2024,10912321,3162079936,0224,10
2024,10837080,3162079936,0230,9
2024,10837080,3162079936,0228,8
2024,10837080,3162079936,0224,8
2024,10819052,3162079936,0228,4
2024,10888617,3162079936,0230,6
2024,10888617,3162079936,0226,7
2024,10888617,3162079936,0231,0
2024,10888617,3162079936,0227,8
2024,10892259,3162079936,0226,5
2024,10892259,3162079936,0226,6
2024,10892259,3162079936,0227,5
2024,10911129,3162079936,CV0002,10
2024,10911129,3162079936,0228,7
2024,10911129,3162079936,0231,0
2024,13261957,3162079936,CV0002,4
2024,13261957,3162079936,0228,6
2024,10663109,3162079936,0224,0
2024,10663109,3162079936,0224,0
2024,11088604,3162079936,CV0002,10
2024,11088604,3162079936,0230,7
2024,11088604,3162079936,0224,10
2024,10909591,3162079936,CV0002,9
2024,10909591,3162079936,0227,7
2024,10390554,3162079936,CV0002,6
2024,10390554,3162079936,0228,9
2024,10017433,3162079936,0226,9
2024,10017433,3162079936,0224,7
2024,10895404,3162079936,0226,10
2024,12730601,3162079936,0226,9
2024,12505624,3162079936,CV0002,4
2024,12505624,3162079936,0230,8
2024,12505624,3162079936,0224,6
2024,13086978,3162079936,0228,8
2024,13086978,3162079936,0226,7
2024,13086978,3162079936,0227,7
2024,10283255,3162079936,0224,7
2024,10283255,3162079936,0231,0
2024,11420126,3162079936,0228,0
2024,11407222,3162079936,0230,9
2024,10679666,3162079936,0224,0
2024,11825745,3162079936,0227,0
2024,12603629,3162079936,0228,0
2024,12603629,3162079936,0226,0
2024,13250561,3162079936,CV0002,0
2024,13250561,3162079936,0227,0
2024,10416745,3162079936,0230,0
2024,10978459,3162079936,CV0002,0
2024,10978459,3162079936,0227,0
2024,10260898,3162075411,028505,8
2024,10260898,3162075411,028503,7
2024,10260898,3162075411,028100,9
2024,12921679,3162075411,028504,10
2024,12921679,3162075411,028504,9
2024,12921679,3162075411,028505,6
2024,12921679,3162075411,028001,6
2024,12921679,3162075411,028503,4
2024,12921679,3162075411,028501,8
2024,13452193,3162075411,028504,9
2024,13452193,3162075411,028504,9
2024,13452193,3162075411,028501,9
2024,13452193,3162075411,028100,10
2024,10767533,3162075411,028504,10
2024,10767533,3162075411,028501,9
2024,10767533,3162075411,028501,10
2024,10767533,3162075411,028100,9
2024,10471049,3162075411,028504,10
2024,10471049,3162075411,028503,9
2024,10471049,3162075411,028501,10
2024,10464351,3162075411,028502,8
2024,10464351,3162075411,028505,0
2024,10892583,3162075411,028503,4
2024,10892583,3162075411,028501,3
2024,10931651,3162075411,028502,7
2024,10931651,3162075411,028001,7
2024,10931651,3162075411,028503,4
2024,10931651,3162075411,028100,9
2024,10783770,3162075411,028502,4
2024,10783770,3162075411,028504,7
2024,10783770,3162075411,028505,6
2024,10783770,3162075411,028001,8
2024,11006716,3162075411,028505,4
2024,11006716,3162075411,028503,7
2024,11006716,3162075411,028100,6
2024,11004261,3162075411,028504,7
2024,11004261,3162075411,028505,0
2024,11004261,3162075411,028001,7
2024,11004261,3162075411,028100,8
2024,10333832,3162075411,028504,7
2024,10333832,3162075411,028501,2
2024,10333832,3162075411,028501,4
2024,10901871,3162075411,028504,9
2024,10901871,3162075411,028503,4
2024,11001548,3162075411,028502,7
2024,11001548,3162075411,028001,9
2024,11001548,3162075411,028503,7
2024,11001548,3162075411,028501,8
2024,11001548,3162075411,028100,9
2024,10409975,3162075411,028505,0
2024,10409975,3162075411,028505,0
2024,13451031,3162075411,028504,3
2024,13451031,3162075411,028505,4
2024,13451031,3162075411,028501,8
2024,10428502,3162075411,028001,8
2024,10428502,3162075411,028501,5
2024,10428502,3162075411,028501,6
2024,10904286,3162075411,028502,7
2024,12869703,3162075411,028505,4
2024,12869703,3162075411,028001,7
2024,12869703,3162075411,028503,4
2024,12869703,3162075411,028501,4
2024,11176344,3162075411,028502,7
2024,11176344,3162075411,028503,4
2024,11025178,3162075411,028502,5
2024,11025178,3162075411,028503,7
2024,11318443,3162075411,028502,10
2024,11318443,3162075411,028501,10
2024,10906346,3162075411,028505,8
2024,10927446,3162075411,028502,9
2024,10777684,3162075411,028503,4
2024,10777684,3162075411,028501,7
2024,10777684,3162075411,028100,10
2024,12941115,3162075411,028504,10
2024,12941115,3162075411,028505,9
2024,12941115,3162075411,028001,7
2024,12941115,3162075411,028100,9
2024,13246042,3162075411,028503,10
2024,13156002,3162075411,028501,0
2024,13156002,3162075411,028100,8
2024,10926900,3162075411,028505,9
2024,13287506,3162075411,028502,9
2024,10801002,3162075411,028502,8
2024,10801002,3162075411,028001,5
2024,10801002,3162075411,028001,8
2024,10801002,3162075411,028503,7
2024,10801002,3162075411,028501,9
2024,13071991,3162075411,028502,10
2024,13071991,3162075411,028001,9
2024,13071991,3162075411,028503,10
2024,13071991,3162075411,028503,10
2024,13071991,3162075411,028501,6
2024,11260593,3162075411,028001,0
2024,11260593,3162075411,028503,4
2024,10895653,3162075411,028502,8
2024,10895653,3162075411,028504,9
2024,10895653,3162075411,028505,8
2024,10698491,3162075411,028502,6
2024,10698491,3162075411,028001,3
2024,13124409,3162075411,028502,8
2024,13124409,3162075411,028505,4
2024,13124409,3162075411,028501,6
2024,11328075,3162075411,028501,5
2024,10496467,3162075411,028502,10
2024,12879841,3162075411,028505,0
2024,10924060,3162075411,028505,4
2024,13456219,3162075411,028502,10
2024,13456219,3162075411,028505,8
2024,13456219,3162075411,028001,9
2024,10906500,3162075411,028100,6
2024,11231768,3162075411,028502,0
2024,10904182,3162075411,028502,8
2024,10904182,3162075411,028503,7
2024,10904182,3162075411,028501,9
2024,10904182,3162075411,028100,8
2024,13458419,3162075411,028505,8
2024,13458419,3162075411,028001,9
2024,13458419,3162075411,028501,6
2024,11032717,3162075411,028504,10
2024,10446775,3162075411,028501,0
2024,10446775,3162075411,028100,0
2024,10912191,3162075411,028503,3
2024,13095949,3162075411,028504,8
2024,13095949,3162075411,028501,7
2024,13456990,3162075411,028100,6
2024,13458439,3162075411,028505,8
2024,13458439,3162075411,028001,9
2024,10718947,3162075411,028502,10
2024,10718947,3162075411,028505,7
2024,10718947,3162075411,028503,9
2024,10718947,3162075411,028501,7
2024,10251126,3162075411,028001,0
2024,10251126,3162075411,028100,0
2024,11076555,3162075411,028502,0
2024,11076555,3162075411,028505,3
2024,11076555,3162075411,028503,2
2024,11076555,3162075411,028501,2
2024,11076555,3162075411,028501,0
2024,10511909,3162075411,028505,0
2024,10511909,3162075411,028503,0
2024,11321787,3162075411,028502,10
2024,11321787,3162075411,028505,9
2024,11321787,3162075411,028100,10
2024,11321787,3162075411,028100,10
2024,10705766,3162075411,028505,0
2024,10705766,3162075411,028501,0
2024,13364778,3162075411,028503,9
2024,10401257,3162075411,028503,10
2024,10401257,3162075411,028503,10
2024,12151166,3162075411,028502,8
2024,12151166,3162075411,028505,4
2024,10803834,3162075411,028502,7
2024,10803834,3162075411,028001,8
2024,10803834,3162075411,028100,7
2024,10442635,3162075411,028503,0
2024,13514018,3162075411,028502,9
2024,13514018,3162075411,028100,10
2024,13514018,3162075411,028100,8
2024,10894182,3162075411,028001,7
2024,11013996,3162075411,028504,9
2024,11013996,3162075411,028100,9
2024,13459090,3162075411,028505,9
2024,13459090,3162075411,028501,8
2024,10681066,3162075411,028503,10
2024,10616148,3162075411,028100,8
2024,10491541,3162075411,028502,9
2024,10491541,3162075411,028503,8
2024,10491541,3162075411,028501,7
2024,11144881,3162075411,028502,7
2024,11144881,3162075411,028502,8
2024,11144881,3162075411,028502,0
2024,11144881,3162075411,028505,4
2024,11144881,3162075411,028505,0
2024,12451319,3162075411,028001,9
2024,12510297,3162075411,028502,10
2024,12510297,3162075411,028504,6
2024,12510297,3162075411,028503,10
2024,12510297,3162075411,028100,8
2024,12510297,3162075411,028100,8
2024,10382918,3162075411,028502,7
2024,10382918,3162075411,028503,8
2024,12373449,3162075411,028502,8
2024,12373449,3162075411,028502,9
2024,12373449,3162075411,028001,8
2024,10241444,3162075411,028503,0
2024,11664133,3162075411,028505,8
2024,11664133,3162075411,028100,10
2024,11664133,3162075411,028100,8
2024,10017418,3162075411,028502,8
2024,10017418,3162075411,028501,7
2024,10017418,3162075411,028100,9
2024,13230238,3162075411,028504,0
2024,11027241,3162075411,028503,8
2024,13035254,3162075411,028504,7
2024,13035254,3162075411,028505,4
2024,13035254,3162075411,028505,4
2024,13035254,3162075411,028503,8
2024,13035254,3162075411,028100,8
2024,13124410,3162075411,028001,9
2024,12877007,3162075411,028504,4
2024,12877007,3162075411,028505,7
2024,12877007,3162075411,028501,7
2024,10407717,3162075411,028505,0
2024,10407717,3162075411,028001,0
2024,10407717,3162075411,028100,0
2024,12630701,3162075411,028502,10
2024,12630701,3162075411,028505,8
2024,12630701,3162075411,028505,9
2024,12630701,3162075411,028503,9
2024,12630701,3162075411,028503,10
2024,10388125,3162075411,028502,8
2024,10388125,3162075411,028001,7
2024,10388125,3162075411,028503,8
2024,10388125,3162075411,028501,8
2024,10925235,3162075411,028505,4
2024,10925235,3162075411,028001,0
2024,10925235,3162075411,028501,0
2024,13365806,3162075411,028504,10
2024,11236141,3162075411,028505,7
2024,11236141,3162075411,028503,8
2024,13289936,3162075411,028505,7
2024,13289936,3162075411,028503,10
2024,13289936,3162075411,028501,8
2024,12618601,3162075411,028502,0
2024,10952090,3162075411,028502,7
2024,10952090,3162075411,028503,9
2024,10952090,3162075411,028100,8
2024,13461512,3162075411,028504,8
2024,13001804,3162075418,028601,0
2024,10784833,3162075418,028601,0
2024,10823864,3162075418,028601,0
2024,10804587,3162075418,028601,0
2024,13095162,3162075418,028601,0
2024,10657224,3162075539,1373,8
2024,10657224,3162075539,1377,9
2024,10652405,3162075539,1371,0
2024,10652405,3162075539,1373,8
2024,10652405,3162075539,1374,0
2024,10351740,3162075539,1374,9
2024,10831149,3162075539,1372,8
2024,10831149,3162075539,1373,8
2024,10486854,3162075539,1373,4
2024,10701794,3162075539,1371,7
2024,10701794,3162075539,1373,8
2024,11316204,3162075539,1371,8
2024,13242130,3162075539,1371,10
2024,13242130,3162075539,1374,10
2024,13242130,3162075539,1374,10
2024,13281830,3162075539,1374,8
2024,10834203,3162075539,CV0004,8
2024,10834203,3162075539,1375,8
2024,10834203,3162075539,1378,0
2024,10834203,3162075539,1371,6
2024,10834203,3162075539,1373,8
2024,10834203,3162075539,1374,8
2024,10396024,3162075539,1371,7
2024,10620831,3162075539,1372,7
2024,10822528,3162075539,1374,9
2024,10657734,3162075539,1372,4
2024,10657734,3162075539,1373,7
2024,10328898,3162075539,1375,0
2024,10859549,3162075539,1371,9
2024,10859549,3162075539,1377,8
2024,10711968,3162075539,1373,9
2024,13256847,3162075539,1375,10
2024,13256847,3162075539,1373,9
2024,10679716,3162075539,1372,10
2024,10698110,3162075539,1377,9
2024,10505116,3162075539,1373,7
2024,10505116,3162075539,1374,4
2024,10319363,3162075539,1371,8
2024,10319363,3162075539,1377,8
2024,10839832,3162075539,1373,6
2024,12739203,3162075539,1378,0
2024,12739203,3162075539,1374,8
2024,12739203,3162075539,1377,8
2024,10027372,3162075539,1372,9
2024,10689174,3162075539,1378,0
2024,10698052,3162075539,1374,4
2024,10817396,3162075539,CV0004,8
2024,10817396,3162075539,1372,7
2024,10324078,3162075539,1374,9
2024,10324078,3162075539,1377,8
2024,10781254,3162075539,1371,8
2024,10742955,3162075539,1375,9
2024,10742955,3162075539,1372,9
2024,11831183,3162075539,1374,8
2024,11831183,3162075539,1377,9
2024,10734168,3162075539,1371,7
2024,10734168,3162075539,1372,7
2024,10707900,3162075539,1371,7
2024,10707900,3162075539,1374,8
2024,10707896,3162075539,CV0004,7
2024,10707896,3162075539,1378,0
2024,10590166,3162075539,1375,0
2024,10392520,3162075539,1372,6
2024,10635766,3162075539,1371,4
2024,10635766,3162075539,1374,4
2024,10735610,3162075539,CV0004,8
2024,10735610,3162075539,1375,9
2024,10691132,3162075539,1378,0
2024,11155646,3162075539,1371,7
2024,11155646,3162075539,1373,7
2024,10845796,3162075539,1371,4
2024,10503400,3162075539,1371,8
2024,10503400,3162075539,1374,9
2024,10937787,3162075539,1375,10
2024,10937787,3162075539,1377,9
2024,13487291,3162075539,1372,1
2024,13487291,3162075539,1372,2
2024,10802285,3228404816,1709,5
2024,10802285,3228404816,0651,7
2024,10802285,3228404816,0648,8
2024,10802285,3228404816,0649,4
2024,10414870,3228404816,0657p,10
2024,10414870,3228404816,0657p,9
2024,10414870,3228404816,0651,8
2024,10414870,3228404816,0650,9
2024,10414870,3228404816,0649,9
2024,10414870,3228404816,0649,8
2024,10414870,3228404816,0647,7
2024,13075443,3228404816,0657p,6
2024,13075443,3228404816,0647,7
2024,10025295,3228404816,1709,7
2024,10025295,3228404816,1709,7
2024,10025295,3228404816,0648,6
2024,10025295,3228404816,0647,7
2024,10025295,3228404816,0647,4
2024,10025295,3228404816,0647,4
2024,12690668,3228404816,0651,7
2024,12690668,3228404816,0650,10
2024,12690668,3228404816,0648,9
2024,12690668,3228404816,0649,9
2024,12690668,3228404816,0649,10
2024,13450442,3228404816,0651,0
2024,13450442,3228404816,0651,0
2024,13450442,3228404816,0650,0
2024,13450442,3228404816,0648,0
2024,13450442,3228404816,0648,0
2024,13450442,3228404816,0648,0
2024,13450442,3228404816,0647,0
2024,10711948,3228404816,0651,6
2024,10711948,3228404816,0647,5
2024,10244048,3228404816,0651,8
2024,10244048,3228404816,0649,7
2024,10509186,3228404816,0657p,10
2024,10509186,3228404816,0179,8
2024,10509186,3228404816,0650,9
2024,10509186,3228404816,0648,9
2024,12332046,3228404816,0657p,10
2024,12332046,3228404816,0650,5
2024,12332046,3228404816,0649,4
2024,12332046,3228404816,0647,4
2024,10452196,3228404816,0179,9
2024,10452196,3228404816,0179,9
2024,10452196,3228404816,0648,9
2024,10961892,3228404816,0657p,1
2024,10961892,3228404816,0649,4
2024,10961892,3228404816,0649,7
2024,10961892,3228404816,0647,4
2024,10906957,3228404816,0657p,9
2024,10906957,3228404816,0657p,8
2024,10906957,3228404816,0650,4
2024,10906957,3228404816,0647,4
2024,10906957,3228404816,0647,6
2024,10677373,3228404816,1709,0
2024,10677373,3228404816,0657p,9
2024,10677373,3228404816,0650,0
2024,10677373,3228404816,0649,8
2024,10677373,3228404816,0647,0
2024,10350415,3228404816,0647,8
2024,10024578,3228404816,0650,8
2024,10024578,3228404816,0649,6
2024,10024578,3228404816,0649,7
2024,10024578,3228404816,0647,7
2024,10780784,3228404816,0657p,8
2024,10780784,3228404816,0651,6
2024,10780784,3228404816,0648,8
2024,13078687,3228404816,0179,7
2024,13078687,3228404816,0651,9
2024,13078687,3228404816,0650,9
2024,13078687,3228404816,0648,8
2024,13078687,3228404816,0648,10
2024,13078687,3228404816,0647,8
2024,10679723,3228404816,0657p,9
2024,10679723,3228404816,0651,7
2024,10679723,3228404816,0650,8
2024,10679723,3228404816,0648,4
2024,10824617,3228404816,1709,7
2024,10824617,3228404816,0657p,8
2024,10824617,3228404816,0650,8
2024,10824617,3228404816,0648,8
2024,10824617,3228404816,0647,5
2024,10840138,3228404816,0179,8
2024,10840138,3228404816,0651,7
2024,10840138,3228404816,0648,6
2024,10840138,3228404816,0649,7
2024,10017455,3228404816,0651,9
2024,10017455,3228404816,0651,9
2024,10017455,3228404816,0647,9
2024,11806221,3228404816,0657p,7
2024,11806221,3228404816,0179,8
2024,11806221,3228404816,0648,7
2024,11806221,3228404816,0649,8
2024,10377895,3228404816,0657p,0
2024,10377895,3228404816,0179,0
2024,10377895,3228404816,0179,0
2024,10377895,3228404816,0651,0
2024,10377895,3228404816,0648,0
2024,10377895,3228404816,0649,0
2024,10377895,3228404816,0649,0
2024,10377895,3228404816,0647,0
2024,10377895,3228404816,0647,0
2024,10661639,3228404816,0179,7
2024,10357636,3228404816,0657p,8
2024,11338343,3228404816,1709,6
2024,11338343,3228404816,0657p,8
2024,11338343,3228404816,0179,7
2024,11338343,3228404816,0648,8
2024,10991112,3228404816,0651,9
2024,10991112,3228404816,0647,8
2024,10991112,3228404816,0647,9
2024,10819112,3228404816,0651,7
2024,10819112,3228404816,0650,7
2024,10819112,3228404816,0650,4
2024,10819112,3228404816,0648,8
2024,10819112,3228404816,0649,8
2024,10953575,3228404816,0179,4
2024,10953575,3228404816,0651,6
2024,10953575,3228404816,0650,6
2024,10953575,3228404816,0648,7
2024,10381846,3228404816,0179,9
2024,13456235,3228404816,0651,0
2024,13456235,3228404816,0648,0
2024,10679695,3228404816,1709,6
2024,10679695,3228404816,1709,7
2024,10679695,3228404816,0179,8
2024,10679695,3228404816,0647,6
2024,10677900,3228404816,0647,8
2024,10677900,3228404816,0647,7
2024,13476760,3228404816,0657p,9
2024,13476760,3228404816,0657p,1
2024,13476760,3228404816,0650,6
2024,13476760,3228404816,0648,0
2024,13476760,3228404816,0647,0
2024,13064420,3228404816,0650,7
2024,13064420,3228404816,0647,7
2024,10256435,3228404816,0648,8
2024,10256435,3228404816,0649,9
2024,13060964,3228404816,0657p,0
2024,13060964,3228404816,0649,0
2024,13060964,3228404816,0649,0
2024,13060964,3228404816,0647,0
2024,13060964,3228404816,0647,0
2024,10279441,3228404816,1709,8
2024,10279441,3228404816,0657p,8
2024,10279441,3228404816,0179,9
2024,10279441,3228404816,0651,8
2024,10279441,3228404816,0651,9
2024,13264942,3228404816,1709,3
2024,13264942,3228404816,0657p,1
2024,13264942,3228404816,0179,2
2024,10953290,3228404816,0179,8
2024,10953290,3228404816,0650,8
2024,10463434,3228404816,0657p,8
2024,10463434,3228404816,0657p,10
2024,10463434,3228404816,0649,6
2024,10463434,3228404816,0649,0
2024,10463434,3228404816,0647,4
2024,11254695,3228404816,0179,0
2024,11254695,3228404816,0648,0
2024,11254695,3228404816,0649,0
2024,11664368,3228404816,0657p,4
2024,11664368,3228404816,0657p,0
2024,11664368,3228404816,0649,0
2024,11481642,3228404816,0657p,0
2024,11481642,3228404816,0657p,0
2024,11481642,3228404816,0651,0
2024,11889122,3228404816,0657p,8
2024,11889122,3228404816,0651,7
2024,11889122,3228404816,0648,6
2024,11241112,3228404816,0657p,8
2024,11241112,3228404816,0179,9
2024,11241112,3228404816,0649,10
2024,10819061,3228404816,0657p,9
2024,10129831,3228404816,0657p,7
2024,10129831,3228404816,0647,7
2024,10789628,3228404816,1709,7
2024,10789628,3228404816,0657p,8
2024,10789628,3228404816,0650,7
2024,10789628,3228404816,0647,8
2024,10783588,3228404816,1709,6
2024,10783588,3228404816,1709,6
2024,10783588,3228404816,0657p,10
2024,10783588,3228404816,0650,7
2024,10783588,3228404816,0649,7
2024,13035060,3228404816,0651,6
2024,13035060,3228404816,0650,7
2024,13035060,3228404816,0649,3
2024,13035179,3228404816,0657p,9
2024,13035179,3228404816,0650,6
2024,10321979,3228404816,0647,0
2024,10615771,3228404816,0657p,0
2024,10615771,3228404816,0179,0
2024,10615771,3228404816,0648,0
2024,10615771,3228404816,0647,0
2024,10679722,3228404816,0651,6
2024,10679722,3228404816,0651,5
2024,10679722,3228404816,0648,5
2024,10679722,3228404816,0649,5
2024,10762368,3228413080,0370,6
2024,10762368,3228413080,1709,8
2024,10762368,3228413080,0179,8
2024,10762368,3228413080,0373,6
2024,10796295,3228413080,0379p,9
2024,10796295,3228413080,0373,9
2024,10796295,3228413080,0369,10
2024,10635003,3228413080,1709,9
2024,10635003,3228413080,0370,10
2024,10635003,3228413080,0371,10
2024,10635003,3228413080,0372,10
2024,10635003,3228413080,0369,10
2024,10762343,3228413080,0179,7
2024,10762343,3228413080,0372,9
2024,10762343,3228413080,0372,10
2024,10910600,3228413080,0179,9
2024,10910600,3228413080,0372,7
2024,10757735,3228413080,1709,5
2024,10757735,3228413080,0379p,9
2024,11082671,3228413080,0372,10
2024,10849397,3228413080,0379p,9
2024,10849397,3228413080,0371,9
2024,10805501,3228413080,0379p,7
2024,12854002,3228413080,0370,7
2024,12854002,3228413080,0369,6
2024,10840811,3228413080,0379p,9
2024,10840811,3228413080,0179,8
2024,10840811,3228413080,0373,8
2024,10840811,3228413080,0372,7
2024,10840811,3228413080,0369,9
2024,10799789,3228413080,1709,8
2024,10799789,3228413080,0379p,10
2024,10799789,3228413080,0179,9
2024,10799789,3228413080,0370,10
2024,10783280,3228413080,0379p,7
2024,10783280,3228413080,0179,4
2024,10783280,3228413080,0179,6
2024,10783280,3228413080,0369,4
2024,10783280,3228413080,0369,4
2024,10652371,3228413080,0379p,9
2024,10762023,3228413080,0372,9
2024,10762023,3228413080,0369,9
2024,10764453,3228413080,0370,7
2024,10764453,3228413080,0370,8
2024,10764453,3228413080,0371,6
2024,10813139,3228413080,1709,5
2024,10813139,3228413080,0373,8
2024,10813139,3228413080,0372,7
2024,10813139,3228413080,0372,7
2024,10756607,3228413080,0379p,9
2024,10756607,3228413080,0179,8
2024,10756607,3228413080,0179,9
2024,10762338,3228413080,0179,7
2024,10762338,3228413080,0373,8
2024,10762338,3228413080,0369,9
2024,10823812,3228413080,0370,9
2024,10823812,3228413080,0371,9
2024,10823812,3228413080,0372,7
2024,10780756,3228413080,1709,6
2024,10780756,3228413080,0379p,7
2024,10780756,3228413080,0372,8
2024,10823807,3228413080,0379p,9
2024,10823807,3228413080,0179,7
2024,10823807,3228413080,0370,7
2024,10823807,3228413080,0373,8
2024,10823807,3228413080,0369,8
2024,11064614,3228413382,1709,0
2024,11064614,3228413382,0373,0
2024,11064614,3228413382,1709,0
2024,11064614,3228413382,0487,6
2024,11064614,3228413382,0487,0
2024,11067623,3228413382,0179,0
2024,11067623,3228413382,0179,0
2024,11067623,3228413382,0487,0
2024,11067623,3228413382,0484,4
2024,13042221,3228413382,0616p,0
2024,13042221,3228413382,0487,0
2024,13042221,3228413382,0487,0
2024,13042221,3228413382,0485,0
2024,13042221,3228413382,0484,0
2024,13042221,3228413382,0483,0
2024,10525885,3228413382,1709,0
2024,10525885,3228413382,0616p,0
2024,10525885,3228413382,0487,0
2024,10525885,3228413382,0484,0
2024,13455308,3228413382,0179,8
2024,10807600,3228413382,0179,10
2024,10807600,3228413382,0373,10
2024,10807600,3228413382,0487,10
2024,10381670,3228413382,0616p,10
2024,10381670,3228413382,0485,0
2024,10679710,3228413382,0616p,9
2024,10679710,3228413382,0373,8
2024,10679710,3228413382,0485,4
2024,10679710,3228413382,0483,8
2024,10736277,3228413382,0373,10
2024,10736277,3228413382,0487,10
2024,10736277,3228413382,0485,9
2024,10736277,3228413382,0484,10
2024,10797348,3228413382,0484,8
2024,10611084,3228413382,0616p,9
2024,10611084,3228413382,0179,8
2024,10611084,3228413382,0487,9
2024,10611084,3228413382,0485,7
2024,10695479,3228413382,0616p,5
2024,10695479,3228413382,0616p,0
2024,10695479,3228413382,0487,0
2024,10709604,3228413382,1709,9
2024,10709604,3228413382,0487,9
2024,10770964,3228413382,0373,10
2024,10770964,3228413382,0487,8
2024,10770964,3228413382,0485,8
2024,10418675,3228413382,1709,8
2024,10418675,3228413382,0616p,5
2024,10418675,3228413382,0373,0
2024,11161106,3228413382,1709,0
2024,11161106,3228413382,0616p,0
2024,11161106,3228413382,0373,0
2024,11161106,3228413382,0484,0
2024,10718934,3228413382,0487,4
2024,10718934,3228413382,0487,4
2024,10718934,3228413382,0484,4
2024,10718934,3228413382,0483,6
2024,10269408,3228413382,0373,0
2024,10269408,3228413382,0485,0
2024,10269408,3228413382,0485,0
2024,13460547,3228413382,1709,0
2024,13460547,3228413382,0373,0
2024,13460547,3228413382,0484,0
2024,13460547,3228413382,0484,0
2024,10688878,3228413382,0487,9
2024,11571094,3228413382,0373,0
2024,11571094,3228413382,0484,0
2024,11332097,3228413382,0179,0
2024,11332097,3228413382,0179,0
2024,11332097,3228413382,0487,0
2024,11332097,3228413382,0484,0
2024,11332097,3228413382,0483,0
2024,10453628,3228413382,1709,0
2024,10453628,3228413382,0179,0
2024,10453628,3228413382,0487,0
2024,10453628,3228413382,0484,0
2024,10453628,3228413382,0483,0
2024,12500233,3228413382,0179,0
2024,12500233,3228413382,0487,0
2024,12500233,3228413382,0487,0
2024,12500233,3228413382,0484,0
2024,10399058,3228413382,0487,0
2024,10770657,3228413382,0179,9
2024,10711977,3228413382,1709,9
2024,10308704,3228413382,1709,0
2024,10308704,3228413382,1709,0
2024,12730778,3228413382,0487,4
2024,12730778,3228413382,0485,0
2024,10471125,3228413382,0485,2
2024,10255502,3228413382,0485,4
2024,10810051,3228413382,0483,7
2024,11569845,3228413382,0373,0
2024,11569845,3228413382,0373,0
2024,11569845,3228413382,0373,0
2024,11569845,3228413382,0487,0
2024,11569845,3228413382,0484,0
2024,13459168,3228413382,1709,9
2024,13459168,3228413382,0179,10
2024,10757001,3228413382,0179,8
2024,10757001,3228413382,0373,10
2024,10757001,3228413382,0484,8
2024,10828387,3228413382,0179,8
2024,10828387,3228413382,0373,7
2024,10828387,3228413382,0373,8
2024,10828387,3228413382,0487,4
2024,13457137,3228413382,1709,0
2024,13457137,3228413382,0487,0
2024,13457137,3228413382,0483,0
2024,10856605,3228413382,0616p,9
2024,10856605,3228413382,0616p,9
2024,10856605,3228413382,0179,7
2024,10856605,3228413382,0373,10
2024,10856605,3228413382,0487,8
2024,10856605,3228413382,0484,10
2024,10401376,3228413382,1709,0
2024,10401376,3228413382,0616p,0
2024,10401376,3228413382,0179,0
2024,10401376,3228413382,0485,0
2024,10401376,3228413382,0485,0
2024,11898422,3228413382,0179,6
2024,11898422,3228413382,0484,4
2024,13456133,3228413382,0487,0
2024,10677836,3228413382,0373,0
2024,10677836,3228413382,0373,0
2024,10677836,3228413382,0487,0
2024,10205657,3228413382,0483,0
2024,10643328,3228413382,0616p,9
2024,10643328,3228413382,0179,9
2024,10643328,3228413382,0179,9
2024,10643328,3228413382,0487,9
2024,10643328,3228413382,0485,9
2024,10643328,3228413382,0485,9
2024,12433428,3228413382,0487,7
2024,12433428,3228413382,0484,6
2024,12287306,3228413382,0485,0
2024,10758419,3228413382,0616p,9
2024,10758419,3228413382,0487,8
2024,10865703,3228415772,1375p,7
2024,10865703,3228415772,1367,7
2024,11649640,3228415772,1375p,8
2024,11649640,3228415772,1368,4
2024,10817945,3228415772,0179,9
2024,10817945,3228415772,1370,4
2024,10817945,3228415772,1367,4
2024,10817945,3228415772,1368,0
2024,10834174,3228415772,1370,9
2024,13281768,3228415772,0179,6
2024,13281768,3228415772,1368,7
2024,10798915,3228415772,1375p,10
2024,10798915,3228415772,0179,6
2024,10798915,3228415772,1367,8
2024,10798915,3228415772,1368,9
2024,10819488,3228415772,1709,7
2024,10819488,3228415772,1367,8
2024,10819488,3228415772,1369,9
2024,10781492,3228415772,1367,4
2024,10413312,3228415772,1709,8
2024,10413312,3228415772,1375p,8
2024,10413312,3228415772,1370,9
2024,10413312,3228415772,1367,7
2024,10413312,3228415772,1367,7
2024,10546650,3228415772,1369,6
2024,13273466,3228415772,1368,8
2024,11649375,3228415772,1709,8
2024,10714135,3228415772,1375p,9
2024,10714135,3228415772,0179,9
2024,10835968,3228415772,0179,9
2024,10842025,3228415772,1375p,9
2024,10842025,3228415772,1367,7
2024,10803120,3228415772,1367,4
2024,10803120,3228415772,1367,8
2024,10851445,3228415772,1375p,7
2024,10851445,3228415772,1367,8
2024,10711961,3228415772,1370,4
2024,10711961,3228415772,1369,4
2024,10711961,3228415772,1369,4
2024,10678320,3228415772,1709,8
2024,10678320,3228415772,1375p,9
2024,10678320,3228415772,0179,8
2024,10678320,3228415772,1370,8
2024,10678320,3228415772,1369,8
2024,10678320,3228415772,1369,6
2024,11341745,3228415772,0179,9
2024,11341745,3228415772,1370,8
2024,11341745,3228415772,1368,7
2024,11251967,3228415772,1375p,8
2024,10122344,3228415772,1369,10
2024,10725869,3228415772,0179,5
2024,10725869,3228415772,1370,4
2024,10725869,3228415772,1370,5
2024,10378823,3228415772,1370,9
2024,10378823,3228415772,1367,9
2024,11104411,3228415772,1370,9
2024,11104411,3228415772,1367,9
2024,11104411,3228415772,1367,7
2024,11104411,3228415772,1369,7
2024,10783707,3228415772,1709,9
2024,10783707,3228415772,1370,10
2024,10783707,3228415772,1367,8
2024,10783707,3228415772,1367,9
2024,10783707,3228415772,1368,9
2024,10783707,3228415772,1369,9
2024,10985551,3228415772,1709,7
2024,10985551,3228415772,1375p,8
2024,10985551,3228415772,1370,8
2024,10985551,3228415772,1370,9
2024,10985551,3228415772,1367,7
2024,10985551,3228415772,1369,8
2024,10793376,3228415772,1709,8
2024,10793376,3228415772,1709,9
2024,10793376,3228415772,0179,8
2024,10793376,3228415772,1367,8
2024,10793376,3228415772,1369,8
2024,10776515,3228415772,1375p,10
2024,10776515,3228415772,1368,8
2024,10734128,3228415772,1368,9
2024,10729560,3228415772,1370,6
2024,10729560,3228415772,1367,7
2024,10729560,3228415772,1369,5
2024,10770501,3228415772,1375p,9
2024,10770501,3228415772,1370,8
2024,10770501,3228415772,1370,8
2024,10770501,3228415772,1367,7
2024,10770501,3228415772,1368,8
2024,10819378,3228415772,1369,10
2024,10962405,3228415772,1709,4
2024,10962405,3228415772,0179,8
2024,10827153,3228415772,1709,9
2024,10827153,3228415772,1375p,7
2024,10993836,3228415772,1709,9
2024,10993836,3228415772,1367,8
2024,11514753,3228415772,1709,9
2024,11514753,3228415772,1375p,10
2024,11514753,3228415772,1369,10
2024,10780789,3228415772,0179,7
2024,10780789,3228415772,1370,8
2024,13462544,3228415772,1375p,4
2024,13462544,3228415772,1368,8
2024,10809667,3228415772,1709,8
2024,10809667,3228415772,1375p,8
2024,10809667,3228415772,1367,8
2024,10687463,3228415772,1370,8
2024,10687463,3228415772,1367,8
2024,10652580,3228415772,1375p,10
2024,10652580,3228415772,1375p,8
2024,10652580,3228415772,1369,9
2024,10652580,3228415772,1369,9
2024,10678151,3228415772,1367,1
2024,10809557,3228415772,1367,8
2024,10809557,3228415772,1368,10
2024,10944114,3228415772,1375p,9
2024,10944114,3228415772,0179,7
2024,10944114,3228415772,1370,7
2024,10944114,3228415772,1367,7
2024,10730519,3228415772,0179,6
2024,10730519,3228415772,1369,6
2024,13242092,3228415772,1370,7
2024,13242092,3228415772,1369,7
2024,10742238,3228415772,1375p,9
2024,10742238,3228415772,0179,8
2024,10742238,3228415772,1370,7
2024,12558926,3228415772,1370,7
2024,12558926,3228415772,1369,7
2024,12558926,3228415772,1369,4
2024,10960990,3228379385,1709,9
2024,10960990,3228379385,0437,6
2024,10960990,3228379385,0441,8
2024,10960990,3228379385,0438,10
2024,10960990,3228379385,0440,7
2024,10960990,3228379385,0156,8
2024,11671982,3228379385,1709,8
2024,11043785,3228379385,0441,6
2024,11043785,3228379385,0440,6
2024,10737175,3228379385,0438,10
2024,13133521,3228379385,0437,7
2024,13133521,3228379385,0439,8
2024,11039273,3228379385,0439,8
2024,11039273,3228379385,0439,7
2024,11039273,3228379385,0438,9
2024,11039273,3228379385,0440,9
2024,10887720,3228379385,0441,7
2024,10887720,3228379385,0439,9
2024,11029440,3228379385,0437,9
2024,11029440,3228379385,0437,8
2024,11029440,3228379385,0438,9
2024,10995299,3228379385,1709,10
2024,10995299,3228379385,0437,8
2024,10995299,3228379385,0440,8
2024,10835299,3228379385,0438,4
2024,10835299,3228379385,0440,8
2024,10805591,3228379385,1709,0
2024,11805803,3228379385,0437,8
2024,11805803,3228379385,0437,8
2024,11805803,3228379385,0439,10
2024,10906307,3228379385,1709,3
2024,10906307,3228379385,0441,1
2024,10906307,3228379385,0438,1
2024,10911748,3228379385,1709,8
2024,10911748,3228379385,0437,7
2024,10911748,3228379385,0439,9
2024,10911748,3228379385,0156,8
2024,10787655,3228379385,1709,6
2024,10787655,3228379385,1709,6
2024,10787655,3228379385,0437,3
2024,10787655,3228379385,0441,0
2024,10787655,3228379385,0156,9
2024,11028742,3228379385,1709,9
2024,11028742,3228379385,0441,6
2024,11028742,3228379385,0439,8
2024,11028742,3228379385,0438,6
2024,11026339,3228379385,1709,7
2024,11026339,3228379385,0437,7
2024,11026339,3228379385,0437,7
2024,11026339,3228379385,0438,4
2024,11026339,3228379385,0156,7
2024,10905782,3228379385,1709,8
2024,10905782,3228379385,0437,5
2024,10905782,3228379385,0437,6
2024,10905782,3228379385,0441,7
2024,10905782,3228379385,0438,4
2024,10905782,3228379385,0440,7
2024,11004486,3228379385,0437,8
2024,11004486,3228379385,0441,10
2024,11004486,3228379385,0438,9
2024,10911568,3228379385,0437,7
2024,10911568,3228379385,0156,9
2024,11044309,3228379385,0438,7
2024,11044309,3228379385,0440,7
2024,10911000,3228379385,1709,6
2024,10911000,3228379385,1709,7
2024,10911000,3228379385,0441,3
2024,10911000,3228379385,0439,7
2024,11068958,3228379385,1709,0
2024,11068958,3228379385,0441,0
2024,11415744,3228379385,0441,5
2024,11415744,3228379385,0439,8
2024,10787257,3228379385,0438,5
2024,10787257,3228379385,0156,6
2024,10278634,3228379385,0441,5
2024,10278634,3228379385,0441,6
2024,10278634,3228379385,0439,9
2024,10284131,3228379385,1709,8
2024,10284131,3228379385,0437,6
2024,10284131,3228379385,0156,7
2024,10929912,3228379385,1709,6
2024,11024457,3228379385,0441,7
2024,11024457,3228379385,0439,7
2024,11024457,3228379385,0156,9
2024,10302214,3228379385,0439,0
2024,10302214,3228379385,0438,0
2024,12731640,3228379385,1709,6
2024,12731640,3228379385,0440,8
2024,11507257,3228379385,0439,8
2024,10951388,3228379385,0439,0
2024,10951388,3228379385,0440,0
2024,10951388,3228379385,0156,0
2024,10435060,3228379385,1709,0
2024,10435060,3228379385,0439,0
2024,10435060,3228379385,0438,0
2024,10435060,3228379385,0156,0
2024,10248709,3228379385,0438,0
2024,10248709,3228379385,0438,0
2024,10248709,3228379385,0438,0
2024,10248709,3228379385,0440,0
2024,10421015,3228379385,0437,7
2024,10421015,3228379385,0438,0
2024,12673295,3228379385,1709,0
2024,12673295,3228379385,1709,0
2024,12673295,3228379385,0437,0
2024,12673295,3228379385,0441,0
2024,12673295,3228379385,0440,0
2024,10420824,3228379385,1709,5
2024,10420824,3228379385,0437,8
2024,10420824,3228379385,0438,0
2024,10420824,3228379385,0156,0
2024,13458066,3228379385,0439,10
2024,13458066,3228379385,0439,9
2024,13458066,3228379385,0440,10
2024,13458066,3228379385,0440,10
2024,13458066,3228379385,0156,6
2024,10650730,3228379385,1709,6
2024,10650730,3228379385,0439,8
2024,10650730,3228379385,0440,0
2024,13459588,3228379385,1709,4
2024,13459588,3228379385,0440,0
2024,13459588,3228379385,0156,4
2024,11026347,3228379385,0437,7
2024,11026347,3228379385,0438,10
2024,10394837,3228379385,1709,6
2024,10394837,3228379385,0439,7
2024,10394837,3228379385,0156,7
2024,10394837,3228379385,0156,7
2024,10307040,3228379385,1709,0
2024,10307040,3228379385,0438,0
2024,11786393,3228379385,1709,0
2024,11786393,3228379385,0437,0
2024,11786393,3228379385,0156,7
2024,10696650,3228379385,0440,0
2024,13459361,3228379385,0439,0
2024,13459361,3228379385,0440,7
2024,11033515,3228379385,1709,9
2024,11033515,3228379385,0437,7
2024,11033515,3228379385,0441,9
2024,11033515,3228379385,0156,6
2024,11004716,3228379385,1709,9
2024,11004716,3228379385,0438,10
2024,11067932,3228379385,0441,0
2024,11067932,3228379385,0439,0
2024,11067932,3228379385,0440,0
2024,11067932,3228379385,0156,9
2024,11067932,3228379385,0156,0
2024,11666166,3228379385,0441,7
2024,11666166,3228379385,0440,5
2024,11666166,3228379385,0156,9
2024,13221347,3228379385,0437,0
2024,13221347,3228379385,0441,0
2024,13221347,3228379385,0441,0
2024,13221347,3228379385,0156,0
2024,13290996,3228406931,0179,8
2024,13290996,3228406931,0931,8
2024,10800028,3228406931,1012p,6
2024,10800028,3228406931,0179,8
2024,10800028,3228406931,0931,8
2024,10635026,3228406931,0931,9
2024,10635026,3228406931,1010,6
2024,10635026,3228406931,1010,6
2024,10813126,3228406931,0179,7
2024,10813126,3228406931,0930,7
2024,10813126,3228406931,0931,9
2024,10813126,3228406931,0931,9
2024,10776549,3228406931,1010,7
2024,10510136,3228406931,1709,0
2024,10510136,3228406931,1012p,5
2024,10510136,3228406931,0179,7
2024,10510136,3228406931,0930,0
2024,10510136,3228406931,0931,4
2024,10510136,3228406931,1010,3
2024,10510136,3228406931,1010,0
2024,10824614,3228406931,1012p,0
2024,10824614,3228406931,0179,4
2024,10824614,3228406931,0930,4
2024,10709557,3228406931,1012p,4
2024,10709557,3228406931,0179,7
2024,10709557,3228406931,0930,0
2024,10422716,3228406931,1012p,0
2024,10422716,3228406931,0930,0
2024,10422716,3228406931,0931,0
2024,10422716,3228406931,0931,0
2024,10862032,3228406931,0179,8
2024,10862032,3228406931,0179,8
2024,10862032,3228406931,0931,7
2024,10862032,3228406931,0931,0
2024,10726936,3228406931,1709,6
2024,10726936,3228406931,1012p,5
2024,10726936,3228406931,0623,8
2024,10726936,3228406931,0930,6
2024,10764144,3228406931,0179,6
2024,10819701,3228406931,1709,0
2024,10819701,3228406931,1709,0
2024,10819701,3228406931,0930,0
2024,10819701,3228406931,1010,2
2024,10805294,3228406931,0930,6
2024,10805294,3228406931,0931,9
2024,10805294,3228406931,0931,9
2024,10805294,3228406931,1010,3
2024,10530803,3228406931,0623,8
2024,10530803,3228406931,0931,9
2024,10530803,3228406931,1010,7
2024,10796065,3228406931,1709,7
2024,10796065,3228406931,1012p,8
2024,10796065,3228406931,0623,8
2024,10796065,3228406931,0930,7
2024,10630363,3228406931,0930,5
2024,10630363,3228406931,0931,9
2024,10630363,3228406931,1010,5
2024,10852161,3228406931,1010,7
2024,10819684,3228406931,1012p,9
2024,10819684,3228406931,1012p,9
2024,10819684,3228406931,0179,4
2024,10819684,3228406931,0179,7
2024,10819684,3228406931,0623,6
2024,10819684,3228406931,1010,3
2024,10199483,3228406931,1012p,0
2024,11811552,3228406931,0179,0
2024,11811552,3228406931,0623,0
2024,11811552,3228406931,0931,0
2024,11811552,3228406931,0931,0
2024,11811552,3228406931,1010,0
2024,10323559,3228406931,0623,4
2024,10323559,3228406931,0930,4
2024,10323559,3228406931,0931,0
2024,13458157,3228406931,1709,0
2024,13458157,3228406931,0179,0
2024,13458157,3228406931,0623,0
2024,13458157,3228406931,0623,0
2024,13458157,3228406931,0930,0
2024,13458157,3228406931,0930,0
2024,13458157,3228406931,0930,0
2024,13456007,3228406931,0179,8
2024,13456007,3228406931,0179,9
2024,13456007,3228406931,1010,9
2024,13523913,3228406931,0179,0
2024,13523913,3228406931,1010,0
2024,10940616,3228406931,1709,0
2024,10940616,3228406931,0930,0
2024,10940616,3228406931,0930,0
2024,10940616,3228406931,0931,0
2024,10940616,3228406931,0931,0
2024,11059841,3228406931,0623,6
2024,11059841,3228406931,0931,8
2024,10461934,3228406931,1010,6
2024,10381708,3228406931,0931,0
2024,10852107,3228406931,0179,0
2024,10852107,3228406931,0931,0
2024,11800453,3228406931,0179,0
2024,11800453,3228406931,0931,0
2024,11800453,3228406931,1010,0
2024,10330111,3228406931,0930,7
2024,10443575,3228406931,1012p,0
2024,10443575,3228406931,0623,0
2024,10443575,3228406931,1010,0
2024,10818191,3228406931,0931,0
2024,11089472,3228406931,0623,0
2024,10699271,3228406931,0931,6
2024,10699271,3228406931,0931,7
2024,10807830,3228406931,1012p,8
2024,10807830,3228406931,0179,7
2024,10807830,3228406931,0930,7
2024,10807830,3228406931,0931,7
2024,11629523,3228406931,1012p,0
2024,11629523,3228406931,1012p,0
2024,11629523,3228406931,0179,0
2024,11629523,3228406931,0930,0
2024,11629523,3228406931,1010,0
2024,10042816,3228406931,0623,6
2024,10042816,3228406931,1010,0
2024,10303628,3228406931,1709,7
2024,10303628,3228406931,1012p,9
2024,10303628,3228406931,0931,7
2024,10022321,3228406931,0179,8
2024,10022321,3228406931,0930,5
2024,12561661,3228406931,0930,3
2024,12561661,3228406931,0930,3
2024,12561661,3228406931,0930,2
2024,12561661,3228406931,0931,7
2024,10797573,3228406931,0179,8
2024,10797573,3228406931,0930,5
2024,10797573,3228406931,1010,7
2024,10479899,3228406931,1709,7
2024,10918602,3228406931,1012p,9
2024,10918602,3228406931,0930,4
2024,10918602,3228406931,0930,4
2024,10754604,3228406931,0930,4
2024,10365221,3228406931,0179,7
2024,10365221,3228406931,0179,7
2024,13461591,3228406931,1012p,9
2024,13461591,3228406931,0623,8
2024,13461591,3228406931,0930,6
2024,10249410,3228406931,1012p,9
2024,10249410,3228406931,0623,8
2024,10766452,3228406545,1709,7
2024,10766452,3228406545,0623,8
2024,10766452,3228406545,0627,7
2024,10766452,3228406545,0627,9
2024,10766452,3228406545,CV0008,10
2024,12607926,3228406545,1709,7
2024,12607926,3228406545,0622,8
2024,12607926,3228406545,CV0008,9
2024,11790917,3228406545,CV0008,10
2024,10689201,3228406545,0623,8
2024,10689201,3228406545,0627,7
2024,10742994,3228406545,0828p,10
2024,10742994,3228406545,0179,8
2024,10487336,3228406545,0828p,10
2024,10487336,3228406545,0622,5
2024,10487336,3228406545,0627,4
2024,10857816,3228406545,1709,7
2024,10857816,3228406545,0622,7
2024,10857816,3228406545,0627,7
2024,10847609,3228406545,0828p,7
2024,10847609,3228406545,0179,5
2024,10847609,3228406545,0623,7
2024,10847609,3228406545,CV0008,6
2024,10847609,3228406545,CV0009,9
2024,10766414,3228406545,0828p,0
2024,10766414,3228406545,CV0008,9
2024,10856038,3228406545,0828p,0
2024,10856038,3228406545,0627,7
2024,10856038,3228406545,CV0008,7
2024,11073751,3228406545,0623,9
2024,11073751,3228406545,0627,1
2024,10593810,3228406545,0622,7
2024,10593810,3228406545,0623,9
2024,10593810,3228406545,0627,8
2024,11231507,3228406545,0828p,7
2024,11231507,3228406545,0828p,5
2024,11231507,3228406545,0179,0
2024,11231507,3228406545,0623,0
2024,11231507,3228406545,0627,3
2024,11231507,3228406545,CV0008,0
2024,12912678,3228406545,1709,8
2024,12912678,3228406545,0625,7
2024,10804606,3228406545,0179,7
2024,10804606,3228406545,0179,6
2024,10804606,3228406545,0625,7
2024,10804606,3228406545,0625,7
2024,10804606,3228406545,0627,7
2024,10707892,3228406545,0828p,9
2024,10707892,3228406545,0623,7
2024,10707892,3228406545,CV0008,7
2024,13470345,3228406545,0179,0
2024,13470345,3228406545,0625,6
2024,13470345,3228406545,CV0008,7
2024,13473425,3228406545,0828p,9
2024,13473425,3228406545,0627,8
2024,10711954,3228406545,1709,6
2024,10711954,3228406545,0179,3
2024,10711954,3228406545,0625,5
2024,10835673,3228406545,1709,2
2024,10835673,3228406545,0625,7
2024,10835673,3228406545,CV0009,8
2024,10734184,3228406545,0623,8
2024,13170472,3228406545,1709,4
2024,13170472,3228406545,0179,4
2024,13170472,3228406545,0623,0
2024,10766479,3228410748,0172,6
2024,10766479,3228410748,0174,7
2024,10843404,3228410748,0174,9
2024,11782717,3228410748,1709,8
2024,11782717,3228410748,0181p,8
2024,11782717,3228410748,0179,7
2024,11782717,3228410748,0171,7
2024,11782717,3228410748,0171,8
2024,11782717,3228410748,0174,5
2024,11782717,3228410748,0177,7
2024,10254373,3228410748,1709,7
2024,10254373,3228410748,0179,10
2024,10254373,3228410748,0173,7
2024,10254373,3228410748,0177,8
2024,13453640,3228410748,1709,10
2024,13453640,3228410748,0171,8
2024,10700069,3228410748,0172,0
2024,10700069,3228410748,0174,1
2024,10700069,3228410748,0174,0
2024,10392181,3228410748,0172,10
2024,10392181,3228410748,0173,6
2024,10688815,3228410748,0171,8
2024,10688815,3228410748,0173,7
2024,13455952,3228410748,0174,8
2024,13455952,3228410748,0174,7
2024,10664803,3228410748,0181p,0
2024,10664803,3228410748,0179,0
2024,10664803,3228410748,0173,0
2024,10664803,3228410748,0173,0
2024,10664803,3228410748,0174,0
2024,10664803,3228410748,0177,0
2024,12413993,3228410748,1709,0
2024,12413993,3228410748,0172,0
2024,13480000,3228410748,0171,8
2024,13480000,3228410748,0171,8
2024,13480000,3228410748,0172,9
2024,10509253,3228410748,0179,0
2024,13455821,3228410748,1709,6
2024,13455821,3228410748,0171,7
2024,13455821,3228410748,0172,6
2024,10664909,3228410748,0181p,7
2024,11567443,3228410748,0173,7
2024,11567443,3228410748,0174,7
2024,13456058,3228410748,0181p,1
2024,13456058,3228410748,0181p,0
2024,13456058,3228410748,0171,7
2024,13456058,3228410748,0172,0
2024,13456058,3228410748,0174,0
2024,10691269,3228410748,0174,0
2024,10691269,3228410748,0177,1
2024,10639978,3228410748,1709,9
2024,10639978,3228410748,0181p,10
2024,10639978,3228410748,0174,8
2024,10507411,3228410748,0181p,0
2024,10507411,3228410748,0179,0
2024,10507411,3228410748,0179,0
2024,10507411,3228410748,0171,0
2024,10507411,3228410748,0172,0
2024,10507411,3228410748,0173,0
2024,10507411,3228410748,0173,0
2024,10745573,3228410357,0179,9
2024,10585531,3228410357,0171,7
2024,10648032,3228410357,0383,4
2024,10648032,3228410357,0384,4
2024,10648032,3228410357,0173,6
2024,10698109,3228410357,0400p,8
2024,10698109,3228410357,0400p,9
2024,10698109,3228410357,0179,8
2024,10698109,3228410357,0179,8
2024,10698109,3228410357,0383,9
2024,10698109,3228410357,0173,7
2024,11627062,3228410357,0400p,8
2024,11627062,3228410357,0171,9
2024,11627062,3228410357,0384,7
2024,11627062,3228410357,0172,7
2024,11627062,3228410357,0172,8
2024,11627062,3228410357,0173,9
2024,11627062,3228410357,0173,8
2024,10675936,3228410357,0400p,8
2024,10675936,3228410357,0179,9
2024,10675936,3228410357,0383,7
2024,10675936,3228410357,0172,7
2024,10675936,3228410357,0173,6
2024,10729539,3228410357,0179,6
2024,10729539,3228410357,0179,6
2024,10729539,3228410357,0173,9
2024,10410077,3228410357,0400p,8
2024,10410077,3228410357,0384,7
2024,10530795,3228410357,0171,9
2024,10530795,3228410357,0172,8
2024,13455702,3228410357,0179,9
2024,13455702,3228410357,0173,9
2024,13456027,3228410357,0383,4
2024,13456027,3228410357,0383,4
2024,13456027,3228410357,0383,7
2024,13456027,3228410357,0173,5
2024,13251013,3228410357,0179,4
2024,13251013,3228410357,0384,8
2024,10835750,3228410357,0172,6
2024,10766449,3228410357,0179,8
2024,10766449,3228410357,0383,9
2024,10766449,3228410357,0383,8
2024,10766449,3228410357,0173,9
2024,10645102,3228410357,0179,9
2024,10645102,3228410357,0384,6
2024,10645102,3228410357,0172,4
2024,10820272,3228410357,0400p,8
2024,10820272,3228410357,0179,5
2024,10820272,3228410357,0171,4
2024,13487222,3228410357,0400p,8
2024,13487222,3228410357,0384,9
2024,13487222,3228410357,0173,9
2024,10687498,3228410892,0388p,9
2024,10687498,3228410892,0179,8
2024,10687498,3228410892,0171,9
2024,10742128,3228410892,0179,9
2024,13455012,3228410892,0388p,0
2024,13455012,3228410892,0383,4
2024,13455012,3228410892,0384,3
2024,10749811,3228410892,0388p,7
2024,13454999,3228410892,1709,0
2024,13454999,3228410892,0171,0
2024,13454999,3228410892,0172,4
2024,10678997,3228410892,0388p,0
2024,10678997,3228410892,0179,4
2024,10678997,3228410892,0171,0
2024,10678997,3228410892,0383,4
2024,10678997,3228410892,0172,3
2024,10320497,3228410892,0171,8
2024,10320497,3228410892,0172,8
2024,10808311,3228410892,0383,8
2024,13450196,3228410892,0388p,9
2024,13450196,3228410892,0383,10
2024,13450196,3228410892,0383,10
2024,10761594,3228410892,0388p,7
2024,10761594,3228410892,0388p,5
2024,10761594,3228410892,0179,7
2024,10736502,3228410892,1709,8
2024,10736502,3228410892,0171,7
2024,10736502,3228410892,0383,9
2024,11330085,3228410892,0388p,4
2024,11330085,3228410892,0388p,7
2024,10676318,3228410892,0179,10
2024,10676318,3228410892,0171,6
2024,10676318,3228410892,0173,6
2024,13472424,3228410892,0179,5
2024,13472424,3228410892,0179,6
2024,13475599,3228410892,0383,10
2024,13475662,3228410892,0173,9
2024,10514139,3228410892,0384,9
2024,10514139,3228410892,0384,8
2024,12912453,3228410892,0388p,8
2024,11036107,3228381273,1226,3
2024,11036107,3228381273,1229,0
2024,11036107,3228381273,0156,0
2024,11036107,3228381273,1226,0
2024,10793641,3228381273,1709,2
2024,10793641,3228381273,1709,3
2024,10793641,3228381273,1226,1
2024,10793641,3228381273,1233,5
2024,10931235,3228381273,1226,6
2024,10931235,3228381273,1231,4
2024,11003632,3228381273,0156,0
2024,11003632,3228381273,1231,0
2024,12607119,3228381273,0156,8
2024,12607119,3228381273,1226,7
2024,12607119,3228381273,1231,8
2024,13291541,3228381273,1709,7
2024,13291541,3228381273,0156,7
2024,13291541,3228381273,1226,9
2024,12744964,3228381273,0156,8
2024,12744964,3228381273,1232,6
2024,12744964,3228381273,1233,6
2024,10924853,3228381273,1226,6
2024,11798264,3228381273,1709,7
2024,10648909,3228381273,0156,6
2024,10648909,3228381273,1229,5
2024,10648909,3228381273,1231,5
2024,10648909,3228381273,1232,6
2024,10889537,3228381273,1229,5
2024,10889537,3228381273,1231,6
2024,10889537,3228381273,1232,6
2024,10912710,3228381273,0156,6
2024,10912710,3228381273,1232,6
2024,10787502,3228381273,1229,4
2024,10787502,3228381273,1229,5
2024,10787502,3228381273,1232,7
2024,10904203,3228381273,1231,8
2024,10904203,3228381273,1233,8
2024,11024352,3228381273,1232,7
2024,11024352,3228381273,1232,7
2024,10899896,3228381273,1231,7
2024,13099124,3228381273,1229,7
2024,11004108,3228381273,1709,8
2024,11004108,3228381273,1709,9
2024,11004108,3228381273,1231,8
2024,11004108,3228381273,1231,8
2024,11004108,3228381273,1233,8
2024,12465550,3228381273,1229,6
2024,10916721,3228381273,1231,4
2024,10912726,3228381273,1709,8
2024,10912726,3228381273,1226,4
2024,10805007,3228381273,1709,6
2024,10805007,3228381273,1229,5
2024,10805007,3228381273,1232,4
2024,11184512,3228381273,1709,7
2024,11184512,3228381273,1226,6
2024,11184512,3228381273,1231,5
2024,11184512,3228381273,1232,7
2024,10654915,3228381273,1229,0
2024,10654915,3228381273,1232,0
2024,11040995,3228381273,0156,10
2024,11040995,3228381273,0156,9
2024,11040995,3228381273,1226,4
2024,11040995,3228381273,1231,6
2024,11040995,3228381273,1232,4
2024,11040995,3228381273,1232,8
2024,10708167,3228390016,0222,4
2024,11002913,3228390016,0223,9
2024,11002913,3228390016,0221,10
2024,11002913,3228390016,0222,9
2024,11002913,3228390016,0156,9
2024,12563453,3228390016,0222,0
2024,10846382,3228390016,1709,5
2024,10846382,3228390016,0225,5
2024,10846382,3228390016,0222,0
2024,10846382,3228390016,0225,0
2024,10846382,3228390016,0156,6
2024,10903261,3228390016,1709,0
2024,10903261,3228390016,0225,8
2024,10903261,3228390016,0221,9
2024,10903261,3228390016,0221,9
2024,11002807,3228390016,1709,7
2024,11146537,3228390016,0223,8
2024,10897212,3228390016,1709,4
2024,10929469,3228390016,1709,0
2024,10812899,3228390016,0221,6
2024,10893131,3228390016,0223,6
2024,10893131,3228390016,0221,9
2024,10893131,3228390016,0156,6
2024,13452408,3228390016,0223,9
2024,13452408,3228390016,0223,8
2024,13452408,3228390016,0221,9
2024,10996376,3228390016,0223,4
2024,10996376,3228390016,0222,4
2024,10917865,3228390016,0225,4
2024,10917865,3228390016,0156,6
2024,11011197,3228390016,1709,8
2024,11011197,3228390016,0225,8
2024,11011197,3228390016,0222,10
2024,12270997,3228390016,1709,0
2024,12270997,3228390016,0225,0
2024,12270997,3228390016,0222,0
2024,12270997,3228390016,0222,0
2024,11622314,3228390016,1709,4
2024,11622314,3228390016,0222,6
2024,10762391,3228390016,0225,4
2024,10762391,3228390016,0156,5
2024,13458016,3228390016,1709,0
2024,13458016,3228390016,0225,0
2024,13458016,3228390016,0156,0
2024,13458016,3228390016,0156,0
2024,10776723,3228390016,0225,2
2024,13114371,3228390016,1709,8
2024,12736641,3228390016,0222,3
2024,13459021,3228390016,0223,0
2024,13459021,3228390016,0222,0
2024,13459021,3228390016,0222,0
2024,13459021,3228390016,0222,0
2024,12647763,3228390016,1709,0
2024,12647763,3228390016,1709,0
2024,12647763,3228390016,1709,0
2024,12647763,3228390016,0156,0
2024,10353865,3228390016,0223,7
2024,11763179,3228390016,0225,0
2024,11763179,3228390016,0223,8
2024,11763179,3228390016,0223,2
2024,11763179,3228390016,0156,4
2024,13238582,3228390016,1709,0
2024,13238582,3228390016,0223,0
2024,13238582,3228390016,0222,0
2024,11479705,3228390016,1709,7
2024,11479705,3228390016,0225,7
2024,13316624,3228390016,0223,6
2024,11312205,3228390016,0223,4
2024,10070165,3228390016,1709,7
2024,10517185,3228390016,0225,3
2024,13458659,3228390016,0221,0
2024,12510101,3228390016,1709,0
2024,12875318,3228390016,1709,7
2024,12875318,3228390016,0221,9
2024,13366127,3228390016,0223,9
2024,10473027,3228390016,1709,0
2024,10473027,3228390016,0225,0
2024,10473027,3228390016,0223,0
2024,10473027,3228390016,0221,0
2024,10473027,3228390016,0222,0
2024,10473027,3228390016,0222,0
2024,10675115,3228390016,0221,0
2024,12739645,3228390016,0223,10
2024,10459081,3228390016,1709,0
2024,10459081,3228390016,0223,0
2024,10459081,3228390016,0156,0
2024,12736802,3228390016,1709,0
2024,12736802,3228390016,0223,0
2024,12736802,3228390016,0221,0
2024,12736802,3228390016,0156,0
2024,10803714,3228390016,0156,7
2024,12576881,3228390016,0221,0
2024,12576881,3228390016,0156,0
2024,11323147,3228390016,0221,0
2024,11847570,3228390016,0223,0
2024,11847570,3228390016,0223,0
2024,10762386,3162077488,1227,7
2024,10762386,3162077488,1228,8
2024,10762386,3162077488,1230,5
2024,13112701,3162077488,1234,8
2024,10776722,3162077488,CV0002,3
2024,10776722,3162077488,1227,0
2024,10776722,3162077488,1228,0
2024,10776722,3162077488,1230,0
2024,10776722,3162077488,1235,1
2024,10776722,3162077488,1235,2
2024,10932819,3162077488,1228,8
2024,10789649,3162077488,CV0002,6
2024,10789649,3162077488,CV0002,7
2024,10789649,3162077488,1227,8
2024,10789649,3162077488,1228,9
2024,10789649,3162077488,1237,0
2024,11667242,3162077488,1228,9
2024,11667242,3162077488,1235,7
2024,11744036,3162077488,CV0002,9
2024,10791133,3162077488,1227,8
2024,10791133,3162077488,1228,7
2024,12907793,3162077488,1228,6
2024,12907793,3162077488,1228,8
2024,12907793,3162077488,1230,8
2024,10909605,3162077488,1234,8
2024,10761942,3162077488,1227,8
2024,10761942,3162077488,1230,8
2024,10889204,3162077488,1237,0
2024,10805487,3162077488,1235,5
2024,10852104,3162077488,1230,6
2024,10852104,3162077488,1230,6
2024,10852104,3162077488,1235,5
2024,10887844,3162077488,CV0002,8
2024,10887844,3162077488,1227,4
2024,10887844,3162077488,1227,7
2024,10887844,3162077488,1234,6
2024,10802935,3162077488,CV0002,6
2024,10770893,3162077488,1235,4
2024,10895114,3162077488,CV0002,4
2024,10895114,3162077488,1230,7
2024,10895114,3162077488,1235,8
2024,10895114,3162077488,1237,0
2024,11336367,3162077488,1228,8
2024,10920099,3162077488,1227,10
2024,12932662,3162077488,1227,9
2024,12932662,3162077488,1228,10
2024,12932662,3162077488,1237,0
2024,10851064,3162077488,1234,4
2024,10851064,3162077488,1234,5
2024,10718886,3162077600,CV0004,5
2024,10718886,3162077600,1109,7
2024,10690358,3162077600,CV0004,5
2024,10690358,3162077600,1013,0
2024,10718081,3162077600,1110,8
2024,10826692,3162077600,1009,7
2024,10826692,3162077600,1109,9
2024,10826692,3162077600,1012,7
2024,10718081,3162077600,1013,0
2024,10826692,3162077600,1013,0
2024,10584902,3162077600,CV0004,5
2024,10584902,3162077600,1007,8
2024,10584902,3162077600,1008,7
2024,10584902,3162077600,1011,8
2024,10852071,3162077600,1007,8
2024,10852071,3162077600,1109,9
2024,10852071,3162077600,1012,9
2024,10707845,3162077600,CV0004,5
2024,10707845,3162077600,1008,8
2024,10375121,3162077600,1009,6
2024,10689153,3162077600,1008,5
2024,10689153,3162077600,1011,8
2024,10689153,3162077600,1109,7
2024,10689153,3162077600,1110,7
2024,10795882,3162077600,1008,8
2024,10795882,3162077600,1109,8
2024,10833265,3162077600,1012,10
2024,10270640,3162077600,CV0004,0
2024,10270640,3162077600,1008,0
2024,10270640,3162077600,1009,0
2024,10270640,3162077600,1009,0
2024,10270640,3162077600,1011,0
2024,10270640,3162077600,1109,0
2024,10270640,3162077600,1109,0
2024,12719809,3162077600,CV0004,8
2024,12719809,3162077600,CV0004,10
2024,12719809,3162077600,1013,0
2024,10737190,3162077600,CV0004,7
2024,10737190,3162077600,1007,9
2024,10737190,3162077600,1009,8
2024,10737190,3162077600,1109,9
2024,10426520,3162077600,1007,9
2024,10426520,3162077600,1109,8
2024,10432949,3162077600,1109,9
2024,10820754,3162077600,CV0004,10
2024,10466022,3162077600,1009,5
2024,10466022,3162077600,1110,7
2024,10279046,3162077600,1008,5
2024,10279046,3162077600,1008,5
2024,10279046,3162077600,1109,7
2024,10279046,3162077600,1013,0
2024,10664778,3162077600,CV0004,4
2024,13282254,3162077600,1009,4
2024,10698475,3162077600,CV0004,6
2024,10698475,3162077600,1109,7
2024,10636290,3162077600,1008,4
2024,10792793,3162077600,1011,8
2024,10532574,3162077600,1008,0
2024,13040510,3162077600,1008,7
2024,13040510,3162077600,1009,9
2024,13040510,3162077600,1110,0
2024,11318428,3162077600,1109,9
2024,13243061,3162077600,1009,8
2024,10282698,3162077600,1012,9
2024,10282698,3162077600,1013,0
2024,10690015,3162077600,1008,7
2024,10690015,3162077600,1009,6
2024,10690015,3162077600,1011,8
2024,10378770,3162077600,1009,0
2024,10378770,3162077600,1009,0
2024,10378770,3162077600,1110,0
2024,13249466,3162077600,1008,10
2024,13249466,3162077600,1109,8
2024,12424432,3162077600,1009,9
2024,12424432,3162077600,1009,9
2024,10375621,3162077600,1007,10
2024,10375621,3162077600,1109,8
2024,10375621,3162077600,1013,0
2024,11502177,3162077600,1009,9
2024,11502177,3162077600,1011,9
2024,10809481,3162077600,1009,7
2024,12630557,3162077600,1009,0
2024,12735439,3162077600,1109,9
2024,12735439,3162077600,1013,0
2024,10816484,3162077600,1007,7
2024,10816484,3162077600,1009,7
2024,10816484,3162077600,1011,7
2024,12300236,3162077600,1009,5
2024,12300236,3162077600,1109,6
2024,12300236,3162077600,1013,0
2024,10434495,3162077600,1008,0
2024,10434495,3162077600,1110,0
2024,10318774,3162077600,1009,7
2024,10318774,3162077600,1109,7
2024,10803572,3162077600,1013,0
2024,10736212,3162077600,CV0004,8
2024,10736212,3162077600,1007,1
2024,10278035,3162077600,1011,7
2024,10278035,3162077600,1109,9
2024,10278035,3162077600,1110,8
2024,10786442,3162077600,1013,0
2024,10354121,3162077600,CV0004,0
2024,10354121,3162077600,1008,5
2024,10691616,3162077600,CV0004,8
2024,10691616,3162077600,1008,8
2024,10691616,3162077600,1109,7
2024,10296770,3162077600,1110,7
2024,10017290,3162077600,1009,9
2024,10318925,3162077600,1008,7
2024,10318925,3162077600,1011,6
2024,10318925,3162077600,1109,0
2024,11074029,3162077551,0825,8
2024,11074029,3162077551,CV0010,8
2024,10804683,3162077551,CV0004,8
2024,10804683,3162077551,0823,8
2024,10804683,3162077551,0822,9
2024,10397145,3162077551,0826,9
2024,10752122,3162077551,0823,9
2024,10752122,3162077551,0827,8
2024,10752122,3162077551,0827,8
2024,10804683,3162077551,0828,9
2024,11074029,3162077551,0828,5
2024,13288467,3162077551,0822,9
2024,10713535,3162077551,0822,6
2024,10700138,3162077551,0824,7
2024,10700138,3162077551,CV0010,5
2024,10323951,3162077551,CV0004,8
2024,10323951,3162077551,0825,9
2024,10323951,3162077551,0822,8
2024,10323951,3162077551,0826,7
2024,10729579,3162077551,CV0004,10
2024,10729579,3162077551,0827,8
2024,10729579,3162077551,CV0010,9
2024,10770133,3162077551,0825,5
2024,10706042,3162077551,CV0004,8
2024,10706042,3162077551,0823,8
2024,10706042,3162077551,0827,7
2024,13288446,3162077551,CV0004,8
2024,13288446,3162077551,0823,8
2024,13288446,3162077551,0830,0
2024,13288446,3162077551,0826,7
2024,10819055,3162077551,0825,7
2024,10819055,3162077551,0827,7
2024,10819055,3162077551,0824,7
2024,10819055,3162077551,CV0010,8
2024,13293379,3162077551,0823,6
2024,13293379,3162077551,0826,6
2024,10809450,3162077551,0822,7
2024,10809450,3162077551,0830,0
2024,10758378,3162078584,243266,8
2024,10758378,3162078584,243266,9
2024,10758378,3162078584,243264,10
2024,10758378,3162078584,243264,8
2024,10699142,3162078584,243265,8
2024,10699142,3162078584,243266,8
2024,13446594,3162078584,243267,8
2024,13448029,3162078584,243265,9
2024,13448029,3162078584,243266,10
2024,11066151,3162078584,243266,9
2024,11066151,3162078584,243264,7
2024,10791102,3162078584,243265,9
2024,10791102,3162078584,243267,8
2024,10791102,3162078584,243266,8
2024,11285049,3162078584,243267,10
2024,11285049,3162078584,243267,10
2024,11285049,3162078584,243267,10
2024,10347923,3162078584,243265,10
2024,10347923,3162078584,243264,9
2024,10675598,3162078584,243264,6
2024,10783224,3162078584,243267,10
2024,10783224,3162078584,243264,8
2024,13035877,3162078584,243266,8
2024,10699108,3162078584,243265,9
2024,13467527,3162078584,243265,8
2024,10287348,3162078584,243267,9
2024,10287348,3162078584,243266,8
2024,10287348,3162078584,243264,9
2024,13475004,3162078584,243265,9
2024,13475004,3162078584,243267,10
2024,11316049,3162078584,243265,9
2024,11316049,3162078584,243267,10
2024,11316049,3162078584,243267,9
2024,11316049,3162078584,243266,9
2024,13250043,3162078584,243265,0
2024,13250043,3162078584,243267,0
2024,10869145,3162078584,243266,8
2024,10814418,3162078584,243265,6
2024,10814418,3162078584,243266,4
2024,10814418,3162078584,243264,5
2024,10862205,3162078584,243265,9
2024,10862205,3162078584,243266,8
2024,10862205,3162078584,243264,9
2024,11564293,3162078584,243267,9
2024,11564293,3162078584,243266,7
2024,10745557,3162078584,243265,8
2024,10745557,3162078584,243267,5
2024,10745557,3162078584,243264,6
2024,10515204,3162078591,243604,5
2024,10515204,3162078591,243271,6
2024,11251858,3162078591,243604,7
2024,11251858,3162078591,243604,9
2024,11251858,3162078591,243271,10
2024,11251858,3162078591,243270,9
2024,10697595,3162078591,243601,0
2024,10697595,3162078591,243604,9
2024,10697595,3162078591,243271,8
2024,10697595,3162078591,243270,9
2024,10709718,3162078591,243604,5
2024,10689702,3162078591,243602,9
2024,10772056,3162078591,243270,4
2024,10714036,3162078591,243602,9
2024,10714036,3162078591,243604,9
2024,10499298,3162078591,243602,9
2024,10723900,3162078591,243602,9
2024,10723900,3162078591,243604,6
2024,10510771,3162078591,243604,4
2024,10510771,3162078591,243270,9
2024,10610021,3162078591,243270,9
2024,10697594,3162078591,243604,7
2024,10697594,3162078591,243271,8
2024,10697594,3162078591,243271,9
2024,10242875,3162078591,243270,9
2024,10242875,3162078591,243270,9
2024,10697823,3162078591,243602,8
2024,10697823,3162078591,243604,6
2024,10862844,3162078591,243604,8
2024,10697613,3162078591,243271,10
2024,10697613,3162078591,243270,9
2024,10352409,3162078591,243270,8
2024,10352409,3162078591,243270,9
2024,12637322,3162076035,0181,5
2024,13263308,3162076035,0176,5
2024,11568873,3162076035,0181,7
2024,11568873,3162076035,0175,8
2024,10742422,3162076035,0178,7
2024,10742422,3162076035,0178,8
2024,10487908,3162076035,0180,9
2024,10487908,3162076035,0181,4
2024,13245158,3162076035,0180,9
2024,13245158,3162076035,0176,6
2024,10610451,3162076035,0180,9
2024,10814531,3162076035,CV0004,10
2024,10814531,3162076035,0178,7
2024,10814531,3162076035,0175,9
2024,10838901,3162076035,0180,6
2024,10838901,3162076035,0184,0
2024,10838901,3162076035,0175,5
2024,10581335,3162076035,0181,10
2024,10713910,3162076035,0178,6
2024,10706770,3162076035,0180,8
2024,10706770,3162076035,0176,6
2024,10849475,3162076035,CV0004,9
2024,10849475,3162076035,0178,7
2024,10468091,3162076035,0176,7
2024,10267575,3162076035,0181,0
2024,10267575,3162076035,0178,0
2024,10420918,3162076035,0184,0
2024,10420918,3162076035,0178,8
2024,11264068,3162076035,0180,6
2024,12452324,3162076035,0175,0
2024,11921786,3162076035,0181,8
2024,11921786,3162076035,0184,0
2024,11921786,3162076035,0183,7
2024,13249462,3162076035,0175,9
2024,12730900,3162076035,0181,0
2024,10301350,3162076035,0175,8
2024,10264508,3162076035,CV0004,0
2024,10411178,3162076098,CV0004,9
2024,10411178,3162076098,0398,9
2024,10513851,3162076098,CV0004,6
2024,10837553,3162076098,0397,9
2024,10305439,3162076098,0398,9
2024,10699672,3162076098,CV0004,6
2024,10699672,3162076098,0180,4
2024,10699672,3162076098,0180,5
2024,10699672,3162076098,0403,0
2024,10677163,3162076098,0397,8
2024,10707825,3162076098,0180,2
2024,10707825,3162076098,0402,2
2024,10803272,3162076098,0398,9
2024,12468964,3162076098,0402,6
2024,12468964,3162076098,0397,4
2024,10700883,3162076098,CV0004,8
2024,10700883,3162076098,0399,9
2024,10778000,3162076098,CV0004,9
2024,10778000,3162076098,0402,8
2024,10778000,3162076098,0399,9
2024,13127380,3162076098,CV0004,1
2024,10506040,3162076119,0388,6
2024,10664986,3162076119,CV0004,7
2024,10664986,3162076119,0387,6
2024,11632133,3162076119,0387,8
2024,10690446,3162076119,CV0004,7
2024,10690446,3162076119,0385,8
2024,10696634,3162076119,CV0004,9
2024,10696634,3162076119,0387,9
2024,10742990,3162076119,0180,8
2024,10742990,3162076119,0385,9
2024,10365373,3162076119,0388,0
2024,10486936,3162076119,CV0004,9
2024,10486936,3162076119,0180,4
2024,10486936,3162076119,0180,7
2024,10486936,3162076119,0387,8
2024,10610383,3162076119,CV0004,6
2024,10887591,3162079713,0446,8
2024,10887591,3162079713,0442,8
2024,10887591,3162079713,0442,8
2024,10926432,3162079713,0446,9
2024,10926432,3162079713,0446,8
2024,10926432,3162079713,0442,9
2024,10737176,3162079713,CV0002,9
2024,10916753,3162079713,0448,4
2024,10888026,3162079713,0443,5
2024,10888026,3162079713,0443,5
2024,11802825,3162079713,0443,5
2024,11802825,3162079713,0442,7
2024,10899530,3162079713,0446,6
2024,10899530,3162079713,0443,5
2024,10899530,3162079713,0442,6
2024,10925424,3162079713,0443,7
2024,12890835,3162079713,0451,0
2024,10707891,3162079713,0443,3
2024,10707891,3162079713,0448,4
2024,11594116,3162079713,0446,7
2024,10698482,3162079713,0443,5
2024,10924358,3162079713,0442,6
2024,12788547,3162079713,0443,7
2024,12788547,3162079713,0448,4
2024,10793477,3162079713,CV0002,7
2024,10793477,3162079713,CV0002,6
2024,10793477,3162079713,0446,8
2024,13116617,3162079713,CV0002,5
2024,13116617,3162079713,0446,8
2024,13116617,3162079713,0451,0
2024,13457085,3162079713,CV0002,7
2024,10431853,3162079713,0442,9
2024,13101838,3162079713,0443,5
2024,10308441,3162079713,CV0002,0
2024,10308441,3162079713,CV0002,0
2024,10308441,3162079713,0448,0
2024,10308441,3162079713,0448,0
2024,11738860,3162079713,CV0002,0
2024,11738860,3162079713,0448,0
2024,12731696,3162079713,0446,9
2024,10442321,3162079713,0442,0
2024,10442321,3162079713,0442,0
2024,11235555,3162079713,0443,0
2024,11780432,3162079713,0443,7
2024,11780432,3162079713,0448,4
2024,12380827,3162079713,0446,0
2024,12380827,3162079713,0442,6
2024,13249406,3162079713,CV0002,6
2024,13249406,3162079713,0443,0
2024,10940185,3162079713,0448,6
2024,12736231,3162079713,0443,10
2024,12736231,3162079713,0443,9
2024,12736231,3162079713,0448,8
2024,11240615,3162079713,0446,0
2024,13041457,3162079713,0442,7
2024,12116573,3162079713,0442,9
2024,10991644,3162079713,0443,7
2024,10991644,3162079713,0442,3
2024,13459444,3162079713,CV0002,0
2024,11502410,3162079713,0443,7
2024,11502410,3162079713,0451,0
2024,11402624,3162079713,0446,8
2024,11402624,3162079713,0443,7
2024,12839405,3162079713,0448,0
2024,11349452,3162079713,0446,8
2024,13263684,3162079713,CV0002,8
2024,13263684,3162079713,0446,10
2024,12853739,3162079713,0443,6
2024,11479322,3162079713,0443,0
2024,10963934,3162079790,0657,5
2024,10410551,3162079790,0656,8
2024,10283468,3162079790,0652,5
2024,10852355,3162079790,0652,4
2024,13282224,3162079790,0655,8
2024,10835661,3162079790,0655,8
2024,12840433,3162079790,CV0004,6
2024,12840433,3162079790,0657,8
2024,12840433,3162079790,0660,0
2024,11837806,3162079790,CV0004,8
2024,11837806,3162079790,0653,5
2024,11837806,3162079790,0660,0
2024,10657739,3162079790,0656,8
2024,10657739,3162079790,0654,9
2024,10679661,3162079790,0656,8
2024,10679661,3162079790,0660,0
2024,10437711,3162079790,0656,7
2024,10509826,3162079790,0652,7
2024,11262097,3162079790,0657,0
2024,11262097,3162079790,0652,7
2024,11262097,3162079790,0654,7
2024,10500611,3162079790,0652,7
2024,10500611,3162079790,0654,6
2024,10500611,3162079790,0654,6
2024,10679690,3162079790,0655,8
2024,10679690,3162079790,0652,7
2024,10679690,3162079790,0656,5
2024,10679690,3162079790,0656,8
2024,13038791,3162079790,0656,9
2024,10743003,3162079790,CV0004,8
2024,10743003,3162079790,0655,8
2024,10743003,3162079790,0656,5
2024,13235855,3162079790,0652,7
2024,13235855,3162079790,0656,8
2024,13235855,3162079790,0654,9
2024,10652411,3162079790,0656,4
2024,10652411,3162079790,0660,0
2024,10515573,3162079790,CV0004,6
2024,11825237,3162079790,0652,5
2024,11825237,3162079790,0653,6
2024,11825237,3162079790,0654,4
2024,10862522,3162079790,0654,7
2024,10862522,3162079790,0654,6
2024,10792061,3162079790,0660,0
2024,10711877,3162079790,0657,7
2024,10829023,3162079790,CV0004,7
2024,10829023,3162079790,0656,6
2024,10707732,3162079790,0656,6
2024,13245586,3162079790,0657,9
2024,13245586,3162079790,0652,9
2024,13245586,3162079790,0653,9
2024,11144559,3162079790,0653,9
2024,13246215,3162079790,0657,5
2024,13246215,3162079790,0653,6
2024,10689191,3162079790,0652,8
2024,11409670,3162079790,0654,0
2024,13320897,3162079790,0652,3
2024,11158088,3162079790,0654,1
2024,11158088,3162079790,0654,0
2024,12491074,3162079790,CV0004,5
2024,12731205,3162079790,0653,0
2024,12568905,3162079790,0655,0
2024,10816926,3162079790,CV0004,8
2024,10816926,3162079790,0656,9
2024,13248595,3162079790,0656,9
2024,13248595,3162079790,0660,0
2024,11741280,3162079790,0657,10
2024,12735122,3162079790,CV0004,4
2024,13298754,3162079790,0655,0
2024,13298754,3162079790,0652,0
2024,13298754,3162079790,0653,0
2024,13298754,3162079790,0656,0
2024,10283680,3162079790,0653,0
2024,12731503,3162079790,0655,0
2024,12731503,3162079790,0656,0
2024,12731503,3162079790,0654,0
2024,12567860,3162079790,0653,8
2024,12567860,3162079790,0654,6
2024,10279159,3162079790,CV0004,4
2024,10279159,3162079790,0656,0
2024,12685301,3162079790,CV0004,0
2024,12685301,3162079790,0655,0
2024,12685301,3162079790,0652,0
2024,12685301,3162079790,0656,0
2024,11246656,3162079790,0655,8
2024,13038681,3162079790,CV0004,6
2024,13038681,3162079790,0656,9
2024,13038681,3162079790,0656,8
2024,13038681,3162079790,0654,6
2024,10416763,3162079790,0653,0
2024,10416763,3162079790,0656,0
2024,10412777,3162079790,0654,3
2024,10412777,3162079790,0654,5
2024,11321557,3162079790,0657,6
2024,11321557,3162079790,0654,6
2024,10451024,3162079790,CV0004,8
2024,10451024,3162079790,0652,4
2024,10451024,3162079790,0654,0
2024,11170823,3162079790,0652,0
2024,10349643,3162079790,0653,0
2024,10349643,3162079790,0653,1
2024,13038756,3162079790,0653,6
2024,13038756,3162079790,0654,6
2024,13248215,3162079790,0652,3
2024,11486847,3162079790,0655,4
2024,13038797,3162079790,0655,0
2024,10323618,3162079790,CV0004,7
2024,10323618,3162079790,0653,3
2024,10327143,3162079790,0655,0
2024,10327143,3162079790,0653,0
2024,10327143,3162079790,0654,0
2024,11312274,3162079790,0654,3
2024,10083896,3162079790,0655,0
2024,11263266,3162079860,5024,9
2024,11263266,3162079860,5024,8
2024,11263266,3162079860,5025,2
2024,11263266,3162079860,5026,9
2024,10809218,3162079860,5022,7
2024,10809218,3162079860,5022,7
2024,10415513,3162079860,5021,9
2024,10415513,3162079860,5022,10
2024,10415513,3162079860,5024,10
2024,10415513,3162079860,5026,8
2024,12724396,3162079860,5024,9
2024,10380889,3162079860,5021,9
2024,10740579,3162079860,5023,9
2024,10740579,3162079860,5024,8
2024,10740579,3162079860,5025,8
2024,10740579,3162079860,5025,7
2024,10652552,3162079860,5022,10
2024,10810094,3162079860,5023,7
2024,10355633,3162079860,5025,8
2024,10355633,3162079860,5026,8
2024,11482158,3162079860,5021,8
2024,10808794,3162079860,5023,9
2024,10808794,3162079860,5026,9
2024,10678728,3162079860,5022,2
2024,10678728,3162079860,5026,9
2024,10799062,3162079874,5072,7
2024,10799062,3162079874,5073,8
2024,10799062,3162079874,5075,6
2024,10736698,3162079874,5073,8
2024,10328167,3162079874,5075,0
2024,10841155,3162079874,5073,0
2024,10018367,3162079874,5074,7
2024,10832732,3162079874,5071,8
2024,10832732,3162079874,5072,9
2024,10294470,3162079874,5071,0
2024,10294470,3162079874,5072,0
2024,10294470,3162079874,5074,0
2024,10294470,3162079874,5075,0
2024,10481669,3162079874,5073,9
2024,10747327,3162079874,5074,8
2024,10304881,3162079874,5071,0
2024,10304881,3162079874,5072,0
2024,10304881,3162079874,5073,0
2024,10726154,3162079874,5075,7
2024,10516191,3162079874,5072,9
2024,10837507,3162079874,5073,0
2024,10405270,3162079874,5071,0
2024,10405270,3162079874,5075,0
2024,10405270,3162079874,5075,0
2024,10403933,3162079874,5072,0
2024,10403933,3162079874,5073,0
2024,10403933,3162079874,5075,0
2024,12923163,3162079874,5072,8
2024,12923163,3162079874,5074,10
2024,12923163,3162079874,5074,10
2024,10837451,3162080071,0382,0
2024,10837451,3162080071,0374,8
2024,11635385,3162080071,0381,8
2024,10707778,3162080071,0376,0
2024,10707778,3162080071,0376,0
2024,10855729,3162080071,0378,9
2024,11635385,3162080071,0379,9
2024,10267085,3162080071,0379,10
2024,10267085,3162080071,0378,5
2024,10267085,3162080071,0374,8
2024,10707901,3162080071,0378,7
2024,10679688,3162080071,CV0004,7
2024,10707654,3162080071,CV0004,4
2024,10707654,3162080071,0379,7
2024,10707654,3162080071,0378,3
2024,10707654,3162080071,0374,6
2024,10676228,3162080071,0374,6
2024,10676228,3162080071,0374,7
2024,10864476,3162080071,CV0004,6
2024,10864476,3162080071,0377,6
2024,10864476,3162080071,0374,7
2024,10832097,3162080071,0379,3
2024,10832097,3162080071,0378,5
2024,10332972,3162080071,0379,10
2024,10332972,3162080071,0377,8
2024,12722174,3162080071,0382,0
2024,13257199,3162080071,0376,9
2024,10634348,3162080071,0376,8
2024,10963354,3162080071,CV0004,4
2024,10963354,3162080071,0378,10
2024,10963354,3162080071,0374,9
2024,10748092,3162080071,0375,0
2024,10748092,3162080071,0374,8
2024,10691654,3162080071,0374,8
2024,10687382,3162080071,0375,2
2024,10500950,3162080071,0378,6
2024,10500950,3162080071,0378,0
2024,13248857,3162079993,0494,0
2024,13248857,3162079993,0491,5
2024,13248857,3162079993,0490,1
2024,13248857,3162079993,0489,0
2024,13248857,3162079993,0488,9
2024,10679671,3162079993,0491,2
2024,10679671,3162079993,0489,0
2024,10679671,3162079993,0489,0
2024,12636620,3162079993,0491,1
2024,12636620,3162079993,0489,0
2024,10364384,3162079993,0491,7
2024,10364384,3162079993,0491,9
2024,10525745,3162079993,0489,8
2024,10437714,3162079993,CV0004,0
2024,10365185,3162079993,0494,8
2024,10365185,3162079993,0491,7
2024,10332148,3162079993,0494,0
2024,10332148,3162079993,0491,0
2024,10332148,3162079993,0486,0
2024,11400429,3162079993,0486,7
2024,10640914,3162079993,0488,7
2024,10905913,3162079993,0490,0
2024,10905913,3162079993,0489,0
2024,10905913,3162079993,0486,0
2024,13245900,3162079993,CV0004,0
2024,13038149,3162079993,0489,7
2024,12735228,3162079993,0488,4
2024,10512597,3162079993,0488,6
2024,10307929,3162079993,0490,6
2024,10307929,3162079993,0489,8
2024,11904882,3162079993,0490,1
2024,12636390,3162079993,0486,0
2024,10635824,3162079993,0488,6
2024,10711791,3162079957,0616,0
2024,10711791,3162079957,0613,0
2024,10711791,3162079957,0612,4
2024,10711791,3162079957,0612,0
2024,10666129,3162079957,CV0004,8
2024,10666129,3162079957,CV0004,8
2024,10666129,3162079957,0618,7
2024,10945672,3162079957,0615,6
2024,10945672,3162079957,0612,8
2024,10837069,3162079957,0619,0
2024,10837069,3162079957,0613,10
2024,10736098,3162079957,0614,9
2024,10254986,3162079957,0614,10
2024,10679677,3162079957,CV0004,9
2024,10679677,3162079957,0618,8
2024,10679677,3162079957,0614,4
2024,10679677,3162079957,0612,2
2024,10679677,3162079957,0612,7
2024,10201417,3162079957,0619,0
2024,10201417,3162079957,0616,10
2024,10730670,3162079957,CV0004,10
2024,10730670,3162079957,CV0004,10
2024,10730670,3162079957,0618,9
2024,10820972,3162079957,0615,10
2024,10820972,3162079957,0613,10
2024,12736124,3162079957,0615,7
2024,12736124,3162079957,0612,5
2024,10663063,3162079957,CV0004,9
2024,10663063,3162079957,0618,10
2024,10663063,3162079957,0613,9
2024,13294635,3162079957,0615,10
2024,13294635,3162079957,0614,9
2024,13294635,3162079957,0613,10
2024,11736342,3162079957,0615,10
2024,10689194,3162079957,0619,0
2024,10817332,3162079957,CV0004,6
2024,10817332,3162079957,0614,9
2024,10657057,3162079957,0615,4
2024,10910799,3162079936,0226,8
2024,10906556,3162079936,CV0002,6
2024,10906556,3162079936,0224,1
2024,10912321,3162079936,0228,10
2024,10819052,3162079936,CV0002,9
2024,10819052,3162079936,0226,8
2024,10819052,3162079936,0224,8
2024,10904569,3162079936,CV0002,10
2024,10904569,3162079936,0228,9
2024,10904569,3162079936,0226,6
2024,10904569,3162079936,0224,5
2024,13031606,3162079936,0224,4
2024,13031606,3162079936,0224,5
2024,10911129,3162079936,0230,8
2024,13261957,3162079936,0230,8
2024,10911373,3162079936,0224,8
2024,10663109,3162079936,CV0002,0
2024,10663109,3162079936,CV0002,0
2024,10789656,3162079936,0226,8
2024,10789656,3162079936,0224,6
2024,10909591,3162079936,0224,9
2024,10390554,3162079936,0226,7
2024,10390554,3162079936,0227,7
2024,10017433,3162079936,0230,9
2024,10017433,3162079936,0228,8
2024,10017433,3162079936,0224,10
2024,10017433,3162079936,0231,0
2024,12505624,3162079936,0230,8
2024,12505624,3162079936,0227,4
2024,12505624,3162079936,0227,9
2024,13086978,3162079936,0226,8
2024,13086978,3162079936,0227,4
2024,10283255,3162079936,CV0002,4
2024,10283255,3162079936,CV0002,7
2024,10283255,3162079936,0230,7
2024,10283255,3162079936,0224,7
2024,11420126,3162079936,0226,0
2024,10679666,3162079936,0227,0
2024,11825745,3162079936,0228,0
2024,12636621,3162079936,0228,9
2024,12636621,3162079936,0224,9
2024,12636621,3162079936,0227,7
2024,12603629,3162079936,0224,0
2024,13250561,3162079936,0230,0
2024,10416745,3162079936,0226,0
2024,10978459,3162079936,0224,0
2024,10793625,3162075411,028504,9
2024,10260898,3162075411,028502,8
2024,10260898,3162075411,028502,8
2024,10260898,3162075411,028501,9
2024,12921679,3162075411,028100,9
2024,11572769,3162075411,028505,0
2024,10767533,3162075411,028502,8
2024,10767533,3162075411,028503,9
2024,10471049,3162075411,028502,10
2024,10471049,3162075411,028100,10
2024,10464351,3162075411,028502,8
2024,10464351,3162075411,028504,9
2024,10464351,3162075411,028001,8
2024,10892583,3162075411,028504,2
2024,10892583,3162075411,028505,4
2024,10892583,3162075411,028100,6
2024,10931651,3162075411,028502,8
2024,10931651,3162075411,028504,9
2024,10931651,3162075411,028504,9
2024,10931651,3162075411,028503,7
2024,10931651,3162075411,028501,4
2024,10783770,3162075411,028504,3
2024,10783770,3162075411,028505,7
2024,10783770,3162075411,028001,7
2024,10783770,3162075411,028503,8
2024,10783770,3162075411,028501,2
2024,11006716,3162075411,028504,5
2024,11006716,3162075411,028504,5
2024,11006716,3162075411,028501,5
2024,10333832,3162075411,028502,7
2024,10333832,3162075411,028502,7
2024,10901871,3162075411,028504,7
2024,10901871,3162075411,028501,4
2024,11001548,3162075411,028501,8
2024,10409975,3162075411,028505,0
2024,10409975,3162075411,028503,0
2024,10409975,3162075411,028503,0
2024,10409975,3162075411,028501,0
2024,13451031,3162075411,028504,7
2024,13451031,3162075411,028505,7
2024,13451031,3162075411,028505,7
2024,13451031,3162075411,028100,7
2024,10428502,3162075411,028505,7
2024,10428502,3162075411,028503,9
2024,10428502,3162075411,028501,7
2024,10428502,3162075411,028100,7
2024,10428502,3162075411,028100,8
2024,12869703,3162075411,028501,4
2024,11176344,3162075411,028100,7
2024,10824027,3162075411,028100,7
2024,11025178,3162075411,028504,5
2024,11025178,3162075411,028505,4
2024,11025178,3162075411,028001,8
2024,11025178,3162075411,028501,4
2024,10906346,3162075411,028503,8
2024,10927446,3162075411,028505,9
2024,10927446,3162075411,028501,7
2024,12941115,3162075411,028503,8
2024,12941115,3162075411,028503,7
2024,12941115,3162075411,028100,9
2024,13246042,3162075411,028502,10
2024,13246042,3162075411,028502,10
2024,13246042,3162075411,028501,10
2024,13156002,3162075411,028505,0
2024,13156002,3162075411,028001,0
2024,13156002,3162075411,028503,7
2024,13156002,3162075411,028100,9
2024,10805472,3162075411,028001,5
2024,10805472,3162075411,028503,3
2024,10805472,3162075411,028503,4
2024,10926900,3162075411,028502,9
2024,10926900,3162075411,028502,8
2024,10926900,3162075411,028504,9
2024,13287506,3162075411,028502,9
2024,13287506,3162075411,028502,8
2024,13287506,3162075411,028505,8
2024,13287506,3162075411,028001,8
2024,13287506,3162075411,028501,9
2024,13287506,3162075411,028501,10
2024,13287506,3162075411,028100,9
2024,10801002,3162075411,028502,8
2024,10801002,3162075411,028501,8
2024,10801002,3162075411,028100,8
2024,13071991,3162075411,028502,9
2024,13071991,3162075411,028001,9
2024,13071991,3162075411,028501,8
2024,11048215,3162075411,028504,8
2024,11260593,3162075411,028505,2
2024,11260593,3162075411,028503,0
2024,11260593,3162075411,028100,0
2024,10895653,3162075411,028504,10
2024,10895653,3162075411,028503,8
2024,10698491,3162075411,028505,5
2024,10698491,3162075411,028503,4
2024,10698491,3162075411,028501,3
2024,10698491,3162075411,028100,5
2024,13124409,3162075411,028503,10
2024,13124409,3162075411,028501,6
2024,11328075,3162075411,028503,3
2024,12879841,3162075411,028501,0
2024,10924060,3162075411,028502,3
2024,10924060,3162075411,028503,4
2024,10924060,3162075411,028501,4
2024,10924060,3162075411,028501,6
2024,13456219,3162075411,028503,10
2024,10906500,3162075411,028502,6
2024,10906500,3162075411,028504,8
2024,10906500,3162075411,028001,3
2024,10906500,3162075411,028503,0
2024,10906500,3162075411,028501,4
2024,10906500,3162075411,028501,7
2024,10906500,3162075411,028100,5
2024,11231768,3162075411,028505,0
2024,11231768,3162075411,028503,0
2024,11231768,3162075411,028100,0
2024,11231768,3162075411,028100,0
2024,11231768,3162075411,028100,0
2024,11231768,3162075411,028100,0
2024,10904182,3162075411,028504,9
2024,10904182,3162075411,028505,7
2024,13458419,3162075411,028001,8
2024,11032717,3162075411,028001,6
2024,11032717,3162075411,028503,8
2024,10912191,3162075411,028504,3
2024,10912191,3162075411,028504,1
2024,10912191,3162075411,028001,0
2024,10912191,3162075411,028001,3
2024,10912191,3162075411,028501,2
2024,13095949,3162075411,028001,9
2024,13095949,3162075411,028503,10
2024,13095949,3162075411,028503,10
2024,13456990,3162075411,028502,8
2024,13456990,3162075411,028501,7
2024,13456990,3162075411,028100,8
2024,10718947,3162075411,028504,9
2024,10718947,3162075411,028503,10
2024,11076555,3162075411,028001,4
2024,11076555,3162075411,028001,0
2024,10511909,3162075411,028504,0
2024,10511909,3162075411,028505,0
2024,10511909,3162075411,028501,0
2024,10511909,3162075411,028100,0
2024,11321787,3162075411,028504,10
2024,11321787,3162075411,028503,10
2024,11321787,3162075411,028503,10
2024,10705766,3162075411,028502,0
2024,10705766,3162075411,028503,0
2024,13364778,3162075411,028001,9
2024,13364778,3162075411,028503,10
2024,10401257,3162075411,028502,10
2024,10244186,3162075411,028505,7
2024,10244186,3162075411,028501,7
2024,12151166,3162075411,028501,7
2024,12151166,3162075411,028100,8
2024,10803834,3162075411,028505,4
2024,10803834,3162075411,028001,8
2024,10442635,3162075411,028502,0
2024,10442635,3162075411,028503,4
2024,13514018,3162075411,028502,10
2024,10913310,3162075411,028504,8
2024,10913310,3162075411,028505,4
2024,10913310,3162075411,028505,7
2024,10913310,3162075411,028503,2
2024,11173156,3162075411,028502,7
2024,11173156,3162075411,028505,3
2024,10894182,3162075411,028504,8
2024,10894182,3162075411,028505,7
2024,10894182,3162075411,028100,8
2024,10894182,3162075411,028100,9
2024,11013996,3162075411,028504,10
2024,11013996,3162075411,028503,6
2024,11013996,3162075411,028503,7
2024,13459090,3162075411,028502,10
2024,10681066,3162075411,028502,9
2024,10681066,3162075411,028505,6
2024,10384941,3162075411,028503,10
2024,10616148,3162075411,028100,7
2024,10491541,3162075411,028504,7
2024,10491541,3162075411,028100,10
2024,11144881,3162075411,028504,0
2024,11144881,3162075411,028001,6
2024,11144881,3162075411,028100,7
2024,11144881,3162075411,028100,0
2024,11144881,3162075411,028100,0
2024,12510297,3162075411,028001,9
2024,10382918,3162075411,028504,2
2024,10382918,3162075411,028504,6
2024,10382918,3162075411,028001,0
2024,12373449,3162075411,028504,4
2024,10241444,3162075411,028504,3
2024,10241444,3162075411,028504,3
2024,10241444,3162075411,028503,0
2024,10241444,3162075411,028501,3
2024,10241444,3162075411,028100,0
2024,11664133,3162075411,028502,9
2024,11664133,3162075411,028001,8
2024,10017418,3162075411,028001,8
2024,10017418,3162075411,028503,6
2024,10017418,3162075411,028503,7
2024,10017418,3162075411,028100,9
2024,13230238,3162075411,028505,0
2024,13230238,3162075411,028503,0
2024,13230238,3162075411,028501,0
2024,13230238,3162075411,028100,4
2024,13230238,3162075411,028100,0
2024,11027241,3162075411,028502,8
2024,11027241,3162075411,028504,9
2024,11027241,3162075411,028505,4
2024,13035254,3162075411,028504,6
2024,13035254,3162075411,028501,7
2024,13124410,3162075411,028504,4
2024,13124410,3162075411,028504,5
2024,13124410,3162075411,028001,7
2024,13124410,3162075411,028100,7
2024,13124410,3162075411,028100,9
2024,12877007,3162075411,028503,8
2024,12877007,3162075411,028100,7
2024,10506539,3162075411,028502,6
2024,10506539,3162075411,028501,7
2024,10407717,3162075411,028502,0
2024,12630701,3162075411,028504,7
2024,12630701,3162075411,028501,8
2024,10925235,3162075411,028502,4
2024,10925235,3162075411,028504,0
2024,10925235,3162075411,028505,0
2024,10925235,3162075411,028001,1
2024,10925235,3162075411,028100,4
2024,13365806,3162075411,028505,8
2024,13365806,3162075411,028001,9
2024,13365806,3162075411,028501,9
2024,13365806,3162075411,028100,10
2024,11236141,3162075411,028505,7
2024,11236141,3162075411,028503,7
2024,11236141,3162075411,028503,7
2024,13289936,3162075411,028502,9
2024,13289936,3162075411,028505,8
2024,13289936,3162075411,028501,7
2024,12618601,3162075411,028505,0
2024,12618601,3162075411,028503,0
2024,12618601,3162075411,028503,0
2024,12618601,3162075411,028503,0
2024,12618601,3162075411,028501,3
2024,10952090,3162075411,028505,3
2024,10952090,3162075411,028501,6
2024,13461512,3162075411,028502,9
2024,13461512,3162075411,028505,0
2024,13461512,3162075411,028501,7
2024,13461512,3162075411,028501,0
2024,13461512,3162075411,028501,8
2024,13461512,3162075411,028100,8
2024,10894547,3162075418,028601,0
2024,10787438,3162075418,028601,0
2024,10279654,3162075418,028601,0
2024,13033829,3162075418,028601,0
2024,12419064,3162075418,028601,0
2024,11318786,3162075418,028601,0
2024,10281596,3162075418,028601,0
2024,10891407,3162075418,028601,0
2024,10927479,3162075418,028601,0
2024,10835151,3162075418,028601,0
2024,11485242,3162075418,028601,0
2024,10657224,3162075539,1374,8
2024,10652405,3162075539,1377,9
2024,10351740,3162075539,1375,9
2024,10831149,3162075539,1375,8
2024,10831149,3162075539,1371,6
2024,10486854,3162075539,1372,4
2024,10701794,3162075539,1378,0
2024,10701794,3162075539,1374,8
2024,11316204,3162075539,1372,1
2024,13242130,3162075539,1371,10
2024,13242130,3162075539,1372,10
2024,10664967,3162075539,CV0004,9
2024,10664967,3162075539,1371,7
2024,10664967,3162075539,1372,4
2024,10664967,3162075539,1372,4
2024,10664967,3162075539,1377,9
2024,13281830,3162075539,CV0004,6
2024,13281830,3162075539,1372,8
2024,13281830,3162075539,1373,8
2024,10834203,3162075539,1372,7
2024,10834203,3162075539,1372,7
2024,10834203,3162075539,1373,8
2024,10396024,3162075539,1372,7
2024,10396024,3162075539,1373,9
2024,10620831,3162075539,1371,5
2024,10822528,3162075539,1371,7
2024,10822528,3162075539,1373,9
2024,13011023,3162075539,1375,10
2024,10657734,3162075539,1374,4
2024,10859549,3162075539,1372,10
2024,10711968,3162075539,1375,10
2024,10711968,3162075539,1372,6
2024,10711968,3162075539,1372,8
2024,10711968,3162075539,1377,7
2024,13256847,3162075539,1371,10
2024,13256847,3162075539,1373,10
2024,10679716,3162075539,1374,10
2024,10698110,3162075539,1375,10
2024,10698110,3162075539,1373,7
2024,10698110,3162075539,1374,8
2024,10505116,3162075539,1372,6
2024,10319363,3162075539,1372,7
2024,10839832,3162075539,CV0004,7
2024,10839832,3162075539,1372,7
2024,10839832,3162075539,1374,6
2024,12739203,3162075539,CV0004,7
2024,12739203,3162075539,1375,10
2024,10027372,3162075539,1375,10
2024,10027372,3162075539,1373,9
2024,10027372,3162075539,1377,9
2024,10689174,3162075539,1373,8
2024,10689174,3162075539,1373,9
2024,10689174,3162075539,1374,9
2024,10689174,3162075539,1377,7
2024,10817396,3162075539,1378,0
2024,10817396,3162075539,1372,6
2024,10817396,3162075539,1374,8
2024,10817396,3162075539,1377,8
2024,10781254,3162075539,1373,8
2024,10742955,3162075539,1373,8
2024,10734168,3162075539,1377,9
2024,10707900,3162075539,1373,8
2024,10707900,3162075539,1374,7
2024,10017422,3162075539,CV0004,8
2024,10017422,3162075539,1371,9
2024,10017422,3162075539,1373,9
2024,10017422,3162075539,1377,8
2024,10707896,3162075539,1372,8
2024,10734359,3162075539,1375,7
2024,10734359,3162075539,1378,0
2024,10635766,3162075539,1373,5
2024,10635766,3162075539,1377,6
2024,10735610,3162075539,1378,0
2024,10735610,3162075539,1373,8
2024,10320009,3162075539,1375,0
2024,10845796,3162075539,1371,0
2024,10845796,3162075539,1371,4
2024,10845796,3162075539,1373,4
2024,10503400,3162075539,1378,0
2024,10937787,3162075539,1378,0
2024,13487291,3162075539,1373,4
2024,10802285,3228404816,0179,7
2024,10802285,3228404816,0651,6
2024,10802285,3228404816,0651,7
2024,10802285,3228404816,0648,8
2024,10802285,3228404816,0648,8
2024,10802285,3228404816,0647,7
2024,10802285,3228404816,0647,6
2024,10414870,3228404816,0179,8
2024,10414870,3228404816,0650,9
2024,10414870,3228404816,0648,8
2024,13075443,3228404816,1709,7
2024,13075443,3228404816,0651,8
2024,13075443,3228404816,0650,5
2024,13075443,3228404816,0648,7
2024,10025295,3228404816,0179,6
2024,10025295,3228404816,0649,4
2024,12690668,3228404816,0657p,9
2024,13450442,3228404816,1709,0
2024,13450442,3228404816,0649,0
2024,13450442,3228404816,0649,0
2024,13450442,3228404816,0647,0
2024,13450442,3228404816,0647,0
2024,10711948,3228404816,0657p,7
2024,10711948,3228404816,0179,8
2024,10711948,3228404816,0179,7
2024,10711948,3228404816,0650,6
2024,10711948,3228404816,0648,7
2024,10711948,3228404816,0647,6
2024,10244048,3228404816,0657p,8
2024,10509186,3228404816,0179,9
2024,12332046,3228404816,0179,5
2024,12332046,3228404816,0651,8
2024,12332046,3228404816,0651,7
2024,12332046,3228404816,0650,5
2024,12332046,3228404816,0650,2
2024,12332046,3228404816,0649,0
2024,10452196,3228404816,0648,10
2024,10452196,3228404816,0648,10
2024,10452196,3228404816,0647,9
2024,10742998,3228404816,0657p,10
2024,10742998,3228404816,0179,8
2024,10742998,3228404816,0179,10
2024,10742998,3228404816,0650,10
2024,10742998,3228404816,0650,10
2024,10742998,3228404816,0647,10
2024,10742998,3228404816,0647,9
2024,10961892,3228404816,0179,6
2024,10961892,3228404816,0649,6
2024,10906957,3228404816,0651,6
2024,10906957,3228404816,0649,6
2024,10906957,3228404816,0647,6
2024,10677373,3228404816,1709,6
2024,10677373,3228404816,1709,0
2024,10677373,3228404816,0657p,0
2024,10677373,3228404816,0179,7
2024,10677373,3228404816,0650,0
2024,10677373,3228404816,0648,6
2024,10350415,3228404816,0651,6
2024,10350415,3228404816,0648,8
2024,10350415,3228404816,0649,6
2024,10350415,3228404816,0647,8
2024,10024578,3228404816,0648,8
2024,10024578,3228404816,0649,6
2024,13455127,3228404816,1709,9
2024,13455127,3228404816,0179,9
2024,10780784,3228404816,0650,8
2024,10780784,3228404816,0650,8
2024,13078687,3228404816,1709,7
2024,13078687,3228404816,0657p,10
2024,13078687,3228404816,0647,9
2024,10679723,3228404816,0651,5
2024,10824617,3228404816,0657p,8
2024,10824617,3228404816,0651,8
2024,10824617,3228404816,0650,5
2024,10824617,3228404816,0649,6
2024,10824617,3228404816,0647,6
2024,10824617,3228404816,0647,6
2024,10840138,3228404816,0657p,9
2024,10017455,3228404816,0179,10
2024,10017455,3228404816,0650,10
2024,10017455,3228404816,0648,9
2024,11806221,3228404816,0648,5
2024,11806221,3228404816,0647,6
2024,11806221,3228404816,0647,0
2024,13035058,3228404816,0650,9
2024,13035058,3228404816,0650,7
2024,13035058,3228404816,0650,8
2024,13035058,3228404816,0647,8
2024,13035058,3228404816,0647,6
2024,10377895,3228404816,0657p,0
2024,10377895,3228404816,0650,0
2024,10377895,3228404816,0650,0
2024,10377895,3228404816,0649,0
2024,10661639,3228404816,1709,8
2024,10661639,3228404816,0657p,8
2024,10357636,3228404816,0650,8
2024,10357636,3228404816,0649,9
2024,11338343,3228404816,0651,8
2024,11338343,3228404816,0649,6
2024,11338343,3228404816,0649,6
2024,11338343,3228404816,0647,0
2024,10991112,3228404816,1709,8
2024,10991112,3228404816,0657p,10
2024,10991112,3228404816,0179,7
2024,10991112,3228404816,0179,9
2024,10991112,3228404816,0649,9
2024,10819112,3228404816,0657p,9
2024,10819112,3228404816,0650,4
2024,10819112,3228404816,0648,9
2024,10819112,3228404816,0648,8
2024,10953575,3228404816,0651,6
2024,10953575,3228404816,0648,7
2024,10381846,3228404816,0651,8
2024,10381846,3228404816,0650,8
2024,13456235,3228404816,0657p,0
2024,13456235,3228404816,0650,0
2024,10679695,3228404816,0651,7
2024,10679695,3228404816,0647,6
2024,10677900,3228404816,0657p,8
2024,10677900,3228404816,0651,6
2024,10677900,3228404816,0648,7
2024,10677900,3228404816,0649,7
2024,13476760,3228404816,0179,5
2024,13476760,3228404816,0648,0
2024,13476760,3228404816,0649,0
2024,13476760,3228404816,0649,0
2024,13064420,3228404816,0651,6
2024,13064420,3228404816,0649,6
2024,10256435,3228404816,0179,0
2024,10256435,3228404816,0648,8
2024,10256435,3228404816,0648,8
2024,10256435,3228404816,0647,4
2024,13060964,3228404816,0657p,0
2024,13060964,3228404816,0648,0
2024,13060964,3228404816,0648,0
2024,10279441,3228404816,1709,6
2024,10279441,3228404816,0649,9
2024,13264942,3228404816,1709,0
2024,13264942,3228404816,0650,0
2024,10953290,3228404816,0657p,9
2024,10953290,3228404816,0657p,9
2024,10953290,3228404816,0657p,9
2024,10953290,3228404816,0651,8
2024,10953290,3228404816,0648,9
2024,10953290,3228404816,0649,7
2024,10463434,3228404816,0648,7
2024,10463434,3228404816,0649,0
2024,11254695,3228404816,0657p,0
2024,11254695,3228404816,0657p,0
2024,11254695,3228404816,0657p,0
2024,11254695,3228404816,0651,0
2024,11254695,3228404816,0647,0
2024,11664368,3228404816,0647,3
2024,11481642,3228404816,0179,0
2024,11889122,3228404816,0179,6
2024,11241112,3228404816,0657p,7
2024,11241112,3228404816,0650,9
2024,11241112,3228404816,0650,8
2024,10819061,3228404816,1709,7
2024,10819061,3228404816,0657p,10
2024,10819061,3228404816,0651,7
2024,10819061,3228404816,0647,8
2024,10129831,3228404816,0648,7
2024,10129831,3228404816,0647,6
2024,10789628,3228404816,0657p,5
2024,10789628,3228404816,0179,8
2024,10789628,3228404816,0651,7
2024,10789628,3228404816,0651,8
2024,10783588,3228404816,0657p,10
2024,10783588,3228404816,0650,8
2024,13035060,3228404816,0657p,9
2024,13035060,3228404816,0657p,7
2024,13035060,3228404816,0650,6
2024,13035060,3228404816,0649,6
2024,13035060,3228404816,0647,6
2024,13035060,3228404816,0647,4
2024,13035179,3228404816,0657p,10
2024,10321979,3228404816,0649,7
2024,10321979,3228404816,0649,6
2024,10615771,3228404816,1709,0
2024,10615771,3228404816,0651,0
2024,10615771,3228404816,0648,0
2024,10615771,3228404816,0648,0
2024,10615771,3228404816,0647,0
2024,10679722,3228404816,0179,7
2024,10679722,3228404816,0650,5
2024,10679722,3228404816,0648,4
2024,10679722,3228404816,0647,5
2024,10679722,3228404816,0647,7
2024,10679722,3228404816,0647,6
2024,10762368,3228413080,0379p,7
2024,10762368,3228413080,0179,8
2024,10762368,3228413080,0372,8
2024,10762368,3228413080,0369,7
2024,10796295,3228413080,0370,9
2024,10796295,3228413080,0372,9
2024,10796295,3228413080,0369,9
2024,10635003,3228413080,0372,9
2024,10635003,3228413080,0369,10
2024,10762343,3228413080,0179,7
2024,10762343,3228413080,0371,9
2024,10910600,3228413080,0179,9
2024,10910600,3228413080,0373,8
2024,10757735,3228413080,0179,9
2024,10757735,3228413080,0373,6
2024,11082671,3228413080,1709,6
2024,11082671,3228413080,0370,8
2024,11082671,3228413080,0372,9
2024,10849397,3228413080,1709,4
2024,10849397,3228413080,1709,7
2024,10849397,3228413080,0370,9
2024,10849397,3228413080,0372,8
2024,10805501,3228413080,0370,7
2024,10805501,3228413080,0373,4
2024,10805501,3228413080,0371,5
2024,10805501,3228413080,0369,4
2024,12854002,3228413080,0179,8
2024,12854002,3228413080,0179,9
2024,12854002,3228413080,0370,6
2024,12854002,3228413080,0372,5
2024,12854002,3228413080,0369,4
2024,10840811,3228413080,1709,7
2024,10840811,3228413080,0372,8
2024,10737949,3228413080,0370,8
2024,10737949,3228413080,0373,5
2024,10737949,3228413080,0372,5
2024,10799789,3228413080,0373,10
2024,10799789,3228413080,0371,9
2024,10783280,3228413080,0371,8
2024,10783280,3228413080,0372,7
2024,10652371,3228413080,1709,6
2024,10762023,3228413080,0371,9
2024,10762023,3228413080,0372,10
2024,10764453,3228413080,0379p,9
2024,10764453,3228413080,0379p,9
2024,10764453,3228413080,0372,7
2024,10813139,3228413080,0379p,9
2024,10813139,3228413080,0370,7
2024,10813139,3228413080,0373,6
2024,10813139,3228413080,0372,5
2024,10813139,3228413080,0369,9
2024,10756607,3228413080,0372,10
2024,10762338,3228413080,1709,6
2024,10762338,3228413080,0369,8
2024,10823812,3228413080,0379p,9
2024,10823812,3228413080,0373,6
2024,13456011,3228413080,0379p,10
2024,13456011,3228413080,0372,7
2024,13456011,3228413080,0369,10
2024,10780756,3228413080,0373,7
2024,10780756,3228413080,0371,7
2024,10823807,3228413080,0373,7
2024,10823807,3228413080,0369,6
2024,11064614,3228413382,0179,0
2024,11064614,3228413382,0487,0
2024,11064614,3228413382,0485,0
2024,11064614,3228413382,0485,0
2024,11064614,3228413382,0484,0
2024,11064614,3228413382,0484,0
2024,11064614,3228413382,0483,7
2024,11067623,3228413382,1709,0
2024,11067623,3228413382,0373,2
2024,13042221,3228413382,0179,0
2024,13042221,3228413382,0484,0
2024,13042221,3228413382,0484,0
2024,10525885,3228413382,0179,0
2024,10525885,3228413382,0373,0
2024,10525885,3228413382,0483,0
2024,10525885,3228413382,0483,0
2024,13455308,3228413382,0483,8
2024,10807600,3228413382,0616p,10
2024,10807600,3228413382,0373,10
2024,10807600,3228413382,0487,9
2024,10807600,3228413382,0485,8
2024,10807600,3228413382,0483,9
2024,10381670,3228413382,0616p,10
2024,10679710,3228413382,0616p,9
2024,10679710,3228413382,0616p,8
2024,10736277,3228413382,0487,9
2024,10736277,3228413382,0483,9
2024,10282899,3228413382,0616p,9
2024,10282899,3228413382,0485,8
2024,10797348,3228413382,0616p,9
2024,10797348,3228413382,0373,9
2024,10695479,3228413382,0616p,0
2024,10695479,3228413382,0484,0
2024,10695479,3228413382,0483,0
2024,10709604,3228413382,1709,9
2024,10709604,3228413382,0179,10
2024,10709604,3228413382,0373,10
2024,10770964,3228413382,0179,9
2024,10770964,3228413382,0485,9
2024,10418675,3228413382,0483,2
2024,11161106,3228413382,0616p,0
2024,11161106,3228413382,0373,0
2024,11161106,3228413382,0484,0
2024,11161106,3228413382,0483,0
2024,10718934,3228413382,0487,4
2024,10718934,3228413382,0484,2
2024,13460547,3228413382,0616p,0
2024,13460547,3228413382,0616p,0
2024,13460547,3228413382,0179,0
2024,10688878,3228413382,0616p,10
2024,10688878,3228413382,0373,10
2024,10688878,3228413382,0487,10
2024,10688878,3228413382,0485,10
2024,11571094,3228413382,0616p,0
2024,11571094,3228413382,0484,6
2024,11571094,3228413382,0483,6
2024,11332097,3228413382,0616p,0
2024,11332097,3228413382,0487,0
2024,11332097,3228413382,0487,0
2024,11332097,3228413382,0485,0
2024,11332097,3228413382,0484,0
2024,10453628,3228413382,1709,0
2024,10453628,3228413382,0179,0
2024,10453628,3228413382,0179,0
2024,10453628,3228413382,0485,0
2024,10453628,3228413382,0483,0
2024,12500233,3228413382,1709,0
2024,12500233,3228413382,0179,0
2024,12500233,3228413382,0179,0
2024,10399058,3228413382,0487,0
2024,10399058,3228413382,0485,0
2024,10770657,3228413382,0485,7
2024,10711977,3228413382,1709,9
2024,10711977,3228413382,0616p,9
2024,10711977,3228413382,0373,9
2024,10711977,3228413382,0485,8
2024,10711977,3228413382,0484,9
2024,10711977,3228413382,0484,10
2024,10308704,3228413382,1709,0
2024,10308704,3228413382,0179,0
2024,10308704,3228413382,0373,0
2024,10308704,3228413382,0373,0
2024,10308704,3228413382,0483,0
2024,12730778,3228413382,0179,4
2024,12730778,3228413382,0179,0
2024,12730778,3228413382,0484,7
2024,10471125,3228413382,0373,3
2024,10471125,3228413382,0373,0
2024,10255502,3228413382,0179,9
2024,10255502,3228413382,0179,9
2024,10255502,3228413382,0373,8
2024,10810051,3228413382,0616p,7
2024,10810051,3228413382,0373,9
2024,10810051,3228413382,0485,7
2024,11569845,3228413382,1709,0
2024,11569845,3228413382,0373,0
2024,11569845,3228413382,0487,0
2024,11569845,3228413382,0487,0
2024,11569845,3228413382,0485,0
2024,11271861,3228413382,0179,8
2024,11271861,3228413382,0373,10
2024,11271861,3228413382,0485,8
2024,11271861,3228413382,0484,9
2024,13459168,3228413382,0616p,9
2024,13459168,3228413382,0487,9
2024,13459168,3228413382,0485,9
2024,13459168,3228413382,0484,9
2024,13459168,3228413382,0484,9
2024,13459168,3228413382,0483,9
2024,10757001,3228413382,0616p,9
2024,10757001,3228413382,0487,8
2024,10757001,3228413382,0485,7
2024,10757001,3228413382,0483,9
2024,10828387,3228413382,0487,6
2024,10828387,3228413382,0484,7
2024,10828387,3228413382,0483,8
2024,13457137,3228413382,0616p,0
2024,10401376,3228413382,0616p,0
2024,10401376,3228413382,0485,0
2024,10401376,3228413382,0484,0
2024,10401376,3228413382,0484,0
2024,11898422,3228413382,0616p,6
2024,11898422,3228413382,0179,0
2024,11898422,3228413382,0373,3
2024,11898422,3228413382,0485,2
2024,11898422,3228413382,0484,1
2024,11898422,3228413382,0483,4
2024,11898422,3228413382,0483,0
2024,13456133,3228413382,1709,0
2024,10205657,3228413382,0484,7
2024,10643328,3228413382,0179,10
2024,10643328,3228413382,0373,9
2024,10643328,3228413382,0484,8
2024,10643328,3228413382,0483,9
2024,12433428,3228413382,0487,7
2024,12433428,3228413382,0485,7
2024,12287306,3228413382,0485,0
2024,12287306,3228413382,0484,0
2024,10758419,3228413382,0179,8
2024,10758419,3228413382,0487,8
2024,10865703,3228415772,1375p,8
2024,10865703,3228415772,1369,7
2024,10799612,3228415772,1368,9
2024,11649640,3228415772,1370,4
2024,11649640,3228415772,1367,6
2024,11649640,3228415772,1369,8
2024,11649640,3228415772,1369,4
2024,10817945,3228415772,1375p,8
2024,10817945,3228415772,1370,3
2024,10817945,3228415772,1367,0
2024,10834174,3228415772,1368,10
2024,10834174,3228415772,1369,9
2024,13281768,3228415772,0179,4
2024,13281768,3228415772,0179,3
2024,13281768,3228415772,1368,6
2024,10798915,3228415772,0179,8
2024,10798915,3228415772,1369,9
2024,10819488,3228415772,0179,7
2024,10819488,3228415772,1370,9
2024,10819488,3228415772,1368,8
2024,10819488,3228415772,1368,8
2024,10819488,3228415772,1369,7
2024,10781492,3228415772,0179,6
2024,10781492,3228415772,1370,4
2024,10781492,3228415772,1369,6
2024,10413312,3228415772,1709,7
2024,10413312,3228415772,1367,0
2024,10413312,3228415772,1369,7
2024,13273466,3228415772,1368,7
2024,11649375,3228415772,1367,8
2024,11649375,3228415772,1369,6
2024,10714135,3228415772,1709,5
2024,10714135,3228415772,0179,9
2024,10714135,3228415772,1370,4
2024,10835968,3228415772,1370,8
2024,10842025,3228415772,0179,7
2024,10842025,3228415772,1370,4
2024,10842025,3228415772,1370,7
2024,10842025,3228415772,1367,7
2024,10842025,3228415772,1368,4
2024,10842025,3228415772,1369,7
2024,10842025,3228415772,1369,7
2024,10803120,3228415772,1375p,8
2024,10803120,3228415772,0179,8
2024,10803120,3228415772,1369,8
2024,10803120,3228415772,1369,8
2024,10851445,3228415772,1375p,9
2024,10851445,3228415772,0179,7
2024,10851445,3228415772,1367,8
2024,10711961,3228415772,1369,4
2024,10678320,3228415772,1367,6
2024,11341745,3228415772,0179,8
2024,11341745,3228415772,1367,9
2024,11341745,3228415772,1367,8
2024,11341745,3228415772,1368,5
2024,11251967,3228415772,1370,4
2024,11251967,3228415772,1370,8
2024,11251967,3228415772,1367,8
2024,11251967,3228415772,1367,5
2024,11251967,3228415772,1368,5
2024,10122344,3228415772,0179,9
2024,10122344,3228415772,0179,10
2024,10122344,3228415772,1370,10
2024,10122344,3228415772,1367,10
2024,10725869,3228415772,1370,4
2024,10725869,3228415772,1368,5
2024,10378823,3228415772,1375p,10
2024,10378823,3228415772,1370,10
2024,11104411,3228415772,1369,8
2024,10783707,3228415772,1709,8
2024,10783707,3228415772,0179,10
2024,10783707,3228415772,1370,10
2024,10985551,3228415772,1368,8
2024,10793376,3228415772,1375p,8
2024,10793376,3228415772,0179,8
2024,10793376,3228415772,1370,8
2024,10793376,3228415772,1370,8
2024,10793376,3228415772,1368,7
2024,10776515,3228415772,1709,8
2024,10776515,3228415772,1709,9
2024,10776515,3228415772,1375p,8
2024,10734128,3228415772,1709,8
2024,10734128,3228415772,1370,9
2024,10734128,3228415772,1367,9
2024,10729560,3228415772,1370,6
2024,10819378,3228415772,1375p,10
2024,10819378,3228415772,1367,8
2024,10962405,3228415772,1375p,0
2024,10962405,3228415772,1370,6
2024,10962405,3228415772,1370,3
2024,10962405,3228415772,1370,0
2024,10962405,3228415772,1369,4
2024,10962405,3228415772,1369,0
2024,10827153,3228415772,1367,8
2024,10827153,3228415772,1369,6
2024,10993836,3228415772,1709,9
2024,10993836,3228415772,1370,9
2024,10993836,3228415772,1368,9
2024,11514753,3228415772,1375p,10
2024,11514753,3228415772,0179,9
2024,11514753,3228415772,1370,10
2024,11514753,3228415772,1370,10
2024,11514753,3228415772,1367,7
2024,11514753,3228415772,1369,9
2024,10780789,3228415772,1375p,9
2024,10780789,3228415772,1369,6
2024,13462544,3228415772,1709,7
2024,13462544,3228415772,1375p,9
2024,13462544,3228415772,0179,8
2024,13462544,3228415772,1367,8
2024,10809667,3228415772,1367,8
2024,10687463,3228415772,1375p,10
2024,10687463,3228415772,1370,9
2024,10687463,3228415772,1369,9
2024,10652580,3228415772,1709,8
2024,10652580,3228415772,1370,8
2024,10652580,3228415772,1367,9
2024,10652580,3228415772,1368,8
2024,10678151,3228415772,0179,6
2024,10678151,3228415772,1370,4
2024,10678151,3228415772,1367,1
2024,10809557,3228415772,1375p,9
2024,10809557,3228415772,1368,9
2024,10809557,3228415772,1369,9
2024,10944114,3228415772,1375p,9
2024,10944114,3228415772,0179,6
2024,10944114,3228415772,1370,7
2024,10944114,3228415772,1368,5
2024,10730519,3228415772,0179,7
2024,10742238,3228415772,1709,7
2024,10742238,3228415772,1367,6
2024,10742238,3228415772,1368,8
2024,12558926,3228415772,1375p,9
2024,12558926,3228415772,1370,7
2024,12558926,3228415772,1367,6
2024,12558926,3228415772,1368,5
2024,10960990,3228379385,0438,9
2024,10960990,3228379385,0438,10
2024,11671982,3228379385,0437,6
2024,11671982,3228379385,0441,3
2024,11671982,3228379385,0439,8
2024,11671982,3228379385,0440,7
2024,11671982,3228379385,0156,7
2024,11043785,3228379385,1709,7
2024,11043785,3228379385,0437,4
2024,11043785,3228379385,0439,7
2024,11043785,3228379385,0440,6
2024,10737175,3228379385,0437,7
2024,10737175,3228379385,0440,8
2024,13133521,3228379385,0441,10
2024,13133521,3228379385,0440,9
2024,11039273,3228379385,0439,8
2024,11039273,3228379385,0438,9
2024,10887720,3228379385,0437,4
2024,10887720,3228379385,0439,9
2024,10887720,3228379385,0438,9
2024,11029440,3228379385,1709,9
2024,11029440,3228379385,0441,10
2024,11029440,3228379385,0440,8
2024,10995299,3228379385,0441,8
2024,10835299,3228379385,1709,6
2024,10835299,3228379385,0441,0
2024,10835299,3228379385,0438,6
2024,11805803,3228379385,1709,10
2024,11805803,3228379385,0439,9
2024,11805803,3228379385,0438,10
2024,10911748,3228379385,1709,9
2024,10911748,3228379385,0438,9
2024,10911748,3228379385,0440,9
2024,10787655,3228379385,0441,5
2024,10787655,3228379385,0438,4
2024,11028742,3228379385,1709,8
2024,11028742,3228379385,0437,6
2024,11028742,3228379385,0438,9
2024,11028742,3228379385,0156,9
2024,11026339,3228379385,0437,7
2024,11026339,3228379385,0438,5
2024,11026339,3228379385,0438,6
2024,10905782,3228379385,0439,6
2024,11004486,3228379385,1709,9
2024,11004486,3228379385,0437,7
2024,10911568,3228379385,1709,8
2024,10911568,3228379385,0438,8
2024,11044309,3228379385,0441,5
2024,11044309,3228379385,0439,7
2024,11604486,3228379385,0437,0
2024,11604486,3228379385,0441,2
2024,11068958,3228379385,0441,0
2024,13466647,3228379385,1709,7
2024,13466647,3228379385,0441,6
2024,11415744,3228379385,1709,7
2024,11415744,3228379385,0440,9
2024,11415744,3228379385,0156,5
2024,10787257,3228379385,1709,8
2024,10787257,3228379385,0441,8
2024,10787257,3228379385,0438,7
2024,10787257,3228379385,0156,3
2024,10278634,3228379385,0439,10
2024,10278634,3228379385,0440,7
2024,10278634,3228379385,0156,8
2024,10929912,3228379385,1709,2
2024,10929912,3228379385,0438,4
2024,10929912,3228379385,0438,5
2024,10929912,3228379385,0156,8
2024,11024457,3228379385,0437,8
2024,11024457,3228379385,0441,8
2024,11024457,3228379385,0439,8
2024,11024457,3228379385,0438,9
2024,11024457,3228379385,0440,9
2024,10302214,3228379385,1709,0
2024,10302214,3228379385,1709,0
2024,10302214,3228379385,0437,0
2024,10302214,3228379385,0439,0
2024,10302214,3228379385,0156,0
2024,10302214,3228379385,0156,0
2024,12731640,3228379385,0437,7
2024,12731640,3228379385,0439,8
2024,11507257,3228379385,0441,6
2024,10951388,3228379385,0437,0
2024,10951388,3228379385,0438,0
2024,10951388,3228379385,0156,0
2024,10951388,3228379385,0156,0
2024,10435060,3228379385,1709,0
2024,10435060,3228379385,0441,0
2024,10435060,3228379385,0438,0
2024,10435060,3228379385,0440,0
2024,10421015,3228379385,1709,0
2024,10421015,3228379385,0437,0
2024,12673295,3228379385,1709,0
2024,12673295,3228379385,0438,0
2024,13458066,3228379385,0437,10
2024,13458066,3228379385,0441,10
2024,13458066,3228379385,0441,9
2024,10650730,3228379385,1709,6
2024,10650730,3228379385,0441,2
2024,10650730,3228379385,0438,3
2024,10650730,3228379385,0438,0
2024,13459588,3228379385,0437,0
2024,13459588,3228379385,0439,0
2024,13459588,3228379385,0438,0
2024,13459588,3228379385,0156,0
2024,10311923,3228379385,0156,0
2024,10311923,3228379385,0156,0
2024,10311923,3228379385,0156,0
2024,11026347,3228379385,0439,9
2024,11026347,3228379385,0440,10
2024,11026347,3228379385,0440,9
2024,10307040,3228379385,0156,0
2024,11786393,3228379385,0441,0
2024,11786393,3228379385,0438,0
2024,10696650,3228379385,1709,4
2024,10696650,3228379385,0156,0
2024,13459194,3228379385,0439,8
2024,13459361,3228379385,0437,0
2024,13459361,3228379385,0441,6
2024,13459361,3228379385,0439,8
2024,11004716,3228379385,1709,10
2024,11004716,3228379385,1709,9
2024,11004716,3228379385,0438,9
2024,11004716,3228379385,0156,9
2024,11067932,3228379385,1709,6
2024,11067932,3228379385,0437,0
2024,11666166,3228379385,0437,7
2024,13221347,3228379385,0439,0
2024,13290996,3228406931,1709,7
2024,13290996,3228406931,1010,0
2024,10800028,3228406931,1709,6
2024,10800028,3228406931,1012p,8
2024,10800028,3228406931,0623,9
2024,10800028,3228406931,0930,7
2024,10800028,3228406931,0931,9
2024,10800028,3228406931,1010,6
2024,10824007,3228406931,0623,8
2024,10635026,3228406931,1012p,8
2024,10635026,3228406931,0623,8
2024,10635026,3228406931,0623,8
2024,10635026,3228406931,0930,7
2024,10813126,3228406931,1010,8
2024,10776549,3228406931,0179,7
2024,10776549,3228406931,0623,9
2024,10510136,3228406931,0623,0
2024,10510136,3228406931,0930,5
2024,10510136,3228406931,1010,0
2024,10824614,3228406931,1709,0
2024,10824614,3228406931,0931,0
2024,10824614,3228406931,0931,3
2024,10709557,3228406931,1709,2
2024,10709557,3228406931,1709,0
2024,10709557,3228406931,0930,3
2024,10422716,3228406931,0179,0
2024,10422716,3228406931,0179,0
2024,10422716,3228406931,1010,0
2024,10422716,3228406931,1010,0
2024,10862032,3228406931,1012p,5
2024,10862032,3228406931,0931,0
2024,10726936,3228406931,1012p,8
2024,10726936,3228406931,1012p,7
2024,10726936,3228406931,0930,6
2024,10726936,3228406931,1010,5
2024,10764144,3228406931,0623,6
2024,10764144,3228406931,1010,3
2024,10819701,3228406931,0179,0
2024,10817903,3228406931,0930,8
2024,10805294,3228406931,1012p,8
2024,10530803,3228406931,0930,7
2024,10530803,3228406931,1010,6
2024,10796065,3228406931,1709,6
2024,10796065,3228406931,0179,7
2024,10796065,3228406931,0623,9
2024,10796065,3228406931,0930,7
2024,10349498,3228406931,0931,10
2024,10630363,3228406931,1012p,9
2024,10630363,3228406931,1012p,5
2024,10630363,3228406931,1012p,8
2024,10630363,3228406931,0179,6
2024,10852161,3228406931,0179,5
2024,10819684,3228406931,0931,8
2024,10199483,3228406931,0930,0
2024,10397687,3228406931,1012p,9
2024,10397687,3228406931,0930,5
2024,10397687,3228406931,0930,4
2024,11811552,3228406931,1012p,0
2024,10323559,3228406931,0930,5
2024,10323559,3228406931,0930,0
2024,13458157,3228406931,1709,0
2024,13458157,3228406931,0623,0
2024,13456007,3228406931,0623,9
2024,13456007,3228406931,0931,9
2024,13523913,3228406931,1010,0
2024,10940616,3228406931,1012p,0
2024,10940616,3228406931,0623,0
2024,10940616,3228406931,0930,0
2024,10940616,3228406931,1010,0
2024,13458161,3228406931,1012p,9
2024,13458161,3228406931,1010,6
2024,11059841,3228406931,1012p,9
2024,11059841,3228406931,0931,8
2024,11059841,3228406931,1010,7
2024,10461934,3228406931,1010,5
2024,10381708,3228406931,1012p,0
2024,10381708,3228406931,0179,0
2024,10381708,3228406931,0179,0
2024,10381708,3228406931,0623,0
2024,10381708,3228406931,0930,0
2024,10381708,3228406931,0931,0
2024,10852107,3228406931,0930,0
2024,10304385,3228406931,0930,6
2024,11800453,3228406931,0179,0
2024,11800453,3228406931,0623,0
2024,11800453,3228406931,0623,0
2024,11800453,3228406931,0930,0
2024,10330111,3228406931,0930,7
2024,10330111,3228406931,0931,8
2024,10443575,3228406931,0179,0
2024,10443575,3228406931,0930,3
2024,10443575,3228406931,0930,0
2024,10443575,3228406931,0931,3
2024,10443575,3228406931,1010,2
2024,10818191,3228406931,1709,0
2024,10818191,3228406931,1012p,0
2024,10818191,3228406931,0623,0
2024,10818191,3228406931,0930,0
2024,10818191,3228406931,0931,0
2024,10499331,3228406931,1012p,0
2024,10499331,3228406931,0930,5
2024,10499331,3228406931,0931,6
2024,10499331,3228406931,1010,3
2024,11089472,3228406931,0179,7
2024,11089472,3228406931,0930,5
2024,10699271,3228406931,1709,6
2024,10699271,3228406931,0930,7
2024,10699271,3228406931,0930,6
2024,10699271,3228406931,1010,5
2024,11629523,3228406931,0931,0
2024,10042816,3228406931,0179,0
2024,10042816,3228406931,0931,0
2024,10303628,3228406931,1709,7
2024,10303628,3228406931,1010,3
2024,10303628,3228406931,1010,6
2024,12561661,3228406931,1012p,7
2024,12561661,3228406931,0179,4
2024,12561661,3228406931,0931,8
2024,12561661,3228406931,1010,3
2024,10797573,3228406931,1012p,9
2024,10797573,3228406931,1012p,8
2024,10797573,3228406931,0179,6
2024,10797573,3228406931,0179,7
2024,10797573,3228406931,0930,6
2024,10797573,3228406931,1010,3
2024,10479899,3228406931,1012p,9
2024,10918602,3228406931,0179,6
2024,10918602,3228406931,0623,6
2024,10754604,3228406931,0623,8
2024,10365221,3228406931,0623,9
2024,10365221,3228406931,0930,6
2024,13461591,3228406931,1709,8
2024,13461591,3228406931,0930,6
2024,10630337,3228406931,1012p,6
2024,10630337,3228406931,0179,5
2024,10630337,3228406931,1010,3
2024,10630337,3228406931,1010,2
2024,10249410,3228406931,0623,6
2024,10249410,3228406931,0930,8
2024,10249410,3228406931,0931,8
2024,10766452,3228406545,0625,7
2024,10766452,3228406545,CV0008,9
2024,10766452,3228406545,CV0009,10
2024,10729793,3228406545,0179,6
2024,10729793,3228406545,0179,6
2024,10729793,3228406545,0622,4
2024,10729793,3228406545,0623,6
2024,12607926,3228406545,0627,5
2024,11790917,3228406545,0828p,10
2024,11790917,3228406545,0179,3
2024,11790917,3228406545,0623,8
2024,11790917,3228406545,0627,7
2024,11790917,3228406545,CV0009,8
2024,10689201,3228406545,0622,8
2024,10689201,3228406545,0622,7
2024,10689201,3228406545,0623,7
2024,10689201,3228406545,CV0009,9
2024,10742994,3228406545,0622,7
2024,10742994,3228406545,0622,8
2024,10742994,3228406545,0625,7
2024,10487336,3228406545,0828p,10
2024,10487336,3228406545,0179,2
2024,10487336,3228406545,0622,7
2024,10487336,3228406545,0623,8
2024,10857816,3228406545,CV0008,10
2024,10857816,3228406545,CV0009,9
2024,10847609,3228406545,0622,5
2024,10766414,3228406545,0623,9
2024,10766414,3228406545,0627,9
2024,10856038,3228406545,1709,5
2024,10856038,3228406545,1709,5
2024,10856038,3228406545,0625,7
2024,10856038,3228406545,0623,7
2024,10856038,3228406545,0627,7
2024,10856038,3228406545,CV0008,8
2024,11433224,3228406545,CV0008,9
2024,11433224,3228406545,CV0008,10
2024,11073751,3228406545,0828p,9
2024,11073751,3228406545,0828p,9
2024,11073751,3228406545,0625,9
2024,10593810,3228406545,0627,6
2024,11231507,3228406545,0179,0
2024,11231507,3228406545,0625,0
2024,11231507,3228406545,0623,5
2024,11231507,3228406545,CV0008,0
2024,12912678,3228406545,1709,8
2024,12912678,3228406545,0622,8
2024,12912678,3228406545,0622,8
2024,12912678,3228406545,0622,8
2024,12912678,3228406545,0627,8
2024,12912678,3228406545,CV0008,8
2024,12912678,3228406545,CV0008,10
2024,10804606,3228406545,0623,7
2024,10707892,3228406545,0622,7
2024,10707892,3228406545,0622,6
2024,10707892,3228406545,0625,7
2024,13470345,3228406545,1709,5
2024,13470345,3228406545,1709,0
2024,13470345,3228406545,0622,0
2024,13470345,3228406545,0627,0
2024,13473425,3228406545,1709,8
2024,13473425,3228406545,1709,8
2024,13473425,3228406545,0179,9
2024,13473425,3228406545,0179,9
2024,13473425,3228406545,0622,9
2024,13473425,3228406545,0625,10
2024,13473425,3228406545,0623,9
2024,13473425,3228406545,0623,9
2024,10711954,3228406545,1709,4
2024,10711954,3228406545,0623,7
2024,10711954,3228406545,CV0008,5
2024,10711954,3228406545,CV0008,9
2024,10835673,3228406545,1709,5
2024,10835673,3228406545,0179,9
2024,10835673,3228406545,0179,9
2024,10734184,3228406545,0622,7
2024,10734184,3228406545,0625,9
2024,13170472,3228406545,0828p,9
2024,13170472,3228406545,0828p,8
2024,13170472,3228406545,0179,0
2024,13170472,3228406545,0622,0
2024,13170472,3228406545,0625,2
2024,13170472,3228406545,0627,3
2024,13170472,3228406545,CV0008,0
2024,13170472,3228406545,CV0008,0
2024,10766479,3228410748,0181p,6
2024,10766479,3228410748,0177,7
2024,10843404,3228410748,0181p,8
2024,10843404,3228410748,0179,5
2024,11782717,3228410748,0179,7
2024,11782717,3228410748,0179,7
2024,11782717,3228410748,0171,8
2024,10254373,3228410748,0181p,8
2024,10254373,3228410748,0179,9
2024,10254373,3228410748,0171,8
2024,10254373,3228410748,0173,7
2024,10254373,3228410748,0174,7
2024,13453640,3228410748,0172,7
2024,13453640,3228410748,0172,8
2024,13453640,3228410748,0177,7
2024,10700069,3228410748,0171,0
2024,10392181,3228410748,1709,7
2024,10392181,3228410748,0179,8
2024,10392181,3228410748,0171,7
2024,10392181,3228410748,0172,7
2024,10688815,3228410748,0179,9
2024,10688815,3228410748,0173,7
2024,10688815,3228410748,0174,7
2024,10506040,3228410748,0179,0
2024,10506040,3228410748,0174,0
2024,10506040,3228410748,0177,3
2024,10488332,3228410748,0181p,9
2024,10488332,3228410748,0174,5
2024,10488332,3228410748,0174,4
2024,13455952,3228410748,0181p,9
2024,13455952,3228410748,0171,9
2024,13455952,3228410748,0172,7
2024,10664803,3228410748,1709,0
2024,10664803,3228410748,0181p,0
2024,10664803,3228410748,0179,0
2024,10664803,3228410748,0172,0
2024,10664803,3228410748,0174,0
2024,12413993,3228410748,1709,0
2024,12413993,3228410748,0181p,0
2024,12413993,3228410748,0181p,0
2024,12413993,3228410748,0181p,0
2024,12413993,3228410748,0179,0
2024,12413993,3228410748,0171,0
2024,12413993,3228410748,0177,0
2024,13480000,3228410748,0181p,7
2024,10509253,3228410748,0179,0
2024,10509253,3228410748,0172,0
2024,10509253,3228410748,0173,0
2024,10509253,3228410748,0177,0
2024,13455821,3228410748,1709,7
2024,13455821,3228410748,0181p,8
2024,13455821,3228410748,0181p,5
2024,13455821,3228410748,0179,8
2024,10664909,3228410748,0174,7
2024,10664909,3228410748,0177,7
2024,11567443,3228410748,0181p,8
2024,11567443,3228410748,0171,4
2024,11567443,3228410748,0172,0
2024,11567443,3228410748,0172,7
2024,11567443,3228410748,0173,4
2024,11567443,3228410748,0173,7
2024,11567443,3228410748,0177,1
2024,13456058,3228410748,0179,0
2024,13456058,3228410748,0172,3
2024,10639978,3228410748,0181p,9
2024,10639978,3228410748,0179,0
2024,10639978,3228410748,0172,9
2024,13255125,3228410748,0181p,0
2024,10507411,3228410748,1709,0
2024,10507411,3228410748,0181p,0
2024,10507411,3228410748,0172,0
2024,10507411,3228410748,0173,0
2024,10507411,3228410748,0174,0
2024,10507411,3228410748,0177,0
2024,10745573,3228410357,0400p,8
2024,10745573,3228410357,0384,7
2024,10745573,3228410357,0172,8
2024,10585531,3228410357,0400p,8
2024,10585531,3228410357,0400p,7
2024,10585531,3228410357,0172,6
2024,10585531,3228410357,0172,5
2024,10648032,3228410357,0171,7
2024,10648032,3228410357,0172,3
2024,10648032,3228410357,0172,6
2024,10698109,3228410357,1709,7
2024,10698109,3228410357,0383,7
2024,10698109,3228410357,0172,7
2024,10698109,3228410357,0173,8
2024,11627062,3228410357,0171,8
2024,11627062,3228410357,0383,8
2024,11627062,3228410357,0383,7
2024,10675936,3228410357,1709,8
2024,10675936,3228410357,1709,7
2024,10675936,3228410357,0383,7
2024,10675936,3228410357,0173,7
2024,10729539,3228410357,0171,9
2024,10729539,3228410357,0383,9
2024,10410077,3228410357,0179,6
2024,10410077,3228410357,0384,4
2024,10530795,3228410357,0179,6
2024,10530795,3228410357,0383,8
2024,10530795,3228410357,0384,8
2024,10530795,3228410357,0172,8
2024,13455702,3228410357,1709,8
2024,13455702,3228410357,0400p,8
2024,13455702,3228410357,0384,9
2024,13455702,3228410357,0384,9
2024,13455702,3228410357,0172,8
2024,10719000,3228410357,1709,8
2024,10719000,3228410357,1709,6
2024,10719000,3228410357,0179,7
2024,10719000,3228410357,0171,8
2024,10719000,3228410357,0384,6
2024,10719000,3228410357,0384,7
2024,13456027,3228410357,1709,6
2024,13456027,3228410357,0400p,8
2024,13456027,3228410357,0171,6
2024,13251013,3228410357,0400p,9
2024,13251013,3228410357,0172,9
2024,10835750,3228410357,0384,7
2024,10766449,3228410357,0383,8
2024,10766449,3228410357,0172,5
2024,10766449,3228410357,0172,6
2024,10645102,3228410357,1709,8
2024,10820272,3228410357,0400p,8
2024,10820272,3228410357,0171,8
2024,10820272,3228410357,0171,8
2024,10820272,3228410357,0173,7
2024,13487222,3228410357,1709,8
2024,13487222,3228410357,0400p,9
2024,13487222,3228410357,0383,9
2024,13487222,3228410357,0384,9
2024,10687498,3228410892,0173,9
2024,10687498,3228410892,0173,8
2024,10742128,3228410892,1709,8
2024,10742128,3228410892,0383,9
2024,10742128,3228410892,0384,8
2024,10742128,3228410892,0172,6
2024,13455012,3228410892,0388p,5
2024,13455012,3228410892,0171,1
2024,13455012,3228410892,0383,6
2024,10749811,3228410892,0179,8
2024,10749811,3228410892,0383,7
2024,10749811,3228410892,0384,7
2024,10749811,3228410892,0172,4
2024,10749811,3228410892,0172,7
2024,10749811,3228410892,0173,7
2024,13454999,3228410892,0172,1
2024,10678997,3228410892,0179,5
2024,10320497,3228410892,0388p,9
2024,10320497,3228410892,0383,9
2024,10320497,3228410892,0173,9
2024,10320497,3228410892,0173,8
2024,10808311,3228410892,1709,8
2024,10808311,3228410892,0179,8
2024,10808311,3228410892,0179,9
2024,10808311,3228410892,0171,7
2024,10808311,3228410892,0173,7
2024,10808311,3228410892,0173,8
2024,13450196,3228410892,1709,9
2024,13450196,3228410892,0179,9
2024,13450196,3228410892,0173,9
2024,13450196,3228410892,0173,9
2024,10761594,3228410892,0171,3
2024,10736502,3228410892,0383,9
2024,10736502,3228410892,0384,8
2024,11330085,3228410892,0179,7
2024,10676318,3228410892,0171,4
2024,13472424,3228410892,0383,8
2024,13472424,3228410892,0173,8
2024,13475599,3228410892,0383,10
2024,13475599,3228410892,0384,9
2024,13475599,3228410892,0172,9
2024,13475599,3228410892,0173,9
2024,13475662,3228410892,0171,9
2024,13475662,3228410892,0172,9
2024,13475662,3228410892,0173,9
2024,10514139,3228410892,0171,9
2024,10514139,3228410892,0383,9
2024,10514139,3228410892,0172,8
2024,12912453,3228410892,0179,5
2024,12912453,3228410892,0171,2
2024,12912453,3228410892,0383,8
2024,12912453,3228410892,0173,7
2024,11036107,3228381273,0156,2
2024,11036107,3228381273,0156,0
2024,11036107,3228381273,1231,0
2024,11036107,3228381273,1232,0
2024,10793641,3228381273,0156,0
2024,10793641,3228381273,0156,0
2024,10793641,3228381273,1226,0
2024,10793641,3228381273,1226,0
2024,10793641,3228381273,1232,2
2024,10793641,3228381273,1232,0
2024,10931235,3228381273,1709,6
2024,10931235,3228381273,0156,6
2024,11003632,3228381273,1229,3
2024,11003632,3228381273,1231,4
2024,11003632,3228381273,1233,3
2024,12607119,3228381273,0156,8
2024,12607119,3228381273,1229,6
2024,12607119,3228381273,1233,6
2024,12607119,3228381273,1233,7
2024,13291541,3228381273,1232,8
2024,12744964,3228381273,0156,6
2024,12744964,3228381273,1231,0
2024,12744964,3228381273,1232,6
2024,10924853,3228381273,1709,8
2024,10924853,3228381273,1232,7
2024,11798264,3228381273,0156,9
2024,11798264,3228381273,1229,5
2024,11798264,3228381273,1229,4
2024,11798264,3228381273,1232,6
2024,10648909,3228381273,0156,7
2024,10648909,3228381273,1232,6
2024,10889537,3228381273,1709,6
2024,10889537,3228381273,1709,7
2024,10889537,3228381273,1226,4
2024,10889537,3228381273,1229,5
2024,10889537,3228381273,1231,3
2024,10912710,3228381273,1709,7
2024,10912710,3228381273,1709,6
2024,10912710,3228381273,0156,5
2024,10912710,3228381273,1226,2
2024,10912710,3228381273,1229,3
2024,10912710,3228381273,1229,0
2024,10912710,3228381273,1232,0
2024,10787502,3228381273,1709,7
2024,10787502,3228381273,1226,7
2024,10787502,3228381273,1229,5
2024,10787502,3228381273,1233,7
2024,10904203,3228381273,1229,8
2024,10904203,3228381273,1229,7
2024,11024352,3228381273,1231,6
2024,10899896,3228381273,1232,8
2024,13099124,3228381273,1709,7
2024,13099124,3228381273,0156,7
2024,13099124,3228381273,1226,8
2024,13099124,3228381273,1229,7
2024,13099124,3228381273,1232,8
2024,11004108,3228381273,1709,9
2024,11004108,3228381273,0156,8
2024,11004108,3228381273,0156,8
2024,12465550,3228381273,1232,4
2024,12465550,3228381273,1233,9
2024,10916721,3228381273,1709,7
2024,10916721,3228381273,1709,4
2024,10916721,3228381273,0156,4
2024,10916721,3228381273,0156,0
2024,10916721,3228381273,1232,1
2024,10916721,3228381273,1232,0
2024,10912726,3228381273,1709,7
2024,10912726,3228381273,1226,7
2024,10912726,3228381273,1226,7
2024,10912726,3228381273,1233,7
2024,11184512,3228381273,1709,8
2024,11184512,3228381273,0156,8
2024,11184512,3228381273,1226,7
2024,11184512,3228381273,1231,5
2024,10654915,3228381273,0156,0
2024,10654915,3228381273,1226,0
2024,10654915,3228381273,1231,0
2024,10654915,3228381273,1232,0
2024,10654915,3228381273,1232,0
2024,11040995,3228381273,1229,5
2024,10708167,3228390016,1709,0
2024,10708167,3228390016,0223,5
2024,10708167,3228390016,0223,6
2024,10708167,3228390016,0156,5
2024,11002913,3228390016,0225,10
2024,11002913,3228390016,0223,10
2024,11002913,3228390016,0221,9
2024,11002913,3228390016,0156,10
2024,12563453,3228390016,0156,9
2024,10846382,3228390016,0222,4
2024,12563453,3228390016,0223,5
2024,10846382,3228390016,0156,6
2024,10903261,3228390016,1709,8
2024,11002807,3228390016,0223,8
2024,11002807,3228390016,0156,10
2024,11002807,3228390016,0156,9
2024,10897212,3228390016,0221,4
2024,10929469,3228390016,1709,0
2024,10929469,3228390016,0223,4
2024,10929469,3228390016,0222,1
2024,10929469,3228390016,0156,4
2024,10812899,3228390016,0222,7
2024,10812899,3228390016,0222,6
2024,10893131,3228390016,0222,9
2024,10893131,3228390016,0156,8
2024,10893131,3228390016,0156,7
2024,13452408,3228390016,0156,9
2024,13452408,3228390016,0156,9
2024,11011197,3228390016,1709,8
2024,11011197,3228390016,0221,9
2024,12270997,3228390016,1709,0
2024,12270997,3228390016,0225,0
2024,12270997,3228390016,0156,0
2024,11088265,3228390016,0225,9
2024,11088265,3228390016,0156,8
2024,11088265,3228390016,0156,9
2024,11248234,3228390016,1709,6
2024,11248234,3228390016,0156,0
2024,13458016,3228390016,0225,0
2024,13458016,3228390016,0221,0
2024,13458016,3228390016,0222,0
2024,10776723,3228390016,0225,5
2024,10776723,3228390016,0225,5
2024,10959217,3228390016,0223,10
2024,13114371,3228390016,0156,9
2024,13459021,3228390016,1709,0
2024,13459021,3228390016,0225,0
2024,13459021,3228390016,0223,2
2024,13459021,3228390016,0221,0
2024,13459021,3228390016,0221,0
2024,13459021,3228390016,0222,0
2024,13459021,3228390016,0156,0
2024,12651696,3228390016,1709,0
2024,10353865,3228390016,1709,6
2024,10353865,3228390016,0225,6
2024,11763179,3228390016,0225,8
2024,13238582,3228390016,0156,0
2024,13238582,3228390016,0156,0
2024,11479705,3228390016,1709,4
2024,11479705,3228390016,0222,6
2024,13316624,3228390016,1709,6
2024,10070165,3228390016,1709,7
2024,10070165,3228390016,0223,5
2024,10070165,3228390016,0223,6
2024,10517185,3228390016,0225,0
2024,10517185,3228390016,0222,2
2024,10517185,3228390016,0156,0
2024,10517185,3228390016,0156,0
2024,10517185,3228390016,0156,0
2024,13458659,3228390016,1709,0
2024,13458659,3228390016,0225,0
2024,13458659,3228390016,0221,0
2024,13458659,3228390016,0222,0
2024,13458659,3228390016,0156,0
2024,12510101,3228390016,0156,0
2024,12875318,3228390016,1709,7
2024,12875318,3228390016,0223,7
2024,12875318,3228390016,0221,8
2024,12875318,3228390016,0222,8
2024,13006056,3228390016,0225,6
2024,13366127,3228390016,0225,9
2024,13366127,3228390016,0156,7
2024,13366127,3228390016,0156,9
2024,10473027,3228390016,1709,0
2024,10473027,3228390016,1709,0
2024,10473027,3228390016,0225,0
2024,10473027,3228390016,0222,0
2024,10675115,3228390016,1709,4
2024,10675115,3228390016,1709,4
2024,10675115,3228390016,0222,6
2024,12739645,3228390016,0222,9
2024,10885064,3228390016,0221,6
2024,10885064,3228390016,0221,6
2024,10459081,3228390016,0223,0
2024,10459081,3228390016,0156,0
2024,12736802,3228390016,0221,0
2024,12736802,3228390016,0156,0
2024,10803714,3228390016,0225,9
2024,10803714,3228390016,0223,9
2024,10803714,3228390016,0221,7
2024,10803714,3228390016,0221,8
2024,10803714,3228390016,0221,7
2024,10803714,3228390016,0222,7
2024,11323147,3228390016,0225,0
2024,11323147,3228390016,0225,0
2024,11323147,3228390016,0223,0
2024,11847570,3228390016,0225,0
2024,11847570,3228390016,0156,0
2024,10762386,3162077488,1230,7
2024,10762386,3162077488,1234,5
2024,13112701,3162077488,CV0002,6
2024,13112701,3162077488,1227,9
2024,13112701,3162077488,1228,9
2024,10776722,3162077488,1230,0
2024,10932819,3162077488,CV0002,7
2024,10932819,3162077488,1234,7
2024,10766806,3162077488,1237,0
2024,10932819,3162077488,1237,0
2024,10789649,3162077488,1235,7
2024,11667242,3162077488,CV0002,8
2024,11667242,3162077488,1227,8
2024,11744036,3162077488,1234,9
2024,10791133,3162077488,1235,6
2024,10791133,3162077488,1237,0
2024,12907793,3162077488,1227,8
2024,10909605,3162077488,CV0002,7
2024,10909605,3162077488,1228,9
2024,10889204,3162077488,CV0002,7
2024,10889204,3162077488,1228,9
2024,10897205,3162077488,1235,6
2024,10805487,3162077488,1230,6
2024,10805487,3162077488,1235,6
2024,10858044,3162077488,1228,9
2024,10858044,3162077488,1235,3
2024,10852104,3162077488,1227,5
2024,10852104,3162077488,1234,6
2024,10887844,3162077488,1235,7
2024,10802935,3162077488,CV0002,6
2024,10802935,3162077488,1227,0
2024,10802935,3162077488,1234,7
2024,10770893,3162077488,CV0002,7
2024,10770893,3162077488,1227,0
2024,10770893,3162077488,1228,0
2024,10770893,3162077488,1230,0
2024,10770893,3162077488,1234,5
2024,10707734,3162077488,1237,0
2024,10895114,3162077488,1230,8
2024,10895114,3162077488,1234,6
2024,11336367,3162077488,CV0002,9
2024,11336367,3162077488,1227,8
2024,11336367,3162077488,1230,7
2024,11336367,3162077488,1235,7
2024,10920099,3162077488,1227,10
2024,10920099,3162077488,1228,8
2024,10920099,3162077488,1230,10
2024,10920099,3162077488,1235,8
2024,10920099,3162077488,1237,0
2024,12932662,3162077488,CV0002,7
2024,12932662,3162077488,1227,9
2024,10851064,3162077488,1228,4
2024,10851064,3162077488,1230,4
2024,10851064,3162077488,1230,5
2024,10718886,3162077600,CV0004,4
2024,10718886,3162077600,1013,0
2024,10690358,3162077600,CV0004,5
2024,10690358,3162077600,1007,8
2024,10690358,3162077600,1008,6
2024,10690358,3162077600,1110,9
2024,10826692,3162077600,1007,10
2024,10826692,3162077600,1008,6
2024,10852071,3162077600,1008,7
2024,10852071,3162077600,1009,6
2024,10707845,3162077600,1011,8
2024,10375121,3162077600,1110,9
2024,10795882,3162077600,1007,8
2024,10795882,3162077600,1009,6
2024,10833265,3162077600,CV0004,6
2024,10833265,3162077600,1007,10
2024,10768351,3162077600,1009,6
2024,12719809,3162077600,1007,9
2024,12719809,3162077600,1009,7
2024,10737190,3162077600,CV0004,7
2024,10737190,3162077600,1008,8
2024,10737190,3162077600,1011,9
2024,10737190,3162077600,1013,0
2024,10426520,3162077600,1110,9
2024,10432949,3162077600,1008,8
2024,10432949,3162077600,1011,9
2024,10432949,3162077600,1109,9
2024,10820754,3162077600,1008,6
2024,10466022,3162077600,CV0004,6
2024,10466022,3162077600,1007,6
2024,10723795,3162077600,1007,9
2024,10664778,3162077600,1009,7
2024,10664778,3162077600,1011,7
2024,13282254,3162077600,CV0004,5
2024,13282254,3162077600,1007,6
2024,10698475,3162077600,1110,8
2024,10792793,3162077600,1009,8
2024,10792793,3162077600,1110,10
2024,10532574,3162077600,1008,0
2024,13040510,3162077600,1007,9
2024,13040510,3162077600,1007,9
2024,13040510,3162077600,1011,8
2024,13040510,3162077600,1012,4
2024,13040510,3162077600,1013,0
2024,13243061,3162077600,1110,7
2024,10690015,3162077600,CV0004,7
2024,10690015,3162077600,1110,8
2024,10378770,3162077600,1011,0
2024,10378770,3162077600,1109,0
2024,13249466,3162077600,1009,9
2024,13249466,3162077600,1110,9
2024,12424432,3162077600,1007,9
2024,12424432,3162077600,1011,9
2024,12424432,3162077600,1109,8
2024,12424432,3162077600,1109,9
2024,10375621,3162077600,1008,8
2024,10375621,3162077600,1009,9
2024,11502177,3162077600,1009,9
2024,11502177,3162077600,1013,0
2024,10809481,3162077600,1007,9
2024,10809481,3162077600,1008,8
2024,10809481,3162077600,1109,8
2024,10303629,3162077600,1012,5
2024,12630557,3162077600,1007,0
2024,12630557,3162077600,1008,0
2024,12630557,3162077600,1009,0
2024,12735439,3162077600,1007,9
2024,12300236,3162077600,CV0004,4
2024,12300236,3162077600,1109,7
2024,13460322,3162077600,1009,5
2024,10434495,3162077600,1011,0
2024,10318774,3162077600,1007,5
2024,10318774,3162077600,1008,7
2024,10318774,3162077600,1012,6
2024,10451295,3162077600,1011,8
2024,10803572,3162077600,1007,4
2024,10803572,3162077600,1009,7
2024,10803572,3162077600,1011,8
2024,10736212,3162077600,1009,0
2024,10736212,3162077600,1110,9
2024,10736212,3162077600,1110,5
2024,10278035,3162077600,1007,8
2024,13242370,3162077600,1109,9
2024,13242370,3162077600,1110,7
2024,10786442,3162077600,1011,9
2024,10354121,3162077600,1007,0
2024,10354121,3162077600,1109,3
2024,10691616,3162077600,1011,7
2024,10691616,3162077600,1110,7
2024,10691616,3162077600,1012,6
2024,13242369,3162077600,1011,0
2024,13242369,3162077600,1110,0
2024,10404684,3162077600,1007,4
2024,10404684,3162077600,1008,0
2024,10017290,3162077600,1009,9
2024,10318925,3162077600,1007,6
2024,10431067,3162077600,1007,3
2024,10123639,3162077600,1012,0
2024,10382660,3162077600,1013,0
2024,11074029,3162077551,0823,7
2024,11074029,3162077551,0822,7
2024,10804683,3162077551,0825,9
2024,10804683,3162077551,CV0010,9
2024,10397145,3162077551,0825,9
2024,10752122,3162077551,0826,8
2024,10808796,3162077551,0823,8
2024,10808796,3162077551,0822,8
2024,10808796,3162077551,CV0010,10
2024,13288467,3162077551,0827,8
2024,13288467,3162077551,0822,8
2024,10243788,3162077551,0822,6
2024,10713535,3162077551,0827,7
2024,10700138,3162077551,0826,6
2024,10323951,3162077551,0825,9
2024,10323951,3162077551,0823,7
2024,10323951,3162077551,0826,7
2024,10729579,3162077551,0828,9
2024,10770133,3162077551,0828,4
2024,10706042,3162077551,0824,6
2024,10706042,3162077551,CV0010,6
2024,13288446,3162077551,0823,8
2024,13288446,3162077551,0824,8
2024,10819055,3162077551,0822,8
2024,10819055,3162077551,0824,6
2024,10748318,3162077551,0825,7
2024,10748318,3162077551,0827,6
2024,10748318,3162077551,0826,4
2024,10748318,3162077551,0826,4
2024,10748318,3162077551,0826,6
2024,13293379,3162077551,CV0004,9
2024,13293379,3162077551,0825,8
2024,13293379,3162077551,0828,10
2024,10809450,3162077551,0823,9
2024,10809450,3162077551,0827,9
2024,10809450,3162077551,0824,8
2024,10758378,3162078584,243264,9
2024,10699142,3162078584,243264,4
2024,13448029,3162078584,243267,10
2024,13448029,3162078584,243267,9
2024,13448029,3162078584,243266,9
2024,10791102,3162078584,243265,10
2024,11285049,3162078584,243265,10
2024,10347923,3162078584,243264,9
2024,10675598,3162078584,243265,9
2024,10675598,3162078584,243267,5
2024,10783224,3162078584,243265,8
2024,10783224,3162078584,243267,9
2024,10783224,3162078584,243266,9
2024,13447274,3162078584,243267,9
2024,13447274,3162078584,243264,9
2024,13447284,3162078584,243266,4
2024,13467527,3162078584,243265,8
2024,13467527,3162078584,243264,4
2024,10287348,3162078584,243265,9
2024,10287348,3162078584,243267,9
2024,11316053,3162078584,243265,9
2024,10869145,3162078584,243265,9
2024,10869145,3162078584,243266,8
2024,10814418,3162078584,243267,7
2024,10862205,3162078584,243266,9
2024,11564293,3162078584,243265,9
2024,11564293,3162078584,243266,8
2024,11564293,3162078584,243264,4
2024,11564293,3162078584,243264,7
2024,10745557,3162078584,243265,8
2024,10745557,3162078584,243266,6
2024,10515204,3162078591,243601,0
2024,11251858,3162078591,243602,9
2024,10645661,3162078591,243602,9
2024,10645661,3162078591,243604,8
2024,10697595,3162078591,243604,7
2024,10709718,3162078591,243602,7
2024,10689702,3162078591,243602,8
2024,10689702,3162078591,243271,8
2024,10689702,3162078591,243270,8
2024,10772056,3162078591,243602,7
2024,10499298,3162078591,243601,0
2024,10723900,3162078591,243602,8
2024,10723900,3162078591,243604,9
2024,10510771,3162078591,243602,9
2024,10510771,3162078591,243601,0
2024,10689283,3162078591,243602,9
2024,10689283,3162078591,243604,6
2024,10689283,3162078591,243270,9
2024,10242875,3162078591,243604,8
2024,10850218,3162078591,243271,9
2024,10697823,3162078591,243270,7
2024,10706060,3162078591,243602,10
2024,10697613,3162078591,243270,9
2024,10352409,3162078591,243602,9
2024,10711820,3162078591,243602,9
2024,10711820,3162078591,243270,9
2024,10507995,3162076035,CV0004,8
2024,10507995,3162076035,0180,0
2024,10507995,3162076035,0175,7
2024,10507995,3162076035,0181,0
2024,10640379,3162076035,0181,5
2024,13263308,3162076035,0178,6
2024,11568873,3162076035,0176,7
2024,10742422,3162076035,0184,0
2024,10805336,3162076035,0181,3
2024,10805336,3162076035,0178,5
2024,10487908,3162076035,0180,9
2024,10487908,3162076035,0178,9
2024,13245158,3162076035,0180,9
2024,13245158,3162076035,0175,7
2024,10610451,3162076035,0180,9
2024,10610451,3162076035,0184,0
2024,10610451,3162076035,0176,6
2024,10814531,3162076035,CV0004,9
2024,10814531,3162076035,0178,10
2024,10838901,3162076035,0181,0
2024,10838901,3162076035,0183,6
2024,10838901,3162076035,0176,6
2024,10581335,3162076035,0180,9
2024,10581335,3162076035,0178,8
2024,10713910,3162076035,0184,0
2024,10713910,3162076035,0175,9
2024,10706770,3162076035,CV0004,7
2024,10706770,3162076035,0184,0
2024,10706770,3162076035,0178,7
2024,10849475,3162076035,0181,4
2024,10849475,3162076035,0178,8
2024,10468091,3162076035,0184,0
2024,10468091,3162076035,0175,9
2024,10267575,3162076035,0181,0
2024,10420918,3162076035,CV0004,7
2024,11264068,3162076035,0181,5
2024,11264068,3162076035,0178,6
2024,10392821,3162076035,CV0004,5
2024,10392821,3162076035,0181,7
2024,10392821,3162076035,0178,8
2024,10392821,3162076035,0175,7
2024,11921786,3162076035,0181,8
2024,11921786,3162076035,0183,7
2024,11921786,3162076035,0178,8
2024,13249462,3162076035,0181,9
2024,13249462,3162076035,0176,8
2024,13249462,3162076035,0176,9
2024,13249462,3162076035,0178,10
2024,10301350,3162076035,0181,7
2024,10301350,3162076035,0176,9
2024,10301350,3162076035,0175,8
2024,10264508,3162076035,0178,0
2024,10411178,3162076098,CV0004,9
2024,10282475,3162076098,0398,8
2024,10282475,3162076098,0180,9
2024,10675919,3162076098,CV0004,8
2024,10837553,3162076098,0397,9
2024,10305439,3162076098,0398,6
2024,10699672,3162076098,0400,4
2024,10677163,3162076098,CV0004,7
2024,10677163,3162076098,CV0004,4
2024,10677163,3162076098,CV0004,7
2024,10677163,3162076098,0180,8
2024,10707825,3162076098,0400,0
2024,10707825,3162076098,0397,3
2024,10837523,3162076098,0398,4
2024,12468964,3162076098,0397,8
2024,10700883,3162076098,CV0004,8
2024,10700883,3162076098,0180,8
2024,13127380,3162076098,CV0004,0
2024,13127380,3162076098,0180,2
2024,13127380,3162076098,0397,8
2024,10709639,3162076098,CV0004,6
2024,10709639,3162076098,0400,4
2024,10709639,3162076098,0397,8
2024,13456089,3162076098,CV0004,8
2024,13456089,3162076098,0398,7
2024,10321371,3162076119,0388,5
2024,10664986,3162076119,0385,0
2024,10664986,3162076119,0390,7
2024,11632133,3162076119,0385,8
2024,10690446,3162076119,CV0004,9
2024,10690446,3162076119,0388,7
2024,12058330,3162076119,0385,8
2024,12058330,3162076119,0390,8
2024,12058330,3162076119,0387,7
2024,12058330,3162076119,0387,8
2024,10742990,3162076119,0385,9
2024,10742990,3162076119,0390,9
2024,10428047,3162076119,0388,0
2024,10041748,3162076119,CV0004,0
2024,10277303,3162076119,0391,0
2024,10486936,3162076119,0386,8
2024,10610383,3162076119,0388,9
2024,12734916,3162076119,0386,0
2024,10887591,3162079713,CV0002,8
2024,10780309,3162076119,0388,6
2024,10926432,3162079713,0443,8
2024,10926432,3162079713,0448,9
2024,10737176,3162079713,0442,8
2024,10737176,3162079713,0448,8
2024,10857947,3162079713,CV0002,7
2024,10857947,3162079713,0443,3
2024,10916753,3162079713,CV0002,9
2024,10916753,3162079713,0442,7
2024,10840996,3162079713,0446,8
2024,10840996,3162079713,0448,6
2024,11802825,3162079713,CV0002,8
2024,11802825,3162079713,0446,7
2024,11802825,3162079713,0448,7
2024,10925424,3162079713,CV0002,9
2024,10925424,3162079713,0442,9
2024,12890835,3162079713,0443,6
2024,12890835,3162079713,0448,4
2024,10707891,3162079713,CV0002,4
2024,10707891,3162079713,0442,7
2024,11594116,3162079713,0446,4
2024,10688886,3162079713,0448,7
2024,10924358,3162079713,CV0002,6
2024,10924358,3162079713,0448,6
2024,10798521,3162079713,0446,8
2024,10798521,3162079713,0443,7
2024,10798521,3162079713,0443,6
2024,10798521,3162079713,0442,8
2024,10657315,3162079713,0446,10
2024,10657315,3162079713,0448,10
2024,12788547,3162079713,0442,7
2024,12788547,3162079713,0448,6
2024,10787713,3162079713,CV0002,8
2024,10787713,3162079713,0443,5
2024,10787713,3162079713,0448,6
2024,10793462,3162079713,0446,7
2024,13116617,3162079713,0442,9
2024,13116617,3162079713,0442,8
2024,13116617,3162079713,0448,6
2024,12424801,3162079713,0446,7
2024,12424801,3162079713,0443,7
2024,10431853,3162079713,CV0002,7
2024,13101838,3162079713,0446,6
2024,13101838,3162079713,0448,6
2024,10308441,3162079713,0442,0
2024,10308441,3162079713,0442,6
2024,10416752,3162079713,CV0002,7
2024,10416752,3162079713,0446,7
2024,11738860,3162079713,CV0002,0
2024,11738860,3162079713,0446,0
2024,10442321,3162079713,CV0002,0
2024,11780432,3162079713,0446,4
2024,12380827,3162079713,0442,0
2024,13458925,3162079713,CV0002,8
2024,13249406,3162079713,0442,7
2024,10940185,3162079713,0443,7
2024,10940185,3162079713,0451,0
2024,12736231,3162079713,0446,8
2024,13041457,3162079713,0442,0
2024,13459444,3162079713,0448,0
2024,11402624,3162079713,0442,8
2024,10410324,3162079713,0443,2
2024,10410324,3162079713,0448,2
2024,11349452,3162079713,0442,7
2024,12832437,3162079713,0442,5
2024,12853739,3162079713,0443,6
2024,10735143,3162079790,0652,0
2024,10735143,3162079790,0653,0
2024,11158351,3162079790,0657,9
2024,11319435,3162079790,0654,4
2024,10852355,3162079790,0655,6
2024,13282224,3162079790,0654,8
2024,12840433,3162079790,0655,8
2024,11837806,3162079790,0654,6
2024,10657739,3162079790,CV0004,9
2024,10657739,3162079790,0657,9
2024,10679661,3162079790,CV0004,8
2024,10437711,3162079790,0657,6
2024,10437711,3162079790,0660,0
2024,10509826,3162079790,0654,6
2024,11262097,3162079790,0653,8
2024,10500611,3162079790,CV0004,6
2024,10500611,3162079790,0655,10
2024,10500611,3162079790,0655,9
2024,10500611,3162079790,0657,8
2024,10500611,3162079790,0652,4
2024,10500611,3162079790,0653,4
2024,10500611,3162079790,0660,0
2024,12839144,3162079790,CV0004,7
2024,12839144,3162079790,0652,5
2024,12839144,3162079790,0653,2
2024,12839144,3162079790,0654,2
2024,10679690,3162079790,0655,9
2024,13038791,3162079790,CV0004,7
2024,13235855,3162079790,0655,8
2024,13235855,3162079790,0653,7
2024,13235855,3162079790,0656,9
2024,10652411,3162079790,0655,8
2024,10652411,3162079790,0652,6
2024,10515573,3162079790,0654,0
2024,11825237,3162079790,0655,7
2024,11825237,3162079790,0653,4
2024,11825237,3162079790,0656,6
2024,11825237,3162079790,0654,5
2024,10862522,3162079790,0655,5
2024,10862522,3162079790,0652,6
2024,10862522,3162079790,0653,7
2024,10792061,3162079790,0656,7
2024,10792061,3162079790,0654,4
2024,10699015,3162079790,CV0004,8
2024,10829023,3162079790,0657,6
2024,10829023,3162079790,0654,6
2024,10707732,3162079790,0655,9
2024,10707732,3162079790,0652,7
2024,13245586,3162079790,0660,0
2024,11144559,3162079790,0652,8
2024,11144559,3162079790,0660,0
2024,11144559,3162079790,0654,9
2024,13246215,3162079790,0653,8
2024,13246215,3162079790,0660,0
2024,13246215,3162079790,0654,7
2024,11335638,3162079790,0652,6
2024,10689191,3162079790,0653,10
2024,12737880,3162079790,CV0004,9
2024,11409670,3162079790,0653,0
2024,11409670,3162079790,0654,0
2024,13320897,3162079790,CV0004,3
2024,13320897,3162079790,0655,0
2024,12731205,3162079790,0656,9
2024,10816926,3162079790,CV0004,8
2024,13248595,3162079790,0655,6
2024,13248595,3162079790,0657,8
2024,12735122,3162079790,CV0004,5
2024,12735122,3162079790,0657,5
2024,12020369,3162079790,0654,3
2024,13527455,3162079790,0655,5
2024,13527455,3162079790,0657,9
2024,13038809,3162079790,CV0004,6
2024,11875204,3162079790,0655,4
2024,11875204,3162079790,0652,5
2024,13298754,3162079790,0652,0
2024,10283680,3162079790,CV0004,0
2024,13248312,3162079790,CV0004,5
2024,10707654,3162080071,0382,0
2024,10027669,3162079936,0227,0
2024,10792793,3162077600,1013,0
2024,12832437,3162079713,CV0002,3
2024,10709639,3162076098,0180,6
2024,10041748,3162076119,CV0004,0
2024,10857947,3162079713,0446,6
2024,11010026,3162079713,0443,7
2024,12839144,3162079790,0655,5
2024,10792061,3162079790,CV0004,8
2024,11335638,3162079790,CV0004,6
2024,10689191,3162079790,CV0004,9
2024,11825237,3162079790,CV0004,9
2024,10862522,3162079790,CV0004,8
2024,13527455,3162079790,0656,0
2024,10735143,3162079790,0656,0
2024,10380889,3162079860,5023,10
2024,10652552,3162079860,5021,9
2024,10586308,3162079860,5021,9
2024,10517224,3162079860,5021,10
2024,10707654,3162080071,0381,6
2024,10303547,3162080071,0379,7
2024,10303547,3162080071,0382,0
2024,12433973,3162079993,0492,10
2024,13248857,3162079993,0492,9
2024,13248857,3162079993,0489,5
2024,10364384,3162079993,CV0004,10
2024,10277644,3162079993,0495,0
2024,10293307,3162079993,0495,0
2024,10279324,3162079993,0495,0
2024,10279375,3162079957,0616,0
2024,10679666,3162079936,0224,0
2024,10486854,3162075539,CV0004,5
2024,10961892,3228404816,0179,6
2024,10679722,3228404816,0649,6
2024,10819061,3228404816,0649,8
2024,12854002,3228413080,0179,9
2024,13456011,3228413080,0179,7
2024,11082671,3228413080,0179,8
2024,13456011,3228413080,0371,9
2024,10635003,3228413080,0371,10
2024,10962405,3228415772,1709,0
2024,10714135,3228415772,1368,4
2024,10906307,3228379385,0439,5
2024,10284131,3228379385,0156,0
2024,10499331,3228406931,0931,7
2024,10843404,3228410748,0174,9
2024,10843404,3228410748,0181p,10
2024,10392181,3228410748,0181p,6
2024,10392181,3228410748,0174,7
2024,10664803,3228410748,0173,0
2024,12413993,3228410748,0173,0
2024,10509253,3228410748,0173,0
2024,11330085,3228410892,0171,5
2024,13458016,3228390016,0156,0
2024,13006056,3228390016,0225,2
2024,10466022,3162077600,1012,6
2024,13249466,3162077600,1012,10
2024,10278035,3162077600,1007,0
2024,10792522,3162077600,1011,6
2024,10259264,3162077600,1011,9
2024,10709718,3162078591,243271,2
2024,10772056,3162078591,243271,0
2024,11324910,3162078591,243601,0
2024,10420918,3162076035,0181,6
2024,10264508,3162076035,0176,0
2024,10677163,3162076098,0180,8
2024,10411178,3162076098,0180,8
2024,10707825,3162076098,0402,0
2024,12468964,3162076098,0180,9
2024,10688886,3162079713,0446,7
2024,10735143,3162079790,0653,0
2024,13038797,3162079790,0653,0
2024,11319435,3162079790,0660,0
2024,10500611,3162079790,0656,6
2024,12839144,3162079790,0653,1
2024,10862522,3162079790,0660,0
2024,10829023,3162079790,0660,0
2024,11825237,3162079790,0660,0
2024,10083896,3162079790,0653,0
2024,13248857,3162079993,0494,6
2024,12427040,3162079993,0492,9
2024,10640914,3162079993,0494,7
2024,11904882,3162079993,0495,0
2024,10663109,3162079936,0226,0
2024,10663493,3162079957,0616,9
2024,10428502,3162075411,028001,8
2024,11260593,3162075411,028502,0
2024,10442635,3162075411,028502,0
2024,11321787,3162075411,028502,10
2024,10442635,3162075411,028503,0
2024,10803834,3162075411,028503,0
2024,10783722,3162075418,028601,0
2024,10244802,3162075418,028601,0
2024,13105352,3162075418,028601,0
2024,10707780,3162075418,028601,0
2024,10323990,3162075418,028601,0
2024,10486854,3162075539,1371,5
2024,10635766,3162075539,1374,6
2024,12332046,3228404816,0179,7
2024,10824617,3228404816,0649,4
2024,10381846,3228404816,0651,9
2024,10463434,3228404816,0651,0
2024,10819061,3228404816,0179,7
2024,10770501,3228415772,1375p,0
2024,10635026,3228406931,0179,8
2024,13458161,3228406931,0931,7
2024,10499331,3228406931,1012p,8
2024,10022321,3228406931,1012p,4
2024,10639978,3228410748,0171,7
2024,10639978,3228410748,0173,8
2024,10353865,3228390016,0223,4
2024,13282254,3162077600,1009,5
2024,10279046,3162077600,1009,5
2024,10690015,3162077600,1013,0
2024,10804683,3162077551,0827,8
2024,10397145,3162077551,0828,8
2024,10770133,3162077551,0828,5
2024,10748318,3162077551,0827,7
2024,10705571,3162078584,243267,10
2024,10507995,3162076035,0180,8
2024,11186762,3162076035,0178,0
2024,10778000,3162076098,0180,8
2024,12734916,3162076119,0387,0
2024,12853739,3162079713,0451,0
2024,13038791,3162079790,0660,0
2024,10515573,3162079790,0653,0
2024,11170823,3162079790,CV0004,0
2024,11904882,3162079993,0492,5
2024,10945672,3162079957,0616,9
2024,10392051,3162079957,0619,0
2024,13281547,3162075418,028601,0
2024,12826253,3162075539,1378,0
2024,13487291,3162075539,1373,6
2024,10802285,3228404816,0649,4
2024,10711948,3228404816,0649,6
2024,12332046,3228404816,0647,6
2024,10805501,3228413080,0372,0
2024,10679710,3228413382,0179,7
2024,10510136,3228406931,0931,0
2024,10397687,3228406931,1012p,4
2024,10323559,3228406931,1012p,0
2024,10303628,3228406931,1012p,8
2024,10303628,3228406931,0931,7
2024,12912453,3228410892,0179,4
2024,10887844,3162077488,1230,6
2024,10532574,3162077600,1110,0
2024,13242369,3162077600,1007,0
2024,10772056,3162078591,243270,0
2024,12734916,3162076119,0386,0
2024,13248312,3162079790,0652,3
2024,12731503,3162079790,0656,0
2024,12567860,3162079790,0654,7
2024,10454503,3162079790,0652,5
2024,10279159,3162079790,0655,5
2024,10279159,3162079790,0654,6
2024,12685301,3162079790,CV0004,0
2024,12685301,3162079790,0652,0
2024,11553064,3162079790,CV0004,8
2024,11553064,3162079790,CV0004,7
2024,11553064,3162079790,0652,5
2024,10416763,3162079790,0655,0
2024,10416763,3162079790,0654,0
2024,13457149,3162079790,CV0004,7
2024,10427669,3162079790,0653,6
2024,10412777,3162079790,0657,0
2024,10730130,3162079790,0654,0
2024,10451024,3162079790,0655,4
2024,10451024,3162079790,0656,8
2024,11170823,3162079790,CV0004,0
2024,11170823,3162079790,0655,0
2024,10349643,3162079790,0656,8
2024,13248215,3162079790,CV0004,5
2024,13038797,3162079790,0653,0
2024,11312274,3162079790,0654,1
2024,10083896,3162079790,0655,0
2024,10840651,3162079860,5023,10
2024,10840651,3162079860,5025,10
2024,11263266,3162079860,5023,0
2024,11263266,3162079860,5023,9
2024,10809218,3162079860,5021,9
2024,10809218,3162079860,5023,10
2024,10809218,3162079860,5024,9
2024,10415513,3162079860,5023,9
2024,10415513,3162079860,5023,10
2024,12724396,3162079860,5026,9
2024,10380889,3162079860,5024,9
2024,10517224,3162079860,5023,10
2024,10740579,3162079860,5026,7
2024,10846791,3162079860,5026,8
2024,11430890,3162079860,5021,5
2024,11430890,3162079860,5024,7
2024,11430890,3162079860,5025,5
2024,10652552,3162079860,5024,9
2024,10652552,3162079860,5026,8
2024,10810094,3162079860,5024,2
2024,10810094,3162079860,5024,2
2024,10355633,3162079860,5021,8
2024,10355633,3162079860,5023,9
2024,10355633,3162079860,5024,8
2024,11482158,3162079860,5024,7
2024,11482158,3162079860,5025,2
2024,10808794,3162079860,5021,9
2024,10808794,3162079860,5024,9
2024,12874164,3162079860,5025,9
2024,10781314,3162079860,5022,7
2024,10678728,3162079860,5023,8
2024,10678728,3162079860,5024,4
2024,10678728,3162079860,5025,7
2024,10586308,3162079860,5023,9
2024,10736698,3162079874,5071,8
2024,10328167,3162079874,5073,0
2024,10841155,3162079874,5075,0
2024,10832732,3162079874,5073,8
2024,10294470,3162079874,5072,0
2024,10294470,3162079874,5073,0
2024,10481669,3162079874,5075,8
2024,10747327,3162079874,5071,8
2024,10747327,3162079874,5075,8
2024,10304881,3162079874,5075,0
2024,10516191,3162079874,5071,9
2024,10516191,3162079874,5073,10
2024,10837507,3162079874,5071,0
2024,10405270,3162079874,5071,0
2024,10405270,3162079874,5073,0
2024,10405270,3162079874,5074,0
2024,10403933,3162079874,5071,0
2024,10403933,3162079874,5071,0
2024,10403933,3162079874,5072,0
2024,10403933,3162079874,5074,0
2024,12923163,3162079874,5071,8
2024,12923163,3162079874,5075,8
2024,10406026,3162079874,5071,9
2024,10406026,3162079874,5074,10
2024,10406026,3162079874,5075,5
2024,12068421,3162079874,5072,10
2024,12068421,3162079874,5075,8
2024,10837451,3162080071,CV0004,8
2024,11635385,3162080071,CV0004,8
2024,10707778,3162080071,0375,0
2024,10707778,3162080071,0377,0
2024,10855729,3162080071,CV0004,8
2024,10855729,3162080071,CV0004,9
2024,10855729,3162080071,0376,9
2024,10611327,3162080071,0378,10
2024,11242377,3162080071,0379,10
2024,10267085,3162080071,CV0004,9
2024,10707901,3162080071,0375,5
2024,10832107,3162080071,0374,9
2024,10832107,3162080071,0374,10
2024,10679688,3162080071,0378,7
2024,10679688,3162080071,0374,7
2024,10707654,3162080071,0378,2
2024,10707654,3162080071,0378,5
2024,10707654,3162080071,0377,5
2024,10707654,3162080071,0376,7
2024,10837560,3162080071,0375,9
2024,10864476,3162080071,0381,8
2024,10832097,3162080071,0375,3
2024,10832097,3162080071,0377,6
2024,10332972,3162080071,0382,0
2024,12722174,3162080071,0378,3
2024,12722174,3162080071,0375,0
2024,13257199,3162080071,0375,10
2024,10634348,3162080071,0378,5
2024,10963354,3162080071,0378,9
2024,10963354,3162080071,0374,10
2024,10748092,3162080071,0378,4
2024,10748092,3162080071,0377,6
2024,10691654,3162080071,CV0004,9
2024,10687382,3162080071,0377,3
2024,10687382,3162080071,0376,2
2024,10500950,3162080071,0378,3
2024,10500950,3162080071,0377,5
2024,10711859,3162080071,0378,0
2024,10711859,3162080071,0375,0
2024,10711859,3162080071,0377,0
2024,10711859,3162080071,0374,0
2024,12433973,3162079993,0490,8
2024,13248857,3162079993,CV0004,0
2024,13248857,3162079993,0492,0
2024,13248857,3162079993,0494,6
2024,13248857,3162079993,0486,0
2024,10679671,3162079993,0491,1
2024,10679671,3162079993,0488,8
2024,12636620,3162079993,0494,0
2024,12636620,3162079993,0494,0
2024,10525745,3162079993,0491,1
2024,10437714,3162079993,0491,0
2024,13459614,3162079993,0494,0
2024,11254010,3162079993,0490,9
2024,10332148,3162079993,0494,0
2024,10332148,3162079993,0490,0
2024,10332148,3162079993,0489,7
2024,11400429,3162079993,CV0004,6
2024,11400429,3162079993,0488,5
2024,11400429,3162079993,0486,6
2024,10279313,3162079993,0491,2
2024,10279313,3162079993,0490,1
2024,10640914,3162079993,0489,9
2024,10640914,3162079993,0486,8
2024,10905913,3162079993,0488,0
2024,10905913,3162079993,0486,0
2024,13038149,3162079993,CV0004,8
2024,13038149,3162079993,0491,2
2024,12735228,3162079993,0495,0
2024,12735228,3162079993,0491,9
2024,12735228,3162079993,0489,8
2024,12735228,3162079993,0488,7
2024,12735228,3162079993,0486,9
2024,12735228,3162079993,0486,8
2024,10512597,3162079993,0492,8
2024,10512597,3162079993,0491,5
2024,10512597,3162079993,0490,5
2024,10512597,3162079993,0488,3
2024,10512597,3162079993,0486,8
2024,10512597,3162079993,0486,8
2024,10979745,3162079993,0495,0
2024,11904882,3162079993,0494,6
2024,11904882,3162079993,0489,5
2024,12636390,3162079993,0494,8
2024,10254372,3162079993,0495,0
2024,10984790,3162079993,0489,6
2024,11891674,3162079993,0494,5
2024,11891674,3162079993,0491,0
2024,10635824,3162079993,0491,5
2024,10711791,3162079957,0613,3
2024,10666129,3162079957,0619,0
2024,10666129,3162079957,0616,9
2024,11572662,3162079993,0492,10
2024,10945672,3162079957,0613,7
2024,10736098,3162079957,0616,9
2024,10254986,3162079957,0613,7
2024,10201417,3162079957,0615,7
2024,10201417,3162079957,0612,7
2024,10730670,3162079957,0612,10
2024,10820972,3162079957,0619,0
2024,10820972,3162079957,0612,9
2024,10663063,3162079957,0612,3
2024,10392051,3162079957,CV0004,10
2024,10392051,3162079957,0615,5
2024,10392051,3162079957,0614,5
2024,10392051,3162079957,0613,2
2024,10489583,3162079957,0615,9
2024,10489583,3162079957,0612,10
2024,13294635,3162079957,0614,9
2024,11736342,3162079957,0619,0
2024,11736342,3162079957,0614,10
2024,11736342,3162079957,0613,10
2024,11736342,3162079957,0612,9
2024,10689194,3162079957,0615,8
2024,10689194,3162079957,0614,8
2024,10817332,3162079957,0614,8
2024,10817332,3162079957,0612,6
2024,10657057,3162079957,CV0004,6
2024,10657057,3162079957,0616,0
2024,10910799,3162079936,0231,0
2024,10888617,3162079936,CV0002,9
2024,10888617,3162079936,CV0002,8
2024,10888617,3162079936,0228,10
2024,10888617,3162079936,0226,8
2024,10904569,3162079936,0230,9
2024,10904569,3162079936,0226,7
2024,10904569,3162079936,0227,4
2024,10892259,3162079936,0228,7
2024,10892259,3162079936,0228,8
2024,10911129,3162079936,CV0002,10
2024,10911129,3162079936,0228,4
2024,10911129,3162079936,0226,7
2024,10911129,3162079936,0227,3
2024,13261957,3162079936,CV0002,6
2024,13261957,3162079936,0230,8
2024,13261957,3162079936,0228,8
2024,13261957,3162079936,0226,6
2024,13261957,3162079936,0224,5
2024,10911373,3162079936,0224,10
2024,10663109,3162079936,0228,0
2024,10663109,3162079936,0227,0
2024,10663109,3162079936,0227,0
2024,10789656,3162079936,0230,8
2024,11088604,3162079936,0228,9
2024,11088604,3162079936,0224,8
2024,10909591,3162079936,0231,0
2024,10909591,3162079936,0227,10
2024,10390554,3162079936,0228,8
2024,10017433,3162079936,0228,9
2024,10895404,3162079936,CV0002,10
2024,10895404,3162079936,0227,10
2024,12730601,3162079936,0224,8
2024,12505624,3162079936,0228,8
2024,13086978,3162079936,CV0002,7
2024,11421089,3162079936,CV0002,7
2024,11421089,3162079936,0227,7
2024,10283255,3162079936,0226,6
2024,10283255,3162079936,0227,7
2024,11825745,3162079936,0228,0
2024,11825745,3162079936,0227,0
2024,10344575,3162079936,0226,7
2024,12636621,3162079936,CV0002,9
2024,12636621,3162079936,0226,8
2024,10427584,3162079936,0227,4
2024,13250561,3162079936,0226,0
2024,10978459,3162079936,0228,0
2024,10978459,3162079936,0227,0
2024,10793625,3162075411,028502,9
2024,10793625,3162075411,028001,7
2024,10793625,3162075411,028501,7
2024,10793625,3162075411,028501,8
2024,10793625,3162075411,028100,10
2024,10260898,3162075411,028001,7
2024,10260898,3162075411,028503,9
2024,10260898,3162075411,028100,10
2024,12921679,3162075411,028503,3
2024,12921679,3162075411,028100,8
2024,13452193,3162075411,028505,4
2024,13452193,3162075411,028505,8
2024,13452193,3162075411,028100,10
2024,10471049,3162075411,028503,9
2024,10464351,3162075411,028503,7
2024,10464351,3162075411,028100,10
2024,10931651,3162075411,028505,4
2024,10783770,3162075411,028100,7
2024,11006716,3162075411,028502,7
2024,11006716,3162075411,028001,6
2024,11006716,3162075411,028501,3
2024,11004261,3162075411,028502,8
2024,11004261,3162075411,028502,7
2024,11004261,3162075411,028502,7
2024,11004261,3162075411,028503,4
2024,11004261,3162075411,028501,6
2024,11004261,3162075411,028100,5
2024,10901871,3162075411,028100,9
2024,11001548,3162075411,028502,8
2024,11001548,3162075411,028504,9
2024,11001548,3162075411,028503,7
2024,10409975,3162075411,028502,0
2024,10409975,3162075411,028504,0
2024,10409975,3162075411,028501,0
2024,10409975,3162075411,028501,0
2024,13451031,3162075411,028502,8
2024,13451031,3162075411,028503,9
2024,10428502,3162075411,028504,7
2024,10428502,3162075411,028503,8
2024,10904286,3162075411,028502,4
2024,10904286,3162075411,028503,7
2024,10904286,3162075411,028100,9
2024,12869703,3162075411,028502,4
2024,12869703,3162075411,028100,6
2024,11176344,3162075411,028504,6
2024,11176344,3162075411,028001,8
2024,11176344,3162075411,028501,4
2024,11176344,3162075411,028100,6
2024,10824027,3162075411,028502,6
2024,10824027,3162075411,028502,6
2024,10824027,3162075411,028505,4
2024,10358166,3162075411,028502,10
2024,10358166,3162075411,028503,10
2024,11318443,3162075411,028503,8
2024,11318443,3162075411,028501,9
2024,11318443,3162075411,028501,10
2024,11318443,3162075411,028100,10
2024,10906346,3162075411,028502,8
2024,10906346,3162075411,028504,10
2024,10906346,3162075411,028001,8
2024,10927446,3162075411,028504,10
2024,10927446,3162075411,028505,8
2024,10927446,3162075411,028001,9
2024,10927446,3162075411,028503,8
2024,10777684,3162075411,028502,4
2024,10777684,3162075411,028505,4
2024,10777684,3162075411,028503,6
2024,10777684,3162075411,028501,7
2024,13246042,3162075411,028502,10
2024,10805472,3162075411,028502,6
2024,10805472,3162075411,028502,4
2024,10805472,3162075411,028001,5
2024,10805472,3162075411,028001,5
2024,10926900,3162075411,028505,9
2024,10926900,3162075411,028503,8
2024,10926900,3162075411,028503,8
2024,10926900,3162075411,028100,8
2024,13287506,3162075411,028504,9
2024,13287506,3162075411,028001,8
2024,13287506,3162075411,028100,9
2024,10801002,3162075411,028001,7
2024,10801002,3162075411,028100,8
2024,13071991,3162075411,028100,9
2024,11260593,3162075411,028502,2
2024,11260593,3162075411,028502,0
2024,11260593,3162075411,028503,0
2024,11260593,3162075411,028100,0
2024,10895653,3162075411,028503,8
2024,10698491,3162075411,028505,7
2024,13124409,3162075411,028502,7
2024,13124409,3162075411,028504,7
2024,13124409,3162075411,028001,8
2024,11328075,3162075411,028502,4
2024,11328075,3162075411,028501,7
2024,11328075,3162075411,028100,8
2024,11328075,3162075411,028100,7
2024,12879841,3162075411,028502,3
2024,12879841,3162075411,028505,0
2024,10924060,3162075411,028502,7
2024,10924060,3162075411,028100,6
2024,10924060,3162075411,028100,7
2024,13456219,3162075411,028100,10
2024,10906500,3162075411,028502,6
2024,10906500,3162075411,028504,9
2024,10906500,3162075411,028001,4
2024,11231768,3162075411,028502,0
2024,11231768,3162075411,028502,0
2024,11231768,3162075411,028502,0
2024,11231768,3162075411,028503,0
2024,11231768,3162075411,028503,0
2024,10904182,3162075411,028502,6
2024,10904182,3162075411,028502,8
2024,10904182,3162075411,028001,8
2024,13458419,3162075411,028502,9
2024,13458419,3162075411,028501,7
2024,13458419,3162075411,028501,7
2024,11032717,3162075411,028503,8
2024,11032717,3162075411,028100,7
2024,10446775,3162075411,028505,0
2024,10446775,3162075411,028503,0
2024,10446775,3162075411,028503,0
2024,10912191,3162075411,028505,4
2024,10912191,3162075411,028505,0
2024,10912191,3162075411,028501,3
2024,13095949,3162075411,028502,9
2024,13095949,3162075411,028502,9
2024,13095949,3162075411,028501,8
2024,13456990,3162075411,028501,3
2024,13458439,3162075411,028503,10
2024,13458439,3162075411,028100,9
2024,10718947,3162075411,028502,9
2024,10718947,3162075411,028501,8
2024,10718947,3162075411,028100,10
2024,10251126,3162075411,028503,0
2024,11076555,3162075411,028505,0
2024,11076555,3162075411,028503,0
2024,11076555,3162075411,028503,0
2024,11076555,3162075411,028100,0
2024,11076555,3162075411,028100,0
2024,10511909,3162075411,028502,0
2024,11321787,3162075411,028505,10
2024,11321787,3162075411,028001,10
2024,11321787,3162075411,028001,10
2024,11321787,3162075411,028503,10
2024,10705766,3162075411,028504,0
2024,10705766,3162075411,028505,3
2024,10705766,3162075411,028503,7
2024,13364778,3162075411,028502,9
2024,13364778,3162075411,028504,8
2024,13364778,3162075411,028505,8
2024,13364778,3162075411,028505,9
2024,10401257,3162075411,028100,10
2024,10401257,3162075411,028100,10
2024,10244186,3162075411,028504,6
2024,10244186,3162075411,028505,4
2024,10244186,3162075411,028100,9
2024,10244186,3162075411,028100,9
2024,10803834,3162075411,028504,8
2024,10803834,3162075411,028504,6
2024,10803834,3162075411,028501,5
2024,10442635,3162075411,028504,3
2024,13514018,3162075411,028505,8
2024,13514018,3162075411,028503,8
2024,10913310,3162075411,028001,7
2024,10913310,3162075411,028503,4
2024,10913310,3162075411,028501,6
2024,11173156,3162075411,028505,4
2024,10894182,3162075411,028504,8
2024,11013996,3162075411,028502,8
2024,11013996,3162075411,028505,7
2024,11013996,3162075411,028001,8
2024,13459090,3162075411,028505,9
2024,13459090,3162075411,028503,10
2024,10681066,3162075411,028502,9
2024,10681066,3162075411,028505,4
2024,10681066,3162075411,028503,10
2024,10384941,3162075411,028501,9
2024,10616148,3162075411,028505,7
2024,10616148,3162075411,028503,9
2024,10616148,3162075411,028503,8
2024,12878698,3162075411,028502,0
2024,12459446,3162075411,028504,8
2024,12459446,3162075411,028501,6
2024,12459446,3162075411,028501,9
2024,11144881,3162075411,028504,0
2024,11144881,3162075411,028501,3
2024,12510297,3162075411,028502,10
2024,12510297,3162075411,028505,4
2024,12373449,3162075411,028504,8
2024,12373449,3162075411,028505,7
2024,12373449,3162075411,028001,6
2024,12373449,3162075411,028501,8
2024,12373449,3162075411,028100,7
2024,10241444,3162075411,028503,0
2024,10241444,3162075411,028503,0
2024,10241444,3162075411,028501,4
2024,10241444,3162075411,028501,0
2024,11664133,3162075411,028502,8
2024,11664133,3162075411,028505,4
2024,11664133,3162075411,028505,7
2024,11664133,3162075411,028501,6
2024,10017418,3162075411,028504,8
2024,10017418,3162075411,028001,7
2024,13230238,3162075411,028504,0
2024,11027241,3162075411,028001,8
2024,11027241,3162075411,028501,7
2024,13035254,3162075411,028502,8
2024,13035254,3162075411,028504,2
2024,13035254,3162075411,028503,9
2024,13035254,3162075411,028100,8
2024,13124410,3162075411,028502,9
2024,12877007,3162075411,028502,7
2024,12877007,3162075411,028001,7
2024,12877007,3162075411,028100,7
2024,10506539,3162075411,028503,4
2024,10506539,3162075411,028501,7
2024,10407717,3162075411,028505,0
2024,10407717,3162075411,028501,0
2024,12630701,3162075411,028502,9
2024,12630701,3162075411,028100,8
2024,10724616,3162075411,028502,4
2024,10388125,3162075411,028505,7
2024,10388125,3162075411,028001,5
2024,10388125,3162075411,028001,5
2024,10925235,3162075411,028504,3
2024,10925235,3162075411,028504,4
2024,10925235,3162075411,028001,1
2024,10925235,3162075411,028503,2
2024,13365806,3162075411,028501,8
2024,13289936,3162075411,028504,6
2024,13289936,3162075411,028001,9
2024,12618601,3162075411,028502,0
2024,10952090,3162075411,028505,4
2024,10952090,3162075411,028501,4
2024,10952090,3162075411,028100,10
2024,13461512,3162075411,028504,7
2024,13281688,3162075418,028601,0
2024,10808367,3162075418,028601,0
2024,10884628,3162075418,028601,0
2024,13034194,3162075418,028601,0
2024,13246090,3162075418,028601,0
2024,10819064,3162075418,028601,0
2024,10657224,3162075539,1377,8
2024,10652405,3162075539,CV0004,8
2024,10652405,3162075539,1371,7
2024,10831149,3162075539,CV0004,7
2024,10486854,3162075539,1375,0
2024,10486854,3162075539,1371,4
2024,10486854,3162075539,1371,4
2024,10486854,3162075539,1373,6
2024,10486854,3162075539,1373,6
2024,13242130,3162075539,1375,10
2024,13242130,3162075539,1373,10
2024,10664967,3162075539,1372,7
2024,10664967,3162075539,1377,7
2024,13281830,3162075539,1371,7
2024,13281830,3162075539,1371,8
2024,10834203,3162075539,1377,8
2024,10396024,3162075539,1373,9
2024,10396024,3162075539,1374,8
2024,10620831,3162075539,CV0004,8
2024,10620831,3162075539,1377,8
2024,13011023,3162075539,1374,8
2024,10657734,3162075539,CV0004,8
2024,10657734,3162075539,1377,7
2024,10711968,3162075539,CV0004,9
2024,10711968,3162075539,1378,0
2024,10679716,3162075539,1371,10
2024,10698110,3162075539,1371,8
2024,10698110,3162075539,1372,9
2024,10243955,3162075539,1375,8
2024,10505116,3162075539,1375,9
2024,10505116,3162075539,1378,0
2024,10319363,3162075539,1371,7
2024,10839832,3162075539,1371,6
2024,12739203,3162075539,CV0004,7
2024,12739203,3162075539,1371,9
2024,10027372,3162075539,1372,9
2024,10027372,3162075539,1374,9
2024,10689174,3162075539,1371,8
2024,10689174,3162075539,1374,8
2024,10698052,3162075539,1371,7
2024,10698052,3162075539,1372,4
2024,10781254,3162075539,1372,9
2024,11831183,3162075539,1378,0
2024,10734168,3162075539,1371,8
2024,10707900,3162075539,1371,7
2024,10707900,3162075539,1377,9
2024,10017422,3162075539,CV0004,8
2024,10776959,3162075539,1373,0
2024,10707896,3162075539,1371,7
2024,10707896,3162075539,1373,9
2024,10707896,3162075539,1374,9
2024,10635766,3162075539,1372,3
2024,10635766,3162075539,1372,5
2024,10635766,3162075539,1373,6
2024,11155646,3162075539,1371,7
2024,11155646,3162075539,1372,6
2024,11155646,3162075539,1373,8
2024,10503400,3162075539,1372,4
2024,10503400,3162075539,1373,9
2024,10517919,3162075539,1375,10
2024,13487291,3162075539,1374,4
2024,10420607,3162075418,028601,0
2024,13261957,3162079936,0231,0
2024,11242377,3162080071,0382,0
2024,10293307,3162079993,0492,7
2024,10279324,3162079993,0492,5
2024,13245900,3162079993,CV0004,5
2024,12735228,3162079993,CV0004,4
2024,10789656,3162079936,0231,0
2024,10344575,3162079936,0231,0
