anyo,alumno,curso,contenido,nota_numerica
2023,12739162,3003826548,CV0004,7
2023,12739162,3003826548,0180,7
2023,12708907,3003826548,CV0004,8
2023,12634107,3003826548,0176,8
2023,12708907,3003826548,0176,9
2023,12634107,3003826548,0175,7
2023,10636300,3003826548,CV0004,8
2023,11186762,3003826548,CV0004,7
2023,10304560,3003826548,0183,8
2023,12739162,3003826548,0180,8
2023,12739162,3003826548,0183,5
2023,12634107,3003826548,CV0004,4
2023,10304560,3003826548,CV0004,8
2023,10304560,3003826548,0181,9
2023,11402080,3003826548,0180,10
2023,10014485,3003826548,CV0004,8
2023,10014485,3003826548,CV0004,9
2023,10640379,3003826548,CV0004,8
2023,10734117,3003826548,0181,4
2023,12675110,3003826548,0181,7
2023,13034970,3003826548,0180,4
2023,10759106,3003826548,CV0004,9
2023,10406692,3003826548,0180,7
2023,10134445,3003826548,CV0004,7
2023,11402080,3003826548,0183,9
2023,10304560,3003826548,0183,8
2023,12675110,3003826548,0183,7
2023,10691401,3003826548,0180,9
2023,10691401,3003826548,0184,0
2023,11186762,3003826548,0181,2
2023,10640379,3003826548,0181,3
2023,10376639,3003826548,0181,0
2023,10357602,3003826548,0178,8
2023,10376639,3003826548,0178,2
2023,13034970,3003826548,0178,7
2023,10935906,3003826548,0178,0
2023,10406692,3003826548,0178,7
2023,10734117,3003826548,0176,8
2023,12675110,3003826548,0175,7
2023,12793270,3003826548,0175,4
2023,12003293,3003826548,CV0004,0
2023,10134445,3003826548,0184,0
2023,13097118,3003826548,0180,0
2023,12675110,3003826548,CV0004,5
2023,13034970,3003826548,0181,5
2023,12003293,3003826548,0176,0
2023,10134445,3003826548,0181,4
2023,12003293,3003826548,0178,0
2023,11329159,3003826548,0178,6
2023,13034960,3003826548,0183,7
2023,10134445,3003826548,0183,7
2023,13263308,3003826541,0177,5
2023,13240820,3003826541,0173,0
2023,13240820,3003826541,0174,4
2023,13240820,3003826541,0182,5
2023,11568873,3003826541,0174,8
2023,10742422,3003826541,0174,6
2023,11921786,3003826541,0173,8
2023,11921786,3003826541,0174,5
2023,13249462,3003826541,0173,8
2023,10421505,3003826541,0174,0
2023,10421505,3003826541,0182,1
2023,10421505,3003826541,0177,0
2023,10664803,3003826541,0177,6
2023,10664803,3003826541,0177,0
2023,10706770,3003826541,0173,7
2023,10706770,3003826541,0174,8
2023,11568873,3003826541,CV0003,9
2023,13263308,3003826541,0179,4
2023,11568873,3003826541,0179,9
2023,10421505,3003826541,0179,0
2023,13263308,3003826541,CV0003,4
2023,10838901,3003826541,CV0003,4
2023,13263308,3003826541,0172,5
2023,13263308,3003826541,0182,5
2023,13240820,3003826541,CV0003,4
2023,10805336,3003826541,CV0003,6
2023,10487908,3003826541,CV0003,8
2023,10610451,3003826541,CV0003,8
2023,11568873,3003826541,0171,9
2023,10581335,3003826541,0171,10
2023,11568873,3003826541,0172,8
2023,11568873,3003826541,0172,7
2023,10742422,3003826541,0171,6
2023,10713910,3003826541,0171,7
2023,10706770,3003826541,0171,6
2023,12679099,3003826541,0179,0
2023,10420918,3003826541,0179,7
2023,10805336,3003826541,0179,6
2023,10713910,3003826541,0179,9
2023,10421505,3003826541,0179,9
2023,13245158,3003826541,0179,4
2023,10507995,3003826541,0179,9
2023,12730900,3003826541,0179,9
2023,10507995,3003826541,0173,3
2023,10507995,3003826541,0174,7
2023,10420918,3003826541,0174,6
2023,12730900,3003826541,0174,8
2023,10507995,3003826541,0174,6
2023,10507995,3003826541,0182,8
2023,10838901,3003826541,0179,5
2023,10487908,3003826541,0177,6
2023,10713910,3003826541,0177,7
2023,10713910,3003826541,0173,7
2023,10421505,3003826541,0173,1
2023,13245158,3003826541,0173,3
2023,10420918,3003826541,CV0003,7
2023,11495548,3003826541,CV0003,0
2023,10420918,3003826541,0171,8
2023,10664803,3003826541,0171,0
2023,12730900,3003826541,0173,0
2023,10849475,3003826541,0179,8
2023,10849475,3003826541,0173,7
2023,13034983,3003826541,CV0003,0
2023,13034983,3003826541,0174,0
2023,13034983,3003826541,0182,0
2023,10489725,3003826541,0173,0
2023,10489725,3003826541,0173,0
2023,12870301,3003826541,0171,0
2023,12870301,3003826541,0177,0
2023,13062870,3003826541,0173,0
2023,11495548,3003826541,0173,0
2023,10664803,3003826541,0173,0
2023,12870301,3003826541,0173,0
2023,12679099,3003826541,0174,0
2023,11495548,3003826541,0171,0
2023,11921786,3003826541,0182,4
2023,13249462,3003826541,0182,10
2023,11921786,3003826541,0182,8
2023,12905546,3003826541,0182,0
2023,10805336,3003826541,0174,4
2023,13245158,3003826541,0171,6
2023,10507995,3003826541,0172,5
2023,11316431,3003826541,0172,0
2023,10489725,3003826541,0172,0
2023,12905546,3003826541,0174,0
2023,11564256,3003826541,0174,0
2023,13034983,3003826541,CV0003,0
2023,13034983,3003826541,0179,0
2023,11564256,3003826541,0179,0
2023,10489725,3003826541,CV0003,0
2023,12870301,3003826541,0172,0
2023,12734916,3003826611,0400,10
2023,10434284,3003826611,0398,1
2023,10496638,3003826611,0398,9
2023,10434284,3003826611,0402,0
2023,10017101,3003826611,0402,7
2023,10017101,3003826611,CV0004,8
2023,10420911,3003826611,CV0004,9
2023,10017101,3003826611,0399,8
2023,10428229,3003826611,0399,10
2023,10420911,3003826611,0403,0
2023,10364858,3003826611,0403,0
2023,10420911,3003826611,0399,4
2023,10306049,3003826611,0400,10
2023,10274804,3003826611,0400,9
2023,10248447,3003826611,0180,10
2023,10574372,3003826611,0180,7
2023,10574372,3003826611,0397,9
2023,10495929,3003826611,CV0004,9
2023,10432798,3003826611,CV0004,8
2023,10432798,3003826611,0399,10
2023,10432798,3003826611,0397,10
2023,10810890,3003826611,0398,9
2023,10810890,3003826611,0400,10
2023,13035483,3003826611,0397,10
2023,10514706,3003826611,0400,0
2023,10506767,3003826604,0401,0
2023,10698462,3003826604,CV0003,5
2023,10513851,3003826604,0179,5
2023,10718089,3003826604,0383,4
2023,10511432,3003826611,0402,8
2023,10420911,3003826611,0402,9
2023,10274804,3003826611,0402,7
2023,13055004,3003826611,0402,7
2023,11316431,3003826541,0174,0
2023,10495929,3003826611,0397,9
2023,10432798,3003826611,CV0004,8
2023,10507538,3003826611,CV0004,0
2023,10837523,3003826611,0398,4
2023,10842144,3003826611,0398,9
2023,13055004,3003826611,0397,9
2023,10803272,3003826604,0384,9
2023,13257485,3003826604,0384,0
2023,10837553,3003826604,0179,8
2023,10700883,3003826604,0179,7
2023,13242114,3003826604,0179,7
2023,10506767,3003826604,0179,0
2023,10677163,3003826604,0179,4
2023,13127380,3003826604,0179,0
2023,10837553,3003826604,0384,9
2023,10699672,3003826604,0384,9
2023,13242114,3003826604,0384,1
2023,10282475,3003826604,0384,8
2023,10837553,3003826604,0172,7
2023,10700883,3003826604,0172,8
2023,12468964,3003826604,0179,8
2023,12468964,3003826604,0401,7
2023,10698462,3003826604,0401,8
2023,12468964,3003826604,0401,7
2023,12468964,3003826604,0383,7
2023,10305439,3003826604,0383,7
2023,10698462,3003826604,0383,6
2023,12398431,3003826604,0383,6
2023,13127380,3003826604,0383,7
2023,10699672,3003826604,CV0003,6
2023,10282475,3003826604,CV0003,7
2023,13257485,3003826604,CV0003,4
2023,10699672,3003826604,0383,7
2023,13242114,3003826604,0383,3
2023,10506767,3003826604,0383,0
2023,10700883,3003826604,0173,6
2023,13242114,3003826604,0173,6
2023,10778000,3003826604,0172,8
2023,10675919,3003826604,0172,8
2023,13242114,3003826604,0171,0
2023,10513851,3003826604,0171,6
2023,10506767,3003826604,CV0003,0
2023,10506767,3003826604,0401,0
2023,10506767,3003826604,0171,0
2023,10698462,3003826604,0171,4
2023,10675919,3003826604,0171,8
2023,13127380,3003826604,0171,8
2023,10698462,3003826604,0171,8
2023,12398431,3003826604,0384,8
2023,10513851,3003826604,0384,8
2023,13257485,3003826604,0173,0
2023,10411178,3003826604,0179,8
2023,10513851,3003826604,0179,0
2023,13127380,3003826604,0173,8
2023,13288501,3003826604,0384,9
2023,13257407,3003826604,CV0003,0
2023,13257407,3003826604,0401,0
2023,13257407,3003826604,0171,0
2023,13257407,3003826604,0173,6
2023,10709639,3003826604,0179,7
2023,10709639,3003826604,0401,7
2023,10348121,3003826604,0172,7
2023,10348121,3003826604,0172,7
2023,10348121,3003826604,0173,7
2023,10699672,3003826604,0172,8
2023,10700883,3003826604,0172,8
2023,13127380,3003826604,0383,8
2023,10513851,3003826604,0383,3
2023,13257407,3003826604,0401,0
2023,13257407,3003826604,0383,0
2023,10488332,3003826632,0385,7
2023,10506040,3003826632,0385,7
2023,10862231,3003826632,0387,7
2023,10041748,3003826632,CV0004,0
2023,10041748,3003826632,0386,9
2023,10488332,3003826632,0388,6
2023,10850808,3003826632,0388,6
2023,10270975,3003826632,0388,9
2023,10850808,3003826632,0388,4
2023,10707407,3003826632,0388,9
2023,10713872,3003826632,CV0004,4
2023,10730159,3003826632,CV0004,10
2023,10850808,3003826632,CV0004,7
2023,10730159,3003826632,0387,7
2023,10850808,3003826632,0387,8
2023,10730159,3003826632,0386,7
2023,10780309,3003826632,0385,7
2023,10707407,3003826632,0180,9
2023,10707407,3003826632,0386,8
2023,10664909,3003826632,CV0004,7
2023,10664909,3003826632,0386,7
2023,10664924,3003826632,0388,4
2023,10708070,3003826632,CV0004,9
2023,10713451,3003826632,CV0004,4
2023,10815375,3003826632,CV0004,7
2023,12058330,3003826625,CV0003,9
2023,10707407,3003826632,0391,0
2023,10488332,3003826632,0391,0
2023,10862231,3003826632,0391,0
2023,10513718,3003826632,0391,0
2023,10365373,3003826632,0388,0
2023,10506040,3003826632,0388,0
2023,10428047,3003826632,0388,0
2023,10428047,3003826632,0180,8
2023,10664909,3003826632,0386,7
2023,10664924,3003826632,0386,8
2023,10303294,3003826632,0387,7
2023,10713451,3003826632,0385,7
2023,10700990,3003826625,CV0003,9
2023,11632133,3003826625,CV0003,9
2023,10512569,3003826625,CV0003,9
2023,10277303,3003826625,0172,7
2023,12472350,3003826625,0383,4
2023,10700990,3003826625,0383,6
2023,11632133,3003826625,0383,7
2023,10690446,3003826625,0383,8
2023,12472350,3003826625,0383,0
2023,10700990,3003826625,0384,0
2023,10512569,3003826625,CV0003,0
2023,10512569,3003826625,0179,0
2023,10512569,3003826625,0171,0
2023,10512569,3003826625,0172,0
2023,10664986,3003826625,0179,8
2023,10690446,3003826625,0179,0
2023,10664986,3003826625,0383,4
2023,10696634,3003826625,0383,9
2023,10664986,3003826625,0384,7
2023,10700990,3003826625,CV0003,0
2023,11632133,3003826625,0173,8
2023,10690446,3003826625,0173,6
2023,10696634,3003826625,0173,9
2023,10690446,3003826625,0171,7
2023,12058330,3003826625,0179,5
2023,12058330,3003826625,0383,10
2023,10486936,3003826625,CV0003,9
2023,10486936,3003826625,0179,8
2023,10742990,3003826625,CV0003,10
2023,10742990,3003826625,CV0003,8
2023,10742990,3003826625,0383,9
2023,10742990,3003826625,0173,8
2023,10610383,3003826625,0172,6
2023,10780758,3003826625,0383,9
2023,10780758,3003826625,0384,8
2023,13332666,3003826625,0179,0
2023,13332666,3003826625,0171,6
2023,13332666,3003826625,0384,0
2023,10706115,3003822344,1228,7
2023,10707734,3003822344,1228,3
2023,10836565,3003822344,1228,7
2023,10787504,3003822344,1228,6
2023,10766479,3003822344,1228,5
2023,10835701,3003822344,1228,0
2023,10835701,3003822344,1234,0
2023,12472350,3003826625,0179,0
2023,11632133,3003826625,CV0003,8
2023,12058330,3003826625,CV0003,8
2023,10742990,3003826625,CV0003,9
2023,12472350,3003826625,0384,0
2023,10664986,3003826625,0172,7
2023,10486936,3003826625,0172,7
2023,10277303,3003826625,0171,7
2023,10707825,3003826625,0171,5
2023,11632133,3003826625,0173,8
2023,10486936,3003826625,0173,7
2023,10780758,3003826625,0173,8
2023,10690446,3003826625,0173,6
2023,12058330,3003826625,0389,8
2023,10486936,3003826625,0179,7
2023,10742990,3003826625,0179,10
2023,10486936,3003826625,0172,7
2023,10610383,3003826625,0172,6
2023,13332666,3003826625,0172,0
2023,10486936,3003826625,0389,9
2023,10742990,3003826625,0173,10
2023,10610383,3003826625,0173,6
2023,13332666,3003826625,0173,4
2023,10780758,3003826625,0171,9
2023,10706115,3003822344,1235,5
2023,10707819,3003822344,1227,5
2023,10835701,3003822344,1227,0
2023,10799147,3003822344,1234,4
2023,10766479,3003822344,1234,5
2023,10770425,3003822344,1227,6
2023,10836565,3003822344,1227,5
2023,10770425,3003822344,1230,8
2023,10836565,3003822344,1230,8
2023,12736451,3003822344,1230,3
2023,10485831,3003822344,1230,7
2023,10787491,3003822344,1230,7
2023,10787504,3003822344,1230,8
2023,10770425,3003822344,1235,5
2023,12736451,3003822344,1235,6
2023,10766479,3003822344,1235,5
2023,10770425,3003822344,1237,0
2023,10836565,3003822344,1237,0
2023,12736451,3003822344,1234,5
2023,10783762,3003822344,1234,9
2023,10787504,3003822344,1234,5
2023,10641026,3003822344,1230,5
2023,10761897,3003822344,1230,8
2023,10689201,3003822344,CV0002,4
2023,10761897,3003822344,CV0002,8
2023,10787491,3003822344,CV0002,7
2023,10766479,3003822344,1228,5
2023,10835701,3003822344,1228,0
2023,10835701,3003822344,1230,0
2023,10835701,3003822344,1235,3
2023,11780595,3003822344,1227,6
2023,10706808,3003822344,1234,5
2023,10800025,3003822344,1228,9
2023,10800025,3003822344,1237,0
2023,10813126,3003822344,1228,9
2023,10813126,3003822344,1230,9
2023,10679722,3003822344,1228,7
2023,10679722,3003822344,1230,6
2023,10679722,3003822344,1234,6
2023,10766414,3003822344,1228,7
2023,10895114,3003822337,1233,8
2023,10932819,3003822337,1233,8
2023,10889204,3003822337,1233,9
2023,10707825,3003826625,0389,5
2023,10780758,3003826625,0389,8
2023,10895114,3003822337,CV0001,7
2023,12907793,3003822337,1236,6
2023,10766806,3003822337,1236,7
2023,10909605,3003822337,0156,8
2023,10909605,3003822337,1226,7
2023,10932819,3003822337,1226,7
2023,11336367,3003822337,0156,0
2023,11336367,3003822337,1233,7
2023,10688314,3003822337,1226,0
2023,10932819,3003822337,1226,4
2023,10889204,3003822337,1226,7
2023,10761942,3003822337,1233,9
2023,10932819,3003822337,0156,7
2023,10932819,3003822337,1226,7
2023,10932819,3003822337,1229,5
2023,10889204,3003822337,CV0001,8
2023,10889204,3003822337,1231,6
2023,10889204,3003822337,1236,8
2023,10762386,3003822337,1233,9
2023,10920099,3003822337,1236,7
2023,10897205,3003822337,0156,7
2023,10897205,3003822337,1231,6
2023,10897205,3003822337,1236,8
2023,10789649,3003822337,CV0001,7
2023,10789649,3003822337,1233,9
2023,10789649,3003822337,1233,9
2023,10789649,3003822337,1236,6
2023,11667242,3003822337,1226,8
2023,11667242,3003822337,1231,9
2023,10805487,3003822337,1226,4
2023,12695609,3003822337,1233,0
2023,10858044,3003822337,0156,8
2023,10858044,3003822337,1226,7
2023,10858044,3003822337,1226,7
2023,10858044,3003822337,1229,7
2023,12932662,3003822337,CV0001,6
2023,12932662,3003822337,0156,7
2023,12932662,3003822337,1236,7
2023,10852104,3003822337,CV0001,8
2023,10852104,3003822337,0156,8
2023,10887844,3003822337,1226,4
2023,10851064,3003822337,1233,6
2023,10776722,3003822337,1226,7
2023,10776722,3003822337,1233,8
2023,10776722,3003822337,1233,8
2023,10791133,3003822337,1226,6
2023,10791133,3003822337,1226,7
2023,10791133,3003822337,1236,5
2023,10762386,3003822337,1231,8
2023,10766806,3003822337,1231,9
2023,11336367,3003822337,1231,6
2023,10805487,3003822337,1231,6
2023,10776722,3003822337,1231,6
2023,10835701,3003822344,1235,0
2023,10766806,3003822337,CV0001,7
2023,10761942,3003822337,CV0001,8
2023,10851064,3003822337,CV0001,8
2023,10761942,3003822337,1232,8
2023,13112701,3003822337,1232,8
2023,10897205,3003822337,1229,6
2023,12932662,3003822337,1229,9
2023,10789649,3003822337,1226,8
2023,10789649,3003822337,1232,8
2023,10887844,3003822337,1232,6
2023,10789649,3003822337,1233,9
2023,11667242,3003822337,1232,9
2023,11744036,3003822337,1232,9
2023,12932662,3003822337,1232,9
2023,12695609,3003822337,CV0001,0
2023,12932662,3003822337,1231,8
2023,13112701,3003822337,1232,9
2023,10851064,3003822337,1229,4
2023,10277738,3003822449,0623,0
2023,10277738,3003822449,0930,0
2023,10278035,3003822449,0930,7
2023,10277738,3003822449,1010,0
2023,10277738,3003822449,1010,0
2023,10318774,3003822449,0623,4
2023,10318774,3003822449,0931,7
2023,12424432,3003822449,0931,8
2023,10466022,3003822449,CV0003,8
2023,10466022,3003822449,0931,6
2023,12300236,3003822449,CV0003,4
2023,12300236,3003822449,0623,4
2023,12424432,3003822449,0623,9
2023,10398706,3003822449,0623,0
2023,12300236,3003822449,0930,4
2023,10278035,3003822449,0930,7
2023,12300236,3003822449,0930,6
2023,12424432,3003822449,0930,9
2023,12300236,3003822449,1014,7
2023,12719809,3003822449,1014,8
2023,10278035,3003822449,CV0003,8
2023,12424432,3003822449,CV0003,10
2023,10411578,3003822449,CV0003,0
2023,10411578,3003822449,0179,0
2023,10411578,3003822449,0623,0
2023,10411578,3003822449,0930,0
2023,10411578,3003822449,0931,4
2023,10411578,3003822449,1010,3
2023,11502177,3003822449,0931,8
2023,13261750,3003822449,0930,0
2023,13261750,3003822449,1014,3
2023,13245229,3003822449,CV0003,0
2023,13245229,3003822449,1014,0
2023,10375621,3003822449,0930,8
2023,10375621,3003822449,0931,8
2023,13242371,3003822449,0623,0
2023,13242371,3003822449,0930,0
2023,13242371,3003822449,1010,0
2023,13261894,3003822449,0623,0
2023,13261894,3003822449,0930,0
2023,12735439,3003822449,0930,8
2023,12735439,3003822449,1014,7
2023,10318925,3003822449,0179,1
2023,10318925,3003822449,0623,5
2023,10318925,3003822449,0930,6
2023,10318925,3003822449,0931,8
2023,13249466,3003822449,CV0003,10
2023,11330270,3003822449,1010,0
2023,11330270,3003822449,1014,0
2023,10434495,3003822449,0623,0
2023,10354121,3003822449,0930,5
2023,10432949,3003822449,0931,8
2023,10270640,3003822449,0930,6
2023,10718886,3003822449,CV0003,6
2023,12857786,3003822449,0623,3
2023,12857786,3003822449,1010,2
2023,10816484,3003822449,CV0003,7
2023,10816484,3003822449,CV0003,7
2023,10816484,3003822449,0930,7
2023,10816484,3003822449,1010,5
2023,10691616,3003822449,CV0003,8
2023,10691616,3003822449,0179,8
2023,10691616,3003822449,0930,6
2023,13242370,3003822449,0930,7
2023,13242370,3003822449,0930,8
2023,10320697,3003822449,CV0003,7
2023,10736212,3003822449,CV0003,0
2023,10277738,3003822449,0931,0
2023,12735439,3003822449,0931,9
2023,10318925,3003822449,0931,7
2023,11502177,3003822449,0179,9
2023,13242370,3003822449,0179,0
2023,10689153,3003822449,CV0003,8
2023,10718081,3003822449,CV0003,8
2023,10768351,3003822449,CV0003,7
2023,10689153,3003822449,0179,7
2023,12719809,3003822449,0931,8
2023,10737190,3003822449,0931,9
2023,10795882,3003822449,0931,8
2023,10320697,3003822449,0931,9
2023,13261750,3003822449,0931,0
2023,13245229,3003822449,CV0003,0
2023,13242371,3003822449,CV0003,0
2023,10604170,3003822449,1014,0
2023,10718081,3003822449,0179,8
2023,10795882,3003822449,0179,0
2023,10718886,3003822449,0179,6
2023,10718081,3003822449,0930,7
2023,10852071,3003822449,0930,7
2023,10506770,3003822449,0930,0
2023,10718081,3003822449,0931,6
2023,10826692,3003822449,0931,8
2023,10584902,3003822449,0931,6
2023,10432949,3003822449,0931,9
2023,10279046,3003822449,0931,7
2023,10718081,3003822449,1014,6
2023,10809481,3003822449,1014,7
2023,10432949,3003822449,1014,9
2023,13242371,3003822449,1014,0
2023,13261894,3003822449,1014,0
2023,10318925,3003822449,1014,0
2023,10795882,3003822449,0623,8
2023,10795882,3003822449,0930,6
2023,10833265,3003822449,0930,8
2023,10426520,3003822449,0930,6
2023,10833265,3003822449,0930,6
2023,12735439,3003822449,1010,8
2023,13242370,3003822449,1010,7
2023,10318925,3003822449,0623,6
2023,10691616,3003822449,0623,6
2023,10768351,3003822449,1010,8
2023,10432949,3003822449,1010,8
2023,10506770,3003822449,1010,3
2023,10718886,3003822449,1010,7
2023,13249466,3003822449,0931,0
2023,11330270,3003822449,0179,0
2023,10354121,3003822449,0179,6
2023,10852071,3003822449,CV0003,9
2023,10432949,3003822449,1014,9
2023,10506770,3003822449,0623,0
2023,10506770,3003822449,0930,0
2023,10270640,3003822449,0179,4
2023,10718886,3003822449,0931,4
2023,10707845,3003822449,1010,9
2023,10375121,3003822449,CV0003,0
2023,10375121,3003822449,0930,6
2023,10375121,3003822449,0930,5
2023,10375121,3003822449,0930,7
2023,10375121,3003822449,0931,7
2023,13242369,3003822449,CV0003,4
2023,10296770,3003822449,CV0003,0
2023,10296770,3003822449,0179,0
2023,10296770,3003822449,0623,0
2023,10296770,3003822449,0930,0
2023,10296770,3003822449,1010,5
2023,10296770,3003822449,1014,0
2023,10664778,3003822449,0179,7
2023,10664778,3003822449,0623,8
2023,10664778,3003822449,0930,6
2023,10664778,3003822449,0931,7
2023,10820754,3003822449,CV0003,9
2023,10820754,3003822449,0179,10
2023,10820754,3003822449,0930,8
2023,13282254,3003822449,0179,8
2023,13282254,3003822449,0930,5
2023,13282254,3003822449,0931,6
2023,12480365,3003822449,0930,0
2023,11244122,3003822449,CV0003,0
2023,11244122,3003822449,1014,0
2023,10431067,3003822449,0623,0
2023,10431067,3003822449,0930,0
2023,10690358,3003822449,CV0003,6
2023,10690358,3003822449,0179,6
2023,10690358,3003822449,0930,5
2023,13326344,3003822449,0931,0
2023,13326344,3003822449,0931,0
2023,13326344,3003822449,1010,0
2023,13326344,3003822449,1010,0
2023,13326344,3003822449,1014,0
2023,10698475,3003822449,CV0003,4
2023,10698475,3003822449,0179,6
2023,10700384,3003822456,1008,8
2023,10017272,3003822456,1008,7
2023,10630518,3003822456,1008,9
2023,10279200,3003822456,1008,10
2023,10679644,3003822456,1013,0
2023,13242370,3003822449,1010,7
2023,10320697,3003822449,1010,7
2023,10354121,3003822449,1010,7
2023,13261750,3003822449,1014,0
2023,10691616,3003822449,1014,5
2023,13242370,3003822449,1014,8
2023,13326344,3003822449,1014,0
2023,13242371,3003822449,0931,0
2023,10820754,3003822449,0623,7
2023,10698475,3003822449,1010,3
2023,10514789,3003822456,1008,3
2023,10244882,3003822456,1008,7
2023,10514789,3003822456,1009,3
2023,10594447,3003822456,1009,7
2023,10382660,3003822456,1009,7
2023,10211605,3003822456,1009,7
2023,10514789,3003822456,1109,5
2023,10468190,3003822456,1109,8
2023,10338918,3003822456,1109,10
2023,10679644,3003822456,1109,7
2023,10244882,3003822456,CV0004,7
2023,10382660,3003822456,CV0004,9
2023,10594447,3003822456,1109,7
2023,10382660,3003822456,1109,7
2023,10594447,3003822456,1110,9
2023,10594447,3003822456,1110,9
2023,13040787,3003822456,1008,8
2023,11074562,3003822456,1008,6
2023,13040787,3003822456,1011,9
2023,13240343,3003822456,1008,7
2023,13240343,3003822456,1011,8
2023,10375529,3003822456,1011,8
2023,13240343,3003822456,1011,7
2023,13240343,3003822456,1109,6
2023,10281379,3003822456,1109,9
2023,10468190,3003822456,1109,8
2023,10017272,3003822456,1109,9
2023,10636290,3003822456,1109,8
2023,10256577,3003822456,1109,9
2023,10679644,3003822456,1109,7
2023,13240343,3003822456,1109,7
2023,13240343,3003822456,1110,9
2023,10427710,3003822456,1110,10
2023,10630518,3003822456,1110,10
2023,10338918,3003822456,1110,10
2023,10377143,3003822456,1110,9
2023,10281379,3003822456,CV0004,8
2023,10630518,3003822456,CV0004,10
2023,10427710,3003822456,1009,8
2023,10630518,3003822456,1009,8
2023,10427710,3003822456,1013,0
2023,10338918,3003822456,1013,0
2023,10468190,3003822456,1009,8
2023,10017272,3003822456,1012,8
2023,10636290,3003822456,CV0004,4
2023,10636290,3003822456,1007,6
2023,10420734,3003822456,1110,10
2023,10256577,3003822456,1110,9
2023,10279200,3003822456,1110,9
2023,10338918,3003822456,1007,8
2023,10344807,3003822456,1007,8
2023,10344807,3003822456,1012,7
2023,10700954,3003822456,CV0004,8
2023,10700954,3003822456,1009,7
2023,10700954,3003822456,1109,10
2023,10734337,3003822456,CV0004,8
2023,10835663,3003822456,1007,10
2023,10835663,3003822456,1011,9
2023,10839854,3003822456,1009,8
2023,10839854,3003822456,1110,8
2023,10839854,3003822456,1013,0
2023,11329660,3003822456,1012,4
2023,11512394,3003822456,1007,8
2023,11512394,3003822456,1011,7
2023,11645686,3003822456,1007,9
2023,11645686,3003822456,1109,10
2023,11645686,3003822456,1110,9
2023,11830264,3003822456,1013,0
2023,12743886,3003822456,CV0004,9
2023,12743886,3003822456,1007,4
2023,10320146,3003822456,1110,9
2023,10255058,3003822456,1008,0
2023,10255058,3003822456,1009,0
2023,10786442,3003822456,1110,9
2023,10322908,3003822456,1009,7
2023,10322908,3003822456,1109,7
2023,10349083,3003822456,1011,6
2023,10282698,3003822456,1109,6
2023,10282698,3003822456,1109,7
2023,10313709,3003822456,1109,0
2023,10689289,3003822456,1109,9
2023,10378770,3003822456,1008,0
2023,10378770,3003822456,1110,8
2023,10378770,3003822456,1110,8
2023,10248012,3003822456,1109,5
2023,13040829,3003822456,CV0004,9
2023,10688794,3003822456,1008,10
2023,11398648,3003822456,1009,8
2023,11398648,3003822456,1110,10
2023,10339317,3003822456,1011,7
2023,10339317,3003822456,1109,6
2023,11488090,3003822456,1110,0
2023,12636671,3003822456,1011,7
2023,10690358,3003822449,0623,6
2023,10514789,3003822456,1013,0
2023,10211605,3003822456,1013,0
2023,13040829,3003822456,1013,0
2023,10410306,3003822456,1013,0
2023,10700954,3003822456,1012,9
2023,11512394,3003822456,1012,7
2023,10734337,3003822456,1008,5
2023,12743886,3003822456,CV0004,10
2023,12743886,3003822456,1008,0
2023,10320146,3003822456,1007,8
2023,10378770,3003822456,1007,0
2023,13040829,3003822456,1007,3
2023,10688794,3003822456,1007,10
2023,10320146,3003822456,1012,10
2023,10255058,3003822456,1009,0
2023,10255058,3003822456,1011,0
2023,11398648,3003822456,1011,9
2023,10339317,3003822456,1011,7
2023,10255058,3003822456,1109,0
2023,10313709,3003822456,1007,0
2023,10354186,3003822456,CV0004,8
2023,10354186,3003822456,1007,10
2023,10786442,3003822456,1007,8
2023,10313709,3003822456,1110,0
2023,11488090,3003822456,1110,0
2023,10689289,3003822456,1008,7
2023,10378770,3003822456,1008,2
2023,10410306,3003822456,1008,7
2023,10378770,3003822456,1009,7
2023,10410306,3003822456,1009,7
2023,10688794,3003822456,CV0004,0
2023,11398648,3003822456,CV0004,9
2023,11488090,3003822456,CV0004,0
2023,12636671,3003822456,CV0004,10
2023,10467115,3003822456,1109,4
2023,11494374,3003822456,1110,10
2023,10303629,3003822456,1008,4
2023,10303629,3003822456,1011,8
2023,10700138,3003822414,0627,8
2023,10819112,3003822414,0829,0
2023,11074029,3003822414,0627,6
2023,10819055,3003822414,CV0008,9
2023,10713535,3003822414,CV0003,8
2023,10748318,3003822414,CV0003,3
2023,10804683,3003822414,CV0003,7
2023,13288446,3003822414,CV0003,8
2023,10713535,3003822414,0179,8
2023,10713535,3003822414,0625,8
2023,10839333,3003822414,0625,8
2023,10752122,3003822414,0625,9
2023,10808796,3003822414,0625,10
2023,10713535,3003822414,CV0008,8
2023,10752122,3003822414,CV0008,9
2023,10700138,3003822414,0622,9
2023,10706042,3003822414,0622,9
2023,10700138,3003822414,0623,9
2023,13288446,3003822414,0623,9
2023,10323951,3003822414,CV0003,7
2023,10819055,3003822414,CV0003,8
2023,10819112,3003822414,CV0003,0
2023,10397145,3003822414,CV0003,7
2023,10752122,3003822414,CV0003,6
2023,10819112,3003822414,0622,0
2023,10748318,3003822414,0622,9
2023,10839333,3003822414,0622,9
2023,10752122,3003822414,0622,9
2023,10706042,3003822414,0622,10
2023,10819112,3003822414,0625,0
2023,13288446,3003822414,0625,9
2023,10819112,3003822414,0623,0
2023,10752122,3003822414,0623,9
2023,10819112,3003822414,0623,0
2023,10819112,3003822414,CV0008,0
2023,10748318,3003822414,CV0008,10
2023,10729579,3003822414,0829,9
2023,10748318,3003822414,0179,3
2023,10770133,3003822414,0179,4
2023,10752122,3003822414,0179,4
2023,10748318,3003822414,0179,3
2023,10748318,3003822414,CV0008,9
2023,13288467,3003822414,CV0008,9
2023,10397145,3003822414,0179,7
2023,10397145,3003822414,0623,9
2023,10706042,3003822414,0623,8
2023,10752122,3003822414,0625,9
2023,13288446,3003822414,0625,10
2023,10706042,3003822414,0622,9
2023,13288467,3003822414,0627,4
2023,13291004,3003822414,0829,0
2023,13293379,3003822414,0179,9
2023,13293379,3003822414,0179,10
2023,13293379,3003822414,0622,8
2023,13293379,3003822414,0625,8
2023,13293379,3003822414,0627,6
2023,13293379,3003822414,CV0008,9
2023,13297778,3003822414,CV0003,3
2023,11205447,3003822407,CV0004,7
2023,10745922,3003822407,0826,7
2023,10017341,3003822407,0826,7
2023,10513334,3003822407,0826,7
2023,10745922,3003822407,CV0010,6
2023,12066525,3003822407,0825,8
2023,13054156,3003822407,0825,9
2023,10657675,3003822407,0825,4
2023,10022321,3003822407,0823,6
2023,10513334,3003822407,0823,6
2023,10870759,3003822407,0823,5
2023,10022321,3003822407,0828,4
2023,13009966,3003822407,0823,8
2023,11205447,3003822407,0823,5
2023,13009966,3003822407,0827,8
2023,10485798,3003822407,0825,7
2023,10485798,3003822407,0830,0
2023,10706084,3003822407,0827,6
2023,10870759,3003822407,0827,5
2023,10706084,3003822407,0826,5
2023,10017341,3003822407,0824,8
2023,10017341,3003822407,0828,6
2023,10657675,3003822407,CV0004,6
2023,10515930,3003822407,0822,7
2023,10723900,3003822872,243264,10
2023,10510771,3003822872,243264,8
2023,10610021,3003822872,243264,6
2023,10510771,3003822872,243266,8
2023,10697594,3003822872,243266,7
2023,10697823,3003822872,243266,7
2023,10352409,3003822872,243266,8
2023,10711820,3003822872,243266,8
2023,10610021,3003822872,243267,4
2023,10697613,3003822872,243267,8
2023,10689283,3003822872,243266,6
2023,10242875,3003822872,243266,9
2023,10850218,3003822872,243266,4
2023,10689283,3003822872,243266,8
2023,13285058,3003822872,243266,0
2023,10352409,3003822872,243266,8
2023,11251858,3003822872,243266,9
2023,10697594,3003822872,243265,8
2023,10850218,3003822872,243265,7
2023,10352409,3003822872,243265,9
2023,10697595,3003822872,243265,8
2023,10697823,3003822872,243265,8
2023,10515204,3003822872,243265,4
2023,10862844,3003822872,243267,8
2023,10697613,3003822872,243264,7
2023,10515204,3003822872,243267,5
2023,10697595,3003822872,243267,7
2023,10697595,3003822872,243266,7
2023,10697595,3003822872,243264,8
2023,10697595,3003822872,243264,7
2023,10709718,3003822872,243265,4
2023,10709718,3003822872,243267,7
2023,10709718,3003822872,243264,8
2023,10689702,3003822872,243265,4
2023,10772056,3003822872,243264,4
2023,10714036,3003822872,243267,4
2023,12061489,3003822879,243604,7
2023,11702324,3003822879,243602,7
2023,10697595,3003822872,243265,8
2023,11251858,3003822872,243265,10
2023,10697613,3003822872,243264,8
2023,10697595,3003822872,243264,8
2023,10817599,3003822879,243602,10
2023,10315233,3003822879,243602,9
2023,10378335,3003822879,243602,9
2023,10394874,3003822879,243602,7
2023,11348992,3003822879,243602,9
2023,10315233,3003822879,243270,8
2023,11348992,3003822879,243270,8
2023,10514849,3003822879,243270,8
2023,10724605,3003822879,243270,8
2023,10394874,3003822879,243604,8
2023,10402136,3003822879,243604,9
2023,10394874,3003822879,243271,7
2023,10518216,3003822879,243271,9
2023,12061489,3003822879,243271,9
2023,10439782,3003822879,243602,8
2023,10724605,3003822879,243271,7
2023,11348992,3003822879,243271,9
2023,11501644,3003822879,243602,9
2023,11702324,3003822879,243604,5
2023,11744370,3003822879,243602,10
2023,11744370,3003822879,243270,9
2023,13038386,3003822879,243271,8
2023,10899530,3003827233,0449,9
2023,10925424,3003827233,0449,8
2023,12832437,3003827233,CV0001,3
2023,10805007,3003827233,0438,0
2023,10514849,3003822879,243601,0
2023,13038288,3003822879,243601,0
2023,10916753,3003827233,CV0001,9
2023,10916753,3003827233,0441,8
2023,10887591,3003827233,0441,10
2023,10916753,3003827233,0441,8
2023,10925424,3003827233,0441,8
2023,10916753,3003827233,0438,7
2023,10916753,3003827233,0440,7
2023,10840996,3003827233,0440,8
2023,10888026,3003827233,0440,7
2023,10899530,3003827233,0440,8
2023,10840996,3003827233,CV0001,8
2023,12731696,3003827233,0437,8
2023,10942424,3003827233,0437,0
2023,12731696,3003827233,0449,3
2023,12731696,3003827233,0449,7
2023,12731696,3003827233,0441,0
2023,10416752,3003827233,0441,7
2023,12731696,3003827233,0441,4
2023,12731696,3003827233,0438,7
2023,12731696,3003827233,0156,7
2023,10308441,3003827233,0156,6
2023,10991644,3003827233,0156,7
2023,13101838,3003827233,0156,5
2023,11248561,3003827233,0156,4
2023,11068958,3003827233,0156,0
2023,13116617,3003827233,0440,9
2023,12839405,3003827233,0440,7
2023,10308441,3003827233,0440,6
2023,12561461,3003827233,0440,0
2023,13116617,3003827233,0440,9
2023,10926432,3003827233,0437,7
2023,10887591,3003827233,0437,7
2023,10926432,3003827233,0437,8
2023,10899530,3003827233,0437,6
2023,10926432,3003827233,0449,8
2023,10887591,3003827233,0449,8
2023,10926432,3003827233,0438,10
2023,12788547,3003827233,0438,8
2023,10416752,3003827233,0449,7
2023,12839405,3003827233,0439,7
2023,10991644,3003827233,0439,7
2023,10308441,3003827233,0437,7
2023,10991644,3003827233,0437,7
2023,11248561,3003827233,0437,3
2023,10308441,3003827233,0440,6
2023,10991644,3003827233,0156,8
2023,11402624,3003827233,0156,6
2023,11068958,3003827233,0156,0
2023,10888026,3003827233,CV0001,9
2023,10805007,3003827233,CV0001,8
2023,12788547,3003827233,0156,7
2023,10899530,3003827233,0156,10
2023,10793462,3003827233,0156,7
2023,13101838,3003827233,CV0001,4
2023,11402624,3003827233,CV0001,6
2023,13101838,3003827233,0439,8
2023,10737176,3003827233,0437,8
2023,10737176,3003827233,0439,8
2023,10887591,3003827233,0439,7
2023,10793477,3003827233,0439,6
2023,10805007,3003827233,0439,4
2023,10737176,3003827233,0439,9
2023,10925424,3003827233,0439,8
2023,10899530,3003827233,0156,10
2023,11402624,3003827233,0441,9
2023,13263652,3003827233,0437,0
2023,10793477,3003827233,0156,7
2023,10925424,3003827233,0439,7
2023,12832437,3003827233,0438,4
2023,12832437,3003827233,0440,5
2023,10302214,3003827233,0449,0
2023,10942424,3003827233,0439,0
2023,11068958,3003827233,0441,0
2023,10431853,3003827233,0441,8
2023,10431853,3003827233,0441,7
2023,13249406,3003827233,CV0001,7
2023,10325396,3003827233,0439,9
2023,11998646,3003827233,0437,0
2023,11998646,3003827233,0441,0
2023,10924358,3003827233,CV0001,6
2023,10924358,3003827233,0437,6
2023,10924358,3003827233,0441,3
2023,10924358,3003827233,0439,6
2023,12890835,3003827233,CV0001,4
2023,12890835,3003827233,0449,7
2023,12890835,3003827233,0439,5
2023,10453160,3003827233,0437,0
2023,10453160,3003827233,0449,2
2023,10453160,3003827233,0449,0
2023,10453160,3003827233,0441,0
2023,10453160,3003827233,0440,0
2023,10453160,3003827233,0156,0
2023,12116573,3003827233,0441,7
2023,12116573,3003827233,0439,8
2023,12116573,3003827233,0440,8
2023,12116573,3003827233,0156,8
2023,12736231,3003827233,0440,9
2023,12736231,3003827233,0156,0
2023,10787713,3003827233,0437,7
2023,10787713,3003827233,0156,10
2023,10787713,3003827233,0156,10
2023,10857947,3003827233,0156,8
2023,11738860,3003827233,CV0001,5
2023,10707891,3003827233,CV0001,6
2023,10707891,3003827233,0439,4
2023,10707891,3003827233,0156,6
2023,11240615,3003827233,0437,0
2023,11240615,3003827233,0441,0
2023,11240615,3003827233,0440,0
2023,10657315,3003827233,0156,10
2023,10940185,3003827233,0438,7
2023,10798521,3003827233,0439,7
2023,11504482,3003827233,0439,0
2023,11504482,3003827233,0440,0
2023,10728710,3003827233,CV0001,4
2023,10728710,3003827233,0156,7
2023,10268408,3003827233,0441,0
2023,10268408,3003827233,0440,0
2023,10268408,3003827233,0440,0
2023,10679709,3003827233,0439,4
2023,12380827,3003827233,CV0001,0
2023,12380827,3003827233,0438,0
2023,12380827,3003827233,0440,4
2023,10932086,3003827233,CV0001,4
2023,10932086,3003827233,0438,0
2023,10932086,3003827233,0440,0
2023,11480547,3003827233,0449,0
2023,10314841,3003827240,0443,0
2023,10707705,3003827240,0446,6
2023,11236365,3003827240,CV0002,0
2023,12730573,3003827240,CV0002,9
2023,12730573,3003827240,0443,10
2023,10357636,3003827240,0446,8
2023,10431853,3003827233,0437,8
2023,12832437,3003827233,0437,6
2023,12424801,3003827233,0437,7
2023,12736231,3003827233,0437,6
2023,13249406,3003827233,0156,7
2023,12736231,3003827233,0156,4
2023,10657315,3003827233,0156,9
2023,10325396,3003827233,0438,7
2023,11998646,3003827233,CV0001,0
2023,11738860,3003827233,CV0001,5
2023,10728710,3003827233,CV0001,7
2023,10924358,3003827233,0449,5
2023,12890835,3003827233,0438,8
2023,10798521,3003827233,0438,7
2023,12853739,3003827233,0438,7
2023,10857947,3003827233,0440,7
2023,10798521,3003827233,0440,7
2023,10707891,3003827233,0441,4
2023,10679709,3003827233,0441,4
2023,12571872,3003827233,0438,0
2023,12380827,3003827233,0438,5
2023,11480547,3003827233,0438,0
2023,10333064,3003827240,0448,7
2023,11569044,3003827240,0448,7
2023,11502410,3003827240,0448,0
2023,10174516,3003827240,0448,8
2023,13035060,3003827240,0446,6
2023,10333064,3003827240,0446,8
2023,13035060,3003827240,0442,7
2023,10707679,3003827240,0442,9
2023,13040607,3003827240,0442,9
2023,13035060,3003827240,0451,0
2023,10707679,3003827240,0443,4
2023,11567443,3003827240,0443,8
2023,10352638,3003827240,0443,8
2023,10248785,3003827240,0443,4
2023,12623647,3003827240,0442,8
2023,11739905,3003827240,0442,8
2023,13041457,3003827240,0442,0
2023,12096343,3003827240,0442,0
2023,13040607,3003827240,0448,8
2023,11010026,3003827240,0448,8
2023,10707705,3003827240,0448,8
2023,10333064,3003827240,0446,10
2023,11254522,3003827240,0446,10
2023,10174516,3003827240,0446,7
2023,11241112,3003827240,0446,9
2023,10248785,3003827240,0446,7
2023,10509186,3003827240,0442,4
2023,10496592,3003827240,0442,7
2023,10496592,3003827240,CV0002,7
2023,10832154,3003827240,CV0002,5
2023,10496592,3003827240,0442,6
2023,10496592,3003827240,0448,6
2023,10832154,3003827240,0443,3
2023,11569044,3003827240,0443,3
2023,10129831,3003827240,0443,6
2023,11502410,3003827240,CV0002,7
2023,11241112,3003827240,CV0002,6
2023,10248785,3003827240,CV0002,5
2023,11502410,3003827240,0443,0
2023,10697215,3003827240,0451,0
2023,12096343,3003827240,0442,0
2023,11350133,3003827240,CV0002,0
2023,10244048,3003827240,0451,0
2023,12730573,3003827240,0448,9
2023,10357636,3003827240,0443,6
2023,10357636,3003827240,0448,5
2023,10323662,3003827240,0446,4
2023,10323662,3003827240,0443,0
2023,10411560,3003827240,CV0002,8
2023,10411560,3003827240,0451,0
2023,10411560,3003827240,0448,7
2023,10411560,3003827240,0448,8
2023,11325287,3003827240,CV0002,9
2023,10017455,3003827240,0446,9
2023,10017455,3003827240,0448,9
2023,10742998,3003827240,0446,9
2023,10645465,3003827240,0448,9
2023,10679723,3003827240,0448,7
2023,10698482,3003827240,0446,6
2023,10852107,3003827240,0446,6
2023,10852107,3003827240,0443,6
2023,11664368,3003827240,0448,8
2023,12320496,3003827240,0443,0
2023,13263612,3003827240,0446,9
2023,11177748,3003827240,0446,9
2023,11177748,3003827240,0443,9
2023,11875204,3003827324,CV0003,0
2023,11875204,3003827324,0649,0
2023,10279159,3003827324,0649,9
2023,10454503,3003827324,0651,0
2023,10662076,3003827324,0649,0
2023,10662076,3003827324,0649,0
2023,10283680,3003827324,0649,0
2023,11671593,3003827324,0179,0
2023,11671593,3003827324,0648,0
2023,10470524,3003827324,0649,0
2023,10735143,3003827324,0647,6
2023,10645465,3003827240,0443,5
2023,10679723,3003827240,0443,8
2023,11664368,3003827240,0443,6
2023,10805222,3003827240,0451,0
2023,10852107,3003827240,CV0002,8
2023,12320496,3003827240,CV0002,8
2023,11825237,3003827324,0651,7
2023,10707732,3003827324,0651,7
2023,10792061,3003827324,0651,7
2023,10279159,3003827324,0179,4
2023,10419461,3003827324,0179,0
2023,12568905,3003827324,0179,9
2023,10735143,3003827324,0179,4
2023,10454503,3003827324,0648,7
2023,10321979,3003827324,0651,0
2023,12731205,3003827324,0651,5
2023,12731205,3003827324,0658,5
2023,10454503,3003827324,0648,8
2023,10980328,3003827324,0648,0
2023,10707732,3003827324,0658,5
2023,10707732,3003827324,0648,2
2023,10707732,3003827324,0647,7
2023,10509826,3003827324,0647,7
2023,11262097,3003827324,0647,9
2023,10707732,3003827324,0647,7
2023,10437711,3003827324,0647,8
2023,10243350,3003827324,CV0003,0
2023,10243350,3003827324,0658,0
2023,10243350,3003827324,0647,0
2023,11875204,3003827324,0647,8
2023,10679661,3003827324,0650,8
2023,11825237,3003827324,0650,7
2023,10862522,3003827324,0650,8
2023,10354855,3003827324,0658,6
2023,13248595,3003827324,0658,8
2023,12568905,3003827324,0658,6
2023,12731205,3003827324,0658,4
2023,10354855,3003827324,0648,10
2023,10419461,3003827324,0648,0
2023,10662076,3003827324,0648,0
2023,11572297,3003827324,0648,8
2023,10735143,3003827324,0648,4
2023,10437711,3003827324,0647,7
2023,13245586,3003827324,CV0003,10
2023,11262097,3003827324,CV0003,10
2023,10862522,3003827324,CV0003,9
2023,10509826,3003827324,0650,9
2023,13248312,3003827324,0650,0
2023,13248215,3003827324,0650,2
2023,10980328,3003827324,0650,4
2023,11572297,3003827324,0650,7
2023,12731205,3003827324,0650,0
2023,13248312,3003827324,0648,0
2023,13248595,3003827324,0648,7
2023,11671593,3003827324,0648,3
2023,12568905,3003827324,0648,5
2023,13248595,3003827324,CV0003,6
2023,10419461,3003827324,CV0003,0
2023,12731205,3003827324,CV0003,4
2023,13248595,3003827324,0658,9
2023,13248595,3003827324,0647,8
2023,10980328,3003827324,0647,6
2023,11671593,3003827324,0647,0
2023,10279159,3003827324,0647,8
2023,10419461,3003827324,0658,0
2023,10419461,3003827324,0647,0
2023,10470524,3003827324,0650,0
2023,12737880,3003827324,CV0003,9
2023,12737880,3003827324,0179,9
2023,12731205,3003827324,0179,0
2023,11262097,3003827324,0179,9
2023,11262097,3003827324,0648,6
2023,11262097,3003827324,0649,8
2023,11262097,3003827324,0649,8
2023,11825237,3003827324,0649,6
2023,11825237,3003827324,0179,9
2023,11825237,3003827324,0650,6
2023,10862522,3003827324,0658,6
2023,10662076,3003827324,0649,0
2023,10470524,3003827324,0649,0
2023,11572297,3003827324,0649,9
2023,10735143,3003827324,0649,7
2023,10980328,3003827324,0650,0
2023,10470524,3003827324,0650,0
2023,10470524,3003827324,0651,0
2023,11572297,3003827324,0651,9
2023,10470524,3003827324,0651,0
2023,11572297,3003827324,0651,9
2023,12568905,3003827324,0651,5
2023,10792061,3003827324,0650,8
2023,11572297,3003827324,0651,9
2023,12731205,3003827324,0179,6
2023,12731205,3003827324,0651,7
2023,10735143,3003827324,0650,1
2023,10256545,3003827324,0658,0
2023,10256545,3003827324,0648,0
2023,10835661,3003827324,0651,7
2023,10835661,3003827324,0649,8
2023,11335638,3003827324,0651,7
2023,10500611,3003827324,0648,7
2023,10819298,3003827324,CV0003,10
2023,10819298,3003827324,0650,8
2023,10819298,3003827324,0648,6
2023,10819298,3003827324,0647,7
2023,10819298,3003827324,0647,7
2023,12840433,3003827324,0179,5
2023,12840433,3003827324,0651,8
2023,12567860,3003827324,0658,8
2023,12567860,3003827324,0648,9
2023,12567860,3003827324,0647,9
2023,10615696,3003827324,0658,0
2023,10615696,3003827324,0658,0
2023,10615696,3003827324,0650,0
2023,10615696,3003827324,0648,0
2023,13282224,3003827324,0179,7
2023,13282224,3003827324,0651,9
2023,12839144,3003827324,0648,8
2023,12839144,3003827324,0649,5
2023,12839144,3003827324,0647,7
2023,11170823,3003827324,0647,8
2023,11837806,3003827324,0651,7
2023,11837806,3003827324,0651,6
2023,11837806,3003827324,0650,7
2023,11837806,3003827324,0647,7
2023,10403903,3003827324,0651,0
2023,11144559,3003827324,CV0003,7
2023,10679690,3003827324,0650,7
2023,10679690,3003827324,0648,5
2023,10679690,3003827324,0647,7
2023,11057251,3003827324,CV0003,7
2023,11057251,3003827324,0648,7
2023,10689191,3003827324,0650,10
2023,13242358,3003827324,0648,3
2023,13242358,3003827324,0649,0
2023,12584277,3003827324,0179,0
2023,12584277,3003827324,0651,0
2023,12584277,3003827324,0650,0
2023,11583817,3003827324,0179,0
2023,11583817,3003827324,0650,0
2023,13242362,3003827324,0651,5
2023,13242362,3003827324,0658,5
2023,13242362,3003827324,0648,6
2023,13242362,3003827324,0649,5
2023,13242362,3003827324,0647,5
2023,13246215,3003827324,0648,6
2023,13298754,3003827324,0179,0
2023,13298754,3003827324,0648,0
2023,13298754,3003827324,0649,0
2023,13320897,3003827324,0651,7
2023,13320897,3003827324,0648,5
2023,13320897,3003827324,0649,0
2023,10601480,3003827324,0651,7
2023,10779826,3003827317,0654,0
2023,10083896,3003827317,CV0004,0
2023,11235081,3003827317,0653,6
2023,10509826,3003827324,0649,6
2023,11335638,3003827324,0649,4
2023,12840433,3003827324,0649,6
2023,13282224,3003827324,0649,7
2023,11144559,3003827324,0649,8
2023,13246215,3003827324,0649,7
2023,10819298,3003827324,0658,9
2023,12840433,3003827324,CV0003,5
2023,12567860,3003827324,0179,9
2023,13282224,3003827324,0179,5
2023,10679690,3003827324,0179,9
2023,13246215,3003827324,0179,7
2023,12567860,3003827324,0658,9
2023,13282224,3003827324,0651,9
2023,13242362,3003827324,0651,5
2023,13298754,3003827324,CV0003,4
2023,10434680,3003827317,0655,0
2023,12735122,3003827317,0655,5
2023,10621683,3003827317,0655,0
2023,10083896,3003827317,0655,0
2023,10434680,3003827317,0654,0
2023,10433556,3003827317,0654,0
2023,13038797,3003827317,0654,8
2023,10410551,3003827317,0652,6
2023,12731503,3003827317,0652,4
2023,12734235,3003827317,0652,7
2023,13038791,3003827317,0652,8
2023,10406699,3003827317,0655,0
2023,10406699,3003827317,0653,0
2023,11569504,3003827317,0653,0
2023,10263726,3003827317,0653,8
2023,13038797,3003827317,0653,0
2023,13038681,3003827317,0653,0
2023,10621683,3003827317,0653,0
2023,10779826,3003827317,0652,0
2023,13038797,3003827317,0653,0
2023,10412777,3003827317,0656,8
2023,10433556,3003827317,0656,0
2023,10083896,3003827317,0656,5
2023,10433556,3003827317,0653,0
2023,11490214,3003827317,0653,6
2023,13038797,3003827317,0653,0
2023,11490214,3003827317,0652,6
2023,12734235,3003827317,CV0004,6
2023,12734235,3003827317,0654,7
2023,10421574,3003827317,0657,6
2023,10300393,3003827317,0655,5
2023,13038809,3003827317,0652,9
2023,11838297,3003827317,CV0004,7
2023,11838297,3003827317,CV0004,7
2023,11838297,3003827317,0653,8
2023,11321557,3003827317,0653,6
2023,10416763,3003827317,0654,3
2023,13038756,3003827317,0655,2
2023,13038756,3003827317,0653,3
2023,11489632,3003827317,CV0004,7
2023,11158351,3003827317,0653,4
2023,12095826,3003827317,CV0004,8
2023,12095826,3003827317,0654,8
2023,11084757,3003827317,0655,6
2023,10366490,3003827317,0655,10
2023,10707834,3003827317,0656,8
2023,10707834,3003827317,0654,4
2023,10711877,3003827317,0654,3
2023,10832134,3003827317,0654,4
2023,11248528,3003827317,0656,7
2023,10323618,3003827317,0653,0
2023,10705909,3003827317,0657,7
2023,10942415,3003827317,0657,5
2023,10327143,3003827317,0654,0
2023,11838297,3003827317,0655,6
2023,10323618,3003827317,0655,1
2023,11419138,3003827317,0657,0
2023,10743797,3003827317,CV0004,6
2023,12746359,3003827317,CV0004,10
2023,10698000,3003827317,CV0004,5
2023,10743797,3003827317,0654,7
2023,11672699,3003827317,0654,3
2023,10792497,3003827317,0655,10
2023,11084757,3003827317,0655,7
2023,10688217,3003827317,0655,8
2023,10792497,3003827317,0657,10
2023,10706049,3003827317,0657,8
2023,10707834,3003827317,0657,6
2023,10018398,3003827317,0657,6
2023,10792497,3003827317,0660,0
2023,10706049,3003827317,0660,0
2023,10018398,3003827317,0660,0
2023,10706049,3003827317,0652,10
2023,10832134,3003827317,0652,8
2023,10707834,3003827317,0653,7
2023,11248528,3003827317,CV0004,8
2023,11672699,3003827317,CV0004,4
2023,10018398,3003827317,CV0004,8
2023,10698000,3003827317,CV0004,4
2023,10705909,3003827317,CV0004,7
2023,11672699,3003827317,0652,4
2023,10323618,3003827317,0652,5
2023,10698000,3003827317,0657,5
2023,10967233,3003827317,0655,7
2023,11319435,3003827317,0655,8
2023,11319435,3003827317,0652,8
2023,11319435,3003827317,0653,7
2023,11158088,3003827317,0652,0
2023,10653326,3003827317,0653,7
2023,10653326,3003827317,0654,6
2023,12739825,3003827317,0654,7
2023,10596940,3003827317,CV0004,7
2023,10596940,3003827317,0652,8
2023,12020369,3003827317,0652,8
2023,11735453,3003829510,028001,4
2023,11234733,3003829510,028001,0
2023,10891407,3003829510,028001,9
2023,10420607,3003829510,028505,5
2023,13239736,3003829510,028100,10
2023,10678956,3003829510,028100,9
2023,12426107,3003829510,028502,9
2023,12426107,3003829510,028100,10
2023,13274066,3003829510,028505,0
2023,10737199,3003829510,028502,4
2023,10436905,3003829510,028001,7
2023,10436905,3003829510,028503,0
2023,10784833,3003829510,028504,4
2023,10762349,3003829510,028504,7
2023,10788057,3003829510,028503,8
2023,11407450,3003829510,028100,9
2023,12739825,3003827317,0657,8
2023,12739825,3003827317,0660,0
2023,10596940,3003827317,0656,7
2023,10333869,3003829510,028501,9
2023,10737199,3003829510,028501,7
2023,10784833,3003829510,028501,6
2023,11055595,3003829510,028502,10
2023,10678956,3003829510,028504,6
2023,10438200,3003829510,028504,0
2023,11407450,3003829510,028504,9
2023,11830567,3003829510,028504,6
2023,11320679,3003829510,028001,7
2023,11320679,3003829510,028503,6
2023,11487403,3003829510,028503,6
2023,13274066,3003829510,028503,0
2023,12569296,3003829510,028503,6
2023,11320679,3003829510,028501,8
2023,10525708,3003829510,028501,7
2023,10894547,3003829510,028505,9
2023,10783722,3003829510,028505,6
2023,10894547,3003829510,028501,9
2023,10333869,3003829510,028501,8
2023,10786265,3003829510,028501,9
2023,11495623,3003829510,028501,9
2023,11487403,3003829510,028504,8
2023,11572959,3003829510,028504,10
2023,13105352,3003829510,028504,6
2023,11407450,3003829510,028504,8
2023,11487403,3003829510,028100,9
2023,10678956,3003829510,028100,10
2023,11735453,3003829510,028505,4
2023,11735453,3003829510,028501,5
2023,13105352,3003829510,028501,5
2023,10438200,3003829510,028501,0
2023,11735453,3003829510,028100,6
2023,12938752,3003829510,028100,10
2023,13095162,3003829510,028100,10
2023,10899221,3003829510,028100,6
2023,11735453,3003829510,028100,5
2023,11735453,3003829510,028100,6
2023,10281596,3003829510,028505,10
2023,11485242,3003829510,028505,8
2023,10281596,3003829510,028501,10
2023,11048215,3003829510,028501,8
2023,13274066,3003829510,028501,0
2023,10438200,3003829510,028501,0
2023,11507257,3003829510,028502,8
2023,12459446,3003829510,028502,8
2023,11572959,3003829510,028502,10
2023,10525708,3003829510,028502,9
2023,11903090,3003829510,028502,10
2023,11407450,3003829510,028502,8
2023,11507257,3003829510,028503,6
2023,10891407,3003829510,028504,10
2023,10927479,3003829510,028504,9
2023,11830567,3003829510,028505,7
2023,10927479,3003829510,028502,8
2023,10436905,3003829510,028502,0
2023,10927479,3003829510,028505,8
2023,10436905,3003829510,028505,7
2023,10323990,3003829510,028505,10
2023,10927479,3003829510,028100,9
2023,12938752,3003829510,028100,9
2023,10802283,3003829510,028100,6
2023,10323990,3003829510,028100,10
2023,10786265,3003829510,028502,9
2023,10784833,3003829510,028502,7
2023,10786265,3003829510,028001,8
2023,10784833,3003829510,028001,7
2023,10786265,3003829510,028503,9
2023,10907341,3003829510,028503,9
2023,12459446,3003829510,028505,7
2023,10597404,3003829510,028505,9
2023,12459446,3003829510,028505,7
2023,12868237,3003829510,028504,8
2023,11619741,3003829510,028504,8
2023,10420607,3003829510,028503,4
2023,10678956,3003829510,028503,6
2023,10525708,3003829510,028503,6
2023,10438200,3003829510,028503,0
2023,12938752,3003829510,028504,9
2023,10884628,3003829510,028503,8
2023,13240658,3003829510,028503,9
2023,10884628,3003829510,028501,7
2023,13263382,3003829510,028501,0
2023,10802283,3003829510,028501,7
2023,11573208,3003829510,028501,0
2023,13281547,3003829510,028504,6
2023,10783722,3003829510,028504,6
2023,13281547,3003829510,028503,7
2023,13239736,3003829510,028503,7
2023,13281547,3003829510,028501,4
2023,13263382,3003829510,028505,0
2023,13263382,3003829510,028001,0
2023,10788057,3003829510,028001,5
2023,10866566,3003829510,028001,5
2023,11572959,3003829510,028502,10
2023,13033829,3003829510,028502,9
2023,10802283,3003829510,028502,8
2023,10899221,3003829510,028502,8
2023,12426107,3003829510,028100,10
2023,11495623,3003829510,028502,4
2023,13274066,3003829510,028503,0
2023,10737199,3003829510,028505,4
2023,13240658,3003829510,028504,9
2023,13095162,3003829510,028504,9
2023,13240658,3003829510,028505,8
2023,13095162,3003829510,028505,9
2023,10436905,3003829510,028502,7
2023,10436905,3003829510,028001,7
2023,13033829,3003829510,028503,7
2023,13095162,3003829510,028504,9
2023,13095162,3003829510,028503,10
2023,10784833,3003829510,028100,9
2023,10438200,3003829510,028501,0
2023,10866566,3003829510,028501,1
2023,11903090,3003829510,028001,9
2023,12695436,3003829510,028502,9
2023,12695436,3003829510,028505,7
2023,12695436,3003829510,028503,7
2023,10027392,3003829510,028502,0
2023,10027392,3003829510,028001,0
2023,10027392,3003829510,028001,0
2023,10027392,3003829510,028100,10
2023,12623151,3003829510,028501,7
2023,10630162,3003829510,028502,0
2023,12738447,3003829510,028503,0
2023,12738447,3003829510,028503,8
2023,11549816,3003829510,028503,7
2023,12873247,3003829510,028502,8
2023,12873247,3003829510,028501,7
2023,10476696,3003829510,028502,9
2023,10476696,3003829510,028505,7
2023,10476696,3003829510,028501,8
2023,10279654,3003829510,028501,2
2023,10279654,3003829510,028501,2
2023,10380752,3003829510,028502,10
2023,10823864,3003829510,028100,0
2023,10905442,3003829510,028502,7
2023,10905442,3003829510,028504,7
2023,10905442,3003829510,028001,6
2023,10905442,3003829510,028503,7
2023,10905442,3003829510,028501,8
2023,10905442,3003829510,028100,3
2023,13246090,3003829510,028503,10
2023,12656419,3003829510,028502,9
2023,12656419,3003829510,028504,9
2023,12656419,3003829510,028100,10
2023,10893181,3003829510,028502,9
2023,10893181,3003829510,028504,10
2023,10893181,3003829510,028505,7
2023,10893181,3003829510,028505,9
2023,13053163,3003829510,028503,0
2023,13281688,3003829510,028502,7
2023,13281688,3003829510,028504,7
2023,13281688,3003829510,028505,6
2023,10808367,3003829510,028504,7
2023,10808367,3003829510,028501,6
2023,11318786,3003829510,028502,6
2023,11318786,3003829510,028502,7
2023,11318786,3003829510,028505,6
2023,10835151,3003829510,028502,9
2023,11261849,3003829510,028100,10
2023,12739113,3003829510,028504,7
2023,12739113,3003829510,028503,4
2023,10615480,3003829510,028502,9
2023,13246042,3003829510,028504,9
2023,13246042,3003829510,028504,9
2023,13246042,3003829510,028001,9
2023,10804587,3003829510,028503,8
2023,10804587,3003829510,028501,2
2023,10804587,3003829510,028100,5
2023,10804587,3003829510,028100,5
2023,12837351,3003829510,028001,6
2023,12837351,3003829510,028100,6
2023,10898139,3003829510,028504,10
2023,10898139,3003829510,028001,8
2023,10898139,3003829510,028100,7
2023,12858788,3003829510,028001,9
2023,12858788,3003829510,028501,7
2023,12858788,3003829510,028501,9
2023,12419064,3003829510,028502,8
2023,12419064,3003829510,028503,6
2023,12419064,3003829510,028501,6
2023,12419064,3003829510,028100,9
2023,13255314,3003829510,028001,0
2023,13255314,3003829510,028503,6
2023,13255314,3003829510,028501,6
2023,10819064,3003829510,028504,7
2023,10819064,3003829510,028501,8
2023,13001804,3003829510,028504,8
2023,13001804,3003829510,028501,9
2023,13001804,3003829510,028100,10
2023,10904286,3003829510,028502,0
2023,10904286,3003829510,028501,10
2023,11237080,3003829510,028502,9
2023,11237080,3003829510,028504,9
2023,11237080,3003829510,028501,10
2023,11237080,3003829510,028501,9
2023,10574437,3003829510,028505,4
2023,10574437,3003829510,028505,7
2023,11407450,3003829510,028100,9
2023,12695436,3003829510,028100,10
2023,11318786,3003829510,028100,10
2023,12695436,3003829510,028505,7
2023,12419064,3003829510,028505,3
2023,13034042,3003829510,028505,8
2023,10358166,3003829510,028505,8
2023,10027392,3003829510,028100,0
2023,10805472,3003829510,028504,0
2023,10823864,3003829510,028501,6
2023,13281688,3003829510,028001,7
2023,11261849,3003829510,028001,7
2023,10787438,3003829510,028001,7
2023,13281520,3003829510,028501,10
2023,10574437,3003829510,028100,7
2023,10787438,3003829510,028001,7
2023,10017422,3003829629,CV0003,9
2023,10687463,3003829629,1367,0
2023,12478386,3003829629,1376,8
2023,10657734,3003829629,1370,7
2023,10784679,3003829636,CV0004,9
2023,10830272,3003829636,1377,7
2023,10836592,3003829636,1377,7
2023,10865461,3003829636,1374,9
2023,12608298,3003829636,1372,9
2023,10364955,3003829517,028601,0
2023,12736492,3003829517,028601,0
2023,10774192,3003829517,028601,0
2023,10729713,3003829517,028601,0
2023,13281830,3003829629,1369,9
2023,11316204,3003829629,1369,9
2023,10689174,3003829629,CV0003,8
2023,10689174,3003829629,1367,8
2023,10689174,3003829629,1368,9
2023,10707767,3003829629,1368,9
2023,13242092,3003829629,1368,4
2023,10689174,3003829629,1369,0
2023,10698052,3003829629,1369,6
2023,10978127,3003829629,1369,0
2023,13242130,3003829629,1369,10
2023,10679716,3003829629,1369,8
2023,10735610,3003829629,1368,8
2023,12739203,3003829629,1368,4
2023,10839832,3003829629,1370,7
2023,10814218,3003829629,1370,2
2023,10319363,3003829629,1370,8
2023,10324078,3003829629,1370,10
2023,10839832,3003829629,1369,4
2023,10742955,3003829629,1369,8
2023,12739203,3003829629,1369,7
2023,10679716,3003829629,1369,8
2023,10711968,3003829629,1369,4
2023,10698929,3003829629,CV0003,0
2023,13256847,3003829629,CV0003,10
2023,10711968,3003829629,CV0003,9
2023,10698929,3003829629,1370,0
2023,10978127,3003829629,1370,4
2023,10698929,3003829629,1368,0
2023,10698929,3003829629,1369,0
2023,10742955,3003829629,1369,8
2023,10781254,3003829629,1369,7
2023,12558926,3003829629,1370,4
2023,12558926,3003829629,1370,4
2023,10396024,3003829629,1370,8
2023,12558926,3003829629,1367,6
2023,10620831,3003829629,1367,7
2023,10822528,3003829629,1367,8
2023,12558926,3003829629,1367,0
2023,13281768,3003829629,1367,4
2023,12558926,3003829629,1368,2
2023,10701794,3003829629,1368,4
2023,10784679,3003829636,1372,9
2023,10700981,3003829636,1372,10
2023,10734359,3003829636,1372,4
2023,10753893,3003829636,1372,8
2023,10817396,3003829629,1368,8
2023,10679716,3003829629,1368,8
2023,10834203,3003829629,CV0003,9
2023,10652405,3003829629,CV0003,10
2023,10834203,3003829629,1370,4
2023,10834203,3003829629,1369,8
2023,10834203,3003829629,1376,6
2023,12739203,3003829629,CV0003,7
2023,10711968,3003829629,CV0003,10
2023,13242130,3003829629,1376,10
2023,10652405,3003829629,1369,9
2023,10652405,3003829629,1376,9
2023,10822528,3003829629,1376,8
2023,10678151,3003829629,1370,2
2023,13256847,3003829629,1370,10
2023,10678799,3003829629,CV0003,4
2023,10729710,3003829629,CV0003,4
2023,10687463,3003829629,1367,4
2023,10859549,3003829629,1367,9
2023,10687463,3003829629,1376,8
2023,10687463,3003829629,1376,8
2023,13273466,3003829629,1368,1
2023,12478386,3003829629,1370,4
2023,10513391,3003829636,CV0004,9
2023,10513391,3003829636,1371,7
2023,10865461,3003829636,1371,8
2023,10513391,3003829636,1375,10
2023,10634289,3003829636,1375,8
2023,10691103,3003829636,1375,7
2023,10706057,3003829636,1375,0
2023,10829974,3003829636,1375,10
2023,10836592,3003829636,1375,0
2023,10634289,3003829636,1372,8
2023,10634969,3003829636,1372,9
2023,10657266,3003829636,1372,6
2023,10392520,3003829636,1372,4
2023,10696544,3003829636,1372,4
2023,10706057,3003829636,1372,9
2023,10634969,3003829636,CV0004,9
2023,10634969,3003829636,1371,7
2023,10411129,3003829636,1371,9
2023,10657266,3003829636,1371,7
2023,10013793,3003829636,1371,8
2023,10392520,3003829636,1374,5
2023,10462592,3003829636,CV0004,7
2023,10691096,3003829636,CV0004,8
2023,10678949,3003829636,1373,7
2023,10013793,3003829636,1373,4
2023,10678949,3003829636,1374,7
2023,10705842,3003829636,1374,4
2023,10696544,3003829636,1373,6
2023,10829974,3003829636,1373,8
2023,10784679,3003829636,1378,0
2023,10700981,3003829636,1378,0
2023,10819896,3003829636,1378,0
2023,10784679,3003829636,1377,9
2023,10852053,3003829636,1377,9
2023,10792613,3003829636,1372,8
2023,10830272,3003829636,1372,7
2023,12826253,3003829636,1372,7
2023,10792613,3003829636,1377,7
2023,10836592,3003829636,1377,7
2023,12826253,3003829636,1377,8
2023,10830272,3003829636,1374,7
2023,10013793,3003829636,1374,7
2023,13056692,3003829636,1371,8
2023,10024512,3003829636,1373,9
2023,10819896,3003829636,1373,8
2023,10865461,3003829636,1373,10
2023,10307743,3003829636,1374,4
2023,10865461,3003829636,1374,9
2023,10307743,3003829636,1378,0
2023,10691132,3003829636,1373,3
2023,10700981,3003829636,1373,9
2023,10865461,3003829636,1373,10
2023,10709570,3003829636,1378,0
2023,10462592,3003829636,1378,0
2023,10737469,3003829636,1371,7
2023,12736051,3003829636,1378,0
2023,12736834,3003829636,1371,4
2023,13030911,3003829636,1372,10
2023,10174423,3003829636,CV0004,10
2023,10174423,3003829636,CV0004,10
2023,10590166,3003829636,1371,7
2023,10386780,3003829636,1373,2
2023,10678827,3003829636,1375,0
2023,10706031,3003829636,1378,0
2023,10706031,3003829636,1371,10
2023,10706031,3003829636,1372,10
2023,10320009,3003829636,1375,0
2023,10328898,3003829636,1374,8
2023,10776959,3003829636,1372,7
2023,10776959,3003829636,1373,0
2023,10776959,3003829636,1374,7
2023,10460605,3003829636,1371,0
2023,10460605,3003829636,1377,0
2023,10761927,3003829517,028601,0
2023,13032787,3003829517,028601,0
2023,10678799,3003829629,CV0003,0
2023,10386780,3003829636,1372,3
2023,10691028,3003829636,1373,4
2023,10352236,3003828691,5025,9
2023,10747088,3003828691,5025,9
2023,13297404,3003828691,5025,9
2023,10293577,3003828691,5021,6
2023,10747088,3003828691,5021,9
2023,10432545,3003828691,5021,0
2023,10293577,3003828691,5026,0
2023,12734604,3003828691,5026,8
2023,10747088,3003828691,5026,9
2023,10698939,3003828691,5026,9
2023,12734604,3003828691,5023,8
2023,11484277,3003828691,5023,9
2023,10146282,3003828691,5023,10
2023,12734604,3003828691,5024,8
2023,11484277,3003828691,5022,10
2023,10514340,3003828691,5022,9
2023,11484277,3003828691,5023,9
2023,10146282,3003828691,5023,10
2023,10747088,3003828691,5023,9
2023,10747088,3003828691,5026,8
2023,10949781,3003828691,5021,8
2023,10652460,3003828691,5021,0
2023,10432545,3003828691,5023,0
2023,10254544,3003828691,5025,9
2023,10652460,3003828691,5025,0
2023,10652460,3003828691,5022,0
2023,10328167,3003828705,5071,8
2023,10328167,3003828705,5073,0
2023,10328167,3003828705,5074,8
2023,10304881,3003828705,5073,0
2023,10688139,3003828705,5071,7
2023,10789928,3003828705,5073,0
2023,10789928,3003828705,5074,0
2023,13297112,3003828705,5073,7
2023,10328167,3003828705,5074,0
2023,11406626,3003828705,5074,0
2023,10352528,3003828691,5022,9
2023,10428862,3003828691,5022,0
2023,10428862,3003828691,5023,0
2023,10432545,3003828691,5025,0
2023,10398753,3003828691,5026,0
2023,10432545,3003828691,5026,0
2023,10652460,3003828691,5021,0
2023,10353205,3003828705,5072,8
2023,10276576,3003828705,5071,7
2023,11407481,3003828705,5074,0
2023,10496141,3003828705,5073,0
2023,10254384,3003828705,5074,0
2023,10278806,3003828705,5074,10
2023,12211081,3003828900,0377,3
2023,10294470,3003828900,0377,7
2023,10427819,3003828900,0378,7
2023,13297112,3003828705,5074,8
2023,10688139,3003828705,5074,6
2023,10496141,3003828705,5074,0
2023,10304881,3003828705,5071,0
2023,10646249,3003828705,5071,0
2023,10304881,3003828705,5073,0
2023,10254384,3003828705,5073,0
2023,10688139,3003828705,5075,8
2023,10276576,3003828705,5075,8
2023,11407481,3003828705,5075,0
2023,10496141,3003828705,5075,0
2023,10646249,3003828705,5072,0
2023,10278806,3003828705,5072,10
2023,10276576,3003828705,5075,8
2023,11167622,3003828705,5075,0
2023,11407481,3003828705,5075,0
2023,10018367,3003828705,5073,7
2023,10182546,3003828705,5073,7
2023,10470240,3003828900,0376,7
2023,10294470,3003828900,0376,9
2023,10500950,3003828900,0378,5
2023,10380889,3003828900,0378,7
2023,10496577,3003828900,0378,7
2023,11646742,3003828900,0378,6
2023,10380889,3003828900,0381,7
2023,10707778,3003828900,0381,5
2023,10380889,3003828900,0379,7
2023,10409990,3003828900,0378,8
2023,11646742,3003828900,0378,8
2023,10819337,3003828900,0375,8
2023,10851128,3003828900,0375,7
2023,10792555,3003828900,CV0004,10
2023,10711859,3003828900,CV0004,8
2023,11415977,3003828900,CV0004,10
2023,10792555,3003828900,0374,7
2023,11415977,3003828900,0374,10
2023,10496577,3003828900,0375,8
2023,10586308,3003828900,0375,9
2023,10294470,3003828900,0375,8
2023,10496577,3003828900,0374,7
2023,10707778,3003828900,0377,0
2023,10797555,3003828900,CV0004,4
2023,10427819,3003828900,CV0004,10
2023,10797555,3003828900,0382,0
2023,10851128,3003828900,0376,4
2023,11646742,3003828900,0376,7
2023,10294470,3003828900,0379,10
2023,10427819,3003828900,0374,1
2023,10799062,3003828900,0377,8
2023,10640918,3003828900,0382,0
2023,10332972,3003828893,0370,7
2023,10963354,3003828893,0369,10
2023,10279375,3003828900,0379,5
2023,12211081,3003828900,0382,0
2023,10855729,3003828893,0371,8
2023,10864476,3003828893,CV0003,7
2023,10864476,3003828893,0371,7
2023,10611327,3003828893,0371,10
2023,13257199,3003828893,0371,9
2023,10864476,3003828893,0372,6
2023,10832097,3003828893,0372,4
2023,10864476,3003828893,0380,7
2023,12722174,3003828893,0380,8
2023,13257199,3003828893,0380,9
2023,10864476,3003828893,0369,7
2023,10832097,3003828893,0369,4
2023,10332972,3003828893,0369,10
2023,10267085,3003828893,0369,6
2023,10837451,3003828893,0369,8
2023,13257199,3003828893,0369,9
2023,10832097,3003828893,0373,6
2023,11242377,3003828893,0373,5
2023,10267085,3003828893,0373,6
2023,13257199,3003828893,0373,0
2023,10611327,3003828893,0372,9
2023,13257199,3003828893,0372,9
2023,10611327,3003828893,0369,10
2023,10963354,3003828893,0369,10
2023,11242377,3003828893,0372,8
2023,10267085,3003828893,0372,7
2023,10837451,3003828893,CV0003,4
2023,13257199,3003828893,0370,9
2023,10634348,3003828893,0370,7
2023,10707901,3003828893,0369,7
2023,10832107,3003828893,CV0003,9
2023,10832107,3003828893,0370,7
2023,11635385,3003828893,0370,8
2023,11635385,3003828893,0369,7
2023,10679688,3003828893,CV0003,7
2023,10679688,3003828893,0371,8
2023,10691654,3003828893,0370,7
2023,10707654,3003828893,0380,7
2023,10707654,3003828893,0369,7
2023,10676228,3003828893,CV0003,8
2023,10676228,3003828893,0370,7
2023,10676228,3003828893,0371,8
2023,10837560,3003828893,0372,8
2023,10837560,3003828893,0380,10
2023,13163302,3003828823,0489,4
2023,10865901,3003828823,0491,0
2023,10748092,3003828893,0370,1
2023,10748092,3003828893,0371,6
2023,10707654,3003828893,0371,7
2023,10679688,3003828893,0373,5
2023,10837560,3003828893,0380,9
2023,12427040,3003828823,CV0004,2
2023,11254914,3003828823,0488,1
2023,10979745,3003828823,CV0004,2
2023,10292823,3003828823,0488,0
2023,13038074,3003828823,0488,9
2023,10707674,3003828823,0488,0
2023,11430449,3003828823,CV0004,2
2023,10279526,3003828823,0488,8
2023,11254914,3003828823,0490,0
2023,13163302,3003828823,0491,9
2023,11891674,3003828823,0491,0
2023,12737929,3003828823,0491,7
2023,10707674,3003828823,0491,0
2023,10664873,3003828823,0491,7
2023,13163302,3003828823,0488,10
2023,10279324,3003828823,0489,8
2023,10707674,3003828823,0489,0
2023,10279324,3003828823,0488,5
2023,10279324,3003828823,0486,7
2023,12737108,3003828823,0486,9
2023,13038074,3003828823,0486,9
2023,10979745,3003828823,CV0004,5
2023,12737108,3003828823,CV0004,6
2023,10979745,3003828823,0494,6
2023,10707674,3003828823,0494,0
2023,12737108,3003828823,0491,7
2023,10707674,3003828823,0491,0
2023,11254010,3003828823,0491,6
2023,12737108,3003828823,0486,9
2023,10292823,3003828823,0490,0
2023,10707674,3003828823,0488,0
2023,10326385,3003828823,0495,0
2023,11430449,3003828823,0492,6
2023,10865901,3003828823,0490,0
2023,10865901,3003828823,0489,1
2023,10470608,3003828823,0488,0
2023,12563774,3003828823,0491,7
2023,12563774,3003828823,0491,8
2023,10525745,3003828823,0486,9
2023,10264374,3003828823,0490,0
2023,10264374,3003828823,0490,0
2023,10264374,3003828823,0486,1
2023,11572662,3003828823,0491,10
2023,11572662,3003828823,0490,8
2023,10943078,3003828823,0491,8
2023,10943078,3003828823,0488,7
2023,10943078,3003828823,0486,9
2023,10254372,3003828823,0490,8
2023,10254372,3003828823,0490,8
2023,10254372,3003828823,0486,9
2023,10399819,3003828823,0495,0
2023,10399819,3003828823,0492,9
2023,10399819,3003828823,0490,6
2023,10399819,3003828823,0488,1
2023,11400429,3003828823,0491,3
2023,11400429,3003828823,0488,1
2023,10730670,3003828795,0483,8
2023,10730670,3003828795,0483,9
2023,10837069,3003828795,0487,8
2023,10736098,3003828795,0487,6
2023,10635824,3003828795,0483,7
2023,10604661,3003828795,0617,0
2023,13245291,3003828795,0373,0
2023,10254986,3003828795,0483,9
2023,10679677,3003828795,0483,4
2023,12736124,3003828795,0373,7
2023,12736124,3003828795,0483,9
2023,10454428,3003828795,0373,0
2023,12040403,3003828795,0373,10
2023,10689194,3003828795,0487,8
2023,10689194,3003828795,0483,9
2023,10013834,3003828795,0484,6
2023,10865901,3003828823,0489,0
2023,10470608,3003828823,0489,0
2023,13038149,3003828823,0494,0
2023,10943078,3003828823,0495,0
2023,10399819,3003828823,0494,5
2023,13245350,3003828795,0485,0
2023,10585523,3003828795,0485,8
2023,10364384,3003828795,0485,10
2023,10392227,3003828795,0485,0
2023,10279258,3003828795,0487,0
2023,13248857,3003828795,0487,8
2023,10332148,3003828795,0373,7
2023,10255828,3003828795,0373,0
2023,12040403,3003828795,0373,7
2023,11729566,3003828795,0484,0
2023,13245350,3003828795,CV0003,0
2023,13245291,3003828795,CV0003,0
2023,10307929,3003828795,0483,9
2023,13248857,3003828795,0483,6
2023,10364384,3003828795,0483,9
2023,10730670,3003828795,0373,10
2023,10730670,3003828795,0483,9
2023,10689194,3003828795,0483,9
2023,13245350,3003828795,0485,0
2023,10533446,3003828795,0485,0
2023,10585523,3003828795,0485,0
2023,10279258,3003828795,0485,0
2023,10441204,3003828795,0485,0
2023,11569845,3003828795,0485,0
2023,10736098,3003828795,0484,8
2023,10689194,3003828795,0484,9
2023,10820972,3003828795,CV0003,9
2023,10689194,3003828795,CV0003,7
2023,10965828,3003828795,0487,5
2023,10604661,3003828795,0487,0
2023,10255828,3003828795,0487,0
2023,10365185,3003828795,0487,4
2023,10454428,3003828795,0487,0
2023,10364384,3003828795,0487,9
2023,11231256,3003828795,0487,4
2023,10965828,3003828795,0483,8
2023,13248857,3003828795,0483,8
2023,11234996,3003828795,0483,6
2023,10279258,3003828795,0373,0
2023,13245903,3003828795,0373,0
2023,10399842,3003828795,0373,4
2023,11569845,3003828795,0373,0
2023,10279258,3003828795,0617,0
2023,10679677,3003828795,0617,6
2023,10201417,3003828795,0617,9
2023,10635824,3003828795,0373,7
2023,12736124,3003828795,0373,7
2023,10663063,3003828795,0373,8
2023,10635824,3003828795,0487,7
2023,10635824,3003828795,0485,9
2023,10604661,3003828795,CV0003,0
2023,10604661,3003828795,0484,0
2023,10454428,3003828795,0484,0
2023,10604661,3003828795,0483,0
2023,10332148,3003828795,CV0003,0
2023,10332148,3003828795,CV0003,0
2023,10332148,3003828795,0484,8
2023,10852247,3003828795,0484,7
2023,13245903,3003828795,0487,0
2023,10852247,3003828795,0487,8
2023,13245903,3003828795,0485,0
2023,10254986,3003828795,CV0003,10
2023,10254986,3003828795,0485,10
2023,10013834,3003828795,0485,0
2023,10255828,3003828795,0483,4
2023,10364384,3003828795,0483,9
2023,10679677,3003828795,CV0003,10
2023,10679677,3003828795,0485,4
2023,10679677,3003828795,0484,4
2023,10689194,3003828795,0484,10
2023,10201417,3003828795,0373,9
2023,10013834,3003828795,0373,0
2023,10201417,3003828795,0484,9
2023,10663063,3003828795,0484,7
2023,10454428,3003828795,0487,0
2023,10454428,3003828795,0617,0
2023,10392227,3003828795,0373,0
2023,10013834,3003828795,0483,0
2023,10323451,3003828795,0484,7
2023,10323451,3003828795,0484,3
2023,10282899,3003828795,0485,2
2023,10282899,3003828795,0484,6
2023,10282899,3003828795,0483,8
2023,10817332,3003828795,CV0003,7
2023,10817332,3003828795,0484,7
2023,10817332,3003828795,0484,8
2023,10817332,3003828795,0483,8
2023,10392051,3003828795,0373,5
2023,13245876,3003828795,0483,9
2023,13245876,3003828795,0483,10
2023,10021939,3003828795,0487,0
2023,10021939,3003828795,0485,0
2023,13245936,3003828795,0617,7
2023,10851164,3003828795,0484,4
2023,11240348,3003828795,CV0003,0
2023,11240348,3003828795,0487,0
2023,11240348,3003828795,0487,0
2023,11240348,3003828795,0485,0
2023,11240348,3003828795,0484,0
2023,10362119,3003828795,0484,9
2023,10308646,3003828795,0487,4
2023,10308646,3003828795,0485,0
2023,10308646,3003828795,0484,5
2023,12587239,3003828795,0373,4
2023,12587239,3003828795,0485,1
2023,12587239,3003828795,0485,0
2023,12587239,3003828795,0484,6
2023,12587239,3003828795,0483,0
2023,12587239,3003828795,0617,0
2023,10666129,3003828795,0373,5
2023,10666129,3003828795,0485,9
2023,10666129,3003828795,0484,4
2023,10666129,3003828795,0484,5
2023,10278578,3003828795,0373,0
2023,10278578,3003828795,0484,0
2023,13294635,3003828795,0373,7
2023,13294635,3003828795,0484,9
2023,10247323,3003828788,0612,6
2023,10707841,3003828788,0613,9
2023,10707841,3003828788,0612,9
2023,11782852,3003828788,0612,7
2023,10269568,3003828788,0612,6
2023,10304867,3003828788,0612,8
2023,10851163,3003828767,0227,5
2023,10679710,3003828767,CV0002,9
2023,10770657,3003828767,CV0002,9
2023,10805501,3003828767,0224,6
2023,10807600,3003828767,0226,10
2023,13245291,3003828795,0483,0
2023,10454428,3003828795,0483,0
2023,11778439,3003828795,0483,0
2023,10817332,3003828795,0487,7
2023,10666129,3003828795,0487,7
2023,12735228,3003828795,0373,9
2023,10278578,3003828795,0373,0
2023,12735228,3003828795,0484,9
2023,13245876,3003828795,0484,10
2023,10851164,3003828795,0483,0
2023,10362119,3003828795,0483,0
2023,10278578,3003828795,0483,0
2023,10241522,3003828788,0613,4
2023,10640914,3003828788,0613,9
2023,10247323,3003828788,0616,9
2023,10304867,3003828788,0616,10
2023,10247323,3003828788,0618,8
2023,11088015,3003828788,0618,4
2023,13038816,3003828788,0618,8
2023,10708221,3003828788,0618,7
2023,10247323,3003828788,0614,8
2023,10512738,3003828788,0614,8
2023,10512738,3003828788,0613,9
2023,10512738,3003828788,0612,10
2023,10707841,3003828788,0612,10
2023,10319905,3003828788,0612,7
2023,10708221,3003828788,0612,6
2023,10437714,3003828788,0616,8
2023,10512738,3003828788,0619,0
2023,10574443,3003828788,CV0004,9
2023,11088015,3003828788,CV0004,0
2023,10604775,3003828788,CV0004,9
2023,10676208,3003828788,CV0004,10
2023,10574443,3003828788,0615,5
2023,11088015,3003828788,0615,4
2023,10407215,3003828788,0615,8
2023,11088015,3003828788,0614,0
2023,11088015,3003828788,0613,0
2023,10852273,3003828788,0619,0
2023,10304867,3003828788,CV0004,10
2023,10407215,3003828788,0614,9
2023,10756607,3003828767,0227,9
2023,12250190,3003828767,CV0002,8
2023,12936130,3003828767,0224,7
2023,10452196,3003828767,0224,9
2023,12730553,3003828767,0224,7
2023,12636621,3003828767,0230,7
2023,12557047,3003828767,0230,7
2023,13031068,3003828767,0230,8
2023,12717192,3003828767,0228,0
2023,10679666,3003828767,0228,6
2023,11825745,3003828767,0228,0
2023,10351465,3003828767,0228,9
2023,10663109,3003828767,0228,1
2023,10807600,3003828767,0228,10
2023,10663109,3003828767,0227,0
2023,10679662,3003828767,0227,5
2023,10757001,3003828767,0227,9
2023,10679710,3003828767,0227,7
2023,13031606,3003828767,0226,5
2023,10679666,3003828767,0230,7
2023,10679666,3003828767,0226,4
2023,10756607,3003828767,0226,9
2023,10679710,3003828767,0226,8
2023,10770657,3003828767,0226,7
2023,11825745,3003828767,0226,5
2023,11825745,3003828767,0224,5
2023,12736641,3003828767,0226,0
2023,10851163,3003828767,0228,8
2023,10851163,3003828767,0224,4
2023,10851163,3003828767,0231,0
2023,10410140,3003828767,0230,6
2023,10814487,3003828767,0230,8
2023,10679710,3003828767,0224,8
2023,10770657,3003828767,0224,8
2023,10805501,3003828767,0224,6
2023,10762343,3003828767,CV0002,10
2023,13046184,3003828767,0228,8
2023,13046184,3003828767,0227,9
2023,10828387,3003828767,0226,8
2023,10828387,3003828767,0224,7
2023,10283255,3003828760,CV0001,8
2023,10906556,3003828760,0225,4
2023,12865232,3003828760,0222,0
2023,13046184,3003828767,0231,0
2023,10757001,3003828767,0231,0
2023,10814487,3003828767,0231,0
2023,10325203,3003828760,0221,7
2023,10325203,3003828760,0222,7
2023,11421089,3003828760,0222,5
2023,12865232,3003828760,CV0001,0
2023,10325203,3003828760,0229,4
2023,11567531,3003828760,0222,0
2023,10910799,3003828760,0222,9
2023,10283255,3003828760,0223,6
2023,10833893,3003828760,0225,3
2023,10910799,3003828760,0225,7
2023,11088604,3003828760,0225,7
2023,10938543,3003828760,0225,0
2023,11567531,3003828760,0225,0
2023,12865232,3003828760,0225,0
2023,10283255,3003828760,0223,9
2023,11847570,3003828760,0229,7
2023,10909591,3003828760,0229,8
2023,10017433,3003828760,0229,9
2023,10938543,3003828760,CV0001,0
2023,10305237,3003828760,CV0001,0
2023,11421089,3003828760,CV0001,6
2023,10938543,3003828760,0225,0
2023,10833893,3003828760,0223,3
2023,10789656,3003828760,0223,9
2023,10911373,3003828760,0223,9
2023,10390554,3003828760,0223,7
2023,10833893,3003828760,0223,0
2023,10910799,3003828760,CV0001,9
2023,10906556,3003828760,CV0001,6
2023,10910799,3003828760,0222,9
2023,10017433,3003828760,0222,8
2023,10789656,3003828760,0222,8
2023,10911373,3003828760,CV0001,8
2023,10911373,3003828760,0223,9
2023,10017433,3003828760,0223,9
2023,10911373,3003828760,0222,6
2023,10909591,3003828760,CV0001,10
2023,12736633,3003828760,0223,0
2023,12736633,3003828760,0222,0
2023,10305237,3003828760,0221,0
2023,10912321,3003828760,0225,7
2023,11337364,3003828760,0221,0
2023,11337364,3003828760,0222,0
2023,11571793,3003828760,0221,0
2023,11571793,3003828760,0229,3
2023,13006056,3003828760,0225,1
2023,13006056,3003828760,0225,0
2023,13006056,3003828760,0222,0
2023,10762391,3003828760,0223,7
2023,10762391,3003828760,0222,6
2023,10911129,3003828760,0223,6
2023,12510469,3003828760,0221,8
2023,12510469,3003828760,0222,7
2023,10416745,3003828760,0221,6
2023,10416745,3003828760,0221,6
2023,12505624,3003828760,0225,4
2023,12505624,3003828760,0222,8
2023,13250561,3003828760,CV0001,9
2023,12731167,3003828760,0223,0
2023,10466174,3003828760,0223,0
2023,10466174,3003828760,0222,0
2023,10837080,3003828760,0223,8
2023,13006056,3003828760,0229,0
2023,10416745,3003828760,0229,8
2023,13250561,3003828760,0229,7
2023,12731167,3003828760,0229,0
2023,10911129,3003828760,0221,5
2023,12510469,3003828760,0221,4
2023,12510469,3003828760,0229,7
2023,12510469,3003828760,0229,7
2023,10392662,3003828760,0229,0
2023,12731167,3003828760,0221,0
2023,10466174,3003828760,CV0001,0
2023,10819052,3003828760,0221,4
2023,10819052,3003828760,0229,4
2023,13086978,3003828760,0221,9
2023,13086978,3003828760,0229,7
2023,11763179,3003828760,0223,0
2023,10888617,3003828760,0223,8
2023,10888617,3003828760,0221,9
2023,10888617,3003828760,0222,8
2023,10344575,3003828760,0223,7
2023,10344575,3003828760,0221,8
2023,10344575,3003828760,0222,6
2023,12270997,3003828760,0223,0
2023,12270997,3003828760,0221,0
2023,12270997,3003828760,0222,0
2023,11407222,3003828760,0229,8
2023,12609908,3003828760,0223,0
2023,10885064,3003828760,CV0001,6
2023,10895404,3003828760,CV0001,7
2023,10895404,3003828760,0222,9
2023,10937956,3003828760,0223,0
2023,10937956,3003828760,0223,0
2023,13321692,3003828760,0221,0
2023,13321692,3003828760,0221,0
2023,13321692,3003828760,0229,0
2023,10244719,3003826548,0178,0
2023,12634107,3003826548,0180,8
2023,12634107,3003826548,0181,6
2023,12634107,3003826548,0176,8
2023,12708907,3003826548,0176,9
2023,10312908,3003826548,0181,7
2023,10691401,3003826548,0183,6
2023,10691401,3003826548,0175,8
2023,11186762,3003826548,0180,9
2023,11186762,3003826548,0176,6
2023,11402080,3003826548,0178,9
2023,11402080,3003826548,0178,9
2023,13035643,3003826548,0183,6
2023,13035643,3003826548,0175,5
2023,13097118,3003826548,0175,6
2023,10014485,3003826548,0180,9
2023,10014485,3003826548,0180,9
2023,10014485,3003826548,0183,7
2023,10640379,3003826548,0183,7
2023,10640379,3003826548,0175,8
2023,12738950,3003826548,0183,0
2023,13034970,3003826548,0175,4
2023,12793270,3003826548,0180,0
2023,12793270,3003826548,0180,5
2023,10759106,3003826548,0184,0
2023,10759106,3003826548,0178,6
2023,10759106,3003826548,0175,8
2023,10935906,3003826548,CV0004,0
2023,10935906,3003826548,0180,0
2023,10935906,3003826548,0183,0
2023,10935906,3003826548,0176,0
2023,11329159,3003826548,0178,8
2023,10406692,3003826548,CV0004,7
2023,10406692,3003826548,0184,0
2023,13034960,3003826548,CV0004,0
2023,10134445,3003826548,CV0004,8
2023,13263308,3003826541,CV0003,4
2023,13263308,3003826541,0172,5
2023,13263308,3003826541,0174,4
2023,13263308,3003826541,0177,6
2023,13240820,3003826541,0171,3
2023,13240820,3003826541,0172,1
2023,13240820,3003826541,0177,4
2023,12413993,3003826541,0174,3
2023,11568873,3003826541,0173,8
2023,10742422,3003826541,CV0003,6
2023,10742422,3003826541,CV0003,4
2023,10742422,3003826541,CV0003,6
2023,10742422,3003826541,0171,7
2023,10742422,3003826541,0174,8
2023,12679099,3003826541,CV0003,0
2023,12679099,3003826541,0179,8
2023,12679099,3003826541,0171,0
2023,12679099,3003826541,0173,0
2023,11921786,3003826541,0179,10
2023,11921786,3003826541,0179,9
2023,11921786,3003826541,0171,7
2023,11921786,3003826541,0182,9
2023,10805336,3003826541,0179,6
2023,10507995,3003826541,0177,6
2023,13249462,3003826541,0182,9
2023,13249462,3003826541,0177,9
2023,10838901,3003826541,0177,8
2023,10487908,3003826541,CV0003,8
2023,10487908,3003826541,0173,7
2023,10487908,3003826541,0182,9
2023,10581335,3003826541,0172,9
2023,10713910,3003826541,0179,9
2023,10713910,3003826541,0172,8
2023,10713910,3003826541,0172,7
2023,10421505,3003826541,0173,0
2023,13245158,3003826541,CV0003,6
2023,13245158,3003826541,0179,4
2023,10420918,3003826541,0173,7
2023,10420918,3003826541,0173,7
2023,11495548,3003826541,0177,4
2023,10664803,3003826541,CV0003,0
2023,10664803,3003826541,0179,0
2023,10664803,3003826541,0173,4
2023,10664803,3003826541,0173,0
2023,10664803,3003826541,0182,0
2023,10664803,3003826541,0182,0
2023,10610451,3003826541,CV0003,8
2023,10610451,3003826541,0173,7
2023,12905546,3003826541,0171,0
2023,12905546,3003826541,0172,0
2023,10706770,3003826541,CV0003,4
2023,10706770,3003826541,0179,6
2023,10706770,3003826541,0171,6
2023,12730900,3003826541,CV0003,9
2023,12730900,3003826541,0173,0
2023,12730900,3003826541,0177,4
2023,13062870,3003826541,CV0003,0
2023,13062870,3003826541,0173,0
2023,13062870,3003826541,0174,0
2023,10849475,3003826541,CV0003,8
2023,10849475,3003826541,0171,7
2023,10849475,3003826541,0173,7
2023,10849475,3003826541,0177,6
2023,13034983,3003826541,0173,0
2023,10468091,3003826541,0174,8
2023,10814531,3003826541,0172,9
2023,10814531,3003826541,0177,8
2023,11316431,3003826541,CV0003,1
2023,11564256,3003826541,0174,0
2023,11564256,3003826541,0177,2
2023,10489725,3003826541,0171,0
2023,10489725,3003826541,0174,0
2023,10489725,3003826541,0174,0
2023,12870301,3003826541,0173,0
2023,12870301,3003826541,0174,0
2023,12870301,3003826541,0182,0
2023,12870301,3003826541,0182,0
2023,10518298,3003826611,0403,0
2023,10434284,3003826611,0398,0
2023,12142369,3003826611,0400,4
2023,10017101,3003826611,0398,9
2023,10420911,3003826611,0398,4
2023,10420911,3003826611,0397,10
2023,10306049,3003826611,0397,9
2023,10574372,3003826611,CV0004,5
2023,10574372,3003826611,0403,0
2023,10574372,3003826611,0402,7
2023,10364858,3003826611,0399,10
2023,10511432,3003826611,0398,8
2023,10511432,3003826611,0397,7
2023,10495929,3003826611,0398,8
2023,10495929,3003826611,0397,10
2023,10699154,3003826611,0399,9
2023,10699154,3003826611,0397,9
2023,10507538,3003826611,0402,0
2023,10786213,3003826611,0399,8
2023,10837523,3003826611,CV0004,5
2023,10837523,3003826611,0398,4
2023,10837523,3003826611,0399,4
2023,10842144,3003826611,0399,10
2023,10842144,3003826611,0397,9
2023,13055004,3003826611,0398,9
2023,13055004,3003826611,0403,0
2023,13055004,3003826611,0399,9
2023,10837553,3003826604,0179,8
2023,10837553,3003826604,0383,7
2023,12468964,3003826604,CV0003,8
2023,12468964,3003826604,0171,8
2023,12468964,3003826604,0383,6
2023,10699672,3003826604,CV0003,4
2023,10699672,3003826604,0401,1
2023,10699672,3003826604,0173,6
2023,10700883,3003826604,CV0003,8
2023,10700883,3003826604,0383,9
2023,10778000,3003826604,0171,10
2023,10778000,3003826604,0383,9
2023,13242114,3003826604,0179,0
2023,13242114,3003826604,0401,0
2023,10506767,3003826604,CV0003,0
2023,10506767,3003826604,CV0003,0
2023,10506767,3003826604,0172,0
2023,10677163,3003826604,0383,8
2023,10677163,3003826604,0172,8
2023,10282475,3003826604,0171,10
2023,10282475,3003826604,0383,7
2023,10282475,3003826604,0384,8
2023,10698462,3003826604,0383,4
2023,10698462,3003826604,0384,8
2023,10698462,3003826604,0172,7
2023,12398431,3003826604,0171,9
2023,12398431,3003826604,0173,7
2023,13257485,3003826604,CV0003,0
2023,13257485,3003826604,0179,2
2023,13257485,3003826604,0171,5
2023,13257485,3003826604,0383,0
2023,10411178,3003826604,CV0003,8
2023,10411178,3003826604,CV0003,8
2023,10411178,3003826604,0401,7
2023,10411178,3003826604,0172,8
2023,10675919,3003826604,0171,9
2023,10675919,3003826604,0384,9
2023,13127380,3003826604,0172,7
2023,10513851,3003826604,CV0003,4
2023,10718089,3003826604,CV0003,0
2023,10718089,3003826604,0179,0
2023,13288501,3003826604,0179,7
2023,13288501,3003826604,0383,8
2023,13288501,3003826604,0172,7
2023,13257407,3003826604,0179,8
2023,10709639,3003826604,CV0003,7
2023,10709639,3003826604,0179,8
2023,10709639,3003826604,0384,8
2023,10709639,3003826604,0172,7
2023,10348121,3003826604,0179,4
2023,10348121,3003826604,0383,6
2023,10488332,3003826632,0386,7
2023,10862231,3003826632,0385,7
2023,10041748,3003826632,0387,9
2023,10321371,3003826632,0388,0
2023,12852892,3003826632,0388,0
2023,10654890,3003826632,0180,8
2023,10308866,3003826632,0180,8
2023,10308866,3003826632,0385,8
2023,10308866,3003826632,0385,8
2023,10308866,3003826632,0387,8
2023,10713872,3003826632,0180,9
2023,10713872,3003826632,0387,8
2023,10850808,3003826632,0180,7
2023,10780309,3003826632,0386,7
2023,10664909,3003826632,0180,8
2023,10664909,3003826632,0387,7
2023,10664924,3003826632,CV0004,7
2023,10664924,3003826632,0385,8
2023,10664924,3003826632,0388,7
2023,10303294,3003826632,0388,0
2023,10303294,3003826632,0386,7
2023,10513718,3003826632,0386,4
2023,10708070,3003826632,0385,7
2023,10708070,3003826632,0386,7
2023,10713451,3003826632,0387,7
2023,10815375,3003826632,0180,9
2023,10815375,3003826632,0391,0
2023,12472350,3003826625,CV0003,0
2023,12472350,3003826625,0179,0
2023,12472350,3003826625,0171,0
2023,12472350,3003826625,0171,0
2023,12472350,3003826625,0389,0
2023,10664986,3003826625,0171,6
2023,10664986,3003826625,0173,6
2023,10664986,3003826625,0173,4
2023,10664986,3003826625,0389,7
2023,10277303,3003826625,0179,0
2023,10277303,3003826625,0172,7
2023,10700990,3003826625,0171,8
2023,10700990,3003826625,0389,0
2023,10700990,3003826625,0389,0
2023,10690446,3003826625,CV0003,4
2023,10690446,3003826625,0384,5
2023,10690446,3003826625,0384,6
2023,10696634,3003826625,CV0003,9
2023,10696634,3003826625,0179,9
2023,10696634,3003826625,0171,8
2023,10696634,3003826625,0384,8
2023,10696634,3003826625,0172,9
2023,10696634,3003826625,0389,8
2023,10512569,3003826625,0383,4
2023,12058330,3003826625,CV0003,8
2023,12058330,3003826625,0171,8
2023,12058330,3003826625,0173,8
2023,10742990,3003826625,0384,8
2023,10742990,3003826625,0389,7
2023,10707825,3003826625,CV0003,6
2023,10707825,3003826625,0171,4
2023,10707825,3003826625,0384,3
2023,10610383,3003826625,CV0003,5
2023,10610383,3003826625,0173,6
2023,10780758,3003826625,0383,9
2023,10780758,3003826625,0172,9
2023,10780758,3003826625,0172,9
2023,13332666,3003826625,CV0003,0
2023,13332666,3003826625,0179,0
2023,13332666,3003826625,0171,0
2023,13332666,3003826625,0383,4
2023,13332666,3003826625,0383,0
2023,10706115,3003822344,1237,0
2023,10707734,3003822344,CV0002,6
2023,10707734,3003822344,1237,0
2023,10707819,3003822344,1228,3
2023,10707819,3003822344,1237,0
2023,10714134,3003822344,CV0002,4
2023,10714134,3003822344,CV0002,5
2023,10714134,3003822344,1230,6
2023,10799147,3003822344,CV0002,8
2023,10787523,3003822344,CV0002,8
2023,10787523,3003822344,1230,8
2023,10787523,3003822344,1234,7
2023,10787523,3003822344,1235,8
2023,10836565,3003822344,CV0002,6
2023,10836565,3003822344,1227,5
2023,10836565,3003822344,1228,6
2023,10836565,3003822344,1230,8
2023,12736451,3003822344,CV0002,10
2023,10485831,3003822344,1227,6
2023,10485831,3003822344,1235,6
2023,10646180,3003822344,1227,4
2023,10689201,3003822344,1227,6
2023,10761897,3003822344,1230,7
2023,10761897,3003822344,1237,0
2023,10783762,3003822344,1227,7
2023,10783762,3003822344,1228,8
2023,10783762,3003822344,1237,0
2023,10787491,3003822344,1227,7
2023,10787504,3003822344,CV0002,7
2023,10787504,3003822344,1227,4
2023,10787504,3003822344,1235,4
2023,10780823,3003822344,1227,6
2023,10766479,3003822344,1227,6
2023,10766479,3003822344,1235,7
2023,10835701,3003822344,1234,3
2023,11744037,3003822344,CV0002,9
2023,11744037,3003822344,1230,7
2023,11744037,3003822344,1234,4
2023,11780595,3003822344,1228,7
2023,10706808,3003822344,CV0002,6
2023,10706808,3003822344,1237,0
2023,11520867,3003822344,1230,8
2023,11520867,3003822344,1235,5
2023,10800025,3003822344,1234,7
2023,10742994,3003822344,1234,7
2023,10742994,3003822344,1235,6
2023,10895114,3003822337,1229,6
2023,10895114,3003822337,1229,8
2023,10895114,3003822337,1229,7
2023,10895114,3003822337,1236,6
2023,12907793,3003822337,0156,7
2023,12907793,3003822337,1233,8
2023,10766806,3003822337,1233,8
2023,10766806,3003822337,1236,7
2023,10909605,3003822337,0156,8
2023,10909605,3003822337,1226,7
2023,10909605,3003822337,1229,8
2023,10909605,3003822337,1229,8
2023,10909605,3003822337,1233,8
2023,10909605,3003822337,1236,9
2023,10909605,3003822337,1236,7
2023,11336367,3003822337,CV0001,0
2023,11336367,3003822337,CV0001,0
2023,11336367,3003822337,1229,7
2023,11336367,3003822337,1229,6
2023,10688314,3003822337,1231,0
2023,10688314,3003822337,1232,0
2023,10688314,3003822337,1233,0
2023,10932819,3003822337,CV0001,7
2023,10932819,3003822337,1229,6
2023,10889204,3003822337,0156,9
2023,10889204,3003822337,1226,8
2023,10889204,3003822337,1233,8
2023,10889204,3003822337,1236,5
2023,10762386,3003822337,1226,4
2023,10762386,3003822337,1231,7
2023,10762386,3003822337,1232,7
2023,10762386,3003822337,1233,8
2023,10920099,3003822337,1226,8
2023,10920099,3003822337,1231,9
2023,10920099,3003822337,1232,8
2023,10920099,3003822337,1233,8
2023,10920099,3003822337,1236,9
2023,10897205,3003822337,0156,7
2023,10897205,3003822337,1229,4
2023,10897205,3003822337,1231,7
2023,10789649,3003822337,CV0001,7
2023,10789649,3003822337,0156,7
2023,10789649,3003822337,0156,7
2023,10789649,3003822337,1229,7
2023,10789649,3003822337,1231,7
2023,10805487,3003822337,CV0001,9
2023,10805487,3003822337,0156,8
2023,10805487,3003822337,1236,6
2023,12695609,3003822337,1226,0
2023,12695609,3003822337,1229,0
2023,12695609,3003822337,1232,0
2023,12695609,3003822337,1233,0
2023,12695609,3003822337,1236,0
2023,10858044,3003822337,CV0001,8
2023,10858044,3003822337,1236,4
2023,11744036,3003822337,0156,10
2023,11744036,3003822337,1229,9
2023,12932662,3003822337,CV0001,7
2023,12932662,3003822337,0156,6
2023,12932662,3003822337,0156,8
2023,12932662,3003822337,1233,9
2023,12932662,3003822337,1233,8
2023,13112701,3003822337,1233,9
2023,10852104,3003822337,1231,5
2023,10887844,3003822337,CV0001,8
2023,10887844,3003822337,0156,8
2023,10887844,3003822337,0156,8
2023,10851064,3003822337,0156,8
2023,10851064,3003822337,1232,6
2023,10776722,3003822337,1229,6
2023,10776722,3003822337,1231,5
2023,10776722,3003822337,1232,6
2023,10776722,3003822337,1236,5
2023,10776722,3003822337,1236,5
2023,10791133,3003822337,1226,8
2023,10791133,3003822337,1231,6
2023,10791133,3003822337,1233,9
2023,10791133,3003822337,1233,7
2023,10791133,3003822337,1233,8
2023,10277738,3003822449,CV0003,0
2023,10277738,3003822449,0179,0
2023,10277738,3003822449,0179,0
2023,10277738,3003822449,0930,0
2023,10277738,3003822449,0931,0
2023,10277738,3003822449,1010,0
2023,10736212,3003822449,0179,0
2023,10736212,3003822449,0623,0
2023,10736212,3003822449,0930,4
2023,10736212,3003822449,0931,0
2023,10318774,3003822449,1010,6
2023,10318774,3003822449,1014,0
2023,10466022,3003822449,0179,8
2023,10466022,3003822449,0179,8
2023,10466022,3003822449,0623,7
2023,10466022,3003822449,0930,6
2023,10466022,3003822449,0930,7
2023,10466022,3003822449,1010,7
2023,10466022,3003822449,1010,8
2023,12300236,3003822449,0623,3
2023,10689153,3003822449,0623,5
2023,10689153,3003822449,0930,7
2023,12719809,3003822449,0931,9
2023,12719809,3003822449,1010,9
2023,10737190,3003822449,0931,9
2023,10278035,3003822449,0179,8
2023,10278035,3003822449,0179,8
2023,12424432,3003822449,CV0003,9
2023,12424432,3003822449,0179,10
2023,10411578,3003822449,0179,0
2023,11502177,3003822449,CV0003,4
2023,11502177,3003822449,0179,4
2023,11502177,3003822449,1014,8
2023,10398706,3003822449,0179,0
2023,10398706,3003822449,0623,0
2023,10398706,3003822449,1010,7
2023,10320697,3003822449,CV0003,0
2023,10320697,3003822449,0623,4
2023,10320697,3003822449,1014,5
2023,13261750,3003822449,CV0003,0
2023,13261750,3003822449,0179,6
2023,13261750,3003822449,0623,4
2023,10604170,3003822449,CV0003,0
2023,10604170,3003822449,0930,0
2023,10242636,3003822449,0930,5
2023,10242636,3003822449,0931,7
2023,10242636,3003822449,1010,6
2023,10718081,3003822449,CV0003,8
2023,10718081,3003822449,0623,6
2023,10718081,3003822449,1010,6
2023,10375621,3003822449,1014,0
2023,13242371,3003822449,0179,0
2023,13243061,3003822449,CV0003,10
2023,13243061,3003822449,0179,10
2023,13243061,3003822449,0179,10
2023,13243061,3003822449,0623,6
2023,13243061,3003822449,0623,8
2023,13261894,3003822449,CV0003,0
2023,13261894,3003822449,0179,0
2023,13261894,3003822449,0931,0
2023,13261894,3003822449,1014,0
2023,10826692,3003822449,1010,10
2023,10795882,3003822449,1014,8
2023,10833265,3003822449,0623,8
2023,10833265,3003822449,0930,8
2023,10833265,3003822449,0931,8
2023,10833265,3003822449,1010,9
2023,12735439,3003822449,1010,8
2023,12735439,3003822449,1014,0
2023,10318925,3003822449,0623,4
2023,10318925,3003822449,1010,5
2023,10584902,3003822449,CV0003,7
2023,10584902,3003822449,0623,8
2023,10584902,3003822449,0931,6
2023,10584902,3003822449,1014,8
2023,10768351,3003822449,0179,7
2023,10768351,3003822449,0623,7
2023,10768351,3003822449,1010,8
2023,13249466,3003822449,0179,9
2023,13249466,3003822449,0179,10
2023,13249466,3003822449,0930,9
2023,11330270,3003822449,0623,0
2023,11330270,3003822449,0623,0
2023,11330270,3003822449,0930,0
2023,11330270,3003822449,1010,0
2023,10426520,3003822449,0930,7
2023,10354121,3003822449,CV0003,4
2023,10354121,3003822449,1014,0
2023,10354121,3003822449,1014,0
2023,10809481,3003822449,0623,7
2023,10809481,3003822449,0930,8
2023,10809481,3003822449,0931,9
2023,10809481,3003822449,1010,9
2023,10852071,3003822449,1010,7
2023,10852071,3003822449,1010,8
2023,10432949,3003822449,0179,10
2023,10432949,3003822449,0179,10
2023,10432949,3003822449,0623,8
2023,10432949,3003822449,0930,9
2023,10432949,3003822449,1014,9
2023,10506770,3003822449,CV0003,0
2023,10506770,3003822449,0179,0
2023,10506770,3003822449,0930,2
2023,10506770,3003822449,1010,2
2023,10718886,3003822449,0930,7
2023,10718886,3003822449,0931,6
2023,12857786,3003822449,CV0003,7
2023,12857786,3003822449,0179,4
2023,12857786,3003822449,0179,5
2023,10816484,3003822449,0623,5
2023,10816484,3003822449,0930,5
2023,10816484,3003822449,0931,7
2023,10707845,3003822449,CV0003,7
2023,10707845,3003822449,CV0003,7
2023,10279046,3003822449,0931,7
2023,10691616,3003822449,CV0003,8
2023,13242370,3003822449,CV0003,0
2023,10375121,3003822449,0623,6
2023,10375121,3003822449,0931,8
2023,13242369,3003822449,CV0003,4
2023,13242369,3003822449,CV0003,0
2023,13242369,3003822449,0179,4
2023,13242369,3003822449,1010,3
2023,10296770,3003822449,CV0003,0
2023,10296770,3003822449,1010,0
2023,10664778,3003822449,CV0003,7
2023,10820754,3003822449,1010,6
2023,13282254,3003822449,0179,8
2023,12480365,3003822449,0623,0
2023,12480365,3003822449,0930,0
2023,11244122,3003822449,0623,0
2023,11244122,3003822449,0931,0
2023,11244122,3003822449,1010,0
2023,10431067,3003822449,0931,8
2023,10431067,3003822449,1014,0
2023,10690358,3003822449,CV0003,4
2023,10690358,3003822449,CV0003,6
2023,10690358,3003822449,0179,6
2023,13326344,3003822449,CV0003,0
2023,13326344,3003822449,0179,0
2023,13326344,3003822449,0179,0
2023,13326344,3003822449,1010,0
2023,13326344,3003822449,1014,0
2023,10017290,3003822456,1110,10
2023,10514789,3003822456,1008,2
2023,10514789,3003822456,1008,5
2023,10514789,3003822456,1012,4
2023,13040521,3003822456,1011,9
2023,13040521,3003822456,1109,6
2023,10700384,3003822456,1109,9
2023,10244882,3003822456,1007,7
2023,10244882,3003822456,1009,5
2023,10244882,3003822456,1011,7
2023,10594447,3003822456,1008,9
2023,10700384,3003822456,1013,0
2023,10688987,3003822456,CV0004,9
2023,10211605,3003822456,1007,6
2023,10211605,3003822456,1011,7
2023,13040787,3003822456,1009,8
2023,13240343,3003822456,CV0004,7
2023,13240343,3003822456,1009,7
2023,11074562,3003822456,1009,6
2023,10281379,3003822456,1009,7
2023,10281379,3003822456,1012,8
2023,10281379,3003822456,1013,0
2023,10468190,3003822456,1007,8
2023,10468190,3003822456,1110,9
2023,10017272,3003822456,1009,7
2023,10339026,3003822456,1008,8
2023,10339026,3003822456,1008,7
2023,10339026,3003822456,1012,8
2023,10630518,3003822456,1110,10
2023,10630518,3003822456,1012,8
2023,10636290,3003822456,1008,3
2023,10636290,3003822456,1009,7
2023,10420734,3003822456,1013,0
2023,10256577,3003822456,1110,9
2023,10256577,3003822456,1012,6
2023,10279200,3003822456,1012,9
2023,10338918,3003822456,1008,8
2023,10338918,3003822456,1110,10
2023,10344807,3003822456,1008,9
2023,10344807,3003822456,1011,8
2023,10377143,3003822456,CV0004,9
2023,10377143,3003822456,1013,0
2023,10375529,3003822456,1007,8
2023,10375529,3003822456,1009,8
2023,10375529,3003822456,1011,8
2023,10414797,3003822456,CV0004,9
2023,10414797,3003822456,1009,8
2023,10414557,3003822456,1007,6
2023,10414557,3003822456,1011,7
2023,10679644,3003822456,CV0004,4
2023,10734337,3003822456,1007,6
2023,10835663,3003822456,1008,8
2023,10839854,3003822456,CV0004,7
2023,10839854,3003822456,1009,6
2023,10839854,3003822456,1110,7
2023,10839854,3003822456,1012,4
2023,10850813,3003822456,1110,9
2023,11329660,3003822456,CV0004,4
2023,11329660,3003822456,1007,8
2023,11512394,3003822456,1110,8
2023,11645686,3003822456,1011,9
2023,11830264,3003822456,1007,7
2023,11830264,3003822456,1008,7
2023,11830264,3003822456,1109,9
2023,11830264,3003822456,1012,6
2023,12743886,3003822456,1008,0
2023,12743886,3003822456,1011,7
2023,12743886,3003822456,1109,8
2023,12743886,3003822456,1110,7
2023,10308205,3003822456,1013,0
2023,10354186,3003822456,CV0004,9
2023,10354186,3003822456,1008,9
2023,10354186,3003822456,1110,10
2023,10786442,3003822456,1007,7
2023,10786442,3003822456,1109,8
2023,10322908,3003822456,CV0004,9
2023,10322908,3003822456,1109,6
2023,10322908,3003822456,1012,5
2023,10349083,3003822456,CV0004,7
2023,10837518,3003822456,CV0004,4
2023,10837518,3003822456,1109,6
2023,10282698,3003822456,CV0004,9
2023,10313709,3003822456,1008,0
2023,10313709,3003822456,1110,0
2023,10689289,3003822456,1007,7
2023,10689289,3003822456,1008,6
2023,10248012,3003822456,1007,7
2023,10248012,3003822456,1008,6
2023,10248012,3003822456,1009,6
2023,10248012,3003822456,1009,6
2023,10248012,3003822456,1011,7
2023,13040829,3003822456,1011,9
2023,13040829,3003822456,1109,6
2023,10688794,3003822456,1007,10
2023,10688794,3003822456,1008,8
2023,10688794,3003822456,1110,10
2023,11398648,3003822456,1007,10
2023,10339317,3003822456,1007,7
2023,10339317,3003822456,1109,6
2023,10410306,3003822456,1009,7
2023,12636671,3003822456,1009,3
2023,10467115,3003822456,CV0004,7
2023,10467115,3003822456,1009,0
2023,10123639,3003822456,1013,0
2023,11494374,3003822456,CV0004,9
2023,11494374,3003822456,1011,8
2023,10713535,3003822414,CV0003,8
2023,10713535,3003822414,0179,8
2023,10713535,3003822414,0179,7
2023,10713535,3003822414,0622,9
2023,10713535,3003822414,0625,8
2023,10700138,3003822414,CV0003,7
2023,10700138,3003822414,0179,7
2023,10700138,3003822414,0625,9
2023,10700138,3003822414,CV0008,10
2023,10323951,3003822414,0179,7
2023,10323951,3003822414,0623,9
2023,10323951,3003822414,0627,8
2023,10323951,3003822414,CV0008,10
2023,10819112,3003822414,0179,0
2023,10819112,3003822414,0179,0
2023,10819112,3003822414,0627,0
2023,11074029,3003822414,0179,8
2023,11074029,3003822414,0829,7
2023,10729579,3003822414,0625,10
2023,10729579,3003822414,CV0008,10
2023,10748318,3003822414,CV0003,3
2023,10748318,3003822414,0179,3
2023,10748318,3003822414,0627,5
2023,10839333,3003822414,0627,8
2023,10839333,3003822414,CV0008,9
2023,10804683,3003822414,CV0003,8
2023,10804683,3003822414,0179,8
2023,10804683,3003822414,0829,7
2023,10804683,3003822414,0627,9
2023,10804683,3003822414,0627,8
2023,10770133,3003822414,CV0003,8
2023,10770133,3003822414,0179,8
2023,10770133,3003822414,0622,8
2023,10770133,3003822414,0625,8
2023,10770133,3003822414,0623,7
2023,10770133,3003822414,0627,6
2023,11059622,3003822414,CV0008,0
2023,11059622,3003822414,CV0008,0
2023,10397145,3003822414,CV0003,4
2023,10397145,3003822414,0622,10
2023,10397145,3003822414,0625,10
2023,10752122,3003822414,0829,8
2023,10706042,3003822414,0179,7
2023,10706042,3003822414,0623,9
2023,10706042,3003822414,0627,6
2023,10706042,3003822414,CV0008,9
2023,13288446,3003822414,0622,9
2023,13288446,3003822414,0622,9
2023,13288446,3003822414,0627,9
2023,13288467,3003822414,CV0003,3
2023,13288467,3003822414,0829,7
2023,10819055,3003822414,0829,8
2023,10819055,3003822414,0625,9
2023,10819055,3003822414,CV0008,9
2023,10308372,3003822414,0627,0
2023,13291004,3003822414,CV0003,0
2023,13297778,3003822414,0829,4
2023,13297778,3003822414,0625,7
2023,10745922,3003822407,0823,7
2023,10745922,3003822407,0827,7
2023,12066525,3003822407,0822,8
2023,10014058,3003822407,0827,6
2023,10014058,3003822407,0824,6
2023,10022321,3003822407,0830,0
2023,10652514,3003822407,0827,7
2023,10652514,3003822407,0830,0
2023,10745922,3003822407,0828,8
2023,13009966,3003822407,CV0004,8
2023,13009966,3003822407,CV0004,7
2023,13009966,3003822407,0825,8
2023,11205447,3003822407,0825,5
2023,11205447,3003822407,0827,6
2023,11205447,3003822407,0822,6
2023,10485798,3003822407,0825,6
2023,10485798,3003822407,0827,8
2023,10485798,3003822407,0824,8
2023,10485798,3003822407,0826,8
2023,10706084,3003822407,CV0004,6
2023,10706084,3003822407,0827,6
2023,10706084,3003822407,0828,4
2023,10017341,3003822407,CV0004,9
2023,10017341,3003822407,0825,6
2023,10513334,3003822407,0825,7
2023,10513334,3003822407,0827,7
2023,10513334,3003822407,0822,7
2023,13054156,3003822407,0823,9
2023,10657675,3003822407,0827,6
2023,10657675,3003822407,0828,3
2023,10870759,3003822407,0826,4
2023,10515930,3003822407,0828,0
2023,10499298,3003822872,243265,9
2023,10723900,3003822872,243265,9
2023,10723900,3003822872,243265,10
2023,10723900,3003822872,243267,9
2023,10510771,3003822872,243266,8
2023,10510771,3003822872,243266,9
2023,10610021,3003822872,243266,8
2023,10697594,3003822872,243264,6
2023,10850218,3003822872,243267,3
2023,10850218,3003822872,243267,4
2023,10862844,3003822872,243264,8
2023,10706060,3003822872,243267,4
2023,10706060,3003822872,243266,8
2023,13285058,3003822872,243265,0
2023,13285058,3003822872,243264,0
2023,10352409,3003822872,243267,4
2023,10352409,3003822872,243266,8
2023,10352409,3003822872,243264,7
2023,10711820,3003822872,243265,8
2023,10711820,3003822872,243264,7
2023,10711820,3003822872,243264,6
2023,11251858,3003822872,243264,10
2023,10645661,3003822872,243265,9
2023,10645661,3003822872,243266,9
2023,10645661,3003822872,243264,7
2023,10709718,3003822872,243266,7
2023,10689702,3003822872,243265,4
2023,10689702,3003822872,243267,3
2023,10689702,3003822872,243266,7
2023,10772056,3003822872,243265,3
2023,10772056,3003822872,243266,7
2023,10714036,3003822872,243267,5
2023,10714036,3003822872,243264,8
2023,10272332,3003822879,243602,8
2023,10272332,3003822879,243270,7
2023,10297347,3003822879,243602,10
2023,10297347,3003822879,243604,7
2023,10315233,3003822879,243270,9
2023,10364934,3003822879,243601,0
2023,10378335,3003822879,243270,9
2023,10394874,3003822879,243270,8
2023,10402136,3003822879,243271,9
2023,10518216,3003822879,243602,9
2023,10518216,3003822879,243270,8
2023,10439782,3003822879,243604,7
2023,10711901,3003822879,243602,9
2023,10711901,3003822879,243271,8
2023,10711901,3003822879,243270,9
2023,10724605,3003822879,243602,8
2023,10724605,3003822879,243271,7
2023,10724605,3003822879,243270,8
2023,10729178,3003822879,243270,8
2023,12061489,3003822879,243602,8
2023,12061489,3003822879,243601,0
2023,11702324,3003822879,243271,7
2023,11770012,3003822879,243270,8
2023,13038380,3003822879,243271,9
2023,13038380,3003822879,243271,10
2023,13038386,3003822879,243270,8
2023,10916753,3003827233,CV0001,8
2023,10840996,3003827233,CV0001,9
2023,12731696,3003827233,CV0001,8
2023,12731696,3003827233,CV0001,7
2023,12731696,3003827233,0449,7
2023,12731696,3003827233,0441,1
2023,12731696,3003827233,0438,7
2023,13116617,3003827233,0441,5
2023,13116617,3003827233,0438,7
2023,10926432,3003827233,0438,9
2023,10926432,3003827233,0440,8
2023,10416752,3003827233,0449,8
2023,10416752,3003827233,0441,7
2023,10416752,3003827233,0440,10
2023,10308441,3003827233,0437,9
2023,10308441,3003827233,0438,6
2023,10308441,3003827233,0156,6
2023,10991644,3003827233,0449,2
2023,10991644,3003827233,0440,7
2023,10888026,3003827233,0449,9
2023,10888026,3003827233,0449,7
2023,10888026,3003827233,0441,9
2023,10888026,3003827233,0441,8
2023,10888026,3003827233,0156,9
2023,11802825,3003827233,0437,7
2023,11802825,3003827233,0156,8
2023,12788547,3003827233,0441,9
2023,13101838,3003827233,0449,7
2023,13101838,3003827233,0439,7
2023,10737176,3003827233,0438,10
2023,12561461,3003827233,0449,0
2023,12561461,3003827233,0438,0
2023,12561461,3003827233,0438,0
2023,10887591,3003827233,0439,7
2023,10887591,3003827233,0440,8
2023,11349452,3003827233,0437,8
2023,11349452,3003827233,0438,8
2023,13263652,3003827233,0441,0
2023,13263652,3003827233,0439,0
2023,13263652,3003827233,0438,0
2023,10793477,3003827233,0449,8
2023,10793462,3003827233,CV0001,7
2023,10793462,3003827233,0437,7
2023,10793462,3003827233,0449,7
2023,10793462,3003827233,0438,8
2023,10925424,3003827233,0156,9
2023,12832437,3003827233,0437,7
2023,12832437,3003827233,0449,5
2023,12832437,3003827233,0441,6
2023,12832437,3003827233,0441,5
2023,12832437,3003827233,0438,6
2023,10302214,3003827233,CV0001,4
2023,10302214,3003827233,0441,1
2023,10302214,3003827233,0441,0
2023,10302214,3003827233,0439,0
2023,10302214,3003827233,0440,0
2023,12424801,3003827233,0437,8
2023,12424801,3003827233,0441,7
2023,10805007,3003827233,CV0001,0
2023,10805007,3003827233,0437,6
2023,10805007,3003827233,0449,4
2023,10805007,3003827233,0439,4
2023,13263684,3003827233,CV0001,7
2023,13263684,3003827233,0437,8
2023,13263684,3003827233,0441,8
2023,13263684,3003827233,0439,9
2023,13263684,3003827233,0440,10
2023,11068958,3003827233,0156,0
2023,10688886,3003827233,CV0001,4
2023,10431853,3003827233,0437,9
2023,10431853,3003827233,0156,6
2023,13249406,3003827233,0437,7
2023,13249406,3003827233,0449,5
2023,10325396,3003827233,0440,9
2023,10325396,3003827233,0440,9
2023,10325396,3003827233,0156,7
2023,11780432,3003827233,CV0001,7
2023,11780432,3003827233,0439,9
2023,11780432,3003827233,0156,7
2023,11780432,3003827233,0156,6
2023,11998646,3003827233,CV0001,0
2023,11998646,3003827233,CV0001,0
2023,11998646,3003827233,0437,0
2023,11998646,3003827233,0439,0
2023,10924358,3003827233,0439,4
2023,10924358,3003827233,0438,7
2023,12890835,3003827233,CV0001,7
2023,12890835,3003827233,0437,7
2023,12890835,3003827233,0441,8
2023,12890835,3003827233,0439,6
2023,12890835,3003827233,0156,5
2023,12853739,3003827233,CV0001,6
2023,12853739,3003827233,0449,6
2023,12853739,3003827233,0439,10
2023,12853739,3003827233,0440,10
2023,12853739,3003827233,0156,6
2023,10453160,3003827233,0440,0
2023,12116573,3003827233,0449,9
2023,12116573,3003827233,0438,9
2023,12116573,3003827233,0156,9
2023,12736231,3003827233,0438,7
2023,12736231,3003827233,0440,9
2023,10787713,3003827233,CV0001,10
2023,10787713,3003827233,0449,7
2023,10787713,3003827233,0439,7
2023,10857947,3003827233,0437,6
2023,10857947,3003827233,0441,5
2023,10857947,3003827233,0439,5
2023,11738860,3003827233,0440,4
2023,10707891,3003827233,CV0001,6
2023,10707891,3003827233,0440,7
2023,11240615,3003827233,0449,7
2023,11240615,3003827233,0156,6
2023,10940185,3003827233,CV0001,6
2023,10940185,3003827233,0441,7
2023,10940185,3003827233,0439,7
2023,10940185,3003827233,0440,9
2023,11504482,3003827233,CV0001,0
2023,11504482,3003827233,0449,0
2023,11504482,3003827233,0441,0
2023,10728710,3003827233,0440,5
2023,10728710,3003827233,0440,0
2023,10268408,3003827233,0437,0
2023,10268408,3003827233,0439,0
2023,10268408,3003827233,0438,0
2023,10268408,3003827233,0440,0
2023,10679709,3003827233,0440,7
2023,10679709,3003827233,0156,7
2023,12571872,3003827233,0449,0
2023,12380827,3003827233,0440,8
2023,12380827,3003827233,0440,8
2023,10932086,3003827233,CV0001,4
2023,10932086,3003827233,CV0001,0
2023,10932086,3003827233,0441,0
2023,11480547,3003827233,0441,0
2023,10707679,3003827240,0446,6
2023,10707679,3003827240,0442,9
2023,10707679,3003827240,0448,7
2023,11739905,3003827240,0442,7
2023,11010026,3003827240,0443,2
2023,10333064,3003827240,0443,5
2023,10333064,3003827240,0448,6
2023,10509186,3003827240,0446,4
2023,10509186,3003827240,0443,2
2023,10819052,3003828760,0225,6
2023,10911129,3003828760,0225,6
2023,10837080,3003828760,0225,7
2023,13321692,3003828760,CV0001,0
2023,13321692,3003828760,CV0001,0
2023,12739162,3003826548,0178,6
2023,13034960,3003826548,0178,8
2023,10267575,3003826548,0175,0
2023,11186762,3003826548,0176,5
2023,10357602,3003826548,0176,8
2023,10759106,3003826548,0176,7
2023,13034970,3003826548,0181,2
2023,10134445,3003826548,0180,8
2023,13240820,3003826541,0174,0
2023,10742422,3003826541,0174,8
2023,10805336,3003826541,0174,7
2023,10849475,3003826541,0174,7
2023,10805336,3003826541,0182,6
2023,10805336,3003826541,0177,6
2023,10814531,3003826541,0177,9
2023,13249462,3003826541,0171,6
2023,10420918,3003826541,0171,7
2023,10421505,3003826541,0182,3
2023,10814531,3003826541,0182,9
2023,12905546,3003826541,0179,0
2023,11316431,3003826541,0179,0
2023,10489725,3003826541,0179,0
2023,10301350,3003826541,0177,9
2023,13034983,3003826541,0182,0
2023,11316431,3003826541,0172,0
2023,11564256,3003826541,0171,0
2023,12870301,3003826541,0177,0
2023,10248447,3003826611,0399,9
2023,13055004,3003826611,0399,4
2023,10432798,3003826611,0180,8
2023,13127380,3003826604,0171,8
2023,13288501,3003826604,0171,9
2023,10506040,3003826632,0388,0
2023,10365373,3003826632,0388,0
2023,10713872,3003826632,0388,3
2023,10406731,3003826611,0403,0
2023,10382178,3003826632,0388,8
2023,10654890,3003826632,0391,0
2023,10730159,3003826632,0390,7
2023,10707407,3003826632,CV0004,9
2023,10664909,3003826632,CV0004,8
2023,10713451,3003826632,CV0004,6
2023,10428047,3003826632,0387,8
2023,10428047,3003826632,0386,8
2023,10708070,3003826632,0386,7
2023,12472350,3003826625,0179,0
2023,12472350,3003826625,0383,0
2023,10700990,3003826625,0383,0
2023,11632133,3003826625,0383,8
2023,10706115,3003822344,1228,6
2023,10641026,3003822344,1228,5
2023,10688314,3003822337,1231,0
2023,12695609,3003822337,1233,0
2023,13285058,3003822872,243266,0
2023,10296770,3003822449,0930,0
2023,10411578,3003822449,CV0003,0
2023,10411578,3003822449,0623,0
2023,10411578,3003822449,1010,0
2023,11502177,3003822449,0931,8
2023,13261750,3003822449,0931,0
2023,11330270,3003822449,0931,0
2023,10718081,3003822449,0623,7
2023,13242371,3003822449,0623,0
2023,12480365,3003822449,0623,0
2023,10768351,3003822449,0623,8
2023,10809481,3003822449,0623,8
2023,10354121,3003822449,0931,5
2023,10852071,3003822449,CV0003,9
2023,13282254,3003822449,CV0003,8
2023,10852071,3003822449,0179,8
2023,10820754,3003822449,0179,10
2023,10270640,3003822449,0623,3
2023,10279046,3003822449,1010,8
2023,10820754,3003822449,1010,8
2023,10514789,3003822456,1012,5
2023,10281379,3003822456,1109,9
2023,11645686,3003822456,1008,8
2023,10255058,3003822456,1011,0
2023,13040829,3003822456,1009,6
2023,11494374,3003822456,1013,0
2023,10713535,3003822414,CV0009,7
2023,11074029,3003822414,CV0009,8
2023,10748318,3003822414,CV0009,6
2023,10804683,3003822414,CV0009,6
2023,11059622,3003822414,CV0009,0
2023,10397145,3003822414,CV0009,9
2023,13288467,3003822414,CV0009,7
2023,11059622,3003822414,0625,0
2023,11059622,3003822414,0627,0
2023,10303629,3003822456,1013,0
2023,11205447,3003822407,CV0010,0
2023,10515930,3003822407,0830,0
2023,10242875,3003822872,243267,9
2023,10297347,3003822879,243604,9
2023,10364934,3003822879,243604,8
2023,10916753,3003827233,0440,7
2023,10926432,3003827233,0440,9
2023,10793477,3003827233,0440,7
2023,10924358,3003827233,0440,7
2023,10707891,3003827233,0440,6
2023,10932086,3003827233,0440,0
2023,13249406,3003827233,0438,6
2023,11480547,3003827233,0437,0
2023,10509186,3003827240,0446,8
2023,10832154,3003827240,0442,5
2023,10906957,3003827240,CV0002,6
2023,10906957,3003827240,0442,6
2023,11576165,3003827240,0448,7
2023,13035100,3003827240,0448,6
2023,11569044,3003827240,0446,9
2023,13041457,3003827240,CV0002,0
2023,11567443,3003827240,CV0002,7
2023,11567443,3003827240,0443,7
2023,11567443,3003827240,0442,7
2023,10707705,3003827240,0446,6
2023,11616775,3003827240,0443,0
2023,10697215,3003827240,CV0002,0
2023,10451024,3003827240,CV0002,9
2023,10603770,3003827240,0448,0
2023,10352638,3003827240,0443,7
2023,10174516,3003827240,0443,0
2023,11350133,3003827240,0446,0
2023,11241112,3003827240,0443,8
2023,11241112,3003827240,0442,8
2023,11241112,3003827240,0448,8
2023,10129831,3003827240,0446,8
2023,12730573,3003827240,0446,10
2023,10248785,3003827240,0446,4
2023,10357636,3003827240,0446,9
2023,11479322,3003827240,0446,5
2023,10323662,3003827240,0448,4
2023,10411560,3003827240,0442,8
2023,10017455,3003827240,0442,9
2023,10742998,3003827240,0446,10
2023,10742998,3003827240,0448,10
2023,10645465,3003827240,CV0002,6
2023,10679723,3003827240,CV0002,6
2023,10698482,3003827240,CV0002,7
2023,10698482,3003827240,0448,7
2023,10698482,3003827240,0448,6
2023,10805222,3003827240,0446,7
2023,10805222,3003827240,0448,8
2023,10852107,3003827240,0446,7
2023,11664368,3003827240,CV0002,9
2023,11664368,3003827240,0446,7
2023,12287443,3003827240,0442,7
2023,12287443,3003827240,0451,0
2023,12320496,3003827240,0446,5
2023,12320496,3003827240,0442,4
2023,13263612,3003827240,CV0002,5
2023,13263612,3003827240,0443,6
2023,11177748,3003827240,0442,7
2023,10707732,3003827324,CV0003,6
2023,10707732,3003827324,0649,7
2023,10243350,3003827324,0651,0
2023,10679661,3003827324,CV0003,9
2023,10679661,3003827324,0658,7
2023,10679661,3003827324,0649,6
2023,10354855,3003827324,CV0003,8
2023,10321979,3003827324,0647,0
2023,10321979,3003827324,0647,0
2023,10437711,3003827324,0179,10
2023,10437711,3003827324,0650,9
2023,13245586,3003827324,0179,9
2023,13245586,3003827324,0658,9
2023,13245586,3003827324,0650,7
2023,10509826,3003827324,0650,8
2023,11875204,3003827324,0651,9
2023,11875204,3003827324,0651,8
2023,11875204,3003827324,0648,6
2023,11875204,3003827324,0647,8
2023,13248312,3003827324,0658,4
2023,13248312,3003827324,0649,10
2023,13248312,3003827324,0647,3
2023,13248312,3003827324,0647,5
2023,13248595,3003827324,CV0003,6
2023,13248595,3003827324,0648,7
2023,13248595,3003827324,0649,9
2023,13248595,3003827324,0649,8
2023,13248595,3003827324,0647,9
2023,10279159,3003827324,0651,6
2023,10279159,3003827324,0649,4
2023,10419461,3003827324,0650,0
2023,12737880,3003827324,0649,10
2023,13248215,3003827324,0648,5
2023,13248215,3003827324,0649,5
2023,13248215,3003827324,0649,4
2023,13248215,3003827324,0647,5
2023,11262097,3003827324,0179,10
2023,11262097,3003827324,0651,8
2023,11262097,3003827324,0650,9
2023,11262097,3003827324,0650,9
2023,11825237,3003827324,0647,4
2023,10862522,3003827324,0651,7
2023,10862522,3003827324,0658,7
2023,10862522,3003827324,0649,6
2023,10662076,3003827324,0651,0
2023,10662076,3003827324,0651,0
2023,10980328,3003827324,0648,0
2023,10283680,3003827324,0649,3
2023,10283680,3003827324,0649,0
2023,10283680,3003827324,0647,0
2023,11671593,3003827324,0648,0
2023,11671593,3003827324,0649,0
2023,11671593,3003827324,0647,0
2023,10470524,3003827324,0179,0
2023,10470524,3003827324,0179,0
2023,10470524,3003827324,0648,0
2023,12568905,3003827324,CV0003,9
2023,12568905,3003827324,0651,8
2023,12568905,3003827324,0658,4
2023,12568905,3003827324,0650,0
2023,10792061,3003827324,0179,6
2023,10792061,3003827324,0651,7
2023,10792061,3003827324,0649,7
2023,10792061,3003827324,0647,7
2023,10792061,3003827324,0647,8
2023,11572297,3003827324,0179,8
2023,11572297,3003827324,0648,8
2023,11572297,3003827324,0648,9
2023,11572297,3003827324,0649,9
2023,11572297,3003827324,0649,9
2023,11572297,3003827324,0647,9
2023,12731205,3003827324,CV0003,0
2023,12731205,3003827324,0658,5
2023,12731205,3003827324,0650,0
2023,12731205,3003827324,0649,2
2023,12731205,3003827324,0649,2
2023,12731205,3003827324,0647,3
2023,10735143,3003827324,CV0003,4
2023,10735143,3003827324,0179,0
2023,10735143,3003827324,0650,4
2023,10256545,3003827324,0651,0
2023,10835661,3003827324,0179,10
2023,10835661,3003827324,0658,7
2023,10835661,3003827324,0650,8
2023,10835661,3003827324,0650,7
2023,11335638,3003827324,0650,8
2023,11335638,3003827324,0650,7
2023,11335638,3003827324,0647,4
2023,10500611,3003827324,0651,7
2023,10819298,3003827324,0179,10
2023,10819298,3003827324,0647,8
2023,12840433,3003827324,0658,6
2023,12840433,3003827324,0650,4
2023,12840433,3003827324,0650,7
2023,12567860,3003827324,0651,9
2023,12567860,3003827324,0651,8
2023,12567860,3003827324,0650,9
2023,10615696,3003827324,0658,0
2023,10615696,3003827324,0649,0
2023,10615696,3003827324,0647,0
2023,13282224,3003827324,0658,7
2023,13282224,3003827324,0648,5
2023,13282224,3003827324,0647,8
2023,11170823,3003827324,CV0003,7
2023,11170823,3003827324,0651,9
2023,11170823,3003827324,0650,4
2023,11170823,3003827324,0648,7
2023,11837806,3003827324,CV0003,8
2023,11837806,3003827324,0179,9
2023,10403903,3003827324,0650,0
2023,10403903,3003827324,0649,0
2023,10403903,3003827324,0647,0
2023,11144559,3003827324,0651,8
2023,11144559,3003827324,0651,9
2023,11144559,3003827324,0647,9
2023,10679690,3003827324,0647,7
2023,11057251,3003827324,0179,8
2023,11057251,3003827324,0650,2
2023,11057251,3003827324,0647,7
2023,10689191,3003827324,0649,8
2023,12584277,3003827324,0179,3
2023,12584277,3003827324,0179,0
2023,13242362,3003827324,0651,6
2023,12736324,3003827324,0651,6
2023,12736324,3003827324,0648,5
2023,13246215,3003827324,0651,8
2023,13246215,3003827324,0658,6
2023,13246215,3003827324,0650,8
2023,13246215,3003827324,0647,7
2023,13298754,3003827324,0651,6
2023,13298754,3003827324,0648,5
2023,13298754,3003827324,0649,0
2023,13298754,3003827324,0647,7
2023,13320897,3003827324,CV0003,3
2023,13320897,3003827324,CV0003,5
2023,13320897,3003827324,0651,6
2023,13320897,3003827324,0651,6
2023,13320897,3003827324,0649,0
2023,10601480,3003827324,0649,6
2023,12735122,3003827317,0652,8
2023,12735122,3003827317,0653,6
2023,10382359,3003827317,CV0004,6
2023,10382359,3003827317,0654,4
2023,10406699,3003827317,0655,5
2023,10406699,3003827317,0653,0
2023,10779826,3003827317,0652,0
2023,10779826,3003827317,0653,0
2023,10779826,3003827317,0656,5
2023,10433556,3003827317,0655,4
2023,11490214,3003827317,0653,7
2023,13038772,3003827317,0655,6
2023,13038772,3003827317,0653,7
2023,13038797,3003827317,0654,7
2023,13038681,3003827317,0652,8
2023,10621683,3003827317,CV0004,0
2023,10621683,3003827317,0656,0
2023,10621683,3003827317,0654,0
2023,11312274,3003827317,CV0004,4
2023,11312274,3003827317,0655,0
2023,11312274,3003827317,0652,5
2023,12734235,3003827317,0655,4
2023,10421574,3003827317,0656,7
2023,10300393,3003827317,0656,1
2023,10413017,3003827317,0652,8
2023,10391035,3003827317,0655,6
2023,11235081,3003827317,0657,5
2023,11230530,3003827317,0657,0
2023,11230530,3003827317,0653,8
2023,11230530,3003827317,0654,8
2023,11230530,3003827317,0654,7
2023,10416763,3003827317,0653,3
2023,10416763,3003827317,0653,0
2023,13038756,3003827317,0652,4
2023,12400744,3003827317,0652,7
2023,12400744,3003827317,0653,7
2023,12400744,3003827317,0656,6
2023,11158351,3003827317,0656,9
2023,11158351,3003827317,0654,5
2023,11158351,3003827317,0654,6
2023,11877051,3003827317,0657,6
2023,10268999,3003827317,0653,9
2023,10360919,3003827317,0655,6
2023,10743797,3003827317,0657,5
2023,10743797,3003827317,0652,7
2023,10743797,3003827317,0656,8
2023,10792497,3003827317,0653,8
2023,11084757,3003827317,0652,4
2023,10366490,3003827317,0657,7
2023,10702296,3003827317,0655,9
2023,10702296,3003827317,0654,9
2023,10706049,3003827317,0653,9
2023,10706049,3003827317,0654,10
2023,12739273,3003827317,0654,3
2023,10707834,3003827317,0655,8
2023,10707834,3003827317,0660,0
2023,10707834,3003827317,0654,7
2023,10711877,3003827317,CV0004,7
2023,10711877,3003827317,0655,7
2023,10711877,3003827317,0653,5
2023,10711877,3003827317,0654,4
2023,10832134,3003827317,0655,8
2023,10832134,3003827317,0657,5
2023,12746359,3003827317,0655,10
2023,12746359,3003827317,0652,10
2023,12746359,3003827317,0652,10
2023,10246117,3003827317,0654,4
2023,10323618,3003827317,0653,0
2023,10323618,3003827317,0654,2
2023,10698000,3003827317,0654,6
2023,10698000,3003827317,0654,6
2023,10705909,3003827317,0655,9
2023,10705909,3003827317,0652,9
2023,10705909,3003827317,0656,9
2023,10967233,3003827317,0655,8
2023,11319435,3003827317,0655,8
2023,11319435,3003827317,0652,8
2023,11319435,3003827317,0654,2
2023,11158088,3003827317,0652,0
2023,11158088,3003827317,0654,0
2023,11158088,3003827317,0654,0
2023,10653326,3003827317,0653,3
2023,10653326,3003827317,0656,6
2023,10443245,3003827317,0655,2
2023,10443245,3003827317,0652,6
2023,12739825,3003827317,0652,7
2023,12739825,3003827317,0652,8
2023,12739825,3003827317,0653,9
2023,10596940,3003827317,0654,8
2023,12020369,3003827317,0655,3
2023,11320679,3003829510,028100,10
2023,10894547,3003829510,028502,9
2023,11487403,3003829510,028505,6
2023,11487403,3003829510,028505,4
2023,11735453,3003829510,028502,7
2023,11735453,3003829510,028504,6
2023,11735453,3003829510,028001,2
2023,11735453,3003829510,028503,8
2023,10281596,3003829510,028502,10
2023,10281596,3003829510,028504,9
2023,10281596,3003829510,028505,9
2023,10281596,3003829510,028501,9
2023,10593808,3003829510,028100,10
2023,11055595,3003829510,028501,10
2023,11234733,3003829510,028504,1
2023,11234733,3003829510,028503,5
2023,11234733,3003829510,028100,9
2023,11507257,3003829510,028504,8
2023,11507257,3003829510,028503,6
2023,11507257,3003829510,028501,6
2023,10891407,3003829510,028505,8
2023,10891407,3003829510,028503,9
2023,11048215,3003829510,028503,6
2023,11830567,3003829510,028502,7
2023,11830567,3003829510,028503,7
2023,11830567,3003829510,028100,9
2023,10927479,3003829510,028505,8
2023,10927479,3003829510,028503,8
2023,10333869,3003829510,028502,9
2023,10333869,3003829510,028504,10
2023,10333869,3003829510,028001,8
2023,10333869,3003829510,028001,7
2023,10786265,3003829510,028502,9
2023,10786265,3003829510,028504,9
2023,12459446,3003829510,028502,8
2023,10420607,3003829510,028503,5
2023,10420607,3003829510,028503,6
2023,12938752,3003829510,028504,10
2023,10884628,3003829510,028504,10
2023,10884628,3003829510,028501,8
2023,10884628,3003829510,028100,5
2023,10597404,3003829510,028505,8
2023,10597404,3003829510,028503,4
2023,13281547,3003829510,028503,7
2023,13281547,3003829510,028501,6
2023,13239736,3003829510,028504,6
2023,13239736,3003829510,028001,5
2023,13239736,3003829510,028100,9
2023,13239736,3003829510,028100,9
2023,10678956,3003829510,028501,3
2023,13263382,3003829510,028504,0
2023,13263382,3003829510,028001,0
2023,11572959,3003829510,028504,9
2023,11572959,3003829510,028501,9
2023,10802283,3003829510,028100,7
2023,12426107,3003829510,028504,9
2023,12426107,3003829510,028505,9
2023,12426107,3003829510,028503,9
2023,12426107,3003829510,028501,10
2023,11495623,3003829510,028502,8
2023,13274066,3003829510,028502,0
2023,13274066,3003829510,028505,0
2023,13274066,3003829510,028503,0
2023,13274066,3003829510,028501,0
2023,13240658,3003829510,028100,7
2023,13105352,3003829510,028505,7
2023,13105352,3003829510,028505,4
2023,13105352,3003829510,028001,7
2023,13105352,3003829510,028001,7
2023,12569296,3003829510,028502,9
2023,12569296,3003829510,028504,7
2023,12569296,3003829510,028505,5
2023,12569296,3003829510,028503,7
2023,12569296,3003829510,028503,7
2023,12569296,3003829510,028501,7
2023,12569296,3003829510,028100,9
2023,10436905,3003829510,028505,4
2023,13033829,3003829510,028503,7
2023,13095162,3003829510,028502,10
2023,10907341,3003829510,028502,9
2023,10907341,3003829510,028505,9
2023,10907341,3003829510,028001,8
2023,11485242,3003829510,028502,10
2023,11485242,3003829510,028502,9
2023,11485242,3003829510,028505,9
2023,11485242,3003829510,028501,2
2023,11619741,3003829510,028502,10
2023,11619741,3003829510,028100,10
2023,11895957,3003829510,028100,10
2023,11895957,3003829510,028100,10
2023,10525708,3003829510,028502,9
2023,10525708,3003829510,028100,10
2023,10784833,3003829510,028502,4
2023,10762349,3003829510,028001,7
2023,10762349,3003829510,028503,4
2023,10762349,3003829510,028100,10
2023,10788057,3003829510,028502,8
2023,10788057,3003829510,028504,7
2023,10788057,3003829510,028501,9
2023,10783722,3003829510,028001,7
2023,10783722,3003829510,028501,5
2023,10783722,3003829510,028501,6
2023,10783722,3003829510,028501,5
2023,10783722,3003829510,028100,9
2023,10244802,3003829510,028502,8
2023,10244802,3003829510,028501,7
2023,10244802,3003829510,028100,10
2023,10866566,3003829510,028505,4
2023,10866566,3003829510,028503,3
2023,10866566,3003829510,028503,5
2023,10899221,3003829510,028505,8
2023,10323990,3003829510,028502,10
2023,11903090,3003829510,028505,8
2023,11903090,3003829510,028001,8
2023,11407450,3003829510,028001,9
2023,11407450,3003829510,028501,6
2023,12695436,3003829510,028505,6
2023,12695436,3003829510,028503,8
2023,12695436,3003829510,028501,6
2023,12695436,3003829510,028100,10
2023,10027392,3003829510,028504,0
2023,10027392,3003829510,028504,0
2023,10027392,3003829510,028505,0
2023,10027392,3003829510,028501,0
2023,10027392,3003829510,028100,0
2023,10805472,3003829510,028502,3
2023,10805472,3003829510,028504,1
2023,10805472,3003829510,028505,3
2023,10805472,3003829510,028501,0
2023,10805472,3003829510,028100,5
2023,10805472,3003829510,028100,5
2023,12623151,3003829510,028503,4
2023,12623151,3003829510,028501,2
2023,10630162,3003829510,028503,0
2023,12738447,3003829510,028502,0
2023,12738447,3003829510,028504,0
2023,12738447,3003829510,028504,10
2023,12738447,3003829510,028001,4
2023,12738447,3003829510,028001,0
2023,11549816,3003829510,028504,7
2023,11549816,3003829510,028505,9
2023,11549816,3003829510,028503,8
2023,12873247,3003829510,028504,7
2023,12873247,3003829510,028505,4
2023,12873247,3003829510,028001,6
2023,12873247,3003829510,028100,10
2023,10476696,3003829510,028502,9
2023,10476696,3003829510,028501,10
2023,10279654,3003829510,028503,6
2023,10380752,3003829510,028504,10
2023,10380752,3003829510,028503,8
2023,10380752,3003829510,028100,10
2023,10823864,3003829510,028502,7
2023,10823864,3003829510,028505,0
2023,10823864,3003829510,028001,7
2023,10905442,3003829510,028001,5
2023,10905442,3003829510,028501,8
2023,13246090,3003829510,028503,10
2023,12656419,3003829510,028504,9
2023,10893181,3003829510,028504,9
2023,10893181,3003829510,028503,10
2023,10893181,3003829510,028100,7
2023,13053163,3003829510,028503,0
2023,13053163,3003829510,028100,8
2023,13053163,3003829510,028100,0
2023,10808367,3003829510,028502,6
2023,10808367,3003829510,028505,4
2023,10808367,3003829510,028505,4
2023,10808367,3003829510,028001,9
2023,10808367,3003829510,028501,2
2023,11261849,3003829510,028501,8
2023,11261849,3003829510,028100,9
2023,13034194,3003829510,028503,8
2023,13034194,3003829510,028503,9
2023,12739113,3003829510,028502,6
2023,12739113,3003829510,028505,3
2023,10615480,3003829510,028502,10
2023,10804587,3003829510,028504,2
2023,12837351,3003829510,028502,7
2023,12837351,3003829510,028505,6
2023,12837351,3003829510,028505,7
2023,12837351,3003829510,028501,3
2023,12837351,3003829510,028100,5
2023,10898139,3003829510,028001,7
2023,10898139,3003829510,028501,10
2023,12858788,3003829510,028502,9
2023,12858788,3003829510,028001,8
2023,12419064,3003829510,028504,7
2023,12419064,3003829510,028505,6
2023,12419064,3003829510,028501,8
2023,13281520,3003829510,028504,10
2023,13281520,3003829510,028001,9
2023,13281520,3003829510,028503,8
2023,13281520,3003829510,028503,10
2023,13255314,3003829510,028504,6
2023,13034042,3003829510,028503,9
2023,10819064,3003829510,028001,5
2023,10904286,3003829510,028502,0
2023,10904286,3003829510,028504,10
2023,10904286,3003829510,028504,10
2023,10904286,3003829510,028001,0
2023,11237080,3003829510,028502,9
2023,11237080,3003829510,028504,9
2023,10358166,3003829510,028505,8
2023,10574437,3003829510,028503,7
2023,10787438,3003829510,028502,7
2023,10787438,3003829510,028001,4
2023,10787438,3003829510,028501,7
2023,10787438,3003829510,028100,9
2023,10020005,3003829510,028502,8
2023,10020005,3003829510,028505,4
2023,10020005,3003829510,028503,8
2023,10020005,3003829510,028100,10
2023,12737895,3003829517,028601,0
2023,10308806,3003829517,028601,0
2023,10804705,3003829517,028601,0
2023,10819705,3003829517,028601,0
2023,10618379,3003829517,028601,0
2023,12731434,3003829517,028601,0
2023,10799612,3003829517,028601,0
2023,12465189,3003829517,028601,0
2023,10762345,3003829517,028601,0
2023,11092655,3003829517,028601,0
2023,10839272,3003829517,028601,0
2023,10027372,3003829629,1370,9
2023,10027372,3003829629,1369,8
2023,10027372,3003829629,1376,9
2023,10657224,3003829629,1367,9
2023,10657224,3003829629,1368,4
2023,10657224,3003829629,1376,9
2023,11831183,3003829629,1368,9
2023,11831183,3003829629,1369,8
2023,13281830,3003829629,1368,6
2023,10689174,3003829629,1370,8
2023,10689174,3003829629,1369,8
2023,10689174,3003829629,1376,9
2023,10735610,3003829629,1369,7
2023,10839832,3003829629,1370,6
2023,10839832,3003829629,1367,8
2023,10839832,3003829629,1369,4
2023,10698929,3003829629,1367,0
2023,10698929,3003829629,1367,0
2023,10814218,3003829629,1370,4
2023,10814218,3003829629,1369,3
2023,12558926,3003829629,1367,0
2023,10734168,3003829629,1369,8
2023,10817396,3003829629,1370,8
2023,10817396,3003829629,1376,8
2023,10834203,3003829629,1370,5
2023,10834203,3003829629,1369,7
2023,10834203,3003829629,1369,8
2023,10707900,3003829629,1368,7
2023,10707900,3003829629,1369,6
2023,10707900,3003829629,1376,10
2023,10742955,3003829629,1367,6
2023,10742955,3003829629,1376,9
2023,10698110,3003829629,CV0003,8
2023,10698110,3003829629,1376,9
2023,12739203,3003829629,1370,9
2023,12739203,3003829629,1367,8
2023,12739203,3003829629,1368,9
2023,10635766,3003829629,1369,4
2023,13242130,3003829629,1369,10
2023,10781254,3003829629,1368,8
2023,13281768,3003829629,1367,4
2023,13281768,3003829629,1367,4
2023,10620831,3003829629,1369,9
2023,10620831,3003829629,1376,7
2023,10319363,3003829629,1367,8
2023,10319363,3003829629,1368,7
2023,10319363,3003829629,1368,4
2023,10652405,3003829629,CV0003,9
2023,10652405,3003829629,CV0003,10
2023,10652405,3003829629,1370,10
2023,10678151,3003829629,1367,0
2023,10678151,3003829629,1368,4
2023,10678151,3003829629,1368,0
2023,10678151,3003829629,1369,0
2023,10701794,3003829629,CV0003,4
2023,10701794,3003829629,CV0003,6
2023,10701794,3003829629,1370,8
2023,10701794,3003829629,1370,7
2023,10678799,3003829629,1370,4
2023,13256847,3003829629,1368,10
2023,10822528,3003829629,CV0003,9
2023,10822528,3003829629,1368,8
2023,10324078,3003829629,1370,10
2023,10679716,3003829629,1367,10
2023,13273466,3003829629,1367,6
2023,12478386,3003829629,1369,4
2023,12478386,3003829629,1376,4
2023,10859549,3003829629,1376,10
2023,13011023,3003829629,1367,7
2023,13011023,3003829629,1368,8
2023,10657734,3003829629,1368,6
2023,11316204,3003829629,1367,9
2023,10711968,3003829629,CV0003,9
2023,10711968,3003829629,1370,8
2023,10711968,3003829629,1376,8
2023,10634289,3003829636,CV0004,9
2023,10657266,3003829636,1373,7
2023,10392520,3003829636,CV0004,8
2023,10392520,3003829636,1371,4
2023,10392520,3003829636,1374,7
2023,10392520,3003829636,1377,7
2023,10411129,3003829636,1372,9
2023,10411129,3003829636,1373,8
2023,10411129,3003829636,1374,8
2023,10462592,3003829636,1371,8
2023,10462592,3003829636,1372,8
2023,10678949,3003829636,1372,6
2023,10691096,3003829636,CV0004,9
2023,10691096,3003829636,1372,5
2023,10696544,3003829636,1371,4
2023,10696544,3003829636,1372,4
2023,10696544,3003829636,1374,7
2023,10705842,3003829636,1373,6
2023,10705842,3003829636,1377,8
2023,10705842,3003829636,1377,7
2023,10706057,3003829636,CV0004,10
2023,10784679,3003829636,CV0004,8
2023,10816497,3003829636,CV0004,9
2023,10816497,3003829636,1371,7
2023,10829974,3003829636,1372,8
2023,10829974,3003829636,1373,9
2023,10829974,3003829636,1374,8
2023,10830272,3003829636,1372,8
2023,10830272,3003829636,1373,6
2023,10836592,3003829636,1374,7
2023,12826253,3003829636,1374,8
2023,13056692,3003829636,1372,8
2023,10013793,3003829636,1371,7
2023,10024512,3003829636,1373,9
2023,10024512,3003829636,1377,9
2023,10307743,3003829636,1375,7
2023,10381433,3003829636,1372,4
2023,10381433,3003829636,1373,7
2023,10691132,3003829636,1374,2
2023,10700544,3003829636,1371,6
2023,10700981,3003829636,1377,10
2023,10734359,3003829636,CV0004,7
2023,10734359,3003829636,1378,0
2023,10737469,3003829636,1374,9
2023,10753893,3003829636,1375,7
2023,10753893,3003829636,1371,6
2023,10819896,3003829636,CV0004,9
2023,10819896,3003829636,CV0004,8
2023,10819896,3003829636,1374,6
2023,10852053,3003829636,1372,7
2023,10852053,3003829636,1373,8
2023,10865461,3003829636,1371,9
2023,11069919,3003829636,1371,6
2023,11167937,3003829636,CV0004,6
2023,12608298,3003829636,1374,9
2023,12736051,3003829636,1371,4
2023,12736051,3003829636,1372,7
2023,12736834,3003829636,CV0004,7
2023,12736834,3003829636,1372,7
2023,13030911,3003829636,1373,9
2023,10174423,3003829636,1372,10
2023,10174423,3003829636,1373,9
2023,10386780,3003829636,1371,2
2023,10386780,3003829636,1374,4
2023,10386780,3003829636,1374,4
2023,11896089,3003829636,1375,7
2023,10418860,3003829636,1375,5
2023,10418860,3003829636,1378,0
2023,11032354,3003829636,1375,9
2023,11032354,3003829636,1374,7
2023,10320009,3003829636,1371,0
2023,10328898,3003829636,1371,6
2023,10776959,3003829636,1371,2
2023,10691028,3003829636,1373,3
2023,10460605,3003829636,1372,0
2023,10460605,3003829636,1374,0
2023,10352236,3003828691,5026,9
2023,10293577,3003828691,5023,0
2023,10293577,3003828691,5023,0
2023,10352528,3003828691,5021,8
2023,10352528,3003828691,5023,9
2023,10352528,3003828691,5023,9
2023,10352528,3003828691,5024,8
2023,10428862,3003828691,5021,0
2023,10428862,3003828691,5026,0
2023,12430202,3003828691,5023,10
2023,12430202,3003828691,5024,9
2023,12430202,3003828691,5025,10
2023,10400378,3003828691,5022,10
2023,10514340,3003828691,5021,8
2023,10376123,3003828691,5022,9
2023,10398753,3003828691,5025,0
2023,10949781,3003828691,5022,8
2023,10949781,3003828691,5025,8
2023,10949781,3003828691,5026,8
2023,10949781,3003828691,5026,9
2023,10698939,3003828691,5025,8
2023,10698939,3003828691,5026,9
2023,13297404,3003828691,5021,8
2023,10328167,3003828705,5075,8
2023,11406626,3003828705,5072,0
2023,10304881,3003828705,5074,10
2023,10304881,3003828705,5075,0
2023,10700769,3003828705,5071,9
2023,10700769,3003828705,5073,5
2023,10700769,3003828705,5074,7
2023,10353205,3003828705,5071,7
2023,10646249,3003828705,5075,0
2023,10646249,3003828705,5075,0
2023,12447243,3003828705,5073,8
2023,10789928,3003828705,5071,0
2023,10352435,3003828705,5072,7
2023,10352435,3003828705,5072,7
2023,10352435,3003828705,5074,10
2023,13297112,3003828705,5072,9
2023,11167622,3003828705,5071,0
2023,11167622,3003828705,5073,0
2023,11167622,3003828705,5073,0
2023,11167622,3003828705,5074,0
2023,11167622,3003828705,5074,0
2023,11407481,3003828705,5071,0
2023,10018367,3003828705,5071,6
2023,10018367,3003828705,5075,5
2023,10496141,3003828705,5072,0
2023,10254384,3003828705,5073,0
2023,10254384,3003828705,5074,0
2023,10525957,3003828705,5071,0
2023,10525957,3003828705,5072,0
2023,10182546,3003828705,5075,8
2023,10470240,3003828900,0374,4
2023,10303547,3003828900,CV0004,6
2023,10380889,3003828900,0376,9
2023,10819337,3003828900,0376,9
2023,10819337,3003828900,0374,10
2023,10792555,3003828900,0378,7
2023,10792555,3003828900,0376,8
2023,11512963,3003828900,CV0004,9
2023,11512963,3003828900,0375,6
2023,10707778,3003828900,0377,0
2023,10797555,3003828900,0377,6
2023,10851128,3003828900,0374,6
2023,11646742,3003828900,0377,7
2023,10586308,3003828900,0378,9
2023,10586308,3003828900,0378,10
2023,10586308,3003828900,0377,9
2023,10017378,3003828900,CV0004,8
2023,10017378,3003828900,0375,5
2023,10017378,3003828900,0382,0
2023,10294470,3003828900,0381,6
2023,10294470,3003828900,0377,8
2023,10427819,3003828900,0375,5
2023,10799062,3003828900,0378,7
2023,10640918,3003828900,0375,7
2023,10640918,3003828900,0374,8
2023,10855729,3003828893,0369,9
2023,10864476,3003828893,0370,5
2023,10864476,3003828893,0372,8
2023,10864476,3003828893,0380,8
2023,10832097,3003828893,0370,5
2023,10611327,3003828893,0371,10
2023,11242377,3003828893,0371,9
2023,10267085,3003828893,CV0003,8
2023,10267085,3003828893,0380,8
2023,12722174,3003828893,CV0003,10
2023,12722174,3003828893,0371,6
2023,12722174,3003828893,0372,4
2023,12722174,3003828893,0372,7
2023,13257199,3003828893,0369,9
2023,10634348,3003828893,0370,6
2023,10963354,3003828893,0371,9
2023,10707901,3003828893,0373,7
2023,10707901,3003828893,0372,4
2023,10707901,3003828893,0372,8
2023,10707901,3003828893,0369,7
2023,10748092,3003828893,CV0003,7
2023,11635385,3003828893,CV0003,10
2023,11635385,3003828893,CV0003,9
2023,11635385,3003828893,0371,8
2023,11635385,3003828893,0380,8
2023,11635385,3003828893,0380,9
2023,10679688,3003828893,CV0003,4
2023,10679688,3003828893,0372,7
2023,10691654,3003828893,0369,8
2023,10707654,3003828893,0370,5
2023,10707654,3003828893,0371,7
2023,10707654,3003828893,0371,6
2023,10676228,3003828893,CV0003,8
2023,10676228,3003828893,0373,6
2023,10676228,3003828893,0371,8
2023,10687382,3003828893,0370,7
2023,10687382,3003828893,0369,8
2023,10837560,3003828893,0380,9
2023,12433973,3003828823,0490,0
2023,13163302,3003828823,CV0004,10
2023,13163302,3003828823,0494,9
2023,13163302,3003828823,0491,10
2023,10279324,3003828823,0494,6
2023,10279324,3003828823,0489,6
2023,10979745,3003828823,0486,8
2023,11891674,3003828823,0494,0
2023,12737108,3003828823,CV0004,3
2023,10292823,3003828823,0494,0
2023,10292823,3003828823,0490,0
2023,10292823,3003828823,0489,0
2023,10292823,3003828823,0486,0
2023,13038074,3003828823,0494,9
2023,13038074,3003828823,0491,8
2023,13038074,3003828823,0486,9
2023,10707674,3003828823,0494,0
2023,10707674,3003828823,0489,0
2023,10707674,3003828823,0486,0
2023,10707674,3003828823,0486,0
2023,11254010,3003828823,0491,6
2023,11254010,3003828823,0486,9
2023,10326385,3003828823,CV0004,6
2023,10326385,3003828823,0492,9
2023,10326385,3003828823,0490,8
2023,10326385,3003828823,0488,3
2023,10326385,3003828823,0488,6
2023,10326385,3003828823,0486,9
2023,11430449,3003828823,0490,3
2023,11430449,3003828823,0489,8
2023,11430449,3003828823,0486,9
2023,10664873,3003828823,0489,9
2023,10279526,3003828823,0488,5
2023,10279526,3003828823,0486,0
2023,10865901,3003828823,CV0004,1
2023,10865901,3003828823,0494,0
2023,12636620,3003828823,0490,0
2023,10470608,3003828823,0491,0
2023,10470608,3003828823,0490,0
2023,10470608,3003828823,0489,4
2023,10470608,3003828823,0488,1
2023,13038149,3003828823,CV0004,1
2023,13038149,3003828823,CV0004,0
2023,13038149,3003828823,0491,0
2023,13038149,3003828823,0490,0
2023,13038149,3003828823,0488,1
2023,13038149,3003828823,0488,0
2023,12563774,3003828823,0490,7
2023,12563774,3003828823,0488,9
2023,10264374,3003828823,0491,0
2023,10264374,3003828823,0489,0
2023,10264374,3003828823,0486,0
2023,11572662,3003828823,0486,9
2023,11572662,3003828823,0486,9
2023,10943078,3003828823,0492,9
2023,10943078,3003828823,0489,9
2023,10399819,3003828823,0491,6
2023,12717811,3003828823,0488,5
2023,11400429,3003828823,0490,0
2023,11400429,3003828823,0488,0
2023,11400429,3003828823,0486,0
2023,11400429,3003828823,0486,0
2023,12636390,3003828823,0486,9
2023,10307929,3003828795,CV0003,7
2023,10307929,3003828795,0485,2
2023,10307929,3003828795,0484,6
2023,10730670,3003828795,CV0003,10
2023,10730670,3003828795,0484,10
2023,13245350,3003828795,0483,0
2023,10837069,3003828795,0484,9
2023,10736098,3003828795,CV0003,8
2023,10736098,3003828795,CV0003,8
2023,10820972,3003828795,0485,10
2023,10820972,3003828795,0484,9
2023,10965828,3003828795,0487,6
2023,10279258,3003828795,CV0003,0
2023,10635824,3003828795,0484,4
2023,10604661,3003828795,0487,0
2023,10604661,3003828795,0485,0
2023,10604661,3003828795,0483,0
2023,13248857,3003828795,0373,8
2023,13248857,3003828795,0487,7
2023,13248857,3003828795,0485,3
2023,13248857,3003828795,0617,7
2023,13245291,3003828795,0373,0
2023,13245291,3003828795,0487,0
2023,13245291,3003828795,0484,0
2023,13245291,3003828795,0483,0
2023,13245291,3003828795,0617,0
2023,13245291,3003828795,0617,0
2023,13245903,3003828795,0485,0
2023,10254986,3003828795,CV0003,10
2023,10254986,3003828795,0373,10
2023,10254986,3003828795,0487,9
2023,10254986,3003828795,0483,9
2023,10399842,3003828795,CV0003,8
2023,10679677,3003828795,0483,4
2023,10679677,3003828795,0483,4
2023,12736124,3003828795,0485,6
2023,12736124,3003828795,0485,7
2023,11736342,3003828795,0487,10
2023,13170875,3003828795,CV0003,7
2023,13170875,3003828795,0373,0
2023,10365185,3003828795,0484,8
2023,10663063,3003828795,0373,6
2023,10663063,3003828795,0484,7
2023,10663063,3003828795,0483,6
2023,10663063,3003828795,0617,7
2023,13245900,3003828795,0373,9
2023,13245900,3003828795,0617,8
2023,10454428,3003828795,CV0003,0
2023,10454428,3003828795,0484,0
2023,10454428,3003828795,0617,0
2023,11569845,3003828795,0487,3
2023,12040403,3003828795,CV0003,4
2023,12040403,3003828795,0373,8
2023,12040403,3003828795,0487,7
2023,12040403,3003828795,0484,8
2023,12040403,3003828795,0483,9
2023,10689194,3003828795,0487,10
2023,11234996,3003828795,0483,0
2023,10533446,3003828795,0487,0
2023,10392227,3003828795,0487,0
2023,10392227,3003828795,0485,0
2023,10013834,3003828795,CV0003,0
2023,10013834,3003828795,0484,0
2023,10013834,3003828795,0617,0
2023,10817332,3003828795,CV0003,6
2023,10817332,3003828795,0373,7
2023,10817332,3003828795,0373,9
2023,12735228,3003828795,0483,9
2023,10304827,3003828795,0485,0
2023,10392051,3003828795,CV0003,9
2023,10392051,3003828795,CV0003,9
2023,10392051,3003828795,0484,4
2023,13245876,3003828795,0373,10
2023,13245876,3003828795,0617,10
2023,13245936,3003828795,0373,0
2023,10489583,3003828795,0485,10
2023,10851164,3003828795,0485,5
2023,11240348,3003828795,CV0003,6
2023,11240348,3003828795,CV0003,0
2023,11240348,3003828795,0485,0
2023,11240348,3003828795,0485,0
2023,11240348,3003828795,0483,7
2023,10362119,3003828795,0487,10
2023,10362119,3003828795,0617,8
2023,10308646,3003828795,0373,6
2023,12587239,3003828795,CV0003,4
2023,12587239,3003828795,0484,0
2023,10666129,3003828795,0484,5
2023,10278578,3003828795,CV0003,0
2023,10278578,3003828795,0373,0
2023,10278578,3003828795,0485,0
2023,10278578,3003828795,0484,0
2023,10278578,3003828795,0483,0
2023,10278578,3003828795,0617,0
2023,13294635,3003828795,CV0003,10
2023,13294635,3003828795,0373,8
2023,13294635,3003828795,0487,8
2023,13294635,3003828795,0484,9
2023,13294635,3003828795,0617,7
2023,11778439,3003828795,0373,7
2023,11778439,3003828795,0485,0
2023,10241522,3003828788,0612,6
2023,10634225,3003828788,CV0004,0
2023,10634225,3003828788,0614,4
2023,10634225,3003828788,0613,4
2023,10634225,3003828788,0613,0
2023,10247323,3003828788,0613,8
2023,10512738,3003828788,0612,9
2023,10261771,3003828788,CV0004,10
2023,10574443,3003828788,0614,8
2023,10707841,3003828788,CV0004,10
2023,11088015,3003828788,0618,2
2023,11782852,3003828788,0613,7
2023,11782852,3003828788,0613,7
2023,10319905,3003828788,0613,7
2023,10403933,3003828788,CV0004,10
2023,10403933,3003828788,0612,7
2023,10269568,3003828788,0615,4
2023,10269568,3003828788,0615,7
2023,10269568,3003828788,0613,7
2023,10269568,3003828788,0612,8
2023,10308808,3003828788,0613,6
2023,10308808,3003828788,0613,7
2023,10604775,3003828788,0613,7
2023,10797554,3003828788,0616,7
2023,13038816,3003828788,CV0004,10
2023,13038816,3003828788,CV0004,10
2023,13038816,3003828788,0614,10
2023,13038816,3003828788,0613,8
2023,13038816,3003828788,0613,9
2023,13038828,3003828788,CV0004,9
2023,13038828,3003828788,0613,7
2023,10304867,3003828788,0613,10
2023,10407215,3003828788,0614,4
2023,10407215,3003828788,0613,8
2023,10708221,3003828788,0616,9
2023,10708221,3003828788,0618,7
2023,12936130,3003828767,0230,8
2023,12936130,3003828767,0224,5
2023,10758419,3003828767,0226,8
2023,13031068,3003828767,0224,9
2023,10663109,3003828767,CV0002,1
2023,10663109,3003828767,0224,2
2023,10663109,3003828767,0224,0
2023,10663109,3003828767,0227,1
2023,10027669,3003828767,0224,6
2023,13031606,3003828767,0224,1
2023,13031606,3003828767,0224,1
2023,10679666,3003828767,0230,0
2023,10679666,3003828767,0224,0
2023,10756607,3003828767,0228,9
2023,10756607,3003828767,0224,9
2023,10427584,3003828767,0227,0
2023,11825745,3003828767,0230,0
2023,11825745,3003828767,0226,0
2023,10351465,3003828767,0228,8
2023,10757001,3003828767,CV0002,8
2023,10757001,3003828767,0228,8
2023,10851163,3003828767,0230,6
2023,10851163,3003828767,0226,4
2023,10882466,3003828767,0226,8
2023,11088071,3003828767,CV0002,8
2023,11088071,3003828767,0228,8
2023,11088071,3003828767,0231,0
2023,10410140,3003828767,0230,8
2023,10679710,3003828767,0226,9
2023,10762343,3003828767,0226,9
2023,10762343,3003828767,0224,10
2023,10807600,3003828767,CV0002,10
2023,10807600,3003828767,0230,7
2023,10807600,3003828767,0224,10
2023,10814487,3003828767,0226,7
2023,10814487,3003828767,0224,6
2023,10814487,3003828767,0224,6
2023,10856605,3003828767,CV0002,10
2023,10856605,3003828767,0224,9
2023,10856605,3003828767,0227,7
2023,13046184,3003828767,0226,8
2023,10828387,3003828767,0230,6
2023,10828387,3003828767,0228,9
2023,10828387,3003828767,0227,9
2023,12559471,3003828767,0228,9
2023,12559471,3003828767,0226,10
2023,12559471,3003828767,0227,8
2023,11847570,3003828760,CV0001,4
2023,10938543,3003828760,0225,0
2023,10938543,3003828760,0223,0
2023,10938543,3003828760,0221,0
2023,10938543,3003828760,0229,0
2023,10938543,3003828760,0222,0
2023,10833893,3003828760,0221,4
2023,10833893,3003828760,0229,5
2023,10833893,3003828760,0222,3
2023,10833893,3003828760,0222,0
2023,10910799,3003828760,0223,9
2023,10910799,3003828760,0223,10
2023,10910799,3003828760,0221,9
2023,10910799,3003828760,0222,9
2023,10789656,3003828760,CV0001,7
2023,10789656,3003828760,0225,0
2023,10789656,3003828760,0229,7
2023,10911373,3003828760,0222,9
2023,11088604,3003828760,CV0001,9
2023,11088604,3003828760,0223,10
2023,10909591,3003828760,CV0001,8
2023,10909591,3003828760,0225,8
2023,10909591,3003828760,0223,9
2023,10909591,3003828760,0222,8
2023,10390554,3003828760,0229,8
2023,12736633,3003828760,0223,0
2023,12736633,3003828760,0221,0
2023,12736633,3003828760,0229,0
2023,12736633,3003828760,0222,0
2023,10305237,3003828760,0223,0
2023,10305237,3003828760,0223,0
2023,10017433,3003828760,0221,7
2023,10325203,3003828760,0223,8
2023,10906556,3003828760,0225,4
2023,10906556,3003828760,0221,7
2023,10906556,3003828760,0229,6
2023,10906556,3003828760,0222,4
2023,10906556,3003828760,0222,1
2023,11421089,3003828760,CV0001,4
2023,10912321,3003828760,0222,10
2023,10912321,3003828760,0222,9
2023,11337364,3003828760,0225,0
2023,11571793,3003828760,0225,4
2023,11571793,3003828760,0229,0
2023,11571793,3003828760,0222,4
2023,13006056,3003828760,0221,5
2023,13006056,3003828760,0229,0
2023,10762391,3003828760,CV0001,4
2023,10762391,3003828760,0229,7
2023,10762391,3003828760,0222,7
2023,10911129,3003828760,0221,7
2023,12510469,3003828760,CV0001,4
2023,12510469,3003828760,CV0001,4
2023,12510469,3003828760,0225,5
2023,12510469,3003828760,0223,7
2023,10416745,3003828760,CV0001,7
2023,10416745,3003828760,CV0001,7
2023,10713860,3003828760,CV0001,0
2023,10713860,3003828760,0225,0
2023,10713860,3003828760,0223,0
2023,10713860,3003828760,0229,0
2023,12505624,3003828760,0225,8
2023,12505624,3003828760,0223,8
2023,13250561,3003828760,0222,9
2023,13250561,3003828760,0222,9
2023,10392662,3003828760,0223,0
2023,10392662,3003828760,0229,0
2023,10392662,3003828760,0229,0
2023,12731167,3003828760,CV0001,0
2023,12731167,3003828760,CV0001,0
2023,10466174,3003828760,0225,0
2023,10466174,3003828760,0221,0
2023,10466174,3003828760,0222,0
2023,10837080,3003828760,CV0001,9
2023,10837080,3003828760,0223,9
2023,10819052,3003828760,0225,6
2023,13086978,3003828760,CV0001,4
2023,13086978,3003828760,CV0001,9
2023,11763179,3003828760,0229,0
2023,10888617,3003828760,0221,7
2023,10888617,3003828760,0229,8
2023,10888617,3003828760,0229,8
2023,10344575,3003828760,CV0001,7
2023,12270997,3003828760,0229,0
2023,11407222,3003828760,0223,9
2023,12609908,3003828760,CV0001,4
2023,12609908,3003828760,0222,8
2023,10885064,3003828760,0223,6
2023,10904569,3003828760,0223,9
2023,10904569,3003828760,0222,8
2023,10895404,3003828760,0221,9
2023,10895404,3003828760,0221,10
2023,10895404,3003828760,0222,9
2023,10937956,3003828760,CV0001,0
2023,10937956,3003828760,0229,0
2023,10937956,3003828760,0222,0
2023,13321692,3003828760,0229,0
2023,13321692,3003828760,0222,0
2023,10244719,3003826548,0178,0
2023,12739162,3003826548,0178,6
2023,12634107,3003826548,CV0004,9
2023,12634107,3003826548,0178,9
2023,12708907,3003826548,0180,8
2023,12708907,3003826548,0180,9
2023,10267575,3003826548,0175,0
2023,10636300,3003826548,0183,8
2023,10304560,3003826548,0180,8
2023,10304560,3003826548,0184,0
2023,10691401,3003826548,0181,5
2023,11402080,3003826548,0180,10
2023,11402080,3003826548,0183,8
2023,13035643,3003826548,CV0004,4
2023,13035643,3003826548,0176,8
2023,13097118,3003826548,0180,0
2023,13097118,3003826548,0183,0
2023,13097118,3003826548,0176,7
2023,13097118,3003826548,0175,5
2023,10014485,3003826548,0181,0
2023,10640379,3003826548,0180,9
2023,10640379,3003826548,0183,6
2023,10640379,3003826548,0176,8
2023,10357602,3003826548,0180,8
2023,10357602,3003826548,0180,9
2023,10376639,3003826548,0176,7
2023,10734117,3003826548,0180,9
2023,10734117,3003826548,0178,9
2023,10734117,3003826548,0175,9
2023,12675110,3003826548,0178,8
2023,12738950,3003826548,0180,0
2023,13034970,3003826548,0175,6
2023,12793270,3003826548,0178,2
2023,12793270,3003826548,0175,7
2023,12003293,3003826548,0180,0
2023,10759106,3003826548,0180,8
2023,10759106,3003826548,0181,0
2023,10759106,3003826548,0181,0
2023,10935906,3003826548,0183,0
2023,11329159,3003826548,0180,9
2023,10406692,3003826548,CV0004,8
2023,10406692,3003826548,0180,7
2023,13034960,3003826548,0183,5
2023,10134445,3003826548,0176,8
2023,10134445,3003826548,0178,7
2023,10134445,3003826548,0175,8
2023,13263308,3003826541,CV0003,4
2023,13263308,3003826541,0179,4
2023,13240820,3003826541,CV0003,8
2023,13240820,3003826541,0171,0
2023,13240820,3003826541,0173,0
2023,12413993,3003826541,0174,6
2023,11568873,3003826541,0179,9
2023,11568873,3003826541,0179,9
2023,10742422,3003826541,0172,8
2023,10742422,3003826541,0173,6
2023,10742422,3003826541,0177,7
2023,12679099,3003826541,0172,0
2023,11921786,3003826541,CV0003,9
2023,11921786,3003826541,0179,9
2023,11921786,3003826541,0182,8
2023,10805336,3003826541,0172,0
2023,10805336,3003826541,0182,7
2023,10805336,3003826541,0177,6
2023,10507995,3003826541,CV0003,8
2023,10507995,3003826541,0172,5
2023,10507995,3003826541,0173,6
2023,13249462,3003826541,0171,8
2023,13249462,3003826541,0172,7
2023,13249462,3003826541,0172,9
2023,13249462,3003826541,0172,8
2023,13249462,3003826541,0173,8
2023,13249462,3003826541,0177,9
2023,10264508,3003826541,0174,8
2023,10838901,3003826541,0171,5
2023,10838901,3003826541,0171,4
2023,10838901,3003826541,0174,5
2023,10838901,3003826541,0182,7
2023,10487908,3003826541,0177,6
2023,10581335,3003826541,0179,10
2023,10581335,3003826541,0171,10
2023,10581335,3003826541,0174,10
2023,10581335,3003826541,0182,1
2023,10581335,3003826541,0177,8
2023,10581335,3003826541,0177,9
2023,10713910,3003826541,CV0003,9
2023,10713910,3003826541,0179,9
2023,10421505,3003826541,0179,0
2023,10421505,3003826541,0174,0
2023,10421505,3003826541,0177,0
2023,13245158,3003826541,0179,6
2023,13245158,3003826541,0171,6
2023,13245158,3003826541,0172,2
2023,13245158,3003826541,0173,5
2023,13245158,3003826541,0177,5
2023,11495548,3003826541,0172,0
2023,10664803,3003826541,0179,0
2023,10664803,3003826541,0174,0
2023,10664803,3003826541,0182,0
2023,10610451,3003826541,CV0003,8
2023,10610451,3003826541,0182,8
2023,12905546,3003826541,CV0003,0
2023,12905546,3003826541,CV0003,0
2023,12905546,3003826541,0173,0
2023,12905546,3003826541,0177,2
2023,10706770,3003826541,0173,8
2023,10706770,3003826541,0182,7
2023,10706770,3003826541,0182,6
2023,12730900,3003826541,0171,7
2023,13062870,3003826541,CV0003,0
2023,13062870,3003826541,CV0003,0
2023,13062870,3003826541,0179,0
2023,13062870,3003826541,0179,0
2023,13062870,3003826541,0171,0
2023,13062870,3003826541,0177,0
2023,10301350,3003826541,0177,9
2023,10849475,3003826541,CV0003,8
2023,10849475,3003826541,0179,8
2023,10849475,3003826541,0174,8
2023,10849475,3003826541,0177,7
2023,13034983,3003826541,CV0003,0
2023,13034983,3003826541,0179,0
2023,13034983,3003826541,0179,0
2023,13034983,3003826541,0179,0
2023,13034983,3003826541,0173,0
2023,13034983,3003826541,0182,0
2023,10468091,3003826541,0177,7
2023,10814531,3003826541,0179,9
2023,10814531,3003826541,0171,9
2023,10814531,3003826541,0173,9
2023,10814531,3003826541,0174,9
2023,11316431,3003826541,0171,0
2023,11316431,3003826541,0172,0
2023,11316431,3003826541,0173,0
2023,11316431,3003826541,0177,0
2023,11564256,3003826541,CV0003,0
2023,11564256,3003826541,0172,0
2023,11564256,3003826541,0173,0
2023,11564256,3003826541,0174,0
2023,11564256,3003826541,0182,0
2023,10489725,3003826541,0171,0
2023,10489725,3003826541,0172,0
2023,10489725,3003826541,0172,0
2023,10489725,3003826541,0177,0
2023,12870301,3003826541,CV0003,0
2023,12870301,3003826541,0172,0
2023,12870301,3003826541,0174,0
2023,10518298,3003826611,0400,8
2023,10017101,3003826611,0402,9
2023,10017101,3003826611,0397,8
2023,10428229,3003826611,0403,0
2023,10428229,3003826611,0399,4
2023,10428229,3003826611,0397,9
2023,10420911,3003826611,0180,9
2023,10306049,3003826611,0403,0
2023,10306049,3003826611,0399,9
2023,10496638,3003826611,CV0004,6
2023,10496638,3003826611,CV0004,10
2023,10496638,3003826611,0180,7
2023,10496638,3003826611,0180,8
2023,10496638,3003826611,0400,9
2023,10248447,3003826611,0400,10
2023,10274804,3003826611,CV0004,7
2023,10274804,3003826611,0180,6
2023,10574372,3003826611,0180,7
2023,10364858,3003826611,0398,10
2023,10364858,3003826611,0400,10
2023,10364858,3003826611,0399,8
2023,10364858,3003826611,0397,9
2023,10364858,3003826611,0397,10
2023,10511432,3003826611,CV0004,8
2023,10511432,3003826611,0398,4
2023,10511432,3003826611,0180,8
2023,10511432,3003826611,0402,8
2023,10511432,3003826611,0399,4
2023,10691269,3003826611,0398,4
2023,10691269,3003826611,0399,4
2023,10699154,3003826611,CV0004,8
2023,10699154,3003826611,0400,9
2023,10507538,3003826611,0398,0
2023,10507538,3003826611,0397,0
2023,10837523,3003826611,0180,6
2023,13035483,3003826611,0398,8
2023,13035483,3003826611,0399,8
2023,13055004,3003826611,0180,4
2023,10803272,3003826604,0384,8
2023,10837553,3003826604,CV0003,8
2023,10837553,3003826604,0383,8
2023,12468964,3003826604,0172,5
2023,10699672,3003826604,0171,8
2023,10699672,3003826604,0383,4
2023,10699672,3003826604,0173,7
2023,10778000,3003826604,0179,9
2023,10778000,3003826604,0401,8
2023,10778000,3003826604,0401,9
2023,10778000,3003826604,0384,9
2023,13242114,3003826604,CV0003,0
2023,13242114,3003826604,0401,0
2023,13242114,3003826604,0173,0
2023,10506767,3003826604,0383,0
2023,10506767,3003826604,0172,0
2023,10677163,3003826604,CV0003,4
2023,10677163,3003826604,0383,7
2023,10282475,3003826604,0383,9
2023,10282475,3003826604,0172,8
2023,10698462,3003826604,CV0003,4
2023,10698462,3003826604,0383,4
2023,10698462,3003826604,0172,7
2023,12398431,3003826604,0384,8
2023,12398431,3003826604,0384,8
2023,12398431,3003826604,0172,7
2023,13257485,3003826604,0179,4
2023,13257485,3003826604,0401,4
2023,13257485,3003826604,0383,4
2023,13257485,3003826604,0383,0
2023,13257485,3003826604,0384,7
2023,10411178,3003826604,0179,8
2023,10411178,3003826604,0171,10
2023,10411178,3003826604,0173,7
2023,10675919,3003826604,0384,8
2023,10675919,3003826604,0384,9
2023,10675919,3003826604,0172,9
2023,13127380,3003826604,0179,0
2023,13127380,3003826604,0383,8
2023,13127380,3003826604,0384,8
2023,13127380,3003826604,0384,8
2023,10513851,3003826604,0179,6
2023,10513851,3003826604,0384,8
2023,10718089,3003826604,0179,0
2023,13288501,3003826604,0172,7
2023,13257407,3003826604,0171,1
2023,13257407,3003826604,0383,4
2023,13257407,3003826604,0384,0
2023,10709639,3003826604,0179,4
2023,10709639,3003826604,0171,8
2023,10348121,3003826604,CV0003,4
2023,10348121,3003826604,CV0003,4
2023,10488332,3003826632,0388,4
2023,10506040,3003826632,CV0004,8
2023,10041748,3003826632,CV0004,0
2023,10041748,3003826632,0385,9
2023,10377321,3003826632,0385,4
2023,12734875,3003826611,0403,0
2023,10654890,3003826632,0386,8
2023,10654890,3003826632,0386,8
2023,10270975,3003826632,0387,9
2023,10308866,3003826632,0386,8
2023,10713872,3003826632,0386,8
2023,10730159,3003826632,0387,7
2023,10850808,3003826632,0385,8
2023,10780309,3003826632,CV0004,4
2023,10780309,3003826632,0387,7
2023,10428047,3003826632,0385,8
2023,10664909,3003826632,0390,7
2023,10664924,3003826632,CV0004,8
2023,10513718,3003826632,0388,0
2023,10708070,3003826632,0385,7
2023,10708070,3003826632,0390,7
2023,10713451,3003826632,0180,8
2023,10713451,3003826632,0387,7
2023,10713451,3003826632,0386,7
2023,10815375,3003826632,0386,8
2023,12472350,3003826625,0171,0
2023,12472350,3003826625,0172,0
2023,12472350,3003826625,0173,0
2023,10664986,3003826625,CV0003,6
2023,10664986,3003826625,0173,6
2023,10664986,3003826625,0389,5
2023,10277303,3003826625,0383,7
2023,10700990,3003826625,CV0003,0
2023,10700990,3003826625,0171,0
2023,10700990,3003826625,0173,0
2023,11632133,3003826625,0172,4
2023,10690446,3003826625,0383,7
2023,10696634,3003826625,CV0003,9
2023,10696634,3003826625,0389,8
2023,10512569,3003826625,0173,0
2023,12058330,3003826625,0384,7
2023,12058330,3003826625,0384,7
2023,12058330,3003826625,0389,7
2023,10486936,3003826625,0383,8
2023,10486936,3003826625,0172,4
2023,10486936,3003826625,0389,7
2023,10742990,3003826625,0171,8
2023,10707825,3003826625,CV0003,6
2023,10707825,3003826625,0179,9
2023,10707825,3003826625,0171,5
2023,10707825,3003826625,0389,4
2023,10610383,3003826625,0179,8
2023,10610383,3003826625,0384,8
2023,10610383,3003826625,0172,7
2023,13332666,3003826625,0172,0
2023,10706115,3003822344,1234,5
2023,10706115,3003822344,1234,6
2023,10706115,3003822344,1235,6
2023,10707734,3003822344,1227,4
2023,10707734,3003822344,1234,5
2023,10707819,3003822344,1228,5
2023,10707819,3003822344,1234,4
2023,10707819,3003822344,1234,5
2023,10707819,3003822344,1235,5
2023,10714134,3003822344,1227,5
2023,10714134,3003822344,1228,5
2023,10714134,3003822344,1234,4
2023,10799147,3003822344,CV0002,8
2023,10770425,3003822344,CV0002,9
2023,10770425,3003822344,1227,6
2023,10770425,3003822344,1228,5
2023,10787523,3003822344,1227,8
2023,10787523,3003822344,1230,9
2023,10836565,3003822344,1235,5
2023,12736451,3003822344,1230,5
2023,12736451,3003822344,1235,6
2023,10485831,3003822344,1230,7
2023,10641026,3003822344,CV0002,6
2023,10641026,3003822344,1227,4
2023,10641026,3003822344,1234,3
2023,10641026,3003822344,1235,5
2023,10689201,3003822344,CV0002,6
2023,10689201,3003822344,1228,8
2023,10761897,3003822344,1227,6
2023,10761897,3003822344,1228,7
2023,10761897,3003822344,1234,7
2023,10783762,3003822344,1228,9
2023,10787491,3003822344,1228,7
2023,10787491,3003822344,1234,4
2023,10787491,3003822344,1237,0
2023,10787504,3003822344,1227,6
2023,10787504,3003822344,1228,6
2023,10787504,3003822344,1230,6
2023,10787504,3003822344,1235,6
2023,10780823,3003822344,CV0002,7
2023,10780823,3003822344,1230,9
2023,10766479,3003822344,1230,8
2023,10835701,3003822344,1230,1
2023,11744037,3003822344,1227,5
2023,11744037,3003822344,1234,5
2023,11780595,3003822344,1228,8
2023,10706808,3003822344,1234,6
2023,10706808,3003822344,1235,7
2023,11520867,3003822344,1227,7
2023,11520867,3003822344,1234,5
2023,11520867,3003822344,1235,7
2023,10800025,3003822344,1230,9
2023,10800025,3003822344,1234,7
2023,10813126,3003822344,1235,9
2023,10679722,3003822344,1227,5
2023,10679722,3003822344,1230,4
2023,10679722,3003822344,1234,5
2023,10742994,3003822344,1227,6
2023,10742994,3003822344,1230,7
2023,10742994,3003822344,1237,0
2023,10766414,3003822344,1228,7
2023,10766414,3003822344,1230,8
2023,10895114,3003822337,CV0001,7
2023,10895114,3003822337,0156,6
2023,10895114,3003822337,0156,7
2023,10895114,3003822337,1231,8
2023,10895114,3003822337,1236,7
2023,12907793,3003822337,CV0001,6
2023,12907793,3003822337,CV0001,7
2023,12907793,3003822337,1226,9
2023,12907793,3003822337,1231,9
2023,12907793,3003822337,1232,8
2023,12907793,3003822337,1236,8
2023,10766806,3003822337,CV0001,7
2023,10766806,3003822337,1229,8
2023,10766806,3003822337,1229,9
2023,10766806,3003822337,1232,8
2023,10766806,3003822337,1233,9
2023,10909605,3003822337,0156,8
2023,10909605,3003822337,1229,8
2023,11336367,3003822337,1226,7
2023,11336367,3003822337,1226,4
2023,11336367,3003822337,1229,7
2023,11336367,3003822337,1236,5
2023,10688314,3003822337,1226,0
2023,10688314,3003822337,1229,0
2023,10688314,3003822337,1232,0
2023,10761942,3003822337,CV0001,8
2023,10761942,3003822337,0156,8
2023,10761942,3003822337,1229,8
2023,10761942,3003822337,1229,8
2023,10761942,3003822337,1232,8
2023,10761942,3003822337,1233,9
2023,10932819,3003822337,1231,7
2023,10932819,3003822337,1233,7
2023,10932819,3003822337,1236,4
2023,10889204,3003822337,CV0001,8
2023,10889204,3003822337,1231,7
2023,10762386,3003822337,CV0001,4
2023,10920099,3003822337,1229,9
2023,10920099,3003822337,1236,8
2023,10897205,3003822337,1232,7
2023,10789649,3003822337,1229,9
2023,10789649,3003822337,1232,7
2023,11667242,3003822337,1232,8
2023,11667242,3003822337,1232,8
2023,11667242,3003822337,1236,6
2023,10805487,3003822337,1226,7
2023,12695609,3003822337,CV0001,0
2023,12695609,3003822337,0156,0
2023,12695609,3003822337,1229,0
2023,12695609,3003822337,1232,0
2023,12695609,3003822337,1233,0
2023,10858044,3003822337,CV0001,8
2023,10858044,3003822337,CV0001,8
2023,10858044,3003822337,1232,6
2023,10858044,3003822337,1233,7
2023,10858044,3003822337,1233,7
2023,11744036,3003822337,CV0001,10
2023,11744036,3003822337,1226,10
2023,11744036,3003822337,1229,8
2023,11744036,3003822337,1233,8
2023,11744036,3003822337,1233,9
2023,12932662,3003822337,CV0001,8
2023,12932662,3003822337,1231,9
2023,13112701,3003822337,0156,7
2023,13112701,3003822337,1231,6
2023,10852104,3003822337,0156,7
2023,10852104,3003822337,1226,6
2023,10852104,3003822337,1229,5
2023,10852104,3003822337,1232,6
2023,10852104,3003822337,1236,6
2023,10887844,3003822337,1232,6
2023,10887844,3003822337,1236,4
2023,10887844,3003822337,1236,6
2023,10851064,3003822337,0156,8
2023,10851064,3003822337,1226,4
2023,10851064,3003822337,1232,4
2023,10851064,3003822337,1236,4
2023,10776722,3003822337,0156,5
2023,10776722,3003822337,1226,2
2023,10776722,3003822337,1229,4
2023,10776722,3003822337,1231,5
2023,10791133,3003822337,1232,8
2023,10277738,3003822449,CV0003,0
2023,10277738,3003822449,0623,0
2023,10736212,3003822449,0930,6
2023,10318774,3003822449,0623,6
2023,10318774,3003822449,1010,5
2023,10466022,3003822449,CV0003,8
2023,10466022,3003822449,0931,7
2023,12300236,3003822449,0179,4
2023,10689153,3003822449,0623,6
2023,10689153,3003822449,1010,3
2023,12719809,3003822449,CV0003,10
2023,12719809,3003822449,0179,9
2023,12719809,3003822449,0930,8
2023,12719809,3003822449,0930,9
2023,12719809,3003822449,1010,10
2023,12719809,3003822449,1014,7
2023,10737190,3003822449,CV0003,9
2023,10737190,3003822449,0179,9
2023,10737190,3003822449,0623,9
2023,10278035,3003822449,CV0003,8
2023,10278035,3003822449,0623,7
2023,10278035,3003822449,1010,6
2023,12424432,3003822449,0930,9
2023,12424432,3003822449,1014,10
2023,10411578,3003822449,0179,0
2023,10411578,3003822449,0931,0
2023,11502177,3003822449,0623,6
2023,10398706,3003822449,0931,0
2023,10398706,3003822449,1010,0
2023,10320697,3003822449,0179,7
2023,10320697,3003822449,0179,7
2023,10320697,3003822449,0623,0
2023,10320697,3003822449,0930,6
2023,10320697,3003822449,1014,0
2023,13261750,3003822449,0930,0
2023,13261750,3003822449,1010,6
2023,13245229,3003822449,0179,0
2023,13245229,3003822449,1014,1
2023,13245229,3003822449,1014,0
2023,10604170,3003822449,0930,0
2023,10604170,3003822449,1014,0
2023,10242636,3003822449,0930,7
2023,10375621,3003822449,0930,8
2023,10375621,3003822449,0931,9
2023,10375621,3003822449,1010,6
2023,10375621,3003822449,1010,7
2023,13242371,3003822449,0623,0
2023,13242371,3003822449,0931,0
2023,13242371,3003822449,1014,0
2023,13243061,3003822449,0931,9
2023,13243061,3003822449,0931,9
2023,13243061,3003822449,1014,5
2023,13243061,3003822449,1014,6
2023,13261894,3003822449,CV0003,0
2023,13261894,3003822449,1010,0
2023,10826692,3003822449,0623,9
2023,10826692,3003822449,0931,9
2023,10826692,3003822449,1010,8
2023,10826692,3003822449,1010,9
2023,10795882,3003822449,CV0003,0
2023,10795882,3003822449,0930,7
2023,12735439,3003822449,0931,9
2023,12735439,3003822449,1014,8
2023,10584902,3003822449,0623,7
2023,10768351,3003822449,CV0003,7
2023,10768351,3003822449,0931,8
2023,13249466,3003822449,0930,8
2023,13249466,3003822449,1014,0
2023,11330270,3003822449,CV0003,0
2023,11330270,3003822449,0179,0
2023,11330270,3003822449,0930,0
2023,11330270,3003822449,0931,0
2023,11330270,3003822449,1010,0
2023,10426520,3003822449,0623,7
2023,10434495,3003822449,0930,6
2023,10434495,3003822449,1014,0
2023,10354121,3003822449,0179,7
2023,10354121,3003822449,0623,4
2023,10354121,3003822449,0930,6
2023,10354121,3003822449,1010,5
2023,10809481,3003822449,1010,8
2023,10852071,3003822449,0930,6
2023,10432949,3003822449,0623,8
2023,10432949,3003822449,0930,9
2023,10506770,3003822449,CV0003,0
2023,10506770,3003822449,0623,0
2023,10506770,3003822449,0930,1
2023,10404684,3003822449,0623,0
2023,10404684,3003822449,1014,5
2023,10270640,3003822449,CV0003,6
2023,10270640,3003822449,0623,7
2023,10718886,3003822449,0623,7
2023,12857786,3003822449,CV0003,5
2023,12857786,3003822449,0930,5
2023,10723795,3003822449,1010,8
2023,10816484,3003822449,0179,7
2023,10816484,3003822449,0179,7
2023,10816484,3003822449,0623,5
2023,10707845,3003822449,0179,7
2023,10707845,3003822449,0930,6
2023,10707845,3003822449,0931,9
2023,10707845,3003822449,0931,9
2023,10691616,3003822449,CV0003,8
2023,10691616,3003822449,0179,8
2023,13242370,3003822449,0623,9
2023,13242370,3003822449,0931,9
2023,13242370,3003822449,1010,6
2023,10375121,3003822449,CV0003,9
2023,10375121,3003822449,1010,7
2023,10296770,3003822449,CV0003,0
2023,10296770,3003822449,CV0003,0
2023,10296770,3003822449,0179,0
2023,10296770,3003822449,0179,0
2023,10296770,3003822449,0931,6
2023,10664778,3003822449,CV0003,7
2023,10664778,3003822449,0179,6
2023,10664778,3003822449,0623,3
2023,10664778,3003822449,0931,6
2023,10820754,3003822449,0179,9
2023,10820754,3003822449,1014,8
2023,11244122,3003822449,0179,0
2023,11244122,3003822449,0931,0
2023,11244122,3003822449,1010,0
2023,10431067,3003822449,0930,7
2023,10431067,3003822449,1010,0
2023,10690358,3003822449,0931,6
2023,13326344,3003822449,CV0003,0
2023,13326344,3003822449,0930,0
2023,10698475,3003822449,0179,4
2023,10514789,3003822456,CV0004,9
2023,10514789,3003822456,1007,4
2023,10514789,3003822456,1007,6
2023,10514789,3003822456,1109,5
2023,10514789,3003822456,1110,7
2023,13040521,3003822456,CV0004,0
2023,13040521,3003822456,1007,7
2023,10700384,3003822456,1007,8
2023,10700384,3003822456,1110,9
2023,10594447,3003822456,1009,8
2023,10594447,3003822456,1011,8
2023,10688987,3003822456,1008,8
2023,10688987,3003822456,1110,10
2023,10688987,3003822456,1013,0
2023,10211605,3003822456,1008,5
2023,10211605,3003822456,1008,6
2023,13040787,3003822456,1008,7
2023,13040787,3003822456,1009,9
2023,13040787,3003822456,1011,9
2023,13040787,3003822456,1109,7
2023,11074562,3003822456,CV0004,0
2023,11074562,3003822456,1011,7
2023,11074562,3003822456,1011,7
2023,11074562,3003822456,1012,4
2023,10281379,3003822456,1110,10
2023,10281379,3003822456,1110,10
2023,10427710,3003822456,1007,8
2023,10427710,3003822456,1011,8
2023,10427710,3003822456,1109,9
2023,10427710,3003822456,1110,10
2023,10468190,3003822456,1008,8
2023,10468190,3003822456,1009,7
2023,10468190,3003822456,1011,8
2023,10468190,3003822456,1011,8
2023,10017272,3003822456,1007,8
2023,10017272,3003822456,1011,8
2023,10017272,3003822456,1110,9
2023,10339026,3003822456,1007,8
2023,10339026,3003822456,1011,8
2023,10339026,3003822456,1110,8
2023,10636290,3003822456,1109,8
2023,10636290,3003822456,1110,9
2023,10636290,3003822456,1013,0
2023,10420734,3003822456,1011,8
2023,10420734,3003822456,1109,10
2023,10256577,3003822456,1008,7
2023,10344807,3003822456,1013,0
2023,10377143,3003822456,1007,9
2023,10377143,3003822456,1110,10
2023,10375529,3003822456,CV0004,8
2023,10375529,3003822456,1007,8
2023,10375529,3003822456,1009,8
2023,10375529,3003822456,1109,10
2023,10414797,3003822456,1011,7
2023,10414797,3003822456,1013,0
2023,10414557,3003822456,1008,5
2023,10414557,3003822456,1110,8
2023,10679644,3003822456,1009,7
2023,10679644,3003822456,1110,10
2023,10700954,3003822456,1109,9
2023,10734337,3003822456,1012,6
2023,10835663,3003822456,1007,9
2023,10835663,3003822456,1009,8
2023,10835663,3003822456,1011,9
2023,10835663,3003822456,1110,10
2023,10839854,3003822456,1007,2
2023,10850813,3003822456,CV0004,8
2023,10850813,3003822456,1007,7
2023,10850813,3003822456,1009,7
2023,10850813,3003822456,1011,7
2023,11512394,3003822456,1008,6
2023,11512394,3003822456,1009,6
2023,11512394,3003822456,1109,8
2023,11512394,3003822456,1109,8
2023,11645686,3003822456,1008,8
2023,11645686,3003822456,1110,10
2023,11830264,3003822456,1007,7
2023,11830264,3003822456,1109,9
2023,12743886,3003822456,1008,0
2023,12743886,3003822456,1011,7
2023,12743886,3003822456,1013,0
2023,10308205,3003822456,1012,0
2023,10320146,3003822456,CV0004,8
2023,10255058,3003822456,1109,0
2023,10255058,3003822456,1110,0
2023,10354186,3003822456,1109,9
2023,10354186,3003822456,1013,0
2023,10786442,3003822456,1109,8
2023,10322908,3003822456,1011,8
2023,10349083,3003822456,1109,6
2023,10349083,3003822456,1110,9
2023,10349083,3003822456,1013,0
2023,10837518,3003822456,1011,8
2023,10837518,3003822456,1109,7
2023,10282698,3003822456,1007,6
2023,10313709,3003822456,1007,0
2023,10313709,3003822456,1009,0
2023,10378770,3003822456,1009,3
2023,10248012,3003822456,1008,2
2023,13040829,3003822456,1008,7
2023,10688794,3003822456,1009,9
2023,10688794,3003822456,1009,10
2023,10688794,3003822456,1109,10
2023,10688794,3003822456,1013,0
2023,11398648,3003822456,1012,9
2023,10339317,3003822456,CV0004,7
2023,10339317,3003822456,1007,8
2023,10339317,3003822456,1008,6
2023,10339317,3003822456,1009,6
2023,10410306,3003822456,1007,7
2023,10792522,3003822456,1008,6
2023,12636671,3003822456,1008,0
2023,10422697,3003822456,1110,8
2023,11494374,3003822456,1007,9
2023,11494374,3003822456,1007,10
2023,11494374,3003822456,1109,7
2023,10303629,3003822456,CV0004,7
2023,10303629,3003822456,1007,8
2023,10303629,3003822456,1008,7
2023,10713535,3003822414,0625,9
2023,10713535,3003822414,0627,5
2023,10700138,3003822414,0179,7
2023,10700138,3003822414,0623,9
2023,10323951,3003822414,0625,9
2023,10323951,3003822414,CV0008,9
2023,10819112,3003822414,CV0003,0
2023,10819112,3003822414,0622,0
2023,10819112,3003822414,0627,0
2023,11074029,3003822414,CV0003,8
2023,11074029,3003822414,0179,8
2023,11074029,3003822414,0627,6
2023,10729579,3003822414,0179,9
2023,10729579,3003822414,0622,10
2023,10729579,3003822414,0829,9
2023,10729579,3003822414,0625,10
2023,10729579,3003822414,0623,8
2023,10729579,3003822414,0623,9
2023,10748318,3003822414,CV0003,3
2023,10748318,3003822414,CV0003,3
2023,10748318,3003822414,0625,9
2023,10748318,3003822414,0627,4
2023,10839333,3003822414,0179,4
2023,10839333,3003822414,0179,5
2023,10839333,3003822414,0623,7
2023,10804683,3003822414,0622,9
2023,10804683,3003822414,0829,8
2023,10804683,3003822414,0623,10
2023,10770133,3003822414,0625,8
2023,10770133,3003822414,CV0008,9
2023,11059622,3003822414,0622,0
2023,11059622,3003822414,0623,
2023,10397145,3003822414,0625,10
2023,10397145,3003822414,0627,6
2023,10752122,3003822414,CV0003,6
2023,10752122,3003822414,0179,6
2023,10752122,3003822414,0622,9
2023,10752122,3003822414,0829,7
2023,10752122,3003822414,0623,9
2023,10706042,3003822414,CV0009,7
2023,13288446,3003822414,CV0003,8
2023,13288446,3003822414,CV0003,8
2023,13288446,3003822414,0179,8
2023,13288446,3003822414,0622,9
2023,13288446,3003822414,CV0008,10
2023,13288446,3003822414,CV0009,9
2023,13288467,3003822414,0625,9
2023,13288467,3003822414,0623,9
2023,10819055,3003822414,0829,8
2023,10819055,3003822414,0625,9
2023,10819055,3003822414,0623,9
2023,10819055,3003822414,0623,8
2023,10819055,3003822414,0627,6
2023,10308372,3003822414,CV0008,0
2023,10308372,3003822414,CV0009,0
2023,13291004,3003822414,CV0008,1
2023,13293379,3003822414,CV0003,9
2023,13293379,3003822414,CV0003,9
2023,13293379,3003822414,0179,9
2023,13293379,3003822414,0623,7
2023,12066525,3003822407,0827,9
2023,12066525,3003822407,0827,9
2023,12066525,3003822407,0822,9
2023,10014058,3003822407,0823,5
2023,10022321,3003822407,0822,8
2023,10022321,3003822407,0824,7
2023,10022321,3003822407,0826,7
2023,10652514,3003822407,0822,8
2023,13009966,3003822407,0826,8
2023,11205447,3003822407,0827,6
2023,11205447,3003822407,0822,7
2023,11205447,3003822407,0830,0
2023,11205447,3003822407,0828,3
2023,10706084,3003822407,0824,7
2023,10706084,3003822407,0830,0
2023,10017341,3003822407,CV0004,8
2023,10017341,3003822407,0822,7
2023,10017341,3003822407,0828,4
2023,10513334,3003822407,CV0004,7
2023,10513334,3003822407,CV0004,7
2023,10513334,3003822407,0822,8
2023,10513334,3003822407,0830,0
2023,13054156,3003822407,CV0004,8
2023,13054156,3003822407,0823,8
2023,10870759,3003822407,0823,6
2023,10870759,3003822407,0827,6
2023,10515930,3003822407,CV0004,7
2023,10515930,3003822407,0825,6
2023,10515930,3003822407,0828,0
2023,10499298,3003822872,243265,7
2023,10499298,3003822872,243264,5
2023,10723900,3003822872,243267,9
2023,10510771,3003822872,243267,8
2023,10610021,3003822872,243265,8
2023,10610021,3003822872,243267,7
2023,10689283,3003822872,243267,7
2023,10689283,3003822872,243266,8
2023,10697594,3003822872,243266,6
2023,10242875,3003822872,243265,9
2023,10242875,3003822872,243265,9
2023,10242875,3003822872,243264,7
2023,10850218,3003822872,243267,7
2023,10697823,3003822872,243267,4
2023,10697823,3003822872,243264,4
2023,10862844,3003822872,243266,9
2023,10706060,3003822872,243265,9
2023,10706060,3003822872,243267,4
2023,10706060,3003822872,243267,8
2023,13285058,3003822872,243265,0
2023,10711820,3003822872,243266,7
2023,11251858,3003822872,243266,9
2023,11251858,3003822872,243264,9
2023,10645661,3003822872,243265,9
2023,10645661,3003822872,243265,9
2023,10645661,3003822872,243266,8
2023,10645661,3003822872,243264,8
2023,10709718,3003822872,243264,7
2023,10689702,3003822872,243267,6
2023,10772056,3003822872,243267,4
2023,10714036,3003822872,243266,8
2023,10297347,3003822879,243270,10
2023,10315233,3003822879,243604,8
2023,10514849,3003822879,243270,7
2023,10402136,3003822879,243601,0
2023,10402136,3003822879,243604,10
2023,10518216,3003822879,243604,9
2023,10439782,3003822879,243271,7
2023,10711901,3003822879,243601,0
2023,10729178,3003822879,243604,7
2023,10729178,3003822879,243271,8
2023,10745527,3003822879,243270,8
2023,10786598,3003822879,243604,9
2023,10786598,3003822879,243270,8
2023,12061489,3003822879,243604,8
2023,11348992,3003822879,243602,8
2023,11348992,3003822879,243604,9
2023,11501644,3003822879,243604,7
2023,11501644,3003822879,243270,8
2023,11702324,3003822879,243270,6
2023,11702324,3003822879,243270,7
2023,11744370,3003822879,243271,10
2023,13038288,3003822879,243271,9
2023,10364565,3003822879,243271,7
2023,10916753,3003827233,0441,7
2023,10916753,3003827233,0440,7
2023,10840996,3003827233,0441,6
2023,10840996,3003827233,0439,7
2023,10840996,3003827233,0440,8
2023,13116617,3003827233,0439,9
2023,13116617,3003827233,0156,6
2023,10926432,3003827233,CV0001,8
2023,10926432,3003827233,0441,10
2023,10926432,3003827233,0156,8
2023,10416752,3003827233,0449,7
2023,10416752,3003827233,0438,7
2023,12839405,3003827233,0438,6
2023,12839405,3003827233,0156,7
2023,10308441,3003827233,0439,9
2023,10308441,3003827233,0440,9
2023,10991644,3003827233,0437,7
2023,10991644,3003827233,0449,5
2023,10991644,3003827233,0439,9
2023,10991644,3003827233,0439,7
2023,10888026,3003827233,0437,8
2023,10888026,3003827233,0439,9
2023,11802825,3003827233,0437,8
2023,11802825,3003827233,0437,7
2023,11802825,3003827233,0449,9
2023,11802825,3003827233,0439,5
2023,11802825,3003827233,0438,9
2023,11802825,3003827233,0438,8
2023,11802825,3003827233,0440,9
2023,12788547,3003827233,CV0001,7
2023,12788547,3003827233,CV0001,6
2023,12788547,3003827233,0449,7
2023,12788547,3003827233,0439,6
2023,12788547,3003827233,0439,6
2023,12788547,3003827233,0440,6
2023,12788547,3003827233,0440,8
2023,12788547,3003827233,0440,7
2023,12788547,3003827233,0156,4
2023,13101838,3003827233,0437,8
2023,13101838,3003827233,0437,7
2023,10737176,3003827233,0440,9
2023,10887591,3003827233,CV0001,8
2023,10887591,3003827233,0441,9
2023,10887591,3003827233,0438,9
2023,10887591,3003827233,0438,9
2023,10887591,3003827233,0440,7
2023,10899530,3003827233,CV0001,10
2023,10899530,3003827233,0440,8
2023,11248561,3003827233,CV0001,4
2023,11248561,3003827233,0441,0
2023,11248561,3003827233,0156,4
2023,11402624,3003827233,0437,0
2023,11402624,3003827233,0441,7
2023,11402624,3003827233,0438,0
2023,11349452,3003827233,0441,4
2023,11349452,3003827233,0438,7
2023,11349452,3003827233,0440,10
2023,13263652,3003827233,0441,0
2023,10793477,3003827233,0438,8
2023,10793462,3003827233,0449,7
2023,10793462,3003827233,0439,7
2023,10793462,3003827233,0156,7
2023,10925424,3003827233,0437,8
2023,10925424,3003827233,0449,5
2023,10925424,3003827233,0156,9
2023,12832437,3003827233,0437,7
2023,12832437,3003827233,0449,4
2023,12832437,3003827233,0439,7
2023,12832437,3003827233,0440,4
2023,10302214,3003827233,CV0001,0
2023,10302214,3003827233,0440,0
2023,10302214,3003827233,0156,0
2023,12424801,3003827233,0440,8
2023,12424801,3003827233,0440,9
2023,10805007,3003827233,0437,3
2023,10805007,3003827233,0449,4
2023,10805007,3003827233,0438,3
2023,10805007,3003827233,0440,5
2023,10805007,3003827233,0156,8
2023,13263684,3003827233,CV0001,8
2023,13263684,3003827233,CV0001,7
2023,10942424,3003827233,0437,0
2023,10942424,3003827233,0441,0
2023,10942424,3003827233,0441,0
2023,10942424,3003827233,0439,0
2023,11068958,3003827233,CV0001,0
2023,10688886,3003827233,0439,5
2023,10688886,3003827233,0156,7
2023,10431853,3003827233,CV0001,7
2023,10431853,3003827233,0441,6
2023,10431853,3003827233,0156,7
2023,10325396,3003827233,0439,9
2023,11780432,3003827233,0449,6
2023,11998646,3003827233,0449,2
2023,11998646,3003827233,0449,0
2023,11998646,3003827233,0439,0
2023,11998646,3003827233,0438,0
2023,11998646,3003827233,0438,0
2023,11998646,3003827233,0440,0
2023,11998646,3003827233,0156,0
2023,10924358,3003827233,CV0001,6
2023,12890835,3003827233,CV0001,5
2023,12890835,3003827233,0441,8
2023,12890835,3003827233,0440,6
2023,12890835,3003827233,0440,5
2023,12853739,3003827233,0156,6
2023,10453160,3003827233,CV0001,0
2023,10453160,3003827233,0439,7
2023,10453160,3003827233,0156,0
2023,12116573,3003827233,0439,10
2023,12116573,3003827233,0438,6
2023,12116573,3003827233,0440,8
2023,12736231,3003827233,0441,7
2023,10787713,3003827233,0437,8
2023,10787713,3003827233,0449,4
2023,10787713,3003827233,0441,8
2023,10787713,3003827233,0441,6
2023,10787713,3003827233,0439,6
2023,10787713,3003827233,0440,8
2023,10787713,3003827233,0156,10
2023,10857947,3003827233,CV0001,8
2023,10857947,3003827233,0437,6
2023,10857947,3003827233,0449,8
2023,10857947,3003827233,0441,8
2023,10857947,3003827233,0438,5
2023,11738860,3003827233,0449,5
2023,11738860,3003827233,0441,6
2023,11738860,3003827233,0441,5
2023,11738860,3003827233,0438,6
2023,11738860,3003827233,0440,9
2023,11738860,3003827233,0156,4
2023,10707891,3003827233,0437,5
2023,10707891,3003827233,0438,4
2023,11240615,3003827233,0439,10
2023,11240615,3003827233,0439,9
2023,10657315,3003827233,0437,10
2023,10657315,3003827233,0441,10
2023,10657315,3003827233,0438,10
2023,10657315,3003827233,0438,10
2023,10657315,3003827233,0440,10
2023,10940185,3003827233,CV0001,6
2023,10940185,3003827233,0449,7
2023,10940185,3003827233,0439,8
2023,10940185,3003827233,0438,8
2023,10940185,3003827233,0156,6
2023,10798521,3003827233,0437,7
2023,10798521,3003827233,0437,7
2023,12402217,3003827233,0441,0
2023,12402217,3003827233,0440,0
2023,11504482,3003827233,CV0001,0
2023,11504482,3003827233,0441,0
2023,11504482,3003827233,0439,0
2023,11504482,3003827233,0440,0
2023,10728710,3003827233,0437,7
2023,10728710,3003827233,0437,5
2023,10728710,3003827233,0449,0
2023,10728710,3003827233,0441,0
2023,10728710,3003827233,0438,0
2023,10268408,3003827233,0437,0
2023,10268408,3003827233,0438,0
2023,10268408,3003827233,0440,0
2023,10679709,3003827233,CV0001,8
2023,10679709,3003827233,0437,5
2023,10679709,3003827233,0449,6
2023,12571872,3003827233,CV0001,0
2023,12571872,3003827233,0438,0
2023,12380827,3003827233,0441,0
2023,12380827,3003827233,0439,8
2023,12380827,3003827233,0156,0
2023,10932086,3003827233,0449,4
2023,10932086,3003827233,0449,0
2023,11480547,3003827233,0439,0
2023,11480547,3003827233,0440,0
2023,11480547,3003827233,0156,0
2023,13035060,3003827240,CV0002,8
2023,10707679,3003827240,0446,5
2023,10707679,3003827240,0448,7
2023,11569585,3003827240,0442,0
2023,11569585,3003827240,0448,0
2023,10314841,3003827240,CV0002,0
2023,10314841,3003827240,0448,0
2023,10410324,3003827240,0443,1
2023,10410324,3003827240,0448,1
2023,13040607,3003827240,CV0002,7
2023,11739905,3003827240,CV0002,5
2023,11739905,3003827240,0443,7
2023,11739905,3003827240,0443,7
2023,11010026,3003827240,0446,7
2023,10509186,3003827240,CV0002,7
2023,10509186,3003827240,0442,7
2023,10496592,3003827240,0443,5
2023,10832154,3003827240,CV0002,4
2023,10832154,3003827240,0446,4
2023,10832154,3003827240,0443,6
2023,10832154,3003827240,0442,5
2023,10906957,3003827240,CV0002,7
2023,10906957,3003827240,0446,7
2023,11254522,3003827240,0446,9
2023,11576165,3003827240,0448,7
2023,13035100,3003827240,CV0002,6
2023,13035100,3003827240,0443,6
2023,11502410,3003827240,0446,8
2023,11502410,3003827240,0446,4
2023,11567443,3003827240,0448,6
2023,10707705,3003827240,0448,8
2023,12096343,3003827240,CV0002,0
2023,12096343,3003827240,0443,0
2023,10439178,3003827240,0451,0
2023,10603770,3003827240,CV0002,5
2023,10603770,3003827240,0446,3
2023,10174516,3003827240,0443,0
2023,10174516,3003827240,0442,6
2023,10174516,3003827240,0448,6
2023,11350133,3003827240,0446,3
2023,11350133,3003827240,0442,0
2023,11236365,3003827240,0443,0
2023,11241112,3003827240,0448,9
2023,10129831,3003827240,0446,8
2023,12730573,3003827240,CV0002,9
2023,12730573,3003827240,0443,10
2023,12730573,3003827240,0442,9
2023,10248785,3003827240,0443,5
2023,10357636,3003827240,CV0002,6
2023,11479322,3003827240,0443,1
2023,10323662,3003827240,0442,0
2023,10323662,3003827240,0448,0
2023,10323662,3003827240,0448,0
2023,10832154,3003827240,0446,5
2023,12270997,3003828760,0221,0
2023,10713860,3003828760,0221,0
2023,13321692,3003828760,0225,0
2023,10938543,3003828760,0225,0
2023,10392662,3003828760,0225,0
2023,13288501,3003826604,0179,7
2023,13288501,3003826604,CV0003,8
2023,10707734,3003822344,1227,5
2023,10835701,3003822344,1227,0
2023,10354186,3003822456,1013,0
2023,10645465,3003827240,0451,0
2023,10679723,3003827240,0451,0
2023,12320496,3003827240,0442,0
2023,10679661,3003827324,0648,6
2023,10500611,3003827324,0648,7
2023,10354855,3003827324,0179,8
2023,13248215,3003827324,0179,5
2023,10403903,3003827324,0179,0
2023,13298754,3003827324,0179,4
2023,10509826,3003827324,0179,9
2023,10509826,3003827324,0650,8
2023,10500611,3003827324,0650,7
2023,11825237,3003827324,0648,5
2023,10735143,3003827324,0650,2
2023,10500611,3003827324,CV0003,6
2023,10689191,3003827324,CV0003,7
2023,12840433,3003827324,0649,7
2023,11170823,3003827324,0658,7
2023,10779826,3003827317,0656,7
2023,11248528,3003827317,0656,7
2023,11312274,3003827317,CV0004,5
2023,10268999,3003827317,0660,0
2023,11084757,3003827317,0653,5
2023,10711877,3003827317,0653,5
2023,10018398,3003827317,0653,8
2023,10832134,3003827317,0653,6
2023,10622299,3003827317,0652,0
2023,11894954,3003827317,0657,7
2023,10942415,3003827317,0660,0
2023,11235081,3003827317,0660,0
2023,13281547,3003829510,028503,8
2023,11495623,3003829510,028503,9
2023,10737199,3003829510,028503,4
2023,13281688,3003829510,028503,8
2023,13263382,3003829510,028505,0
2023,10436905,3003829510,028100,5
2023,12725314,3003829517,028601,0
2023,10657224,3003829629,1368,9
2023,10839832,3003829629,1368,7
2023,13242130,3003829629,1368,10
2023,10707767,3003829629,1368,8
2023,13281830,3003829629,1368,8
2023,10734168,3003829629,1368,7
2023,10707900,3003829629,1368,8
2023,12739203,3003829629,1370,9
2023,13281768,3003829629,1369,8
2023,10017422,3003829629,1369,9
2023,10678151,3003829629,1369,0
2023,10701794,3003829629,1367,7
2023,11316204,3003829629,1367,9
2023,13273466,3003829629,1369,7
2023,10513391,3003829636,1377,8
2023,10852053,3003829636,1377,8
2023,10678949,3003829636,1373,7
2023,10691103,3003829636,1378,0
2023,10174423,3003829636,1378,0
2023,10792560,3003829636,1375,0
2023,10792560,3003829636,1375,0
2023,10691028,3003829636,1375,0
2023,10381433,3003829636,1374,4
2023,10691132,3003829636,1374,4
2023,10381433,3003829636,1374,7
2023,10691132,3003829636,1372,6
2023,10819896,3003829636,1372,8
2023,12736051,3003829636,1372,8
2023,11316122,3003829636,1372,0
2023,10293577,3003828691,5022,0
2023,10398753,3003828691,5022,0
2023,10398753,3003828691,5024,0
2023,10652460,3003828691,5024,0
2023,10254544,3003828691,5024,8
2023,11406626,3003828705,5072,0
2023,10789928,3003828705,5075,0
2023,10303547,3003828900,0377,7
2023,10500950,3003828900,0381,8
2023,10380889,3003828900,0381,6
2023,11646742,3003828900,0381,6
2023,10819337,3003828900,0379,9
2023,10707778,3003828900,CV0004,7
2023,10851128,3003828900,0382,0
2023,10799062,3003828900,0377,7
2023,10864476,3003828893,CV0003,8
2023,13257199,3003828893,CV0003,0
2023,11635385,3003828893,CV0003,9
2023,10707654,3003828893,CV0003,7
2023,10837560,3003828893,CV0003,8
2023,10864476,3003828893,0373,4
2023,10837560,3003828893,0373,10
2023,10611327,3003828893,0369,8
2023,11242377,3003828893,0369,8
2023,10837451,3003828893,0369,8
2023,12722174,3003828893,0369,6
2023,13257199,3003828893,0369,9
2023,10679688,3003828893,0369,7
2023,10634348,3003828893,0373,5
2023,10865901,3003828823,0494,4
2023,10865901,3003828823,0491,0
2023,11400429,3003828823,0491,0
2023,10865901,3003828823,0490,0
2023,10279258,3003828795,0484,0
2023,10852247,3003828795,0484,8
2023,10454428,3003828795,0484,0
2023,11240348,3003828795,0484,0
2023,10279258,3003828795,0617,0
2023,10635824,3003828795,0487,4
2023,10013834,3003828795,0487,0
2023,10679677,3003828795,0373,6
2023,10634225,3003828788,0618,0
2023,12250190,3003828767,0226,9
2023,12936130,3003828767,CV0002,0
2023,11825745,3003828767,CV0002,0
2023,13031068,3003828767,0227,9
2023,12730601,3003828767,0227,9
2023,10679666,3003828767,0227,0
2023,12730553,3003828767,0227,6
2023,11825745,3003828767,0227,0
2023,10351465,3003828767,0227,9
2023,10851163,3003828767,0227,0
2023,12730553,3003828767,0224,0
2023,11825745,3003828767,0227,0
2023,10351465,3003828767,0227,8
2023,11804013,3003828767,CV0002,8
2023,10283255,3003828760,0221,7
2023,12736633,3003828760,0221,0
2023,10305237,3003828760,0221,0
2023,13006056,3003828760,0221,8
2023,10938543,3003828760,0222,0
2023,12736633,3003828760,0222,0
2023,11337364,3003828760,0222,0
2023,13006056,3003828760,0222,0
2023,10713860,3003828760,0222,0
2023,10833893,3003828760,CV0001,6
2023,10895404,3003828760,CV0001,9
2023,10017433,3003828760,0221,8
2023,10895404,3003828760,0221,10
2023,10906556,3003828760,0229,6
2023,12505624,3003828760,0221,8
2023,10885064,3003828760,0221,3
2023,10304560,3003826548,0175,9
2023,11186762,3003826548,0178,1
2023,12675110,3003826548,0176,8
2023,11329159,3003826548,0176,8
2023,13240820,3003826541,0172,0
2023,10421505,3003826541,0171,6
2023,10421505,3003826541,0177,5
2023,13242114,3003826604,0384,0
2023,13242114,3003826604,0172,0
2023,10507538,3003826611,0402,0
2023,10837523,3003826611,0399,5
2023,10837553,3003826604,CV0003,7
2023,10778000,3003826604,CV0003,9
2023,13242114,3003826604,CV0003,0
2023,13127380,3003826604,CV0003,0
2023,10699672,3003826604,0384,8
2023,10699672,3003826604,0172,8
2023,10698462,3003826604,0172,7
2023,10308866,3003826632,0388,7
2023,10713872,3003826632,0385,8
2023,10850808,3003826632,0385,8
2023,10664909,3003826632,0385,7
2023,10708070,3003826632,0390,7
2023,12472350,3003826625,0383,0
2023,10718081,3003822449,1010,7
2023,10434495,3003822449,1010,1
2023,10506770,3003822449,0931,0
2023,13242369,3003822449,0931,5
2023,10514789,3003822456,1009,5
2023,11074562,3003822456,1009,5
2023,10255058,3003822456,1009,0
2023,10313709,3003822456,1009,0
2023,10734337,3003822456,1008,4
2023,11329660,3003822456,1012,7
2023,10313709,3003822456,CV0004,0
2023,10745922,3003822407,0824,7
2023,10022321,3003822407,0824,6
2023,10485798,3003822407,0824,8
2023,10706084,3003822407,0824,7
2023,10017341,3003822407,0824,8
2023,10014058,3003822407,CV0010,5
2023,10022321,3003822407,CV0010,5
2023,13009966,3003822407,0824,8
2023,10485798,3003822407,CV0010,7
2023,10706084,3003822407,CV0010,7
2023,10870759,3003822407,CV0010,0
2023,10745527,3003822879,243601,0
2023,10786598,3003822879,243601,0
2023,13038386,3003822879,243601,0
2023,11402624,3003827233,CV0001,7
2023,10688886,3003827233,0156,6
2023,10431853,3003827233,0438,9
2023,10924358,3003827233,0156,6
2023,12380827,3003827233,0438,4
2023,11569585,3003827240,0446,0
2023,13035058,3003827240,0446,8
2023,13035058,3003827240,0448,7
2023,10645465,3003827240,0442,7
2023,10679723,3003827240,CV0002,7
2023,10679723,3003827240,0446,6
2023,10679723,3003827240,0442,6
2023,10698482,3003827240,0443,2
2023,10805222,3003827240,0446,7
2023,10805222,3003827240,0442,8
2023,10852107,3003827240,CV0002,7
2023,11664368,3003827240,0442,8
2023,11664368,3003827240,0451,0
2023,12287443,3003827240,0446,6
2023,12287443,3003827240,0442,8
2023,12320496,3003827240,0442,2
2023,13035179,3003827240,0446,7
2023,13263634,3003827240,CV0002,6
2023,13263634,3003827240,CV0002,6
2023,13263634,3003827240,0446,9
2023,13263634,3003827240,0443,7
2023,13263634,3003827240,0442,8
2023,11177748,3003827240,0451,0
2023,11177748,3003827240,0448,7
2023,10707732,3003827324,0179,7
2023,10707732,3003827324,0179,6
2023,10707732,3003827324,0658,4
2023,10707732,3003827324,0658,3
2023,10707732,3003827324,0647,8
2023,10243350,3003827324,0179,4
2023,10243350,3003827324,0650,0
2023,10679661,3003827324,0651,8
2023,10679661,3003827324,0649,8
2023,10354855,3003827324,0179,8
2023,10354855,3003827324,0658,8
2023,10354855,3003827324,0648,0
2023,10437711,3003827324,CV0003,10
2023,10437711,3003827324,0650,8
2023,10437711,3003827324,0648,6
2023,10437711,3003827324,0649,9
2023,13245586,3003827324,0651,8
2023,13245586,3003827324,0648,9
2023,10509826,3003827324,0651,8
2023,11875204,3003827324,CV0003,0
2023,11875204,3003827324,0651,8
2023,11875204,3003827324,0650,9
2023,11875204,3003827324,0648,6
2023,13248312,3003827324,0648,0
2023,13248312,3003827324,0647,5
2023,13248595,3003827324,0651,8
2023,13248595,3003827324,0651,9
2023,13248595,3003827324,0651,9
2023,13248595,3003827324,0647,8
2023,10279159,3003827324,0648,4
2023,10279159,3003827324,0649,9
2023,10419461,3003827324,CV0003,0
2023,10419461,3003827324,0651,0
2023,10419461,3003827324,0650,0
2023,10419461,3003827324,0650,0
2023,10419461,3003827324,0649,0
2023,10419461,3003827324,0649,0
2023,13248215,3003827324,CV0003,4
2023,13248215,3003827324,0648,6
2023,11262097,3003827324,0649,8
2023,11825237,3003827324,CV0003,9
2023,11825237,3003827324,0651,6
2023,11825237,3003827324,0651,7
2023,11825237,3003827324,0647,7
2023,10454503,3003827324,0649,6
2023,10862522,3003827324,CV0003,8
2023,10662076,3003827324,0658,0
2023,10662076,3003827324,0658,0
2023,10662076,3003827324,0650,0
2023,10980328,3003827324,0651,0
2023,10980328,3003827324,0650,0
2023,10980328,3003827324,0647,7
2023,10283680,3003827324,0658,0
2023,10283680,3003827324,0658,0
2023,10283680,3003827324,0648,0
2023,10283680,3003827324,0648,5
2023,10283680,3003827324,0647,0
2023,11671593,3003827324,CV0003,3
2023,11671593,3003827324,0651,0
2023,11671593,3003827324,0658,0
2023,11671593,3003827324,0650,2
2023,11671593,3003827324,0650,0
2023,11671593,3003827324,0649,0
2023,10470524,3003827324,0658,0
2023,10470524,3003827324,0649,0
2023,12568905,3003827324,0179,9
2023,12568905,3003827324,0648,0
2023,10792061,3003827324,CV0003,7
2023,10792061,3003827324,CV0003,8
2023,10792061,3003827324,0179,8
2023,10792061,3003827324,0650,7
2023,10792061,3003827324,0647,8
2023,11572297,3003827324,0179,7
2023,11572297,3003827324,0650,6
2023,11572297,3003827324,0647,10
2023,12731205,3003827324,0179,4
2023,12731205,3003827324,0648,6
2023,12731205,3003827324,0649,0
2023,10735143,3003827324,0651,5
2023,10735143,3003827324,0647,5
2023,10256545,3003827324,CV0003,0
2023,10256545,3003827324,0179,0
2023,10256545,3003827324,0651,0
2023,10256545,3003827324,0649,0
2023,10256545,3003827324,0649,0
2023,10835661,3003827324,CV0003,10
2023,10835661,3003827324,0658,8
2023,10835661,3003827324,0658,7
2023,10835661,3003827324,0648,7
2023,10835661,3003827324,0648,7
2023,10835661,3003827324,0647,8
2023,11335638,3003827324,CV0003,7
2023,10500611,3003827324,0650,8
2023,10819298,3003827324,0179,9
2023,10819298,3003827324,0649,6
2023,12840433,3003827324,CV0003,7
2023,12840433,3003827324,0179,7
2023,12840433,3003827324,0651,7
2023,12840433,3003827324,0648,6
2023,12840433,3003827324,0647,7
2023,12567860,3003827324,CV0003,8
2023,12567860,3003827324,0650,8
2023,10615696,3003827324,CV0003,0
2023,10615696,3003827324,0650,0
2023,10615696,3003827324,0648,0
2023,10615696,3003827324,0648,0
2023,13282224,3003827324,0658,8
2023,13282224,3003827324,0650,8
2023,12839144,3003827324,0651,7
2023,12839144,3003827324,0658,4
2023,12839144,3003827324,0647,8
2023,11170823,3003827324,0651,9
2023,11170823,3003827324,0658,7
2023,11170823,3003827324,0648,7
2023,11837806,3003827324,0179,8
2023,11837806,3003827324,0648,8
2023,11837806,3003827324,0649,6
2023,11837806,3003827324,0649,5
2023,11837806,3003827324,0649,6
2023,11837806,3003827324,0647,7
2023,10403903,3003827324,0179,0
2023,10403903,3003827324,0651,0
2023,10403903,3003827324,0651,0
2023,10403903,3003827324,0647,0
2023,11144559,3003827324,0650,10
2023,11144559,3003827324,0648,7
2023,10679690,3003827324,0658,6
2023,10679690,3003827324,0658,6
2023,10679690,3003827324,0648,6
2023,10679690,3003827324,0649,7
2023,11057251,3003827324,0650,1
2023,11057251,3003827324,0647,7
2023,10689191,3003827324,0648,7
2023,12584277,3003827324,0648,0
2023,12584277,3003827324,0649,8
2023,11583817,3003827324,0647,0
2023,13242362,3003827324,0650,7
2023,13242362,3003827324,0647,5
2023,13246215,3003827324,CV0003,7
2023,13246215,3003827324,0647,7
2023,13298754,3003827324,CV0003,4
2023,13298754,3003827324,0651,0
2023,13298754,3003827324,0647,5
2023,13320897,3003827324,0648,5
2023,13320897,3003827324,0647,3
2023,13320897,3003827324,0647,8
2023,10601480,3003827324,CV0003,0
2023,10601480,3003827324,0658,0
2023,10434680,3003827317,CV0004,6
2023,10382359,3003827317,0656,6
2023,10406699,3003827317,0656,4
2023,10406699,3003827317,0656,0
2023,10406699,3003827317,0654,0
2023,10779826,3003827317,CV0004,5
2023,10327143,3003827317,0656,5
2023,11741280,3003827317,0652,9
2023,10412777,3003827317,0655,5
2023,10412777,3003827317,0655,6
2023,11407602,3003827317,0654,0
2023,10433556,3003827317,0653,2
2023,11490214,3003827317,0654,6
2023,13038772,3003827317,0656,7
2023,13038797,3003827317,0656,6
2023,10621683,3003827317,0652,0
2023,11312274,3003827317,0653,2
2023,11312274,3003827317,0653,2
2023,11312274,3003827317,0654,1
2023,11312274,3003827317,0654,1
2023,12734235,3003827317,CV0004,6
2023,12734235,3003827317,0652,8
2023,10421574,3003827317,0655,6
2023,10421574,3003827317,0653,7
2023,10421574,3003827317,0654,6
2023,10300393,3003827317,0655,0
2023,10413017,3003827317,0656,7
2023,10391035,3003827317,CV0004,6
2023,13038809,3003827317,0655,5
2023,11892673,3003827317,0655,0
2023,11892673,3003827317,0653,0
2023,11838297,3003827317,0655,6
2023,10416763,3003827317,0655,0
2023,10416763,3003827317,0655,0
2023,13038756,3003827317,0655,5
2023,13038756,3003827317,0652,7
2023,13038756,3003827317,0654,0
2023,12400744,3003827317,CV0004,6
2023,11489632,3003827317,0654,10
2023,11158351,3003827317,0653,5
2023,12095826,3003827317,0657,7
2023,12095826,3003827317,0653,7
2023,10308888,3003827317,0656,8
2023,10308888,3003827317,0654,7
2023,10743797,3003827317,0656,8
2023,10792497,3003827317,CV0004,9
2023,11084757,3003827317,0657,0
2023,11084757,3003827317,0654,4
2023,10366490,3003827317,0653,7
2023,10702296,3003827317,CV0004,8
2023,10702296,3003827317,0657,8
2023,10702296,3003827317,0652,8
2023,10702296,3003827317,0652,9
2023,10702296,3003827317,0653,8
2023,10702296,3003827317,0656,9
2023,10706049,3003827317,0656,9
2023,10711877,3003827317,0652,4
2023,10832134,3003827317,CV0004,8
2023,10832134,3003827317,0656,8
2023,10832134,3003827317,0660,0
2023,11248528,3003827317,0660,0
2023,11248528,3003827317,0654,7
2023,11672699,3003827317,0657,0
2023,12746359,3003827317,0653,9
2023,10246117,3003827317,0653,5
2023,10323618,3003827317,0654,0
2023,10323618,3003827317,0654,0
2023,10688217,3003827317,0657,7
2023,10688217,3003827317,0652,8
2023,10688217,3003827317,0656,10
2023,10698000,3003827317,0652,7
2023,10967233,3003827317,0652,8
2023,10967233,3003827317,0656,8
2023,10963934,3003827317,0653,6
2023,11319435,3003827317,0656,7
2023,11319435,3003827317,0656,9
2023,11319435,3003827317,0654,2
2023,11158088,3003827317,0654,0
2023,10653326,3003827317,0655,7
2023,10443245,3003827317,0653,7
2023,12739825,3003827317,0655,7
2023,10596940,3003827317,CV0004,7
2023,10596940,3003827317,0655,7
2023,10596940,3003827317,0653,8
2023,13263531,3003827317,CV0004,0
2023,12020369,3003827317,CV0004,0
2023,11894954,3003827317,0653,6
2023,10434391,3003827317,0660,0
2023,11320679,3003829510,028502,9
2023,11320679,3003829510,028505,8
2023,10894547,3003829510,028504,9
2023,10894547,3003829510,028505,9
2023,10894547,3003829510,028001,9
2023,11487403,3003829510,028504,9
2023,11487403,3003829510,028501,8
2023,10281596,3003829510,028504,8
2023,10281596,3003829510,028100,10
2023,10593808,3003829510,028504,8
2023,10593808,3003829510,028505,8
2023,11055595,3003829510,028504,8
2023,11055595,3003829510,028505,9
2023,11055595,3003829510,028505,7
2023,11055595,3003829510,028503,8
2023,11055595,3003829510,028100,10
2023,11234733,3003829510,028505,3
2023,11507257,3003829510,028502,8
2023,11507257,3003829510,028504,8
2023,11507257,3003829510,028505,7
2023,11507257,3003829510,028505,5
2023,11507257,3003829510,028001,8
2023,11507257,3003829510,028001,7
2023,11507257,3003829510,028100,9
2023,10891407,3003829510,028504,9
2023,10891407,3003829510,028504,9
2023,10891407,3003829510,028501,8
2023,11048215,3003829510,028502,8
2023,11830567,3003829510,028502,7
2023,11830567,3003829510,028504,8
2023,11830567,3003829510,028501,5
2023,11830567,3003829510,028501,7
2023,10927479,3003829510,028504,9
2023,10927479,3003829510,028001,10
2023,10333869,3003829510,028505,8
2023,10333869,3003829510,028100,10
2023,10786265,3003829510,028503,9
2023,12459446,3003829510,028502,8
2023,12868237,3003829510,028501,8
2023,12868237,3003829510,028100,9
2023,12868237,3003829510,028100,9
2023,10420607,3003829510,028505,4
2023,12938752,3003829510,028505,8
2023,10884628,3003829510,028505,7
2023,10884628,3003829510,028505,7
2023,10884628,3003829510,028001,5
2023,10884628,3003829510,028503,9
2023,10884628,3003829510,028100,7
2023,13281547,3003829510,028001,5
2023,13281547,3003829510,028001,5
2023,13281547,3003829510,028001,5
2023,13239736,3003829510,028502,6
2023,13239736,3003829510,028504,5
2023,13239736,3003829510,028501,4
2023,10678956,3003829510,028504,8
2023,10678956,3003829510,028503,6
2023,10678956,3003829510,028501,7
2023,13263382,3003829510,028505,0
2023,13263382,3003829510,028001,5
2023,13263382,3003829510,028100,0
2023,11572959,3003829510,028100,10
2023,10802283,3003829510,028504,9
2023,10802283,3003829510,028001,7
2023,12426107,3003829510,028502,9
2023,12426107,3003829510,028502,9
2023,12426107,3003829510,028505,9
2023,12426107,3003829510,028503,9
2023,12426107,3003829510,028501,8
2023,11495623,3003829510,028505,4
2023,13274066,3003829510,028504,0
2023,13274066,3003829510,028504,0
2023,13274066,3003829510,028505,0
2023,13274066,3003829510,028100,0
2023,10511909,3003829510,028505,0
2023,10737199,3003829510,028501,7
2023,13240658,3003829510,028502,9
2023,13240658,3003829510,028501,9
2023,13105352,3003829510,028504,6
2023,13105352,3003829510,028505,5
2023,13105352,3003829510,028501,4
2023,13105352,3003829510,028100,10
2023,10436905,3003829510,028501,7
2023,13033829,3003829510,028502,9
2023,13033829,3003829510,028001,4
2023,13033829,3003829510,028501,6
2023,13095162,3003829510,028503,10
2023,13095162,3003829510,028501,10
2023,13095162,3003829510,028100,9
2023,10907341,3003829510,028502,9
2023,10907341,3003829510,028505,8
2023,10907341,3003829510,028503,8
2023,10907341,3003829510,028100,10
2023,11485242,3003829510,028503,7
2023,11895957,3003829510,028503,7
2023,10525708,3003829510,028505,7
2023,10525708,3003829510,028503,7
2023,10784833,3003829510,028001,7
2023,10762349,3003829510,028502,7
2023,10762349,3003829510,028001,6
2023,11573208,3003829510,028505,6
2023,11573208,3003829510,028503,2
2023,10788057,3003829510,028504,2
2023,10788057,3003829510,028505,7
2023,10788057,3003829510,028503,3
2023,10788057,3003829510,028501,2
2023,10783722,3003829510,028502,4
2023,10783722,3003829510,028504,7
2023,10783722,3003829510,028505,4
2023,10783722,3003829510,028503,7
2023,10783722,3003829510,028100,9
2023,10438200,3003829510,028504,0
2023,10438200,3003829510,028503,0
2023,10438200,3003829510,028503,0
2023,10244802,3003829510,028502,8
2023,10244802,3003829510,028503,7
2023,10244802,3003829510,028501,9
2023,10244802,3003829510,028501,7
2023,10244802,3003829510,028100,10
2023,10866566,3003829510,028100,5
2023,10899221,3003829510,028502,8
2023,10899221,3003829510,028504,8
2023,10899221,3003829510,028001,7
2023,10899221,3003829510,028503,9
2023,10899221,3003829510,028100,7
2023,10323990,3003829510,028502,10
2023,10323990,3003829510,028503,10
2023,10323990,3003829510,028501,10
2023,11903090,3003829510,028503,7
2023,11903090,3003829510,028503,8
2023,11903090,3003829510,028501,9
2023,11407450,3003829510,028502,8
2023,11407450,3003829510,028001,9
2023,11407450,3003829510,028503,6
2023,11407450,3003829510,028503,6
2023,12695436,3003829510,028504,8
2023,10027392,3003829510,028504,0
2023,10805472,3003829510,028502,2
2023,10805472,3003829510,028505,4
2023,10805472,3003829510,028001,6
2023,10805472,3003829510,028503,0
2023,10630162,3003829510,028503,0
2023,12738447,3003829510,028502,10
2023,12738447,3003829510,028503,0
2023,12738447,3003829510,028503,4
2023,12738447,3003829510,028100,0
2023,12738447,3003829510,028100,10
2023,11549816,3003829510,028502,9
2023,11549816,3003829510,028504,8
2023,11549816,3003829510,028504,8
2023,11549816,3003829510,028505,7
2023,11549816,3003829510,028501,7
2023,10476696,3003829510,028504,8
2023,10476696,3003829510,028501,8
2023,10476696,3003829510,028100,10
2023,10380752,3003829510,028502,10
2023,10380752,3003829510,028504,9
2023,10380752,3003829510,028504,10
2023,10380752,3003829510,028505,8
2023,10380752,3003829510,028503,8
2023,10823864,3003829510,028001,7
2023,10823864,3003829510,028100,5
2023,10905442,3003829510,028501,7
2023,13246090,3003829510,028504,10
2023,13246090,3003829510,028503,10
2023,13246090,3003829510,028501,10
2023,13246090,3003829510,028100,8
2023,10893181,3003829510,028502,8
2023,13053163,3003829510,028504,0
2023,13053163,3003829510,028504,0
2023,13053163,3003829510,028503,0
2023,13281688,3003829510,028502,4
2023,13281688,3003829510,028504,8
2023,13281688,3003829510,028001,7
2023,13281688,3003829510,028503,8
2023,10808367,3003829510,028501,7
2023,11318786,3003829510,028502,6
2023,11318786,3003829510,028505,5
2023,11318786,3003829510,028503,5
2023,10835151,3003829510,028502,8
2023,11261849,3003829510,028503,8
2023,11261849,3003829510,028100,10
2023,13034194,3003829510,028502,10
2023,12739113,3003829510,028001,7
2023,12739113,3003829510,028503,4
2023,10615480,3003829510,028503,7
2023,10615480,3003829510,028503,10
2023,10615480,3003829510,028100,7
2023,13246042,3003829510,028505,9
2023,10804587,3003829510,028504,4
2023,10804587,3003829510,028504,5
2023,10804587,3003829510,028505,4
2023,10804587,3003829510,028001,6
2023,10804587,3003829510,028001,5
2023,10804587,3003829510,028503,8
2023,10804587,3003829510,028501,3
2023,10804587,3003829510,028501,5
2023,12837351,3003829510,028001,7
2023,12837351,3003829510,028503,6
2023,10898139,3003829510,028502,9
2023,10898139,3003829510,028001,9
2023,10898139,3003829510,028503,8
2023,10898139,3003829510,028503,9
2023,12858788,3003829510,028503,9
2023,12858788,3003829510,028100,10
2023,12419064,3003829510,028502,8
2023,12419064,3003829510,028001,6
2023,13281520,3003829510,028502,9
2023,13281520,3003829510,028001,9
2023,13255314,3003829510,028502,7
2023,13255314,3003829510,028504,6
2023,13255314,3003829510,028503,4
2023,13255314,3003829510,028501,6
2023,13255314,3003829510,028100,9
2023,13034042,3003829510,028505,9
2023,10819064,3003829510,028502,8
2023,10819064,3003829510,028502,7
2023,10819064,3003829510,028100,5
2023,13001804,3003829510,028504,9
2023,13001804,3003829510,028505,9
2023,13001804,3003829510,028503,10
2023,10904286,3003829510,028001,0
2023,10904286,3003829510,028503,0
2023,11237080,3003829510,028505,8
2023,11237080,3003829510,028503,9
2023,10358166,3003829510,028504,8
2023,10358166,3003829510,028001,8
2023,10358166,3003829510,028501,8
2023,10574437,3003829510,028505,4
2023,10787438,3003829510,028503,8
2023,10787438,3003829510,028501,5
2023,10020005,3003829510,028501,7
2023,11317211,3003829517,028601,0
2023,12564291,3003829517,028601,0
2023,10828380,3003829517,028601,0
2023,11343605,3003829517,028601,0
2023,10864919,3003829517,028601,0
2023,10278875,3003829517,028601,0
2023,11906470,3003829517,028601,0
2023,10027372,3003829629,1367,8
2023,10027372,3003829629,1368,9
2023,10027372,3003829629,1369,8
2023,10027372,3003829629,1376,9
2023,10657224,3003829629,1369,8
2023,11831183,3003829629,CV0003,7
2023,11831183,3003829629,1370,9
2023,11831183,3003829629,1367,8
2023,11831183,3003829629,1368,8
2023,11831183,3003829629,1368,8
2023,11831183,3003829629,1376,10
2023,13281830,3003829629,1370,8
2023,13281830,3003829629,1367,7
2023,13281830,3003829629,1367,8
2023,13281830,3003829629,1368,7
2023,13281830,3003829629,1369,9
2023,13281830,3003829629,1376,8
2023,10689174,3003829629,CV0003,9
2023,10689174,3003829629,1367,8
2023,10689174,3003829629,1376,9
2023,10735610,3003829629,1370,8
2023,10735610,3003829629,1369,7
2023,10839832,3003829629,1369,5
2023,10698052,3003829629,1368,8
2023,10698052,3003829629,1369,8
2023,10698929,3003829629,1369,0
2023,12558926,3003829629,1370,7
2023,12558926,3003829629,1368,0
2023,10734168,3003829629,1370,7
2023,10734168,3003829629,1368,4
2023,10734168,3003829629,1376,9
2023,10817396,3003829629,CV0003,9
2023,10817396,3003829629,1367,7
2023,10817396,3003829629,1369,4
2023,10834203,3003829629,CV0003,8
2023,10834203,3003829629,1367,7
2023,10834203,3003829629,1376,8
2023,10707900,3003829629,1370,7
2023,10707900,3003829629,1368,8
2023,10707900,3003829629,1369,8
2023,10978127,3003829629,1368,4
2023,10978127,3003829629,1368,4
2023,10742955,3003829629,CV0003,9
2023,10698110,3003829629,1370,8
2023,10698110,3003829629,1369,8
2023,10698110,3003829629,1376,9
2023,10396024,3003829629,1370,9
2023,10396024,3003829629,1368,8
2023,12739203,3003829629,CV0003,6
2023,10635766,3003829629,1369,5
2023,10635766,3003829629,1376,0
2023,10635766,3003829629,1376,0
2023,13242130,3003829629,1368,10
2023,10707767,3003829629,1370,6
2023,10707767,3003829629,1370,6
2023,10707767,3003829629,1370,6
2023,10707767,3003829629,1367,8
2023,10707767,3003829629,1367,8
2023,10781254,3003829629,CV0003,8
2023,10781254,3003829629,1367,9
2023,13281768,3003829629,CV0003,4
2023,13281768,3003829629,1368,4
2023,10620831,3003829629,CV0003,10
2023,10620831,3003829629,1370,8
2023,10620831,3003829629,1367,8
2023,10017422,3003829629,1370,8
2023,10319363,3003829629,1367,3
2023,10319363,3003829629,1369,6
2023,10652405,3003829629,1370,8
2023,10652405,3003829629,1367,9
2023,10652405,3003829629,1369,10
2023,10678151,3003829629,1368,4
2023,10678151,3003829629,1368,4
2023,10678151,3003829629,1369,3
2023,10678151,3003829629,1369,3
2023,10701794,3003829629,1368,6
2023,10687463,3003829629,CV0003,8
2023,10687463,3003829629,CV0003,8
2023,10687463,3003829629,1368,4
2023,13242092,3003829629,CV0003,7
2023,13242092,3003829629,1367,7
2023,13242092,3003829629,1368,8
2023,13242092,3003829629,1369,0
2023,13256847,3003829629,1367,10
2023,13256847,3003829629,1367,10
2023,13256847,3003829629,1368,10
2023,13256847,3003829629,1369,10
2023,13256847,3003829629,1369,10
2023,10324078,3003829629,1367,9
2023,10324078,3003829629,1368,10
2023,10324078,3003829629,1368,10
2023,10679716,3003829629,CV0003,10
2023,10679716,3003829629,CV0003,10
2023,10679716,3003829629,1367,9
2023,13273466,3003829629,1368,4
2023,12478386,3003829629,1367,4
2023,12478386,3003829629,1376,5
2023,10859549,3003829629,1367,9
2023,10859549,3003829629,1368,9
2023,10859549,3003829629,1369,8
2023,10859549,3003829629,1376,9
2023,13011023,3003829629,CV0003,6
2023,13011023,3003829629,1368,5
2023,13011023,3003829629,1376,6
2023,10657734,3003829629,CV0003,9
2023,10657734,3003829629,1367,8
2023,11316204,3003829629,1376,8
2023,10711968,3003829629,1368,7
2023,10634289,3003829636,1378,0
2023,10634289,3003829636,1371,8
2023,10634289,3003829636,1373,7
2023,10634969,3003829636,1373,7
2023,10634969,3003829636,1377,9
2023,10657266,3003829636,CV0004,7
2023,10657266,3003829636,1372,6
2023,10657266,3003829636,1377,6
2023,10392520,3003829636,CV0004,8
2023,10411129,3003829636,1378,0
2023,10462592,3003829636,1373,8
2023,10678949,3003829636,1373,4
2023,10678949,3003829636,1374,7
2023,10691096,3003829636,1374,7
2023,10691103,3003829636,1371,7
2023,10691103,3003829636,1377,6
2023,10696544,3003829636,1377,7
2023,10706057,3003829636,CV0004,9
2023,10706057,3003829636,1372,4
2023,10784679,3003829636,1373,9
2023,10816497,3003829636,1374,8
2023,10816497,3003829636,1377,8
2023,10792613,3003829636,1377,7
2023,10829974,3003829636,1378,0
2023,10829974,3003829636,1372,9
2023,10830272,3003829636,1375,8
2023,10830272,3003829636,1378,0
2023,10836592,3003829636,1371,7
2023,10836592,3003829636,1371,7
2023,12826253,3003829636,1372,8
2023,13056692,3003829636,CV0004,9
2023,13056692,3003829636,1377,7
2023,10013793,3003829636,1374,8
2023,10399963,3003829636,1375,8
2023,10025975,3003829636,1374,9
2023,10024512,3003829636,CV0004,10
2023,10024512,3003829636,1375,10
2023,10636299,3003829636,1378,0
2023,10636299,3003829636,1371,4
2023,10636299,3003829636,1373,9
2023,10307743,3003829636,CV0004,9
2023,10307743,3003829636,1373,7
2023,10307743,3003829636,1377,9
2023,10381433,3003829636,1372,7
2023,10381433,3003829636,1373,7
2023,10381433,3003829636,1374,7
2023,10700544,3003829636,CV0004,8
2023,10700981,3003829636,1373,10
2023,10709570,3003829636,CV0004,7
2023,10462592,3003829636,1375,2
2023,10709570,3003829636,1373,8
2023,10734359,3003829636,1372,8
2023,10734359,3003829636,1374,8
2023,10737469,3003829636,1374,9
2023,10753893,3003829636,1377,9
2023,10753893,3003829636,1377,8
2023,10819896,3003829636,1377,9
2023,10852053,3003829636,1378,0
2023,10865461,3003829636,CV0004,9
2023,10865461,3003829636,1372,10
2023,11069919,3003829636,1372,7
2023,11069919,3003829636,1372,8
2023,11069919,3003829636,1373,7
2023,11069919,3003829636,1374,8
2023,11069919,3003829636,1377,8
2023,11167937,3003829636,1371,6
2023,12608298,3003829636,1373,10
2023,12608298,3003829636,1377,9
2023,12736051,3003829636,1375,10
2023,12736051,3003829636,1377,9
2023,12736834,3003829636,1371,6
2023,12736834,3003829636,1372,8
2023,12736834,3003829636,1374,8
2023,12736834,3003829636,1377,8
2023,13030911,3003829636,1371,10
2023,13030911,3003829636,1372,10
2023,13030911,3003829636,1373,10
2023,13030911,3003829636,1377,10
2023,10174423,3003829636,1371,9
2023,10174423,3003829636,1372,9
2023,10590166,3003829636,1371,6
2023,10386780,3003829636,1373,0
2023,10678827,3003829636,1371,4
2023,11032354,3003829636,1378,0
2023,11032354,3003829636,1371,7
2023,10320009,3003829636,1378,0
2023,10691028,3003829636,1374,0
2023,11316122,3003829636,1372,0
2023,11568799,3003829636,1371,4
2023,10460605,3003829636,1377,0
2023,10352236,3003828691,5022,8
2023,10352236,3003828691,5026,9
2023,10293577,3003828691,5021,0
2023,10293577,3003828691,5022,3
2023,10352528,3003828691,5022,10
2023,10352528,3003828691,5024,8
2023,10352528,3003828691,5025,9
2023,10352528,3003828691,5026,8
2023,12734604,3003828691,5025,9
2023,10428862,3003828691,5022,0
2023,10428862,3003828691,5024,0
2023,10428862,3003828691,5025,0
2023,10428862,3003828691,5025,0
2023,11484277,3003828691,5025,9
2023,12430202,3003828691,5021,10
2023,12430202,3003828691,5022,10
2023,10400378,3003828691,5026,10
2023,10146282,3003828691,5021,10
2023,10146282,3003828691,5025,10
2023,10146282,3003828691,5026,9
2023,10747088,3003828691,5022,9
2023,10747088,3003828691,5023,9
2023,10747088,3003828691,5024,8
2023,10514340,3003828691,5021,8
2023,10514340,3003828691,5024,8
2023,10514340,3003828691,5025,7
2023,10514340,3003828691,5026,9
2023,10376123,3003828691,5024,6
2023,10398753,3003828691,5023,3
2023,10398753,3003828691,5023,0
2023,10398753,3003828691,5024,0
2023,10398753,3003828691,5026,8
2023,10949781,3003828691,5024,9
2023,10698939,3003828691,5024,8
2023,10254544,3003828691,5021,9
2023,13297404,3003828691,5024,8
2023,13297404,3003828691,5026,9
2023,10652460,3003828691,5025,0
2023,10328167,3003828705,5075,0
2023,11406626,3003828705,5073,0
2023,10304881,3003828705,5072,8
2023,10304881,3003828705,5075,8
2023,10688139,3003828705,5072,6
2023,10688139,3003828705,5073,5
2023,10688139,3003828705,5075,8
2023,10700769,3003828705,5071,8
2023,10353205,3003828705,5073,5
2023,10353205,3003828705,5074,9
2023,10646249,3003828705,5072,0
2023,12447243,3003828705,5071,6
2023,12447243,3003828705,5072,8
2023,12447243,3003828705,5074,10
2023,12447243,3003828705,5075,9
2023,10789928,3003828705,5071,4
2023,10789928,3003828705,5074,0
2023,10352435,3003828705,5075,8
2023,11407481,3003828705,5071,0
2023,11407481,3003828705,5074,0
2023,11407481,3003828705,5074,0
2023,10496141,3003828705,5071,0
2023,10496141,3003828705,5071,0
2023,10496141,3003828705,5072,0
2023,10254384,3003828705,5072,0
2023,10254384,3003828705,5074,0
2023,10254384,3003828705,5075,0
2023,10525957,3003828705,5071,8
2023,10525957,3003828705,5075,4
2023,10278806,3003828705,5071,10
2023,10278806,3003828705,5073,10
2023,10182546,3003828705,5072,8
2023,10182546,3003828705,5074,10
2023,10470240,3003828900,0375,7
2023,10303547,3003828900,0381,5
2023,10500950,3003828900,0381,7
2023,10380889,3003828900,0378,8
2023,10380889,3003828900,0382,0
2023,10409990,3003828900,CV0004,10
2023,10409990,3003828900,0378,7
2023,10409990,3003828900,0375,5
2023,10409990,3003828900,0374,8
2023,10819337,3003828900,CV0004,9
2023,10792555,3003828900,0375,8
2023,11512963,3003828900,0374,4
2023,11512963,3003828900,0374,7
2023,10652552,3003828900,CV0004,4
2023,10652552,3003828900,0379,9
2023,10470240,3003828900,0379,8
2023,10496577,3003828900,0377,7
2023,10496577,3003828900,0376,8
2023,10707778,3003828900,0377,0
2023,10707778,3003828900,0376,0
2023,10711859,3003828900,0378,6
2023,10711859,3003828900,0377,2
2023,10711859,3003828900,0377,0
2023,10711859,3003828900,0376,2
2023,10851128,3003828900,CV0004,10
2023,10851128,3003828900,0381,7
2023,10851128,3003828900,0378,8
2023,11415977,3003828900,0376,8
2023,11646742,3003828900,CV0004,10
2023,11646742,3003828900,0375,7
2023,10017378,3003828900,0381,7
2023,10017378,3003828900,0378,6
2023,10294470,3003828900,0378,8
2023,10294470,3003828900,0375,6
2023,10427819,3003828900,0378,5
2023,10427819,3003828900,0375,9
2023,10427819,3003828900,0382,0
2023,10799062,3003828900,0378,8
2023,10799062,3003828900,0374,10
2023,10855729,3003828893,0372,8
2023,10855729,3003828893,0372,9
2023,10864476,3003828893,CV0003,7
2023,10864476,3003828893,0370,7
2023,10864476,3003828893,0372,7
2023,10832097,3003828893,0373,6
2023,10832097,3003828893,0372,4
2023,10832097,3003828893,0372,6
2023,10832097,3003828893,0369,6
2023,10611327,3003828893,0370,9
2023,10611327,3003828893,0373,9
2023,10611327,3003828893,0373,9
2023,10611327,3003828893,0369,9
2023,11242377,3003828893,0370,8
2023,11242377,3003828893,0372,8
2023,11242377,3003828893,0369,9
2023,11242377,3003828893,0369,8
2023,10332972,3003828893,0373,5
2023,10332972,3003828893,0371,9
2023,10267085,3003828893,CV0003,8
2023,10267085,3003828893,0371,8
2023,10267085,3003828893,0380,7
2023,10267085,3003828893,0369,4
2023,10837451,3003828893,0372,4
2023,12722174,3003828893,0370,5
2023,12722174,3003828893,0373,6
2023,10634348,3003828893,CV0003,9
2023,10963354,3003828893,CV0003,7
2023,10963354,3003828893,0369,9
2023,10707901,3003828893,0370,5
2023,10707901,3003828893,0373,6
2023,10748092,3003828893,CV0003,8
2023,10748092,3003828893,0371,6
2023,10748092,3003828893,0371,4
2023,10748092,3003828893,0372,7
2023,10748092,3003828893,0369,4
2023,10748092,3003828893,0369,5
2023,10832107,3003828893,CV0003,9
2023,10832107,3003828893,0372,8
2023,11635385,3003828893,0370,8
2023,11635385,3003828893,0373,7
2023,11635385,3003828893,0373,6
2023,11635385,3003828893,0372,7
2023,11635385,3003828893,0372,9
2023,10679688,3003828893,0373,5
2023,10679688,3003828893,0371,8
2023,10679688,3003828893,0372,7
2023,10691654,3003828893,0370,7
2023,10707654,3003828893,0370,5
2023,10707654,3003828893,0373,6
2023,10707654,3003828893,0380,7
2023,10676228,3003828893,0369,7
2023,10837560,3003828893,CV0003,8
2023,12433973,3003828823,0490,0
2023,13163302,3003828823,0494,6
2023,10417697,3003828823,0488,7
2023,10417697,3003828823,0488,6
2023,10279324,3003828823,CV0004,4
2023,10979745,3003828823,0488,2
2023,12737108,3003828823,0495,0
2023,12737108,3003828823,0489,8
2023,12737108,3003828823,0488,6
2023,10293307,3003828823,0488,2
2023,10293307,3003828823,0486,6
2023,10292823,3003828823,CV0004,0
2023,10292823,3003828823,0491,0
2023,10292823,3003828823,0489,0
2023,13038074,3003828823,0495,0
2023,13038074,3003828823,0489,10
2023,10707674,3003828823,CV0004,0
2023,10707674,3003828823,0494,0
2023,10326385,3003828823,CV0004,3
2023,10326385,3003828823,0489,10
2023,11430449,3003828823,0491,7
2023,11430449,3003828823,0489,7
2023,11430449,3003828823,0488,2
2023,10664873,3003828823,CV0004,8
2023,10664873,3003828823,0492,9
2023,10664873,3003828823,0491,8
2023,10664873,3003828823,0490,9
2023,10664873,3003828823,0486,9
2023,10279526,3003828823,0491,7
2023,10279526,3003828823,0489,0
2023,10865901,3003828823,0488,0
2023,12636620,3003828823,0491,0
2023,10470608,3003828823,CV0004,0
2023,10470608,3003828823,0494,4
2023,10470608,3003828823,0494,0
2023,10470608,3003828823,0489,0
2023,13038149,3003828823,0489,0
2023,13038149,3003828823,0489,0
2023,12563774,3003828823,0492,9
2023,12563774,3003828823,0486,10
2023,10264374,3003828823,0489,0
2023,10264374,3003828823,0489,0
2023,10264374,3003828823,0488,0
2023,10254372,3003828823,0495,0
2023,10254372,3003828823,0486,10
2023,10399819,3003828823,0486,10
2023,12717811,3003828823,CV0004,0
2023,12717811,3003828823,0491,0
2023,11400429,3003828823,0490,0
2023,11400429,3003828823,0488,0
2023,12636390,3003828823,0486,8
2023,10307929,3003828795,0483,9
2023,10730670,3003828795,0487,10
2023,10730670,3003828795,0485,10
2023,13245350,3003828795,CV0003,0
2023,13245350,3003828795,0485,0
2023,10837069,3003828795,0484,8
2023,10585523,3003828795,0487,6
2023,10585523,3003828795,0487,7
2023,10585523,3003828795,0485,3
2023,10585523,3003828795,0485,2
2023,10441204,3003828795,0373,0
2023,10441204,3003828795,0487,7
2023,10441204,3003828795,0485,0
2023,10441204,3003828795,0483,8
2023,10441204,3003828795,0483,7
2023,10736098,3003828795,0485,9
2023,10736098,3003828795,0485,6
2023,10736098,3003828795,0483,6
2023,10736098,3003828795,0483,9
2023,10820972,3003828795,0487,10
2023,10820972,3003828795,0485,10
2023,10820972,3003828795,0484,10
2023,10279258,3003828795,0485,0
2023,10279258,3003828795,0483,0
2023,10635824,3003828795,CV0003,10
2023,10604661,3003828795,CV0003,0
2023,10604661,3003828795,CV0003,0
2023,10604661,3003828795,0373,0
2023,13248857,3003828795,0483,3
2023,10332148,3003828795,0373,9
2023,13245291,3003828795,CV0003,0
2023,13245291,3003828795,CV0003,0
2023,13245291,3003828795,0617,0
2023,13245903,3003828795,0373,0
2023,13245903,3003828795,0485,0
2023,13245903,3003828795,0484,0
2023,13245903,3003828795,0617,0
2023,11729566,3003828795,0484,4
2023,10254986,3003828795,0484,10
2023,10255828,3003828795,0485,0
2023,10255828,3003828795,0484,6
2023,10255828,3003828795,0483,0
2023,10399842,3003828795,0373,7
2023,10679677,3003828795,0487,3
2023,10679677,3003828795,0484,7
2023,10679677,3003828795,0484,5
2023,12736124,3003828795,0485,6
2023,10201417,3003828795,CV0003,10
2023,10201417,3003828795,0484,10
2023,10201417,3003828795,0483,9
2023,13170875,3003828795,CV0003,7
2023,13170875,3003828795,0487,2
2023,13170875,3003828795,0617,8
2023,10365185,3003828795,0373,9
2023,10365185,3003828795,0373,4
2023,10365185,3003828795,0484,9
2023,10365185,3003828795,0483,9
2023,10365185,3003828795,0617,8
2023,10663063,3003828795,CV0003,9
2023,10663063,3003828795,0487,7
2023,10663063,3003828795,0485,7
2023,13245900,3003828795,0487,8
2023,13245900,3003828795,0485,9
2023,13245900,3003828795,0485,5
2023,10852247,3003828795,0373,8
2023,10852247,3003828795,0487,7
2023,10852247,3003828795,0485,7
2023,10852247,3003828795,0483,8
2023,10375230,3003828795,0485,7
2023,10454428,3003828795,0373,0
2023,10454428,3003828795,0484,0
2023,11569845,3003828795,0487,0
2023,11569845,3003828795,0485,1
2023,10364384,3003828795,0485,10
2023,12040403,3003828795,0485,5
2023,10689194,3003828795,CV0003,8
2023,10689194,3003828795,0487,9
2023,10689194,3003828795,0485,8
2023,11231256,3003828795,0487,6
2023,10533446,3003828795,0487,0
2023,10533446,3003828795,0487,0
2023,10533446,3003828795,0485,0
2023,10392227,3003828795,0373,8
2023,10392227,3003828795,0373,3
2023,10392227,3003828795,0487,5
2023,10392227,3003828795,0487,0
2023,10392227,3003828795,0484,0
2023,10013834,3003828795,0485,0
2023,10013834,3003828795,0483,8
2023,10013834,3003828795,0483,0
2023,10013834,3003828795,0483,0
2023,10323451,3003828795,0373,4
2023,10323451,3003828795,0483,8
2023,10323451,3003828795,0617,8
2023,10282899,3003828795,CV0003,9
2023,10282899,3003828795,0373,9
2023,10282899,3003828795,0484,7
2023,10282899,3003828795,0483,9
2023,10817332,3003828795,0487,7
2023,10817332,3003828795,0484,8
2023,10817332,3003828795,0483,8
2023,12735228,3003828795,0485,7
2023,12735228,3003828795,0485,8
2023,12735228,3003828795,0483,8
2023,13245876,3003828795,CV0003,9
2023,13245876,3003828795,0617,10
2023,10021939,3003828795,0485,0
2023,13245936,3003828795,0373,0
2023,13245936,3003828795,0487,0
2023,13245936,3003828795,0487,0
2023,13245936,3003828795,0485,3
2023,10489583,3003828795,0483,
2023,10851164,3003828795,0485,4
2023,11240348,3003828795,0373,0
2023,11240348,3003828795,0373,0
2023,11240348,3003828795,0484,0
2023,11240348,3003828795,0483,0
2023,10362119,3003828795,0373,8
2023,10362119,3003828795,0483,9
2023,12558196,3003828795,0485,3
2023,10308646,3003828795,0487,4
2023,12587239,3003828795,0487,0
2023,12587239,3003828795,0485,0
2023,12587239,3003828795,0483,8
2023,12587239,3003828795,0483,0
2023,10666129,3003828795,CV0003,7
2023,10666129,3003828795,0487,5
2023,10666129,3003828795,0485,4
2023,10666129,3003828795,0483,5
2023,10666129,3003828795,0617,7
2023,10278578,3003828795,0485,0
2023,10278578,3003828795,0617,0
2023,10278578,3003828795,0617,0
2023,13294635,3003828795,0483,8
2023,13294635,3003828795,0483,8
2023,11778439,3003828795,0485,0
2023,10634225,3003828788,CV0004,4
2023,10634225,3003828788,0618,2
2023,10247323,3003828788,CV0004,9
2023,10512738,3003828788,0616,9
2023,10512738,3003828788,0615,8
2023,10512738,3003828788,0613,10
2023,10261771,3003828788,0619,0
2023,10261771,3003828788,0618,7
2023,10574443,3003828788,0616,9
2023,10574443,3003828788,0612,5
2023,10707841,3003828788,0618,9
2023,11088015,3003828788,0615,0
2023,11088015,3003828788,0612,3
2023,11782852,3003828788,0614,9
2023,10319905,3003828788,0618,10
2023,10403933,3003828788,CV0004,10
2023,10403933,3003828788,0614,8
2023,10249394,3003828788,0619,0
2023,10249394,3003828788,0616,10
2023,10249394,3003828788,0618,8
2023,10249394,3003828788,0614,10
2023,10308808,3003828788,CV0004,9
2023,10308808,3003828788,0616,8
2023,10308808,3003828788,0615,7
2023,10604775,3003828788,0612,5
2023,10797554,3003828788,0615,7
2023,10797554,3003828788,0613,6
2023,10797554,3003828788,0612,0
2023,10797554,3003828788,0612,5
2023,13038816,3003828788,0616,9
2023,13038816,3003828788,0612,8
2023,13038828,3003828788,0615,7
2023,13038828,3003828788,0614,8
2023,10640914,3003828788,0615,7
2023,10640914,3003828788,0615,8
2023,10640914,3003828788,0612,10
2023,10304867,3003828788,CV0004,10
2023,10304867,3003828788,0619,0
2023,10304867,3003828788,0613,10
2023,10407215,3003828788,0615,8
2023,10708221,3003828788,0614,8
2023,10708221,3003828788,0613,8
2023,12936130,3003828767,0230,8
2023,12636621,3003828767,0230,8
2023,10758419,3003828767,CV0002,9
2023,10758419,3003828767,0230,9
2023,10758419,3003828767,0224,9
2023,10758419,3003828767,0224,9
2023,12717192,3003828767,CV0002,6
2023,13031068,3003828767,0230,7
2023,13031068,3003828767,0228,9
2023,10655227,3003828767,0231,0
2023,10663109,3003828767,0227,0
2023,10863174,3003828767,0224,6
2023,13031606,3003828767,0228,9
2023,12730601,3003828767,0228,9
2023,10679666,3003828767,0228,7
2023,10679666,3003828767,0224,0
2023,10679666,3003828767,0227,0
2023,13031141,3003828767,0228,0
2023,10756607,3003828767,0226,9
2023,11825745,3003828767,0228,0
2023,10351465,3003828767,CV0002,8
2023,10757001,3003828767,0226,9
2023,10757001,3003828767,0227,9
2023,11088071,3003828767,0228,9
2023,11088071,3003828767,0226,6
2023,11088071,3003828767,0224,5
2023,10410140,3003828767,CV0002,1
2023,10679710,3003828767,0224,8
2023,10762343,3003828767,0226,10
2023,10762343,3003828767,0231,0
2023,10805501,3003828767,CV0002,4
2023,10805501,3003828767,0230,8
2023,10805501,3003828767,0226,7
2023,10762023,3003828767,0230,10
2023,10762023,3003828767,0227,8
2023,10807600,3003828767,0228,10
2023,10814487,3003828767,0230,7
2023,10814487,3003828767,0227,9
2023,10856605,3003828767,0228,10
2023,13046184,3003828767,0230,7
2023,13046184,3003828767,0228,8
2023,11804013,3003828767,0226,6
2023,11804013,3003828767,0226,7
2023,10828387,3003828767,0224,9
2023,10828387,3003828767,0231,0
2023,10828387,3003828767,0227,9
2023,12559471,3003828767,0230,8
2023,11847570,3003828760,CV0001,4
2023,11847570,3003828760,0223,7
2023,11847570,3003828760,0222,7
2023,11847570,3003828760,0222,7
2023,11847570,3003828760,0222,6
2023,10938543,3003828760,0221,0
2023,10938543,3003828760,0229,0
2023,10938543,3003828760,0222,0
2023,10833893,3003828760,0221,4
2023,10833893,3003828760,0229,5
2023,10833893,3003828760,0222,4
2023,10910799,3003828760,CV0001,9
2023,10910799,3003828760,0225,8
2023,10910799,3003828760,0225,7
2023,10789656,3003828760,0221,4
2023,10911373,3003828760,0225,7
2023,10911373,3003828760,0225,7
2023,11088604,3003828760,0229,8
2023,11088604,3003828760,0222,8
2023,10909591,3003828760,CV0001,10
2023,10909591,3003828760,0225,8
2023,10909591,3003828760,0229,8
2023,10909591,3003828760,0229,8
2023,10909591,3003828760,0222,8
2023,10390554,3003828760,CV0001,4
2023,10390554,3003828760,0225,4
2023,10390554,3003828760,0221,9
2023,10390554,3003828760,0229,8
2023,10390554,3003828760,0222,9
2023,11567531,3003828760,CV0001,0
2023,11567531,3003828760,0223,0
2023,11567531,3003828760,0221,0
2023,11567531,3003828760,0221,0
2023,11567531,3003828760,0222,0
2023,12736633,3003828760,CV0001,0
2023,12736633,3003828760,CV0001,0
2023,12736633,3003828760,0225,0
2023,10305237,3003828760,CV0001,0
2023,10305237,3003828760,0225,0
2023,10305237,3003828760,0229,0
2023,10325203,3003828760,CV0001,7
2023,10325203,3003828760,0221,8
2023,10906556,3003828760,0221,6
2023,10906556,3003828760,0222,5
2023,11421089,3003828760,0221,4
2023,12865232,3003828760,0222,0
2023,10912321,3003828760,CV0001,8
2023,10912321,3003828760,CV0001,9
2023,10912321,3003828760,0223,10
2023,10912321,3003828760,0229,9
2023,10912321,3003828760,0229,9
2023,11337364,3003828760,0225,0
2023,11337364,3003828760,0225,0
2023,11337364,3003828760,0221,0
2023,11337364,3003828760,0221,0
2023,13006056,3003828760,0225,0
2023,13006056,3003828760,0223,7
2023,13006056,3003828760,0221,6
2023,10762391,3003828760,0221,4
2023,10762391,3003828760,0222,6
2023,10911129,3003828760,0223,6
2023,10911129,3003828760,0229,8
2023,12510469,3003828760,0225,5
2023,10713860,3003828760,0223,0
2023,10713860,3003828760,0229,0
2023,10713860,3003828760,0229,0
2023,12505624,3003828760,CV0001,6
2023,12505624,3003828760,CV0001,8
2023,13250561,3003828760,0225,10
2023,10392662,3003828760,CV0001,0
2023,10392662,3003828760,0223,0
2023,10392662,3003828760,0223,0
2023,10392662,3003828760,0222,0
2023,12731167,3003828760,0225,0
2023,12731167,3003828760,0223,0
2023,12731167,3003828760,0221,0
2023,12731167,3003828760,0222,0
2023,10466174,3003828760,CV0001,0
2023,10466174,3003828760,0223,0
2023,10466174,3003828760,0221,0
2023,10466174,3003828760,0222,0
2023,10837080,3003828760,0223,8
2023,10837080,3003828760,0229,8
2023,10837080,3003828760,0222,8
2023,13086978,3003828760,CV0001,8
2023,13086978,3003828760,0229,8
2023,11763179,3003828760,0229,0
2023,10888617,3003828760,0225,6
2023,10344575,3003828760,CV0001,7
2023,10344575,3003828760,0225,8
2023,10344575,3003828760,0225,8
2023,10344575,3003828760,0221,8
2023,10344575,3003828760,0229,5
2023,12270997,3003828760,0225,0
2023,12270997,3003828760,0223,0
2023,12270997,3003828760,0221,0
2023,12270997,3003828760,0229,0
2023,11407222,3003828760,0223,9
2023,11407222,3003828760,0221,9
2023,12609908,3003828760,0225,9
2023,12609908,3003828760,0223,0
2023,12609908,3003828760,0221,0
2023,10885064,3003828760,0222,7
2023,10885064,3003828760,0222,4
2023,10904569,3003828760,0221,7
2023,10895404,3003828760,0225,9
2023,10895404,3003828760,0223,10
2023,10937956,3003828760,0225,0
2023,10937956,3003828760,0225,0
2023,10937956,3003828760,0222,0
2023,10937956,3003828760,0222,0
2023,13321692,3003828760,CV0001,0
2023,12739162,3003826548,CV0004,4
2023,12739162,3003826548,0176,6
2023,12634107,3003826548,0180,8
2023,12634107,3003826548,0178,7
2023,12708907,3003826548,0178,10
2023,12708907,3003826548,0175,8
2023,10267575,3003826548,0178,0
2023,10267575,3003826548,0175,0
2023,10636300,3003826548,0178,9
2023,10304560,3003826548,0180,8
2023,10304560,3003826548,0178,9
2023,10304560,3003826548,0178,10
2023,10691401,3003826548,CV0004,8
2023,11186762,3003826548,0178,2
2023,11402080,3003826548,0184,0
2023,11402080,3003826548,0175,9
2023,13035643,3003826548,0183,6
2023,13097118,3003826548,CV0004,4
2023,13097118,3003826548,0176,6
2023,10014485,3003826548,0176,8
2023,10640379,3003826548,0184,0
2023,10357602,3003826548,0183,6
2023,10376639,3003826548,0178,7
2023,10734117,3003826548,0181,6
2023,12793270,3003826548,0176,6
2023,12003293,3003826548,0176,0
2023,12003293,3003826548,0178,0
2023,10759106,3003826548,0183,7
2023,10759106,3003826548,0176,8
2023,10935906,3003826548,0176,0
2023,10935906,3003826548,0176,0
2023,10935906,3003826548,0178,0
2023,11329159,3003826548,CV0004,8
2023,11329159,3003826548,0180,9
2023,11329159,3003826548,0183,9
2023,13034960,3003826548,CV0004,0
2023,13034960,3003826548,0176,7
2023,11573289,3003826548,0181,5
2023,10134445,3003826548,0183,5
2023,13263308,3003826541,0173,4
2023,13263308,3003826541,0174,3
2023,13263308,3003826541,0182,4
2023,13240820,3003826541,CV0003,0
2023,13240820,3003826541,0179,8
2023,13240820,3003826541,0179,4
2023,13240820,3003826541,0179,0
2023,13240820,3003826541,0174,0
2023,13240820,3003826541,0182,0
2023,12413993,3003826541,0174,5
2023,11568873,3003826541,CV0003,9
2023,11568873,3003826541,0177,8
2023,11568873,3003826541,0177,8
2023,11568873,3003826541,0177,8
2023,10742422,3003826541,0173,7
2023,12679099,3003826541,CV0003,7
2023,12679099,3003826541,0179,7
2023,12679099,3003826541,0171,0
2023,12679099,3003826541,0173,0
2023,12679099,3003826541,0173,0
2023,12679099,3003826541,0177,6
2023,11921786,3003826541,0177,8
2023,10805336,3003826541,CV0003,4
2023,10805336,3003826541,0171,5
2023,10805336,3003826541,0171,6
2023,10507995,3003826541,CV0003,9
2023,10507995,3003826541,CV0003,9
2023,10507995,3003826541,0173,0
2023,10507995,3003826541,0174,6
2023,10507995,3003826541,0182,9
2023,13249462,3003826541,0173,7
2023,13249462,3003826541,0174,6
2023,13249462,3003826541,0177,9
2023,10264508,3003826541,0174,7
2023,10264508,3003826541,0177,7
2023,10838901,3003826541,0182,6
2023,10487908,3003826541,0171,7
2023,10487908,3003826541,0173,7
2023,10487908,3003826541,0174,8
2023,10487908,3003826541,0182,7
2023,10487908,3003826541,0182,8
2023,10487908,3003826541,0177,6
2023,10581335,3003826541,CV0003,10
2023,10581335,3003826541,0179,10
2023,10581335,3003826541,0173,10
2023,10581335,3003826541,0174,10
2023,10581335,3003826541,0174,10
2023,10581335,3003826541,0177,10
2023,10713910,3003826541,0174,7
2023,10421505,3003826541,CV0003,0
2023,10421505,3003826541,0171,0
2023,10421505,3003826541,0173,0
2023,10421505,3003826541,0174,0
2023,10421505,3003826541,0177,1
2023,13245158,3003826541,CV0003,4
2023,13245158,3003826541,CV0003,4
2023,13245158,3003826541,0172,4
2023,10420918,3003826541,0179,7
2023,10420918,3003826541,0173,4
2023,11495548,3003826541,0179,0
2023,11495548,3003826541,0171,0
2023,11495548,3003826541,0174,0
2023,10610451,3003826541,0174,7
2023,10610451,3003826541,0177,5
2023,12905546,3003826541,0179,0
2023,12905546,3003826541,0173,0
2023,12905546,3003826541,0182,0
2023,12905546,3003826541,0177,0
2023,10706770,3003826541,CV0003,8
2023,10706770,3003826541,CV0003,6
2023,12730900,3003826541,CV0003,9
2023,12730900,3003826541,0179,9
2023,12730900,3003826541,0172,7
2023,12730900,3003826541,0173,0
2023,12730900,3003826541,0177,1
2023,13062870,3003826541,0179,0
2023,13062870,3003826541,0171,0
2023,13062870,3003826541,0173,0
2023,13062870,3003826541,0182,0
2023,13062870,3003826541,0182,0
2023,10301350,3003826541,0177,9
2023,10849475,3003826541,0172,5
2023,10849475,3003826541,0172,6
2023,13034983,3003826541,0174,0
2023,10468091,3003826541,0174,8
2023,10814531,3003826541,CV0003,9
2023,10814531,3003826541,CV0003,9
2023,11316431,3003826541,0179,0
2023,11316431,3003826541,0171,0
2023,11316431,3003826541,0172,0
2023,11316431,3003826541,0182,0
2023,11316431,3003826541,0182,0
2023,11564256,3003826541,0171,0
2023,11564256,3003826541,0172,0
2023,10489725,3003826541,0179,0
2023,10489725,3003826541,0171,0
2023,12870301,3003826541,0171,0
2023,12870301,3003826541,0182,0
2023,12870301,3003826541,0177,0
2023,10428229,3003826611,0400,10
2023,10428229,3003826611,0397,10
2023,10420911,3003826611,0398,9
2023,10306049,3003826611,CV0004,9
2023,10306049,3003826611,0180,9
2023,10248447,3003826611,CV0004,8
2023,10274804,3003826611,0398,8
2023,10274804,3003826611,0398,10
2023,10274804,3003826611,0403,0
2023,10364858,3003826611,0398,8
2023,10364858,3003826611,0402,9
2023,10495929,3003826611,0399,10
2023,10432798,3003826611,0398,9
2023,10432798,3003826611,0403,0
2023,10432798,3003826611,0400,10
2023,10432798,3003826611,0397,10
2023,10691269,3003826611,0180,7
2023,10691269,3003826611,0402,8
2023,10699154,3003826611,0399,8
2023,10786213,3003826611,CV0004,7
2023,10786213,3003826611,0180,7
2023,10810890,3003826611,CV0004,8
2023,10810890,3003826611,0180,9
2023,10810890,3003826611,0402,10
2023,10837523,3003826611,0399,4
2023,10842144,3003826611,CV0004,9
2023,10842144,3003826611,0400,9
2023,13035483,3003826611,CV0004,4
2023,13055004,3003826611,0180,6
2023,11342693,3003826611,0400,6
2023,10803272,3003826604,0384,9
2023,10837553,3003826604,CV0003,8
2023,10837553,3003826604,0384,9
2023,10837553,3003826604,0173,7
2023,12468964,3003826604,CV0003,8
2023,12468964,3003826604,0401,7
2023,12468964,3003826604,0171,8
2023,12468964,3003826604,0384,7
2023,12468964,3003826604,0173,9
2023,10305439,3003826604,0384,9
2023,10699672,3003826604,CV0003,6
2023,10699672,3003826604,0171,9
2023,10699672,3003826604,0384,6
2023,10699672,3003826604,0172,7
2023,10700883,3003826604,0171,9
2023,10700883,3003826604,0384,9
2023,10778000,3003826604,CV0003,9
2023,10778000,3003826604,0179,9
2023,10778000,3003826604,0179,9
2023,10778000,3003826604,0383,8
2023,10778000,3003826604,0383,9
2023,10778000,3003826604,0384,9
2023,10778000,3003826604,0172,9
2023,10778000,3003826604,0172,8
2023,13242114,3003826604,0383,0
2023,13242114,3003826604,0172,1
2023,10506767,3003826604,CV0003,0
2023,10506767,3003826604,0179,0
2023,10506767,3003826604,0401,1
2023,10506767,3003826604,0171,0
2023,10506767,3003826604,0384,0
2023,10506767,3003826604,0384,0
2023,10506767,3003826604,0173,0
2023,10677163,3003826604,0179,6
2023,10677163,3003826604,0173,6
2023,10282475,3003826604,0179,8
2023,10282475,3003826604,0171,10
2023,10282475,3003826604,0172,8
2023,10282475,3003826604,0173,7
2023,10698462,3003826604,0401,4
2023,10698462,3003826604,0171,7
2023,12398431,3003826604,0171,9
2023,12398431,3003826604,0383,9
2023,13257485,3003826604,0401,0
2023,13257485,3003826604,0171,9
2023,13257485,3003826604,0384,7
2023,13257485,3003826604,0173,6
2023,10411178,3003826604,0384,9
2023,10411178,3003826604,0172,8
2023,10675919,3003826604,0179,7
2023,10675919,3003826604,0179,8
2023,10675919,3003826604,0383,9
2023,13127380,3003826604,0172,7
2023,10513851,3003826604,CV0003,0
2023,10513851,3003826604,CV0003,5
2023,10513851,3003826604,0171,8
2023,10513851,3003826604,0384,4
2023,10718089,3003826604,0171,8
2023,10718089,3003826604,0384,8
2023,10718089,3003826604,0173,7
2023,13288501,3003826604,CV0003,7
2023,13288501,3003826604,0179,7
2023,13288501,3003826604,0384,8
2023,13257407,3003826604,0179,0
2023,13257407,3003826604,0179,0
2023,13257407,3003826604,0171,9
2023,13257407,3003826604,0384,1
2023,10709639,3003826604,CV0003,8
2023,10709639,3003826604,0171,9
2023,10709639,3003826604,0383,7
2023,10709639,3003826604,0383,7
2023,10488332,3003826632,0180,2
2023,10488332,3003826632,0385,7
2023,10488332,3003826632,0390,7
2023,10506040,3003826632,CV0004,8
2023,10506040,3003826632,0385,7
2023,10506040,3003826632,0390,0
2023,10506040,3003826632,0391,0
2023,10862231,3003826632,CV0004,8
2023,10041748,3003826632,0390,9
2023,10041748,3003826632,0386,9
2023,10377321,3003826632,0387,6
2023,10516555,3003826632,0388,0
2023,12561996,3003826632,0388,0
2023,10303279,3003826632,0388,7
2023,10654890,3003826632,0385,8
2023,10654890,3003826632,0385,8
2023,10654890,3003826632,0390,8
2023,10654890,3003826632,0387,8
2023,10713872,3003826632,0180,9
2023,10713872,3003826632,0391,0
2023,10713872,3003826632,0386,8
2023,10730159,3003826632,0385,7
2023,10850808,3003826632,0386,8
2023,10780309,3003826632,0180,5
2023,10780309,3003826632,0385,7
2023,10780309,3003826632,0388,0
2023,10428047,3003826632,0385,4
2023,10664924,3003826632,0180,9
2023,10664924,3003826632,0180,8
2023,10664924,3003826632,0385,8
2023,10664924,3003826632,0387,8
2023,10303294,3003826632,0180,3
2023,10513718,3003826632,0385,8
2023,10513718,3003826632,0386,8
2023,10708070,3003826632,CV0004,10
2023,10708070,3003826632,0180,8
2023,10708070,3003826632,0391,0
2023,10713451,3003826632,0385,7
2023,10713451,3003826632,0388,6
2023,10713451,3003826632,0390,7
2023,10713451,3003826632,0391,0
2023,10815375,3003826632,CV0004,8
2023,10815375,3003826632,0387,8
2023,12472350,3003826625,CV0003,4
2023,12472350,3003826625,0173,0
2023,10664986,3003826625,0171,7
2023,10664986,3003826625,0171,7
2023,10664986,3003826625,0172,3
2023,10664986,3003826625,0172,7
2023,10664986,3003826625,0389,6
2023,10277303,3003826625,CV0003,5
2023,10277303,3003826625,0172,6
2023,10700990,3003826625,0179,4
2023,10700990,3003826625,0172,0
2023,11632133,3003826625,0172,8
2023,10690446,3003826625,CV0003,6
2023,10690446,3003826625,0179,7
2023,10696634,3003826625,0179,9
2023,10696634,3003826625,0171,9
2023,10696634,3003826625,0383,9
2023,10696634,3003826625,0384,7
2023,10696634,3003826625,0172,9
2023,10696634,3003826625,0173,10
2023,10696634,3003826625,0173,9
2023,10512569,3003826625,0384,4
2023,10512569,3003826625,0172,0
2023,12058330,3003826625,0179,5
2023,12058330,3003826625,0383,8
2023,12058330,3003826625,0389,7
2023,10486936,3003826625,CV0003,7
2023,10486936,3003826625,0383,8
2023,10742990,3003826625,0179,10
2023,10742990,3003826625,0171,8
2023,10742990,3003826625,0383,9
2023,10742990,3003826625,0389,7
2023,10707825,3003826625,CV0003,5
2023,10707825,3003826625,0383,4
2023,10610383,3003826625,CV0003,6
2023,10610383,3003826625,0383,8
2023,10610383,3003826625,0383,7
2023,10610383,3003826625,0384,5
2023,10780758,3003826625,0173,9
2023,13332666,3003826625,0171,0
2023,13332666,3003826625,0383,6
2023,13332666,3003826625,0384,0
2023,13332666,3003826625,0389,5
2023,10706115,3003822344,CV0002,7
2023,10707734,3003822344,1230,4
2023,10707734,3003822344,1234,4
2023,10707734,3003822344,1235,5
2023,10714134,3003822344,1234,5
2023,10799147,3003822344,1235,6
2023,10770425,3003822344,1228,5
2023,10770425,3003822344,1235,5
2023,10787523,3003822344,1228,9
2023,10836565,3003822344,1234,4
2023,12736451,3003822344,1237,0
2023,10485831,3003822344,CV0002,9
2023,10485831,3003822344,1228,7
2023,10641026,3003822344,1227,5
2023,10641026,3003822344,1230,4
2023,10641026,3003822344,1237,0
2023,10646180,3003822344,1227,5
2023,10646180,3003822344,1234,4
2023,10646180,3003822344,1235,5
2023,10689201,3003822344,1235,6
2023,10787491,3003822344,1227,7
2023,10787504,3003822344,1237,0
2023,10780823,3003822344,1227,6
2023,10780823,3003822344,1228,7
2023,10780823,3003822344,1228,7
2023,10766479,3003822344,CV0002,9
2023,10835701,3003822344,1227,3
2023,11744037,3003822344,1237,0
2023,11780595,3003822344,CV0002,4
2023,11780595,3003822344,1230,7
2023,11780595,3003822344,1237,0
2023,11520867,3003822344,CV0002,4
2023,10800025,3003822344,CV0002,9
2023,10800025,3003822344,CV0002,8
2023,10813126,3003822344,1227,8
2023,10679722,3003822344,CV0002,4
2023,10679722,3003822344,CV0002,6
2023,10742994,3003822344,1228,9
2023,10742994,3003822344,1228,8
2023,10766414,3003822344,1227,6
2023,10766414,3003822344,1230,8
2023,10766414,3003822344,1234,6
2023,10766414,3003822344,1235,6
2023,10895114,3003822337,CV0001,6
2023,10895114,3003822337,0156,7
2023,10895114,3003822337,1232,8
2023,10895114,3003822337,1232,7
2023,12907793,3003822337,0156,6
2023,12907793,3003822337,0156,8
2023,12907793,3003822337,1226,8
2023,12907793,3003822337,1229,9
2023,12907793,3003822337,1231,9
2023,12907793,3003822337,1233,9
2023,10766806,3003822337,0156,7
2023,10766806,3003822337,1231,9
2023,10909605,3003822337,CV0001,8
2023,10909605,3003822337,1231,7
2023,10909605,3003822337,1232,8
2023,10909605,3003822337,1232,7
2023,11336367,3003822337,1236,6
2023,10688314,3003822337,1226,0
2023,10688314,3003822337,1232,0
2023,10761942,3003822337,1226,9
2023,10761942,3003822337,1226,9
2023,10761942,3003822337,1231,8
2023,10761942,3003822337,1236,7
2023,10932819,3003822337,CV0001,7
2023,10932819,3003822337,1232,7
2023,10889204,3003822337,1229,6
2023,10889204,3003822337,1232,7
2023,10762386,3003822337,1233,9
2023,10920099,3003822337,0156,10
2023,10920099,3003822337,0156,9
2023,10920099,3003822337,1226,7
2023,10920099,3003822337,1229,7
2023,10920099,3003822337,1229,7
2023,10920099,3003822337,1231,8
2023,10897205,3003822337,CV0001,7
2023,10897205,3003822337,1231,7
2023,10897205,3003822337,1233,8
2023,10897205,3003822337,1236,6
2023,10897205,3003822337,1236,6
2023,11667242,3003822337,CV0001,9
2023,11667242,3003822337,1226,9
2023,11667242,3003822337,1226,9
2023,11667242,3003822337,1229,7
2023,11667242,3003822337,1229,9
2023,11667242,3003822337,1231,8
2023,11667242,3003822337,1233,9
2023,11667242,3003822337,1233,8
2023,11667242,3003822337,1236,10
2023,10805487,3003822337,CV0001,8
2023,10805487,3003822337,0156,9
2023,10805487,3003822337,1226,7
2023,12695609,3003822337,1226,0
2023,12695609,3003822337,1229,0
2023,12695609,3003822337,1231,0
2023,12695609,3003822337,1231,0
2023,12695609,3003822337,1232,0
2023,12695609,3003822337,1236,0
2023,12695609,3003822337,1236,0
2023,12695609,3003822337,1236,0
2023,10858044,3003822337,1232,6
2023,10858044,3003822337,1233,6
2023,11744036,3003822337,1226,9
2023,11744036,3003822337,1231,8
2023,11744036,3003822337,1236,8
2023,11744036,3003822337,1236,8
2023,12932662,3003822337,1232,8
2023,13112701,3003822337,1231,7
2023,13112701,3003822337,1231,7
2023,13112701,3003822337,1232,8
2023,10852104,3003822337,1229,4
2023,10887844,3003822337,CV0001,8
2023,10887844,3003822337,1226,4
2023,10887844,3003822337,1226,5
2023,10887844,3003822337,1231,5
2023,10887844,3003822337,1231,6
2023,10851064,3003822337,1236,7
2023,10776722,3003822337,CV0001,5
2023,10776722,3003822337,CV0001,5
2023,10776722,3003822337,1226,2
2023,10776722,3003822337,1229,5
2023,10791133,3003822337,1229,6
2023,10791133,3003822337,1236,7
2023,10277738,3003822449,CV0003,0
2023,10277738,3003822449,0930,0
2023,10277738,3003822449,1010,0
2023,10277738,3003822449,1014,0
2023,10736212,3003822449,0179,10
2023,10736212,3003822449,0931,0
2023,10318774,3003822449,0930,6
2023,10466022,3003822449,0623,7
2023,10466022,3003822449,0930,6
2023,10689153,3003822449,CV0003,7
2023,10689153,3003822449,0179,8
2023,10689153,3003822449,0931,4
2023,12719809,3003822449,0931,7
2023,10737190,3003822449,0623,8
2023,10737190,3003822449,0623,9
2023,10737190,3003822449,0930,8
2023,10278035,3003822449,CV0003,8
2023,10278035,3003822449,0179,8
2023,10278035,3003822449,0623,7
2023,10278035,3003822449,0930,8
2023,10278035,3003822449,0931,8
2023,12424432,3003822449,CV0003,10
2023,12424432,3003822449,0931,9
2023,12424432,3003822449,0931,9
2023,12424432,3003822449,1014,8
2023,10411578,3003822449,CV0003,0
2023,10411578,3003822449,0179,0
2023,10411578,3003822449,0930,0
2023,11502177,3003822449,1010,7
2023,11502177,3003822449,1014,4
2023,10398706,3003822449,CV0003,0
2023,10320697,3003822449,0930,6
2023,10320697,3003822449,0931,8
2023,13261750,3003822449,0930,7
2023,13261750,3003822449,0931,6
2023,10604170,3003822449,0930,0
2023,10242636,3003822449,0930,7
2023,10718081,3003822449,0623,3
2023,10718081,3003822449,0930,4
2023,13242371,3003822449,0179,0
2023,13242371,3003822449,1010,0
2023,13242371,3003822449,1014,0
2023,13243061,3003822449,0623,6
2023,13243061,3003822449,0930,9
2023,13243061,3003822449,1014,7
2023,13261894,3003822449,0179,0
2023,13261894,3003822449,0623,0
2023,13261894,3003822449,0930,0
2023,13261894,3003822449,0931,0
2023,13261894,3003822449,1010,0
2023,13261894,3003822449,1014,0
2023,10826692,3003822449,0930,7
2023,10795882,3003822449,CV0003,9
2023,10795882,3003822449,0179,0
2023,10795882,3003822449,0623,7
2023,10795882,3003822449,0931,7
2023,10795882,3003822449,1010,8
2023,10833265,3003822449,0931,8
2023,10584902,3003822449,0179,7
2023,10584902,3003822449,0931,6
2023,10584902,3003822449,1010,7
2023,10584902,3003822449,1010,7
2023,13249466,3003822449,1010,8
2023,11330270,3003822449,0179,0
2023,11330270,3003822449,1014,0
2023,11330270,3003822449,1014,0
2023,10426520,3003822449,0931,8
2023,10426520,3003822449,1010,7
2023,10434495,3003822449,0623,0
2023,10354121,3003822449,0623,0
2023,10354121,3003822449,0931,0
2023,10354121,3003822449,1014,0
2023,10852071,3003822449,0179,9
2023,10852071,3003822449,0623,7
2023,10852071,3003822449,1010,7
2023,10432949,3003822449,0930,8
2023,10432949,3003822449,1010,8
2023,10506770,3003822449,CV0003,0
2023,10506770,3003822449,0931,0
2023,10506770,3003822449,1010,0
2023,10404684,3003822449,1010,3
2023,10270640,3003822449,CV0003,6
2023,10270640,3003822449,0623,6
2023,10270640,3003822449,0931,6
2023,10270640,3003822449,1014,0
2023,10718886,3003822449,0931,6
2023,10718886,3003822449,1010,7
2023,12857786,3003822449,0623,4
2023,12857786,3003822449,0930,6
2023,12857786,3003822449,1014,2
2023,10723795,3003822449,1014,8
2023,10816484,3003822449,CV0003,7
2023,10816484,3003822449,0931,7
2023,10707845,3003822449,CV0003,7
2023,10707845,3003822449,0931,8
2023,13242370,3003822449,0623,9
2023,10375121,3003822449,CV0003,0
2023,10375121,3003822449,0179,0
2023,10375121,3003822449,0931,5
2023,13242369,3003822449,CV0003,4
2023,13242369,3003822449,0179,0
2023,13242369,3003822449,0623,3
2023,13242369,3003822449,1010,3
2023,10296770,3003822449,0179,0
2023,10296770,3003822449,1010,3
2023,10664778,3003822449,1010,7
2023,10820754,3003822449,0931,9
2023,10820754,3003822449,0931,8
2023,10820754,3003822449,1010,8
2023,10820754,3003822449,1014,8
2023,10820754,3003822449,1014,8
2023,13282254,3003822449,0623,8
2023,12480365,3003822449,0623,0
2023,12480365,3003822449,0931,0
2023,11244122,3003822449,1010,0
2023,10431067,3003822449,0930,4
2023,10690358,3003822449,0179,4
2023,10690358,3003822449,1010,7
2023,13326344,3003822449,CV0003,0
2023,13326344,3003822449,0179,0
2023,13326344,3003822449,0930,0
2023,10698475,3003822449,CV0003,4
2023,10698475,3003822449,0931,7
2023,10698475,3003822449,1010,7
2023,10017290,3003822456,1109,10
2023,13040521,3003822456,1109,7
2023,10700384,3003822456,1012,8
2023,10244882,3003822456,1008,3
2023,10594447,3003822456,CV0004,9
2023,13040510,3003822456,1109,6
2023,10688987,3003822456,1011,9
2023,10688987,3003822456,1110,9
2023,10382660,3003822456,1007,6
2023,10211605,3003822456,CV0004,7
2023,10211605,3003822456,1110,9
2023,13040787,3003822456,1007,8
2023,13040787,3003822456,1109,8
2023,13040787,3003822456,1110,9
2023,13240343,3003822456,1007,8
2023,11074562,3003822456,1009,3
2023,10281379,3003822456,1011,8
2023,10427710,3003822456,1008,9
2023,10427710,3003822456,1012,8
2023,10468190,3003822456,1008,8
2023,10468190,3003822456,1012,9
2023,10017272,3003822456,CV0004,8
2023,10017272,3003822456,1008,7
2023,10017272,3003822456,1110,9
2023,10636290,3003822456,1007,6
2023,10636290,3003822456,1008,4
2023,10636290,3003822456,1008,3
2023,10636290,3003822456,1009,6
2023,10636290,3003822456,1012,6
2023,10420734,3003822456,1007,9
2023,10420734,3003822456,1008,9
2023,10420734,3003822456,1008,9
2023,10420734,3003822456,1012,8
2023,10256577,3003822456,1007,7
2023,10256577,3003822456,1011,6
2023,10279200,3003822456,1110,9
2023,10338918,3003822456,1009,8
2023,10344807,3003822456,1008,9
2023,10344807,3003822456,1110,10
2023,10377143,3003822456,CV0004,8
2023,10375529,3003822456,CV0004,9
2023,10375529,3003822456,1008,7
2023,10414797,3003822456,CV0004,8
2023,10414797,3003822456,1008,7
2023,10414557,3003822456,1009,8
2023,10679644,3003822456,1008,7
2023,10700954,3003822456,1007,8
2023,10700954,3003822456,1009,7
2023,10700954,3003822456,1110,9
2023,10734337,3003822456,CV0004,9
2023,10734337,3003822456,1109,7
2023,10734337,3003822456,1110,9
2023,10835663,3003822456,1109,10
2023,10835663,3003822456,1109,10
2023,10835663,3003822456,1110,10
2023,10839854,3003822456,1008,4
2023,10850813,3003822456,1011,7
2023,11329660,3003822456,1008,8
2023,11329660,3003822456,1008,7
2023,11329660,3003822456,1009,7
2023,11329660,3003822456,1009,7
2023,11329660,3003822456,1011,7
2023,11329660,3003822456,1109,8
2023,11329660,3003822456,1109,8
2023,11512394,3003822456,1011,4
2023,11645686,3003822456,CV0004,8
2023,11645686,3003822456,1007,9
2023,11830264,3003822456,CV0004,8
2023,11830264,3003822456,CV0004,9
2023,11830264,3003822456,1008,7
2023,11830264,3003822456,1009,8
2023,11830264,3003822456,1011,8
2023,12743886,3003822456,1109,7
2023,10320146,3003822456,1008,5
2023,10320146,3003822456,1011,7
2023,10255058,3003822456,1110,0
2023,10354186,3003822456,1007,10
2023,10354186,3003822456,1012,10
2023,10786442,3003822456,1009,7
2023,10322908,3003822456,1009,7
2023,10322908,3003822456,1011,8
2023,10349083,3003822456,1109,7
2023,10349083,3003822456,1012,4
2023,10349083,3003822456,1012,5
2023,10837518,3003822456,1110,9
2023,10282698,3003822456,1008,4
2023,10282698,3003822456,1009,6
2023,10282698,3003822456,1011,8
2023,10282698,3003822456,1110,10
2023,10313709,3003822456,CV0004,0
2023,10313709,3003822456,1109,0
2023,10313709,3003822456,1110,0
2023,10689289,3003822456,1110,9
2023,10378770,3003822456,CV0004,7
2023,10378770,3003822456,1011,6
2023,13040829,3003822456,1009,6
2023,11398648,3003822456,CV0004,9
2023,11398648,3003822456,1007,10
2023,10433643,3003822456,CV0004,0
2023,10339317,3003822456,1009,6
2023,10339317,3003822456,1110,8
2023,10339317,3003822456,1012,8
2023,10792522,3003822456,1110,8
2023,12636671,3003822456,1009,2
2023,12636671,3003822456,1011,7
2023,12636671,3003822456,1109,6
2023,12636671,3003822456,1110,9
2023,11494374,3003822456,1012,8
2023,10303629,3003822456,1007,8
2023,10303629,3003822456,1109,8
2023,10303629,3003822456,1110,8
2023,10713535,3003822414,0622,9
2023,10713535,3003822414,0623,8
2023,10700138,3003822414,CV0003,7
2023,10700138,3003822414,0625,10
2023,10700138,3003822414,CV0009,9
2023,10323951,3003822414,CV0003,7
2023,10323951,3003822414,0179,7
2023,10323951,3003822414,0625,9
2023,10323951,3003822414,0627,7
2023,10819112,3003822414,0179,0
2023,10819112,3003822414,0829,5
2023,11074029,3003822414,CV0003,8
2023,11074029,3003822414,0623,9
2023,10729579,3003822414,0622,10
2023,10729579,3003822414,CV0008,10
2023,10748318,3003822414,0625,9
2023,10839333,3003822414,CV0003,4
2023,10839333,3003822414,CV0003,5
2023,10804683,3003822414,0622,9
2023,10804683,3003822414,0625,8
2023,10804683,3003822414,0625,10
2023,10804683,3003822414,0623,8
2023,10804683,3003822414,0627,8
2023,10770133,3003822414,0179,8
2023,10770133,3003822414,0627,6
2023,11059622,3003822414,0622,0
2023,11059622,3003822414,0625,0
2023,11059622,3003822414,0627,0
2023,10397145,3003822414,0179,4
2023,10397145,3003822414,0179,7
2023,10397145,3003822414,0622,10
2023,10397145,3003822414,CV0008,10
2023,10706042,3003822414,0625,9
2023,10706042,3003822414,CV0008,10
2023,10808796,3003822414,CV0009,6
2023,13288446,3003822414,CV0008,10
2023,13288446,3003822414,CV0008,10
2023,13288467,3003822414,0179,3
2023,13288467,3003822414,0622,9
2023,13288467,3003822414,0622,9
2023,13288467,3003822414,0623,8
2023,13288467,3003822414,0627,7
2023,10819055,3003822414,0622,9
2023,10819055,3003822414,0829,8
2023,10819055,3003822414,CV0009,6
2023,10308372,3003822414,0622,0
2023,10308372,3003822414,0627,0
2023,10308372,3003822414,CV0008,0
2023,13291004,3003822414,0622,0
2023,13293379,3003822414,CV0003,10
2023,13293379,3003822414,0622,8
2023,13293379,3003822414,0627,9
2023,13297778,3003822414,CV0003,3
2023,13297778,3003822414,0623,2
2023,13297778,3003822414,0627,3
2023,10745922,3003822407,0825,7
2023,10745922,3003822407,0823,7
2023,12066525,3003822407,0824,9
2023,12066525,3003822407,0830,0
2023,10014058,3003822407,0825,4
2023,10014058,3003822407,0822,7
2023,10014058,3003822407,0826,4
2023,10022321,3003822407,CV0004,7
2023,10022321,3003822407,0825,5
2023,10022321,3003822407,0827,6
2023,10014058,3003822407,0828,3
2023,11205447,3003822407,0825,4
2023,11205447,3003822407,0823,5
2023,11205447,3003822407,0824,6
2023,11205447,3003822407,0826,6
2023,10485798,3003822407,0823,7
2023,10485798,3003822407,0822,7
2023,10706084,3003822407,0825,6
2023,10706084,3003822407,0828,6
2023,10017341,3003822407,0827,7
2023,10513334,3003822407,0828,6
2023,13054156,3003822407,0825,10
2023,13054156,3003822407,0827,9
2023,10657675,3003822407,CV0004,7
2023,10657675,3003822407,0826,6
2023,10870759,3003822407,0822,6
2023,10870759,3003822407,0824,6
2023,10515930,3003822407,0824,7
2023,10515930,3003822407,0830,0
2023,10515930,3003822407,0826,6
2023,10515930,3003822407,CV0010,0
2023,10499298,3003822872,243265,4
2023,10499298,3003822872,243267,4
2023,10723900,3003822872,243264,9
2023,10266898,3003822872,243267,0
2023,10510771,3003822872,243265,9
2023,10610021,3003822872,243265,8
2023,10689283,3003822872,243265,9
2023,10689283,3003822872,243267,7
2023,10697594,3003822872,243267,4
2023,10242875,3003822872,243264,8
2023,10242875,3003822872,243264,8
2023,10850218,3003822872,243265,3
2023,10850218,3003822872,243265,7
2023,10850218,3003822872,243264,4
2023,10697823,3003822872,243265,8
2023,10697823,3003822872,243266,7
2023,10862844,3003822872,243265,9
2023,10706060,3003822872,243264,7
2023,13285058,3003822872,243267,0
2023,13285058,3003822872,243267,0
2023,10697613,3003822872,243266,8
2023,10711820,3003822872,243267,6
2023,10711820,3003822872,243267,7
2023,10515204,3003822872,243265,5
2023,10515204,3003822872,243267,4
2023,10515204,3003822872,243266,4
2023,10515204,3003822872,243264,6
2023,10645661,3003822872,243266,8
2023,10709718,3003822872,243265,6
2023,10709718,3003822872,243264,8
2023,10689702,3003822872,243265,8
2023,10689702,3003822872,243264,7
2023,10772056,3003822872,243265,5
2023,10714036,3003822872,243265,4
2023,10714036,3003822872,243265,8
2023,10817599,3003822879,243602,9
2023,10817599,3003822879,243604,8
2023,10817599,3003822879,243271,9
2023,10315233,3003822879,243601,0
2023,10315233,3003822879,243271,9
2023,10329155,3003822879,243602,9
2023,10329155,3003822879,243604,6
2023,10329155,3003822879,243604,7
2023,10329155,3003822879,243271,8
2023,10514849,3003822879,243602,7
2023,10514849,3003822879,243604,4
2023,10364934,3003822879,243270,7
2023,10378335,3003822879,243604,9
2023,10394874,3003822879,243602,9
2023,10518216,3003822879,243602,9
2023,10518216,3003822879,243601,0
2023,10518216,3003822879,243604,9
2023,10439782,3003822879,243601,0
2023,10439782,3003822879,243270,7
2023,10439782,3003822879,243270,7
2023,10711901,3003822879,243270,8
2023,10729178,3003822879,243271,9
2023,10745527,3003822879,243271,8
2023,10745527,3003822879,243271,9
2023,10786598,3003822879,243602,9
2023,10786598,3003822879,243271,9
2023,10786598,3003822879,243271,9
2023,11348992,3003822879,243271,9
2023,11501644,3003822879,243604,6
2023,11702324,3003822879,243602,8
2023,11744370,3003822879,243602,9
2023,11770012,3003822879,243271,10
2023,13038288,3003822879,243604,9
2023,13038288,3003822879,243270,9
2023,13038380,3003822879,243602,9
2023,13038380,3003822879,243270,8
2023,13038386,3003822879,243604,7
2023,10364565,3003822879,243604,6
2023,10364565,3003822879,243271,5
2023,10916753,3003827233,0438,8
2023,10916753,3003827233,0438,7
2023,10916753,3003827233,0156,9
2023,10840996,3003827233,0437,8
2023,10840996,3003827233,0449,7
2023,12731696,3003827233,0437,8
2023,12731696,3003827233,0438,5
2023,13116617,3003827233,0437,7
2023,13116617,3003827233,0156,6
2023,10926432,3003827233,CV0001,8
2023,10416752,3003827233,0438,7
2023,12839405,3003827233,CV0001,6
2023,12839405,3003827233,0437,8
2023,12839405,3003827233,0449,7
2023,12839405,3003827233,0441,7
2023,12839405,3003827233,0438,7
2023,10308441,3003827233,CV0001,6
2023,10308441,3003827233,0441,3
2023,10308441,3003827233,0441,0
2023,10991644,3003827233,CV0001,8
2023,10991644,3003827233,0438,7
2023,10991644,3003827233,0438,7
2023,10888026,3003827233,0439,6
2023,11802825,3003827233,0449,5
2023,11802825,3003827233,0441,8
2023,11802825,3003827233,0438,7
2023,12788547,3003827233,0437,7
2023,12788547,3003827233,0437,7
2023,12788547,3003827233,0449,9
2023,12788547,3003827233,0441,9
2023,13101838,3003827233,0440,10
2023,10737176,3003827233,CV0001,9
2023,10737176,3003827233,CV0001,9
2023,10737176,3003827233,0449,9
2023,10737176,3003827233,0449,9
2023,10737176,3003827233,0438,10
2023,10737176,3003827233,0440,9
2023,12561461,3003827233,0439,0
2023,12561461,3003827233,0156,0
2023,12561461,3003827233,0156,0
2023,10887591,3003827233,0437,7
2023,10887591,3003827233,0449,7
2023,10887591,3003827233,0441,9
2023,10887591,3003827233,0438,10
2023,10899530,3003827233,CV0001,10
2023,10899530,3003827233,0437,7
2023,10899530,3003827233,0449,5
2023,10899530,3003827233,0449,6
2023,11248561,3003827233,0441,3
2023,11402624,3003827233,0439,9
2023,11402624,3003827233,0440,10
2023,11349452,3003827233,0439,8
2023,11349452,3003827233,0440,10
2023,11349452,3003827233,0440,10
2023,13263652,3003827233,0437,0
2023,13263652,3003827233,0437,0
2023,13263652,3003827233,0449,0
2023,13263652,3003827233,0441,0
2023,13263652,3003827233,0439,0
2023,10793477,3003827233,CV0001,8
2023,10793477,3003827233,0441,6
2023,10793477,3003827233,0438,8
2023,10793477,3003827233,0440,6
2023,10793462,3003827233,0441,7
2023,10925424,3003827233,0437,7
2023,10925424,3003827233,0449,7
2023,10925424,3003827233,0441,8
2023,10925424,3003827233,0438,9
2023,12832437,3003827233,0449,6
2023,12832437,3003827233,0438,5
2023,12832437,3003827233,0156,3
2023,10302214,3003827233,0449,0
2023,10302214,3003827233,0439,6
2023,10302214,3003827233,0439,0
2023,10302214,3003827233,0438,5
2023,10302214,3003827233,0438,0
2023,12424801,3003827233,0437,8
2023,10805007,3003827233,0449,0
2023,10805007,3003827233,0439,3
2023,13263684,3003827233,0437,9
2023,13263684,3003827233,0156,7
2023,10942424,3003827233,0437,0
2023,10942424,3003827233,0441,0
2023,10942424,3003827233,0441,0
2023,10942424,3003827233,0439,0
2023,10942424,3003827233,0439,0
2023,10942424,3003827233,0438,0
2023,10942424,3003827233,0438,0
2023,11068958,3003827233,CV0001,0
2023,11068958,3003827233,0441,0
2023,11068958,3003827233,0438,0
2023,11068958,3003827233,0440,0
2023,11068958,3003827233,0156,0
2023,10688886,3003827233,CV0001,6
2023,10431853,3003827233,CV0001,6
2023,10431853,3003827233,0438,9
2023,13249406,3003827233,0449,4
2023,10325396,3003827233,0437,8
2023,10325396,3003827233,0437,9
2023,10325396,3003827233,0441,8
2023,10325396,3003827233,0156,7
2023,11780432,3003827233,0441,8
2023,11780432,3003827233,0441,6
2023,11998646,3003827233,0438,0
2023,11998646,3003827233,0156,0
2023,10924358,3003827233,CV0001,4
2023,10924358,3003827233,0438,5
2023,12890835,3003827233,0437,6
2023,12890835,3003827233,0449,5
2023,12890835,3003827233,0438,9
2023,12853739,3003827233,0437,8
2023,12853739,3003827233,0440,8
2023,10453160,3003827233,0449,0
2023,10453160,3003827233,0439,0
2023,10453160,3003827233,0439,0
2023,10453160,3003827233,0438,0
2023,10453160,3003827233,0440,0
2023,10453160,3003827233,0440,0
2023,12116573,3003827233,CV0001,9
2023,12116573,3003827233,0437,9
2023,12116573,3003827233,0449,8
2023,12116573,3003827233,0440,10
2023,12116573,3003827233,0156,9
2023,12736231,3003827233,CV0001,4
2023,12736231,3003827233,CV0001,0
2023,12736231,3003827233,CV0001,0
2023,12736231,3003827233,0437,8
2023,12736231,3003827233,0441,8
2023,10787713,3003827233,0441,7
2023,10787713,3003827233,0439,7
2023,10787713,3003827233,0440,9
2023,10857947,3003827233,CV0001,8
2023,10857947,3003827233,0439,6
2023,11738860,3003827233,0437,8
2023,11738860,3003827233,0441,6
2023,10707891,3003827233,CV0001,7
2023,10707891,3003827233,0437,5
2023,10707891,3003827233,0438,4
2023,11240615,3003827233,CV0001,6
2023,11240615,3003827233,0449,6
2023,11240615,3003827233,0441,4
2023,11240615,3003827233,0439,9
2023,11240615,3003827233,0440,9
2023,10657315,3003827233,0156,9
2023,10940185,3003827233,0449,7
2023,10798521,3003827233,0449,7
2023,12402217,3003827233,0439,0
2023,11504482,3003827233,0449,0
2023,11504482,3003827233,0441,0
2023,10728710,3003827233,CV0001,7
2023,10728710,3003827233,0449,3
2023,10728710,3003827233,0441,0
2023,10728710,3003827233,0156,7
2023,10268408,3003827233,0441,0
2023,10268408,3003827233,0156,0
2023,12380827,3003827233,0439,7
2023,12380827,3003827233,0156,5
2023,10932086,3003827233,0437,2
2023,10932086,3003827233,0449,2
2023,10932086,3003827233,0441,0
2023,10932086,3003827233,0439,0
2023,10932086,3003827233,0156,4
2023,11480547,3003827233,0438,0
2023,10707679,3003827240,CV0002,8
2023,12623647,3003827240,0446,6
2023,10314841,3003827240,0446,0
2023,10314841,3003827240,0442,0
2023,10314841,3003827240,0442,0
2023,13040607,3003827240,0446,9
2023,13040607,3003827240,0443,8
2023,13040607,3003827240,0443,8
2023,12485328,3003827240,0448,4
2023,11010026,3003827240,CV0002,4
2023,11010026,3003827240,0443,0
2023,11010026,3003827240,0442,5
2023,11010026,3003827240,0451,0
2023,10509186,3003827240,0443,8
2023,10832154,3003827240,0448,5
2023,10906957,3003827240,0448,7
2023,11576165,3003827240,0443,6
2023,13035100,3003827240,CV0002,6
2023,13035100,3003827240,0443,6
2023,11569044,3003827240,0443,0
2023,13041457,3003827240,CV0002,0
2023,13041457,3003827240,0442,0
2023,11502410,3003827240,0448,0
2023,11567443,3003827240,0446,6
2023,11567443,3003827240,0451,0
2023,12096343,3003827240,CV0002,4
2023,12096343,3003827240,0443,4
2023,10451024,3003827240,0446,9
2023,10451024,3003827240,0446,9
2023,10174516,3003827240,CV0002,8
2023,11350133,3003827240,CV0002,0
2023,11350133,3003827240,0446,0
2023,10244048,3003827240,0448,6
2023,11236365,3003827240,0446,0
2023,11236365,3003827240,0446,0
2023,11241112,3003827240,0443,8
2023,10248785,3003827240,0442,2
2023,10248785,3003827240,0448,0
2023,10357636,3003827240,0443,6
2023,11479322,3003827240,0446,6
2023,10411560,3003827240,0446,8
2023,13035058,3003827240,0442,9
2023,13035058,3003827240,0451,0
2023,11325287,3003827240,0446,9
2023,11325287,3003827240,0448,7
2023,10017455,3003827240,0446,10
2023,10017455,3003827240,0443,8
2023,10742998,3003827240,CV0002,8
2023,10742998,3003827240,0443,10
2023,10742998,3003827240,0442,10
2023,10645465,3003827240,0446,6
2023,10645465,3003827240,0443,4
2023,10698482,3003827240,0446,7
2023,10698482,3003827240,0443,1
2023,10698482,3003827240,0442,7
2023,10805222,3003827240,0443,3
2023,10852107,3003827240,0442,6
2023,10852107,3003827240,0442,6
2023,11664368,3003827240,0446,6
2023,12287443,3003827240,0443,3
2023,12287443,3003827240,0448,6
2023,13035179,3003827240,0443,5
2023,13035179,3003827240,0442,7
2023,13263612,3003827240,0442,7
2023,13263612,3003827240,0442,7
2023,11177748,3003827240,0442,7
2023,10707732,3003827324,0651,5
2023,10707732,3003827324,0650,6
2023,10707732,3003827324,0648,5
2023,10679661,3003827324,CV0003,7
2023,10679661,3003827324,0648,5
2023,10354855,3003827324,0651,10
2023,10354855,3003827324,0649,10
2023,10354855,3003827324,0647,8
2023,10321979,3003827324,0651,0
2023,10321979,3003827324,0648,0
2023,10437711,3003827324,0649,10
2023,13245586,3003827324,CV0003,9
2023,13245586,3003827324,0651,9
2023,13245586,3003827324,0649,8
2023,13245586,3003827324,0647,9
2023,11875204,3003827324,0650,7
2023,11875204,3003827324,0647,8
2023,13248595,3003827324,0648,7
2023,10419461,3003827324,0651,0
2023,10419461,3003827324,0648,0
2023,10419461,3003827324,0649,0
2023,10419461,3003827324,0647,0
2023,12737880,3003827324,0179,9
2023,13248215,3003827324,CV0003,4
2023,13248215,3003827324,0179,4
2023,13248215,3003827324,0651,6
2023,13248215,3003827324,0658,6
2023,11262097,3003827324,CV0003,10
2023,11825237,3003827324,0179,8
2023,11825237,3003827324,0648,4
2023,11825237,3003827324,0649,6
2023,10454503,3003827324,0658,7
2023,10454503,3003827324,0658,0
2023,10454503,3003827324,0658,7
2023,10454503,3003827324,0649,8
2023,10454503,3003827324,0647,7
2023,10862522,3003827324,0648,6
2023,10662076,3003827324,0649,0
2023,10980328,3003827324,0179,5
2023,10980328,3003827324,0650,0
2023,10980328,3003827324,0648,0
2023,10980328,3003827324,0649,0
2023,10283680,3003827324,0648,0
2023,11671593,3003827324,CV0003,0
2023,11671593,3003827324,0658,2
2023,11671593,3003827324,0658,0
2023,11671593,3003827324,0650,0
2023,10470524,3003827324,CV0003,0
2023,10470524,3003827324,CV0003,0
2023,10470524,3003827324,0651,7
2023,10470524,3003827324,0658,4
2023,10470524,3003827324,0658,0
2023,10470524,3003827324,0650,0
2023,10470524,3003827324,0648,0
2023,10470524,3003827324,0648,0
2023,12568905,3003827324,0651,6
2023,12568905,3003827324,0649,9
2023,11572297,3003827324,CV0003,8
2023,11572297,3003827324,0658,9
2023,12731205,3003827324,0648,0
2023,12731205,3003827324,0648,4
2023,10735143,3003827324,0651,5
2023,10735143,3003827324,0650,0
2023,10735143,3003827324,0649,7
2023,10735143,3003827324,0649,8
2023,10735143,3003827324,0647,5
2023,10256545,3003827324,CV0003,0
2023,10256545,3003827324,0179,0
2023,10256545,3003827324,0658,0
2023,10835661,3003827324,0651,8
2023,10835661,3003827324,0651,8
2023,10835661,3003827324,0648,6
2023,11335638,3003827324,0179,5
2023,11335638,3003827324,0651,7
2023,11335638,3003827324,0650,6
2023,11335638,3003827324,0647,6
2023,11335638,3003827324,0647,6
2023,10500611,3003827324,CV0003,4
2023,10500611,3003827324,0647,4
2023,10819298,3003827324,0649,7
2023,12840433,3003827324,0179,6
2023,12840433,3003827324,0658,6
2023,12840433,3003827324,0648,7
2023,12567860,3003827324,0651,8
2023,12567860,3003827324,0650,8
2023,10615696,3003827324,CV0003,0
2023,10615696,3003827324,0648,0
2023,10615696,3003827324,0647,0
2023,13282224,3003827324,CV0003,5
2023,13282224,3003827324,0651,8
2023,13282224,3003827324,0648,7
2023,12839144,3003827324,CV0003,7
2023,12839144,3003827324,CV0003,8
2023,12839144,3003827324,0651,7
2023,12839144,3003827324,0658,5
2023,12839144,3003827324,0658,6
2023,12839144,3003827324,0650,4
2023,11170823,3003827324,0649,8
2023,11170823,3003827324,0649,7
2023,11837806,3003827324,CV0003,9
2023,11837806,3003827324,0650,7
2023,10403903,3003827324,0648,0
2023,11144559,3003827324,CV0003,5
2023,11144559,3003827324,0179,5
2023,11144559,3003827324,0650,9
2023,11144559,3003827324,0648,7
2023,11144559,3003827324,0649,4
2023,10679690,3003827324,0179,10
2023,10679690,3003827324,0651,8
2023,10679690,3003827324,0649,6
2023,11057251,3003827324,CV0003,8
2023,11057251,3003827324,CV0003,8
2023,11057251,3003827324,0179,7
2023,11057251,3003827324,0651,8
2023,11057251,3003827324,0658,6
2023,10689191,3003827324,CV0003,7
2023,10689191,3003827324,0648,6
2023,13242358,3003827324,0658,3
2023,13242358,3003827324,0648,0
2023,12584277,3003827324,CV0003,0
2023,12584277,3003827324,CV0003,0
2023,12584277,3003827324,0179,0
2023,12584277,3003827324,0651,5
2023,12584277,3003827324,0647,0
2023,11583817,3003827324,0651,0
2023,11583817,3003827324,0649,0
2023,11583817,3003827324,0647,0
2023,13242362,3003827324,0179,4
2023,13242362,3003827324,0648,3
2023,12736324,3003827324,0651,7
2023,13246215,3003827324,0179,6
2023,13246215,3003827324,0179,8
2023,13246215,3003827324,0651,7
2023,13246215,3003827324,0658,6
2023,13246215,3003827324,0648,6
2023,13246215,3003827324,0647,8
2023,13298754,3003827324,0179,4
2023,13298754,3003827324,0651,4
2023,13320897,3003827324,0648,4
2023,12735122,3003827317,0653,6
2023,10382359,3003827317,0655,7
2023,10382359,3003827317,0652,6
2023,10382359,3003827317,0656,7
2023,10327143,3003827317,0653,0
2023,10327143,3003827317,0653,0
2023,10327143,3003827317,0653,0
2023,10412777,3003827317,0653,7
2023,11885210,3003827317,0654,2
2023,10433556,3003827317,0652,0
2023,10433556,3003827317,0653,0
2023,12815844,3003827317,0657,8
2023,10382359,3003827317,0657,0
2023,11312274,3003827317,0655,0
2023,12734235,3003827317,0656,6
2023,10421574,3003827317,CV0004,7
2023,10421574,3003827317,0652,8
2023,10421574,3003827317,0656,7
2023,10300393,3003827317,0655,0
2023,10300393,3003827317,0654,0
2023,10391035,3003827317,CV0004,5
2023,10391035,3003827317,0657,6
2023,10391035,3003827317,0653,6
2023,10083896,3003827317,CV0004,0
2023,11892673,3003827317,0655,0
2023,11892673,3003827317,0653,0
2023,11838297,3003827317,0653,8
2023,10416763,3003827317,0654,2
2023,13038756,3003827317,0653,0
2023,12400744,3003827317,0654,8
2023,11489632,3003827317,0657,9
2023,11419138,3003827317,0656,7
2023,12095826,3003827317,0652,9
2023,10308888,3003827317,0655,7
2023,10308888,3003827317,0656,8
2023,10743797,3003827317,0660,0
2023,10792497,3003827317,CV0004,8
2023,10792497,3003827317,0652,9
2023,10792497,3003827317,0656,10
2023,10792497,3003827317,0654,8
2023,10792497,3003827317,0654,8
2023,11084757,3003827317,CV0004,6
2023,11084757,3003827317,0653,4
2023,11084757,3003827317,0656,8
2023,10366490,3003827317,0653,9
2023,10706049,3003827317,CV0004,8
2023,10706049,3003827317,0655,9
2023,12739273,3003827317,0652,6
2023,12739273,3003827317,0653,5
2023,12739273,3003827317,0654,2
2023,10711877,3003827317,0655,7
2023,10711877,3003827317,0652,7
2023,10711877,3003827317,0656,7
2023,10832134,3003827317,0656,8
2023,11248528,3003827317,0653,6
2023,11672699,3003827317,0657,6
2023,11672699,3003827317,0653,9
2023,11672699,3003827317,0656,7
2023,12746359,3003827317,0656,10
2023,12746359,3003827317,0654,10
2023,10018398,3003827317,0656,9
2023,10246117,3003827317,0657,8
2023,10246117,3003827317,0652,7
2023,10246117,3003827317,0653,4
2023,10323618,3003827317,CV0004,0
2023,10323618,3003827317,CV0004,0
2023,10323618,3003827317,0653,0
2023,10688217,3003827317,CV0004,9
2023,10688217,3003827317,0653,8
2023,10688217,3003827317,0654,9
2023,10698000,3003827317,0656,9
2023,10705909,3003827317,0652,9
2023,10705909,3003827317,0653,9
2023,10967233,3003827317,0653,8
2023,10967233,3003827317,0654,8
2023,10967233,3003827317,0654,7
2023,10963934,3003827317,0653,6
2023,10963934,3003827317,0656,7
2023,11319435,3003827317,0653,7
2023,10622299,3003827317,0653,0
2023,10622299,3003827317,0656,6
2023,10596940,3003827317,0655,7
2023,10596940,3003827317,0653,9
2023,10596940,3003827317,0654,8
2023,13263531,3003827317,0653,0
2023,11894954,3003827317,0653,4
2023,11894954,3003827317,0653,5
2023,11320679,3003829510,028502,8
2023,11320679,3003829510,028001,7
2023,11320679,3003829510,028501,3
2023,10894547,3003829510,028504,10
2023,10894547,3003829510,028001,8
2023,10894547,3003829510,028001,9
2023,11487403,3003829510,028502,8
2023,11487403,3003829510,028505,7
2023,11487403,3003829510,028501,8
2023,11735453,3003829510,028505,7
2023,10281596,3003829510,028502,10
2023,10593808,3003829510,028502,9
2023,10593808,3003829510,028504,7
2023,10593808,3003829510,028100,10
2023,11055595,3003829510,028502,9
2023,11055595,3003829510,028503,7
2023,11055595,3003829510,028501,8
2023,11234733,3003829510,028502,8
2023,11234733,3003829510,028505,4
2023,10891407,3003829510,028100,7
2023,11830567,3003829510,028505,7
2023,11830567,3003829510,028503,8
2023,11830567,3003829510,028100,9
2023,10927479,3003829510,028502,9
2023,10927479,3003829510,028001,8
2023,10927479,3003829510,028501,8
2023,10927479,3003829510,028501,9
2023,10333869,3003829510,028001,8
2023,10333869,3003829510,028503,10
2023,10786265,3003829510,028505,9
2023,10786265,3003829510,028501,8
2023,10786265,3003829510,028100,10
2023,12459446,3003829510,028505,7
2023,12459446,3003829510,028503,7
2023,12459446,3003829510,028501,0
2023,12459446,3003829510,028100,8
2023,12459446,3003829510,028100,8
2023,12868237,3003829510,028504,8
2023,10420607,3003829510,028502,7
2023,12938752,3003829510,028502,0
2023,12938752,3003829510,028505,8
2023,12938752,3003829510,028505,8
2023,12938752,3003829510,028501,9
2023,12938752,3003829510,028501,9
2023,10884628,3003829510,028001,8
2023,10884628,3003829510,028001,7
2023,10884628,3003829510,028503,8
2023,13281547,3003829510,028100,9
2023,13281547,3003829510,028100,9
2023,13239736,3003829510,028503,4
2023,13239736,3003829510,028501,6
2023,10678956,3003829510,028502,8
2023,10678956,3003829510,028502,8
2023,13263382,3003829510,028504,0
2023,13263382,3003829510,028505,0
2023,13263382,3003829510,028503,0
2023,13263382,3003829510,028501,0
2023,11572959,3003829510,028503,7
2023,10802283,3003829510,028504,7
2023,10802283,3003829510,028503,7
2023,10802283,3003829510,028501,7
2023,12426107,3003829510,028503,9
2023,11495623,3003829510,028100,9
2023,13274066,3003829510,028504,0
2023,10511909,3003829510,028502,0
2023,10511909,3003829510,028504,0
2023,10737199,3003829510,028503,7
2023,10737199,3003829510,028501,7
2023,13240658,3003829510,028505,9
2023,13240658,3003829510,028001,10
2023,13240658,3003829510,028503,9
2023,13240658,3003829510,028503,9
2023,13240658,3003829510,028100,10
2023,13240658,3003829510,028100,8
2023,13105352,3003829510,028504,6
2023,13105352,3003829510,028503,6
2023,13105352,3003829510,028503,6
2023,12569296,3003829510,028505,6
2023,12569296,3003829510,028100,8
2023,12569296,3003829510,028100,10
2023,10436905,3003829510,028504,1
2023,10436905,3003829510,028001,4
2023,10436905,3003829510,028001,5
2023,10436905,3003829510,028503,4
2023,13033829,3003829510,028502,9
2023,13033829,3003829510,028504,8
2023,13033829,3003829510,028001,6
2023,13095162,3003829510,028504,10
2023,13095162,3003829510,028505,10
2023,13095162,3003829510,028001,10
2023,10907341,3003829510,028502,9
2023,10907341,3003829510,028100,10
2023,11485242,3003829510,028502,9
2023,11485242,3003829510,028504,7
2023,11485242,3003829510,028504,8
2023,11485242,3003829510,028505,8
2023,11485242,3003829510,028503,7
2023,11485242,3003829510,028501,8
2023,11485242,3003829510,028100,8
2023,11485242,3003829510,028100,9
2023,11619741,3003829510,028100,9
2023,11619741,3003829510,028100,10
2023,11895957,3003829510,028502,9
2023,11895957,3003829510,028503,6
2023,10244186,3003829510,028503,7
2023,10525708,3003829510,028504,6
2023,10525708,3003829510,028503,7
2023,10525708,3003829510,028501,8
2023,10784833,3003829510,028503,7
2023,10762349,3003829510,028502,4
2023,10762349,3003829510,028502,4
2023,10762349,3003829510,028501,3
2023,11573208,3003829510,028502,0
2023,11573208,3003829510,028505,7
2023,11573208,3003829510,028503,0
2023,10788057,3003829510,028502,7
2023,10788057,3003829510,028505,7
2023,10788057,3003829510,028001,6
2023,10788057,3003829510,028501,7
2023,10788057,3003829510,028100,5
2023,10783722,3003829510,028505,4
2023,10244802,3003829510,028505,7
2023,10244802,3003829510,028503,7
2023,10866566,3003829510,028504,0
2023,10899221,3003829510,028503,8
2023,10899221,3003829510,028501,8
2023,10323990,3003829510,028001,9
2023,10323990,3003829510,028503,10
2023,10323990,3003829510,028501,10
2023,10323990,3003829510,028100,10
2023,13245317,3003829510,028505,8
2023,11903090,3003829510,028505,9
2023,11903090,3003829510,028505,9
2023,11903090,3003829510,028100,10
2023,11407450,3003829510,028505,8
2023,11407450,3003829510,028505,7
2023,11407450,3003829510,028001,8
2023,11407450,3003829510,028503,6
2023,11407450,3003829510,028501,7
2023,12695436,3003829510,028504,8
2023,12695436,3003829510,028001,8
2023,12695436,3003829510,028501,10
2023,10027392,3003829510,028502,0
2023,10027392,3003829510,028505,0
2023,10027392,3003829510,028501,1
2023,10630162,3003829510,028503,0
2023,12738447,3003829510,028504,2
2023,12738447,3003829510,028501,0
2023,12738447,3003829510,028100,3
2023,11549816,3003829510,028502,9
2023,11549816,3003829510,028503,8
2023,12873247,3003829510,028504,7
2023,12873247,3003829510,028503,9
2023,12873247,3003829510,028503,8
2023,10476696,3003829510,028503,7
2023,10476696,3003829510,028503,7
2023,10380752,3003829510,028100,10
2023,10380752,3003829510,028100,10
2023,10823864,3003829510,028503,7
2023,10823864,3003829510,028501,0
2023,10905442,3003829510,028502,8
2023,10905442,3003829510,028100,6
2023,13246090,3003829510,028100,9
2023,10893181,3003829510,028505,8
2023,10893181,3003829510,028503,8
2023,10893181,3003829510,028501,9
2023,10893181,3003829510,028501,9
2023,10893181,3003829510,028100,7
2023,13053163,3003829510,028504,0
2023,13281688,3003829510,028502,8
2023,13281688,3003829510,028505,7
2023,13281688,3003829510,028505,7
2023,13281688,3003829510,028100,9
2023,13281688,3003829510,028100,9
2023,10808367,3003829510,028502,7
2023,10808367,3003829510,028504,7
2023,10808367,3003829510,028503,4
2023,10808367,3003829510,028503,7
2023,11318786,3003829510,028504,7
2023,11318786,3003829510,028001,0
2023,11318786,3003829510,028001,6
2023,11318786,3003829510,028001,6
2023,11318786,3003829510,028503,4
2023,11318786,3003829510,028501,6
2023,11261849,3003829510,028502,7
2023,11261849,3003829510,028001,7
2023,11261849,3003829510,028501,5
2023,11261849,3003829510,028501,7
2023,13034194,3003829510,028502,10
2023,13034194,3003829510,028503,9
2023,12739113,3003829510,028503,7
2023,12739113,3003829510,028501,0
2023,12739113,3003829510,028501,6
2023,12739113,3003829510,028100,9
2023,10615480,3003829510,028502,0
2023,10615480,3003829510,028504,10
2023,10615480,3003829510,028505,9
2023,13246042,3003829510,028504,10
2023,10804587,3003829510,028502,4
2023,10804587,3003829510,028505,6
2023,10804587,3003829510,028001,5
2023,10804587,3003829510,028501,2
2023,12837351,3003829510,028504,6
2023,12837351,3003829510,028503,7
2023,12837351,3003829510,028501,7
2023,10898139,3003829510,028504,9
2023,10898139,3003829510,028505,9
2023,10898139,3003829510,028503,10
2023,12858788,3003829510,028502,10
2023,12858788,3003829510,028504,8
2023,12858788,3003829510,028505,8
2023,12858788,3003829510,028505,8
2023,12858788,3003829510,028503,8
2023,12419064,3003829510,028501,8
2023,13281520,3003829510,028505,9
2023,13281520,3003829510,028001,9
2023,13281520,3003829510,028503,10
2023,13281520,3003829510,028100,10
2023,13255314,3003829510,028504,6
2023,13255314,3003829510,028505,3
2023,13255314,3003829510,028100,10
2023,10819064,3003829510,028503,10
2023,10819064,3003829510,028100,5
2023,13001804,3003829510,028502,9
2023,13001804,3003829510,028505,9
2023,13001804,3003829510,028001,8
2023,13001804,3003829510,028100,10
2023,10904286,3003829510,028100,0
2023,11237080,3003829510,028503,8
2023,11237080,3003829510,028501,8
2023,10358166,3003829510,028504,9
2023,10574437,3003829510,028504,7
2023,10574437,3003829510,028504,7
2023,10574437,3003829510,028503,7
2023,10574437,3003829510,028501,2
2023,10574437,3003829510,028501,7
2023,10787438,3003829510,028504,7
2023,12166232,3003829517,028601,0
2023,10780791,3003829517,028601,0
2023,12807372,3003829517,028601,0
2023,10382563,3003829517,028601,0
2023,11490170,3003829517,028601,0
2023,11791043,3003829517,028601,0
2023,10027372,3003829629,CV0003,10
2023,10027372,3003829629,1370,9
2023,10027372,3003829629,1367,8
2023,10486854,3003829629,1368,6
2023,10657224,3003829629,CV0003,9
2023,10657224,3003829629,1370,9
2023,10657224,3003829629,1367,9
2023,10657224,3003829629,1369,8
2023,13281830,3003829629,1370,8
2023,13281830,3003829629,1376,9
2023,10689174,3003829629,CV0003,7
2023,10689174,3003829629,1368,9
2023,10689174,3003829629,1376,9
2023,10735610,3003829629,CV0003,9
2023,10735610,3003829629,1368,7
2023,10698929,3003829629,1368,0
2023,10814218,3003829629,1368,3
2023,12558926,3003829629,1369,4
2023,10734168,3003829629,CV0003,4
2023,10734168,3003829629,CV0003,4
2023,10734168,3003829629,1367,7
2023,10734168,3003829629,1367,8
2023,10817396,3003829629,CV0003,9
2023,10817396,3003829629,1367,7
2023,10817396,3003829629,1368,4
2023,10817396,3003829629,1368,8
2023,10707900,3003829629,1367,7
2023,10707900,3003829629,1367,8
2023,10978127,3003829629,1368,4
2023,10978127,3003829629,1368,0
2023,10978127,3003829629,1369,0
2023,10742955,3003829629,1370,9
2023,10742955,3003829629,1370,8
2023,10742955,3003829629,1368,8
2023,10742955,3003829629,1369,8
2023,10698110,3003829629,CV0003,9
2023,10698110,3003829629,1369,9
2023,10396024,3003829629,1370,8
2023,10396024,3003829629,1368,9
2023,12739203,3003829629,CV0003,7
2023,12739203,3003829629,1367,8
2023,12739203,3003829629,1369,8
2023,10635766,3003829629,1370,7
2023,10635766,3003829629,1368,4
2023,10635766,3003829629,1368,7
2023,10635766,3003829629,1369,4
2023,13242130,3003829629,1369,10
2023,10707767,3003829629,1367,8
2023,10781254,3003829629,1370,9
2023,13281768,3003829629,CV0003,4
2023,13281768,3003829629,1370,4
2023,13281768,3003829629,1367,5
2023,13281768,3003829629,1368,0
2023,10620831,3003829629,1367,8
2023,10017422,3003829629,CV0003,9
2023,10017422,3003829629,1370,8
2023,10017422,3003829629,1368,7
2023,10017422,3003829629,1376,9
2023,10319363,3003829629,1376,8
2023,10652405,3003829629,1367,8
2023,10678151,3003829629,CV0003,0
2023,10701794,3003829629,CV0003,4
2023,10701794,3003829629,1367,7
2023,10678799,3003829629,1370,0
2023,10729710,3003829629,1369,4
2023,10687463,3003829629,1370,0
2023,10687463,3003829629,1368,8
2023,13242092,3003829629,1370,4
2023,13242092,3003829629,1370,0
2023,13242092,3003829629,1368,4
2023,13256847,3003829629,CV0003,9
2023,10822528,3003829629,CV0003,8
2023,10822528,3003829629,1370,9
2023,10822528,3003829629,1367,9
2023,10822528,3003829629,1376,9
2023,10324078,3003829629,1367,10
2023,10324078,3003829629,1367,9
2023,10679716,3003829629,1368,9
2023,10679716,3003829629,1376,9
2023,13273466,3003829629,CV0003,7
2023,13273466,3003829629,1367,4
2023,13273466,3003829629,1368,0
2023,13273466,3003829629,1376,6
2023,12478386,3003829629,1367,4
2023,12478386,3003829629,1368,0
2023,10859549,3003829629,1370,9
2023,10859549,3003829629,1370,9
2023,10859549,3003829629,1369,8
2023,10859549,3003829629,1376,9
2023,13011023,3003829629,1370,7
2023,10657734,3003829629,1367,7
2023,10657734,3003829629,1369,6
2023,10657734,3003829629,1376,7
2023,10657734,3003829629,1376,8
2023,11316204,3003829629,1370,8
2023,11316204,3003829629,1368,9
2023,11316204,3003829629,1376,9
2023,10711968,3003829629,1370,8
2023,10711968,3003829629,1367,7
2023,10711968,3003829629,1367,8
2023,10711968,3003829629,1368,9
2023,10513391,3003829636,1378,0
2023,10513391,3003829636,1377,8
2023,10634289,3003829636,1371,4
2023,10634289,3003829636,1373,7
2023,10634289,3003829636,1374,8
2023,10634969,3003829636,CV0004,10
2023,10634969,3003829636,1372,6
2023,10634969,3003829636,1374,6
2023,10657266,3003829636,CV0004,7
2023,10392520,3003829636,1375,0
2023,10392520,3003829636,1372,4
2023,10411129,3003829636,CV0004,9
2023,10411129,3003829636,1372,8
2023,10411129,3003829636,1377,8
2023,10462592,3003829636,1371,7
2023,10678949,3003829636,CV0004,7
2023,10678949,3003829636,1371,4
2023,10678949,3003829636,1377,6
2023,10691096,3003829636,1372,4
2023,10691103,3003829636,1372,4
2023,10691103,3003829636,1372,8
2023,10691103,3003829636,1373,7
2023,10691103,3003829636,1374,7
2023,10696544,3003829636,CV0004,7
2023,10696544,3003829636,1371,4
2023,10705842,3003829636,CV0004,8
2023,10705842,3003829636,1371,5
2023,10705842,3003829636,1372,6
2023,10705842,3003829636,1374,6
2023,10706057,3003829636,1378,0
2023,10706057,3003829636,1374,9
2023,10706057,3003829636,1374,8
2023,10706057,3003829636,1377,9
2023,10784679,3003829636,1371,8
2023,10784679,3003829636,1377,8
2023,10816497,3003829636,1372,2
2023,10816497,3003829636,1374,8
2023,10792613,3003829636,CV0004,7
2023,10792613,3003829636,1375,7
2023,10830272,3003829636,CV0004,9
2023,10830272,3003829636,CV0004,9
2023,10836592,3003829636,CV0004,9
2023,10836592,3003829636,1378,0
2023,13056692,3003829636,1372,8
2023,10013793,3003829636,1372,7
2023,10025975,3003829636,CV0004,8
2023,10025975,3003829636,1375,9
2023,10024512,3003829636,1378,0
2023,10636299,3003829636,1375,9
2023,10307743,3003829636,1374,8
2023,10381433,3003829636,CV0004,6
2023,10381433,3003829636,1371,4
2023,10381433,3003829636,1377,10
2023,10691132,3003829636,CV0004,4
2023,10691132,3003829636,CV0004,4
2023,10691132,3003829636,1372,4
2023,10691132,3003829636,1377,7
2023,10700544,3003829636,1372,7
2023,10700544,3003829636,1372,7
2023,10700981,3003829636,1371,8
2023,10700981,3003829636,1371,8
2023,10709570,3003829636,1371,4
2023,10709570,3003829636,1377,9
2023,10734359,3003829636,1374,4
2023,10737469,3003829636,1373,9
2023,10819896,3003829636,1371,7
2023,10819896,3003829636,1371,7
2023,10852053,3003829636,CV0004,7
2023,10852053,3003829636,CV0004,7
2023,10865461,3003829636,1377,9
2023,11167937,3003829636,1372,7
2023,11167937,3003829636,1372,6
2023,12608298,3003829636,CV0004,9
2023,12608298,3003829636,1375,10
2023,12736051,3003829636,1373,8
2023,12736051,3003829636,1374,8
2023,12736834,3003829636,CV0004,4
2023,13030911,3003829636,1377,9
2023,10319161,3003829636,1378,0
2023,10386780,3003829636,1374,4
2023,10678827,3003829636,1371,7
2023,10706031,3003829636,1371,9
2023,10706031,3003829636,1372,9
2023,10320009,3003829636,1371,0
2023,10355756,3003829636,1375,7
2023,10328898,3003829636,1371,4
2023,11568799,3003829636,1377,7
2023,10352236,3003828691,5021,8
2023,10352236,3003828691,5021,9
2023,10352236,3003828691,5024,8
2023,10293577,3003828691,5021,0
2023,10293577,3003828691,5022,0
2023,10293577,3003828691,5024,0
2023,10428862,3003828691,5023,0
2023,10428862,3003828691,5024,0
2023,11484277,3003828691,5022,10
2023,11484277,3003828691,5024,9
2023,10146282,3003828691,5022,10
2023,10146282,3003828691,5024,10
2023,10747088,3003828691,5021,9
2023,10514340,3003828691,5024,7
2023,10376123,3003828691,5021,6
2023,10376123,3003828691,5022,7
2023,10376123,3003828691,5026,5
2023,10376123,3003828691,5026,5
2023,10949781,3003828691,5021,9
2023,10949781,3003828691,5023,9
2023,10432545,3003828691,5022,0
2023,10432545,3003828691,5023,0
2023,10432545,3003828691,5023,0
2023,10698939,3003828691,5021,9
2023,10698939,3003828691,5025,9
2023,13297404,3003828691,5023,10
2023,10652460,3003828691,5021,0
2023,10652460,3003828691,5022,0
2023,10652460,3003828691,5023,0
2023,10652460,3003828691,5023,0
2023,10652460,3003828691,5026,0
2023,10328167,3003828705,5072,7
2023,11406626,3003828705,5071,0
2023,10304881,3003828705,5072,0
2023,10304881,3003828705,5073,5
2023,10688139,3003828705,5073,4
2023,10700769,3003828705,5074,8
2023,10353205,3003828705,5073,4
2023,10353205,3003828705,5075,8
2023,10646249,3003828705,5073,0
2023,12447243,3003828705,5075,8
2023,10789928,3003828705,5072,0
2023,10789928,3003828705,5072,0
2023,10789928,3003828705,5075,0
2023,10789928,3003828705,5075,0
2023,10352435,3003828705,5073,8
2023,10352435,3003828705,5074,10
2023,10352435,3003828705,5075,9
2023,13297112,3003828705,5071,5
2023,11167622,3003828705,5075,0
2023,11407481,3003828705,5073,0
2023,11407481,3003828705,5075,0
2023,10018367,3003828705,5072,6
2023,10254384,3003828705,5071,0
2023,10254384,3003828705,5073,0
2023,10254384,3003828705,5075,0
2023,10525957,3003828705,5072,0
2023,10525957,3003828705,5073,0
2023,10525957,3003828705,5075,0
2023,10278806,3003828705,5075,10
2023,10182546,3003828705,5071,6
2023,10182546,3003828705,5072,8
2023,10182546,3003828705,5073,9
2023,10470240,3003828900,0375,6
2023,10470240,3003828900,0377,6
2023,10470240,3003828900,0377,6
2023,10303547,3003828900,0376,3
2023,10303547,3003828900,0374,6
2023,10500950,3003828900,0378,3
2023,10380889,3003828900,0375,9
2023,10409990,3003828900,CV0004,10
2023,10409990,3003828900,0381,6
2023,10409990,3003828900,0374,8
2023,11512963,3003828900,0377,6
2023,11512963,3003828900,0377,6
2023,10792555,3003828900,0379,9
2023,10707778,3003828900,CV0004,0
2023,10707778,3003828900,CV0004,0
2023,10707778,3003828900,0378,0
2023,10707778,3003828900,0376,0
2023,10707778,3003828900,0374,0
2023,10797555,3003828900,CV0004,8
2023,10797555,3003828900,0375,8
2023,10797555,3003828900,0376,7
2023,10797555,3003828900,0374,7
2023,10851128,3003828900,0375,7
2023,10851128,3003828900,0377,5
2023,11415977,3003828900,CV0004,9
2023,11646742,3003828900,0375,8
2023,10586308,3003828900,0377,7
2023,10586308,3003828900,0376,9
2023,10586308,3003828900,0376,10
2023,12211081,3003828900,0377,6
2023,10017378,3003828900,0378,5
2023,10017378,3003828900,0375,7
2023,10294470,3003828900,CV0004,10
2023,10294470,3003828900,0381,6
2023,10294470,3003828900,0376,9
2023,10427819,3003828900,0376,1
2023,10799062,3003828900,0375,7
2023,10855729,3003828893,CV0003,8
2023,10855729,3003828893,0373,8
2023,10855729,3003828893,0371,9
2023,10855729,3003828893,0372,9
2023,10855729,3003828893,0369,9
2023,10864476,3003828893,0373,6
2023,10864476,3003828893,0371,6
2023,10832097,3003828893,0370,4
2023,10611327,3003828893,0373,8
2023,11242377,3003828893,0373,6
2023,10332972,3003828893,0370,9
2023,10332972,3003828893,0370,9
2023,10332972,3003828893,0372,10
2023,10332972,3003828893,0369,9
2023,10267085,3003828893,0370,6
2023,10267085,3003828893,0373,5
2023,10267085,3003828893,0373,6
2023,10267085,3003828893,0371,7
2023,10267085,3003828893,0371,8
2023,10837451,3003828893,CV0003,9
2023,10837451,3003828893,0373,6
2023,12722174,3003828893,0373,8
2023,12722174,3003828893,0380,9
2023,13257199,3003828893,0371,10
2023,10634348,3003828893,CV0003,9
2023,10634348,3003828893,0371,8
2023,10634348,3003828893,0372,8
2023,10634348,3003828893,0369,8
2023,10963354,3003828893,0371,10
2023,10963354,3003828893,0372,8
2023,10707901,3003828893,CV0003,8
2023,10707901,3003828893,0371,8
2023,10832107,3003828893,0373,7
2023,10832107,3003828893,0371,8
2023,10832107,3003828893,0372,8
2023,10832107,3003828893,0369,9
2023,11635385,3003828893,0371,8
2023,11635385,3003828893,0369,8
2023,10679688,3003828893,0370,6
2023,10691654,3003828893,0373,6
2023,10691654,3003828893,0369,9
2023,10707654,3003828893,0370,6
2023,10676228,3003828893,CV0003,9
2023,10676228,3003828893,0372,8
2023,10837560,3003828893,0370,8
2023,10837560,3003828893,0373,9
2023,10837560,3003828893,0371,8
2023,12427040,3003828823,0489,9
2023,11254914,3003828823,0486,1
2023,13163302,3003828823,CV0004,9
2023,10279324,3003828823,CV0004,2
2023,10279324,3003828823,0494,1
2023,10279324,3003828823,0490,4
2023,10279324,3003828823,0488,4
2023,10279324,3003828823,0486,6
2023,10979745,3003828823,0489,8
2023,10979745,3003828823,0489,8
2023,11891674,3003828823,0486,0
2023,12737108,3003828823,0490,0
2023,10293307,3003828823,CV0004,1
2023,10293307,3003828823,0490,2
2023,10293307,3003828823,0488,1
2023,10292823,3003828823,0488,0
2023,10292823,3003828823,0488,0
2023,10292823,3003828823,0486,0
2023,13038074,3003828823,0492,10
2023,10979745,3003828823,0492,6
2023,12737108,3003828823,0492,7
2023,13038074,3003828823,0491,9
2023,11254010,3003828823,0489,7
2023,11430449,3003828823,CV0004,5
2023,11430449,3003828823,0490,0
2023,11430449,3003828823,0488,5
2023,10664873,3003828823,0488,7
2023,10664873,3003828823,0486,9
2023,10279526,3003828823,0491,4
2023,10279526,3003828823,0489,10
2023,10279526,3003828823,0489,0
2023,10865901,3003828823,CV0004,0
2023,10865901,3003828823,0488,0
2023,12636620,3003828823,0491,0
2023,10525745,3003828823,0494,3
2023,10264374,3003828823,0491,0
2023,10264374,3003828823,0490,0
2023,10943078,3003828823,0491,8
2023,10943078,3003828823,0490,8
2023,10254372,3003828823,0491,8
2023,10399819,3003828823,0494,0
2023,11400429,3003828823,CV0004,0
2023,10307929,3003828795,0373,8
2023,10307929,3003828795,0485,4
2023,10307929,3003828795,0484,7
2023,10730670,3003828795,CV0003,9
2023,10730670,3003828795,0487,9
2023,10730670,3003828795,0617,8
2023,13245350,3003828795,0373,0
2023,13245350,3003828795,0373,0
2023,13245350,3003828795,0487,0
2023,13245350,3003828795,0617,0
2023,13245350,3003828795,0617,0
2023,13245350,3003828795,0617,0
2023,10837069,3003828795,CV0003,10
2023,10837069,3003828795,0483,7
2023,10837069,3003828795,0483,7
2023,10736098,3003828795,0373,8
2023,10736098,3003828795,0487,6
2023,10736098,3003828795,0485,6
2023,10736098,3003828795,0484,8
2023,10736098,3003828795,0483,7
2023,10965828,3003828795,0485,4
2023,10965828,3003828795,0484,8
2023,10279258,3003828795,0373,0
2023,10279258,3003828795,0487,0
2023,10279258,3003828795,0484,0
2023,10279258,3003828795,0483,0
2023,10635824,3003828795,CV0003,9
2023,10635824,3003828795,0484,8
2023,10635824,3003828795,0617,4
2023,10604661,3003828795,0373,0
2023,10604661,3003828795,0487,0
2023,10604661,3003828795,0485,0
2023,10604661,3003828795,0617,0
2023,13248857,3003828795,0485,7
2023,10332148,3003828795,0487,0
2023,10332148,3003828795,0487,0
2023,10332148,3003828795,0487,5
2023,10332148,3003828795,0484,6
2023,13245291,3003828795,CV0003,0
2023,13245291,3003828795,0484,0
2023,13245903,3003828795,0484,0
2023,13245903,3003828795,0484,0
2023,13245903,3003828795,0483,0
2023,13245942,3003828795,CV0003,0
2023,13245942,3003828795,CV0003,0
2023,13245942,3003828795,0373,0
2023,13245942,3003828795,0617,0
2023,11729566,3003828795,0484,0
2023,10254986,3003828795,0487,10
2023,10254986,3003828795,0485,8
2023,10254986,3003828795,0483,10
2023,10399842,3003828795,CV0003,8
2023,10679677,3003828795,0487,7
2023,10679677,3003828795,0617,4
2023,12736124,3003828795,0484,6
2023,12736124,3003828795,0484,9
2023,10201417,3003828795,0487,10
2023,10201417,3003828795,0485,9
2023,10201417,3003828795,0483,9
2023,10201417,3003828795,0483,9
2023,10365185,3003828795,0487,6
2023,10365185,3003828795,0617,9
2023,10663063,3003828795,CV0003,8
2023,10663063,3003828795,0617,8
2023,13245900,3003828795,0484,9
2023,10852247,3003828795,0373,9
2023,10454428,3003828795,0487,0
2023,11569845,3003828795,0373,0
2023,11569845,3003828795,0373,0
2023,11569845,3003828795,0487,0
2023,11569845,3003828795,0484,6
2023,10364384,3003828795,0373,10
2023,10364384,3003828795,0485,8
2023,10364384,3003828795,0617,10
2023,10364384,3003828795,0617,9
2023,12040403,3003828795,0487,8
2023,12040403,3003828795,0483,9
2023,10689194,3003828795,0373,7
2023,10689194,3003828795,0485,6
2023,10689194,3003828795,0484,9
2023,11234996,3003828795,0373,2
2023,11234996,3003828795,0483,0
2023,10533446,3003828795,0485,0
2023,10392227,3003828795,0484,8
2023,10392227,3003828795,0484,9
2023,10392227,3003828795,0484,0
2023,10323451,3003828795,0373,9
2023,10323451,3003828795,0487,7
2023,10323451,3003828795,0484,4
2023,10282899,3003828795,0487,7
2023,10282899,3003828795,0617,9
2023,10282899,3003828795,0617,8
2023,10817332,3003828795,0373,7
2023,10817332,3003828795,0483,7
2023,12735228,3003828795,0373,9
2023,12735228,3003828795,0373,8
2023,12735228,3003828795,0484,7
2023,10304827,3003828795,0487,9
2023,10392051,3003828795,0373,3
2023,10392051,3003828795,0483,6
2023,13245876,3003828795,CV0003,9
2023,13245876,3003828795,0373,10
2023,13245876,3003828795,0487,9
2023,13245876,3003828795,0487,9
2023,13245876,3003828795,0485,10
2023,13245876,3003828795,0485,8
2023,13245936,3003828795,CV0003,4
2023,13245936,3003828795,0484,0
2023,13245936,3003828795,0617,6
2023,10489583,3003828795,0487,9
2023,10851164,3003828795,CV0003,8
2023,10851164,3003828795,0373,5
2023,10851164,3003828795,0483,4
2023,11240348,3003828795,0373,0
2023,11240348,3003828795,0373,0
2023,11240348,3003828795,0487,0
2023,10362119,3003828795,0487,8
2023,10362119,3003828795,0483,0
2023,12558196,3003828795,0487,0
2023,10308646,3003828795,0483,6
2023,10308646,3003828795,0483,7
2023,12587239,3003828795,CV0003,0
2023,12587239,3003828795,0484,0
2023,10666129,3003828795,CV0003,4
2023,10666129,3003828795,0485,6
2023,10278578,3003828795,0487,0
2023,10278578,3003828795,0485,0
2023,13294635,3003828795,CV0003,9
2023,13294635,3003828795,0487,8
2023,13294635,3003828795,0487,8
2023,11778439,3003828795,0373,0
2023,11778439,3003828795,0485,0
2023,10634225,3003828788,0614,0
2023,10512738,3003828788,0615,9
2023,10512738,3003828788,0614,9
2023,10261771,3003828788,0615,6
2023,10261771,3003828788,0612,6
2023,10574443,3003828788,0615,4
2023,10707841,3003828788,0616,8
2023,11782852,3003828788,0612,7
2023,10319905,3003828788,0614,8
2023,10319905,3003828788,0612,5
2023,10403933,3003828788,0618,9
2023,10403933,3003828788,0618,8
2023,10403933,3003828788,0614,9
2023,10403933,3003828788,0613,10
2023,10269568,3003828788,0619,0
2023,10269568,3003828788,0616,9
2023,10604775,3003828788,0616,7
2023,10604775,3003828788,0615,7
2023,10604775,3003828788,0615,7
2023,10676208,3003828788,0613,10
2023,10676208,3003828788,0612,10
2023,13038816,3003828788,0612,7
2023,13038828,3003828788,0613,6
2023,13038828,3003828788,0612,8
2023,10852273,3003828788,0616,6
2023,10640914,3003828788,0618,6
2023,10640914,3003828788,0614,9
2023,10407215,3003828788,0619,0
2023,10407215,3003828788,0612,7
2023,10708221,3003828788,CV0004,8
2023,10708221,3003828788,0615,9
2023,12936130,3003828767,0228,9
2023,10758419,3003828767,0230,7
2023,10758419,3003828767,0226,8
2023,12557047,3003828767,0226,0
2023,12717192,3003828767,0230,8
2023,13031068,3003828767,CV0002,8
2023,13031068,3003828767,0228,8
2023,10863174,3003828767,0226,7
2023,10027669,3003828767,0227,1
2023,13031606,3003828767,0230,7
2023,13031606,3003828767,0228,5
2023,13031606,3003828767,0226,4
2023,10679666,3003828767,0224,1
2023,10756607,3003828767,0230,7
2023,10756607,3003828767,0228,10
2023,10756607,3003828767,0227,9
2023,10427584,3003828767,0227,0
2023,12730553,3003828767,0226,7
2023,11825745,3003828767,CV0002,7
2023,10351465,3003828767,0224,8
2023,10351465,3003828767,0231,0
2023,10757001,3003828767,0230,6
2023,10757001,3003828767,0230,8
2023,10757001,3003828767,0226,8
2023,10757001,3003828767,0224,7
2023,10851163,3003828767,CV0002,8
2023,10851163,3003828767,0228,9
2023,10882466,3003828767,0228,8
2023,10882466,3003828767,0228,8
2023,10882466,3003828767,0224,6
2023,10882466,3003828767,0227,9
2023,11088071,3003828767,0230,6
2023,10770657,3003828767,0230,7
2023,10770657,3003828767,0230,9
2023,10770657,3003828767,0228,9
2023,10770657,3003828767,0228,10
2023,10770657,3003828767,0227,8
2023,10805501,3003828767,0228,4
2023,10805501,3003828767,0226,5
2023,10762023,3003828767,CV0002,8
2023,10762023,3003828767,CV0002,10
2023,10762023,3003828767,0228,10
2023,10807600,3003828767,CV0002,10
2023,10807600,3003828767,0231,0
2023,10814487,3003828767,0227,9
2023,10856605,3003828767,CV0002,9
2023,13046184,3003828767,0226,8
2023,13046184,3003828767,0224,7
2023,13046184,3003828767,0224,7
2023,13046184,3003828767,0227,9
2023,11804013,3003828767,0227,1
2023,10828387,3003828767,0226,9
2023,12559471,3003828767,0231,0
2023,11847570,3003828760,0225,2
2023,10938543,3003828760,0223,0
2023,10938543,3003828760,0221,0
2023,10938543,3003828760,0229,0
2023,10833893,3003828760,CV0001,4
2023,10833893,3003828760,0225,1
2023,10833893,3003828760,0222,2
2023,10789656,3003828760,0222,8
2023,10789656,3003828760,0222,9
2023,10789656,3003828760,0222,4
2023,10911373,3003828760,0225,7
2023,10911373,3003828760,0221,9
2023,11088604,3003828760,CV0001,10
2023,11088604,3003828760,0223,10
2023,11088604,3003828760,0222,8
2023,10283255,3003828760,0223,8
2023,10283255,3003828760,0229,3
2023,10283255,3003828760,0229,0
2023,10283255,3003828760,0222,8
2023,10283255,3003828760,0222,8
2023,10390554,3003828760,CV0001,7
2023,10390554,3003828760,0223,8
2023,10390554,3003828760,0229,9
2023,10390554,3003828760,0222,7
2023,11567531,3003828760,CV0001,0
2023,11567531,3003828760,CV0001,0
2023,11567531,3003828760,0225,0
2023,11567531,3003828760,0223,0
2023,11567531,3003828760,0229,0
2023,12736633,3003828760,0225,0
2023,12736633,3003828760,0229,0
2023,10305237,3003828760,0229,0
2023,10305237,3003828760,0222,0
2023,10017433,3003828760,CV0001,4
2023,10017433,3003828760,CV0001,7
2023,10017433,3003828760,0225,9
2023,10017433,3003828760,0223,9
2023,10017433,3003828760,0229,9
2023,10325203,3003828760,0225,9
2023,10325203,3003828760,0223,9
2023,10325203,3003828760,0222,9
2023,10906556,3003828760,CV0001,4
2023,12865232,3003828760,CV0001,0
2023,12865232,3003828760,0223,0
2023,12865232,3003828760,0221,0
2023,12865232,3003828760,0229,0
2023,10912321,3003828760,0222,9
2023,11571793,3003828760,CV0001,4
2023,13006056,3003828760,CV0001,4
2023,13006056,3003828760,0222,0
2023,10911129,3003828760,0223,6
2023,10911129,3003828760,0222,7
2023,12510469,3003828760,0225,5
2023,10713860,3003828760,0225,0
2023,10713860,3003828760,0222,0
2023,10713860,3003828760,0222,0
2023,12505624,3003828760,0225,8
2023,12505624,3003828760,0221,4
2023,12505624,3003828760,0221,8
2023,12505624,3003828760,0222,9
2023,13250561,3003828760,0223,9
2023,10392662,3003828760,CV0001,0
2023,10392662,3003828760,0225,0
2023,10392662,3003828760,0221,0
2023,10392662,3003828760,0221,0
2023,10466174,3003828760,0229,0
2023,10466174,3003828760,0222,0
2023,10837080,3003828760,0222,9
2023,10819052,3003828760,0229,6
2023,10819052,3003828760,0222,7
2023,13086978,3003828760,0223,7
2023,13086978,3003828760,0221,9
2023,13086978,3003828760,0229,6
2023,11763179,3003828760,CV0001,0
2023,11763179,3003828760,CV0001,0
2023,10888617,3003828760,CV0001,8
2023,10888617,3003828760,0223,7
2023,10888617,3003828760,0229,8
2023,10344575,3003828760,0223,6
2023,12270997,3003828760,CV0001,0
2023,12270997,3003828760,CV0001,0
2023,12270997,3003828760,0222,0
2023,11407222,3003828760,0229,8
2023,12609908,3003828760,0222,0
2023,10885064,3003828760,CV0001,4
2023,10885064,3003828760,CV0001,5
2023,10885064,3003828760,0225,2
2023,10885064,3003828760,0225,5
2023,10885064,3003828760,0221,4
2023,10885064,3003828760,0229,6
2023,10885064,3003828760,0222,4
2023,10904569,3003828760,0225,8
2023,10904569,3003828760,0229,7
2023,10895404,3003828760,CV0001,8
2023,10895404,3003828760,0225,9
2023,10895404,3003828760,0223,10
2023,10895404,3003828760,0229,9
2023,10937956,3003828760,0225,0
2023,13321692,3003828760,0225,0
2023,13321692,3003828760,0223,0
2023,13321692,3003828760,0221,0
2023,12739162,3003826548,0175,7
2023,12634107,3003826548,0183,8
2023,12708907,3003826548,0181,8
2023,12708907,3003826548,0178,9
2023,10267575,3003826548,0178,0
2023,10636300,3003826548,0176,9
2023,10636300,3003826548,0175,9
2023,10304560,3003826548,CV0004,8
2023,10304560,3003826548,0176,10
2023,10304560,3003826548,0175,9
2023,10691401,3003826548,0178,7
2023,11186762,3003826548,0184,0
2023,11186762,3003826548,0183,6
2023,11186762,3003826548,0178,2
2023,11402080,3003826548,CV0004,9
2023,13035643,3003826548,CV0004,5
2023,13035643,3003826548,0181,6
2023,13035643,3003826548,0178,8
2023,13097118,3003826548,0178,9
2023,10014485,3003826548,0175,9
2023,10640379,3003826548,0176,7
2023,10640379,3003826548,0175,8
2023,10357602,3003826548,CV0004,8
2023,10357602,3003826548,0178,6
2023,10357602,3003826548,0175,8
2023,10357602,3003826548,0175,8
2023,10376639,3003826548,0176,2
2023,12675110,3003826548,0180,3
2023,12675110,3003826548,0184,0
2023,13034970,3003826548,CV0004,8
2023,13034970,3003826548,CV0004,9
2023,13034970,3003826548,0180,6
2023,13034970,3003826548,0178,3
2023,12793270,3003826548,0183,0
2023,12793270,3003826548,0176,4
2023,12793270,3003826548,0178,7
2023,12003293,3003826548,CV0004,0
2023,12003293,3003826548,0180,0
2023,12003293,3003826548,0180,0
2023,12003293,3003826548,0178,0
2023,10759106,3003826548,CV0004,8
2023,10759106,3003826548,0183,6
2023,10759106,3003826548,0175,9
2023,10935906,3003826548,CV0004,0
2023,10935906,3003826548,0180,0
2023,10935906,3003826548,0175,0
2023,10935906,3003826548,0175,0
2023,11329159,3003826548,CV0004,9
2023,10406692,3003826548,0176,8
2023,13034960,3003826548,0180,7
2023,13034960,3003826548,0178,7
2023,13263308,3003826541,0174,5
2023,13240820,3003826541,0171,0
2023,13240820,3003826541,0182,1
2023,10742422,3003826541,0179,4
2023,12679099,3003826541,CV0003,8
2023,12679099,3003826541,0171,0
2023,12679099,3003826541,0172,0
2023,12679099,3003826541,0173,3
2023,12679099,3003826541,0174,4
2023,12679099,3003826541,0177,0
2023,11921786,3003826541,0173,7
2023,10805336,3003826541,0171,5
2023,10805336,3003826541,0174,4
2023,10507995,3003826541,0182,8
2023,10264508,3003826541,0177,6
2023,10838901,3003826541,CV0003,5
2023,10838901,3003826541,0174,6
2023,10487908,3003826541,0171,6
2023,10487908,3003826541,0172,7
2023,10581335,3003826541,0179,10
2023,10581335,3003826541,0173,9
2023,10713910,3003826541,CV0003,9
2023,10713910,3003826541,CV0003,9
2023,10713910,3003826541,0174,8
2023,10713910,3003826541,0182,9
2023,10421505,3003826541,CV0003,9
2023,10421505,3003826541,0171,0
2023,10421505,3003826541,0172,1
2023,10421505,3003826541,0182,0
2023,13245158,3003826541,0173,6
2023,13245158,3003826541,0174,7
2023,13245158,3003826541,0177,5
2023,11495548,3003826541,CV0003,0
2023,11495548,3003826541,0179,0
2023,11495548,3003826541,0171,4
2023,11495548,3003826541,0173,0
2023,10664803,3003826541,0171,0
2023,10664803,3003826541,0172,0
2023,10610451,3003826541,0171,8
2023,10610451,3003826541,0172,7
2023,10610451,3003826541,0173,7
2023,10610451,3003826541,0174,7
2023,12905546,3003826541,0179,1
2023,12905546,3003826541,0171,0
2023,12905546,3003826541,0177,0
2023,10706770,3003826541,0179,6
2023,10706770,3003826541,0172,7
2023,10706770,3003826541,0172,7
2023,10706770,3003826541,0174,7
2023,10706770,3003826541,0177,6
2023,10706770,3003826541,0177,7
2023,12730900,3003826541,0179,9
2023,12730900,3003826541,0171,6
2023,12730900,3003826541,0182,9
2023,13062870,3003826541,0179,0
2023,13062870,3003826541,0171,0
2023,13062870,3003826541,0172,0
2023,13062870,3003826541,0174,0
2023,10849475,3003826541,0173,8
2023,10849475,3003826541,0177,7
2023,13034983,3003826541,0171,0
2023,10468091,3003826541,0174,8
2023,10468091,3003826541,0177,6
2023,10814531,3003826541,CV0003,9
2023,10814531,3003826541,0171,9
2023,10814531,3003826541,0173,8
2023,10814531,3003826541,0182,9
2023,10814531,3003826541,0177,9
2023,11316431,3003826541,CV0003,0
2023,11316431,3003826541,0179,1
2023,11316431,3003826541,0179,0
2023,11316431,3003826541,0173,0
2023,11316431,3003826541,0173,0
2023,11316431,3003826541,0177,0
2023,11564256,3003826541,0171,0
2023,11564256,3003826541,0172,0
2023,11564256,3003826541,0182,0
2023,11564256,3003826541,0177,0
2023,11564256,3003826541,0177,0
2023,10489725,3003826541,CV0003,0
2023,10489725,3003826541,0171,0
2023,10489725,3003826541,0173,0
2023,10489725,3003826541,0174,0
2023,10489725,3003826541,0182,0
2023,10489725,3003826541,0182,0
2023,12870301,3003826541,CV0003,0
2023,12870301,3003826541,CV0003,0
2023,12870301,3003826541,0172,0
2023,12870301,3003826541,0173,0
2023,12734916,3003826611,0403,0
2023,10017101,3003826611,0180,7
2023,10017101,3003826611,0180,7
2023,10017101,3003826611,0403,0
2023,10428229,3003826611,0180,8
2023,10306049,3003826611,0402,8
2023,10306049,3003826611,0399,4
2023,10496638,3003826611,0398,4
2023,10496638,3003826611,0402,8
2023,10496638,3003826611,0402,7
2023,10496638,3003826611,0397,9
2023,10248447,3003826611,CV0004,9
2023,10274804,3003826611,CV0004,6
2023,10274804,3003826611,0399,10
2023,10574372,3003826611,CV0004,8
2023,10574372,3003826611,0400,9
2023,10574372,3003826611,0402,9
2023,10574372,3003826611,0399,9
2023,10364858,3003826611,0402,8
2023,10511432,3003826611,0180,7
2023,10495929,3003826611,0403,0
2023,10495929,3003826611,0400,4
2023,10691269,3003826611,CV0004,7
2023,10691269,3003826611,0398,4
2023,10691269,3003826611,0180,7
2023,10691269,3003826611,0402,7
2023,10691269,3003826611,0397,7
2023,10699154,3003826611,CV0004,9
2023,10699154,3003826611,0398,8
2023,10699154,3003826611,0180,8
2023,10786213,3003826611,0398,4
2023,10786213,3003826611,0399,4
2023,10837523,3003826611,0398,4
2023,10842144,3003826611,0398,10
2023,10842144,3003826611,0180,9
2023,10842144,3003826611,0403,0
2023,10842144,3003826611,0399,9
2023,13035483,3003826611,0403,0
2023,13035483,3003826611,0399,10
2023,13035483,3003826611,0397,9
2023,13055004,3003826611,CV0004,7
2023,13055004,3003826611,0397,9
2023,10803272,3003826604,0383,8
2023,10803272,3003826604,0383,9
2023,10837553,3003826604,0179,7
2023,10837553,3003826604,0171,10
2023,10837553,3003826604,0171,10
2023,10837553,3003826604,0384,8
2023,12468964,3003826604,0383,6
2023,12468964,3003826604,0384,8
2023,10305439,3003826604,0383,8
2023,10305439,3003826604,0384,9
2023,10699672,3003826604,0179,6
2023,10699672,3003826604,0383,6
2023,10700883,3003826604,0171,9
2023,10700883,3003826604,0384,9
2023,10778000,3003826604,CV0003,9
2023,10778000,3003826604,0173,9
2023,13242114,3003826604,CV0003,7
2023,13242114,3003826604,0171,1
2023,13242114,3003826604,0384,6
2023,13242114,3003826604,0384,0
2023,13242114,3003826604,0172,0
2023,10506767,3003826604,0179,0
2023,10506767,3003826604,0383,0
2023,10506767,3003826604,0384,0
2023,10506767,3003826604,0173,0
2023,10677163,3003826604,0171,9
2023,10677163,3003826604,0172,8
2023,10677163,3003826604,0172,8
2023,10282475,3003826604,CV0003,8
2023,10282475,3003826604,0384,9
2023,10282475,3003826604,0173,9
2023,10698462,3003826604,0179,5
2023,10698462,3003826604,0384,8
2023,10698462,3003826604,0173,6
2023,10698462,3003826604,0173,6
2023,12398431,3003826604,0172,7
2023,12398431,3003826604,0172,7
2023,12398431,3003826604,0173,9
2023,13257485,3003826604,CV0003,0
2023,13257485,3003826604,0179,0
2023,13257485,3003826604,0383,3
2023,13257485,3003826604,0172,7
2023,10411178,3003826604,0383,7
2023,10411178,3003826604,0383,8
2023,10411178,3003826604,0384,9
2023,10675919,3003826604,0179,8
2023,10675919,3003826604,0383,8
2023,13127380,3003826604,0401,5
2023,13127380,3003826604,0171,7
2023,13127380,3003826604,0172,7
2023,10513851,3003826604,0401,5
2023,10718089,3003826604,0171,7
2023,10718089,3003826604,0173,3
2023,13288501,3003826604,0171,9
2023,13257407,3003826604,CV0003,8
2023,13257407,3003826604,CV0003,0
2023,13257407,3003826604,0401,0
2023,13257407,3003826604,0172,1
2023,10709639,3003826604,0171,9
2023,10709639,3003826604,0383,8
2023,10709639,3003826604,0173,8
2023,10348121,3003826604,0179,6
2023,10348121,3003826604,0384,8
2023,10348121,3003826604,0172,7
2023,10488332,3003826632,0180,5
2023,10506040,3003826632,0180,7
2023,10506040,3003826632,0386,7
2023,10862231,3003826632,CV0004,9
2023,10041748,3003826632,0180,9
2023,10041748,3003826632,0385,9
2023,10377321,3003826632,0391,0
2023,12852892,3003826632,0388,0
2023,10654890,3003826632,CV0004,8
2023,10654890,3003826632,0390,8
2023,10270975,3003826632,0391,0
2023,10308866,3003826632,0386,8
2023,10713872,3003826632,CV0004,7
2023,10730159,3003826632,0180,10
2023,10780309,3003826632,CV0004,5
2023,10780309,3003826632,0390,7
2023,10780309,3003826632,0390,7
2023,10780309,3003826632,0387,7
2023,10780309,3003826632,0386,7
2023,10707407,3003826632,0387,8
2023,10707407,3003826632,0386,8
2023,10428047,3003826632,0180,8
2023,10664909,3003826632,0388,7
2023,10303294,3003826632,CV0004,7
2023,10303294,3003826632,0180,2
2023,10303294,3003826632,0385,7
2023,10303294,3003826632,0388,0
2023,10513718,3003826632,0180,6
2023,10513718,3003826632,0387,4
2023,10708070,3003826632,0387,7
2023,10713451,3003826632,0180,7
2023,10815375,3003826632,0388,8
2023,10815375,3003826632,0386,8
2023,12472350,3003826625,CV0003,0
2023,12472350,3003826625,0384,3
2023,12472350,3003826625,0389,0
2023,10664986,3003826625,0384,8
2023,10277303,3003826625,0384,7
2023,10277303,3003826625,0173,6
2023,10277303,3003826625,0173,6
2023,10700990,3003826625,0179,0
2023,10700990,3003826625,0171,0
2023,10700990,3003826625,0389,7
2023,11632133,3003826625,0179,10
2023,11632133,3003826625,0171,7
2023,10690446,3003826625,0173,4
2023,10696634,3003826625,CV0003,10
2023,10696634,3003826625,0179,10
2023,10696634,3003826625,0384,9
2023,10696634,3003826625,0172,9
2023,10512569,3003826625,CV0003,7
2023,10512569,3003826625,CV0003,0
2023,10512569,3003826625,0179,9
2023,10512569,3003826625,0179,9
2023,10512569,3003826625,0171,0
2023,10512569,3003826625,0383,5
2023,10512569,3003826625,0384,0
2023,10512569,3003826625,0172,8
2023,10512569,3003826625,0173,7
2023,12058330,3003826625,0171,7
2023,12058330,3003826625,0384,6
2023,12058330,3003826625,0172,7
2023,12058330,3003826625,0172,8
2023,12058330,3003826625,0173,8
2023,10486936,3003826625,0171,7
2023,10486936,3003826625,0383,8
2023,10486936,3003826625,0384,7
2023,10742990,3003826625,0179,9
2023,10742990,3003826625,0171,7
2023,10742990,3003826625,0384,8
2023,10742990,3003826625,0172,8
2023,10742990,3003826625,0389,7
2023,10707825,3003826625,0383,7
2023,10707825,3003826625,0173,6
2023,10610383,3003826625,CV0003,6
2023,10610383,3003826625,0384,7
2023,10780758,3003826625,0171,8
2023,10780758,3003826625,0383,9
2023,13332666,3003826625,CV0003,4
2023,13332666,3003826625,CV0003,0
2023,13332666,3003826625,0179,0
2023,13332666,3003826625,0171,0
2023,13332666,3003826625,0383,0
2023,13332666,3003826625,0384,4
2023,13332666,3003826625,0172,0
2023,13332666,3003826625,0389,0
2023,13332666,3003826625,0389,0
2023,10706115,3003822344,1230,8
2023,10707734,3003822344,CV0002,4
2023,10707734,3003822344,1228,5
2023,10707734,3003822344,1230,4
2023,10714134,3003822344,1235,5
2023,10799147,3003822344,1228,8
2023,10799147,3003822344,1230,7
2023,10770425,3003822344,1234,7
2023,10787523,3003822344,1228,9
2023,10787523,3003822344,1235,6
2023,10485831,3003822344,1227,6
2023,10485831,3003822344,1235,6
2023,10641026,3003822344,1228,2
2023,10641026,3003822344,1235,1
2023,10646180,3003822344,1230,7
2023,10646180,3003822344,1235,5
2023,10761897,3003822344,1235,7
2023,10787491,3003822344,1230,7
2023,10787491,3003822344,1234,6
2023,10780823,3003822344,1230,8
2023,10780823,3003822344,1234,5
2023,10780823,3003822344,1234,6
2023,10780823,3003822344,1235,6
2023,10780823,3003822344,1235,6
2023,10766479,3003822344,1230,8
2023,10835701,3003822344,1230,0
2023,10835701,3003822344,1235,0
2023,11744037,3003822344,1227,5
2023,11744037,3003822344,1228,5
2023,11744037,3003822344,1228,5
2023,11744037,3003822344,1230,7
2023,11744037,3003822344,1235,5
2023,11780595,3003822344,CV0002,5
2023,10706808,3003822344,CV0002,5
2023,10706808,3003822344,1227,6
2023,10706808,3003822344,1228,9
2023,10706808,3003822344,1230,8
2023,10706808,3003822344,1235,7
2023,11520867,3003822344,1228,7
2023,10800025,3003822344,1227,6
2023,10800025,3003822344,1230,9
2023,10800025,3003822344,1235,7
2023,10813126,3003822344,CV0002,8
2023,10813126,3003822344,1237,0
2023,10679722,3003822344,1235,5
2023,10742994,3003822344,1234,7
2023,10766414,3003822344,CV0002,9
2023,10766414,3003822344,1234,5
2023,10766414,3003822344,1235,7
2023,10895114,3003822337,1236,4
2023,12907793,3003822337,1226,8
2023,12907793,3003822337,1229,9
2023,12907793,3003822337,1232,8
2023,12907793,3003822337,1233,9
2023,10766806,3003822337,1226,8
2023,10766806,3003822337,1229,8
2023,10909605,3003822337,1226,7
2023,10909605,3003822337,1231,7
2023,10909605,3003822337,1232,8
2023,10909605,3003822337,1233,9
2023,11336367,3003822337,0156,0
2023,11336367,3003822337,1231,6
2023,11336367,3003822337,1233,7
2023,10688314,3003822337,0156,0
2023,10688314,3003822337,1233,0
2023,10761942,3003822337,CV0001,7
2023,10761942,3003822337,1226,8
2023,10932819,3003822337,1231,6
2023,10932819,3003822337,1232,6
2023,10932819,3003822337,1236,6
2023,10889204,3003822337,1229,6
2023,10889204,3003822337,1231,7
2023,10762386,3003822337,1226,8
2023,10762386,3003822337,1236,5
2023,10920099,3003822337,1226,9
2023,10920099,3003822337,1232,9
2023,10920099,3003822337,1232,8
2023,10920099,3003822337,1233,9
2023,10897205,3003822337,1226,8
2023,10897205,3003822337,1226,7
2023,10897205,3003822337,1226,7
2023,10897205,3003822337,1232,7
2023,10789649,3003822337,1231,7
2023,10789649,3003822337,1232,7
2023,10789649,3003822337,1236,8
2023,11667242,3003822337,0156,9
2023,11667242,3003822337,1236,6
2023,10805487,3003822337,CV0001,9
2023,10805487,3003822337,0156,9
2023,10805487,3003822337,1233,7
2023,10805487,3003822337,1236,6
2023,12695609,3003822337,0156,0
2023,12695609,3003822337,0156,0
2023,12695609,3003822337,1226,0
2023,12695609,3003822337,1226,0
2023,12695609,3003822337,1232,0
2023,10858044,3003822337,1226,6
2023,10858044,3003822337,1229,6
2023,10858044,3003822337,1231,5
2023,10858044,3003822337,1236,7
2023,10858044,3003822337,1236,0
2023,11744036,3003822337,CV0001,10
2023,12932662,3003822337,1226,8
2023,13112701,3003822337,CV0001,4
2023,13112701,3003822337,CV0001,7
2023,13112701,3003822337,CV0001,7
2023,13112701,3003822337,1229,8
2023,13112701,3003822337,1236,5
2023,13112701,3003822337,1236,6
2023,10852104,3003822337,CV0001,7
2023,10852104,3003822337,CV0001,7
2023,10852104,3003822337,1226,3
2023,10852104,3003822337,1233,6
2023,10852104,3003822337,1236,7
2023,10887844,3003822337,CV0001,8
2023,10887844,3003822337,1226,6
2023,10887844,3003822337,1229,7
2023,10887844,3003822337,1236,8
2023,10851064,3003822337,CV0001,8
2023,10851064,3003822337,1226,3
2023,10851064,3003822337,1226,5
2023,10851064,3003822337,1231,4
2023,10851064,3003822337,1232,5
2023,10776722,3003822337,1233,7
2023,10791133,3003822337,CV0001,8
2023,10791133,3003822337,0156,8
2023,10791133,3003822337,0156,8
2023,10791133,3003822337,1236,6
2023,10277738,3003822449,0930,0
2023,10277738,3003822449,1014,0
2023,10736212,3003822449,0623,0
2023,10736212,3003822449,0930,7
2023,10736212,3003822449,1014,0
2023,10318774,3003822449,0930,7
2023,12300236,3003822449,0931,5
2023,12300236,3003822449,1010,5
2023,10689153,3003822449,0179,7
2023,12719809,3003822449,0179,10
2023,12719809,3003822449,0623,9
2023,10278035,3003822449,1014,0
2023,11502177,3003822449,CV0003,4
2023,11502177,3003822449,0930,8
2023,11502177,3003822449,1010,7
2023,10398706,3003822449,CV0003,0
2023,10398706,3003822449,0179,0
2023,10398706,3003822449,0930,8
2023,10398706,3003822449,0931,0
2023,10398706,3003822449,1010,0
2023,10398706,3003822449,1014,0
2023,10320697,3003822449,CV0003,7
2023,10320697,3003822449,0930,7
2023,10320697,3003822449,1010,7
2023,13261750,3003822449,CV0003,6
2023,13261750,3003822449,CV0003,0
2023,13261750,3003822449,0623,0
2023,13261750,3003822449,0930,7
2023,13261750,3003822449,1014,3
2023,13245229,3003822449,CV0003,0
2023,13245229,3003822449,1014,0
2023,10604170,3003822449,1014,0
2023,10718081,3003822449,0179,8
2023,10718081,3003822449,0931,7
2023,10718081,3003822449,1010,7
2023,10718081,3003822449,1014,7
2023,13242371,3003822449,0179,0
2023,13242371,3003822449,0930,0
2023,13242371,3003822449,0931,0
2023,13242371,3003822449,1014,0
2023,13243061,3003822449,CV0003,10
2023,13261894,3003822449,0930,0
2023,10826692,3003822449,CV0003,9
2023,10826692,3003822449,0179,9
2023,10826692,3003822449,0931,8
2023,10826692,3003822449,1014,8
2023,10795882,3003822449,CV0003,0
2023,10795882,3003822449,0179,9
2023,10795882,3003822449,0930,7
2023,10795882,3003822449,1014,8
2023,10833265,3003822449,0179,8
2023,10833265,3003822449,0179,8
2023,10833265,3003822449,0623,9
2023,10833265,3003822449,0931,9
2023,12735439,3003822449,0179,0
2023,12735439,3003822449,0623,9
2023,12735439,3003822449,0930,8
2023,10318925,3003822449,0930,4
2023,10584902,3003822449,1010,8
2023,10768351,3003822449,CV0003,8
2023,10768351,3003822449,0179,8
2023,10768351,3003822449,0930,7
2023,10768351,3003822449,0930,8
2023,13249466,3003822449,CV0003,9
2023,13249466,3003822449,0623,9
2023,13249466,3003822449,1010,8
2023,11330270,3003822449,0179,0
2023,11330270,3003822449,0623,0
2023,11330270,3003822449,0931,0
2023,11330270,3003822449,0931,0
2023,11330270,3003822449,1014,0
2023,10434495,3003822449,0931,7
2023,10434495,3003822449,1010,3
2023,10354121,3003822449,CV0003,7
2023,10354121,3003822449,0623,3
2023,10809481,3003822449,0623,7
2023,10809481,3003822449,0930,7
2023,10809481,3003822449,1014,9
2023,10852071,3003822449,CV0003,8
2023,10852071,3003822449,0930,6
2023,10852071,3003822449,1014,5
2023,10852071,3003822449,1014,6
2023,10432949,3003822449,0931,8
2023,10506770,3003822449,0179,0
2023,10270640,3003822449,CV0003,4
2023,10270640,3003822449,0623,5
2023,10270640,3003822449,0930,1
2023,10718886,3003822449,CV0003,7
2023,10718886,3003822449,0179,6
2023,10718886,3003822449,0623,7
2023,10718886,3003822449,0930,6
2023,12857786,3003822449,0623,3
2023,12857786,3003822449,1010,5
2023,10723795,3003822449,0623,8
2023,10723795,3003822449,0931,9
2023,10816484,3003822449,0930,6
2023,10816484,3003822449,1014,0
2023,10707845,3003822449,0179,7
2023,10707845,3003822449,0623,8
2023,10707845,3003822449,0930,6
2023,10707845,3003822449,0930,7
2023,10279046,3003822449,0930,7
2023,10279046,3003822449,0930,8
2023,10279046,3003822449,1010,7
2023,10691616,3003822449,0623,7
2023,10691616,3003822449,0623,6
2023,10691616,3003822449,0931,8
2023,10691616,3003822449,1010,6
2023,13242369,3003822449,0179,4
2023,13242369,3003822449,0623,3
2023,13242369,3003822449,1014,5
2023,10664778,3003822449,0930,6
2023,10664778,3003822449,1010,7
2023,10820754,3003822449,0930,7
2023,10820754,3003822449,0930,8
2023,13282254,3003822449,CV0003,7
2023,12480365,3003822449,0930,0
2023,12480365,3003822449,0931,0
2023,12480365,3003822449,0931,0
2023,11244122,3003822449,0623,0
2023,11244122,3003822449,0930,0
2023,10431067,3003822449,1010,3
2023,10690358,3003822449,1010,7
2023,13326344,3003822449,CV0003,0
2023,13326344,3003822449,0179,0
2023,13326344,3003822449,0623,0
2023,13326344,3003822449,0623,0
2023,13326344,3003822449,0623,0
2023,13326344,3003822449,1010,0
2023,10698475,3003822449,0179,4
2023,10698475,3003822449,0930,5
2023,10698475,3003822449,0930,7
2023,10017290,3003822456,1008,8
2023,10017290,3003822456,1109,10
2023,13040521,3003822456,1008,0
2023,13040521,3003822456,1009,7
2023,10700384,3003822456,1007,8
2023,10700384,3003822456,1110,9
2023,10244882,3003822456,1109,6
2023,10594447,3003822456,CV0004,8
2023,10594447,3003822456,1011,8
2023,13040510,3003822456,CV0004,9
2023,13040510,3003822456,1109,6
2023,10688987,3003822456,1007,8
2023,10688987,3003822456,1007,9
2023,10382660,3003822456,1007,6
2023,10382660,3003822456,1011,8
2023,10382660,3003822456,1109,6
2023,10211605,3003822456,1007,7
2023,10211605,3003822456,1012,8
2023,13040787,3003822456,CV0004,8
2023,13240343,3003822456,CV0004,4
2023,11074562,3003822456,1008,5
2023,11074562,3003822456,1109,8
2023,11074562,3003822456,1012,5
2023,10427710,3003822456,1011,8
2023,10017272,3003822456,CV0004,7
2023,10339026,3003822456,CV0004,0
2023,10339026,3003822456,1011,8
2023,10630518,3003822456,CV0004,9
2023,10630518,3003822456,1007,9
2023,10636290,3003822456,1011,4
2023,10420734,3003822456,CV0004,9
2023,10420734,3003822456,1007,9
2023,10420734,3003822456,1009,8
2023,10279200,3003822456,1007,8
2023,10279200,3003822456,1007,9
2023,10279200,3003822456,1008,9
2023,10338918,3003822456,1011,9
2023,10344807,3003822456,1011,7
2023,10377143,3003822456,1008,9
2023,10377143,3003822456,1009,8
2023,10414797,3003822456,1109,9
2023,10414557,3003822456,CV0004,8
2023,10414557,3003822456,1008,6
2023,10414557,3003822456,1009,7
2023,10414557,3003822456,1011,7
2023,10414557,3003822456,1109,8
2023,10734337,3003822456,1011,7
2023,10835663,3003822456,CV0004,9
2023,10839854,3003822456,CV0004,8
2023,10839854,3003822456,1011,6
2023,10839854,3003822456,1109,6
2023,10839854,3003822456,1109,7
2023,10839854,3003822456,1012,5
2023,10850813,3003822456,1008,7
2023,10850813,3003822456,1008,7
2023,10850813,3003822456,1109,9
2023,10850813,3003822456,1013,0
2023,11329660,3003822456,CV0004,8
2023,11329660,3003822456,1110,9
2023,11512394,3003822456,1110,8
2023,11645686,3003822456,1012,9
2023,12743886,3003822456,1009,8
2023,12743886,3003822456,1012,7
2023,10320146,3003822456,1011,7
2023,10320146,3003822456,1110,9
2023,10255058,3003822456,1007,0
2023,10255058,3003822456,1109,0
2023,10354186,3003822456,1008,8
2023,10354186,3003822456,1011,9
2023,10786442,3003822456,1008,7
2023,10322908,3003822456,1007,7
2023,10322908,3003822456,1008,6
2023,10349083,3003822456,1007,7
2023,10837518,3003822456,1011,7
2023,10313709,3003822456,1011,0
2023,10313709,3003822456,1109,0
2023,10689289,3003822456,1109,8
2023,10689289,3003822456,1110,8
2023,10689289,3003822456,1012,7
2023,10378770,3003822456,CV0004,7
2023,10378770,3003822456,1008,0
2023,10378770,3003822456,1109,6
2023,10248012,3003822456,1012,5
2023,10688794,3003822456,1011,10
2023,10433643,3003822456,CV0004,0
2023,10433643,3003822456,1110,0
2023,11488090,3003822456,1110,0
2023,10410306,3003822456,1007,8
2023,10410306,3003822456,1008,8
2023,10410306,3003822456,1011,9
2023,10410306,3003822456,1109,6
2023,10410306,3003822456,1110,9
2023,10792522,3003822456,1008,6
2023,10792522,3003822456,1110,9
2023,12636671,3003822456,1007,4
2023,12636671,3003822456,1009,5
2023,10123639,3003822456,1012,0
2023,10303629,3003822456,1009,7
2023,10303629,3003822456,1109,7
2023,10713535,3003822414,CV0003,7
2023,10713535,3003822414,0622,9
2023,10713535,3003822414,CV0008,8
2023,10700138,3003822414,CV0003,7
2023,10700138,3003822414,0179,7
2023,10700138,3003822414,0622,10
2023,10700138,3003822414,0625,9
2023,10700138,3003822414,CV0008,10
2023,10323951,3003822414,0622,9
2023,10323951,3003822414,0622,9
2023,10323951,3003822414,0623,9
2023,10819112,3003822414,CV0003,0
2023,10819112,3003822414,CV0003,0
2023,10819112,3003822414,0625,0
2023,10819112,3003822414,0627,0
2023,10819112,3003822414,CV0008,4
2023,11074029,3003822414,0622,9
2023,11074029,3003822414,0829,7
2023,11074029,3003822414,0829,7
2023,11074029,3003822414,0623,9
2023,10729579,3003822414,0179,10
2023,10729579,3003822414,0622,10
2023,10729579,3003822414,0625,10
2023,10748318,3003822414,0179,3
2023,10748318,3003822414,CV0008,8
2023,10839333,3003822414,CV0003,4
2023,10839333,3003822414,0622,8
2023,10839333,3003822414,0622,8
2023,10839333,3003822414,0623,8
2023,10839333,3003822414,CV0008,9
2023,10804683,3003822414,0179,4
2023,10804683,3003822414,CV0008,10
2023,10770133,3003822414,CV0003,4
2023,10770133,3003822414,0627,4
2023,10397145,3003822414,0627,8
2023,10752122,3003822414,CV0008,10
2023,10706042,3003822414,CV0003,7
2023,10706042,3003822414,CV0003,7
2023,10706042,3003822414,0625,9
2023,13288446,3003822414,0179,8
2023,13288467,3003822414,CV0003,3
2023,13288467,3003822414,0179,3
2023,13288467,3003822414,0625,9
2023,13288467,3003822414,0623,6
2023,10819055,3003822414,CV0003,9
2023,10819055,3003822414,CV0008,10
2023,10308372,3003822414,0622,0
2023,13291004,3003822414,CV0003,0
2023,13291004,3003822414,0625,0
2023,13293379,3003822414,0829,8
2023,13293379,3003822414,0627,6
2023,13297778,3003822414,0622,5
2023,13297778,3003822414,0622,7
2023,10745922,3003822407,0826,7
2023,12066525,3003822407,0825,9
2023,12066525,3003822407,0823,8
2023,12066525,3003822407,0826,9
2023,10014058,3003822407,0825,6
2023,10022321,3003822407,0823,6
2023,10022321,3003822407,0827,6
2023,10652514,3003822407,0827,7
2023,10652514,3003822407,0824,9
2023,13009966,3003822407,0823,7
2023,13009966,3003822407,0822,8
2023,13009966,3003822407,0822,8
2023,13009966,3003822407,0830,0
2023,11205447,3003822407,0826,7
2023,11205447,3003822407,0828,5
2023,10485798,3003822407,CV0004,7
2023,10485798,3003822407,CV0004,8
2023,10706084,3003822407,CV0004,6
2023,10706084,3003822407,0822,6
2023,10706084,3003822407,0826,6
2023,10017341,3003822407,0830,0
2023,10017341,3003822407,0826,7
2023,13054156,3003822407,0822,8
2023,13054156,3003822407,0830,0
2023,10657675,3003822407,0825,6
2023,10657675,3003822407,0822,7
2023,10657675,3003822407,0822,6
2023,10657675,3003822407,0826,7
2023,10870759,3003822407,CV0004,6
2023,10870759,3003822407,0822,6
2023,10870759,3003822407,0824,6
2023,10870759,3003822407,0830,0
2023,10515930,3003822407,0823,7
2023,10515930,3003822407,0826,7
2023,10723900,3003822872,243266,8
2023,10723900,3003822872,243266,9
2023,10723900,3003822872,243264,10
2023,10510771,3003822872,243265,9
2023,10510771,3003822872,243267,8
2023,10610021,3003822872,243264,6
2023,10697594,3003822872,243265,8
2023,10242875,3003822872,243267,8
2023,10242875,3003822872,243266,8
2023,10850218,3003822872,243266,7
2023,10697823,3003822872,243265,8
2023,10697823,3003822872,243264,7
2023,10697823,3003822872,243264,7
2023,10862844,3003822872,243265,9
2023,10862844,3003822872,243267,9
2023,10862844,3003822872,243264,9
2023,10706060,3003822872,243265,9
2023,10706060,3003822872,243264,8
2023,13285058,3003822872,243265,0
2023,13285058,3003822872,243266,0
2023,13285058,3003822872,243264,0
2023,10697613,3003822872,243265,9
2023,10697613,3003822872,243267,7
2023,10697613,3003822872,243267,7
2023,10515204,3003822872,243265,3
2023,10515204,3003822872,243267,0
2023,10515204,3003822872,243266,4
2023,10515204,3003822872,243266,5
2023,10515204,3003822872,243264,5
2023,11251858,3003822872,243267,10
2023,11251858,3003822872,243267,10
2023,11251858,3003822872,243264,10
2023,10645661,3003822872,243267,7
2023,10645661,3003822872,243267,7
2023,10697595,3003822872,243266,8
2023,10709718,3003822872,243267,8
2023,10689702,3003822872,243264,8
2023,10689702,3003822872,243264,7
2023,10772056,3003822872,243266,0
2023,10714036,3003822872,243267,7
2023,10272332,3003822879,243604,6
2023,10315233,3003822879,243602,9
2023,10514849,3003822879,243602,8
2023,10378335,3003822879,243601,0
2023,10378335,3003822879,243271,9
2023,10378335,3003822879,243270,7
2023,10394874,3003822879,243601,0
2023,10394874,3003822879,243271,7
2023,10402136,3003822879,243271,10
2023,10402136,3003822879,243270,9
2023,10439782,3003822879,243602,8
2023,10711901,3003822879,243602,9
2023,10729178,3003822879,243601,0
2023,10745527,3003822879,243602,8
2023,10745527,3003822879,243602,9
2023,11324910,3003822879,243604,6
2023,11324910,3003822879,243270,4
2023,11348992,3003822879,243604,8
2023,11501644,3003822879,243270,9
2023,11770012,3003822879,243601,0
2023,11770012,3003822879,243604,6
2023,13038288,3003822879,243602,9
2023,13038288,3003822879,243604,8
2023,13038386,3003822879,243602,8
2023,13038386,3003822879,243602,9
2023,13038386,3003822879,243604,8
2023,10364565,3003822879,243604,5
2023,10364565,3003822879,243270,6
2023,10916753,3003827233,CV0001,9
2023,10916753,3003827233,0437,8
2023,10916753,3003827233,0449,7
2023,10840996,3003827233,CV0001,8
2023,10840996,3003827233,0437,7
2023,10840996,3003827233,0449,5
2023,10840996,3003827233,0439,7
2023,12731696,3003827233,0439,9
2023,12731696,3003827233,0440,5
2023,12731696,3003827233,0440,7
2023,13116617,3003827233,CV0001,6
2023,13116617,3003827233,0449,7
2023,13116617,3003827233,0441,6
2023,13116617,3003827233,0441,6
2023,13116617,3003827233,0440,9
2023,13116617,3003827233,0156,6
2023,10926432,3003827233,0437,8
2023,10926432,3003827233,0449,9
2023,10926432,3003827233,0439,7
2023,10416752,3003827233,0441,9
2023,12839405,3003827233,0441,5
2023,12839405,3003827233,0440,0
2023,10308441,3003827233,0439,9
2023,10991644,3003827233,0441,5
2023,10888026,3003827233,0438,8
2023,10888026,3003827233,0156,8
2023,11802825,3003827233,CV0001,8
2023,11802825,3003827233,0441,8
2023,11802825,3003827233,0439,8
2023,11802825,3003827233,0156,8
2023,12788547,3003827233,CV0001,4
2023,12788547,3003827233,0438,9
2023,12788547,3003827233,0438,8
2023,13101838,3003827233,CV0001,5
2023,13101838,3003827233,0449,6
2023,13101838,3003827233,0441,7
2023,13101838,3003827233,0440,7
2023,10737176,3003827233,0437,9
2023,10737176,3003827233,0449,9
2023,10737176,3003827233,0439,9
2023,12561461,3003827233,CV0001,0
2023,12561461,3003827233,0437,0
2023,12561461,3003827233,0441,0
2023,12561461,3003827233,0441,0
2023,12561461,3003827233,0440,3
2023,10887591,3003827233,0156,9
2023,10899530,3003827233,0441,4
2023,10899530,3003827233,0438,6
2023,10899530,3003827233,0440,8
2023,10899530,3003827233,0156,9
2023,11248561,3003827233,0437,2
2023,11248561,3003827233,0156,4
2023,11402624,3003827233,0441,8
2023,11402624,3003827233,0440,10
2023,11349452,3003827233,0441,5
2023,11349452,3003827233,0438,8
2023,13263652,3003827233,CV0001,0
2023,13263652,3003827233,0437,0
2023,13263652,3003827233,0438,0
2023,13263652,3003827233,0440,0
2023,13263652,3003827233,0156,0
2023,10793477,3003827233,0437,6
2023,10793477,3003827233,0439,6
2023,10793477,3003827233,0439,7
2023,10793477,3003827233,0156,7
2023,10793462,3003827233,0437,8
2023,10793462,3003827233,0156,7
2023,10925424,3003827233,CV0001,9
2023,10925424,3003827233,0439,5
2023,10925424,3003827233,0438,9
2023,10925424,3003827233,0440,7
2023,12832437,3003827233,0441,6
2023,12832437,3003827233,0439,6
2023,12832437,3003827233,0439,9
2023,10302214,3003827233,0437,0
2023,10805007,3003827233,CV0001,8
2023,10805007,3003827233,CV0001,4
2023,10805007,3003827233,0441,2
2023,10805007,3003827233,0441,2
2023,10805007,3003827233,0440,4
2023,13263684,3003827233,0438,8
2023,13263684,3003827233,0440,10
2023,13263684,3003827233,0156,7
2023,10942424,3003827233,0438,0
2023,11068958,3003827233,0441,0
2023,11068958,3003827233,0438,0
2023,10431853,3003827233,0439,9
2023,10431853,3003827233,0440,9
2023,13249406,3003827233,CV0001,7
2023,13249406,3003827233,0449,5
2023,13249406,3003827233,0439,8
2023,13249406,3003827233,0438,6
2023,13249406,3003827233,0438,4
2023,13249406,3003827233,0156,8
2023,10325396,3003827233,0156,7
2023,11780432,3003827233,CV0001,6
2023,11780432,3003827233,CV0001,6
2023,11780432,3003827233,0441,7
2023,11998646,3003827233,0437,0
2023,11998646,3003827233,0441,2
2023,11998646,3003827233,0441,0
2023,11998646,3003827233,0440,0
2023,10924358,3003827233,0441,7
2023,10924358,3003827233,0441,8
2023,10924358,3003827233,0440,5
2023,10924358,3003827233,0440,7
2023,10924358,3003827233,0156,4
2023,10924358,3003827233,0156,4
2023,12890835,3003827233,0437,6
2023,12890835,3003827233,0441,8
2023,12890835,3003827233,0156,4
2023,12853739,3003827233,0441,9
2023,12853739,3003827233,0438,8
2023,10453160,3003827233,CV0001,0
2023,10453160,3003827233,0437,0
2023,10453160,3003827233,0438,0
2023,10453160,3003827233,0156,0
2023,12116573,3003827233,CV0001,9
2023,12116573,3003827233,0437,8
2023,12116573,3003827233,0449,7
2023,12116573,3003827233,0441,9
2023,12116573,3003827233,0438,7
2023,12736231,3003827233,CV0001,4
2023,12736231,3003827233,0439,8
2023,12736231,3003827233,0440,10
2023,10787713,3003827233,CV0001,10
2023,10787713,3003827233,0437,7
2023,10787713,3003827233,0449,8
2023,10857947,3003827233,0437,6
2023,10857947,3003827233,0441,3
2023,10857947,3003827233,0440,6
2023,11738860,3003827233,0439,9
2023,11738860,3003827233,0439,9
2023,11738860,3003827233,0439,8
2023,10707891,3003827233,0449,7
2023,10707891,3003827233,0449,6
2023,10707891,3003827233,0439,5
2023,11240615,3003827233,CV0001,6
2023,11240615,3003827233,CV0001,6
2023,11240615,3003827233,0440,0
2023,10657315,3003827233,0437,10
2023,10657315,3003827233,0439,10
2023,10657315,3003827233,0439,10
2023,10940185,3003827233,0437,8
2023,10940185,3003827233,0449,8
2023,10940185,3003827233,0438,7
2023,10940185,3003827233,0440,10
2023,10940185,3003827233,0440,9
2023,10940185,3003827233,0156,6
2023,10940185,3003827233,0156,6
2023,10798521,3003827233,0437,7
2023,10798521,3003827233,0439,6
2023,10798521,3003827233,0156,7
2023,12402217,3003827233,0441,0
2023,11504482,3003827233,CV0001,0
2023,11504482,3003827233,0437,0
2023,11504482,3003827233,0449,0
2023,11504482,3003827233,0439,0
2023,11504482,3003827233,0438,0
2023,11504482,3003827233,0156,0
2023,10728710,3003827233,0437,7
2023,10728710,3003827233,0439,4
2023,10728710,3003827233,0438,0
2023,10728710,3003827233,0440,4
2023,10268408,3003827233,0437,0
2023,10268408,3003827233,0441,0
2023,10268408,3003827233,0441,0
2023,10268408,3003827233,0439,0
2023,10268408,3003827233,0156,0
2023,10679709,3003827233,CV0001,7
2023,10679709,3003827233,0437,6
2023,10679709,3003827233,0449,6
2023,10679709,3003827233,0439,6
2023,10679709,3003827233,0438,4
2023,10679709,3003827233,0438,0
2023,12571872,3003827233,CV0001,0
2023,12571872,3003827233,0449,8
2023,12571872,3003827233,0449,0
2023,12571872,3003827233,0449,0
2023,12380827,3003827233,0437,7
2023,12380827,3003827233,0439,9
2023,10932086,3003827233,0439,0
2023,10932086,3003827233,0438,0
2023,11480547,3003827233,0437,0
2023,13035060,3003827240,0442,6
2023,10707679,3003827240,CV0002,9
2023,10707679,3003827240,0443,6
2023,11569585,3003827240,0442,0
2023,11569585,3003827240,0448,0
2023,12623647,3003827240,CV0002,1
2023,12623647,3003827240,CV0002,6
2023,12623647,3003827240,0443,5
2023,10314841,3003827240,CV0002,0
2023,10314841,3003827240,0446,0
2023,10314841,3003827240,0443,0
2023,10314841,3003827240,0448,0
2023,11739905,3003827240,0448,7
2023,11739905,3003827240,0448,8
2023,11010026,3003827240,CV0002,6
2023,10496592,3003827240,0443,3
2023,10906957,3003827240,0446,6
2023,11254522,3003827240,CV0002,8
2023,11254522,3003827240,0442,9
2023,11254522,3003827240,0448,8
2023,11502410,3003827240,CV0002,4
2023,11502410,3003827240,0448,0
2023,12096343,3003827240,0443,0
2023,12096343,3003827240,0448,0
2023,10603770,3003827240,0442,0
2023,10174516,3003827240,CV0002,8
2023,10174516,3003827240,0446,5
2023,10174516,3003827240,0442,7
2023,11350133,3003827240,CV0002,0
2023,11350133,3003827240,0448,0
2023,11236365,3003827240,0446,0
2023,11241112,3003827240,CV0002,6
2023,12730573,3003827240,0446,10
2023,10323662,3003827240,0446,0
2023,10411560,3003827240,0443,6
2023,10411560,3003827240,0442,7
2023,13035058,3003827240,CV0002,4
2023,13035058,3003827240,0448,7
2023,11325287,3003827240,0442,8
2023,11325287,3003827240,0448,7
2023,10017455,3003827240,0442,9
2023,10742998,3003827240,CV0002,8
2023,10645465,3003827240,CV0002,7
2023,10645465,3003827240,0443,5
2023,10645465,3003827240,0442,8
2023,10679723,3003827240,0443,4
2023,10805222,3003827240,CV0002,9
2023,10805222,3003827240,CV0002,9
2023,11664368,3003827240,0442,7
2023,12287443,3003827240,0443,5
2023,12320496,3003827240,0443,0
2023,12320496,3003827240,0443,0
2023,12320496,3003827240,0448,5
2023,13035179,3003827240,0448,7
2023,13263634,3003827240,0443,8
2023,11177748,3003827240,CV0002,8
2023,11540321,3003827240,0451,0
2023,10711877,3003827317,0657,0
2023,12468964,3003826604,0173,7
2023,10709639,3003826604,0173,7
2023,12398431,3003826604,0173,8
2023,13257485,3003826604,0173,0
2023,13257407,3003826604,0173,0
2023,10699672,3003826604,0173,6
2023,10282475,3003826604,0173,9
2023,10411178,3003826604,0173,8
2023,13288501,3003826604,0173,8
2023,13248215,3003827324,0649,4
2023,10601480,3003827324,0649,4
2023,11144559,3003827324,0649,4
2023,12567860,3003827324,0649,9
2023,13242358,3003827324,0651,0
2023,10382359,3003827317,0655,7
2023,10406699,3003827317,0655,0
2023,10308888,3003827317,0655,8
2023,10018398,3003827317,0655,8
2023,10327143,3003827317,0652,4
2023,10433556,3003827317,0655,1
2023,10443245,3003827317,0655,5
2023,11490214,3003827317,0657,9
2023,13038772,3003827317,0657,7
2023,10413017,3003827317,0657,10
2023,10083896,3003827317,0653,2
2023,10792497,3003827317,0655,10
2023,10246117,3003827317,0654,6
2023,10866566,3003829510,028502,6
2023,10787438,3003829510,028501,7
2023,10834203,3003829629,1368,6
2023,10707900,3003829629,1369,8
2023,10701794,3003829629,1369,9
2023,10734168,3003829629,1369,8
2023,10319363,3003829629,1370,4
2023,10381433,3003829636,1375,10
2023,10462592,3003829636,1375,10
2023,10700981,3003829636,1375,9
2023,10709570,3003829636,1375,8
2023,10689544,3003829636,1378,0
2023,11406626,3003828705,5071,0
2023,10789928,3003828705,5071,0
2023,10496577,3003828900,0379,9
2023,10707778,3003828900,0376,0
2023,10303547,3003828900,0376,7
2023,11415977,3003828900,0379,8
2023,10017378,3003828900,0379,5
2023,10984790,3003828816,0485,2
2023,10318925,3003822449,0931,6
2023,10976329,3003828823,0495,0
2023,10277644,3003828823,0492,6
2023,10201417,3003828795,0617,10
2023,10679677,3003828795,0617,7
2023,10663063,3003828795,0617,7
2023,10362119,3003828795,0617,0
2023,10013834,3003828795,CV0003,0
2023,13245936,3003828795,0483,0
2023,10663493,3003828788,0616,0
2023,10663109,3003828767,CV0002,0
2023,10410140,3003828767,CV0002,0
2023,10679666,3003828767,0226,6
2023,13031141,3003828767,0227,4
2023,11088604,3003828760,0221,9
2023,10909591,3003828760,0221,9
2023,10906556,3003828760,0221,4
2023,10911129,3003828760,0221,7
2023,10283255,3003828760,CV0001,8
2023,10713860,3003828760,CV0001,0
2023,10283255,3003828760,0229,5
2023,10713860,3003828760,0225,0
2023,12270997,3003828760,0225,0
2023,12571287,3003828788,0619,0
2023,12905546,3003826541,0177,0
2023,11316431,3003826541,0177,0
2023,12870301,3003826541,0177,0
2023,10664803,3003826541,0177,0
2023,11564256,3003826541,0177,0
2023,10698462,3003826604,0173,4
2023,13257485,3003826604,0173,5
2023,10348121,3003826604,0383,5
2023,10428047,3003826632,0391,0
2023,10303294,3003826632,0391,0
2023,10689153,3003822449,1010,6
2023,10278035,3003822449,0931,7
2023,10411578,3003822449,1010,0
2023,10398706,3003822449,1010,0
2023,12735439,3003822449,0931,9
2023,10723795,3003822449,0930,8
2023,10691616,3003822449,0931,6
2023,13242369,3003822449,0931,3
2023,10594447,3003822456,1012,10
2023,10281379,3003822456,1009,8
2023,10839854,3003822456,1008,5
2023,10282698,3003822456,1110,10
2023,13009966,3003822407,CV0010,9
2023,10513334,3003822407,CV0010,8
2023,10297347,3003822879,243271,9
2023,10817599,3003822879,243271,9
2023,13038380,3003822879,243601,0
2023,13116617,3003827233,0438,7
2023,10942424,3003827233,0438,0
2023,10793477,3003827233,0441,8
2023,11825745,3003828767,0228,0
2023,10325396,3003827233,0437,9
2023,11502410,3003827240,0446,6
2023,13263612,3003827240,0446,9
2023,10361518,3003827240,0451,0
2023,10707705,3003827240,0451,0
2023,10852107,3003827240,0451,0
2023,10697215,3003827240,CV0002,8
2023,13263634,3003827240,0442,9
2023,10403903,3003827324,CV0003,0
2023,10279159,3003827324,0647,7
2023,10454503,3003827324,0651,8
2023,10406699,3003827317,CV0004,0
2023,10433556,3003827317,0656,0
2023,12095826,3003827317,0655,7
2023,10823864,3003829510,028505,0
2023,10388745,3003829517,028601,0
2023,10458861,3003829517,028601,0
2023,13063115,3003829517,028601,0
2023,12558926,3003829629,1369,0
2023,10834203,3003829629,1367,7
2023,13256847,3003829629,1376,10
2023,10657266,3003829636,1378,0
2023,11316122,3003829636,1372,0
2023,10428862,3003828691,5024,0
2023,10328167,3003828705,5071,6
2023,10646249,3003828705,5072,4
2023,10500950,3003828900,0374,0
2023,10707778,3003828900,0374,0
2023,10799062,3003828900,0379,8
2023,10832097,3003828893,0369,4
2023,12427040,3003828823,CV0004,2
2023,10293307,3003828823,CV0004,2
2023,11088015,3003828788,CV0004,0
2023,13038828,3003828788,0619,0
2023,10663109,3003828767,0228,0
2023,10833893,3003828760,CV0001,0
2023,12510469,3003828760,CV0001,0
2023,10283255,3003828760,0225,7
2023,13006056,3003828760,0229,1
2023,10376639,3003826548,0176,0
2023,13240820,3003826541,0177,0
2023,13245158,3003826541,0177,6
2023,10805336,3003826541,0172,8
2023,12142369,3003826611,0400,6
2023,10786213,3003826611,0400,7
2023,10513851,3003826604,0171,4
2023,10041748,3003826632,CV0004,0
2023,10707825,3003826625,0172,5
2023,10248447,3003826611,0403,0
2023,10835701,3003822344,1228,0
2023,10813126,3003822344,1228,8
2023,10689153,3003822449,0931,4
2023,13249466,3003822449,0931,9
2023,10723795,3003822449,0623,9
2023,13242370,3003822449,0931,8
2023,10664778,3003822449,0623,6
2023,10431067,3003822449,0931,6
2023,10594447,3003822456,1013,0
2023,10433643,3003822456,1110,0
2023,12066525,3003822407,CV0010,9
2023,11248561,3003827233,0156,5
2023,10805007,3003827233,0439,0
2023,10688886,3003827233,0439,5
2023,10325396,3003827233,0441,6
2023,12485328,3003827240,0451,0
2023,11616775,3003827240,0448,0
2023,10707732,3003827324,0650,8
2023,10707732,3003827324,0649,4
2023,10679661,3003827324,0179,7
2023,10679661,3003827324,0651,8
2023,10679661,3003827324,0647,7
2023,10354855,3003827324,0179,8
2023,10354855,3003827324,0647,0
2023,10437711,3003827324,0179,10
2023,10437711,3003827324,0651,8
2023,10437711,3003827324,0651,9
2023,13245586,3003827324,0658,9
2023,10509826,3003827324,0648,8
2023,11875204,3003827324,CV0003,0
2023,13248312,3003827324,0651,3
2023,13248312,3003827324,0651,3
2023,13248312,3003827324,0650,0
2023,13248312,3003827324,0649,8
2023,13248595,3003827324,0650,7
2023,13248595,3003827324,0650,8
2023,10279159,3003827324,CV0003,4
2023,10279159,3003827324,0658,6
2023,10279159,3003827324,0647,0
2023,10419461,3003827324,0179,0
2023,10419461,3003827324,0648,0
2023,10419461,3003827324,0647,0
2023,12737880,3003827324,CV0003,8
2023,12737880,3003827324,CV0003,9
2023,12737880,3003827324,0179,8
2023,12737880,3003827324,0648,10
2023,12737880,3003827324,0648,9
2023,13248215,3003827324,0651,6
2023,13248215,3003827324,0658,6
2023,13248215,3003827324,0648,5
2023,13248215,3003827324,0649,5
2023,11262097,3003827324,CV0003,9
2023,11262097,3003827324,0648,5
2023,11825237,3003827324,0179,6
2023,10454503,3003827324,0651,7
2023,10862522,3003827324,0179,7
2023,10862522,3003827324,0658,5
2023,10862522,3003827324,0648,7
2023,10862522,3003827324,0647,7
2023,10862522,3003827324,0647,6
2023,10862522,3003827324,0647,7
2023,10662076,3003827324,0651,0
2023,10662076,3003827324,0650,0
2023,10980328,3003827324,0179,4
2023,11671593,3003827324,CV0003,0
2023,11671593,3003827324,0179,3
2023,11671593,3003827324,0179,0
2023,11671593,3003827324,0650,0
2023,10470524,3003827324,CV0003,4
2023,10470524,3003827324,CV0003,0
2023,10470524,3003827324,0179,4
2023,10470524,3003827324,0658,0
2023,10470524,3003827324,0647,0
2023,10470524,3003827324,0647,0
2023,10470524,3003827324,0647,0
2023,12568905,3003827324,0648,6
2023,12568905,3003827324,0649,8
2023,10792061,3003827324,0179,7
2023,10792061,3003827324,0650,7
2023,10792061,3003827324,0648,8
2023,11572297,3003827324,CV0003,7
2023,12731205,3003827324,CV0003,6
2023,12731205,3003827324,0647,5
2023,10735143,3003827324,0651,4
2023,10256545,3003827324,CV0003,0
2023,10256545,3003827324,0179,0
2023,10256545,3003827324,0651,0
2023,10256545,3003827324,0650,0
2023,10256545,3003827324,0648,0
2023,10256545,3003827324,0649,0
2023,10835661,3003827324,0650,7
2023,11335638,3003827324,0651,8
2023,11335638,3003827324,0648,4
2023,10500611,3003827324,0179,4
2023,10500611,3003827324,0650,8
2023,10500611,3003827324,0647,6
2023,10819298,3003827324,0651,9
2023,10819298,3003827324,0648,6
2023,12840433,3003827324,0648,6
2023,12567860,3003827324,0647,9
2023,12567860,3003827324,0647,9
2023,10615696,3003827324,CV0003,0
2023,10615696,3003827324,0179,0
2023,10615696,3003827324,0651,0
2023,10615696,3003827324,0651,0
2023,10615696,3003827324,0649,0
2023,10615696,3003827324,0647,0
2023,10615696,3003827324,0647,0
2023,13282224,3003827324,0650,8
2023,12839144,3003827324,0179,8
2023,12839144,3003827324,0647,7
2023,11170823,3003827324,0649,7
2023,11837806,3003827324,0650,7
2023,11837806,3003827324,0647,7
2023,10403903,3003827324,CV0003,0
2023,10403903,3003827324,0650,0
2023,10403903,3003827324,0649,0
2023,10403903,3003827324,0647,0
2023,11144559,3003827324,0179,7
2023,11144559,3003827324,0647,8
2023,10679690,3003827324,CV0003,9
2023,10679690,3003827324,0651,8
2023,10679690,3003827324,0658,6
2023,10679690,3003827324,0648,7
2023,11057251,3003827324,0650,5
2023,11057251,3003827324,0648,7
2023,11057251,3003827324,0649,6
2023,11057251,3003827324,0649,9
2023,10689191,3003827324,0651,9
2023,10689191,3003827324,0649,8
2023,10689191,3003827324,0647,8
2023,13242358,3003827324,0658,5
2023,13242358,3003827324,0658,0
2023,13242358,3003827324,0648,0
2023,12584277,3003827324,0651,0
2023,12584277,3003827324,0650,7
2023,12584277,3003827324,0649,0
2023,12584277,3003827324,0649,0
2023,12584277,3003827324,0649,0
2023,11583817,3003827324,0647,0
2023,13242362,3003827324,0179,5
2023,13242362,3003827324,0648,6
2023,13246215,3003827324,0648,6
2023,13298754,3003827324,0647,0
2023,13320897,3003827324,0179,3
2023,13320897,3003827324,0649,0
2023,10601480,3003827324,CV0003,0
2023,10601480,3003827324,0179,0
2023,10601480,3003827324,0651,8
2023,10601480,3003827324,0648,6
2023,10434680,3003827317,CV0004,5
2023,12735122,3003827317,0652,7
2023,12735122,3003827317,0654,6
2023,10410551,3003827317,CV0004,3
2023,10382359,3003827317,0652,7
2023,10406699,3003827317,0652,4
2023,10406699,3003827317,0653,1
2023,10406699,3003827317,0654,0
2023,10263726,3003827317,0657,6
2023,12731503,3003827317,0654,0
2023,10779826,3003827317,0655,6
2023,10779826,3003827317,0655,4
2023,10327143,3003827317,0652,0
2023,10327143,3003827317,0654,0
2023,10412777,3003827317,0652,9
2023,10412777,3003827317,0652,8
2023,11490214,3003827317,0652,7
2023,11490214,3003827317,0654,6
2023,13038772,3003827317,CV0004,6
2023,13038772,3003827317,0655,6
2023,13038681,3003827317,0655,7
2023,13038681,3003827317,0655,6
2023,10406699,3003827317,0657,0
2023,11569504,3003827317,0653,0
2023,11569504,3003827317,0654,0
2023,11877392,3003827317,CV0004,0
2023,11877392,3003827317,CV0004,0
2023,11312274,3003827317,0652,5
2023,12734235,3003827317,0654,7
2023,10421574,3003827317,CV0004,7
2023,10300393,3003827317,0653,0
2023,10300393,3003827317,0654,0
2023,10413017,3003827317,0652,9
2023,10391035,3003827317,0652,7
2023,10391035,3003827317,0656,6
2023,10391035,3003827317,0654,4
2023,10083896,3003827317,0655,0
2023,10083896,3003827317,0652,7
2023,10083896,3003827317,0653,4
2023,13038809,3003827317,0652,9
2023,11838297,3003827317,0657,9
2023,10416763,3003827317,0656,0
2023,13038756,3003827317,0654,2
2023,13038756,3003827317,0654,3
2023,12400744,3003827317,0653,6
2023,12400744,3003827317,0656,6
2023,11158351,3003827317,CV0004,5
2023,11158351,3003827317,0655,7
2023,11399278,3003827317,0657,6
2023,10268999,3003827317,0657,8
2023,10360919,3003827317,0655,7
2023,10360919,3003827317,0654,5
2023,12095826,3003827317,CV0004,8
2023,12095826,3003827317,0653,7
2023,10743797,3003827317,0653,5
2023,10792497,3003827317,0653,7
2023,11084757,3003827317,0654,6
2023,10366490,3003827317,0655,10
2023,10366490,3003827317,0656,10
2023,10366490,3003827317,0656,10
2023,10366490,3003827317,0660,0
2023,10706049,3003827317,0656,10
2023,12739273,3003827317,0652,7
2023,10711877,3003827317,0656,7
2023,10711877,3003827317,0660,0
2023,11248528,3003827317,0655,9
2023,11248528,3003827317,0657,6
2023,11248528,3003827317,0653,7
2023,11672699,3003827317,0655,6
2023,11672699,3003827317,0653,3
2023,11672699,3003827317,0660,0
2023,12746359,3003827317,0657,10
2023,12746359,3003827317,0653,10
2023,12746359,3003827317,0660,0
2023,10018398,3003827317,0655,8
2023,10018398,3003827317,0654,8
2023,10018398,3003827317,0654,7
2023,10246117,3003827317,0652,7
2023,10323618,3003827317,0656,5
2023,10688217,3003827317,0652,8
2023,10698000,3003827317,0655,6
2023,10698000,3003827317,0660,0
2023,10705909,3003827317,CV0004,7
2023,10705909,3003827317,0656,9
2023,10963934,3003827317,0656,7
2023,10434391,3003827317,0657,9
2023,10653326,3003827317,0655,6
2023,10653326,3003827317,0652,8
2023,10653326,3003827317,0656,7
2023,10443245,3003827317,0653,2
2023,12491074,3003827317,0655,6
2023,11320679,3003829510,028504,7
2023,11320679,3003829510,028503,7
2023,11320679,3003829510,028100,9
2023,11320679,3003829510,028100,9
2023,10894547,3003829510,028502,9
2023,10894547,3003829510,028501,9
2023,11487403,3003829510,028502,0
2023,11487403,3003829510,028504,5
2023,11487403,3003829510,028501,6
2023,11487403,3003829510,028100,9
2023,10707780,3003829510,028503,4
2023,10707780,3003829510,028501,7
2023,10281596,3003829510,028503,7
2023,10281596,3003829510,028503,9
2023,10593808,3003829510,028502,9
2023,10593808,3003829510,028503,6
2023,10593808,3003829510,028501,7
2023,11055595,3003829510,028504,6
2023,11055595,3003829510,028505,8
2023,11234733,3003829510,028501,2
2023,11234733,3003829510,028100,9
2023,11507257,3003829510,028502,7
2023,11507257,3003829510,028100,9
2023,10891407,3003829510,028502,8
2023,10891407,3003829510,028502,8
2023,10891407,3003829510,028502,9
2023,11048215,3003829510,028501,7
2023,11830567,3003829510,028504,7
2023,11830567,3003829510,028505,6
2023,11830567,3003829510,028001,8
2023,11830567,3003829510,028001,7
2023,11830567,3003829510,028501,9
2023,11830567,3003829510,028100,10
2023,10927479,3003829510,028100,9
2023,10333869,3003829510,028503,9
2023,10333869,3003829510,028501,9
2023,10786265,3003829510,028503,8
2023,12459446,3003829510,028504,0
2023,12868237,3003829510,028505,6
2023,12868237,3003829510,028501,1
2023,10420607,3003829510,028501,5
2023,12938752,3003829510,028502,9
2023,12938752,3003829510,028502,9
2023,13281547,3003829510,028502,3
2023,13281547,3003829510,028502,6
2023,13239736,3003829510,028502,4
2023,13239736,3003829510,028504,5
2023,13263382,3003829510,028502,0
2023,13263382,3003829510,028001,0
2023,13263382,3003829510,028503,0
2023,13263382,3003829510,028501,0
2023,13263382,3003829510,028100,0
2023,11572959,3003829510,028503,8
2023,11572959,3003829510,028100,10
2023,10802283,3003829510,028505,4
2023,10802283,3003829510,028505,8
2023,10802283,3003829510,028503,8
2023,12426107,3003829510,028001,9
2023,12426107,3003829510,028001,9
2023,12426107,3003829510,028501,9
2023,11495623,3003829510,028504,8
2023,11495623,3003829510,028504,8
2023,11495623,3003829510,028503,7
2023,11495623,3003829510,028501,6
2023,13274066,3003829510,028502,0
2023,13274066,3003829510,028504,0
2023,13274066,3003829510,028100,0
2023,13274066,3003829510,028100,0
2023,10737199,3003829510,028502,4
2023,10737199,3003829510,028505,7
2023,13240658,3003829510,028502,9
2023,13240658,3003829510,028001,8
2023,13240658,3003829510,028501,10
2023,13240658,3003829510,028501,9
2023,13105352,3003829510,028502,6
2023,13105352,3003829510,028001,7
2023,13105352,3003829510,028501,2
2023,13105352,3003829510,028100,10
2023,12569296,3003829510,028502,9
2023,12569296,3003829510,028504,7
2023,12569296,3003829510,028501,8
2023,10436905,3003829510,028504,8
2023,10436905,3003829510,028505,0
2023,10436905,3003829510,028503,8
2023,13033829,3003829510,028504,8
2023,13095162,3003829510,028505,10
2023,13095162,3003829510,028001,9
2023,13095162,3003829510,028001,9
2023,13095162,3003829510,028501,10
2023,13095162,3003829510,028100,9
2023,10907341,3003829510,028504,10
2023,10907341,3003829510,028001,7
2023,10907341,3003829510,028503,9
2023,10907341,3003829510,028100,9
2023,11485242,3003829510,028501,8
2023,11485242,3003829510,028100,10
2023,11619741,3003829510,028504,9
2023,11895957,3003829510,028502,9
2023,10244186,3003829510,028502,7
2023,10525708,3003829510,028504,7
2023,10525708,3003829510,028505,6
2023,10525708,3003829510,028100,10
2023,10784833,3003829510,028502,8
2023,10784833,3003829510,028504,5
2023,10784833,3003829510,028504,6
2023,10784833,3003829510,028505,7
2023,10784833,3003829510,028503,8
2023,10784833,3003829510,028501,6
2023,10762349,3003829510,028504,2
2023,10762349,3003829510,028503,7
2023,10762349,3003829510,028503,8
2023,10762349,3003829510,028501,8
2023,10762349,3003829510,028100,9
2023,10788057,3003829510,028503,7
2023,10783722,3003829510,028502,7
2023,10783722,3003829510,028502,7
2023,10783722,3003829510,028001,8
2023,10438200,3003829510,028504,0
2023,10438200,3003829510,028501,0
2023,10244802,3003829510,028504,7
2023,10244802,3003829510,028505,7
2023,10244802,3003829510,028503,6
2023,10866566,3003829510,028001,0
2023,10866566,3003829510,028001,5
2023,10866566,3003829510,028501,0
2023,10866566,3003829510,028100,8
2023,10899221,3003829510,028502,8
2023,10899221,3003829510,028504,9
2023,10899221,3003829510,028505,8
2023,10899221,3003829510,028501,8
2023,10323990,3003829510,028504,10
2023,10323990,3003829510,028504,10
2023,10323990,3003829510,028505,10
2023,13245317,3003829510,028502,0
2023,11903090,3003829510,028502,10
2023,11903090,3003829510,028504,9
2023,11903090,3003829510,028001,9
2023,11903090,3003829510,028503,8
2023,11407450,3003829510,028504,7
2023,12695436,3003829510,028503,7
2023,12695436,3003829510,028100,10
2023,10027392,3003829510,028503,0
2023,10805472,3003829510,028502,4
2023,10805472,3003829510,028504,4
2023,10805472,3003829510,028504,3
2023,10805472,3003829510,028505,4
2023,10805472,3003829510,028001,3
2023,10805472,3003829510,028503,3
2023,10805472,3003829510,028501,1
2023,10805472,3003829510,028100,1
2023,12623151,3003829510,028501,7
2023,10630162,3003829510,028502,0
2023,10630162,3003829510,028501,0
2023,10630162,3003829510,028501,0
2023,12738447,3003829510,028501,2
2023,12873247,3003829510,028505,4
2023,12873247,3003829510,028503,8
2023,10476696,3003829510,028504,9
2023,10476696,3003829510,028504,8
2023,10279654,3003829510,028503,6
2023,10380752,3003829510,028001,9
2023,10823864,3003829510,028502,0
2023,10823864,3003829510,028001,8
2023,13246090,3003829510,028502,9
2023,13246090,3003829510,028504,10
2023,12656419,3003829510,028100,10
2023,10893181,3003829510,028503,7
2023,10893181,3003829510,028501,9
2023,13281688,3003829510,028503,8
2023,13281688,3003829510,028501,7
2023,13281688,3003829510,028100,10
2023,10808367,3003829510,028502,4
2023,10808367,3003829510,028505,7
2023,10808367,3003829510,028100,10
2023,10808367,3003829510,028100,9
2023,11318786,3003829510,028504,8
2023,11318786,3003829510,028100,10
2023,11261849,3003829510,028504,8
2023,11261849,3003829510,028505,7
2023,12739113,3003829510,028504,6
2023,12739113,3003829510,028505,4
2023,12739113,3003829510,028100,9
2023,10615480,3003829510,028100,9
2023,13246042,3003829510,028100,10
2023,10804587,3003829510,028503,3
2023,10804587,3003829510,028100,4
2023,12837351,3003829510,028502,7
2023,12837351,3003829510,028503,8
2023,10898139,3003829510,028504,8
2023,10898139,3003829510,028501,9
2023,10898139,3003829510,028100,7
2023,12858788,3003829510,028502,10
2023,12858788,3003829510,028100,9
2023,12858788,3003829510,028100,10
2023,12419064,3003829510,028504,7
2023,12419064,3003829510,028001,7
2023,12419064,3003829510,028503,6
2023,13255314,3003829510,028502,7
2023,13255314,3003829510,028505,5
2023,13034042,3003829510,028503,9
2023,13034042,3003829510,028503,9
2023,10819064,3003829510,028505,7
2023,13001804,3003829510,028503,10
2023,10904286,3003829510,028505,10
2023,10904286,3003829510,028505,9
2023,11237080,3003829510,028502,10
2023,11237080,3003829510,028100,10
2023,10358166,3003829510,028100,7
2023,10358166,3003829510,028100,9
2023,10574437,3003829510,028502,3
2023,10574437,3003829510,028504,7
2023,10574437,3003829510,028501,7
2023,10574437,3003829510,028100,9
2023,10787438,3003829510,028502,4
2023,10787438,3003829510,028504,7
2023,10020005,3003829510,028502,6
2023,10020005,3003829510,028504,8
2023,10020005,3003829510,028504,8
2023,10020005,3003829510,028505,7
2023,10020005,3003829510,028501,7
2023,10020005,3003829510,028100,10
2023,10282570,3003829517,028601,0
2023,13096999,3003829517,028601,0
2023,10830110,3003829517,028601,0
2023,10857822,3003829517,028601,0
2023,13032796,3003829517,028601,0
2023,10027372,3003829629,CV0003,9
2023,10027372,3003829629,1367,8
2023,10027372,3003829629,1368,4
2023,10027372,3003829629,1376,9
2023,10486854,3003829629,1370,6
2023,10657224,3003829629,CV0003,9
2023,10657224,3003829629,1376,9
2023,11831183,3003829629,CV0003,8
2023,11831183,3003829629,1367,7
2023,13281830,3003829629,CV0003,4
2023,13281830,3003829629,CV0003,4
2023,13281830,3003829629,CV0003,7
2023,13281830,3003829629,1369,9
2023,10689174,3003829629,1367,9
2023,10735610,3003829629,1370,8
2023,10839832,3003829629,CV0003,7
2023,10839832,3003829629,1367,8
2023,10698929,3003829629,1370,0
2023,10698929,3003829629,1367,0
2023,10698929,3003829629,1368,0
2023,10814218,3003829629,1368,4
2023,12558926,3003829629,CV0003,0
2023,10707900,3003829629,CV0003,8
2023,10707900,3003829629,1376,9
2023,10978127,3003829629,1370,4
2023,10978127,3003829629,1369,4
2023,10742955,3003829629,1367,8
2023,10742955,3003829629,1368,10
2023,10698110,3003829629,CV0003,8
2023,10698110,3003829629,1370,9
2023,10698110,3003829629,1367,8
2023,10698110,3003829629,1367,8
2023,10698110,3003829629,1368,8
2023,10396024,3003829629,1367,9
2023,10396024,3003829629,1369,10
2023,12739203,3003829629,1367,9
2023,10635766,3003829629,1370,6
2023,10635766,3003829629,1376,0
2023,13242130,3003829629,1370,10
2023,13242130,3003829629,1367,10
2023,13242130,3003829629,1367,10
2023,10707767,3003829629,CV0003,10
2023,10707767,3003829629,1376,9
2023,10707767,3003829629,1376,8
2023,10781254,3003829629,1370,10
2023,10781254,3003829629,1367,9
2023,10781254,3003829629,1368,8
2023,10781254,3003829629,1369,9
2023,10620831,3003829629,1370,8
2023,10620831,3003829629,1368,8
2023,10620831,3003829629,1376,10
2023,10017422,3003829629,1370,9
2023,10017422,3003829629,1367,9
2023,10017422,3003829629,1368,8
2023,10017422,3003829629,1368,9
2023,10017422,3003829629,1376,9
2023,10319363,3003829629,1367,8
2023,10652405,3003829629,1367,9
2023,10678151,3003829629,CV0003,5
2023,10678151,3003829629,1367,4
2023,10701794,3003829629,1370,5
2023,10701794,3003829629,1368,7
2023,10678799,3003829629,CV0003,0
2023,10678799,3003829629,1368,0
2023,10729710,3003829629,1369,0
2023,10687463,3003829629,1368,7
2023,10687463,3003829629,1369,4
2023,10687463,3003829629,1369,0
2023,13242092,3003829629,1367,6
2023,13242092,3003829629,1368,4
2023,13256847,3003829629,1368,10
2023,10822528,3003829629,1370,9
2023,10822528,3003829629,1369,8
2023,10324078,3003829629,1370,10
2023,10324078,3003829629,1368,9
2023,10324078,3003829629,1369,9
2023,13273466,3003829629,CV0003,6
2023,13273466,3003829629,1370,3
2023,13273466,3003829629,1369,4
2023,13273466,3003829629,1369,0
2023,13273466,3003829629,1369,4
2023,12478386,3003829629,1370,0
2023,12478386,3003829629,1368,4
2023,12478386,3003829629,1369,5
2023,10859549,3003829629,1370,9
2023,10859549,3003829629,1368,4
2023,13011023,3003829629,CV0003,6
2023,13011023,3003829629,1370,7
2023,13011023,3003829629,1368,4
2023,13011023,3003829629,1376,8
2023,10657734,3003829629,1368,6
2023,11316204,3003829629,CV0003,8
2023,11316204,3003829629,1368,9
2023,11316204,3003829629,1368,4
2023,11316204,3003829629,1376,10
2023,10711968,3003829629,1369,8
2023,10513391,3003829636,1372,8
2023,10513391,3003829636,1373,8
2023,10634969,3003829636,1373,8
2023,10392520,3003829636,1372,4
2023,10392520,3003829636,1373,5
2023,10392520,3003829636,1377,7
2023,10411129,3003829636,1375,10
2023,10411129,3003829636,1373,8
2023,10411129,3003829636,1374,8
2023,10678949,3003829636,1375,9
2023,10691096,3003829636,1371,7
2023,10691096,3003829636,1371,7
2023,10691103,3003829636,1371,5
2023,10691103,3003829636,1374,7
2023,10705842,3003829636,CV0004,8
2023,10706057,3003829636,1371,8
2023,10784679,3003829636,1375,10
2023,10784679,3003829636,1374,9
2023,10816497,3003829636,1375,0
2023,10792613,3003829636,1371,7
2023,10792613,3003829636,1374,8
2023,10829974,3003829636,1371,7
2023,10836592,3003829636,1373,0
2023,10836592,3003829636,1374,8
2023,12826253,3003829636,CV0004,8
2023,12826253,3003829636,1374,8
2023,13056692,3003829636,1374,9
2023,13056692,3003829636,1377,6
2023,10013793,3003829636,1375,7
2023,10025975,3003829636,1371,7
2023,10025975,3003829636,1373,9
2023,10024512,3003829636,1372,9
2023,10024512,3003829636,1377,9
2023,10636299,3003829636,CV0004,7
2023,10636299,3003829636,1374,8
2023,10307743,3003829636,1371,6
2023,10307743,3003829636,1372,6
2023,10307743,3003829636,1372,7
2023,10307743,3003829636,1373,4
2023,10307743,3003829636,1377,9
2023,10381433,3003829636,1371,6
2023,10691132,3003829636,1375,0
2023,10691132,3003829636,1372,3
2023,10691132,3003829636,1377,7
2023,10700544,3003829636,CV0004,7
2023,10700981,3003829636,1377,9
2023,10709570,3003829636,CV0004,7
2023,10709570,3003829636,1371,6
2023,10709570,3003829636,1372,8
2023,10709570,3003829636,1373,8
2023,10734359,3003829636,1371,4
2023,10734359,3003829636,1373,7
2023,10737469,3003829636,CV0004,7
2023,10737469,3003829636,CV0004,8
2023,10737469,3003829636,1372,7
2023,10737469,3003829636,1372,9
2023,10819896,3003829636,1375,6
2023,10819896,3003829636,1374,8
2023,10852053,3003829636,1371,4
2023,10852053,3003829636,1372,7
2023,10852053,3003829636,1373,9
2023,10852053,3003829636,1374,4
2023,10865461,3003829636,1372,9
2023,11167937,3003829636,1373,7
2023,11167937,3003829636,1374,6
2023,12608298,3003829636,1372,10
2023,12608298,3003829636,1374,10
2023,12736051,3003829636,1371,7
2023,12736834,3003829636,1373,8
2023,12736834,3003829636,1373,7
2023,10174423,3003829636,1371,10
2023,10174423,3003829636,1374,9
2023,10174423,3003829636,1374,8
2023,10174423,3003829636,1377,8
2023,10319161,3003829636,1375,5
2023,10386780,3003829636,1372,2
2023,10706031,3003829636,1375,10
2023,10706031,3003829636,1374,9
2023,10328898,3003829636,1372,7
2023,10776959,3003829636,1372,0
2023,10776959,3003829636,1377,7
2023,10691028,3003829636,1374,0
2023,11316122,3003829636,1375,0
2023,11568799,3003829636,CV0004,5
2023,11568799,3003829636,CV0004,6
2023,11568799,3003829636,1371,8
2023,10352236,3003828691,5023,8
2023,10293577,3003828691,5024,0
2023,10293577,3003828691,5026,0
2023,12734604,3003828691,5022,9
2023,12734604,3003828691,5023,9
2023,12734604,3003828691,5024,8
2023,10428862,3003828691,5025,0
2023,10428862,3003828691,5026,0
2023,11484277,3003828691,5026,10
2023,12430202,3003828691,5026,8
2023,12430202,3003828691,5026,9
2023,10400378,3003828691,5021,10
2023,10146282,3003828691,5022,10
2023,10146282,3003828691,5026,10
2023,10747088,3003828691,5024,8
2023,10747088,3003828691,5025,8
2023,10514340,3003828691,5023,9
2023,10376123,3003828691,5025,7
2023,10398753,3003828691,5022,0
2023,10398753,3003828691,5025,9
2023,10398753,3003828691,5025,0
2023,10398753,3003828691,5026,0
2023,10949781,3003828691,5022,10
2023,10432545,3003828691,5021,0
2023,10432545,3003828691,5021,0
2023,10432545,3003828691,5022,0
2023,10698939,3003828691,5021,9
2023,10254544,3003828691,5022,9
2023,13297404,3003828691,5021,8
2023,13297404,3003828691,5024,8
2023,13297404,3003828691,5025,8
2023,10652460,3003828691,5023,0
2023,10652460,3003828691,5024,0
2023,10652460,3003828691,5026,0
2023,10652460,3003828691,5026,0
2023,10328167,3003828705,5073,6
2023,10328167,3003828705,5075,0
2023,11406626,3003828705,5073,0
2023,11406626,3003828705,5073,0
2023,10688139,3003828705,5074,4
2023,10700769,3003828705,5075,9
2023,10646249,3003828705,5073,0
2023,12447243,3003828705,5072,7
2023,10352435,3003828705,5071,7
2023,10276576,3003828705,5073,6
2023,10276576,3003828705,5074,9
2023,11167622,3003828705,5071,0
2023,11167622,3003828705,5071,0
2023,11167622,3003828705,5072,0
2023,11167622,3003828705,5073,0
2023,11167622,3003828705,5074,0
2023,11407481,3003828705,5072,0
2023,10018367,3003828705,5071,5
2023,10018367,3003828705,5074,7
2023,10018367,3003828705,5074,0
2023,10496141,3003828705,5073,0
2023,10254384,3003828705,5072,0
2023,10525957,3003828705,5074,0
2023,10278806,3003828705,5072,10
2023,10278806,3003828705,5075,10
2023,10182546,3003828705,5071,7
2023,10470240,3003828900,0381,6
2023,10470240,3003828900,0374,6
2023,10303547,3003828900,CV0004,4
2023,10303547,3003828900,0377,4
2023,10500950,3003828900,0376,1
2023,10380889,3003828900,CV0004,8
2023,10380889,3003828900,0375,7
2023,10380889,3003828900,0377,8
2023,10380889,3003828900,0376,9
2023,10409990,3003828900,0381,5
2023,10409990,3003828900,0382,0
2023,10409990,3003828900,0377,7
2023,10819337,3003828900,0382,0
2023,10819337,3003828900,0377,7
2023,10792555,3003828900,0376,7
2023,11512963,3003828900,0376,6
2023,11512963,3003828900,0376,6
2023,11512963,3003828900,0379,6
2023,10652552,3003828900,0375,10
2023,10652552,3003828900,0382,0
2023,10652552,3003828900,0376,10
2023,10652552,3003828900,0374,9
2023,10496577,3003828900,0375,7
2023,10711859,3003828900,0381,7
2023,10797555,3003828900,0379,9
2023,10797555,3003828900,0378,7
2023,10797555,3003828900,0378,8
2023,10797555,3003828900,0377,7
2023,10851128,3003828900,CV0004,9
2023,10851128,3003828900,0378,6
2023,11415977,3003828900,0378,8
2023,11415977,3003828900,0378,9
2023,11415977,3003828900,0375,6
2023,11415977,3003828900,0377,7
2023,11646742,3003828900,0381,6
2023,11646742,3003828900,0382,0
2023,11646742,3003828900,0374,7
2023,11646742,3003828900,0374,8
2023,10017378,3003828900,0377,6
2023,10017378,3003828900,0376,6
2023,10294470,3003828900,0382,0
2023,10427819,3003828900,0377,5
2023,10427819,3003828900,0376,9
2023,10799062,3003828900,CV0004,10
2023,10799062,3003828900,0376,9
2023,10640918,3003828900,0379,8
2023,10855729,3003828893,CV0003,9
2023,10855729,3003828893,0370,7
2023,10855729,3003828893,0370,9
2023,10855729,3003828893,0373,8
2023,10855729,3003828893,0371,9
2023,10855729,3003828893,0380,9
2023,10855729,3003828893,0380,8
2023,10864476,3003828893,0373,6
2023,10864476,3003828893,0371,4
2023,10832097,3003828893,0371,7
2023,10611327,3003828893,0370,9
2023,11242377,3003828893,CV0003,8
2023,11242377,3003828893,0370,7
2023,11242377,3003828893,0370,7
2023,11242377,3003828893,0373,5
2023,11242377,3003828893,0371,9
2023,10332972,3003828893,0373,8
2023,10332972,3003828893,0372,7
2023,10267085,3003828893,0370,6
2023,10267085,3003828893,0372,6
2023,10837451,3003828893,0370,7
2023,10837451,3003828893,0371,8
2023,10837451,3003828893,0371,8
2023,10837451,3003828893,0371,8
2023,12722174,3003828893,0371,6
2023,12722174,3003828893,0372,7
2023,12722174,3003828893,0369,4
2023,12722174,3003828893,0369,6
2023,13257199,3003828893,0370,9
2023,10963354,3003828893,CV0003,4
2023,10963354,3003828893,CV0003,7
2023,10963354,3003828893,0370,8
2023,10963354,3003828893,0373,9
2023,10963354,3003828893,0372,9
2023,10707901,3003828893,0370,6
2023,10832107,3003828893,0370,7
2023,10832107,3003828893,0371,8
2023,11635385,3003828893,0372,8
2023,11635385,3003828893,0380,8
2023,10679688,3003828893,0369,4
2023,10691654,3003828893,0372,6
2023,10691654,3003828893,0372,7
2023,10691654,3003828893,0372,7
2023,10707654,3003828893,0372,4
2023,10707654,3003828893,0380,7
2023,10676228,3003828893,0371,7
2023,10676228,3003828893,0369,8
2023,10687382,3003828893,0372,4
2023,10687382,3003828893,0369,8
2023,10837560,3003828893,0371,9
2023,10837560,3003828893,0372,9
2023,10837560,3003828893,0369,9
2023,10837560,3003828893,0369,9
2023,12427040,3003828823,0490,4
2023,12427040,3003828823,0488,2
2023,12433973,3003828823,CV0004,10
2023,12433973,3003828823,0488,8
2023,13163302,3003828823,0490,8
2023,10279324,3003828823,0491,2
2023,10279324,3003828823,0491,5
2023,10979745,3003828823,0494,8
2023,10979745,3003828823,0490,3
2023,10979745,3003828823,0490,5
2023,11891674,3003828823,0491,0
2023,11891674,3003828823,0486,0
2023,10277644,3003828823,0494,2
2023,12737929,3003828823,0491,8
2023,10293307,3003828823,0494,6
2023,10292823,3003828823,CV0004,0
2023,13038074,3003828823,0490,9
2023,10707674,3003828823,0490,0
2023,10707674,3003828823,0490,0
2023,11254010,3003828823,0490,4
2023,11254010,3003828823,0489,4
2023,10326385,3003828823,0491,9
2023,11430449,3003828823,0494,3
2023,11430449,3003828823,0494,0
2023,11430449,3003828823,0486,9
2023,10664873,3003828823,CV0004,7
2023,10279526,3003828823,0491,0
2023,10279526,3003828823,0490,10
2023,10279526,3003828823,0490,0
2023,10865901,3003828823,CV0004,0
2023,10865901,3003828823,0490,0
2023,10865901,3003828823,0486,6
2023,10470608,3003828823,0491,1
2023,10470608,3003828823,0490,0
2023,10470608,3003828823,0486,0
2023,13038149,3003828823,0494,3
2023,13038149,3003828823,0491,0
2023,13038149,3003828823,0488,0
2023,13038149,3003828823,0486,0
2023,12563774,3003828823,0489,10
2023,10264374,3003828823,CV0004,0
2023,10264374,3003828823,CV0004,0
2023,10264374,3003828823,0488,0
2023,11572662,3003828823,0489,8
2023,11572662,3003828823,0489,9
2023,11572662,3003828823,0488,8
2023,10943078,3003828823,0489,10
2023,10943078,3003828823,0488,8
2023,10254372,3003828823,0492,0
2023,10254372,3003828823,0489,10
2023,10399819,3003828823,CV0004,5
2023,10399819,3003828823,0488,5
2023,10399819,3003828823,0486,9
2023,12717811,3003828823,0494,0
2023,12717811,3003828823,0491,2
2023,11400429,3003828823,CV0004,1
2023,11400429,3003828823,CV0004,0
2023,11400429,3003828823,0491,6
2023,12636390,3003828823,0490,8
2023,10730670,3003828795,CV0003,10
2023,10730670,3003828795,0373,8
2023,10730670,3003828795,0373,10
2023,10730670,3003828795,0484,10
2023,13245350,3003828795,0483,0
2023,13245350,3003828795,0483,0
2023,13245350,3003828795,0617,0
2023,10837069,3003828795,0373,6
2023,10837069,3003828795,0485,8
2023,10837069,3003828795,0483,7
2023,10585523,3003828795,0487,6
2023,10441204,3003828795,0373,10
2023,10441204,3003828795,0484,8
2023,10441204,3003828795,0483,8
2023,10820972,3003828795,0373,9
2023,10820972,3003828795,0373,9
2023,10279258,3003828795,CV0003,0
2023,10279258,3003828795,0373,0
2023,10279258,3003828795,0487,0
2023,10279258,3003828795,0484,0
2023,10279258,3003828795,0617,0
2023,10635824,3003828795,0373,5
2023,10635824,3003828795,0373,6
2023,10635824,3003828795,0485,7
2023,10635824,3003828795,0483,4
2023,10604661,3003828795,CV0003,0
2023,10604661,3003828795,0487,0
2023,10604661,3003828795,0485,0
2023,10604661,3003828795,0483,0
2023,10604661,3003828795,0483,0
2023,13248857,3003828795,0373,9
2023,10332148,3003828795,CV0003,10
2023,13245291,3003828795,0487,0
2023,13245291,3003828795,0484,0
2023,13245291,3003828795,0484,0
2023,13245903,3003828795,0487,0
2023,13245903,3003828795,0483,0
2023,13245903,3003828795,0617,0
2023,13245942,3003828795,0483,0
2023,10254986,3003828795,0485,10
2023,10254986,3003828795,0617,10
2023,10255828,3003828795,0373,5
2023,10255828,3003828795,0483,0
2023,10201417,3003828795,0487,9
2023,10201417,3003828795,0485,9
2023,10365185,3003828795,0373,7
2023,10365185,3003828795,0484,8
2023,10365185,3003828795,0483,9
2023,10365185,3003828795,0617,8
2023,10663063,3003828795,0485,5
2023,10663063,3003828795,0484,7
2023,13245900,3003828795,0373,10
2023,13245900,3003828795,0373,8
2023,10852247,3003828795,0485,8
2023,10852247,3003828795,0484,8
2023,10852247,3003828795,0483,8
2023,10375230,3003828795,0485,1
2023,10454428,3003828795,0487,0
2023,11569845,3003828795,0373,7
2023,11569845,3003828795,0485,0
2023,11569845,3003828795,0485,0
2023,11569845,3003828795,0484,0
2023,10364384,3003828795,0487,9
2023,10364384,3003828795,0484,9
2023,10304488,3003828795,0487,0
2023,12040403,3003828795,0485,4
2023,12040403,3003828795,0484,8
2023,10689194,3003828795,0373,8
2023,10689194,3003828795,0373,7
2023,10689194,3003828795,0485,9
2023,11231256,3003828795,0487,5
2023,11231256,3003828795,0485,2
2023,10013834,3003828795,CV0003,9
2023,10013834,3003828795,0373,8
2023,10013834,3003828795,0487,0
2023,10013834,3003828795,0484,0
2023,10013834,3003828795,0617,0
2023,10323451,3003828795,0487,4
2023,10282899,3003828795,CV0003,9
2023,10282899,3003828795,0485,7
2023,10282899,3003828795,0483,8
2023,10817332,3003828795,0485,4
2023,12735228,3003828795,0487,7
2023,12735228,3003828795,0487,7
2023,10304827,3003828795,0483,
2023,10392051,3003828795,CV0003,8
2023,10392051,3003828795,0373,6
2023,10392051,3003828795,0487,7
2023,10392051,3003828795,0487,7
2023,10392051,3003828795,0485,4
2023,10392051,3003828795,0484,6
2023,10392051,3003828795,0617,7
2023,13245876,3003828795,0484,9
2023,13245876,3003828795,0483,8
2023,13245936,3003828795,CV0003,8
2023,13245936,3003828795,0373,0
2023,13245936,3003828795,0484,1
2023,13245936,3003828795,0483,0
2023,10851164,3003828795,0487,2
2023,10851164,3003828795,0487,1
2023,11240348,3003828795,CV0003,0
2023,11240348,3003828795,0483,0
2023,10362119,3003828795,0484,7
2023,12558196,3003828795,0487,0
2023,12587239,3003828795,0617,0
2023,10666129,3003828795,0487,4
2023,10666129,3003828795,0483,6
2023,10666129,3003828795,0617,6
2023,10278578,3003828795,0373,0
2023,10278578,3003828795,0484,0
2023,11778439,3003828795,0484,0
2023,11778439,3003828795,0483,5
2023,10241522,3003828788,0612,6
2023,10634225,3003828788,0615,0
2023,10634225,3003828788,0613,0
2023,10247323,3003828788,0615,7
2023,10247323,3003828788,0614,8
2023,10247323,3003828788,0613,8
2023,10261771,3003828788,0614,7
2023,10574443,3003828788,0618,8
2023,10574443,3003828788,0613,6
2023,10707841,3003828788,0619,0
2023,10707841,3003828788,0613,9
2023,11088015,3003828788,0618,0
2023,11088015,3003828788,0613,0
2023,11782852,3003828788,0616,9
2023,11782852,3003828788,0614,8
2023,10319905,3003828788,0618,8
2023,10319905,3003828788,0614,7
2023,10403933,3003828788,0619,0
2023,10403933,3003828788,0615,8
2023,10249394,3003828788,0614,8
2023,10249394,3003828788,0613,10
2023,10249394,3003828788,0612,10
2023,10269568,3003828788,0613,6
2023,10308808,3003828788,0618,8
2023,10604775,3003828788,CV0004,7
2023,10604775,3003828788,0614,7
2023,10676208,3003828788,0615,10
2023,10676208,3003828788,0613,10
2023,10676208,3003828788,0612,10
2023,13038816,3003828788,0619,0
2023,13038828,3003828788,CV0004,9
2023,10640914,3003828788,CV0004,8
2023,10640914,3003828788,0616,9
2023,10640914,3003828788,0614,4
2023,10640914,3003828788,0612,8
2023,10304867,3003828788,0614,8
2023,10304867,3003828788,0614,8
2023,10304867,3003828788,0612,7
2023,10407215,3003828788,0612,8
2023,10708221,3003828788,0619,0
2023,12250190,3003828767,CV0002,0
2023,12936130,3003828767,CV0002,0
2023,10758419,3003828767,CV0002,7
2023,10758419,3003828767,0231,0
2023,12557047,3003828767,0227,0
2023,10863174,3003828767,0230,7
2023,13031606,3003828767,0230,8
2023,10679666,3003828767,0227,1
2023,13031141,3003828767,CV0002,4
2023,10756607,3003828767,CV0002,10
2023,10756607,3003828767,0230,9
2023,10756607,3003828767,0224,9
2023,10427584,3003828767,0231,0
2023,11825745,3003828767,0230,5
2023,11825745,3003828767,0224,0
2023,10351465,3003828767,CV0002,9
2023,10351465,3003828767,0230,6
2023,10757001,3003828767,CV0002,9
2023,10882466,3003828767,0230,7
2023,10882466,3003828767,0230,9
2023,10679710,3003828767,0230,7
2023,10679710,3003828767,0231,0
2023,10762343,3003828767,0227,9
2023,10770657,3003828767,0226,8
2023,10805501,3003828767,0227,5
2023,10762023,3003828767,0230,7
2023,10762023,3003828767,0226,9
2023,10807600,3003828767,0227,9
2023,10814487,3003828767,0228,8
2023,10856605,3003828767,0226,8
2023,13046184,3003828767,CV0002,8
2023,13046184,3003828767,CV0002,8
2023,13046184,3003828767,0230,9
2023,11804013,3003828767,0224,3
2023,11804013,3003828767,0227,1
2023,12559471,3003828767,0230,8
2023,12559471,3003828767,0226,8
2023,12559471,3003828767,0224,10
2023,12559471,3003828767,0227,8
2023,10938543,3003828760,CV0001,0
2023,10938543,3003828760,CV0001,0
2023,10938543,3003828760,0223,0
2023,10938543,3003828760,0221,0
2023,10833893,3003828760,0221,1
2023,10910799,3003828760,0221,8
2023,10910799,3003828760,0229,9
2023,10789656,3003828760,CV0001,7
2023,10789656,3003828760,0223,9
2023,10789656,3003828760,0229,7
2023,10789656,3003828760,0229,7
2023,10911373,3003828760,CV0001,8
2023,10911373,3003828760,0221,7
2023,10911373,3003828760,0229,8
2023,11088604,3003828760,0223,10
2023,11088604,3003828760,0221,9
2023,11088604,3003828760,0229,9
2023,10283255,3003828760,CV0001,8
2023,10283255,3003828760,0221,7
2023,10909591,3003828760,0223,9
2023,10909591,3003828760,0221,4
2023,10390554,3003828760,0225,3
2023,10390554,3003828760,0223,8
2023,10390554,3003828760,0221,8
2023,10390554,3003828760,0221,8
2023,10390554,3003828760,0222,8
2023,11567531,3003828760,0225,0
2023,11567531,3003828760,0223,0
2023,11567531,3003828760,0221,0
2023,11567531,3003828760,0229,0
2023,12736633,3003828760,CV0001,0
2023,12736633,3003828760,0225,0
2023,12736633,3003828760,0223,0
2023,12736633,3003828760,0223,0
2023,12736633,3003828760,0221,0
2023,12736633,3003828760,0229,0
2023,10305237,3003828760,CV0001,0
2023,10305237,3003828760,0222,0
2023,10017433,3003828760,0225,6
2023,10017433,3003828760,0223,8
2023,10017433,3003828760,0221,9
2023,10325203,3003828760,CV0001,7
2023,10325203,3003828760,0225,9
2023,10325203,3003828760,0223,8
2023,10325203,3003828760,0229,8
2023,10906556,3003828760,0223,8
2023,10906556,3003828760,0221,4
2023,10906556,3003828760,0229,7
2023,11421089,3003828760,0225,6
2023,12865232,3003828760,0225,0
2023,10912321,3003828760,0225,8
2023,10912321,3003828760,0223,10
2023,11337364,3003828760,0225,0
2023,11337364,3003828760,0222,0
2023,11337364,3003828760,0222,0
2023,11571793,3003828760,CV0001,0
2023,11571793,3003828760,0222,0
2023,13006056,3003828760,CV0001,5
2023,13006056,3003828760,0223,5
2023,13006056,3003828760,0222,0
2023,10762391,3003828760,0221,7
2023,10762391,3003828760,0221,6
2023,10762391,3003828760,0229,7
2023,10911129,3003828760,CV0001,9
2023,10911129,3003828760,0225,4
2023,10911129,3003828760,0222,4
2023,10911129,3003828760,0222,6
2023,12510469,3003828760,0221,4
2023,12510469,3003828760,0222,7
2023,10416745,3003828760,0225,6
2023,10416745,3003828760,0229,5
2023,12505624,3003828760,CV0001,7
2023,12505624,3003828760,0229,5
2023,12505624,3003828760,0229,5
2023,12505624,3003828760,0222,0
2023,13250561,3003828760,CV0001,8
2023,13250561,3003828760,CV0001,8
2023,13250561,3003828760,0229,5
2023,10392662,3003828760,CV0001,0
2023,10392662,3003828760,0225,0
2023,10392662,3003828760,0222,0
2023,12731167,3003828760,CV0001,0
2023,12731167,3003828760,0223,0
2023,12731167,3003828760,0223,0
2023,12731167,3003828760,0229,0
2023,12731167,3003828760,0222,0
2023,12731167,3003828760,0222,0
2023,10466174,3003828760,0221,0
2023,10837080,3003828760,CV0001,8
2023,10837080,3003828760,0225,6
2023,10837080,3003828760,0221,7
2023,10837080,3003828760,0221,8
2023,10837080,3003828760,0229,9
2023,10819052,3003828760,CV0001,4
2023,10819052,3003828760,0225,3
2023,10819052,3003828760,0223,9
2023,10819052,3003828760,0229,5
2023,13086978,3003828760,0225,8
2023,13086978,3003828760,0223,7
2023,13086978,3003828760,0221,9
2023,13086978,3003828760,0222,9
2023,13086978,3003828760,0222,8
2023,11763179,3003828760,0229,0
2023,10888617,3003828760,CV0001,9
2023,10888617,3003828760,0225,8
2023,10888617,3003828760,0223,8
2023,10888617,3003828760,0222,7
2023,12270997,3003828760,CV0001,0
2023,11407222,3003828760,0221,7
2023,12609908,3003828760,0225,0
2023,12609908,3003828760,0223,10
2023,10885064,3003828760,0223,6
2023,10885064,3003828760,0222,4
2023,10904569,3003828760,CV0001,10
2023,10904569,3003828760,0229,8
2023,10904569,3003828760,0222,7
2023,10937956,3003828760,CV0001,0
2023,10937956,3003828760,CV0001,0
2023,10937956,3003828760,0223,0
2023,10937956,3003828760,0221,0
2023,10937956,3003828760,0222,0
2023,13321692,3003828760,0229,0
2023,13321692,3003828760,0222,0
2023,12739162,3003826548,0183,5
2023,12739162,3003826548,0175,4
2023,12634107,3003826548,0175,6
2023,12708907,3003826548,0183,10
2023,12708907,3003826548,0175,8
2023,10636300,3003826548,0180,8
2023,10636300,3003826548,0176,8
2023,12708907,3003826548,0184,0
2023,10636300,3003826548,0184,0
2023,10304560,3003826548,0176,9
2023,10691401,3003826548,CV0004,8
2023,10691401,3003826548,0175,8
2023,11186762,3003826548,0175,6
2023,11402080,3003826548,CV0004,9
2023,11402080,3003826548,0181,4
2023,11402080,3003826548,0176,8
2023,11402080,3003826548,0176,9
2023,13035643,3003826548,0175,7
2023,13097118,3003826548,0180,0
2023,13097118,3003826548,0178,2
2023,10014485,3003826548,0184,0
2023,10014485,3003826548,0176,8
2023,10014485,3003826548,0175,9
2023,10640379,3003826548,CV0004,8
2023,10640379,3003826548,0178,8
2023,10357602,3003826548,0181,7
2023,10357602,3003826548,0184,0
2023,10357602,3003826548,0183,8
2023,10734117,3003826548,0180,9
2023,10734117,3003826548,0184,0
2023,10734117,3003826548,0183,7
2023,12675110,3003826548,CV0004,3
2023,12675110,3003826548,0178,5
2023,12675110,3003826548,0175,7
2023,13034970,3003826548,0183,5
2023,12003293,3003826548,CV0004,0
2023,10759106,3003826548,0180,9
2023,10935906,3003826548,0183,0
2023,10935906,3003826548,0175,0
2023,11329159,3003826548,0183,9
2023,11329159,3003826548,0176,8
2023,10406692,3003826548,0181,5
2023,10406692,3003826548,0176,7
2023,10406692,3003826548,0178,7
2023,10406692,3003826548,0175,6
2023,10134445,3003826548,0181,6
2023,10134445,3003826548,0176,7
2023,10134445,3003826548,0178,8
2023,13263308,3003826541,CV0003,6
2023,13263308,3003826541,0171,5
2023,13263308,3003826541,0172,5
2023,13263308,3003826541,0173,5
2023,13263308,3003826541,0182,4
2023,13240820,3003826541,CV0003,0
2023,13240820,3003826541,0172,4
2023,13240820,3003826541,0172,0
2023,11568873,3003826541,CV0003,9
2023,11568873,3003826541,0171,7
2023,11568873,3003826541,0172,8
2023,11568873,3003826541,0173,8
2023,11568873,3003826541,0174,8
2023,10742422,3003826541,0179,6
2023,10742422,3003826541,0179,4
2023,10742422,3003826541,0171,7
2023,10742422,3003826541,0172,8
2023,10742422,3003826541,0177,7
2023,10742422,3003826541,0177,6
2023,12679099,3003826541,0171,5
2023,12679099,3003826541,0172,5
2023,12679099,3003826541,0174,0
2023,12679099,3003826541,0182,0
2023,11921786,3003826541,CV0003,10
2023,11921786,3003826541,0171,6
2023,11921786,3003826541,0172,7
2023,11921786,3003826541,0172,8
2023,11921786,3003826541,0174,7
2023,10805336,3003826541,0179,4
2023,10805336,3003826541,0177,7
2023,10507995,3003826541,0171,6
2023,10507995,3003826541,0171,4
2023,10507995,3003826541,0171,6
2023,10507995,3003826541,0172,8
2023,10507995,3003826541,0173,8
2023,10507995,3003826541,0177,6
2023,10507995,3003826541,0177,6
2023,13249462,3003826541,0171,8
2023,10264508,3003826541,0174,5
2023,10838901,3003826541,CV0003,4
2023,10838901,3003826541,0179,4
2023,10838901,3003826541,0171,5
2023,10838901,3003826541,0173,6
2023,10838901,3003826541,0173,7
2023,10838901,3003826541,0174,6
2023,10838901,3003826541,0182,6
2023,10838901,3003826541,0177,7
2023,10838901,3003826541,0177,7
2023,10487908,3003826541,0179,8
2023,10487908,3003826541,0173,7
2023,10487908,3003826541,0174,8
2023,10487908,3003826541,0174,9
2023,10581335,3003826541,0171,9
2023,10581335,3003826541,0173,9
2023,10581335,3003826541,0182,10
2023,10713910,3003826541,0172,8
2023,13245158,3003826541,0179,6
2023,13245158,3003826541,0182,5
2023,13245158,3003826541,0182,5
2023,10420918,3003826541,CV0003,7
2023,10420918,3003826541,0172,8
2023,11495548,3003826541,0173,0
2023,10664803,3003826541,CV0003,0
2023,10664803,3003826541,0179,0
2023,10664803,3003826541,0171,0
2023,10664803,3003826541,0172,0
2023,10664803,3003826541,0173,0
2023,10664803,3003826541,0174,0
2023,10610451,3003826541,0179,8
2023,10610451,3003826541,0179,8
2023,10610451,3003826541,0172,7
2023,10610451,3003826541,0172,7
2023,10610451,3003826541,0182,7
2023,10610451,3003826541,0182,8
2023,12905546,3003826541,0171,0
2023,12905546,3003826541,0172,0
2023,12905546,3003826541,0174,0
2023,12905546,3003826541,0174,0
2023,12905546,3003826541,0182,0
2023,10706770,3003826541,CV0003,6
2023,12730900,3003826541,CV0003,9
2023,12730900,3003826541,0172,0
2023,12730900,3003826541,0172,7
2023,12730900,3003826541,0174,4
2023,12730900,3003826541,0182,9
2023,13062870,3003826541,0173,0
2023,13062870,3003826541,0182,0
2023,10301350,3003826541,0171,0
2023,10301350,3003826541,0174,9
2023,10849475,3003826541,CV0003,9
2023,10849475,3003826541,0174,8
2023,13034983,3003826541,CV0003,0
2023,13034983,3003826541,0173,0
2023,13034983,3003826541,0174,0
2023,13034983,3003826541,0174,0
2023,13034983,3003826541,0182,0
2023,10814531,3003826541,0179,9
2023,10814531,3003826541,0179,9
2023,10814531,3003826541,0171,9
2023,10814531,3003826541,0172,8
2023,10814531,3003826541,0174,9
2023,11316431,3003826541,CV0003,0
2023,11316431,3003826541,0171,0
2023,11564256,3003826541,CV0003,0
2023,11564256,3003826541,0173,0
2023,11564256,3003826541,0173,0
2023,11564256,3003826541,0174,0
2023,10489725,3003826541,CV0003,0
2023,10489725,3003826541,0182,0
2023,10489725,3003826541,0177,0
2023,12870301,3003826541,0179,0
2023,12870301,3003826541,0179,0
2023,12870301,3003826541,0172,0
2023,12870301,3003826541,0174,0
2023,12870301,3003826541,0174,0
2023,10406731,3003826611,0400,10
2023,10434284,3003826611,0400,0
2023,10434284,3003826611,0400,0
2023,10017101,3003826611,0400,4
2023,10017101,3003826611,0400,7
2023,10017101,3003826611,0397,8
2023,10428229,3003826611,CV0004,5
2023,10428229,3003826611,CV0004,8
2023,10306049,3003826611,CV0004,7
2023,10306049,3003826611,0398,4
2023,10306049,3003826611,0398,9
2023,10496638,3003826611,0399,4
2023,10496638,3003826611,0399,9
2023,10248447,3003826611,0398,10
2023,10248447,3003826611,0180,10
2023,10248447,3003826611,0399,10
2023,10248447,3003826611,0397,10
2023,10274804,3003826611,0180,6
2023,10274804,3003826611,0402,8
2023,10274804,3003826611,0399,8
2023,10274804,3003826611,0397,10
2023,10574372,3003826611,0397,9
2023,10364858,3003826611,CV0004,10
2023,10364858,3003826611,0180,10
2023,10495929,3003826611,0400,10
2023,10495929,3003826611,0402,9
2023,10495929,3003826611,0402,8
2023,10495929,3003826611,0399,8
2023,10432798,3003826611,0180,8
2023,10691269,3003826611,CV0004,7
2023,10691269,3003826611,0399,5
2023,10507538,3003826611,0180,0
2023,10786213,3003826611,CV0004,4
2023,10786213,3003826611,0398,8
2023,10810890,3003826611,0398,8
2023,10810890,3003826611,0403,0
2023,10810890,3003826611,0397,9
2023,10837523,3003826611,0180,7
2023,10837523,3003826611,0397,4
2023,10842144,3003826611,0180,9
2023,10842144,3003826611,0402,9
2023,13035483,3003826611,CV0004,7
2023,13035483,3003826611,0398,10
2023,13035483,3003826611,0400,4
2023,13055004,3003826611,0402,8
2023,10514706,3003826611,0400,0
2023,10803272,3003826604,0383,9
2023,10837553,3003826604,0171,10
2023,10837553,3003826604,0172,8
2023,12468964,3003826604,CV0003,8
2023,12468964,3003826604,0173,7
2023,10305439,3003826604,0383,8
2023,10699672,3003826604,0179,6
2023,10700883,3003826604,0171,9
2023,10700883,3003826604,0383,7
2023,10700883,3003826604,0384,8
2023,10700883,3003826604,0172,8
2023,10700883,3003826604,0173,7
2023,10778000,3003826604,0171,10
2023,10778000,3003826604,0171,9
2023,10778000,3003826604,0173,7
2023,13242114,3003826604,CV0003,0
2023,13242114,3003826604,0171,0
2023,13242114,3003826604,0173,0
2023,10506767,3003826604,0179,0
2023,10506767,3003826604,0171,0
2023,10506767,3003826604,0384,0
2023,10506767,3003826604,0172,0
2023,10677163,3003826604,CV0003,6
2023,10677163,3003826604,0171,10
2023,10677163,3003826604,0383,8
2023,10677163,3003826604,0384,9
2023,10282475,3003826604,0179,7
2023,10698462,3003826604,CV0003,4
2023,10698462,3003826604,0179,4
2023,12398431,3003826604,0383,8
2023,13257485,3003826604,0179,0
2023,13257485,3003826604,0171,0
2023,10411178,3003826604,0383,8
2023,10675919,3003826604,0383,8
2023,10675919,3003826604,0172,7
2023,13127380,3003826604,0401,7
2023,13127380,3003826604,0384,7
2023,10513851,3003826604,0179,4
2023,10513851,3003826604,0172,2
2023,10513851,3003826604,0172,5
2023,10513851,3003826604,0173,4
2023,10718089,3003826604,CV0003,0
2023,10718089,3003826604,0384,8
2023,13288501,3003826604,0172,6
2023,13288501,3003826604,0173,9
2023,13257407,3003826604,0383,0
2023,13257407,3003826604,0384,7
2023,10709639,3003826604,0384,9
2023,10709639,3003826604,0172,7
2023,10348121,3003826604,CV0003,4
2023,10348121,3003826604,0171,8
2023,10348121,3003826604,0384,8
2023,10348121,3003826604,0173,8
2023,10488332,3003826632,0180,4
2023,10506040,3003826632,0180,4
2023,10862231,3003826632,0388,9
2023,10862231,3003826632,0386,6
2023,10041748,3003826632,0390,9
2023,10199483,3003826632,0388,0
2023,10654890,3003826632,0180,9
2023,10654890,3003826632,0388,9
2023,10270975,3003826632,0180,8
2023,10308866,3003826632,0387,8
2023,10713872,3003826632,0388,9
2023,10730159,3003826632,CV0004,10
2023,10730159,3003826632,0388,6
2023,10730159,3003826632,0390,7
2023,10730159,3003826632,0386,7
2023,10850808,3003826632,0180,8
2023,10850808,3003826632,0391,0
2023,10850808,3003826632,0387,8
2023,10707407,3003826632,CV0004,9
2023,10707407,3003826632,0385,8
2023,10428047,3003826632,CV0004,10
2023,10664909,3003826632,0387,7
2023,10664924,3003826632,0391,0
2023,10664924,3003826632,0387,8
2023,10303294,3003826632,CV0004,4
2023,10513718,3003826632,CV0004,7
2023,10513718,3003826632,0385,4
2023,10513718,3003826632,0388,0
2023,10708070,3003826632,0387,7
2023,10815375,3003826632,0180,9
2023,12472350,3003826625,CV0003,0
2023,12472350,3003826625,0179,0
2023,12472350,3003826625,0172,0
2023,12472350,3003826625,0389,0
2023,10664986,3003826625,CV0003,6
2023,10664986,3003826625,0179,8
2023,10664986,3003826625,0383,6
2023,10277303,3003826625,0171,4
2023,10277303,3003826625,0383,7
2023,10700990,3003826625,0179,0
2023,10700990,3003826625,0172,0
2023,10700990,3003826625,0173,9
2023,10700990,3003826625,0173,0
2023,11632133,3003826625,0171,7
2023,11632133,3003826625,0384,8
2023,11632133,3003826625,0172,8
2023,10690446,3003826625,CV0003,6
2023,10690446,3003826625,0383,6
2023,10696634,3003826625,0383,9
2023,10512569,3003826625,0171,2
2023,10512569,3003826625,0383,0
2023,10512569,3003826625,0172,6
2023,12058330,3003826625,0171,7
2023,10486936,3003826625,0384,7
2023,10486936,3003826625,0173,9
2023,10486936,3003826625,0173,7
2023,10742990,3003826625,0173,9
2023,10707825,3003826625,0384,3
2023,10707825,3003826625,0384,4
2023,10707825,3003826625,0172,4
2023,10707825,3003826625,0389,4
2023,10610383,3003826625,0179,6
2023,10610383,3003826625,0171,6
2023,10780758,3003826625,0389,7
2023,10496638,3003826611,0403,0
2023,10706115,3003822344,CV0002,7
2023,10706115,3003822344,1230,8
2023,10707734,3003822344,1227,4
2023,10707734,3003822344,1235,4
2023,10707819,3003822344,CV0002,8
2023,10707819,3003822344,1227,4
2023,10707819,3003822344,1230,6
2023,10707819,3003822344,1235,5
2023,10799147,3003822344,1227,6
2023,10799147,3003822344,1228,8
2023,10799147,3003822344,1235,6
2023,10799147,3003822344,1237,0
2023,10770425,3003822344,1234,3
2023,10787523,3003822344,1227,7
2023,10787523,3003822344,1237,0
2023,12736451,3003822344,1227,5
2023,12736451,3003822344,1228,3
2023,12736451,3003822344,1228,5
2023,10485831,3003822344,CV0002,8
2023,10485831,3003822344,1228,6
2023,10646180,3003822344,CV0002,4
2023,10646180,3003822344,CV0002,6
2023,10646180,3003822344,1234,5
2023,10689201,3003822344,1235,6
2023,10761897,3003822344,CV0002,7
2023,10761897,3003822344,1227,5
2023,10783762,3003822344,1227,8
2023,10787504,3003822344,CV0002,7
2023,10787504,3003822344,1234,4
2023,10780823,3003822344,1237,0
2023,10766479,3003822344,1234,6
2023,10835701,3003822344,CV0002,0
2023,10835701,3003822344,CV0002,0
2023,10835701,3003822344,1234,0
2023,11780595,3003822344,1227,6
2023,11780595,3003822344,1235,7
2023,10706808,3003822344,1227,6
2023,11520867,3003822344,1230,8
2023,11520867,3003822344,1234,7
2023,11520867,3003822344,1237,0
2023,10813126,3003822344,1234,9
2023,10813126,3003822344,1234,8
2023,10679722,3003822344,1235,5
2023,10679722,3003822344,1237,0
2023,10742994,3003822344,CV0002,8
2023,10766414,3003822344,1237,0
2023,12907793,3003822337,1231,8
2023,12907793,3003822337,1232,8
2023,10766806,3003822337,1231,8
2023,10766806,3003822337,1232,8
2023,11336367,3003822337,1226,7
2023,11336367,3003822337,1232,8
2023,11336367,3003822337,1232,6
2023,11336367,3003822337,1233,8
2023,10688314,3003822337,0156,0
2023,10688314,3003822337,1229,0
2023,10688314,3003822337,1232,0
2023,10761942,3003822337,0156,8
2023,10761942,3003822337,1232,8
2023,10932819,3003822337,CV0001,7
2023,10889204,3003822337,CV0001,9
2023,10889204,3003822337,0156,8
2023,10889204,3003822337,1229,6
2023,10889204,3003822337,1232,7
2023,10762386,3003822337,CV0001,6
2023,10762386,3003822337,0156,6
2023,10762386,3003822337,1232,7
2023,10920099,3003822337,CV0001,9
2023,10920099,3003822337,CV0001,9
2023,10897205,3003822337,0156,6
2023,10897205,3003822337,1229,8
2023,10897205,3003822337,1232,7
2023,10897205,3003822337,1233,8
2023,10789649,3003822337,1226,3
2023,10789649,3003822337,1236,6
2023,11667242,3003822337,0156,9
2023,11667242,3003822337,1233,7
2023,10805487,3003822337,1226,8
2023,10805487,3003822337,1229,5
2023,10805487,3003822337,1231,6
2023,10805487,3003822337,1236,7
2023,12695609,3003822337,0156,0
2023,12695609,3003822337,1229,0
2023,10858044,3003822337,0156,8
2023,10858044,3003822337,1229,7
2023,10858044,3003822337,1231,5
2023,10858044,3003822337,1232,8
2023,11744036,3003822337,0156,10
2023,11744036,3003822337,1232,8
2023,11744036,3003822337,1232,8
2023,11744036,3003822337,1233,9
2023,13112701,3003822337,1233,9
2023,10852104,3003822337,1226,0
2023,10852104,3003822337,1229,4
2023,10852104,3003822337,1236,2
2023,10887844,3003822337,1231,5
2023,10887844,3003822337,1233,9
2023,10887844,3003822337,1233,7
2023,10851064,3003822337,CV0001,7
2023,10851064,3003822337,1233,7
2023,10851064,3003822337,1236,6
2023,10776722,3003822337,0156,5
2023,10791133,3003822337,CV0001,8
2023,10791133,3003822337,1229,7
2023,10791133,3003822337,1231,5
2023,10791133,3003822337,1232,7
2023,10791133,3003822337,1232,7
2023,10277738,3003822449,CV0003,0
2023,10277738,3003822449,0623,0
2023,10736212,3003822449,0179,0
2023,10736212,3003822449,1010,0
2023,10736212,3003822449,1014,0
2023,10318774,3003822449,0623,4
2023,10318774,3003822449,0930,5
2023,10466022,3003822449,0623,6
2023,10466022,3003822449,1010,7
2023,12300236,3003822449,CV0003,4
2023,12300236,3003822449,0179,4
2023,12300236,3003822449,0623,6
2023,12300236,3003822449,1010,5
2023,10689153,3003822449,0931,6
2023,12719809,3003822449,0623,8
2023,12719809,3003822449,1014,8
2023,10737190,3003822449,0179,10
2023,10737190,3003822449,0179,9
2023,10737190,3003822449,1010,9
2023,10278035,3003822449,0931,8
2023,10278035,3003822449,1010,7
2023,10278035,3003822449,1014,3
2023,10278035,3003822449,1014,6
2023,12424432,3003822449,0179,9
2023,12424432,3003822449,0930,8
2023,12424432,3003822449,1010,9
2023,10411578,3003822449,0930,0
2023,10411578,3003822449,0931,0
2023,10411578,3003822449,1010,0
2023,11502177,3003822449,1014,3
2023,10398706,3003822449,0623,7
2023,10398706,3003822449,0623,0
2023,10398706,3003822449,0930,0
2023,10320697,3003822449,0931,8
2023,13261750,3003822449,CV0003,6
2023,13261750,3003822449,0623,0
2023,13261750,3003822449,0931,7
2023,13261750,3003822449,1010,0
2023,13245229,3003822449,0179,0
2023,13245229,3003822449,0179,0
2023,10604170,3003822449,CV0003,0
2023,10604170,3003822449,0179,0
2023,10604170,3003822449,0179,0
2023,10604170,3003822449,0930,0
2023,10718081,3003822449,0179,8
2023,10375621,3003822449,1010,6
2023,13242371,3003822449,CV0003,0
2023,13242371,3003822449,CV0003,0
2023,13242371,3003822449,0179,0
2023,13242371,3003822449,0931,0
2023,13243061,3003822449,CV0003,10
2023,13243061,3003822449,0930,8
2023,13243061,3003822449,1010,7
2023,13261894,3003822449,0179,0
2023,13261894,3003822449,0930,0
2023,13261894,3003822449,0931,0
2023,13261894,3003822449,1010,0
2023,10826692,3003822449,0623,9
2023,10826692,3003822449,0930,8
2023,10795882,3003822449,0623,8
2023,10795882,3003822449,0931,8
2023,10795882,3003822449,1010,9
2023,10833265,3003822449,CV0003,8
2023,10833265,3003822449,CV0003,8
2023,10833265,3003822449,0623,8
2023,10833265,3003822449,1010,9
2023,12735439,3003822449,CV0003,0
2023,10318925,3003822449,0623,4
2023,10318925,3003822449,0930,7
2023,10584902,3003822449,CV0003,4
2023,10584902,3003822449,0179,7
2023,10584902,3003822449,0930,5
2023,10584902,3003822449,0930,6
2023,10584902,3003822449,0930,6
2023,10768351,3003822449,0931,7
2023,13249466,3003822449,CV0003,10
2023,13249466,3003822449,0623,10
2023,13249466,3003822449,0930,9
2023,11330270,3003822449,CV0003,0
2023,11330270,3003822449,0930,0
2023,11330270,3003822449,0930,0
2023,10426520,3003822449,0931,8
2023,10426520,3003822449,1010,8
2023,10354121,3003822449,1010,7
2023,10354121,3003822449,1014,0
2023,10809481,3003822449,0930,7
2023,10809481,3003822449,0931,8
2023,10809481,3003822449,1010,8
2023,10809481,3003822449,1014,5
2023,10852071,3003822449,0623,8
2023,10506770,3003822449,CV0003,0
2023,10404684,3003822449,0623,0
2023,10270640,3003822449,0179,6
2023,10270640,3003822449,1010,3
2023,10718886,3003822449,CV0003,6
2023,10718886,3003822449,0179,7
2023,10718886,3003822449,1010,8
2023,12857786,3003822449,CV0003,4
2023,12857786,3003822449,0179,7
2023,12857786,3003822449,1010,3
2023,10723795,3003822449,0931,8
2023,10816484,3003822449,0179,7
2023,10707845,3003822449,0623,7
2023,10707845,3003822449,0623,7
2023,10279046,3003822449,0930,7
2023,10279046,3003822449,0931,6
2023,10691616,3003822449,0930,5
2023,10691616,3003822449,0931,8
2023,10691616,3003822449,1010,7
2023,13242370,3003822449,1014,5
2023,13242370,3003822449,1014,7
2023,10375121,3003822449,0179,0
2023,10296770,3003822449,1010,4
2023,10664778,3003822449,1010,7
2023,13282254,3003822449,0623,7
2023,13282254,3003822449,0623,6
2023,12480365,3003822449,0623,0
2023,12480365,3003822449,0930,0
2023,12480365,3003822449,1010,0
2023,12480365,3003822449,1010,0
2023,10431067,3003822449,1010,0
2023,10690358,3003822449,0623,5
2023,10690358,3003822449,0930,7
2023,10690358,3003822449,0931,7
2023,13326344,3003822449,0930,0
2023,13326344,3003822449,0930,0
2023,13326344,3003822449,0931,0
2023,13326344,3003822449,1014,0
2023,10698475,3003822449,0623,6
2023,10514789,3003822456,CV0004,8
2023,10514789,3003822456,1110,7
2023,13040521,3003822456,1007,6
2023,13040521,3003822456,1008,0
2023,13040521,3003822456,1011,8
2023,10700384,3003822456,CV0004,7
2023,10700384,3003822456,CV0004,9
2023,10700384,3003822456,1009,7
2023,10700384,3003822456,1009,8
2023,10244882,3003822456,1011,6
2023,10244882,3003822456,1012,7
2023,10622314,3003822344,1237,0
2023,10594447,3003822456,1007,10
2023,13040510,3003822456,1110,10
2023,10688987,3003822456,1008,7
2023,10688987,3003822456,1009,10
2023,10688987,3003822456,1011,8
2023,10688987,3003822456,1109,7
2023,10382660,3003822456,1008,4
2023,10382660,3003822456,1008,6
2023,10211605,3003822456,CV0004,7
2023,10211605,3003822456,1109,5
2023,10211605,3003822456,1110,10
2023,13040787,3003822456,CV0004,9
2023,13040787,3003822456,1110,9
2023,13240343,3003822456,1008,7
2023,11074562,3003822456,1007,8
2023,11074562,3003822456,1007,8
2023,11074562,3003822456,1109,6
2023,11074562,3003822456,1110,9
2023,10427710,3003822456,1007,8
2023,10468190,3003822456,1013,0
2023,10339026,3003822456,1009,8
2023,10339026,3003822456,1013,0
2023,10630518,3003822456,1009,9
2023,10630518,3003822456,1011,8
2023,10630518,3003822456,1109,10
2023,10256577,3003822456,1007,7
2023,10256577,3003822456,1008,8
2023,10256577,3003822456,1009,8
2023,10256577,3003822456,1011,7
2023,10279200,3003822456,1011,8
2023,10279200,3003822456,1011,8
2023,10279200,3003822456,1109,9
2023,10279200,3003822456,1013,0
2023,10338918,3003822456,1008,8
2023,10338918,3003822456,1109,9
2023,10344807,3003822456,1009,9
2023,10344807,3003822456,1109,9
2023,10377143,3003822456,1009,8
2023,10377143,3003822456,1109,9
2023,10375529,3003822456,1109,9
2023,10375529,3003822456,1110,10
2023,10375529,3003822456,1110,10
2023,10414797,3003822456,1007,7
2023,10414797,3003822456,1109,8
2023,10414797,3003822456,1110,9
2023,10414797,3003822456,1012,7
2023,10679644,3003822456,1007,8
2023,10679644,3003822456,1007,8
2023,10679644,3003822456,1009,8
2023,10679644,3003822456,1110,10
2023,10700954,3003822456,CV0004,7
2023,10700954,3003822456,1011,8
2023,10734337,3003822456,1007,6
2023,10835663,3003822456,CV0004,10
2023,10835663,3003822456,1008,8
2023,10835663,3003822456,1009,9
2023,10839854,3003822456,1008,2
2023,10850813,3003822456,1009,7
2023,10850813,3003822456,1109,8
2023,10850813,3003822456,1110,9
2023,11329660,3003822456,1007,8
2023,11512394,3003822456,1013,0
2023,11645686,3003822456,1009,8
2023,11645686,3003822456,1013,0
2023,11830264,3003822456,1110,10
2023,12743886,3003822456,1009,7
2023,12743886,3003822456,1110,7
2023,10320146,3003822456,CV0004,7
2023,10320146,3003822456,1009,7
2023,10255058,3003822456,1007,0
2023,10255058,3003822456,1011,0
2023,10786442,3003822456,1110,9
2023,10322908,3003822456,1008,6
2023,10349083,3003822456,1008,4
2023,10349083,3003822456,1008,5
2023,10313709,3003822456,1009,0
2023,10313709,3003822456,1011,0
2023,10689289,3003822456,1009,3
2023,10689289,3003822456,1013,0
2023,10378770,3003822456,1011,7
2023,10248012,3003822456,1007,6
2023,10248012,3003822456,1011,6
2023,10248012,3003822456,1109,5
2023,10248012,3003822456,1013,0
2023,13040829,3003822456,1011,8
2023,13040829,3003822456,1109,6
2023,13040829,3003822456,1110,9
2023,10688794,3003822456,1109,10
2023,10688794,3003822456,1012,9
2023,11398648,3003822456,1009,8
2023,11398648,3003822456,1011,9
2023,11398648,3003822456,1109,9
2023,11398648,3003822456,1013,0
2023,10433643,3003822456,CV0004,0
2023,10339317,3003822456,CV0004,8
2023,10339317,3003822456,1110,8
2023,10410306,3003822456,1011,9
2023,10410306,3003822456,1012,7
2023,12636671,3003822456,1007,7
2023,10422697,3003822456,1110,9
2023,10467115,3003822456,1008,0
2023,11494374,3003822456,1009,6
2023,11494374,3003822456,1109,8
2023,10713535,3003822414,0627,5
2023,10713535,3003822414,CV0008,8
2023,10700138,3003822414,0627,7
2023,10700138,3003822414,CV0008,9
2023,10323951,3003822414,CV0003,7
2023,10323951,3003822414,0625,9
2023,10323951,3003822414,0623,9
2023,10323951,3003822414,0627,8
2023,10323951,3003822414,CV0009,9
2023,10819112,3003822414,0179,0
2023,10819112,3003822414,0625,0
2023,10819112,3003822414,0623,0
2023,11074029,3003822414,0625,9
2023,11074029,3003822414,0627,4
2023,11074029,3003822414,CV0008,9
2023,10729579,3003822414,0179,9
2023,10729579,3003822414,0627,8
2023,10729579,3003822414,0627,8
2023,10729579,3003822414,CV0008,10
2023,10748318,3003822414,0623,4
2023,10839333,3003822414,0179,4
2023,10839333,3003822414,0829,7
2023,10839333,3003822414,0625,9
2023,10839333,3003822414,0623,9
2023,10839333,3003822414,0627,7
2023,10804683,3003822414,0622,9
2023,10770133,3003822414,CV0008,9
2023,11059622,3003822414,0622,0
2023,11059622,3003822414,0627,0
2023,10397145,3003822414,CV0003,7
2023,10397145,3003822414,0627,8
2023,10397145,3003822414,CV0008,9
2023,10397145,3003822414,CV0008,10
2023,10752122,3003822414,CV0003,4
2023,10752122,3003822414,0179,6
2023,10752122,3003822414,0623,9
2023,10752122,3003822414,0627,6
2023,10752122,3003822414,0627,6
2023,10752122,3003822414,0627,6
2023,10752122,3003822414,CV0008,10
2023,10752122,3003822414,CV0009,7
2023,10808796,3003822414,0625,9
2023,10808796,3003822414,0625,9
2023,10808796,3003822414,0627,9
2023,13288446,3003822414,0625,9
2023,13288446,3003822414,0623,9
2023,13288467,3003822414,CV0003,3
2023,13288467,3003822414,0625,9
2023,13288467,3003822414,0627,6
2023,10819055,3003822414,0622,9
2023,10819055,3003822414,0625,9
2023,10819055,3003822414,0627,4
2023,10308372,3003822414,0622,0
2023,10308372,3003822414,0627,0
2023,13291004,3003822414,0179,0
2023,13291004,3003822414,0829,0
2023,13291004,3003822414,0627,0
2023,13293379,3003822414,0829,8
2023,13293379,3003822414,0625,8
2023,13293379,3003822414,0623,7
2023,13293379,3003822414,CV0008,8
2023,13297778,3003822414,0179,3
2023,13297778,3003822414,CV0008,3
2023,13297778,3003822414,CV0008,8
2023,10745922,3003822407,0827,7
2023,10745922,3003822407,0822,8
2023,10745922,3003822407,0824,8
2023,12066525,3003822407,CV0004,9
2023,12066525,3003822407,0824,9
2023,10014058,3003822407,0824,6
2023,10022321,3003822407,0825,4
2023,10022321,3003822407,0826,6
2023,10652514,3003822407,CV0004,9
2023,10652514,3003822407,0825,8
2023,10652514,3003822407,0823,7
2023,10652514,3003822407,0826,8
2023,10022321,3003822407,0828,5
2023,13009966,3003822407,0828,9
2023,11205447,3003822407,CV0004,6
2023,10485798,3003822407,0828,6
2023,10706084,3003822407,0823,6
2023,10017341,3003822407,0825,4
2023,10017341,3003822407,0823,7
2023,10017341,3003822407,0827,7
2023,13054156,3003822407,0824,9
2023,13054156,3003822407,0826,9
2023,13054156,3003822407,0828,8
2023,10657675,3003822407,0823,6
2023,10657675,3003822407,0823,6
2023,10657675,3003822407,0828,5
2023,10515930,3003822407,0827,7
2023,10515930,3003822407,0824,7
2023,10499298,3003822872,243267,4
2023,10266898,3003822872,243267,0
2023,10510771,3003822872,243267,8
2023,10610021,3003822872,243267,3
2023,10610021,3003822872,243266,6
2023,10610021,3003822872,243266,8
2023,10610021,3003822872,243264,7
2023,10689283,3003822872,243265,8
2023,10697594,3003822872,243267,4
2023,10697594,3003822872,243266,6
2023,10697594,3003822872,243264,7
2023,10242875,3003822872,243266,9
2023,10850218,3003822872,243264,4
2023,10697823,3003822872,243267,4
2023,10862844,3003822872,243267,9
2023,10862844,3003822872,243266,8
2023,13285058,3003822872,243266,0
2023,13285058,3003822872,243264,0
2023,10697613,3003822872,243266,6
2023,10352409,3003822872,243267,6
2023,10352409,3003822872,243264,7
2023,10515204,3003822872,243264,4
2023,11251858,3003822872,243265,10
2023,11251858,3003822872,243267,10
2023,10645661,3003822872,243267,7
2023,10697595,3003822872,243265,8
2023,10697595,3003822872,243267,7
2023,10697595,3003822872,243266,8
2023,10709718,3003822872,243265,4
2023,10709718,3003822872,243266,7
2023,10772056,3003822872,243267,5
2023,10772056,3003822872,243264,4
2023,10714036,3003822872,243265,8
2023,10714036,3003822872,243264,8
2023,10817599,3003822879,243601,0
2023,10817599,3003822879,243270,9
2023,10272332,3003822879,243601,0
2023,10272332,3003822879,243604,7
2023,10272332,3003822879,243271,7
2023,10297347,3003822879,243270,9
2023,10514849,3003822879,243271,8
2023,10364934,3003822879,243271,7
2023,10364934,3003822879,243271,7
2023,10378335,3003822879,243602,9
2023,10378335,3003822879,243271,10
2023,10394874,3003822879,243604,8
2023,10402136,3003822879,243602,10
2023,10402136,3003822879,243270,10
2023,10518216,3003822879,243271,9
2023,10439782,3003822879,243604,8
2023,10724605,3003822879,243602,6
2023,10724605,3003822879,243601,0
2023,10724605,3003822879,243604,5
2023,10729178,3003822879,243602,8
2023,10729178,3003822879,243604,6
2023,10729178,3003822879,243270,9
2023,10745527,3003822879,243604,7
2023,10786598,3003822879,243602,9
2023,12061489,3003822879,243602,8
2023,11324910,3003822879,243270,5
2023,11348992,3003822879,243270,8
2023,11501644,3003822879,243601,0
2023,11702324,3003822879,243604,4
2023,11744370,3003822879,243604,9
2023,11744370,3003822879,243271,9
2023,11744370,3003822879,243270,9
2023,11770012,3003822879,243602,9
2023,11770012,3003822879,243271,9
2023,11770012,3003822879,243270,9
2023,13038288,3003822879,243271,9
2023,13038386,3003822879,243270,7
2023,10364565,3003822879,243270,6
2023,10916753,3003827233,0437,8
2023,10916753,3003827233,0449,5
2023,10916753,3003827233,0156,8
2023,10840996,3003827233,0437,7
2023,10840996,3003827233,0438,8
2023,10840996,3003827233,0156,8
2023,10926432,3003827233,0156,8
2023,12839405,3003827233,0439,9
2023,12839405,3003827233,0440,4
2023,12839405,3003827233,0156,4
2023,10308441,3003827233,CV0001,6
2023,10308441,3003827233,0439,10
2023,10308441,3003827233,0438,6
2023,10991644,3003827233,CV0001,7
2023,10991644,3003827233,0449,4
2023,10991644,3003827233,0440,6
2023,10888026,3003827233,CV0001,9
2023,10888026,3003827233,0441,9
2023,10888026,3003827233,0438,7
2023,10888026,3003827233,0438,10
2023,10888026,3003827233,0440,8
2023,10888026,3003827233,0156,9
2023,11802825,3003827233,CV0001,8
2023,11802825,3003827233,CV0001,8
2023,11802825,3003827233,0449,7
2023,11802825,3003827233,0439,7
2023,13101838,3003827233,0437,8
2023,13101838,3003827233,0439,7
2023,13101838,3003827233,0438,8
2023,13101838,3003827233,0438,6
2023,10737176,3003827233,CV0001,10
2023,10737176,3003827233,0437,8
2023,10737176,3003827233,0441,9
2023,10737176,3003827233,0441,10
2023,10737176,3003827233,0156,9
2023,12561461,3003827233,CV0001,0
2023,12561461,3003827233,0437,6
2023,12561461,3003827233,0439,4
2023,10899530,3003827233,0437,5
2023,10899530,3003827233,0441,6
2023,10899530,3003827233,0438,7
2023,11248561,3003827233,CV0001,4
2023,11248561,3003827233,CV0001,5
2023,11402624,3003827233,0439,10
2023,11349452,3003827233,0437,9
2023,11349452,3003827233,0439,10
2023,13263652,3003827233,CV0001,0
2023,13263652,3003827233,CV0001,0
2023,13263652,3003827233,0449,0
2023,13263652,3003827233,0439,0
2023,13263652,3003827233,0439,0
2023,13263652,3003827233,0438,0
2023,13263652,3003827233,0440,0
2023,10793477,3003827233,0437,7
2023,10793477,3003827233,0437,7
2023,10793477,3003827233,0449,4
2023,10793477,3003827233,0449,7
2023,10793477,3003827233,0441,8
2023,10793477,3003827233,0440,7
2023,10793462,3003827233,CV0001,7
2023,10793462,3003827233,0441,8
2023,10793462,3003827233,0441,7
2023,10793462,3003827233,0439,7
2023,10793462,3003827233,0438,9
2023,10793462,3003827233,0438,8
2023,10925424,3003827233,CV0001,9
2023,10302214,3003827233,0437,0
2023,10302214,3003827233,0437,0
2023,10302214,3003827233,0449,3
2023,10302214,3003827233,0438,0
2023,10302214,3003827233,0440,0
2023,12424801,3003827233,0449,7
2023,12424801,3003827233,0449,7
2023,12424801,3003827233,0441,7
2023,12424801,3003827233,0441,7
2023,12424801,3003827233,0440,8
2023,10805007,3003827233,0437,0
2023,10805007,3003827233,0441,3
2023,10805007,3003827233,0438,3
2023,10805007,3003827233,0440,0
2023,10805007,3003827233,0156,4
2023,13263684,3003827233,0449,8
2023,13263684,3003827233,0449,9
2023,13263684,3003827233,0441,7
2023,13263684,3003827233,0441,7
2023,13263684,3003827233,0439,9
2023,10942424,3003827233,0440,0
2023,11068958,3003827233,0440,0
2023,10431853,3003827233,0156,7
2023,13249406,3003827233,CV0001,8
2023,13249406,3003827233,0439,8
2023,13249406,3003827233,0156,7
2023,10325396,3003827233,0441,6
2023,10325396,3003827233,0438,7
2023,11780432,3003827233,0449,5
2023,11998646,3003827233,0439,7
2023,11998646,3003827233,0438,0
2023,11998646,3003827233,0440,0
2023,10924358,3003827233,0449,4
2023,10924358,3003827233,0449,5
2023,12853739,3003827233,0449,6
2023,10453160,3003827233,CV0001,0
2023,10453160,3003827233,0437,7
2023,10453160,3003827233,0441,5
2023,10453160,3003827233,0441,0
2023,10453160,3003827233,0438,0
2023,12116573,3003827233,0441,6
2023,12736231,3003827233,0449,6
2023,12736231,3003827233,0438,7
2023,12736231,3003827233,0156,4
2023,10787713,3003827233,0438,8
2023,10857947,3003827233,0449,5
2023,10857947,3003827233,0438,5
2023,10857947,3003827233,0156,8
2023,11738860,3003827233,0437,0
2023,11738860,3003827233,0449,2
2023,11738860,3003827233,0449,5
2023,11738860,3003827233,0440,0
2023,10707891,3003827233,0441,5
2023,11240615,3003827233,0156,6
2023,10657315,3003827233,0437,10
2023,10657315,3003827233,0440,9
2023,10657315,3003827233,0440,10
2023,10940185,3003827233,0437,9
2023,10940185,3003827233,0439,9
2023,10798521,3003827233,CV0001,7
2023,10798521,3003827233,0441,9
2023,10798521,3003827233,0156,7
2023,12402217,3003827233,0439,0
2023,11504482,3003827233,0439,0
2023,11504482,3003827233,0438,0
2023,11504482,3003827233,0438,0
2023,11504482,3003827233,0438,0
2023,11504482,3003827233,0440,0
2023,11504482,3003827233,0156,0
2023,11504482,3003827233,0156,0
2023,11504482,3003827233,0156,0
2023,10268408,3003827233,0439,0
2023,10679709,3003827233,CV0001,7
2023,10679709,3003827233,0449,7
2023,10679709,3003827233,0439,0
2023,10679709,3003827233,0440,7
2023,10679709,3003827233,0156,7
2023,12571872,3003827233,0156,0
2023,12571872,3003827233,0156,0
2023,12380827,3003827233,CV0001,4
2023,12380827,3003827233,0437,7
2023,12380827,3003827233,0441,2
2023,10932086,3003827233,0437,0
2023,10932086,3003827233,0449,1
2023,11480547,3003827233,CV0001,0
2023,11480547,3003827233,CV0001,0
2023,11480547,3003827233,0449,0
2023,11480547,3003827233,0439,7
2023,11480547,3003827233,0439,8
2023,11480547,3003827233,0440,0
2023,11480547,3003827233,0156,0
2023,13035060,3003827240,0443,6
2023,13035060,3003827240,0448,7
2023,11569585,3003827240,0446,0
2023,12623647,3003827240,0448,7
2023,13040607,3003827240,CV0002,7
2023,13040607,3003827240,0442,9
2023,12485328,3003827240,0443,5
2023,12485328,3003827240,0443,5
2023,11739905,3003827240,0446,7
2023,10509186,3003827240,0451,0
2023,10509186,3003827240,0448,7
2023,10496592,3003827240,CV0002,8
2023,10496592,3003827240,0446,8
2023,10832154,3003827240,0443,1
2023,10906957,3003827240,0442,7
2023,11254522,3003827240,0443,8
2023,11254522,3003827240,0443,8
2023,13035100,3003827240,0446,7
2023,13035100,3003827240,0448,6
2023,11502410,3003827240,0442,5
2023,11616775,3003827240,0448,0
2023,12096343,3003827240,0448,4
2023,12096343,3003827240,0448,0
2023,10603770,3003827240,CV0002,5
2023,11350133,3003827240,0442,0
2023,11236365,3003827240,CV0002,0
2023,11236365,3003827240,0443,0
2023,11236365,3003827240,0448,0
2023,10129831,3003827240,0443,6
2023,10129831,3003827240,0448,6
2023,12730573,3003827240,0448,9
2023,11479322,3003827240,CV0002,4
2023,11479322,3003827240,0442,3
2023,11479322,3003827240,0442,6
2023,11479322,3003827240,0448,0
2023,10323662,3003827240,0443,5
2023,10323662,3003827240,0442,3
2023,10411560,3003827240,0446,9
2023,13035058,3003827240,0443,5
2023,11325287,3003827240,CV0002,9
2023,11325287,3003827240,0446,9
2023,11325287,3003827240,0443,7
2023,10679723,3003827240,0443,3
2023,10698482,3003827240,0443,0
2023,10805222,3003827240,0443,3
2023,10852107,3003827240,0443,5
2023,10852107,3003827240,0448,7
2023,12287443,3003827240,CV0002,4
2023,12287443,3003827240,0448,5
2023,12320496,3003827240,0446,5
2023,13035179,3003827240,0443,5
2023,10707732,3003827324,CV0003,7
2023,10707732,3003827324,0179,7
2023,10707732,3003827324,0649,7
2023,10243350,3003827324,0658,0
2023,10243350,3003827324,0649,0
2023,10679661,3003827324,CV0003,7
2023,10679661,3003827324,0179,9
2023,10679661,3003827324,0658,7
2023,10679661,3003827324,0650,9
2023,10354855,3003827324,CV0003,8
2023,10354855,3003827324,0651,8
2023,10354855,3003827324,0658,8
2023,10354855,3003827324,0650,0
2023,10354855,3003827324,0648,0
2023,10437711,3003827324,CV0003,9
2023,10437711,3003827324,CV0003,10
2023,10437711,3003827324,0650,8
2023,13245586,3003827324,CV0003,9
2023,13245586,3003827324,0648,9
2023,13245586,3003827324,0649,8
2023,13245586,3003827324,0647,10
2023,10509826,3003827324,0649,7
2023,10509826,3003827324,0647,7
2023,11875204,3003827324,0179,0
2023,11875204,3003827324,0650,8
2023,11875204,3003827324,0648,7
2023,13248312,3003827324,0658,5
2023,13248595,3003827324,0179,6
2023,13248595,3003827324,0179,7
2023,13248595,3003827324,0650,8
2023,10279159,3003827324,CV0003,4
2023,10279159,3003827324,0179,4
2023,10279159,3003827324,0651,6
2023,10279159,3003827324,0648,5
2023,10279159,3003827324,0649,4
2023,10279159,3003827324,0647,7
2023,10419461,3003827324,0651,0
2023,10419461,3003827324,0658,0
2023,10419461,3003827324,0658,0
2023,10419461,3003827324,0648,0
2023,10419461,3003827324,0647,0
2023,12737880,3003827324,0648,9
2023,12737880,3003827324,0649,10
2023,13248215,3003827324,0651,6
2023,13248215,3003827324,0647,7
2023,11262097,3003827324,0648,5
2023,11262097,3003827324,0647,8
2023,11825237,3003827324,0648,5
2023,11825237,3003827324,0647,8
2023,10454503,3003827324,0648,7
2023,10454503,3003827324,0649,4
2023,10862522,3003827324,0179,8
2023,10862522,3003827324,0651,7
2023,10862522,3003827324,0650,7
2023,10862522,3003827324,0648,7
2023,10862522,3003827324,0649,6
2023,10662076,3003827324,0658,0
2023,10980328,3003827324,0179,4
2023,10980328,3003827324,0651,6
2023,10980328,3003827324,0651,7
2023,10980328,3003827324,0649,4
2023,10283680,3003827324,0658,0
2023,10283680,3003827324,0648,0
2023,11671593,3003827324,CV0003,0
2023,11671593,3003827324,0651,4
2023,11671593,3003827324,0658,0
2023,11671593,3003827324,0649,0
2023,11671593,3003827324,0647,3
2023,12568905,3003827324,CV0003,9
2023,12568905,3003827324,CV0003,9
2023,12568905,3003827324,0179,9
2023,12568905,3003827324,0658,0
2023,12568905,3003827324,0658,0
2023,12568905,3003827324,0647,6
2023,10792061,3003827324,0648,6
2023,11572297,3003827324,0179,7
2023,11572297,3003827324,0658,10
2023,10735143,3003827324,0179,4
2023,10735143,3003827324,0648,5
2023,10735143,3003827324,0648,5
2023,10256545,3003827324,CV0003,0
2023,10256545,3003827324,0650,0
2023,10256545,3003827324,0648,0
2023,10256545,3003827324,0647,0
2023,10835661,3003827324,0179,10
2023,10835661,3003827324,0647,8
2023,11335638,3003827324,CV0003,5
2023,11335638,3003827324,CV0003,5
2023,11335638,3003827324,0179,7
2023,11335638,3003827324,0649,6
2023,10500611,3003827324,0179,6
2023,10500611,3003827324,0651,8
2023,10500611,3003827324,0649,8
2023,10819298,3003827324,0651,8
2023,10819298,3003827324,0650,8
2023,12840433,3003827324,CV0003,6
2023,12840433,3003827324,0650,9
2023,12840433,3003827324,0647,7
2023,12567860,3003827324,CV0003,9
2023,12567860,3003827324,0648,8
2023,12567860,3003827324,0649,9
2023,10615696,3003827324,0179,0
2023,10615696,3003827324,0658,0
2023,10615696,3003827324,0649,0
2023,13282224,3003827324,CV0003,4
2023,13282224,3003827324,0179,4
2023,13282224,3003827324,0648,6
2023,12839144,3003827324,0650,4
2023,11170823,3003827324,0179,6
2023,11170823,3003827324,0179,7
2023,11170823,3003827324,0647,8
2023,11170823,3003827324,0647,7
2023,11837806,3003827324,0179,10
2023,11837806,3003827324,0648,4
2023,11837806,3003827324,0648,5
2023,10403903,3003827324,0179,0
2023,10403903,3003827324,0179,0
2023,10403903,3003827324,0651,0
2023,10403903,3003827324,0648,0
2023,10403903,3003827324,0649,0
2023,10403903,3003827324,0649,0
2023,11144559,3003827324,CV0003,6
2023,11144559,3003827324,0651,8
2023,11144559,3003827324,0650,8
2023,11144559,3003827324,0648,8
2023,11144559,3003827324,0649,8
2023,10679690,3003827324,0651,8
2023,11057251,3003827324,0179,8
2023,11057251,3003827324,0658,7
2023,11057251,3003827324,0658,6
2023,11057251,3003827324,0648,7
2023,10689191,3003827324,0650,9
2023,10689191,3003827324,0650,10
2023,10689191,3003827324,0649,8
2023,10689191,3003827324,0647,8
2023,13242358,3003827324,0651,6
2023,12584277,3003827324,CV0003,0
2023,12584277,3003827324,0650,0
2023,12584277,3003827324,0648,4
2023,12584277,3003827324,0648,0
2023,12584277,3003827324,0647,0
2023,11583817,3003827324,0648,0
2023,11583817,3003827324,0647,0
2023,13242362,3003827324,CV0003,4
2023,13242362,3003827324,CV0003,5
2023,13242362,3003827324,0658,4
2023,13242362,3003827324,0650,5
2023,13242362,3003827324,0650,3
2023,13242362,3003827324,0649,6
2023,12736324,3003827324,0648,5
2023,13246215,3003827324,CV0003,8
2023,13246215,3003827324,0651,7
2023,13246215,3003827324,0658,5
2023,13298754,3003827324,0648,5
2023,13298754,3003827324,0649,4
2023,13320897,3003827324,CV0003,3
2023,13320897,3003827324,0649,3
2023,10601480,3003827324,CV0003,0
2023,10601480,3003827324,CV0003,0
2023,10601480,3003827324,0658,0
2023,10601480,3003827324,0648,6
2023,10601480,3003827324,0649,0
2023,10434680,3003827317,0652,7
2023,10434680,3003827317,0652,6
2023,10434680,3003827317,0656,6
2023,10434680,3003827317,0654,0
2023,12735122,3003827317,0654,7
2023,10410551,3003827317,CV0004,9
2023,10410551,3003827317,0655,0
2023,10410551,3003827317,0655,5
2023,10382359,3003827317,CV0004,4
2023,10382359,3003827317,0653,6
2023,10382359,3003827317,0653,5
2023,10382359,3003827317,0654,6
2023,10406699,3003827317,0652,0
2023,10263726,3003827317,0653,7
2023,10779826,3003827317,0655,0
2023,10779826,3003827317,0652,4
2023,10779826,3003827317,0653,0
2023,10327143,3003827317,0655,0
2023,11741280,3003827317,0655,6
2023,11741280,3003827317,0652,9
2023,11741280,3003827317,0654,9
2023,10412777,3003827317,0653,6
2023,10412777,3003827317,0654,0
2023,11885210,3003827317,0654,0
2023,13038772,3003827317,0652,8
2023,11569504,3003827317,0657,0
2023,10779826,3003827317,0657,0
2023,10382359,3003827317,0657,4
2023,11569504,3003827317,0654,0
2023,11569504,3003827317,0654,0
2023,11877392,3003827317,CV0004,0
2023,11877392,3003827317,0654,0
2023,11877392,3003827317,0654,0
2023,11312274,3003827317,CV0004,0
2023,11312274,3003827317,0653,0
2023,11312274,3003827317,0656,6
2023,12734235,3003827317,0655,6
2023,12734235,3003827317,0653,7
2023,12734235,3003827317,0656,7
2023,10797565,3003827317,0660,0
2023,10421574,3003827317,0653,8
2023,10421574,3003827317,0654,6
2023,10391035,3003827317,0655,6
2023,10083896,3003827317,CV0004,0
2023,10083896,3003827317,0653,0
2023,10083896,3003827317,0654,0
2023,11321557,3003827317,0653,7
2023,10416763,3003827317,0653,2
2023,13038756,3003827317,0655,3
2023,12400744,3003827317,0655,5
2023,12400744,3003827317,0652,6
2023,11489632,3003827317,CV0004,7
2023,11158351,3003827317,0656,5
2023,10360919,3003827317,0653,0
2023,12095826,3003827317,0652,8
2023,12095826,3003827317,0656,6
2023,10308888,3003827317,CV0004,5
2023,10308888,3003827317,0657,8
2023,10308888,3003827317,0652,7
2023,10308888,3003827317,0653,6
2023,10308888,3003827317,0654,4
2023,10743797,3003827317,CV0004,4
2023,11084757,3003827317,0660,0
2023,10366490,3003827317,0652,9
2023,10366490,3003827317,0654,8
2023,10702296,3003827317,0655,9
2023,10707834,3003827317,0652,8
2023,10832134,3003827317,0655,8
2023,10832134,3003827317,0654,7
2023,11248528,3003827317,0652,9
2023,11248528,3003827317,0652,8
2023,11672699,3003827317,CV0004,5
2023,11672699,3003827317,0653,2
2023,12746359,3003827317,CV0004,10
2023,10018398,3003827317,CV0004,8
2023,10018398,3003827317,0656,9
2023,10246117,3003827317,0660,0
2023,10323618,3003827317,CV0004,0
2023,10323618,3003827317,0652,4
2023,10323618,3003827317,0656,5
2023,10688217,3003827317,0655,8
2023,10688217,3003827317,0656,10
2023,10698000,3003827317,0652,7
2023,10963934,3003827317,CV0004,7
2023,11319435,3003827317,0654,3
2023,11158088,3003827317,0653,0
2023,10653326,3003827317,0652,8
2023,10653326,3003827317,0654,3
2023,10443245,3003827317,0652,5
2023,12491074,3003827317,0655,3
2023,12739825,3003827317,0655,7
2023,12739825,3003827317,0653,8
2023,12739825,3003827317,0654,6
2023,11894954,3003827317,0652,6
2023,11894954,3003827317,0654,6
2023,11320679,3003829510,028001,7
2023,10894547,3003829510,028505,9
2023,10894547,3003829510,028503,9
2023,10894547,3003829510,028503,10
2023,11487403,3003829510,028503,7
2023,11735453,3003829510,028502,6
2023,11735453,3003829510,028503,4
2023,11735453,3003829510,028501,3
2023,10707780,3003829510,028505,6
2023,10707780,3003829510,028505,4
2023,10707780,3003829510,028503,4
2023,10707780,3003829510,028501,6
2023,10707780,3003829510,028501,7
2023,10281596,3003829510,028505,10
2023,10281596,3003829510,028501,10
2023,10281596,3003829510,028100,9
2023,10281596,3003829510,028100,10
2023,10593808,3003829510,028503,6
2023,11055595,3003829510,028502,9
2023,11055595,3003829510,028503,6
2023,11055595,3003829510,028501,6
2023,11055595,3003829510,028100,10
2023,11234733,3003829510,028503,6
2023,11507257,3003829510,028001,8
2023,11507257,3003829510,028501,7
2023,10891407,3003829510,028001,7
2023,10891407,3003829510,028100,8
2023,11048215,3003829510,028502,8
2023,11048215,3003829510,028502,7
2023,11830567,3003829510,028001,7
2023,10927479,3003829510,028502,9
2023,10927479,3003829510,028100,10
2023,10333869,3003829510,028504,9
2023,10333869,3003829510,028505,9
2023,10333869,3003829510,028100,10
2023,10786265,3003829510,028502,9
2023,10786265,3003829510,028504,9
2023,10786265,3003829510,028505,8
2023,10786265,3003829510,028001,9
2023,10786265,3003829510,028100,10
2023,12459446,3003829510,028001,9
2023,12459446,3003829510,028503,7
2023,12459446,3003829510,028501,0
2023,12459446,3003829510,028100,8
2023,12868237,3003829510,028501,7
2023,10420607,3003829510,028502,7
2023,10420607,3003829510,028501,2
2023,10420607,3003829510,028501,6
2023,12938752,3003829510,028504,10
2023,12938752,3003829510,028001,8
2023,10884628,3003829510,028502,4
2023,10884628,3003829510,028502,0
2023,10884628,3003829510,028505,7
2023,10884628,3003829510,028100,6
2023,10597404,3003829510,028503,6
2023,13281547,3003829510,028504,5
2023,13239736,3003829510,028502,3
2023,13239736,3003829510,028505,4
2023,13239736,3003829510,028503,7
2023,10678956,3003829510,028502,8
2023,10678956,3003829510,028504,7
2023,10678956,3003829510,028505,6
2023,10678956,3003829510,028501,6
2023,11572959,3003829510,028502,10
2023,11572959,3003829510,028503,8
2023,10802283,3003829510,028505,4
2023,12426107,3003829510,028100,10
2023,11495623,3003829510,028504,8
2023,11495623,3003829510,028100,10
2023,11495623,3003829510,028100,10
2023,13274066,3003829510,028505,0
2023,10511909,3003829510,028503,0
2023,10511909,3003829510,028501,0
2023,10511909,3003829510,028501,0
2023,13240658,3003829510,028001,7
2023,13105352,3003829510,028502,7
2023,13105352,3003829510,028501,6
2023,12569296,3003829510,028504,6
2023,10436905,3003829510,028502,8
2023,10436905,3003829510,028504,9
2023,13033829,3003829510,028501,6
2023,13095162,3003829510,028502,10
2023,13095162,3003829510,028502,10
2023,13095162,3003829510,028501,9
2023,10907341,3003829510,028504,9
2023,10907341,3003829510,028501,9
2023,11485242,3003829510,028504,8
2023,11619741,3003829510,028502,10
2023,11895957,3003829510,028502,9
2023,11895957,3003829510,028100,10
2023,10244186,3003829510,028502,8
2023,10244186,3003829510,028503,6
2023,10525708,3003829510,028505,6
2023,10525708,3003829510,028501,8
2023,10784833,3003829510,028505,7
2023,10784833,3003829510,028001,7
2023,10784833,3003829510,028503,8
2023,10784833,3003829510,028501,7
2023,10784833,3003829510,028100,9
2023,10762349,3003829510,028504,8
2023,10762349,3003829510,028505,6
2023,10762349,3003829510,028501,7
2023,11573208,3003829510,028505,7
2023,11573208,3003829510,028501,0
2023,10788057,3003829510,028100,5
2023,10783722,3003829510,028504,6
2023,10783722,3003829510,028100,9
2023,10244802,3003829510,028502,8
2023,10323990,3003829510,028502,10
2023,10323990,3003829510,028505,9
2023,10323990,3003829510,028001,10
2023,10323990,3003829510,028503,10
2023,13245317,3003829510,028505,9
2023,13245317,3003829510,028505,8
2023,11903090,3003829510,028504,8
2023,11903090,3003829510,028501,9
2023,11903090,3003829510,028100,10
2023,11407450,3003829510,028100,10
2023,12695436,3003829510,028502,9
2023,12695436,3003829510,028504,9
2023,10027392,3003829510,028502,0
2023,10027392,3003829510,028502,0
2023,10027392,3003829510,028504,2
2023,10027392,3003829510,028505,0
2023,10027392,3003829510,028503,0
2023,10805472,3003829510,028001,4
2023,12623151,3003829510,028503,6
2023,10630162,3003829510,028501,0
2023,12738447,3003829510,028502,0
2023,12738447,3003829510,028504,0
2023,12738447,3003829510,028505,0
2023,12738447,3003829510,028505,0
2023,12738447,3003829510,028505,6
2023,12738447,3003829510,028001,0
2023,11549816,3003829510,028502,10
2023,11549816,3003829510,028501,6
2023,12873247,3003829510,028502,4
2023,12873247,3003829510,028505,7
2023,12873247,3003829510,028001,7
2023,12873247,3003829510,028501,7
2023,12873247,3003829510,028100,10
2023,10476696,3003829510,028505,7
2023,10476696,3003829510,028100,10
2023,10476696,3003829510,028100,10
2023,10279654,3003829510,028505,4
2023,10279654,3003829510,028503,4
2023,10380752,3003829510,028502,10
2023,10380752,3003829510,028001,10
2023,10380752,3003829510,028001,10
2023,10380752,3003829510,028501,10
2023,10380752,3003829510,028501,10
2023,10823864,3003829510,028502,7
2023,10823864,3003829510,028504,9
2023,10823864,3003829510,028505,7
2023,10823864,3003829510,028503,4
2023,10823864,3003829510,028501,7
2023,10823864,3003829510,028100,2
2023,10905442,3003829510,028504,7
2023,10905442,3003829510,028503,8
2023,10905442,3003829510,028100,5
2023,13246090,3003829510,028502,10
2023,13246090,3003829510,028501,9
2023,10893181,3003829510,028502,8
2023,10893181,3003829510,028504,9
2023,13053163,3003829510,028504,0
2023,13053163,3003829510,028100,0
2023,13053163,3003829510,028100,0
2023,13281688,3003829510,028001,6
2023,10808367,3003829510,028503,7
2023,10808367,3003829510,028100,10
2023,11318786,3003829510,028503,6
2023,10835151,3003829510,028502,8
2023,11261849,3003829510,028502,8
2023,11261849,3003829510,028505,4
2023,11261849,3003829510,028505,7
2023,11261849,3003829510,028503,8
2023,13034194,3003829510,028502,10
2023,10615480,3003829510,028505,9
2023,10615480,3003829510,028501,9
2023,10615480,3003829510,028501,9
2023,13246042,3003829510,028505,10
2023,10804587,3003829510,028502,6
2023,10804587,3003829510,028502,7
2023,10804587,3003829510,028505,4
2023,12837351,3003829510,028504,8
2023,10898139,3003829510,028501,10
2023,12858788,3003829510,028505,9
2023,12858788,3003829510,028001,9
2023,12858788,3003829510,028501,9
2023,12419064,3003829510,028100,9
2023,13281520,3003829510,028504,9
2023,13281520,3003829510,028505,9
2023,13281520,3003829510,028501,10
2023,13255314,3003829510,028502,7
2023,13034042,3003829510,028502,10
2023,10819064,3003829510,028502,8
2023,10819064,3003829510,028504,7
2023,10819064,3003829510,028505,6
2023,10819064,3003829510,028505,8
2023,10819064,3003829510,028001,7
2023,10819064,3003829510,028501,8
2023,13001804,3003829510,028502,10
2023,13001804,3003829510,028001,9
2023,10904286,3003829510,028505,9
2023,10904286,3003829510,028501,10
2023,11237080,3003829510,028100,10
2023,10358166,3003829510,028504,7
2023,10358166,3003829510,028001,7
2023,10358166,3003829510,028501,9
2023,10574437,3003829510,028001,5
2023,10574437,3003829510,028001,5
2023,10574437,3003829510,028100,7
2023,10787438,3003829510,028504,8
2023,10787438,3003829510,028505,7
2023,10787438,3003829510,028503,8
2023,10787438,3003829510,028100,10
2023,10020005,3003829510,028503,6
2023,10020005,3003829510,028501,7
2023,10699260,3003829517,028601,0
2023,13039503,3003829517,028601,0
2023,10491676,3003829517,028601,0
2023,10664939,3003829517,028601,0
2023,10730519,3003829517,028601,0
2023,10803735,3003829517,028601,0
2023,10856603,3003829517,028601,0
2023,12411612,3003829517,028601,0
2023,12557890,3003829517,028601,0
2023,10657224,3003829629,1367,9
2023,10657224,3003829629,1368,4
2023,11831183,3003829629,1370,8
2023,11831183,3003829629,1369,9
2023,13281830,3003829629,1370,8
2023,13281830,3003829629,1367,8
2023,13281830,3003829629,1376,8
2023,10689174,3003829629,1368,9
2023,10735610,3003829629,CV0003,7
2023,10735610,3003829629,1370,8
2023,10735610,3003829629,1367,9
2023,10735610,3003829629,1368,8
2023,10735610,3003829629,1369,6
2023,10839832,3003829629,1370,7
2023,10839832,3003829629,1368,7
2023,10839832,3003829629,1368,4
2023,10698052,3003829629,1368,8
2023,10698929,3003829629,CV0003,0
2023,10698929,3003829629,1367,0
2023,10814218,3003829629,1369,3
2023,10814218,3003829629,1369,0
2023,12558926,3003829629,1368,0
2023,10734168,3003829629,1370,8
2023,10817396,3003829629,1370,7
2023,10817396,3003829629,1370,8
2023,10817396,3003829629,1367,7
2023,10817396,3003829629,1369,3
2023,10707900,3003829629,CV0003,8
2023,10707900,3003829629,1367,7
2023,10978127,3003829629,1369,0
2023,10742955,3003829629,CV0003,9
2023,10742955,3003829629,CV0003,9
2023,10742955,3003829629,1367,7
2023,10396024,3003829629,1367,8
2023,12739203,3003829629,1369,7
2023,10635766,3003829629,1367,6
2023,13242130,3003829629,1370,10
2023,13242130,3003829629,1367,10
2023,13242130,3003829629,1376,10
2023,10707767,3003829629,CV0003,8
2023,10707767,3003829629,1369,4
2023,10781254,3003829629,1370,9
2023,10781254,3003829629,1368,8
2023,13281768,3003829629,CV0003,4
2023,13281768,3003829629,1369,4
2023,10620831,3003829629,1370,6
2023,10620831,3003829629,1369,9
2023,10017422,3003829629,1369,9
2023,10017422,3003829629,1376,9
2023,10319363,3003829629,1368,8
2023,10319363,3003829629,1376,8
2023,10319363,3003829629,1376,8
2023,10652405,3003829629,1368,8
2023,10652405,3003829629,1369,10
2023,10678151,3003829629,1370,4
2023,10701794,3003829629,1367,4
2023,10678799,3003829629,CV0003,4
2023,10678799,3003829629,1367,7
2023,10678799,3003829629,1367,0
2023,10729710,3003829629,CV0003,6
2023,10729710,3003829629,1370,6
2023,10729710,3003829629,1368,4
2023,10729710,3003829629,1368,0
2023,10687463,3003829629,CV0003,7
2023,13242092,3003829629,CV0003,7
2023,13242092,3003829629,CV0003,8
2023,13242092,3003829629,1367,7
2023,13256847,3003829629,1376,10
2023,10822528,3003829629,1370,9
2023,10822528,3003829629,1367,8
2023,10822528,3003829629,1369,8
2023,10324078,3003829629,1369,9
2023,10324078,3003829629,1376,9
2023,10324078,3003829629,1376,9
2023,10679716,3003829629,CV0003,10
2023,10679716,3003829629,1370,10
2023,13273466,3003829629,CV0003,7
2023,13273466,3003829629,1367,6
2023,12478386,3003829629,CV0003,4
2023,12478386,3003829629,1368,2
2023,12478386,3003829629,1369,4
2023,13011023,3003829629,CV0003,4
2023,13011023,3003829629,1370,4
2023,13011023,3003829629,1367,4
2023,13011023,3003829629,1367,7
2023,10657734,3003829629,CV0003,9
2023,10657734,3003829629,1370,4
2023,10657734,3003829629,1367,7
2023,10657734,3003829629,1369,9
2023,10657734,3003829629,1376,8
2023,10711968,3003829629,1370,8
2023,10711968,3003829629,1367,7
2023,10711968,3003829629,1376,9
2023,10711968,3003829629,1376,9
2023,10513391,3003829636,1372,9
2023,10634289,3003829636,1377,7
2023,10634289,3003829636,1377,6
2023,10634969,3003829636,1375,9
2023,10634969,3003829636,1371,8
2023,10657266,3003829636,1373,8
2023,10657266,3003829636,1374,7
2023,10657266,3003829636,1377,6
2023,10392520,3003829636,1371,4
2023,10392520,3003829636,1373,6
2023,10392520,3003829636,1374,4
2023,10411129,3003829636,CV0004,10
2023,10411129,3003829636,1371,10
2023,10411129,3003829636,1377,9
2023,10462592,3003829636,1372,9
2023,10462592,3003829636,1374,8
2023,10462592,3003829636,1374,8
2023,10678949,3003829636,1372,4
2023,10678949,3003829636,1377,6
2023,10691096,3003829636,1375,7
2023,10691096,3003829636,1377,6
2023,10691103,3003829636,1377,6
2023,10696544,3003829636,1371,7
2023,10696544,3003829636,1372,7
2023,10696544,3003829636,1374,6
2023,10696544,3003829636,1377,6
2023,10706057,3003829636,1375,8
2023,10706057,3003829636,1377,9
2023,10816497,3003829636,CV0004,8
2023,10816497,3003829636,1378,0
2023,10792613,3003829636,CV0004,7
2023,10792613,3003829636,1373,7
2023,10829974,3003829636,1371,8
2023,10829974,3003829636,1377,9
2023,10830272,3003829636,1373,7
2023,10836592,3003829636,1372,0
2023,10836592,3003829636,1372,8
2023,10836592,3003829636,1373,7
2023,12826253,3003829636,CV0004,9
2023,13056692,3003829636,1378,0
2023,13056692,3003829636,1373,9
2023,10013793,3003829636,1378,0
2023,10013793,3003829636,1372,8
2023,10013793,3003829636,1373,8
2023,10025975,3003829636,1378,0
2023,10025975,3003829636,1371,8
2023,10024512,3003829636,1371,7
2023,10024512,3003829636,1372,9
2023,10024512,3003829636,1374,9
2023,10636299,3003829636,1372,7
2023,10307743,3003829636,CV0004,8
2023,10381433,3003829636,1377,9
2023,10691132,3003829636,1371,2
2023,10700544,3003829636,1373,7
2023,10700544,3003829636,1374,7
2023,10700981,3003829636,CV0004,9
2023,10700981,3003829636,1374,9
2023,10700981,3003829636,1374,8
2023,10709570,3003829636,1372,7
2023,10734359,3003829636,1375,0
2023,10734359,3003829636,1373,4
2023,10737469,3003829636,1375,8
2023,10737469,3003829636,1378,0
2023,10737469,3003829636,1373,9
2023,10737469,3003829636,1377,8
2023,10753893,3003829636,CV0004,9
2023,10753893,3003829636,1378,0
2023,10753893,3003829636,1373,8
2023,10753893,3003829636,1374,6
2023,10819896,3003829636,1373,8
2023,10819896,3003829636,1377,9
2023,10865461,3003829636,1378,0
2023,11069919,3003829636,1375,7
2023,11069919,3003829636,1378,0
2023,11069919,3003829636,1377,8
2023,11167937,3003829636,1375,7
2023,11167937,3003829636,1378,0
2023,12608298,3003829636,CV0004,10
2023,12608298,3003829636,1378,0
2023,12736051,3003829636,1377,9
2023,12736834,3003829636,1377,8
2023,13030911,3003829636,1374,9
2023,13030911,3003829636,1374,9
2023,10174423,3003829636,1377,8
2023,11032354,3003829636,1372,9
2023,11032354,3003829636,1373,7
2023,11032354,3003829636,1373,7
2023,10328898,3003829636,1375,0
2023,10328898,3003829636,1378,0
2023,10328898,3003829636,1373,8
2023,10776959,3003829636,1375,0
2023,10776959,3003829636,1373,0
2023,10691028,3003829636,1371,3
2023,10691028,3003829636,1374,4
2023,10352236,3003828691,5025,8
2023,10293577,3003828691,5025,1
2023,10352528,3003828691,5021,8
2023,10352528,3003828691,5025,9
2023,12734604,3003828691,5022,9
2023,10428862,3003828691,5021,0
2023,10428862,3003828691,5021,0
2023,10428862,3003828691,5022,0
2023,10428862,3003828691,5023,0
2023,11484277,3003828691,5021,9
2023,11484277,3003828691,5024,8
2023,11484277,3003828691,5026,10
2023,12430202,3003828691,5021,9
2023,12430202,3003828691,5022,10
2023,12430202,3003828691,5023,9
2023,12430202,3003828691,5025,10
2023,10400378,3003828691,5023,10
2023,10400378,3003828691,5025,10
2023,10146282,3003828691,5021,9
2023,10146282,3003828691,5024,10
2023,10146282,3003828691,5025,10
2023,10514340,3003828691,5023,9
2023,10514340,3003828691,5025,1
2023,10514340,3003828691,5026,8
2023,10376123,3003828691,5023,7
2023,10376123,3003828691,5024,7
2023,10398753,3003828691,5021,9
2023,10398753,3003828691,5021,0
2023,10398753,3003828691,5023,0
2023,10949781,3003828691,5023,9
2023,10949781,3003828691,5024,9
2023,10432545,3003828691,5024,0
2023,10432545,3003828691,5026,0
2023,10698939,3003828691,5023,9
2023,10254544,3003828691,5022,9
2023,10254544,3003828691,5023,9
2023,10254544,3003828691,5025,10
2023,10254544,3003828691,5026,7
2023,13297404,3003828691,5022,9
2023,10328167,3003828705,5073,0
2023,10328167,3003828705,5074,0
2023,11406626,3003828705,5072,9
2023,11406626,3003828705,5075,0
2023,10304881,3003828705,5071,8
2023,10304881,3003828705,5074,0
2023,10304881,3003828705,5075,0
2023,10688139,3003828705,5073,4
2023,10353205,3003828705,5075,9
2023,10646249,3003828705,5071,0
2023,10646249,3003828705,5073,0
2023,10646249,3003828705,5074,0
2023,10646249,3003828705,5075,0
2023,12447243,3003828705,5071,6
2023,12447243,3003828705,5073,9
2023,10789928,3003828705,5073,0
2023,10789928,3003828705,5074,0
2023,13297112,3003828705,5071,6
2023,13297112,3003828705,5074,10
2023,13297112,3003828705,5075,9
2023,10276576,3003828705,5071,7
2023,10276576,3003828705,5074,9
2023,11167622,3003828705,5072,0
2023,11407481,3003828705,5073,0
2023,11407481,3003828705,5073,0
2023,10018367,3003828705,5073,8
2023,10018367,3003828705,5074,4
2023,10018367,3003828705,5075,5
2023,10496141,3003828705,5072,0
2023,10496141,3003828705,5073,0
2023,10496141,3003828705,5075,0
2023,10254384,3003828705,5071,0
2023,10525957,3003828705,5072,6
2023,10525957,3003828705,5074,6
2023,10525957,3003828705,5074,0
2023,10525957,3003828705,5075,0
2023,10278806,3003828705,5073,10
2023,10182546,3003828705,5074,9
2023,10470240,3003828900,CV0004,10
2023,10470240,3003828900,0378,8
2023,10470240,3003828900,0382,0
2023,10303547,3003828900,0378,6
2023,10303547,3003828900,0377,4
2023,10500950,3003828900,CV0004,10
2023,10380889,3003828900,CV0004,7
2023,10380889,3003828900,0374,7
2023,10409990,3003828900,0376,7
2023,10819337,3003828900,0381,7
2023,10819337,3003828900,0377,7
2023,10792555,3003828900,CV0004,9
2023,10792555,3003828900,0378,8
2023,10652552,3003828900,0378,8
2023,10652552,3003828900,0375,8
2023,10652552,3003828900,0374,10
2023,10496577,3003828900,CV0004,7
2023,10496577,3003828900,CV0004,8
2023,10496577,3003828900,0381,6
2023,10496577,3003828900,0381,6
2023,10496577,3003828900,0378,8
2023,10711859,3003828900,0378,4
2023,10711859,3003828900,0374,0
2023,10797555,3003828900,0375,6
2023,10797555,3003828900,0376,8
2023,10851128,3003828900,0381,8
2023,11415977,3003828900,0375,8
2023,11415977,3003828900,0382,0
2023,11415977,3003828900,0377,6
2023,11415977,3003828900,0374,8
2023,11646742,3003828900,CV0004,9
2023,10586308,3003828900,CV0004,9
2023,10586308,3003828900,0374,8
2023,10017378,3003828900,CV0004,9
2023,10017378,3003828900,0377,5
2023,10017378,3003828900,0376,7
2023,10294470,3003828900,CV0004,9
2023,10294470,3003828900,0374,8
2023,10427819,3003828900,CV0004,10
2023,10799062,3003828900,0381,7
2023,10799062,3003828900,0382,0
2023,10799062,3003828900,0376,8
2023,10799062,3003828900,0374,8
2023,10640918,3003828900,0378,8
2023,10855729,3003828893,0380,8
2023,10855729,3003828893,0369,8
2023,10864476,3003828893,0370,7
2023,10864476,3003828893,0369,6
2023,10611327,3003828893,0372,9
2023,11242377,3003828893,CV0003,8
2023,11242377,3003828893,0371,9
2023,10332972,3003828893,0371,9
2023,10267085,3003828893,0370,8
2023,10267085,3003828893,0380,9
2023,10837451,3003828893,0370,7
2023,10837451,3003828893,0370,8
2023,10837451,3003828893,0372,7
2023,10837451,3003828893,0380,8
2023,12722174,3003828893,0373,4
2023,12722174,3003828893,0371,5
2023,13257199,3003828893,0373,3
2023,13257199,3003828893,0380,10
2023,10634348,3003828893,0373,5
2023,10634348,3003828893,0373,5
2023,10634348,3003828893,0369,6
2023,10963354,3003828893,0370,10
2023,10963354,3003828893,0373,9
2023,10963354,3003828893,0371,9
2023,10707901,3003828893,0373,6
2023,10748092,3003828893,CV0003,7
2023,10748092,3003828893,0370,6
2023,10748092,3003828893,0373,4
2023,10748092,3003828893,0373,5
2023,10748092,3003828893,0372,7
2023,10832107,3003828893,CV0003,8
2023,10832107,3003828893,0372,7
2023,10832107,3003828893,0380,8
2023,10679688,3003828893,CV0003,7
2023,10679688,3003828893,0372,6
2023,10679688,3003828893,0369,6
2023,10691654,3003828893,0373,7
2023,10691654,3003828893,0373,6
2023,10691654,3003828893,0369,9
2023,10707654,3003828893,CV0003,7
2023,10707654,3003828893,0372,7
2023,10676228,3003828893,0373,6
2023,10676228,3003828893,0373,7
2023,10676228,3003828893,0372,7
2023,10676228,3003828893,0369,8
2023,10687382,3003828893,0373,4
2023,10687382,3003828893,0372,6
2023,10837560,3003828893,CV0003,8
2023,10837560,3003828893,0373,9
2023,10837560,3003828893,0369,8
2023,11254914,3003828823,0489,1
2023,12433973,3003828823,0488,9
2023,13163302,3003828823,0490,9
2023,13163302,3003828823,0489,10
2023,10417697,3003828823,CV0004,6
2023,10279324,3003828823,0490,4
2023,10979745,3003828823,0491,5
2023,10979745,3003828823,0486,9
2023,10277644,3003828823,0491,3
2023,12737929,3003828823,0494,0
2023,12737929,3003828823,0494,9
2023,10292823,3003828823,0494,0
2023,10292823,3003828823,0489,0
2023,13038074,3003828823,CV0004,9
2023,13038074,3003828823,CV0004,8
2023,13038074,3003828823,0490,8
2023,13038074,3003828823,0488,8
2023,10707674,3003828823,0491,0
2023,10707674,3003828823,0490,0
2023,10707674,3003828823,0489,0
2023,11254010,3003828823,0490,3
2023,11254010,3003828823,0486,8
2023,10326385,3003828823,0486,9
2023,10664873,3003828823,0490,10
2023,10664873,3003828823,0489,10
2023,10279526,3003828823,CV0004,8
2023,10865901,3003828823,0488,0
2023,10470608,3003828823,CV0004,0
2023,10470608,3003828823,CV0004,0
2023,10470608,3003828823,0488,0
2023,10470608,3003828823,0486,4
2023,13038149,3003828823,CV0004,0
2023,13038149,3003828823,0491,0
2023,13038149,3003828823,0490,0
2023,13038149,3003828823,0489,4
2023,13038149,3003828823,0486,0
2023,13038149,3003828823,0486,0
2023,12563774,3003828823,0495,0
2023,10264374,3003828823,0491,0
2023,11572662,3003828823,0491,10
2023,10254372,3003828823,0491,8
2023,10399819,3003828823,CV0004,1
2023,10399819,3003828823,0489,8
2023,12717811,3003828823,CV0004,5
2023,10307929,3003828795,0373,7
2023,10307929,3003828795,0487,5
2023,10307929,3003828795,0484,7
2023,10730670,3003828795,0487,10
2023,10730670,3003828795,0485,10
2023,10730670,3003828795,0484,10
2023,10730670,3003828795,0617,10
2023,13245350,3003828795,CV0003,0
2023,13245350,3003828795,0373,0
2023,13245350,3003828795,0484,0
2023,13245350,3003828795,0484,0
2023,10837069,3003828795,CV0003,4
2023,10837069,3003828795,CV0003,7
2023,10837069,3003828795,0373,5
2023,10837069,3003828795,0487,3
2023,10837069,3003828795,0485,7
2023,10837069,3003828795,0485,7
2023,10441204,3003828795,0373,0
2023,10441204,3003828795,0487,0
2023,10441204,3003828795,0485,0
2023,10441204,3003828795,0484,8
2023,10820972,3003828795,0487,9
2023,10965828,3003828795,0487,8
2023,10965828,3003828795,0483,9
2023,10279258,3003828795,CV0003,0
2023,10279258,3003828795,0485,0
2023,10279258,3003828795,0483,0
2023,10279258,3003828795,0483,0
2023,10279258,3003828795,0617,0
2023,10635824,3003828795,CV0003,9
2023,10635824,3003828795,0487,6
2023,10635824,3003828795,0485,9
2023,10635824,3003828795,0483,6
2023,10635824,3003828795,0617,7
2023,10604661,3003828795,0373,0
2023,10604661,3003828795,0485,0
2023,10604661,3003828795,0484,0
2023,10604661,3003828795,0617,0
2023,13248857,3003828795,CV0003,9
2023,13248857,3003828795,0484,8
2023,13248857,3003828795,0484,9
2023,13248857,3003828795,0617,8
2023,10332148,3003828795,0373,9
2023,10332148,3003828795,0483,0
2023,13245291,3003828795,0373,0
2023,13245291,3003828795,0487,0
2023,13245291,3003828795,0617,0
2023,13245903,3003828795,CV0003,0
2023,13245903,3003828795,0373,0
2023,13245903,3003828795,0487,0
2023,13245903,3003828795,0483,0
2023,13245942,3003828795,0483,0
2023,10254986,3003828795,CV0003,10
2023,10254986,3003828795,0373,9
2023,10254986,3003828795,0373,10
2023,10254986,3003828795,0484,10
2023,10254986,3003828795,0484,10
2023,10254986,3003828795,0617,10
2023,10255828,3003828795,0485,0
2023,10255828,3003828795,0484,6
2023,10399842,3003828795,0373,4
2023,10399842,3003828795,0487,3
2023,10679677,3003828795,CV0003,4
2023,10679677,3003828795,0485,8
2023,10679677,3003828795,0485,6
2023,10679677,3003828795,0483,6
2023,12736124,3003828795,0487,8
2023,12736124,3003828795,0487,8
2023,12736124,3003828795,0483,7
2023,10201417,3003828795,CV0003,10
2023,11736342,3003828795,0487,9
2023,11736342,3003828795,0485,9
2023,13170875,3003828795,0373,6
2023,13170875,3003828795,0373,0
2023,13170875,3003828795,0484,6
2023,13170875,3003828795,0483,0
2023,13170875,3003828795,0617,7
2023,10365185,3003828795,0487,8
2023,10365185,3003828795,0485,3
2023,10365185,3003828795,0483,6
2023,10663063,3003828795,CV0003,8
2023,13245900,3003828795,0487,6
2023,13245900,3003828795,0484,8
2023,13245900,3003828795,0483,9
2023,13245900,3003828795,0617,8
2023,10852247,3003828795,0373,8
2023,10852247,3003828795,0487,7
2023,10852247,3003828795,0483,8
2023,10454428,3003828795,CV0003,0
2023,10454428,3003828795,0373,0
2023,10454428,3003828795,0373,0
2023,10454428,3003828795,0483,0
2023,10454428,3003828795,0617,0
2023,11569845,3003828795,0483,0
2023,10364384,3003828795,0373,10
2023,10364384,3003828795,0487,9
2023,10304488,3003828795,0483,0
2023,10304488,3003828795,0483,0
2023,10392227,3003828795,0485,0
2023,10013834,3003828795,0487,0
2023,10323451,3003828795,CV0003,7
2023,10323451,3003828795,CV0003,8
2023,10323451,3003828795,0373,7
2023,10323451,3003828795,0487,7
2023,10323451,3003828795,0617,9
2023,10817332,3003828795,0485,5
2023,12735228,3003828795,0487,7
2023,10392051,3003828795,0485,6
2023,13245876,3003828795,0485,10
2023,13245876,3003828795,0484,10
2023,13245876,3003828795,0617,9
2023,10021939,3003828795,0487,4
2023,10021939,3003828795,0487,0
2023,10021939,3003828795,0485,4
2023,13245936,3003828795,CV0003,8
2023,13245936,3003828795,0487,0
2023,13245936,3003828795,0485,0
2023,13245936,3003828795,0485,0
2023,13245936,3003828795,0617,9
2023,10489583,3003828795,0485,10
2023,10489583,3003828795,0485,8
2023,10851164,3003828795,CV0003,8
2023,10851164,3003828795,0373,3
2023,10851164,3003828795,0484,7
2023,10851164,3003828795,0483,3
2023,10851164,3003828795,0617,4
2023,11240348,3003828795,0484,0
2023,10362119,3003828795,0487,0
2023,10362119,3003828795,0485,0
2023,10362119,3003828795,0483,8
2023,10308646,3003828795,0373,5
2023,10308646,3003828795,0485,4
2023,10308646,3003828795,0484,7
2023,10308646,3003828795,0483,8
2023,12587239,3003828795,0373,0
2023,12587239,3003828795,0373,0
2023,12587239,3003828795,0487,4
2023,12587239,3003828795,0487,0
2023,12587239,3003828795,0485,0
2023,12587239,3003828795,0483,0
2023,12587239,3003828795,0617,0
2023,10750448,3003828795,0483,0
2023,10666129,3003828795,0373,6
2023,10278578,3003828795,CV0003,0
2023,10278578,3003828795,0487,0
2023,10278578,3003828795,0484,0
2023,10278578,3003828795,0483,0
2023,10278578,3003828795,0483,0
2023,13294635,3003828795,0483,9
2023,11778439,3003828795,0485,0
2023,11778439,3003828795,0484,0
2023,11778439,3003828795,0483,0
2023,10241522,3003828788,0614,7
2023,10241522,3003828788,0613,5
2023,10247323,3003828788,CV0004,10
2023,10261771,3003828788,CV0004,8
2023,10308120,3003828788,0616,8
2023,10247323,3003828788,0619,0
2023,10308120,3003828788,0619,0
2023,10261771,3003828788,0613,9
2023,10261771,3003828788,0612,8
2023,10574443,3003828788,CV0004,9
2023,10574443,3003828788,0619,0
2023,10574443,3003828788,0612,3
2023,10707841,3003828788,CV0004,10
2023,10707841,3003828788,0615,8
2023,10707841,3003828788,0614,9
2023,11088015,3003828788,0614,3
2023,11782852,3003828788,0619,0
2023,11782852,3003828788,0615,4
2023,11782852,3003828788,0615,8
2023,10319905,3003828788,0615,4
2023,10403933,3003828788,0615,8
2023,10403933,3003828788,0613,10
2023,10249394,3003828788,0615,7
2023,10308808,3003828788,CV0004,10
2023,10308808,3003828788,0618,8
2023,10604775,3003828788,0618,8
2023,10604775,3003828788,0613,6
2023,10676208,3003828788,0616,10
2023,10676208,3003828788,0615,9
2023,10676208,3003828788,0614,8
2023,10797554,3003828788,0614,8
2023,10797554,3003828788,0613,0
2023,13038816,3003828788,0615,8
2023,13038816,3003828788,0615,8
2023,13038828,3003828788,0612,6
2023,10640914,3003828788,0613,9
2023,10304867,3003828788,0615,9
2023,10407215,3003828788,0616,8
2023,10708221,3003828788,CV0004,9
2023,12250190,3003828767,0227,0
2023,12717192,3003828767,CV0002,4
2023,12717192,3003828767,CV0002,0
2023,12717192,3003828767,0230,8
2023,13031068,3003828767,0226,8
2023,13031068,3003828767,0224,9
2023,13031068,3003828767,0227,8
2023,10663109,3003828767,CV0002,0
2023,10679662,3003828767,0231,0
2023,10863174,3003828767,CV0002,7
2023,10863174,3003828767,CV0002,6
2023,10863174,3003828767,0228,7
2023,10863174,3003828767,0228,6
2023,10863174,3003828767,0231,0
2023,10863174,3003828767,0227,8
2023,13031606,3003828767,0227,1
2023,13031606,3003828767,0227,3
2023,10679666,3003828767,CV0002,4
2023,13031141,3003828767,0230,7
2023,13031141,3003828767,0224,6
2023,10756607,3003828767,CV0002,9
2023,12730553,3003828767,0226,7
2023,11825745,3003828767,0227,0
2023,10351465,3003828767,0226,8
2023,10351465,3003828767,0224,9
2023,10757001,3003828767,0224,9
2023,10851163,3003828767,CV0002,7
2023,10851163,3003828767,0226,5
2023,10882466,3003828767,0231,0
2023,11088071,3003828767,CV0002,9
2023,10410140,3003828767,0228,4
2023,10410140,3003828767,0226,2
2023,10410140,3003828767,0224,2
2023,10410140,3003828767,0227,1
2023,10679710,3003828767,CV0002,9
2023,10679710,3003828767,0228,9
2023,10762023,3003828767,0228,8
2023,10762023,3003828767,0224,8
2023,10814487,3003828767,0228,6
2023,10856605,3003828767,0228,9
2023,10856605,3003828767,0231,0
2023,11804013,3003828767,CV0002,7
2023,10828387,3003828767,CV0002,8
2023,10828387,3003828767,0228,8
2023,12559471,3003828767,0228,10
2023,12559471,3003828767,0224,8
2023,11847570,3003828760,0223,4
2023,10833893,3003828760,CV0001,4
2023,10833893,3003828760,0225,0
2023,10833893,3003828760,0223,0
2023,10833893,3003828760,0229,5
2023,10910799,3003828760,0229,9
2023,10910799,3003828760,0229,9
2023,10789656,3003828760,CV0001,8
2023,10789656,3003828760,0223,9
2023,11088604,3003828760,0225,8
2023,11088604,3003828760,0221,10
2023,11088604,3003828760,0229,9
2023,11312205,3003828760,0229,1
2023,10283255,3003828760,0225,6
2023,10283255,3003828760,0221,7
2023,10283255,3003828760,0222,7
2023,10909591,3003828760,0221,9
2023,10390554,3003828760,0225,5
2023,11567531,3003828760,0229,0
2023,10305237,3003828760,0223,0
2023,10017433,3003828760,0229,8
2023,10017433,3003828760,0222,8
2023,10325203,3003828760,0225,9
2023,10906556,3003828760,CV0001,4
2023,10906556,3003828760,0223,8
2023,10906556,3003828760,0222,4
2023,11421089,3003828760,0223,6
2023,12865232,3003828760,0221,0
2023,10912321,3003828760,0223,9
2023,10912321,3003828760,0221,8
2023,10912321,3003828760,0221,10
2023,10912321,3003828760,0221,9
2023,10912321,3003828760,0229,8
2023,11571793,3003828760,0225,4
2023,11571793,3003828760,0223,6
2023,11571793,3003828760,0221,7
2023,13006056,3003828760,CV0001,4
2023,13006056,3003828760,0223,7
2023,13006056,3003828760,0229,0
2023,10762391,3003828760,CV0001,4
2023,10762391,3003828760,CV0001,4
2023,10762391,3003828760,0225,1
2023,10762391,3003828760,0225,0
2023,10762391,3003828760,0223,7
2023,10911129,3003828760,0225,5
2023,10911129,3003828760,0229,8
2023,10911129,3003828760,0229,8
2023,12510469,3003828760,0223,8
2023,12510469,3003828760,0223,8
2023,10416745,3003828760,0225,7
2023,10416745,3003828760,0229,6
2023,10416745,3003828760,0222,6
2023,10416745,3003828760,0222,6
2023,10713860,3003828760,CV0001,0
2023,10713860,3003828760,CV0001,0
2023,10713860,3003828760,0223,0
2023,10713860,3003828760,0221,0
2023,10713860,3003828760,0222,0
2023,12505624,3003828760,0223,8
2023,13250561,3003828760,0225,9
2023,13250561,3003828760,0223,10
2023,13250561,3003828760,0221,9
2023,13250561,3003828760,0229,5
2023,13250561,3003828760,0222,9
2023,10392662,3003828760,0229,0
2023,10392662,3003828760,0222,0
2023,10392662,3003828760,0222,0
2023,12731167,3003828760,0229,0
2023,12731167,3003828760,0229,0
2023,10466174,3003828760,0225,0
2023,10466174,3003828760,0223,0
2023,10466174,3003828760,0229,0
2023,10819052,3003828760,CV0001,9
2023,10819052,3003828760,0223,7
2023,10819052,3003828760,0223,8
2023,10819052,3003828760,0221,7
2023,10819052,3003828760,0222,6
2023,13086978,3003828760,0225,9
2023,11763179,3003828760,CV0001,0
2023,11763179,3003828760,CV0001,0
2023,11763179,3003828760,0225,7
2023,11763179,3003828760,0225,4
2023,11763179,3003828760,0225,0
2023,11763179,3003828760,0223,6
2023,10888617,3003828760,0225,7
2023,10888617,3003828760,0222,8
2023,10344575,3003828760,0229,3
2023,10344575,3003828760,0222,7
2023,12270997,3003828760,0225,0
2023,12270997,3003828760,0222,0
2023,12609908,3003828760,0223,0
2023,12609908,3003828760,0222,0
2023,10885064,3003828760,0221,4
2023,10885064,3003828760,0229,6
2023,10904569,3003828760,0223,9
2023,10904569,3003828760,0221,8
2023,10895404,3003828760,0229,9
2023,10895404,3003828760,0222,9
2023,10937956,3003828760,0225,0
2023,10937956,3003828760,0223,0
2023,10937956,3003828760,0221,0
2023,10937956,3003828760,0229,0
2023,13321692,3003828760,0223,0
2023,13321692,3003828760,0223,0
2023,13321692,3003828760,0229,0
2023,13321692,3003828760,0222,0
2023,12708907,3003826548,CV0004,4
2023,10636300,3003826548,CV0004,7
2023,10636300,3003826548,0183,7
2023,10636300,3003826548,0178,7
2023,10636300,3003826548,0175,9
2023,12634107,3003826548,0184,0
2023,10691401,3003826548,0180,9
2023,10691401,3003826548,0176,7
2023,10691401,3003826548,0176,7
2023,11186762,3003826548,0180,10
2023,11186762,3003826548,0175,5
2023,11402080,3003826548,0175,9
2023,13035643,3003826548,0180,8
2023,13035643,3003826548,0176,8
2023,10014485,3003826548,0183,8
2023,10014485,3003826548,0178,7
2023,10640379,3003826548,0180,9
2023,10640379,3003826548,0178,5
2023,10357602,3003826548,0176,7
2023,10376639,3003826548,0181,0
2023,10376639,3003826548,0178,0
2023,10734117,3003826548,CV0004,9
2023,10734117,3003826548,CV0004,9
2023,10734117,3003826548,0183,8
2023,10734117,3003826548,0176,7
2023,10734117,3003826548,0178,8
2023,10734117,3003826548,0175,9
2023,12675110,3003826548,0183,7
2023,12675110,3003826548,0176,6
2023,13034970,3003826548,0183,7
2023,12793270,3003826548,0181,0
2023,12793270,3003826548,0183,8
2023,10759106,3003826548,0178,6
2023,10935906,3003826548,0178,0
2023,11329159,3003826548,0184,0
2023,11329159,3003826548,0175,8
2023,13034960,3003826548,CV0004,0
2023,13034960,3003826548,0180,7
2023,13034960,3003826548,0175,7
2023,10134445,3003826548,0180,0
2023,13263308,3003826541,0179,4
2023,13263308,3003826541,0174,5
2023,13263308,3003826541,0177,5
2023,13240820,3003826541,0179,0
2023,13240820,3003826541,0173,4
2023,13240820,3003826541,0174,0
2023,13240820,3003826541,0177,1
2023,13240820,3003826541,0177,0
2023,11568873,3003826541,0171,8
2023,11568873,3003826541,0173,8
2023,11568873,3003826541,0174,8
2023,10742422,3003826541,0179,6
2023,10742422,3003826541,0172,7
2023,10742422,3003826541,0173,8
2023,12679099,3003826541,0174,0
2023,12679099,3003826541,0177,0
2023,11921786,3003826541,CV0003,9
2023,11921786,3003826541,0172,9
2023,11921786,3003826541,0173,7
2023,11921786,3003826541,0174,8
2023,10805336,3003826541,CV0003,6
2023,10805336,3003826541,0173,7
2023,10805336,3003826541,0173,4
2023,10805336,3003826541,0174,5
2023,13249462,3003826541,CV0003,0
2023,13249462,3003826541,0179,0
2023,13249462,3003826541,0174,8
2023,13249462,3003826541,0182,9
2023,10838901,3003826541,CV0003,4
2023,10838901,3003826541,0172,8
2023,10838901,3003826541,0172,6
2023,10838901,3003826541,0173,5
2023,10487908,3003826541,0179,7
2023,10487908,3003826541,0179,8
2023,10487908,3003826541,0171,8
2023,10487908,3003826541,0172,6
2023,10581335,3003826541,CV0003,10
2023,10581335,3003826541,0172,10
2023,10713910,3003826541,0171,7
2023,10713910,3003826541,0173,7
2023,10713910,3003826541,0182,8
2023,10713910,3003826541,0177,8
2023,10421505,3003826541,0172,5
2023,13245158,3003826541,CV0003,6
2023,13245158,3003826541,0172,5
2023,13245158,3003826541,0174,5
2023,10420918,3003826541,CV0003,7
2023,10420918,3003826541,0171,6
2023,10420918,3003826541,0174,7
2023,10420918,3003826541,0177,8
2023,11495548,3003826541,CV0003,0
2023,11495548,3003826541,0171,0
2023,11495548,3003826541,0172,0
2023,11495548,3003826541,0174,4
2023,11495548,3003826541,0174,0
2023,11495548,3003826541,0177,0
2023,11495548,3003826541,0177,0
2023,10664803,3003826541,CV0003,1
2023,10664803,3003826541,0179,1
2023,10664803,3003826541,0172,0
2023,10610451,3003826541,0177,6
2023,12905546,3003826541,CV0003,0
2023,12905546,3003826541,0179,0
2023,12905546,3003826541,0182,0
2023,10706770,3003826541,0179,4
2023,10706770,3003826541,0171,5
2023,10706770,3003826541,0173,7
2023,10706770,3003826541,0174,7
2023,10706770,3003826541,0177,7
2023,12730900,3003826541,0171,7
2023,12730900,3003826541,0173,0
2023,12730900,3003826541,0174,7
2023,12730900,3003826541,0177,7
2023,13062870,3003826541,0172,0
2023,13062870,3003826541,0172,0
2023,13062870,3003826541,0182,0
2023,13062870,3003826541,0177,0
2023,13062870,3003826541,0177,0
2023,13062870,3003826541,0177,0
2023,10301350,3003826541,0174,9
2023,10849475,3003826541,0179,9
2023,10849475,3003826541,0171,8
2023,10849475,3003826541,0171,8
2023,10849475,3003826541,0172,7
2023,13034983,3003826541,0173,0
2023,10468091,3003826541,0177,7
2023,11316431,3003826541,0171,0
2023,11316431,3003826541,0174,0
2023,11316431,3003826541,0174,0
2023,11564256,3003826541,0179,0
2023,11564256,3003826541,0179,0
2023,11564256,3003826541,0179,0
2023,11564256,3003826541,0173,0
2023,11564256,3003826541,0182,0
2023,10489725,3003826541,CV0003,0
2023,10489725,3003826541,0172,0
2023,10489725,3003826541,0173,0
2023,10489725,3003826541,0174,0
2023,10489725,3003826541,0182,0
2023,10489725,3003826541,0177,0
2023,10489725,3003826541,0177,0
2023,12870301,3003826541,CV0003,0
2023,12870301,3003826541,0179,0
2023,12870301,3003826541,0179,0
2023,12870301,3003826541,0171,0
2023,12870301,3003826541,0182,0
2023,10434284,3003826611,0402,0
2023,10428229,3003826611,0398,4
2023,10428229,3003826611,0180,8
2023,10428229,3003826611,0402,9
2023,10428229,3003826611,0402,9
2023,10420911,3003826611,CV0004,9
2023,10420911,3003826611,0400,10
2023,10420911,3003826611,0402,9
2023,10420911,3003826611,0399,9
2023,10420911,3003826611,0397,9
2023,10306049,3003826611,0180,8
2023,10306049,3003826611,0397,10
2023,10496638,3003826611,0397,9
2023,10274804,3003826611,0397,9
2023,10574372,3003826611,0398,9
2023,10511432,3003826611,CV0004,8
2023,10511432,3003826611,0399,8
2023,10511432,3003826611,0397,8
2023,10495929,3003826611,0398,10
2023,10495929,3003826611,0180,8
2023,10691269,3003826611,0397,7
2023,10699154,3003826611,0398,9
2023,10699154,3003826611,0180,8
2023,10699154,3003826611,0403,0
2023,10507538,3003826611,0398,0
2023,10507538,3003826611,0399,0
2023,10786213,3003826611,0403,0
2023,10786213,3003826611,0400,4
2023,10810890,3003826611,CV0004,9
2023,10810890,3003826611,0397,10
2023,10837523,3003826611,0397,7
2023,10842144,3003826611,0402,8
2023,13035483,3003826611,0400,9
2023,13035483,3003826611,0402,6
2023,13055004,3003826611,CV0004,6
2023,13055004,3003826611,0398,4
2023,13055004,3003826611,0400,9
2023,12468964,3003826604,0179,8
2023,10699672,3003826604,0171,9
2023,10700883,3003826604,CV0003,7
2023,10700883,3003826604,0179,7
2023,10700883,3003826604,0383,8
2023,10700883,3003826604,0173,6
2023,10778000,3003826604,0401,9
2023,10778000,3003826604,0384,9
2023,13242114,3003826604,0179,0
2023,13242114,3003826604,0179,0
2023,13242114,3003826604,0383,4
2023,13242114,3003826604,0383,0
2023,13242114,3003826604,0173,0
2023,10506767,3003826604,0171,0
2023,10506767,3003826604,0383,0
2023,10506767,3003826604,0172,0
2023,10506767,3003826604,0173,0
2023,10677163,3003826604,0384,9
2023,10677163,3003826604,0173,7
2023,10282475,3003826604,0179,8
2023,10282475,3003826604,0383,9
2023,10282475,3003826604,0172,8
2023,10698462,3003826604,CV0003,6
2023,10698462,3003826604,0179,4
2023,10698462,3003826604,0384,8
2023,10698462,3003826604,0173,6
2023,12398431,3003826604,0171,9
2023,13257485,3003826604,CV0003,2
2023,13257485,3003826604,0401,5
2023,13257485,3003826604,0401,0
2023,13257485,3003826604,0384,0
2023,10411178,3003826604,0401,8
2023,10411178,3003826604,0171,8
2023,10411178,3003826604,0384,9
2023,10675919,3003826604,CV0003,8
2023,10675919,3003826604,CV0003,8
2023,10675919,3003826604,0173,7
2023,10675919,3003826604,0173,9
2023,13127380,3003826604,CV0003,0
2023,13127380,3003826604,0401,6
2023,13127380,3003826604,0173,7
2023,13127380,3003826604,0173,6
2023,10513851,3003826604,CV0003,6
2023,10513851,3003826604,0401,0
2023,10513851,3003826604,0401,5
2023,10513851,3003826604,0383,2
2023,10513851,3003826604,0383,0
2023,10513851,3003826604,0173,6
2023,10718089,3003826604,CV0003,0
2023,10718089,3003826604,0171,7
2023,10718089,3003826604,0383,6
2023,10718089,3003826604,0384,8
2023,10718089,3003826604,0172,8
2023,10718089,3003826604,0172,7
2023,13288501,3003826604,0383,9
2023,13288501,3003826604,0383,8
2023,13288501,3003826604,0173,8
2023,13257407,3003826604,CV0003,0
2023,13257407,3003826604,0401,6
2023,13257407,3003826604,0171,0
2023,13257407,3003826604,0383,2
2023,13257407,3003826604,0172,0
2023,13257407,3003826604,0173,0
2023,13257407,3003826604,0173,0
2023,10709639,3003826604,CV0003,4
2023,10709639,3003826604,0401,6
2023,10348121,3003826604,0179,4
2023,10348121,3003826604,0179,4
2023,10348121,3003826604,0171,9
2023,10348121,3003826604,0171,7
2023,10348121,3003826604,0383,7
2023,10348121,3003826604,0384,9
2023,10348121,3003826604,0173,5
2023,10488332,3003826632,CV0004,9
2023,10488332,3003826632,0390,7
2023,10488332,3003826632,0387,7
2023,10862231,3003826632,0387,6
2023,10041748,3003826632,0391,0
2023,10377321,3003826632,0387,4
2023,10516555,3003826632,0388,0
2023,10199483,3003826632,0388,0
2023,10654890,3003826632,0387,8
2023,10270975,3003826632,0385,9
2023,10270975,3003826632,0385,9
2023,10308866,3003826632,0180,8
2023,10308866,3003826632,0388,0
2023,10308866,3003826632,0391,0
2023,10730159,3003826632,0385,7
2023,10850808,3003826632,0390,8
2023,10850808,3003826632,0390,8
2023,10780309,3003826632,0180,4
2023,10780309,3003826632,0180,2
2023,10707407,3003826632,0387,8
2023,10428047,3003826632,0388,0
2023,10428047,3003826632,0386,4
2023,10664909,3003826632,0180,8
2023,10664909,3003826632,0385,7
2023,10664909,3003826632,0390,7
2023,10664909,3003826632,0391,0
2023,10664924,3003826632,0390,8
2023,10664924,3003826632,0386,8
2023,10303294,3003826632,0385,7
2023,10513718,3003826632,CV0004,4
2023,10708070,3003826632,0180,7
2023,10708070,3003826632,0388,6
2023,10713451,3003826632,0388,4
2023,10713451,3003826632,0390,7
2023,10713451,3003826632,0386,7
2023,10815375,3003826632,0387,8
2023,12472350,3003826625,0384,0
2023,12472350,3003826625,0384,0
2023,12472350,3003826625,0172,0
2023,12472350,3003826625,0173,4
2023,12472350,3003826625,0173,0
2023,10664986,3003826625,CV0003,4
2023,10277303,3003826625,0171,8
2023,10277303,3003826625,0384,8
2023,10277303,3003826625,0173,5
2023,10700990,3003826625,CV0003,0
2023,10700990,3003826625,0179,0
2023,10700990,3003826625,0384,3
2023,10700990,3003826625,0384,0
2023,10700990,3003826625,0172,8
2023,10700990,3003826625,0172,0
2023,10700990,3003826625,0173,0
2023,10700990,3003826625,0389,0
2023,11632133,3003826625,0179,9
2023,11632133,3003826625,0179,9
2023,11632133,3003826625,0171,4
2023,11632133,3003826625,0384,9
2023,10690446,3003826625,0179,8
2023,10690446,3003826625,0171,6
2023,10690446,3003826625,0172,4
2023,10696634,3003826625,0171,9
2023,10512569,3003826625,0384,4
2023,10512569,3003826625,0173,0
2023,12058330,3003826625,0172,8
2023,12058330,3003826625,0173,9
2023,10486936,3003826625,CV0003,7
2023,10486936,3003826625,0171,7
2023,10742990,3003826625,0383,9
2023,10742990,3003826625,0172,9
2023,10707825,3003826625,0179,0
2023,10707825,3003826625,0179,8
2023,10707825,3003826625,0383,7
2023,10707825,3003826625,0384,3
2023,10707825,3003826625,0172,6
2023,10707825,3003826625,0173,5
2023,10610383,3003826625,0179,0
2023,10610383,3003826625,0171,7
2023,10610383,3003826625,0383,7
2023,10780758,3003826625,0171,8
2023,10780758,3003826625,0173,9
2023,10780758,3003826625,0389,8
2023,13332666,3003826625,0173,0
2023,10622314,3003822344,1237,0
2023,10706115,3003822344,1227,6
2023,10714134,3003822344,1227,6
2023,10714134,3003822344,1228,6
2023,10714134,3003822344,1235,4
2023,10714134,3003822344,1237,0
2023,10770425,3003822344,1230,7
2023,10836565,3003822344,1234,5
2023,10836565,3003822344,1235,6
2023,12736451,3003822344,CV0002,9
2023,12736451,3003822344,1234,5
2023,10485831,3003822344,1234,6
2023,10485831,3003822344,1237,0
2023,10641026,3003822344,CV0002,4
2023,10641026,3003822344,1234,5
2023,10646180,3003822344,1228,3
2023,10646180,3003822344,1230,5
2023,10646180,3003822344,1237,0
2023,10689201,3003822344,1227,6
2023,10689201,3003822344,1228,7
2023,10689201,3003822344,1230,8
2023,10689201,3003822344,1234,6
2023,10761897,3003822344,1228,7
2023,10783762,3003822344,1230,9
2023,10783762,3003822344,1234,7
2023,10783762,3003822344,1235,8
2023,10787491,3003822344,CV0002,5
2023,10787491,3003822344,1228,6
2023,10780823,3003822344,CV0002,7
2023,10706808,3003822344,1230,8
2023,11520867,3003822344,CV0002,7
2023,11520867,3003822344,1227,7
2023,11520867,3003822344,1228,8
2023,10800025,3003822344,1228,9
2023,10800025,3003822344,1235,7
2023,10813126,3003822344,CV0002,8
2023,10813126,3003822344,1230,9
2023,10679722,3003822344,1227,6
2023,10742994,3003822344,1235,7
2023,10766414,3003822344,CV0002,9
2023,10766414,3003822344,1227,6
2023,10895114,3003822337,1226,8
2023,10895114,3003822337,1226,9
2023,10895114,3003822337,1226,8
2023,10895114,3003822337,1231,7
2023,10895114,3003822337,1232,7
2023,10895114,3003822337,1233,8
2023,12907793,3003822337,CV0001,8
2023,12907793,3003822337,1229,9
2023,10766806,3003822337,1226,8
2023,10766806,3003822337,1233,9
2023,10909605,3003822337,CV0001,8
2023,10909605,3003822337,1231,6
2023,11336367,3003822337,1226,5
2023,11336367,3003822337,1231,5
2023,11336367,3003822337,1236,8
2023,10688314,3003822337,0156,0
2023,10688314,3003822337,0156,0
2023,10688314,3003822337,1226,0
2023,10688314,3003822337,1229,0
2023,10688314,3003822337,1229,0
2023,10688314,3003822337,1231,0
2023,10688314,3003822337,1233,0
2023,10761942,3003822337,1231,8
2023,10761942,3003822337,1233,10
2023,10932819,3003822337,0156,7
2023,10932819,3003822337,1229,6
2023,10932819,3003822337,1231,7
2023,10889204,3003822337,0156,8
2023,10889204,3003822337,1226,7
2023,10889204,3003822337,1233,9
2023,10889204,3003822337,1236,6
2023,10762386,3003822337,0156,4
2023,10762386,3003822337,1229,9
2023,10762386,3003822337,1229,8
2023,10762386,3003822337,1231,8
2023,10762386,3003822337,1232,8
2023,10920099,3003822337,CV0001,10
2023,10920099,3003822337,1233,9
2023,10897205,3003822337,CV0001,7
2023,10897205,3003822337,1233,6
2023,10789649,3003822337,CV0001,6
2023,10789649,3003822337,0156,6
2023,10789649,3003822337,1226,7
2023,10789649,3003822337,1229,8
2023,11667242,3003822337,CV0001,9
2023,11667242,3003822337,1231,9
2023,10805487,3003822337,1229,6
2023,10805487,3003822337,1231,5
2023,10805487,3003822337,1232,7
2023,10805487,3003822337,1232,7
2023,12695609,3003822337,CV0001,0
2023,12695609,3003822337,1231,0
2023,10858044,3003822337,1236,4
2023,11744036,3003822337,0156,10
2023,11744036,3003822337,1226,8
2023,11744036,3003822337,1231,8
2023,12932662,3003822337,1226,9
2023,12932662,3003822337,1231,9
2023,12932662,3003822337,1233,9
2023,12932662,3003822337,1236,6
2023,13112701,3003822337,0156,4
2023,13112701,3003822337,0156,7
2023,13112701,3003822337,1226,8
2023,13112701,3003822337,1229,7
2023,13112701,3003822337,1229,9
2023,13112701,3003822337,1236,9
2023,10852104,3003822337,0156,7
2023,10852104,3003822337,1226,4
2023,10852104,3003822337,1231,4
2023,10852104,3003822337,1233,6
2023,10852104,3003822337,1233,5
2023,10887844,3003822337,0156,8
2023,10887844,3003822337,1229,5
2023,10887844,3003822337,1232,7
2023,10851064,3003822337,0156,7
2023,10851064,3003822337,1229,5
2023,10851064,3003822337,1231,3
2023,10776722,3003822337,CV0001,7
2023,10776722,3003822337,0156,7
2023,10776722,3003822337,1226,7
2023,10776722,3003822337,1232,6
2023,10791133,3003822337,CV0001,8
2023,10791133,3003822337,1229,7
2023,10791133,3003822337,1231,6
2023,10277738,3003822449,0623,0
2023,10277738,3003822449,0931,0
2023,10277738,3003822449,1014,0
2023,10318774,3003822449,0931,7
2023,10318774,3003822449,1010,6
2023,10466022,3003822449,CV0003,8
2023,10466022,3003822449,0179,8
2023,12300236,3003822449,0179,6
2023,12300236,3003822449,0623,0
2023,12300236,3003822449,0931,6
2023,12300236,3003822449,1010,3
2023,10689153,3003822449,0623,5
2023,10689153,3003822449,0930,6
2023,10689153,3003822449,0930,6
2023,12719809,3003822449,CV0003,9
2023,12719809,3003822449,0179,10
2023,12719809,3003822449,0623,9
2023,12719809,3003822449,1010,9
2023,10737190,3003822449,CV0003,10
2023,10737190,3003822449,0930,8
2023,10737190,3003822449,0931,9
2023,10737190,3003822449,1010,9
2023,10737190,3003822449,1010,10
2023,10278035,3003822449,0623,8
2023,12424432,3003822449,0179,10
2023,12424432,3003822449,0623,9
2023,12424432,3003822449,1010,8
2023,12424432,3003822449,1010,7
2023,12424432,3003822449,1014,8
2023,10411578,3003822449,0623,0
2023,10411578,3003822449,0931,0
2023,10411578,3003822449,1014,0
2023,11502177,3003822449,CV0003,9
2023,11502177,3003822449,0179,4
2023,11502177,3003822449,0623,9
2023,11502177,3003822449,0930,8
2023,10398706,3003822449,CV0003,0
2023,10398706,3003822449,CV0003,0
2023,10398706,3003822449,0930,9
2023,10398706,3003822449,0930,0
2023,13261750,3003822449,0179,6
2023,13261750,3003822449,0179,0
2023,13261750,3003822449,1010,0
2023,13245229,3003822449,CV0003,0
2023,13245229,3003822449,0179,0
2023,10604170,3003822449,CV0003,0
2023,10604170,3003822449,0179,0
2023,10604170,3003822449,0179,0
2023,10242636,3003822449,0931,6
2023,10242636,3003822449,1010,5
2023,10242636,3003822449,1010,7
2023,10718081,3003822449,1014,5
2023,10375621,3003822449,0930,7
2023,13242371,3003822449,0623,0
2023,13242371,3003822449,0930,0
2023,13242371,3003822449,1010,0
2023,13242371,3003822449,1010,0
2023,13261894,3003822449,0179,0
2023,13261894,3003822449,0623,0
2023,10826692,3003822449,CV0003,9
2023,10826692,3003822449,0179,9
2023,10826692,3003822449,0623,9
2023,10795882,3003822449,1014,8
2023,10833265,3003822449,1010,10
2023,10318925,3003822449,0179,4
2023,10318925,3003822449,1010,6
2023,10584902,3003822449,0623,6
2023,10768351,3003822449,0179,7
2023,10768351,3003822449,0623,8
2023,10768351,3003822449,1010,7
2023,13249466,3003822449,0623,9
2023,13249466,3003822449,1010,9
2023,11330270,3003822449,CV0003,0
2023,10426520,3003822449,0623,8
2023,10426520,3003822449,0931,7
2023,10434495,3003822449,0930,5
2023,10434495,3003822449,0931,0
2023,10354121,3003822449,CV0003,6
2023,10354121,3003822449,0623,0
2023,10354121,3003822449,0930,0
2023,10852071,3003822449,0623,7
2023,10852071,3003822449,0931,8
2023,10852071,3003822449,1014,8
2023,10432949,3003822449,0179,9
2023,10432949,3003822449,0623,7
2023,10432949,3003822449,1010,7
2023,10506770,3003822449,0179,0
2023,10506770,3003822449,0179,0
2023,10506770,3003822449,0623,3
2023,10506770,3003822449,0623,3
2023,10506770,3003822449,0931,2
2023,10506770,3003822449,1010,0
2023,10270640,3003822449,1010,3
2023,10718886,3003822449,0623,7
2023,10718886,3003822449,0930,7
2023,10723795,3003822449,0623,8
2023,10723795,3003822449,0930,8
2023,10723795,3003822449,1010,8
2023,10723795,3003822449,1014,8
2023,10707845,3003822449,0179,7
2023,10707845,3003822449,1010,8
2023,10279046,3003822449,0623,8
2023,13242370,3003822449,0623,7
2023,13242370,3003822449,0930,8
2023,10375121,3003822449,0623,7
2023,10375121,3003822449,0623,7
2023,10375121,3003822449,1010,7
2023,10664778,3003822449,CV0003,6
2023,10664778,3003822449,0179,7
2023,10664778,3003822449,0930,7
2023,10820754,3003822449,CV0003,10
2023,10820754,3003822449,CV0003,10
2023,10820754,3003822449,0623,8
2023,13282254,3003822449,CV0003,8
2023,13282254,3003822449,0930,7
2023,13282254,3003822449,0931,7
2023,13282254,3003822449,0931,7
2023,13282254,3003822449,1010,7
2023,13282254,3003822449,1010,7
2023,13282254,3003822449,1010,7
2023,12480365,3003822449,1010,0
2023,12480365,3003822449,1010,0
2023,11244122,3003822449,CV0003,0
2023,11244122,3003822449,0179,0
2023,11244122,3003822449,1010,0
2023,10431067,3003822449,0930,6
2023,10690358,3003822449,0930,7
2023,13326344,3003822449,0623,0
2023,10698475,3003822449,0623,6
2023,10698475,3003822449,0623,5
2023,10698475,3003822449,0931,4
2023,10017290,3003822456,1008,8
2023,10017290,3003822456,1110,10
2023,10514789,3003822456,1011,5
2023,13040521,3003822456,1110,10
2023,10700384,3003822456,1011,7
2023,10700384,3003822456,1109,9
2023,10244882,3003822456,1109,6
2023,10244882,3003822456,1110,10
2023,10244882,3003822456,1110,10
2023,10594447,3003822456,1007,10
2023,10594447,3003822456,1008,7
2023,13040510,3003822456,1110,10
2023,10688987,3003822456,1009,9
2023,10688987,3003822456,1012,7
2023,10382660,3003822456,1110,9
2023,13240343,3003822456,1110,9
2023,13240343,3003822456,1013,0
2023,11074562,3003822456,CV0004,0
2023,10281379,3003822456,1007,8
2023,10281379,3003822456,1008,6
2023,10281379,3003822456,1011,8
2023,10427710,3003822456,1009,8
2023,10468190,3003822456,1007,8
2023,10468190,3003822456,1110,9
2023,10017272,3003822456,1009,8
2023,10339026,3003822456,1007,8
2023,10339026,3003822456,1009,7
2023,10339026,3003822456,1110,9
2023,10630518,3003822456,1008,9
2023,10630518,3003822456,1109,10
2023,10636290,3003822456,CV0004,7
2023,10636290,3003822456,1110,9
2023,10420734,3003822456,CV0004,9
2023,10420734,3003822456,1009,8
2023,10420734,3003822456,1011,8
2023,10420734,3003822456,1110,10
2023,10279200,3003822456,1009,8
2023,10279200,3003822456,1009,9
2023,10338918,3003822456,1009,9
2023,10338918,3003822456,1011,8
2023,10338918,3003822456,1012,7
2023,10344807,3003822456,CV0004,9
2023,10344807,3003822456,1009,8
2023,10344807,3003822456,1109,9
2023,10377143,3003822456,1007,9
2023,10377143,3003822456,1008,9
2023,10377143,3003822456,1011,8
2023,10375529,3003822456,1008,8
2023,10375529,3003822456,1012,5
2023,10414797,3003822456,1110,8
2023,10679644,3003822456,CV0004,9
2023,10679644,3003822456,1008,6
2023,10679644,3003822456,1012,6
2023,10700954,3003822456,1008,8
2023,10700954,3003822456,1110,9
2023,10734337,3003822456,1009,8
2023,10734337,3003822456,1011,7
2023,10850813,3003822456,CV0004,8
2023,11329660,3003822456,1011,8
2023,11329660,3003822456,1013,0
2023,11512394,3003822456,CV0004,8
2023,11512394,3003822456,1008,6
2023,11512394,3003822456,1009,8
2023,11645686,3003822456,CV0004,7
2023,11645686,3003822456,1011,9
2023,11830264,3003822456,1009,8
2023,11830264,3003822456,1011,7
2023,11830264,3003822456,1110,9
2023,12743886,3003822456,1007,4
2023,10320146,3003822456,1007,8
2023,10320146,3003822456,1009,3
2023,10320146,3003822456,1109,6
2023,10255058,3003822456,1007,0
2023,10255058,3003822456,1008,0
2023,10255058,3003822456,1110,0
2023,10354186,3003822456,1109,8
2023,10786442,3003822456,1008,7
2023,10322908,3003822456,1007,8
2023,10322908,3003822456,1110,9
2023,10322908,3003822456,1110,9
2023,10837518,3003822456,CV0004,6
2023,10282698,3003822456,1007,7
2023,10282698,3003822456,1009,5
2023,10282698,3003822456,1011,8
2023,10313709,3003822456,CV0004,0
2023,10313709,3003822456,1007,0
2023,10313709,3003822456,1008,0
2023,10689289,3003822456,CV0004,9
2023,10689289,3003822456,1007,7
2023,10689289,3003822456,1011,9
2023,10689289,3003822456,1011,8
2023,10378770,3003822456,1109,6
2023,10248012,3003822456,1110,9
2023,13040829,3003822456,1008,0
2023,13040829,3003822456,1012,7
2023,11398648,3003822456,1008,6
2023,11398648,3003822456,1109,8
2023,10410306,3003822456,1110,10
2023,10467115,3003822456,1011,0
2023,11494374,3003822456,1110,10
2023,10303629,3003822456,CV0004,8
2023,10303629,3003822456,1011,8
2023,10303629,3003822456,1110,8
2023,10713535,3003822414,0623,8
2023,10713535,3003822414,0627,4
2023,10700138,3003822414,0623,9
2023,10323951,3003822414,0179,7
2023,10323951,3003822414,CV0008,10
2023,10819112,3003822414,0622,0
2023,10819112,3003822414,0622,0
2023,10819112,3003822414,0623,0
2023,10819112,3003822414,0627,0
2023,10819112,3003822414,CV0008,0
2023,11074029,3003822414,CV0003,8
2023,11074029,3003822414,0179,8
2023,11074029,3003822414,0622,9
2023,11074029,3003822414,0622,9
2023,11074029,3003822414,0625,8
2023,11074029,3003822414,CV0008,9
2023,10729579,3003822414,CV0003,9
2023,10729579,3003822414,0627,8
2023,10748318,3003822414,0625,8
2023,10748318,3003822414,0623,7
2023,10839333,3003822414,0625,9
2023,10839333,3003822414,CV0008,9
2023,10804683,3003822414,0623,8
2023,10804683,3003822414,CV0008,10
2023,10804683,3003822414,CV0008,10
2023,10770133,3003822414,0622,8
2023,10770133,3003822414,CV0008,9
2023,11059622,3003822414,0622,0
2023,11059622,3003822414,0625,0
2023,11059622,3003822414,0627,0
2023,11059622,3003822414,CV0008,0
2023,11059622,3003822414,CV0008,10
2023,10397145,3003822414,0625,9
2023,10397145,3003822414,0623,9
2023,10752122,3003822414,0829,8
2023,10706042,3003822414,0179,7
2023,10706042,3003822414,0625,9
2023,10706042,3003822414,0623,8
2023,10706042,3003822414,0627,5
2023,10706042,3003822414,CV0008,9
2023,10808796,3003822414,0622,8
2023,10808796,3003822414,0622,9
2023,10808796,3003822414,0627,7
2023,10808796,3003822414,0627,8
2023,13288446,3003822414,0623,9
2023,13288467,3003822414,0179,3
2023,13288467,3003822414,0622,9
2023,13288467,3003822414,0829,7
2023,13288467,3003822414,CV0008,6
2023,13288467,3003822414,CV0008,10
2023,10819055,3003822414,0623,8
2023,10308372,3003822414,0622,0
2023,10308372,3003822414,0627,0
2023,13291004,3003822414,0179,0
2023,13291004,3003822414,0622,0
2023,13291004,3003822414,0627,0
2023,13293379,3003822414,0622,8
2023,13293379,3003822414,0625,8
2023,13293379,3003822414,CV0008,7
2023,13297778,3003822414,0179,3
2023,13297778,3003822414,0623,6
2023,12066525,3003822407,0823,10
2023,12066525,3003822407,0826,9
2023,10014058,3003822407,0827,6
2023,10014058,3003822407,0822,6
2023,10014058,3003822407,0830,0
2023,10014058,3003822407,0826,6
2023,10022321,3003822407,CV0004,6
2023,10022321,3003822407,0822,7
2023,10652514,3003822407,CV0004,7
2023,10652514,3003822407,0822,7
2023,10652514,3003822407,0824,8
2023,10652514,3003822407,0826,7
2023,13009966,3003822407,0826,9
2023,11205447,3003822407,0824,6
2023,10485798,3003822407,0827,8
2023,10485798,3003822407,0826,8
2023,10706084,3003822407,0823,5
2023,10706084,3003822407,0822,7
2023,10017341,3003822407,0823,6
2023,10513334,3003822407,0825,7
2023,13054156,3003822407,CV0004,8
2023,13054156,3003822407,0827,9
2023,13054156,3003822407,0826,9
2023,10657675,3003822407,0824,7
2023,10657675,3003822407,0830,0
2023,10870759,3003822407,0828,5
2023,10515930,3003822407,0825,6
2023,10515930,3003822407,0823,6
2023,10515930,3003822407,0822,8
2023,10499298,3003822872,243266,7
2023,10499298,3003822872,243264,4
2023,10499298,3003822872,243264,6
2023,10723900,3003822872,243265,10
2023,10723900,3003822872,243267,10
2023,10723900,3003822872,243266,9
2023,10689283,3003822872,243267,7
2023,10689283,3003822872,243264,8
2023,10689283,3003822872,243264,4
2023,10689283,3003822872,243264,7
2023,10697594,3003822872,243265,8
2023,10697594,3003822872,243267,6
2023,10697594,3003822872,243264,6
2023,10242875,3003822872,243265,9
2023,10242875,3003822872,243267,9
2023,10850218,3003822872,243266,7
2023,10850218,3003822872,243264,7
2023,10697823,3003822872,243267,7
2023,10862844,3003822872,243265,9
2023,10862844,3003822872,243264,8
2023,10706060,3003822872,243266,8
2023,13285058,3003822872,243267,0
2023,13285058,3003822872,243264,0
2023,10697613,3003822872,243265,9
2023,10352409,3003822872,243265,9
2023,10352409,3003822872,243267,6
2023,10352409,3003822872,243264,8
2023,10711820,3003822872,243265,8
2023,10645661,3003822872,243264,8
2023,10697595,3003822872,243267,7
2023,10709718,3003822872,243267,8
2023,10709718,3003822872,243266,8
2023,10689702,3003822872,243266,0
2023,10772056,3003822872,243267,4
2023,10772056,3003822872,243264,6
2023,10714036,3003822872,243266,8
2023,10714036,3003822872,243266,8
2023,10817599,3003822879,243604,7
2023,10272332,3003822879,243271,7
2023,10297347,3003822879,243602,9
2023,10315233,3003822879,243604,8
2023,10329155,3003822879,243602,9
2023,10329155,3003822879,243271,8
2023,10329155,3003822879,243270,8
2023,10514849,3003822879,243271,8
2023,10364934,3003822879,243602,8
2023,10364934,3003822879,243602,8
2023,10364934,3003822879,243270,7
2023,10378335,3003822879,243604,9
2023,10518216,3003822879,243270,9
2023,10439782,3003822879,243271,8
2023,10711901,3003822879,243604,7
2023,10711901,3003822879,243604,7
2023,10711901,3003822879,243271,9
2023,10724605,3003822879,243604,4
2023,10729178,3003822879,243602,9
2023,12061489,3003822879,243271,9
2023,12061489,3003822879,243270,8
2023,11324910,3003822879,243602,7
2023,11324910,3003822879,243271,2
2023,11324910,3003822879,243271,1
2023,11501644,3003822879,243271,8
2023,11702324,3003822879,243601,0
2023,11702324,3003822879,243271,8
2023,11744370,3003822879,243604,9
2023,11770012,3003822879,243604,5
2023,13038288,3003822879,243602,9
2023,13038380,3003822879,243270,9
2023,13038386,3003822879,243271,8
2023,10364565,3003822879,243601,0
2023,10916753,3003827233,0437,7
2023,10916753,3003827233,0449,8
2023,10916753,3003827233,0156,9
2023,10840996,3003827233,0439,6
2023,10840996,3003827233,0440,7
2023,12731696,3003827233,0441,5
2023,12731696,3003827233,0439,8
2023,12731696,3003827233,0440,8
2023,12731696,3003827233,0156,7
2023,13116617,3003827233,CV0001,6
2023,13116617,3003827233,0449,8
2023,13116617,3003827233,0439,9
2023,13116617,3003827233,0438,8
2023,10926432,3003827233,0449,7
2023,10926432,3003827233,0441,10
2023,10926432,3003827233,0441,10
2023,10416752,3003827233,0439,9
2023,10416752,3003827233,0440,9
2023,10416752,3003827233,0440,10
2023,12839405,3003827233,0437,9
2023,12839405,3003827233,0437,9
2023,12839405,3003827233,0449,7
2023,12839405,3003827233,0441,5
2023,12839405,3003827233,0156,6
2023,10308441,3003827233,CV0001,2
2023,10308441,3003827233,0441,0
2023,10308441,3003827233,0438,4
2023,10991644,3003827233,CV0001,7
2023,10991644,3003827233,0441,7
2023,10991644,3003827233,0441,5
2023,10991644,3003827233,0156,7
2023,10888026,3003827233,0449,8
2023,10888026,3003827233,0439,9
2023,10888026,3003827233,0440,8
2023,11802825,3003827233,0441,9
2023,11802825,3003827233,0440,8
2023,11802825,3003827233,0156,8
2023,12788547,3003827233,0437,7
2023,12788547,3003827233,0449,7
2023,12788547,3003827233,0441,9
2023,13101838,3003827233,CV0001,5
2023,13101838,3003827233,0449,5
2023,13101838,3003827233,0441,8
2023,13101838,3003827233,0441,7
2023,13101838,3003827233,0156,5
2023,10737176,3003827233,0441,10
2023,10737176,3003827233,0440,9
2023,10737176,3003827233,0156,10
2023,10887591,3003827233,CV0001,9
2023,10887591,3003827233,0437,7
2023,10887591,3003827233,0449,9
2023,10887591,3003827233,0440,7
2023,10887591,3003827233,0156,9
2023,10899530,3003827233,0439,6
2023,10899530,3003827233,0439,5
2023,10899530,3003827233,0438,8
2023,11248561,3003827233,CV0001,4
2023,11248561,3003827233,0437,3
2023,11349452,3003827233,0437,7
2023,11349452,3003827233,0441,5
2023,13263652,3003827233,0449,0
2023,13263652,3003827233,0440,0
2023,13263652,3003827233,0156,0
2023,10793477,3003827233,CV0001,7
2023,10793477,3003827233,0441,4
2023,10793462,3003827233,0437,8
2023,10793462,3003827233,0449,4
2023,10793462,3003827233,0439,8
2023,10793462,3003827233,0440,6
2023,10793462,3003827233,0440,7
2023,10925424,3003827233,CV0001,9
2023,10925424,3003827233,0156,9
2023,10302214,3003827233,CV0001,0
2023,10302214,3003827233,CV0001,0
2023,10302214,3003827233,0437,6
2023,10302214,3003827233,0449,0
2023,10302214,3003827233,0441,0
2023,10302214,3003827233,0440,8
2023,10302214,3003827233,0156,0
2023,12424801,3003827233,0449,7
2023,10805007,3003827233,0437,2
2023,10805007,3003827233,0449,6
2023,10805007,3003827233,0441,0
2023,10805007,3003827233,0156,8
2023,13263684,3003827233,0438,9
2023,13263684,3003827233,0440,9
2023,13263684,3003827233,0156,8
2023,11068958,3003827233,CV0001,0
2023,11068958,3003827233,CV0001,0
2023,11068958,3003827233,0440,0
2023,11068958,3003827233,0440,0
2023,10431853,3003827233,0439,8
2023,10431853,3003827233,0438,9
2023,10431853,3003827233,0440,10
2023,10431853,3003827233,0440,10
2023,13249406,3003827233,0437,8
2023,13249406,3003827233,0439,7
2023,10325396,3003827233,0439,9
2023,11780432,3003827233,0449,7
2023,11780432,3003827233,0439,8
2023,11780432,3003827233,0440,0
2023,11780432,3003827233,0156,6
2023,11998646,3003827233,0437,6
2023,11998646,3003827233,0449,0
2023,11998646,3003827233,0449,0
2023,11998646,3003827233,0156,0
2023,10924358,3003827233,0439,7
2023,12890835,3003827233,0439,4
2023,12890835,3003827233,0439,5
2023,12890835,3003827233,0156,7
2023,12853739,3003827233,CV0001,6
2023,12853739,3003827233,0437,8
2023,12853739,3003827233,0439,8
2023,12853739,3003827233,0438,7
2023,12853739,3003827233,0440,9
2023,12853739,3003827233,0156,6
2023,10453160,3003827233,CV0001,0
2023,10453160,3003827233,0439,0
2023,10453160,3003827233,0438,0
2023,10453160,3003827233,0156,0
2023,12116573,3003827233,CV0001,8
2023,12116573,3003827233,0437,7
2023,12736231,3003827233,0437,6
2023,12736231,3003827233,0449,8
2023,12736231,3003827233,0449,6
2023,12736231,3003827233,0441,9
2023,12736231,3003827233,0439,8
2023,12736231,3003827233,0439,9
2023,12736231,3003827233,0438,7
2023,10787713,3003827233,0438,7
2023,10787713,3003827233,0440,9
2023,10857947,3003827233,0438,6
2023,10857947,3003827233,0440,6
2023,10857947,3003827233,0156,9
2023,11738860,3003827233,CV0001,4
2023,11738860,3003827233,0437,7
2023,10707891,3003827233,0449,4
2023,10707891,3003827233,0439,4
2023,10707891,3003827233,0156,7
2023,10707891,3003827233,0156,6
2023,11240615,3003827233,0438,7
2023,10657315,3003827233,0441,10
2023,10657315,3003827233,0439,10
2023,10940185,3003827233,CV0001,6
2023,10940185,3003827233,0441,7
2023,10940185,3003827233,0441,6
2023,10798521,3003827233,CV0001,7
2023,10798521,3003827233,0441,9
2023,10798521,3003827233,0438,8
2023,10798521,3003827233,0440,7
2023,10798521,3003827233,0156,7
2023,11504482,3003827233,CV0001,0
2023,11504482,3003827233,0437,0
2023,10728710,3003827233,0439,5
2023,10728710,3003827233,0438,2
2023,10728710,3003827233,0438,0
2023,10268408,3003827233,0437,0
2023,10268408,3003827233,0439,0
2023,10268408,3003827233,0438,0
2023,10268408,3003827233,0156,0
2023,10679709,3003827233,0437,6
2023,10679709,3003827233,0441,4
2023,10679709,3003827233,0439,4
2023,10679709,3003827233,0440,5
2023,12571872,3003827233,CV0001,0
2023,12571872,3003827233,0438,8
2023,12571872,3003827233,0438,0
2023,12571872,3003827233,0156,0
2023,12380827,3003827233,0438,6
2023,12380827,3003827233,0156,4
2023,10932086,3003827233,CV0001,3
2023,10932086,3003827233,0156,3
2023,11480547,3003827233,0441,0
2023,10314841,3003827240,0446,0
2023,10314841,3003827240,0443,0
2023,10314841,3003827240,0448,0
2023,13040607,3003827240,0446,9
2023,13040607,3003827240,0448,8
2023,12485328,3003827240,0448,5
2023,11739905,3003827240,CV0002,4
2023,11010026,3003827240,0443,0
2023,10509186,3003827240,CV0002,8
2023,10509186,3003827240,0443,1
2023,10509186,3003827240,0448,6
2023,10496592,3003827240,0446,4
2023,10832154,3003827240,0448,6
2023,10906957,3003827240,0443,5
2023,10906957,3003827240,0443,5
2023,10906957,3003827240,0451,0
2023,11254522,3003827240,CV0002,8
2023,11254522,3003827240,0442,10
2023,11254522,3003827240,0448,8
2023,13035100,3003827240,0442,6
2023,11569044,3003827240,0446,9
2023,11502410,3003827240,0443,1
2023,11502410,3003827240,0443,0
2023,11502410,3003827240,0442,5
2023,11567443,3003827240,CV0002,7
2023,11616775,3003827240,0443,0
2023,12096343,3003827240,CV0002,0
2023,12096343,3003827240,0446,6
2023,12096343,3003827240,0446,0
2023,10603770,3003827240,0442,0
2023,11350133,3003827240,0442,0
2023,10244048,3003827240,0448,8
2023,11236365,3003827240,0443,0
2023,11236365,3003827240,0448,0
2023,11241112,3003827240,0442,8
2023,10129831,3003827240,0442,3
2023,10129831,3003827240,0448,5
2023,12414112,3003827240,CV0002,4
2023,10357636,3003827240,CV0002,6
2023,10357636,3003827240,0442,5
2023,10357636,3003827240,0448,6
2023,11479322,3003827240,CV0002,6
2023,10323662,3003827240,CV0002,5
2023,10323662,3003827240,0443,5
2023,10323662,3003827240,0442,5
2023,10411560,3003827240,CV0002,8
2023,13035058,3003827240,0446,7
2023,13035058,3003827240,0443,4
2023,13035058,3003827240,0442,4
2023,11325287,3003827240,0442,8
2023,10017455,3003827240,CV0002,9
2023,10017455,3003827240,CV0002,9
2023,10017455,3003827240,0451,0
2023,10017455,3003827240,0448,9
2023,10742998,3003827240,0448,10
2023,10679723,3003827240,0448,8
2023,10698482,3003827240,CV0002,8
2023,10698482,3003827240,0451,0
2023,10805222,3003827240,0443,7
2023,10805222,3003827240,0442,7
2023,10805222,3003827240,0448,9
2023,11664368,3003827240,CV0002,8
2023,11664368,3003827240,0443,5
2023,11664368,3003827240,0443,3
2023,12287443,3003827240,CV0002,5
2023,12287443,3003827240,0443,2
2023,13035179,3003827240,0446,8
2023,13263612,3003827240,CV0002,4
2023,13263612,3003827240,0443,6
2023,11177748,3003827240,0448,8
2023,10707732,3003827324,CV0003,7
2023,10707732,3003827324,0658,6
2023,10707732,3003827324,0649,7
2023,10243350,3003827324,CV0003,4
2023,10243350,3003827324,0179,0
2023,10243350,3003827324,0650,0
2023,10243350,3003827324,0647,0
2023,10679661,3003827324,0179,7
2023,10679661,3003827324,0658,8
2023,10679661,3003827324,0647,6
2023,10354855,3003827324,0649,0
2023,10354855,3003827324,0649,9
2023,10437711,3003827324,0179,9
2023,10437711,3003827324,0649,9
2023,13245586,3003827324,0179,9
2023,13245586,3003827324,0179,10
2023,13245586,3003827324,0650,9
2023,13245586,3003827324,0648,8
2023,10509826,3003827324,0651,9
2023,10509826,3003827324,0649,7
2023,11875204,3003827324,0179,0
2023,11875204,3003827324,0658,2
2023,11875204,3003827324,0658,0
2023,11875204,3003827324,0649,0
2023,13248312,3003827324,0658,5
2023,13248312,3003827324,0649,0
2023,13248595,3003827324,0179,6
2023,13248595,3003827324,0658,8
2023,10279159,3003827324,0179,7
2023,10279159,3003827324,0658,5
2023,10279159,3003827324,0650,7
2023,10279159,3003827324,0648,0
2023,10419461,3003827324,CV0003,0
2023,12737880,3003827324,0649,10
2023,13248215,3003827324,0650,0
2023,13248215,3003827324,0647,6
2023,11262097,3003827324,0651,7
2023,11262097,3003827324,0651,8
2023,11262097,3003827324,0650,8
2023,11825237,3003827324,CV0003,8
2023,11825237,3003827324,0650,8
2023,10454503,3003827324,0647,5
2023,10454503,3003827324,0647,7
2023,10862522,3003827324,CV0003,7
2023,10862522,3003827324,0179,9
2023,10862522,3003827324,0650,9
2023,10862522,3003827324,0649,6
2023,10662076,3003827324,0648,0
2023,10980328,3003827324,0648,3
2023,10980328,3003827324,0649,0
2023,10980328,3003827324,0649,0
2023,10283680,3003827324,0647,6
2023,11671593,3003827324,0179,0
2023,11671593,3003827324,0651,0
2023,11671593,3003827324,0648,0
2023,10470524,3003827324,0179,0
2023,10470524,3003827324,0649,8
2023,10470524,3003827324,0647,4
2023,12568905,3003827324,0647,6
2023,12568905,3003827324,0647,6
2023,10792061,3003827324,CV0003,6
2023,10792061,3003827324,0651,7
2023,10792061,3003827324,0649,7
2023,11572297,3003827324,CV0003,7
2023,11572297,3003827324,0650,5
2023,11572297,3003827324,0647,8
2023,12731205,3003827324,0648,5
2023,12731205,3003827324,0647,5
2023,10735143,3003827324,CV0003,4
2023,10735143,3003827324,CV0003,4
2023,10256545,3003827324,0651,0
2023,10256545,3003827324,0658,0
2023,10256545,3003827324,0658,0
2023,10256545,3003827324,0650,0
2023,10256545,3003827324,0648,0
2023,10256545,3003827324,0647,0
2023,10835661,3003827324,CV0003,9
2023,10835661,3003827324,0647,8
2023,11335638,3003827324,0649,4
2023,10500611,3003827324,CV0003,7
2023,10500611,3003827324,0179,7
2023,10500611,3003827324,0651,8
2023,10500611,3003827324,0648,6
2023,10819298,3003827324,0179,9
2023,12840433,3003827324,0649,7
2023,12567860,3003827324,0648,9
2023,12567860,3003827324,0649,9
2023,12567860,3003827324,0649,4
2023,10615696,3003827324,0179,0
2023,10615696,3003827324,0650,0
2023,10615696,3003827324,0650,0
2023,10615696,3003827324,0649,0
2023,13282224,3003827324,0650,8
2023,13282224,3003827324,0649,5
2023,13282224,3003827324,0647,8
2023,12839144,3003827324,0179,8
2023,12839144,3003827324,0651,6
2023,12839144,3003827324,0648,6
2023,12839144,3003827324,0649,4
2023,11170823,3003827324,CV0003,7
2023,11170823,3003827324,0658,6
2023,11170823,3003827324,0650,0
2023,11170823,3003827324,0648,7
2023,11837806,3003827324,0651,6
2023,10403903,3003827324,CV0003,0
2023,10403903,3003827324,0648,0
2023,11144559,3003827324,0179,6
2023,10679690,3003827324,0179,9
2023,10679690,3003827324,0647,7
2023,11057251,3003827324,0651,8
2023,10689191,3003827324,CV0003,8
2023,10689191,3003827324,0179,7
2023,10689191,3003827324,0179,8
2023,10689191,3003827324,0651,8
2023,10689191,3003827324,0651,8
2023,10689191,3003827324,0648,6
2023,13242358,3003827324,0658,0
2023,13242358,3003827324,0648,0
2023,13242358,3003827324,0649,0
2023,13242358,3003827324,0649,0
2023,12584277,3003827324,CV0003,3
2023,12584277,3003827324,0651,0
2023,12584277,3003827324,0648,0
2023,12584277,3003827324,0647,4
2023,11583817,3003827324,CV0003,0
2023,13242362,3003827324,CV0003,5
2023,13242362,3003827324,0179,5
2023,13242362,3003827324,0658,4
2023,13242362,3003827324,0650,3
2023,13242362,3003827324,0649,5
2023,13242362,3003827324,0647,5
2023,12736324,3003827324,0648,6
2023,13246215,3003827324,CV0003,6
2023,13246215,3003827324,0650,7
2023,13246215,3003827324,0649,7
2023,13246215,3003827324,0649,7
2023,13298754,3003827324,CV0003,0
2023,13298754,3003827324,CV0003,0
2023,13298754,3003827324,0179,0
2023,13298754,3003827324,0648,0
2023,13320897,3003827324,0179,5
2023,13320897,3003827324,0647,8
2023,10601480,3003827324,0651,8
2023,10601480,3003827324,0648,0
2023,10601480,3003827324,0647,0
2023,10434680,3003827317,0653,0
2023,10434680,3003827317,0656,6
2023,10434680,3003827317,0654,3
2023,12735122,3003827317,0655,6
2023,10410551,3003827317,0652,0
2023,10406699,3003827317,0652,0
2023,10406699,3003827317,0654,0
2023,12731503,3003827317,0652,4
2023,12731503,3003827317,0652,6
2023,12731503,3003827317,0654,0
2023,10779826,3003827317,0653,2
2023,10327143,3003827317,0655,0
2023,10327143,3003827317,0652,0
2023,10327143,3003827317,0656,5
2023,10327143,3003827317,0654,0
2023,11741280,3003827317,0655,7
2023,11885210,3003827317,0654,0
2023,10433556,3003827317,0656,6
2023,13038772,3003827317,CV0004,5
2023,13038772,3003827317,0652,8
2023,13038772,3003827317,0653,7
2023,13038772,3003827317,0654,5
2023,13038797,3003827317,0656,6
2023,10621683,3003827317,0656,0
2023,10621683,3003827317,0656,0
2023,11569504,3003827317,0653,5
2023,11312274,3003827317,0655,3
2023,11312274,3003827317,0654,1
2023,12734235,3003827317,0653,7
2023,10413017,3003827317,0655,9
2023,10413017,3003827317,0653,10
2023,10413017,3003827317,0653,9
2023,10413017,3003827317,0654,9
2023,10391035,3003827317,0653,6
2023,10391035,3003827317,0656,5
2023,10391035,3003827317,0654,3
2023,10083896,3003827317,0656,5
2023,10083896,3003827317,0654,3
2023,10083896,3003827317,0654,0
2023,13038791,3003827317,0652,7
2023,11235081,3003827317,0653,7
2023,13038809,3003827317,0655,6
2023,11892673,3003827317,0653,0
2023,11230530,3003827317,0653,0
2023,11158351,3003827317,CV0004,6
2023,11419138,3003827317,0656,8
2023,10360919,3003827317,0654,4
2023,12095826,3003827317,0656,7
2023,12095826,3003827317,0654,8
2023,10308888,3003827317,0653,6
2023,10743797,3003827317,0655,6
2023,10743797,3003827317,0652,6
2023,10743797,3003827317,0653,5
2023,10743797,3003827317,0654,4
2023,10792497,3003827317,0652,9
2023,10792497,3003827317,0656,10
2023,11084757,3003827317,CV0004,4
2023,11084757,3003827317,0652,7
2023,10366490,3003827317,0652,9
2023,10702296,3003827317,CV0004,8
2023,10702296,3003827317,0654,9
2023,10706049,3003827317,0653,7
2023,10706049,3003827317,0654,10
2023,10707834,3003827317,CV0004,9
2023,10711877,3003827317,CV0004,7
2023,10711877,3003827317,0657,0
2023,10711877,3003827317,0654,4
2023,10832134,3003827317,CV0004,7
2023,10832134,3003827317,0652,4
2023,10832134,3003827317,0653,6
2023,11248528,3003827317,0654,7
2023,11672699,3003827317,0655,7
2023,11672699,3003827317,0656,8
2023,11672699,3003827317,0654,3
2023,11672699,3003827317,0654,6
2023,12746359,3003827317,0655,10
2023,12746359,3003827317,0656,10
2023,10018398,3003827317,0652,8
2023,10246117,3003827317,0656,8
2023,10246117,3003827317,0654,4
2023,10323618,3003827317,0655,1
2023,10323618,3003827317,0652,5
2023,10688217,3003827317,CV0004,9
2023,10688217,3003827317,0660,0
2023,10698000,3003827317,0655,6
2023,10698000,3003827317,0657,0
2023,10698000,3003827317,0653,4
2023,10698000,3003827317,0653,5
2023,10705909,3003827317,0660,0
2023,10967233,3003827317,0652,8
2023,10967233,3003827317,0653,8
2023,10963934,3003827317,CV0004,6
2023,10963934,3003827317,0655,7
2023,10963934,3003827317,0652,7
2023,11158088,3003827317,0652,0
2023,12491074,3003827317,0655,0
2023,10596940,3003827317,0657,6
2023,12020369,3003827317,0652,7
2023,11894954,3003827317,0652,6
2023,11320679,3003829510,028502,9
2023,11320679,3003829510,028504,7
2023,11320679,3003829510,028505,7
2023,10894547,3003829510,028502,9
2023,10894547,3003829510,028504,10
2023,10894547,3003829510,028501,9
2023,10894547,3003829510,028100,10
2023,10894547,3003829510,028100,10
2023,10894547,3003829510,028100,10
2023,11735453,3003829510,028502,7
2023,10281596,3003829510,028504,9
2023,10281596,3003829510,028503,10
2023,10593808,3003829510,028504,8
2023,10593808,3003829510,028505,7
2023,10593808,3003829510,028505,7
2023,10593808,3003829510,028503,6
2023,10593808,3003829510,028501,6
2023,10593808,3003829510,028501,7
2023,10593808,3003829510,028100,10
2023,11055595,3003829510,028504,7
2023,11055595,3003829510,028100,10
2023,11234733,3003829510,028502,4
2023,11234733,3003829510,028100,9
2023,11507257,3003829510,028504,8
2023,11507257,3003829510,028503,6
2023,11507257,3003829510,028100,10
2023,10891407,3003829510,028505,8
2023,10891407,3003829510,028505,9
2023,10891407,3003829510,028503,8
2023,10891407,3003829510,028503,9
2023,10891407,3003829510,028100,8
2023,11048215,3003829510,028503,6
2023,11048215,3003829510,028503,6
2023,11830567,3003829510,028502,7
2023,11830567,3003829510,028503,8
2023,10927479,3003829510,028001,8
2023,10927479,3003829510,028503,9
2023,10333869,3003829510,028502,8
2023,10333869,3003829510,028505,9
2023,10333869,3003829510,028503,8
2023,10786265,3003829510,028501,9
2023,10786265,3003829510,028100,10
2023,12459446,3003829510,028001,8
2023,12868237,3003829510,028505,6
2023,12868237,3003829510,028100,10
2023,10420607,3003829510,028502,6
2023,10420607,3003829510,028504,3
2023,10420607,3003829510,028504,4
2023,10420607,3003829510,028505,4
2023,12938752,3003829510,028001,8
2023,12938752,3003829510,028503,9
2023,12938752,3003829510,028100,8
2023,10884628,3003829510,028502,8
2023,10884628,3003829510,028504,9
2023,10597404,3003829510,028505,4
2023,13281547,3003829510,028504,5
2023,13281547,3003829510,028505,0
2023,13281547,3003829510,028501,6
2023,13281547,3003829510,028100,10
2023,13239736,3003829510,028505,0
2023,13239736,3003829510,028001,5
2023,10678956,3003829510,028505,4
2023,10678956,3003829510,028503,6
2023,10678956,3003829510,028100,10
2023,13263382,3003829510,028504,0
2023,13263382,3003829510,028504,0
2023,11572959,3003829510,028504,10
2023,11572959,3003829510,028505,10
2023,11572959,3003829510,028505,8
2023,11572959,3003829510,028505,8
2023,11572959,3003829510,028501,7
2023,11572959,3003829510,028501,10
2023,11572959,3003829510,028100,10
2023,10802283,3003829510,028504,8
2023,10802283,3003829510,028001,6
2023,10802283,3003829510,028100,5
2023,12426107,3003829510,028504,9
2023,12426107,3003829510,028505,9
2023,12426107,3003829510,028001,9
2023,11495623,3003829510,028502,7
2023,11495623,3003829510,028505,7
2023,11495623,3003829510,028503,8
2023,11495623,3003829510,028501,8
2023,13274066,3003829510,028502,0
2023,13274066,3003829510,028501,0
2023,13274066,3003829510,028501,0
2023,13274066,3003829510,028100,0
2023,10511909,3003829510,028502,0
2023,10511909,3003829510,028505,0
2023,10511909,3003829510,028100,0
2023,10511909,3003829510,028100,0
2023,10737199,3003829510,028502,4
2023,10737199,3003829510,028503,7
2023,13240658,3003829510,028502,9
2023,13240658,3003829510,028504,8
2023,13105352,3003829510,028502,7
2023,13105352,3003829510,028100,10
2023,12569296,3003829510,028502,9
2023,12569296,3003829510,028505,6
2023,12569296,3003829510,028501,6
2023,10436905,3003829510,028100,7
2023,10436905,3003829510,028100,6
2023,13033829,3003829510,028503,6
2023,13033829,3003829510,028501,6
2023,10907341,3003829510,028505,8
2023,10907341,3003829510,028001,8
2023,11485242,3003829510,028503,7
2023,11895957,3003829510,028503,8
2023,10784833,3003829510,028505,7
2023,10762349,3003829510,028505,4
2023,10762349,3003829510,028505,7
2023,10762349,3003829510,028100,9
2023,10788057,3003829510,028502,6
2023,10788057,3003829510,028504,7
2023,10788057,3003829510,028505,4
2023,10788057,3003829510,028100,5
2023,10783722,3003829510,028001,5
2023,10783722,3003829510,028503,7
2023,10783722,3003829510,028503,7
2023,10438200,3003829510,028504,0
2023,10438200,3003829510,028503,0
2023,10244802,3003829510,028504,7
2023,10866566,3003829510,028502,7
2023,10866566,3003829510,028502,0
2023,10866566,3003829510,028502,4
2023,10866566,3003829510,028504,0
2023,10866566,3003829510,028505,3
2023,10866566,3003829510,028505,4
2023,10866566,3003829510,028503,4
2023,10899221,3003829510,028504,8
2023,10899221,3003829510,028505,8
2023,10899221,3003829510,028001,8
2023,10899221,3003829510,028503,9
2023,10899221,3003829510,028501,10
2023,10323990,3003829510,028501,10
2023,11903090,3003829510,028504,8
2023,11903090,3003829510,028501,7
2023,11903090,3003829510,028100,10
2023,11407450,3003829510,028505,7
2023,12695436,3003829510,028502,9
2023,10027392,3003829510,028505,0
2023,10027392,3003829510,028001,8
2023,10027392,3003829510,028503,0
2023,10027392,3003829510,028501,0
2023,12623151,3003829510,028502,6
2023,12623151,3003829510,028502,7
2023,12623151,3003829510,028503,6
2023,10630162,3003829510,028501,0
2023,12738447,3003829510,028501,10
2023,11549816,3003829510,028505,7
2023,11549816,3003829510,028100,9
2023,11549816,3003829510,028100,10
2023,12873247,3003829510,028001,7
2023,10476696,3003829510,028502,8
2023,10380752,3003829510,028505,9
2023,10380752,3003829510,028501,9
2023,10823864,3003829510,028504,0
2023,10905442,3003829510,028502,7
2023,10905442,3003829510,028505,4
2023,10905442,3003829510,028503,7
2023,13246090,3003829510,028504,10
2023,13246090,3003829510,028501,10
2023,12656419,3003829510,028502,9
2023,10893181,3003829510,028001,7
2023,10893181,3003829510,028001,6
2023,10893181,3003829510,028001,7
2023,10893181,3003829510,028100,7
2023,13053163,3003829510,028503,4
2023,10808367,3003829510,028504,7
2023,10808367,3003829510,028001,6
2023,10808367,3003829510,028001,7
2023,11318786,3003829510,028504,8
2023,11318786,3003829510,028505,9
2023,11261849,3003829510,028001,7
2023,11261849,3003829510,028503,9
2023,12739113,3003829510,028504,0
2023,12739113,3003829510,028001,4
2023,10615480,3003829510,028504,9
2023,10615480,3003829510,028505,9
2023,10615480,3003829510,028503,10
2023,10615480,3003829510,028100,10
2023,13246042,3003829510,028001,8
2023,13246042,3003829510,028100,10
2023,12837351,3003829510,028502,4
2023,12837351,3003829510,028505,4
2023,10898139,3003829510,028502,9
2023,10898139,3003829510,028505,9
2023,12858788,3003829510,028504,8
2023,12858788,3003829510,028503,7
2023,12419064,3003829510,028502,8
2023,13281520,3003829510,028502,9
2023,13281520,3003829510,028505,8
2023,13255314,3003829510,028505,6
2023,13255314,3003829510,028001,7
2023,13255314,3003829510,028503,7
2023,10819064,3003829510,028001,6
2023,10819064,3003829510,028503,4
2023,10819064,3003829510,028501,7
2023,10819064,3003829510,028100,6
2023,13001804,3003829510,028502,9
2023,13001804,3003829510,028505,10
2023,13001804,3003829510,028001,9
2023,13001804,3003829510,028501,9
2023,13001804,3003829510,028501,10
2023,13001804,3003829510,028100,9
2023,10904286,3003829510,028100,0
2023,11237080,3003829510,028504,9
2023,11237080,3003829510,028505,8
2023,11237080,3003829510,028100,10
2023,10358166,3003829510,028505,6
2023,10574437,3003829510,028502,4
2023,10574437,3003829510,028001,5
2023,10574437,3003829510,028503,7
2023,10787438,3003829510,028100,10
2023,10020005,3003829510,028502,7
2023,10020005,3003829510,028505,7
2023,10020005,3003829510,028503,7
2023,10436954,3003829517,028601,0
2023,12737289,3003829517,028601,0
2023,10762337,3003829517,028601,0
2023,10699142,3003829517,028601,0
2023,12736448,3003829517,028601,0
2023,11166752,3003829517,028601,0
2023,11079351,3003829517,028601,0
2023,10822990,3003829517,028601,0
2023,10027372,3003829629,1368,9
2023,10027372,3003829629,1369,8
2023,10486854,3003829629,1370,7
2023,10486854,3003829629,1368,7
2023,10657224,3003829629,1370,9
2023,10657224,3003829629,1370,9
2023,10657224,3003829629,1376,9
2023,11831183,3003829629,1369,9
2023,11831183,3003829629,1376,8
2023,13281830,3003829629,CV0003,4
2023,10689174,3003829629,1370,9
2023,10689174,3003829629,1370,9
2023,10735610,3003829629,CV0003,9
2023,10735610,3003829629,1367,8
2023,10839832,3003829629,CV0003,6
2023,10839832,3003829629,1367,8
2023,10839832,3003829629,1369,6
2023,10698052,3003829629,1368,8
2023,10698929,3003829629,1368,0
2023,10814218,3003829629,1370,2
2023,10814218,3003829629,1368,3
2023,12558926,3003829629,CV0003,3
2023,12558926,3003829629,1370,0
2023,12558926,3003829629,1368,4
2023,12558926,3003829629,1369,7
2023,10734168,3003829629,1370,7
2023,10734168,3003829629,1367,8
2023,10734168,3003829629,1376,7
2023,10734168,3003829629,1376,8
2023,10817396,3003829629,1369,5
2023,10817396,3003829629,1376,8
2023,10834203,3003829629,1370,7
2023,10834203,3003829629,1367,6
2023,10834203,3003829629,1368,6
2023,10834203,3003829629,1368,2
2023,10707900,3003829629,CV0003,8
2023,10978127,3003829629,1370,4
2023,10742955,3003829629,1368,4
2023,10742955,3003829629,1376,9
2023,10698110,3003829629,1367,8
2023,10698110,3003829629,1368,8
2023,10698110,3003829629,1368,9
2023,10698110,3003829629,1369,9
2023,10698110,3003829629,1376,8
2023,10396024,3003829629,1367,8
2023,12739203,3003829629,1370,8
2023,12739203,3003829629,1368,8
2023,10635766,3003829629,1370,7
2023,10635766,3003829629,1367,8
2023,13242130,3003829629,1370,10
2023,13242130,3003829629,1376,10
2023,10707767,3003829629,CV0003,8
2023,10707767,3003829629,1369,4
2023,10707767,3003829629,1369,4
2023,10707767,3003829629,1369,4
2023,10707767,3003829629,1376,9
2023,10781254,3003829629,1369,8
2023,13281768,3003829629,1369,4
2023,13281768,3003829629,1376,8
2023,13281768,3003829629,1376,6
2023,10620831,3003829629,1369,9
2023,10620831,3003829629,1376,9
2023,10319363,3003829629,1370,8
2023,10319363,3003829629,1369,4
2023,10319363,3003829629,1369,6
2023,10652405,3003829629,1370,9
2023,10652405,3003829629,1368,8
2023,10652405,3003829629,1368,4
2023,10652405,3003829629,1376,10
2023,10652405,3003829629,1376,9
2023,10678151,3003829629,CV0003,4
2023,10678151,3003829629,1367,4
2023,10701794,3003829629,1369,7
2023,10701794,3003829629,1369,6
2023,10678799,3003829629,1368,3
2023,10729710,3003829629,1370,7
2023,10729710,3003829629,1367,4
2023,10687463,3003829629,1376,8
2023,13242092,3003829629,1369,3
2023,13256847,3003829629,1370,10
2023,13256847,3003829629,1369,10
2023,10822528,3003829629,CV0003,7
2023,10822528,3003829629,1368,9
2023,10822528,3003829629,1376,7
2023,10324078,3003829629,1376,9
2023,10679716,3003829629,1367,10
2023,10679716,3003829629,1369,9
2023,10679716,3003829629,1376,9
2023,13273466,3003829629,1370,0
2023,13273466,3003829629,1376,6
2023,13273466,3003829629,1376,6
2023,12478386,3003829629,CV0003,3
2023,12478386,3003829629,CV0003,4
2023,12478386,3003829629,1367,5
2023,10657734,3003829629,CV0003,8
2023,10657734,3003829629,1370,7
2023,10657734,3003829629,1369,8
2023,11316204,3003829629,1370,6
2023,10711968,3003829629,1368,8
2023,10711968,3003829629,1369,8
2023,10513391,3003829636,CV0004,8
2023,10513391,3003829636,1371,7
2023,10513391,3003829636,1374,9
2023,10634289,3003829636,CV0004,8
2023,10634289,3003829636,1372,7
2023,10634289,3003829636,1374,7
2023,10634969,3003829636,1378,0
2023,10634969,3003829636,1377,8
2023,10657266,3003829636,1374,7
2023,10462592,3003829636,CV0004,8
2023,10678949,3003829636,1378,0
2023,10678949,3003829636,1371,7
2023,10691096,3003829636,1372,4
2023,10691096,3003829636,1373,6
2023,10691096,3003829636,1374,5
2023,10696544,3003829636,CV0004,8
2023,10705842,3003829636,1371,7
2023,10705842,3003829636,1372,6
2023,10705842,3003829636,1373,4
2023,10706057,3003829636,1371,9
2023,10784679,3003829636,1372,10
2023,10784679,3003829636,1373,9
2023,10816497,3003829636,1371,6
2023,10816497,3003829636,1373,4
2023,10816497,3003829636,1373,8
2023,10792613,3003829636,1378,0
2023,10792613,3003829636,1371,8
2023,10792613,3003829636,1372,9
2023,10829974,3003829636,CV0004,9
2023,10829974,3003829636,CV0004,9
2023,10829974,3003829636,1377,9
2023,10830272,3003829636,1374,9
2023,10830272,3003829636,1377,7
2023,10836592,3003829636,1375,10
2023,12826253,3003829636,1373,7
2023,13056692,3003829636,CV0004,10
2023,13056692,3003829636,1373,9
2023,13056692,3003829636,1374,8
2023,10025975,3003829636,1372,9
2023,10025975,3003829636,1374,9
2023,10636299,3003829636,CV0004,8
2023,10636299,3003829636,1372,8
2023,10636299,3003829636,1373,8
2023,10636299,3003829636,1377,9
2023,10307743,3003829636,1371,7
2023,10691132,3003829636,1371,2
2023,10691132,3003829636,1373,6
2023,10691132,3003829636,1374,5
2023,10700544,3003829636,1375,9
2023,10700544,3003829636,1373,7
2023,10700544,3003829636,1374,6
2023,10700981,3003829636,CV0004,9
2023,10709570,3003829636,1377,10
2023,10734359,3003829636,CV0004,7
2023,10734359,3003829636,1374,4
2023,10753893,3003829636,1371,6
2023,10753893,3003829636,1372,8
2023,10753893,3003829636,1374,4
2023,10819896,3003829636,1372,9
2023,10852053,3003829636,1371,5
2023,10852053,3003829636,1374,6
2023,10865461,3003829636,1375,10
2023,10865461,3003829636,1377,9
2023,11069919,3003829636,CV0004,4
2023,11069919,3003829636,CV0004,6
2023,11069919,3003829636,1373,7
2023,11069919,3003829636,1374,4
2023,11167937,3003829636,1373,8
2023,11167937,3003829636,1374,3
2023,12608298,3003829636,1373,10
2023,12736051,3003829636,CV0004,4
2023,12736051,3003829636,CV0004,7
2023,12736051,3003829636,1373,9
2023,12736051,3003829636,1374,8
2023,12736834,3003829636,1378,0
2023,13030911,3003829636,1378,0
2023,13030911,3003829636,1371,9
2023,10689544,3003829636,1375,8
2023,10386780,3003829636,1375,0
2023,10386780,3003829636,1372,4
2023,10678827,3003829636,1378,0
2023,10706031,3003829636,1375,2
2023,10706031,3003829636,1374,9
2023,11032354,3003829636,1371,7
2023,11032354,3003829636,1372,7
2023,10355756,3003829636,1378,0
2023,10776959,3003829636,1371,8
2023,10776959,3003829636,1373,0
2023,10691028,3003829636,1375,0
2023,11568799,3003829636,1377,7
2023,10460605,3003829636,CV0004,0
2023,10460605,3003829636,1375,5
2023,10460605,3003829636,1373,0
2023,10352236,3003828691,5022,8
2023,10293577,3003828691,5023,3
2023,10293577,3003828691,5024,6
2023,10293577,3003828691,5025,0
2023,10293577,3003828691,5025,0
2023,12734604,3003828691,5021,8
2023,12734604,3003828691,5025,9
2023,11484277,3003828691,5025,9
2023,12430202,3003828691,5024,10
2023,10400378,3003828691,5024,10
2023,10400378,3003828691,5024,10
2023,10376123,3003828691,5025,8
2023,10398753,3003828691,5021,0
2023,10949781,3003828691,5025,8
2023,10432545,3003828691,5022,0
2023,10432545,3003828691,5024,0
2023,10432545,3003828691,5025,0
2023,10432545,3003828691,5025,0
2023,10254544,3003828691,5024,9
2023,13297404,3003828691,5023,9
2023,13297404,3003828691,5026,10
2023,10652460,3003828691,5024,0
2023,11406626,3003828705,5071,0
2023,11406626,3003828705,5074,0
2023,11406626,3003828705,5075,0
2023,10688139,3003828705,5071,8
2023,10700769,3003828705,5072,8
2023,10700769,3003828705,5075,8
2023,10353205,3003828705,5071,5
2023,10353205,3003828705,5074,8
2023,10646249,3003828705,5071,8
2023,10646249,3003828705,5074,0
2023,10646249,3003828705,5074,0
2023,12447243,3003828705,5074,9
2023,10352435,3003828705,5071,7
2023,10352435,3003828705,5073,9
2023,13297112,3003828705,5072,9
2023,13297112,3003828705,5073,5
2023,13297112,3003828705,5075,8
2023,11167622,3003828705,5072,0
2023,11167622,3003828705,5075,0
2023,11407481,3003828705,5071,0
2023,10496141,3003828705,5071,0
2023,10254384,3003828705,5071,0
2023,10525957,3003828705,5073,5
2023,10278806,3003828705,5074,10
2023,10182546,3003828705,5075,9
2023,10470240,3003828900,CV0004,9
2023,10303547,3003828900,0378,7
2023,10500950,3003828900,CV0004,8
2023,10500950,3003828900,0377,4
2023,10500950,3003828900,0374,6
2023,10380889,3003828900,0377,7
2023,10380889,3003828900,0374,8
2023,10409990,3003828900,0375,7
2023,10409990,3003828900,0377,6
2023,10819337,3003828900,CV0004,10
2023,10819337,3003828900,0375,8
2023,10792555,3003828900,0382,0
2023,10792555,3003828900,0374,4
2023,11512963,3003828900,0378,7
2023,11512963,3003828900,0382,0
2023,10652552,3003828900,0378,10
2023,10652552,3003828900,0377,7
2023,10652552,3003828900,0377,7
2023,10652552,3003828900,0376,10
2023,10496577,3003828900,0377,7
2023,10496577,3003828900,0374,8
2023,10707778,3003828900,0381,6
2023,10711859,3003828900,CV0004,4
2023,10711859,3003828900,0375,0
2023,10851128,3003828900,0379,6
2023,10851128,3003828900,0374,7
2023,11415977,3003828900,0376,7
2023,10586308,3003828900,0379,10
2023,10017378,3003828900,0381,6
2023,10017378,3003828900,0374,8
2023,10294470,3003828900,0378,7
2023,10427819,3003828900,0379,10
2023,10427819,3003828900,0374,7
2023,10799062,3003828900,CV0004,9
2023,10799062,3003828900,0381,7
2023,10640918,3003828900,0374,9
2023,10855729,3003828893,CV0003,9
2023,10864476,3003828893,0369,8
2023,10832097,3003828893,0370,4
2023,10832097,3003828893,0373,5
2023,10832097,3003828893,0371,7
2023,10832097,3003828893,0371,7
2023,10832097,3003828893,0369,3
2023,10611327,3003828893,0372,10
2023,11242377,3003828893,CV0003,8
2023,11242377,3003828893,0372,9
2023,10332972,3003828893,0373,7
2023,10332972,3003828893,0371,9
2023,10267085,3003828893,CV0003,9
2023,10267085,3003828893,0372,7
2023,10267085,3003828893,0369,8
2023,10837451,3003828893,0373,7
2023,10837451,3003828893,0372,7
2023,10837451,3003828893,0380,9
2023,10837451,3003828893,0369,8
2023,12722174,3003828893,CV0003,9
2023,12722174,3003828893,0370,7
2023,12722174,3003828893,0370,7
2023,13257199,3003828893,CV0003,0
2023,13257199,3003828893,0370,9
2023,13257199,3003828893,0371,10
2023,13257199,3003828893,0372,8
2023,13257199,3003828893,0372,10
2023,13257199,3003828893,0380,9
2023,10634348,3003828893,CV0003,8
2023,10634348,3003828893,0372,8
2023,10707901,3003828893,CV0003,8
2023,10707901,3003828893,CV0003,8
2023,10707901,3003828893,0371,8
2023,10707901,3003828893,0372,8
2023,10707901,3003828893,0369,6
2023,10748092,3003828893,0370,4
2023,10748092,3003828893,0369,7
2023,10832107,3003828893,0373,8
2023,10832107,3003828893,0373,8
2023,10832107,3003828893,0380,9
2023,10832107,3003828893,0369,9
2023,11635385,3003828893,0371,8
2023,10679688,3003828893,0370,6
2023,10679688,3003828893,0370,8
2023,10679688,3003828893,0373,6
2023,10691654,3003828893,0371,7
2023,10691654,3003828893,0371,8
2023,10707654,3003828893,CV0003,7
2023,10707654,3003828893,0373,4
2023,10707654,3003828893,0369,7
2023,10676228,3003828893,0370,8
2023,10676228,3003828893,0372,7
2023,10687382,3003828893,0369,8
2023,10837560,3003828893,0370,9
2023,10984790,3003828816,0485,3
2023,12427040,3003828823,0490,5
2023,11254914,3003828823,0491,1
2023,13163302,3003828823,0486,10
2023,10279324,3003828823,CV0004,5
2023,10279324,3003828823,0490,3
2023,10979745,3003828823,0491,5
2023,11891674,3003828823,0494,0
2023,12737108,3003828823,0491,7
2023,12737108,3003828823,0489,7
2023,10293307,3003828823,0491,6
2023,10293307,3003828823,0491,5
2023,10293307,3003828823,0490,0
2023,10293307,3003828823,0490,0
2023,10293307,3003828823,0489,4
2023,10293307,3003828823,0488,1
2023,10292823,3003828823,CV0004,0
2023,10292823,3003828823,0491,0
2023,10292823,3003828823,0491,0
2023,13038074,3003828823,0494,8
2023,10707674,3003828823,CV0004,0
2023,10707674,3003828823,0488,0
2023,10707674,3003828823,0486,0
2023,11254010,3003828823,CV0004,1
2023,11254010,3003828823,0488,1
2023,10326385,3003828823,0490,4
2023,10326385,3003828823,0489,10
2023,10664873,3003828823,0488,8
2023,10279526,3003828823,CV0004,5
2023,10279526,3003828823,0490,0
2023,10865901,3003828823,0494,3
2023,10865901,3003828823,0491,1
2023,10865901,3003828823,0489,0
2023,10865901,3003828823,0486,0
2023,12636620,3003828823,0490,0
2023,13038149,3003828823,0490,0
2023,12563774,3003828823,0490,7
2023,12563774,3003828823,0489,10
2023,12563774,3003828823,0488,9
2023,12563774,3003828823,0486,9
2023,10525745,3003828823,0486,9
2023,10264374,3003828823,CV0004,0
2023,10264374,3003828823,0486,0
2023,10943078,3003828823,0486,9
2023,10394942,3003828823,0486,0
2023,10394942,3003828823,0486,0
2023,10394942,3003828823,0486,0
2023,10399819,3003828823,0490,8
2023,11400429,3003828823,0490,0
2023,10307929,3003828795,0373,4
2023,10307929,3003828795,0487,7
2023,10730670,3003828795,0617,9
2023,13245350,3003828795,0373,0
2023,13245350,3003828795,0487,0
2023,13245350,3003828795,0487,0
2023,13245350,3003828795,0484,0
2023,13245350,3003828795,0483,0
2023,10837069,3003828795,0484,9
2023,10820972,3003828795,CV0003,9
2023,10820972,3003828795,0373,8
2023,10820972,3003828795,0484,10
2023,10965828,3003828795,0373,10
2023,10965828,3003828795,0373,8
2023,10965828,3003828795,0485,7
2023,10965828,3003828795,0483,9
2023,10279258,3003828795,CV0003,0
2023,10279258,3003828795,0373,0
2023,10635824,3003828795,0484,7
2023,10635824,3003828795,0617,6
2023,10604661,3003828795,0373,0
2023,10604661,3003828795,0484,0
2023,10604661,3003828795,0484,0
2023,10604661,3003828795,0617,0
2023,13248857,3003828795,CV0003,10
2023,13248857,3003828795,0373,10
2023,13248857,3003828795,0484,8
2023,10332148,3003828795,0487,4
2023,10332148,3003828795,0483,0
2023,10332148,3003828795,0483,0
2023,13245291,3003828795,0487,0
2023,13245291,3003828795,0483,0
2023,13245903,3003828795,CV0003,0
2023,13245903,3003828795,CV0003,0
2023,13245903,3003828795,0373,0
2023,13245903,3003828795,0617,0
2023,13245942,3003828795,0484,0
2023,10254986,3003828795,0617,9
2023,10255828,3003828795,0487,3
2023,10679677,3003828795,CV0003,9
2023,10679677,3003828795,0373,2
2023,10679677,3003828795,0487,4
2023,12736124,3003828795,0487,7
2023,12736124,3003828795,0484,8
2023,12736124,3003828795,0483,8
2023,10201417,3003828795,CV0003,10
2023,10201417,3003828795,0373,9
2023,10201417,3003828795,0485,10
2023,10201417,3003828795,0617,8
2023,11736342,3003828795,0487,9
2023,13170875,3003828795,CV0003,7
2023,13170875,3003828795,0487,0
2023,10365185,3003828795,0485,7
2023,10663063,3003828795,0373,7
2023,10663063,3003828795,0485,3
2023,10663063,3003828795,0483,6
2023,10663063,3003828795,0483,7
2023,13245900,3003828795,0487,9
2023,13245900,3003828795,0485,7
2023,13245900,3003828795,0483,9
2023,13245900,3003828795,0483,9
2023,10454428,3003828795,CV0003,0
2023,10454428,3003828795,0483,0
2023,10454428,3003828795,0617,0
2023,11569845,3003828795,0487,0
2023,11569845,3003828795,0483,0
2023,11569845,3003828795,0483,0
2023,10364384,3003828795,0484,9
2023,10364384,3003828795,0484,9
2023,12040403,3003828795,0487,9
2023,12040403,3003828795,0484,8
2023,10689194,3003828795,CV0003,4
2023,10689194,3003828795,0483,9
2023,10533446,3003828795,0487,0
2023,10392227,3003828795,0373,0
2023,10392227,3003828795,0487,4
2023,10392227,3003828795,0485,0
2023,10013834,3003828795,0487,8
2023,10013834,3003828795,0485,8
2023,10013834,3003828795,0617,0
2023,10323451,3003828795,0484,6
2023,10323451,3003828795,0483,8
2023,10323451,3003828795,0483,7
2023,10282899,3003828795,CV0003,9
2023,10282899,3003828795,0487,5
2023,10282899,3003828795,0617,9
2023,10817332,3003828795,CV0003,4
2023,10817332,3003828795,0485,2
2023,10304827,3003828795,0485,10
2023,10392051,3003828795,0487,6
2023,10392051,3003828795,0485,9
2023,10392051,3003828795,0617,7
2023,13245876,3003828795,0373,10
2023,13245876,3003828795,0487,10
2023,10021939,3003828795,0487,0
2023,10021939,3003828795,0485,0
2023,13245936,3003828795,0483,5
2023,10851164,3003828795,CV0003,7
2023,10851164,3003828795,0617,4
2023,11240348,3003828795,0485,0
2023,10362119,3003828795,0373,7
2023,10362119,3003828795,0485,8
2023,10362119,3003828795,0485,4
2023,10362119,3003828795,0617,8
2023,12558196,3003828795,0485,0
2023,10308646,3003828795,0373,4
2023,12587239,3003828795,CV0003,0
2023,12587239,3003828795,CV0003,0
2023,12587239,3003828795,0373,0
2023,12587239,3003828795,0484,0
2023,12587239,3003828795,0617,4
2023,10750448,3003828795,0483,0
2023,10666129,3003828795,0373,4
2023,10666129,3003828795,0483,7
2023,10278578,3003828795,CV0003,0
2023,10278578,3003828795,CV0003,0
2023,10278578,3003828795,0617,0
2023,13294635,3003828795,0484,10
2023,13294635,3003828795,0617,8
2023,11778439,3003828795,0373,0
2023,11778439,3003828795,0484,0
2023,10241522,3003828788,0614,8
2023,10634225,3003828788,CV0004,0
2023,10634225,3003828788,0615,4
2023,10247323,3003828788,0615,6
2023,10247323,3003828788,0612,8
2023,10241522,3003828788,0619,0
2023,10261771,3003828788,0618,7
2023,10261771,3003828788,0615,6
2023,10261771,3003828788,0614,8
2023,10574443,3003828788,0613,6
2023,10707841,3003828788,0618,7
2023,10707841,3003828788,0614,9
2023,11088015,3003828788,0614,6
2023,11088015,3003828788,0613,4
2023,10319905,3003828788,0619,0
2023,10319905,3003828788,0616,8
2023,10319905,3003828788,0615,7
2023,10319905,3003828788,0613,7
2023,10403933,3003828788,0612,9
2023,10249394,3003828788,0612,10
2023,10308808,3003828788,0619,0
2023,10308808,3003828788,0614,9
2023,10308808,3003828788,0612,6
2023,10604775,3003828788,0619,0
2023,10604775,3003828788,0618,8
2023,10676208,3003828788,CV0004,10
2023,10797554,3003828788,CV0004,4
2023,10797554,3003828788,CV0004,8
2023,10797554,3003828788,0619,0
2023,13038816,3003828788,0614,4
2023,12571287,3003828788,0616,0
2023,10640914,3003828788,CV0004,9
2023,10304867,3003828788,0615,8
2023,10407215,3003828788,0613,9
2023,10708221,3003828788,0615,9
2023,10708221,3003828788,0613,7
2023,12250190,3003828767,0226,4
2023,12250190,3003828767,0224,0
2023,12936130,3003828767,0228,8
2023,10758419,3003828767,0228,7
2023,10758419,3003828767,0228,9
2023,12557047,3003828767,0230,6
2023,10863174,3003828767,0230,8
2023,10863174,3003828767,0226,6
2023,10027669,3003828767,0224,6
2023,10027669,3003828767,0227,6
2023,13031606,3003828767,CV0002,7
2023,13031606,3003828767,0227,3
2023,12730601,3003828767,CV0002,10
2023,12730601,3003828767,0228,8
2023,12730601,3003828767,0227,7
2023,10452196,3003828767,0224,9
2023,12730553,3003828767,CV0002,9
2023,12730553,3003828767,0227,5
2023,10351465,3003828767,0230,7
2023,10757001,3003828767,0228,9
2023,10851163,3003828767,0230,7
2023,10851163,3003828767,0227,2
2023,10882466,3003828767,CV0002,8
2023,10882466,3003828767,CV0002,8
2023,10882466,3003828767,0224,6
2023,11088071,3003828767,0226,6
2023,11088071,3003828767,0227,7
2023,10410140,3003828767,CV0002,4
2023,10679710,3003828767,0230,9
2023,10679710,3003828767,0227,6
2023,10762343,3003828767,CV0002,9
2023,10762343,3003828767,0230,8
2023,10762343,3003828767,0228,9
2023,10762343,3003828767,0224,9
2023,10770657,3003828767,CV0002,10
2023,10770657,3003828767,0227,8
2023,10762023,3003828767,0226,8
2023,10762023,3003828767,0224,9
2023,10762023,3003828767,0231,0
2023,10762023,3003828767,0227,8
2023,10807600,3003828767,0230,10
2023,10807600,3003828767,0227,10
2023,10856605,3003828767,0230,7
2023,10856605,3003828767,0224,8
2023,10856605,3003828767,0227,8
2023,10828387,3003828767,CV0002,9
2023,12559471,3003828767,CV0002,9
2023,12559471,3003828767,CV0002,10
2023,10938543,3003828760,CV0001,0
2023,10938543,3003828760,0223,0
2023,10833893,3003828760,0225,2
2023,10833893,3003828760,0223,5
2023,10833893,3003828760,0221,0
2023,10910799,3003828760,CV0001,9
2023,10789656,3003828760,0225,1
2023,10789656,3003828760,0221,8
2023,10911373,3003828760,CV0001,9
2023,10911373,3003828760,0229,8
2023,10911373,3003828760,0222,8
2023,11088604,3003828760,0225,8
2023,10283255,3003828760,0225,8
2023,10390554,3003828760,CV0001,4
2023,11567531,3003828760,CV0001,0
2023,11567531,3003828760,0221,0
2023,11567531,3003828760,0229,0
2023,11567531,3003828760,0222,0
2023,12736633,3003828760,0225,0
2023,12736633,3003828760,0229,0
2023,10305237,3003828760,0225,0
2023,10305237,3003828760,0223,0
2023,10305237,3003828760,0229,0
2023,10305237,3003828760,0229,0
2023,10305237,3003828760,0222,0
2023,10017433,3003828760,0225,8
2023,10325203,3003828760,CV0001,7
2023,10325203,3003828760,0221,7
2023,10325203,3003828760,0229,6
2023,10325203,3003828760,0222,8
2023,10906556,3003828760,0223,8
2023,11421089,3003828760,0225,7
2023,11421089,3003828760,0221,8
2023,12865232,3003828760,0223,0
2023,12865232,3003828760,0229,0
2023,10912321,3003828760,CV0001,9
2023,10912321,3003828760,0225,8
2023,11337364,3003828760,0221,0
2023,10762391,3003828760,CV0001,4
2023,10762391,3003828760,0223,4
2023,10762391,3003828760,0229,6
2023,10911129,3003828760,CV0001,10
2023,12510469,3003828760,0221,0
2023,10416745,3003828760,CV0001,4
2023,10416745,3003828760,0223,6
2023,10416745,3003828760,0221,8
2023,10713860,3003828760,0223,0
2023,10713860,3003828760,0221,0
2023,12505624,3003828760,0223,5
2023,12505624,3003828760,0229,8
2023,13250561,3003828760,0223,9
2023,10392662,3003828760,CV0001,0
2023,10392662,3003828760,0223,0
2023,10392662,3003828760,0221,0
2023,12731167,3003828760,0221,0
2023,10466174,3003828760,0225,0
2023,10466174,3003828760,0223,0
2023,10466174,3003828760,0229,0
2023,10466174,3003828760,0229,0
2023,10837080,3003828760,CV0001,9
2023,10837080,3003828760,0221,9
2023,10837080,3003828760,0222,8
2023,10819052,3003828760,0222,6
2023,13086978,3003828760,0225,7
2023,13086978,3003828760,0223,6
2023,13086978,3003828760,0222,8
2023,11763179,3003828760,0225,0
2023,11763179,3003828760,0223,0
2023,11763179,3003828760,0223,0
2023,11763179,3003828760,0229,0
2023,10888617,3003828760,CV0001,9
2023,10344575,3003828760,0229,4
2023,10344575,3003828760,0222,6
2023,12270997,3003828760,0225,0
2023,12270997,3003828760,0223,0
2023,12270997,3003828760,0221,0
2023,12270997,3003828760,0222,0
2023,11407222,3003828760,0223,8
2023,12609908,3003828760,0225,0
2023,12609908,3003828760,0225,0
2023,12609908,3003828760,0222,0
2023,10885064,3003828760,0225,6
2023,10885064,3003828760,0223,6
2023,10904569,3003828760,CV0001,10
2023,10904569,3003828760,CV0001,10
2023,10904569,3003828760,0221,9
2023,10904569,3003828760,0229,8
2023,10904569,3003828760,0222,7
2023,10895404,3003828760,0225,7
2023,10895404,3003828760,0223,10
2023,10895404,3003828760,0229,9
2023,10937956,3003828760,CV0001,0
2023,10937956,3003828760,0221,0
2023,10937956,3003828760,0229,0
2023,13321692,3003828760,0225,0
2023,13321692,3003828760,0225,0
2023,13321692,3003828760,0222,0
2023,10244719,3003826548,0178,0
2023,12739162,3003826548,0181,7
2023,12739162,3003826548,0176,6
2023,12634107,3003826548,0183,9
2023,12708907,3003826548,0183,9
2023,10267575,3003826548,0178,0
2023,10636300,3003826548,0180,9
2023,10636300,3003826548,0181,7
2023,12739162,3003826548,0184,0
2023,10691401,3003826548,0183,7
2023,10691401,3003826548,0178,8
2023,11186762,3003826548,CV0004,6
2023,11186762,3003826548,0183,6
2023,11402080,3003826548,0181,7
2023,13035643,3003826548,0180,8
2023,13035643,3003826548,0178,7
2023,13097118,3003826548,CV0004,5
2023,13097118,3003826548,0183,0
2023,13097118,3003826548,0183,0
2023,10014485,3003826548,0181,0
2023,10014485,3003826548,0178,8
2023,10357602,3003826548,CV0004,8
2023,10376639,3003826548,0175,8
2023,10376639,3003826548,0175,0
2023,10376639,3003826548,0175,0
2023,12675110,3003826548,CV0004,4
2023,12675110,3003826548,0180,5
2023,13034970,3003826548,0176,4
2023,13034970,3003826548,0176,6
2023,12793270,3003826548,0180,0
2023,12003293,3003826548,0176,1
2023,10935906,3003826548,CV0004,0
2023,10935906,3003826548,0180,0
2023,11329159,3003826548,0175,8
2023,10406692,3003826548,0175,7
2023,13034960,3003826548,0176,6
2023,13034960,3003826548,0175,7
2023,10134445,3003826548,0175,8
2023,13263308,3003826541,0179,6
2023,13263308,3003826541,0171,4
2023,13263308,3003826541,0173,3
2023,13263308,3003826541,0182,4
2023,13240820,3003826541,0171,0
2023,13240820,3003826541,0182,0
2023,10742422,3003826541,CV0003,4
2023,12679099,3003826541,0172,2
2023,12679099,3003826541,0182,4
2023,12679099,3003826541,0182,0
2023,12679099,3003826541,0182,0
2023,12679099,3003826541,0177,0
2023,11921786,3003826541,0171,7
2023,11921786,3003826541,0177,9
2023,11921786,3003826541,0177,7
2023,10805336,3003826541,0172,7
2023,10805336,3003826541,0173,6
2023,10805336,3003826541,0182,5
2023,10507995,3003826541,0179,9
2023,10507995,3003826541,0179,8
2023,13249462,3003826541,0174,8
2023,10264508,3003826541,0177,7
2023,10838901,3003826541,0179,4
2023,10838901,3003826541,0179,4
2023,10838901,3003826541,0172,7
2023,10487908,3003826541,CV0003,7
2023,10487908,3003826541,0172,7
2023,10581335,3003826541,CV0003,10
2023,10581335,3003826541,0172,9
2023,10581335,3003826541,0182,0
2023,10713910,3003826541,0171,7
2023,10713910,3003826541,0173,8
2023,10713910,3003826541,0174,9
2023,10713910,3003826541,0182,9
2023,10713910,3003826541,0177,8
2023,10421505,3003826541,CV0003,0
2023,10421505,3003826541,0171,0
2023,10421505,3003826541,0172,0
2023,10421505,3003826541,0174,0
2023,10421505,3003826541,0182,0
2023,13245158,3003826541,0174,4
2023,13245158,3003826541,0182,5
2023,10420918,3003826541,0179,7
2023,10420918,3003826541,0172,8
2023,10420918,3003826541,0172,8
2023,10420918,3003826541,0174,6
2023,10420918,3003826541,0177,8
2023,10420918,3003826541,0177,8
2023,11495548,3003826541,CV0003,7
2023,11495548,3003826541,0179,7
2023,11495548,3003826541,0179,0
2023,11495548,3003826541,0172,4
2023,11495548,3003826541,0172,0
2023,11495548,3003826541,0173,4
2023,11495548,3003826541,0174,0
2023,11495548,3003826541,0177,0
2023,10664803,3003826541,CV0003,0
2023,10664803,3003826541,0171,3
2023,10664803,3003826541,0172,0
2023,10664803,3003826541,0174,4
2023,10664803,3003826541,0174,0
2023,10664803,3003826541,0182,0
2023,10664803,3003826541,0177,0
2023,10610451,3003826541,0179,8
2023,10610451,3003826541,0171,7
2023,10610451,3003826541,0171,7
2023,10610451,3003826541,0173,6
2023,10610451,3003826541,0174,7
2023,10610451,3003826541,0177,7
2023,12905546,3003826541,CV0003,1
2023,12905546,3003826541,0171,0
2023,12905546,3003826541,0172,0
2023,12905546,3003826541,0172,0
2023,12905546,3003826541,0173,0
2023,12905546,3003826541,0173,0
2023,12905546,3003826541,0174,0
2023,10706770,3003826541,0179,8
2023,10706770,3003826541,0172,7
2023,10706770,3003826541,0182,6
2023,12730900,3003826541,0182,9
2023,13062870,3003826541,CV0003,0
2023,13062870,3003826541,0171,0
2023,13062870,3003826541,0172,0
2023,13062870,3003826541,0174,0
2023,13062870,3003826541,0174,0
2023,13034983,3003826541,0171,0
2023,13034983,3003826541,0171,0
2023,13034983,3003826541,0171,0
2023,10814531,3003826541,0172,9
2023,10814531,3003826541,0173,8
2023,10814531,3003826541,0174,10
2023,10814531,3003826541,0182,9
2023,11316431,3003826541,CV0003,0
2023,11316431,3003826541,0173,0
2023,11316431,3003826541,0174,0
2023,11316431,3003826541,0182,0
2023,11316431,3003826541,0182,0
2023,11316431,3003826541,0177,0
2023,11564256,3003826541,CV0003,0
2023,11564256,3003826541,CV0003,0
2023,11564256,3003826541,0171,0
2023,11564256,3003826541,0172,0
2023,11564256,3003826541,0182,0
2023,10489725,3003826541,0179,0
2023,10489725,3003826541,0179,0
2023,12870301,3003826541,0171,0
2023,12870301,3003826541,0173,0
2023,10017101,3003826611,CV0004,4
2023,10017101,3003826611,0398,4
2023,10017101,3003826611,0399,4
2023,10428229,3003826611,0398,10
2023,10420911,3003826611,0180,9
2023,10306049,3003826611,0402,8
2023,10248447,3003826611,0398,9
2023,10248447,3003826611,0397,10
2023,10574372,3003826611,0398,8
2023,10574372,3003826611,0399,8
2023,10364858,3003826611,CV0004,10
2023,10364858,3003826611,0180,10
2023,10495929,3003826611,CV0004,8
2023,10495929,3003826611,0180,8
2023,10432798,3003826611,0398,10
2023,10432798,3003826611,0399,9
2023,10691269,3003826611,0398,4
2023,10691269,3003826611,0399,4
2023,10699154,3003826611,0397,9
2023,10507538,3003826611,0402,0
2023,10786213,3003826611,0180,6
2023,10786213,3003826611,0397,7
2023,10786213,3003826611,0397,8
2023,10810890,3003826611,0180,9
2023,10810890,3003826611,0402,9
2023,10810890,3003826611,0399,8
2023,10810890,3003826611,0399,9
2023,10837523,3003826611,CV0004,6
2023,10837523,3003826611,0397,4
2023,10842144,3003826611,CV0004,9
2023,10842144,3003826611,0397,9
2023,13035483,3003826611,0180,4
2023,13035483,3003826611,0180,8
2023,13035483,3003826611,0402,7
2023,10837553,3003826604,0383,9
2023,10837553,3003826604,0172,9
2023,10837553,3003826604,0173,8
2023,10837553,3003826604,0173,7
2023,12468964,3003826604,0179,8
2023,12468964,3003826604,0171,7
2023,12468964,3003826604,0384,9
2023,10305439,3003826604,0384,8
2023,10699672,3003826604,0179,4
2023,10700883,3003826604,CV0003,7
2023,10700883,3003826604,0179,8
2023,10778000,3003826604,0173,7
2023,13242114,3003826604,0401,5
2023,13242114,3003826604,0401,0
2023,13242114,3003826604,0171,10
2023,13242114,3003826604,0172,7
2023,10506767,3003826604,0401,0
2023,10506767,3003826604,0173,0
2023,10677163,3003826604,CV0003,6
2023,10677163,3003826604,0179,6
2023,10677163,3003826604,0171,10
2023,10677163,3003826604,0384,7
2023,10677163,3003826604,0173,6
2023,10282475,3003826604,CV0003,8
2023,10282475,3003826604,0171,9
2023,10698462,3003826604,0179,6
2023,10698462,3003826604,0401,7
2023,10698462,3003826604,0383,0
2023,13257485,3003826604,0171,0
2023,13257485,3003826604,0172,7
2023,13257485,3003826604,0172,0
2023,13257485,3003826604,0172,0
2023,10411178,3003826604,CV0003,8
2023,10411178,3003826604,0179,8
2023,10411178,3003826604,0401,8
2023,10411178,3003826604,0171,7
2023,10411178,3003826604,0172,8
2023,10411178,3003826604,0173,8
2023,10675919,3003826604,CV0003,7
2023,10675919,3003826604,0171,9
2023,10675919,3003826604,0173,8
2023,13127380,3003826604,CV0003,0
2023,10513851,3003826604,0171,2
2023,10513851,3003826604,0383,7
2023,10513851,3003826604,0172,8
2023,10513851,3003826604,0173,3
2023,10513851,3003826604,0173,5
2023,13288501,3003826604,CV0003,7
2023,13288501,3003826604,0171,8
2023,13288501,3003826604,0384,6
2023,13257407,3003826604,0179,0
2023,13257407,3003826604,0384,0
2023,13257407,3003826604,0172,7
2023,13257407,3003826604,0172,0
2023,10709639,3003826604,0401,7
2023,10709639,3003826604,0384,7
2023,10709639,3003826604,0172,8
2023,10709639,3003826604,0173,6
2023,10348121,3003826604,CV0003,6
2023,10488332,3003826632,CV0004,6
2023,10488332,3003826632,0387,7
2023,10488332,3003826632,0386,7
2023,10506040,3003826632,0180,7
2023,10506040,3003826632,0387,7
2023,10506040,3003826632,0387,7
2023,10506040,3003826632,0386,7
2023,10862231,3003826632,0180,8
2023,10862231,3003826632,0180,8
2023,10862231,3003826632,0385,6
2023,10862231,3003826632,0386,7
2023,10041748,3003826632,0180,9
2023,10041748,3003826632,0388,8
2023,10041748,3003826632,0387,9
2023,10377321,3003826632,0385,6
2023,12561996,3003826632,0388,0
2023,10654890,3003826632,CV0004,7
2023,10270975,3003826632,0180,8
2023,10270975,3003826632,0387,9
2023,10270975,3003826632,0386,9
2023,10270975,3003826632,0386,9
2023,10713872,3003826632,0385,8
2023,10713872,3003826632,0387,8
2023,10730159,3003826632,0180,9
2023,10730159,3003826632,0391,0
2023,10850808,3003826632,CV0004,8
2023,10850808,3003826632,0180,4
2023,10850808,3003826632,0386,8
2023,10780309,3003826632,0388,0
2023,10707407,3003826632,0180,8
2023,10707407,3003826632,0385,8
2023,10428047,3003826632,CV0004,8
2023,10428047,3003826632,0387,4
2023,10664924,3003826632,0390,8
2023,10303294,3003826632,0180,4
2023,10303294,3003826632,0387,7
2023,10303294,3003826632,0386,7
2023,10513718,3003826632,0180,4
2023,10513718,3003826632,0387,8
2023,10708070,3003826632,0388,0
2023,10815375,3003826632,0385,8
2023,10815375,3003826632,0385,8
2023,12472350,3003826625,0171,0
2023,12472350,3003826625,0172,0
2023,12472350,3003826625,0389,0
2023,10664986,3003826625,0179,9
2023,10664986,3003826625,0383,6
2023,10664986,3003826625,0384,7
2023,10277303,3003826625,0383,7
2023,10277303,3003826625,0384,7
2023,10700990,3003826625,0171,0
2023,10700990,3003826625,0383,0
2023,10700990,3003826625,0383,0
2023,10700990,3003826625,0384,0
2023,11632133,3003826625,CV0003,8
2023,11632133,3003826625,0383,8
2023,11632133,3003826625,0384,7
2023,11632133,3003826625,0173,9
2023,10690446,3003826625,0171,6
2023,10690446,3003826625,0384,6
2023,10690446,3003826625,0172,6
2023,10690446,3003826625,0172,7
2023,10696634,3003826625,0389,8
2023,10512569,3003826625,0179,0
2023,10512569,3003826625,0171,6
2023,10512569,3003826625,0383,0
2023,10512569,3003826625,0384,0
2023,10512569,3003826625,0173,9
2023,12058330,3003826625,0179,7
2023,12058330,3003826625,0383,9
2023,10486936,3003826625,0179,8
2023,10486936,3003826625,0171,7
2023,10486936,3003826625,0384,7
2023,10486936,3003826625,0389,8
2023,10742990,3003826625,0384,9
2023,10742990,3003826625,0172,7
2023,10610383,3003826625,0171,6
2023,10610383,3003826625,0173,5
2023,10780758,3003826625,0384,8
2023,10780758,3003826625,0384,8
2023,10780758,3003826625,0172,8
2023,13332666,3003826625,CV0003,1
2023,13332666,3003826625,0179,0
2023,13332666,3003826625,0384,0
2023,13332666,3003826625,0172,3
2023,13332666,3003826625,0173,1
2023,13332666,3003826625,0173,0
2023,13332666,3003826625,0389,0
2023,10706115,3003822344,1227,6
2023,10707734,3003822344,1230,5
2023,10707819,3003822344,CV0002,7
2023,10707819,3003822344,1230,6
2023,10714134,3003822344,1230,7
2023,10799147,3003822344,1227,6
2023,10799147,3003822344,1230,7
2023,10799147,3003822344,1234,6
2023,10770425,3003822344,CV0002,8
2023,10787523,3003822344,CV0002,8
2023,10787523,3003822344,1234,7
2023,10836565,3003822344,CV0002,6
2023,12736451,3003822344,1227,4
2023,12736451,3003822344,1228,3
2023,10485831,3003822344,1234,4
2023,10689201,3003822344,1230,8
2023,10689201,3003822344,1234,7
2023,10689201,3003822344,1237,0
2023,10761897,3003822344,1234,6
2023,10761897,3003822344,1235,6
2023,10783762,3003822344,1230,9
2023,10783762,3003822344,1235,8
2023,10787491,3003822344,1235,5
2023,10787491,3003822344,1235,5
2023,10766479,3003822344,CV0002,9
2023,10766479,3003822344,1227,6
2023,10766479,3003822344,1237,0
2023,11744037,3003822344,CV0002,9
2023,11744037,3003822344,1235,5
2023,11780595,3003822344,1230,7
2023,11780595,3003822344,1234,6
2023,11780595,3003822344,1234,7
2023,11780595,3003822344,1235,6
2023,10706808,3003822344,1228,7
2023,10800025,3003822344,1227,6
2023,10813126,3003822344,1227,7
2023,10813126,3003822344,1235,9
2023,10679722,3003822344,1228,6
2023,10742994,3003822344,CV0002,8
2023,10742994,3003822344,1227,7
2023,10742994,3003822344,1230,7
2023,10895114,3003822337,1231,7
2023,10895114,3003822337,1233,8
2023,12907793,3003822337,1236,7
2023,10766806,3003822337,CV0001,6
2023,10766806,3003822337,0156,6
2023,10766806,3003822337,0156,7
2023,10766806,3003822337,1226,8
2023,10766806,3003822337,1232,8
2023,10766806,3003822337,1236,8
2023,10909605,3003822337,CV0001,8
2023,10909605,3003822337,1233,8
2023,10909605,3003822337,1236,5
2023,11336367,3003822337,1232,6
2023,10688314,3003822337,1231,0
2023,10688314,3003822337,1233,0
2023,10761942,3003822337,0156,7
2023,10761942,3003822337,1229,9
2023,10761942,3003822337,1231,9
2023,10761942,3003822337,1236,9
2023,10761942,3003822337,1236,5
2023,10932819,3003822337,0156,7
2023,10932819,3003822337,1232,7
2023,10932819,3003822337,1233,8
2023,10932819,3003822337,1236,6
2023,10889204,3003822337,1232,8
2023,10762386,3003822337,CV0001,6
2023,10762386,3003822337,0156,6
2023,10762386,3003822337,1226,8
2023,10762386,3003822337,1229,7
2023,10762386,3003822337,1236,6
2023,10762386,3003822337,1236,6
2023,10920099,3003822337,0156,9
2023,10920099,3003822337,1231,9
2023,10897205,3003822337,CV0001,6
2023,10789649,3003822337,1226,8
2023,10789649,3003822337,1231,7
2023,11667242,3003822337,CV0001,9
2023,11667242,3003822337,0156,9
2023,11667242,3003822337,1229,9
2023,10805487,3003822337,1229,4
2023,10805487,3003822337,1232,7
2023,10805487,3003822337,1233,8
2023,10805487,3003822337,1233,9
2023,12695609,3003822337,CV0001,0
2023,12695609,3003822337,1231,0
2023,10858044,3003822337,0156,8
2023,10858044,3003822337,1231,5
2023,11744036,3003822337,CV0001,10
2023,11744036,3003822337,1229,9
2023,11744036,3003822337,1231,8
2023,11744036,3003822337,1236,8
2023,12932662,3003822337,1226,9
2023,12932662,3003822337,1229,9
2023,12932662,3003822337,1229,9
2023,12932662,3003822337,1232,8
2023,12932662,3003822337,1236,7
2023,13112701,3003822337,1226,9
2023,13112701,3003822337,1226,9
2023,13112701,3003822337,1233,9
2023,10852104,3003822337,1231,4
2023,10852104,3003822337,1232,4
2023,10852104,3003822337,1232,6
2023,10887844,3003822337,1229,7
2023,10887844,3003822337,1233,8
2023,10851064,3003822337,1226,6
2023,10851064,3003822337,1229,4
2023,10851064,3003822337,1233,7
2023,10851064,3003822337,1236,4
2023,10776722,3003822337,1232,7
2023,10776722,3003822337,1236,5
2023,10791133,3003822337,0156,8
2023,10277738,3003822449,0179,0
2023,10277738,3003822449,0179,0
2023,10277738,3003822449,0931,0
2023,10277738,3003822449,1014,0
2023,10736212,3003822449,0179,0
2023,10736212,3003822449,1010,0
2023,10318774,3003822449,0623,0
2023,10318774,3003822449,0931,8
2023,10466022,3003822449,0931,7
2023,12300236,3003822449,CV0003,6
2023,12300236,3003822449,0930,5
2023,12300236,3003822449,1014,2
2023,12300236,3003822449,1014,5
2023,10689153,3003822449,CV0003,8
2023,10689153,3003822449,1010,7
2023,12719809,3003822449,CV0003,10
2023,12719809,3003822449,0930,9
2023,10737190,3003822449,CV0003,9
2023,10737190,3003822449,0930,6
2023,10278035,3003822449,1010,7
2023,12424432,3003822449,0623,0
2023,10411578,3003822449,CV0003,0
2023,10411578,3003822449,0623,0
2023,10411578,3003822449,0930,6
2023,11502177,3003822449,0623,7
2023,11502177,3003822449,0930,7
2023,11502177,3003822449,0931,9
2023,11502177,3003822449,1010,8
2023,10398706,3003822449,0179,0
2023,10398706,3003822449,0179,0
2023,10398706,3003822449,0931,5
2023,10320697,3003822449,0179,0
2023,10320697,3003822449,0623,4
2023,10320697,3003822449,0623,6
2023,10320697,3003822449,1010,5
2023,10320697,3003822449,1014,0
2023,13261750,3003822449,0179,0
2023,13261750,3003822449,1010,3
2023,13261750,3003822449,1014,0
2023,10604170,3003822449,CV0003,0
2023,10604170,3003822449,1014,0
2023,10242636,3003822449,1014,0
2023,10718081,3003822449,CV0003,8
2023,10718081,3003822449,0930,8
2023,10718081,3003822449,0931,7
2023,10375621,3003822449,0931,9
2023,13242371,3003822449,CV0003,0
2023,13242371,3003822449,0930,0
2023,13243061,3003822449,0179,10
2023,13243061,3003822449,0930,8
2023,13243061,3003822449,1010,6
2023,13243061,3003822449,1010,7
2023,13261894,3003822449,CV0003,0
2023,13261894,3003822449,CV0003,0
2023,13261894,3003822449,0623,0
2023,13261894,3003822449,0931,0
2023,13261894,3003822449,1010,0
2023,13261894,3003822449,1014,0
2023,10826692,3003822449,CV0003,9
2023,10826692,3003822449,0179,9
2023,10826692,3003822449,0930,7
2023,10826692,3003822449,1014,8
2023,10826692,3003822449,1014,8
2023,10795882,3003822449,1010,8
2023,10833265,3003822449,CV0003,8
2023,10833265,3003822449,0179,8
2023,12735439,3003822449,0930,7
2023,12735439,3003822449,1010,7
2023,10318925,3003822449,0179,4
2023,10318925,3003822449,0179,0
2023,10318925,3003822449,1010,6
2023,10584902,3003822449,CV0003,7
2023,10584902,3003822449,0179,4
2023,10768351,3003822449,0930,8
2023,10768351,3003822449,0931,8
2023,13249466,3003822449,0179,10
2023,11330270,3003822449,CV0003,0
2023,11330270,3003822449,0623,0
2023,11330270,3003822449,1010,0
2023,10426520,3003822449,0623,7
2023,10426520,3003822449,0930,6
2023,10426520,3003822449,1010,8
2023,10434495,3003822449,0930,6
2023,10434495,3003822449,1010,5
2023,10434495,3003822449,1010,0
2023,10354121,3003822449,0179,4
2023,10354121,3003822449,0930,4
2023,10809481,3003822449,0931,8
2023,10852071,3003822449,0179,9
2023,10852071,3003822449,0931,7
2023,10852071,3003822449,0931,7
2023,10506770,3003822449,0931,3
2023,10404684,3003822449,0623,0
2023,10404684,3003822449,0623,0
2023,10404684,3003822449,1010,2
2023,10404684,3003822449,1010,4
2023,10404684,3003822449,1014,1
2023,10404684,3003822449,1014,3
2023,10270640,3003822449,0179,6
2023,10270640,3003822449,0931,7
2023,10270640,3003822449,0931,6
2023,12857786,3003822449,0623,6
2023,12857786,3003822449,0930,6
2023,12857786,3003822449,1014,4
2023,12857786,3003822449,1014,5
2023,10723795,3003822449,0930,7
2023,10723795,3003822449,1014,8
2023,10816484,3003822449,0623,4
2023,10816484,3003822449,1010,5
2023,10816484,3003822449,1010,6
2023,10707845,3003822449,1010,8
2023,10279046,3003822449,1010,8
2023,10691616,3003822449,0179,8
2023,10691616,3003822449,0623,4
2023,10691616,3003822449,0930,6
2023,10691616,3003822449,1010,6
2023,10691616,3003822449,1014,5
2023,10691616,3003822449,1014,5
2023,13242370,3003822449,0931,9
2023,10375121,3003822449,0179,9
2023,10375121,3003822449,1010,7
2023,13242369,3003822449,0179,4
2023,13242369,3003822449,0930,4
2023,13242369,3003822449,0930,5
2023,13242369,3003822449,0930,6
2023,13242369,3003822449,0931,4
2023,13242369,3003822449,1014,4
2023,13242369,3003822449,1014,2
2023,10664778,3003822449,0931,7
2023,10820754,3003822449,0623,8
2023,10820754,3003822449,0931,9
2023,13282254,3003822449,0930,7
2023,12480365,3003822449,0931,0
2023,11244122,3003822449,0930,0
2023,11244122,3003822449,0931,0
2023,11244122,3003822449,0931,0
2023,10431067,3003822449,0931,0
2023,10431067,3003822449,1010,0
2023,10690358,3003822449,0623,7
2023,10690358,3003822449,0931,5
2023,10690358,3003822449,1010,7
2023,10698475,3003822449,CV0003,6
2023,10698475,3003822449,0930,7
2023,10698475,3003822449,0931,7
2023,10514789,3003822456,1009,3
2023,10514789,3003822456,1011,6
2023,13040521,3003822456,1008,0
2023,13040521,3003822456,1009,7
2023,13040521,3003822456,1110,10
2023,10700384,3003822456,1008,8
2023,10700384,3003822456,1011,7
2023,10244882,3003822456,CV0004,8
2023,10244882,3003822456,1007,7
2023,10244882,3003822456,1009,6
2023,10594447,3003822456,1109,7
2023,10244882,3003822456,1013,0
2023,13040510,3003822456,CV0004,9
2023,10688987,3003822456,CV0004,9
2023,10688987,3003822456,1109,8
2023,10382660,3003822456,CV0004,8
2023,10382660,3003822456,1009,7
2023,10382660,3003822456,1011,7
2023,10382660,3003822456,1110,9
2023,10211605,3003822456,1009,8
2023,10211605,3003822456,1011,7
2023,10211605,3003822456,1109,6
2023,13040787,3003822456,1007,9
2023,13040787,3003822456,1012,8
2023,13040787,3003822456,1013,0
2023,13240343,3003822456,1009,8
2023,13240343,3003822456,1012,5
2023,11074562,3003822456,1110,8
2023,10281379,3003822456,CV0004,7
2023,10281379,3003822456,1007,8
2023,10281379,3003822456,1008,7
2023,10427710,3003822456,1008,8
2023,10427710,3003822456,1109,9
2023,10017272,3003822456,1007,9
2023,10017272,3003822456,1011,8
2023,10017272,3003822456,1109,9
2023,10017272,3003822456,1013,0
2023,10339026,3003822456,1109,9
2023,10339026,3003822456,1109,9
2023,10630518,3003822456,1007,9
2023,10630518,3003822456,1011,9
2023,10630518,3003822456,1013,0
2023,10636290,3003822456,1011,5
2023,10420734,3003822456,1109,9
2023,10256577,3003822456,1009,8
2023,10256577,3003822456,1109,8
2023,10279200,3003822456,1109,9
2023,10338918,3003822456,1007,9
2023,10344807,3003822456,CV0004,10
2023,10344807,3003822456,1007,8
2023,10344807,3003822456,1110,10
2023,10377143,3003822456,1011,8
2023,10377143,3003822456,1109,9
2023,10377143,3003822456,1012,10
2023,10375529,3003822456,1013,0
2023,10414797,3003822456,1007,7
2023,10414797,3003822456,1008,8
2023,10414797,3003822456,1009,7
2023,10414797,3003822456,1011,7
2023,10414557,3003822456,CV0004,4
2023,10414557,3003822456,1007,6
2023,10414557,3003822456,1109,7
2023,10414557,3003822456,1110,7
2023,10679644,3003822456,1011,7
2023,10679644,3003822456,1011,8
2023,10700954,3003822456,1007,8
2023,10700954,3003822456,1008,8
2023,10700954,3003822456,1011,7
2023,10700954,3003822456,1013,0
2023,10734337,3003822456,1008,5
2023,10734337,3003822456,1009,8
2023,10734337,3003822456,1109,8
2023,10734337,3003822456,1110,9
2023,10734337,3003822456,1013,0
2023,10835663,3003822456,1013,0
2023,10839854,3003822456,1007,4
2023,10839854,3003822456,1011,6
2023,10850813,3003822456,1007,7
2023,10850813,3003822456,1012,7
2023,11329660,3003822456,1110,9
2023,11512394,3003822456,CV0004,4
2023,11512394,3003822456,1007,8
2023,11645686,3003822456,1009,9
2023,11645686,3003822456,1109,10
2023,10320146,3003822456,1008,6
2023,10320146,3003822456,1109,7
2023,10320146,3003822456,1013,0
2023,10255058,3003822456,1008,0
2023,10354186,3003822456,1009,9
2023,10354186,3003822456,1009,9
2023,10354186,3003822456,1011,9
2023,10354186,3003822456,1110,10
2023,10786442,3003822456,CV0004,9
2023,10786442,3003822456,1009,8
2023,10322908,3003822456,1013,0
2023,10349083,3003822456,CV0004,7
2023,10349083,3003822456,1007,6
2023,10349083,3003822456,1009,6
2023,10349083,3003822456,1009,6
2023,10349083,3003822456,1011,6
2023,10349083,3003822456,1110,8
2023,10837518,3003822456,1110,9
2023,10282698,3003822456,CV0004,9
2023,10282698,3003822456,1008,5
2023,10313709,3003822456,1008,0
2023,10313709,3003822456,1011,0
2023,10689289,3003822456,CV0004,9
2023,10248012,3003822456,1110,8
2023,13040829,3003822456,CV0004,9
2023,13040829,3003822456,1007,6
2023,13040829,3003822456,1110,9
2023,10688794,3003822456,1011,10
2023,10688794,3003822456,1110,9
2023,11398648,3003822456,1008,8
2023,11398648,3003822456,1110,10
2023,10433643,3003822456,1110,0
2023,10339317,3003822456,1008,4
2023,10339317,3003822456,1013,0
2023,11488090,3003822456,CV0004,0
2023,10410306,3003822456,CV0004,0
2023,10410306,3003822456,1109,7
2023,12636671,3003822456,CV0004,9
2023,12636671,3003822456,1008,4
2023,12636671,3003822456,1008,0
2023,12636671,3003822456,1109,6
2023,12636671,3003822456,1110,9
2023,11494374,3003822456,CV0004,9
2023,11494374,3003822456,1008,7
2023,11494374,3003822456,1008,7
2023,11494374,3003822456,1009,6
2023,11494374,3003822456,1011,8
2023,10303629,3003822456,1009,6
2023,10713535,3003822414,0623,9
2023,10700138,3003822414,0622,9
2023,10700138,3003822414,0627,8
2023,10323951,3003822414,0622,9
2023,10819112,3003822414,0829,0
2023,10819112,3003822414,0625,0
2023,10819112,3003822414,CV0009,0
2023,11074029,3003822414,0625,9
2023,11074029,3003822414,0623,9
2023,11074029,3003822414,CV0008,9
2023,10729579,3003822414,CV0003,9
2023,10729579,3003822414,CV0003,10
2023,10729579,3003822414,0829,8
2023,10729579,3003822414,0623,9
2023,10729579,3003822414,CV0009,7
2023,10748318,3003822414,0622,8
2023,10748318,3003822414,0622,9
2023,10748318,3003822414,0627,3
2023,10839333,3003822414,0829,7
2023,10839333,3003822414,0829,7
2023,10839333,3003822414,0627,7
2023,10839333,3003822414,CV0009,6
2023,10804683,3003822414,CV0003,4
2023,10804683,3003822414,0179,7
2023,10804683,3003822414,0829,8
2023,10804683,3003822414,0625,8
2023,10770133,3003822414,CV0003,8
2023,10770133,3003822414,0622,9
2023,10770133,3003822414,0625,9
2023,10770133,3003822414,0623,8
2023,10770133,3003822414,0623,8
2023,10770133,3003822414,CV0009,6
2023,11059622,3003822414,0625,0
2023,10397145,3003822414,0622,10
2023,10397145,3003822414,0623,9
2023,10752122,3003822414,0622,9
2023,10752122,3003822414,0625,9
2023,10706042,3003822414,CV0003,7
2023,10706042,3003822414,0179,7
2023,10706042,3003822414,0627,4
2023,10808796,3003822414,0622,9
2023,13288446,3003822414,0179,8
2023,13288446,3003822414,0627,9
2023,13288446,3003822414,0627,9
2023,13288467,3003822414,CV0003,3
2023,13288467,3003822414,0179,3
2023,13288467,3003822414,0829,5
2023,10819055,3003822414,CV0003,9
2023,10819055,3003822414,0179,8
2023,10819055,3003822414,0179,9
2023,10819055,3003822414,0179,9
2023,10819055,3003822414,0622,8
2023,10819055,3003822414,0627,4
2023,10308372,3003822414,CV0008,3
2023,13291004,3003822414,0625,0
2023,13291004,3003822414,0623,0
2023,13291004,3003822414,CV0008,0
2023,13293379,3003822414,0829,8
2023,13293379,3003822414,0623,9
2023,13293379,3003822414,CV0009,7
2023,13297778,3003822414,0829,5
2023,13297778,3003822414,0625,4
2023,13297778,3003822414,0627,2
2023,10745922,3003822407,CV0004,8
2023,10745922,3003822407,CV0004,7
2023,10745922,3003822407,0825,7
2023,10745922,3003822407,0822,7
2023,10745922,3003822407,0830,0
2023,12066525,3003822407,CV0004,9
2023,10014058,3003822407,CV0004,7
2023,10014058,3003822407,CV0004,6
2023,10014058,3003822407,0823,4
2023,10652514,3003822407,0825,8
2023,10652514,3003822407,0823,7
2023,10652514,3003822407,0828,8
2023,12066525,3003822407,0828,10
2023,13009966,3003822407,0825,4
2023,13009966,3003822407,0827,8
2023,13009966,3003822407,0824,8
2023,10485798,3003822407,0823,8
2023,10485798,3003822407,0822,7
2023,10706084,3003822407,0825,4
2023,10017341,3003822407,0822,7
2023,10513334,3003822407,0823,6
2023,10513334,3003822407,0827,7
2023,10513334,3003822407,0824,7
2023,10513334,3003822407,0824,7
2023,10513334,3003822407,0826,7
2023,13054156,3003822407,0822,8
2023,13054156,3003822407,0824,9
2023,10657675,3003822407,0827,6
2023,10657675,3003822407,0824,7
2023,10870759,3003822407,CV0004,6
2023,10870759,3003822407,0825,4
2023,10870759,3003822407,0825,5
2023,10870759,3003822407,0826,5
2023,10515930,3003822407,CV0004,6
2023,10515930,3003822407,0827,7
2023,10499298,3003822872,243267,5
2023,10499298,3003822872,243266,4
2023,10499298,3003822872,243266,7
2023,10266898,3003822872,243267,3
2023,10510771,3003822872,243265,9
2023,10510771,3003822872,243264,7
2023,10510771,3003822872,243264,8
2023,10610021,3003822872,243265,8
2023,10689283,3003822872,243265,8
2023,10697823,3003822872,243266,6
2023,10862844,3003822872,243266,8
2023,10706060,3003822872,243265,9
2023,10706060,3003822872,243266,8
2023,10706060,3003822872,243264,8
2023,13285058,3003822872,243265,0
2023,13285058,3003822872,243267,0
2023,10697613,3003822872,243265,9
2023,10697613,3003822872,243266,9
2023,10697613,3003822872,243264,7
2023,10352409,3003822872,243265,9
2023,10711820,3003822872,243265,4
2023,10711820,3003822872,243267,4
2023,10711820,3003822872,243266,8
2023,10711820,3003822872,243264,7
2023,10515204,3003822872,243267,4
2023,11251858,3003822872,243265,10
2023,11251858,3003822872,243266,10
2023,10689702,3003822872,243267,6
2023,10689702,3003822872,243266,7
2023,10772056,3003822872,243265,6
2023,10772056,3003822872,243266,4
2023,10714036,3003822872,243264,7
2023,10817599,3003822879,243270,9
2023,10272332,3003822879,243602,7
2023,10272332,3003822879,243270,8
2023,10297347,3003822879,243601,0
2023,10297347,3003822879,243271,10
2023,10315233,3003822879,243271,9
2023,10329155,3003822879,243601,0
2023,10329155,3003822879,243270,7
2023,10514849,3003822879,243604,6
2023,10364934,3003822879,243604,8
2023,10394874,3003822879,243270,9
2023,10402136,3003822879,243602,9
2023,10745527,3003822879,243604,7
2023,10745527,3003822879,243270,7
2023,10786598,3003822879,243604,8
2023,10786598,3003822879,243270,9
2023,12061489,3003822879,243270,8
2023,11324910,3003822879,243602,6
2023,11324910,3003822879,243604,5
2023,11501644,3003822879,243602,9
2023,11501644,3003822879,243271,8
2023,11770012,3003822879,243602,9
2023,13038288,3003822879,243270,9
2023,13038380,3003822879,243602,10
2023,10916753,3003827233,0439,6
2023,10916753,3003827233,0439,6
2023,10916753,3003827233,0439,6
2023,10840996,3003827233,0449,9
2023,10840996,3003827233,0441,6
2023,10840996,3003827233,0441,7
2023,10840996,3003827233,0438,8
2023,10840996,3003827233,0438,7
2023,10840996,3003827233,0156,9
2023,10840996,3003827233,0156,8
2023,12731696,3003827233,CV0001,7
2023,12731696,3003827233,0437,8
2023,12731696,3003827233,0439,8
2023,12731696,3003827233,0156,8
2023,13116617,3003827233,CV0001,6
2023,13116617,3003827233,0437,7
2023,13116617,3003827233,0437,8
2023,13116617,3003827233,0449,7
2023,13116617,3003827233,0439,8
2023,13116617,3003827233,0440,4
2023,10926432,3003827233,CV0001,8
2023,10926432,3003827233,0439,7
2023,10926432,3003827233,0439,7
2023,10926432,3003827233,0438,10
2023,10926432,3003827233,0440,9
2023,10926432,3003827233,0156,8
2023,10416752,3003827233,0438,7
2023,12839405,3003827233,CV0001,7
2023,12839405,3003827233,CV0001,4
2023,12839405,3003827233,0449,7
2023,12839405,3003827233,0439,8
2023,12839405,3003827233,0438,7
2023,12839405,3003827233,0440,0
2023,10308441,3003827233,0437,7
2023,10308441,3003827233,0441,0
2023,10308441,3003827233,0156,2
2023,10991644,3003827233,0437,7
2023,10991644,3003827233,0438,7
2023,10991644,3003827233,0440,10
2023,10888026,3003827233,CV0001,8
2023,10888026,3003827233,0437,8
2023,10888026,3003827233,0437,8
2023,11802825,3003827233,0440,9
2023,12788547,3003827233,0439,6
2023,12788547,3003827233,0156,6
2023,13101838,3003827233,0438,7
2023,13101838,3003827233,0440,7
2023,13101838,3003827233,0156,4
2023,10737176,3003827233,0438,10
2023,10737176,3003827233,0156,9
2023,12561461,3003827233,0449,5
2023,10887591,3003827233,CV0001,9
2023,10887591,3003827233,0439,8
2023,10887591,3003827233,0156,8
2023,10899530,3003827233,CV0001,9
2023,10899530,3003827233,0441,5
2023,10899530,3003827233,0439,6
2023,11248561,3003827233,0437,3
2023,11402624,3003827233,CV0001,5
2023,11402624,3003827233,0439,8
2023,11402624,3003827233,0440,10
2023,11402624,3003827233,0156,5
2023,11349452,3003827233,0439,9
2023,13263652,3003827233,CV0001,0
2023,13263652,3003827233,0449,0
2023,13263652,3003827233,0441,0
2023,13263652,3003827233,0438,0
2023,13263652,3003827233,0440,0
2023,13263652,3003827233,0156,0
2023,13263652,3003827233,0156,0
2023,10793477,3003827233,CV0001,7
2023,10793477,3003827233,0438,8
2023,10793477,3003827233,0156,8
2023,10793462,3003827233,CV0001,7
2023,10793462,3003827233,0440,7
2023,10925424,3003827233,0437,8
2023,10925424,3003827233,0441,8
2023,10925424,3003827233,0438,9
2023,10925424,3003827233,0440,8
2023,10925424,3003827233,0440,8
2023,12832437,3003827233,0440,7
2023,12832437,3003827233,0440,4
2023,10302214,3003827233,0441,0
2023,10302214,3003827233,0439,0
2023,10302214,3003827233,0438,0
2023,10302214,3003827233,0156,4
2023,10302214,3003827233,0156,0
2023,10805007,3003827233,0438,2
2023,10805007,3003827233,0440,3
2023,10805007,3003827233,0156,0
2023,13263684,3003827233,0437,8
2023,13263684,3003827233,0449,9
2023,13263684,3003827233,0439,10
2023,13263684,3003827233,0438,10
2023,10942424,3003827233,0437,0
2023,10942424,3003827233,0440,0
2023,10942424,3003827233,0440,0
2023,10942424,3003827233,0440,0
2023,11068958,3003827233,0441,0
2023,11068958,3003827233,0438,0
2023,11068958,3003827233,0438,0
2023,10688886,3003827233,CV0001,7
2023,10688886,3003827233,0439,5
2023,10688886,3003827233,0156,4
2023,10431853,3003827233,CV0001,7
2023,10431853,3003827233,0437,9
2023,10431853,3003827233,0439,9
2023,13249406,3003827233,0437,7
2023,13249406,3003827233,0438,4
2023,10325396,3003827233,0438,8
2023,10325396,3003827233,0440,10
2023,11780432,3003827233,0439,7
2023,11998646,3003827233,CV0001,0
2023,11998646,3003827233,0441,0
2023,11998646,3003827233,0439,0
2023,11998646,3003827233,0440,0
2023,11998646,3003827233,0156,0
2023,10924358,3003827233,CV0001,4
2023,10924358,3003827233,0437,7
2023,10924358,3003827233,0437,6
2023,10924358,3003827233,0438,7
2023,10924358,3003827233,0156,6
2023,12890835,3003827233,0449,6
2023,12890835,3003827233,0438,9
2023,12890835,3003827233,0440,4
2023,12853739,3003827233,CV0001,6
2023,12853739,3003827233,0437,8
2023,12853739,3003827233,0449,6
2023,12853739,3003827233,0441,6
2023,12853739,3003827233,0441,5
2023,12853739,3003827233,0439,9
2023,10453160,3003827233,0437,0
2023,10453160,3003827233,0449,0
2023,10453160,3003827233,0441,0
2023,12116573,3003827233,0439,8
2023,12736231,3003827233,0156,0
2023,10787713,3003827233,CV0001,10
2023,10787713,3003827233,0438,7
2023,10857947,3003827233,CV0001,9
2023,10857947,3003827233,0449,6
2023,10857947,3003827233,0439,7
2023,11738860,3003827233,0438,6
2023,11738860,3003827233,0438,4
2023,11738860,3003827233,0440,10
2023,11738860,3003827233,0156,5
2023,11738860,3003827233,0156,5
2023,10707891,3003827233,0437,6
2023,10707891,3003827233,0441,4
2023,10707891,3003827233,0438,6
2023,10707891,3003827233,0440,6
2023,11240615,3003827233,0437,7
2023,11240615,3003827233,0449,5
2023,11240615,3003827233,0438,0
2023,11240615,3003827233,0156,6
2023,10657315,3003827233,0441,10
2023,10657315,3003827233,0438,10
2023,10940185,3003827233,0437,8
2023,10798521,3003827233,CV0001,7
2023,10798521,3003827233,0449,8
2023,10798521,3003827233,0449,7
2023,10798521,3003827233,0441,9
2023,10798521,3003827233,0439,6
2023,10798521,3003827233,0438,7
2023,10798521,3003827233,0440,5
2023,11504482,3003827233,0437,0
2023,11504482,3003827233,0449,0
2023,11504482,3003827233,0441,0
2023,11504482,3003827233,0440,0
2023,10728710,3003827233,0449,5
2023,10728710,3003827233,0449,0
2023,10728710,3003827233,0441,0
2023,10728710,3003827233,0441,0
2023,10728710,3003827233,0439,5
2023,10728710,3003827233,0440,4
2023,10728710,3003827233,0156,4
2023,10268408,3003827233,0438,0
2023,10268408,3003827233,0156,0
2023,10679709,3003827233,0441,6
2023,10679709,3003827233,0441,0
2023,10679709,3003827233,0438,5
2023,10679709,3003827233,0438,7
2023,10679709,3003827233,0156,8
2023,12571872,3003827233,CV0001,0
2023,12571872,3003827233,0156,0
2023,12380827,3003827233,CV0001,5
2023,12380827,3003827233,0437,7
2023,10932086,3003827233,0437,2
2023,10932086,3003827233,0437,3
2023,10932086,3003827233,0156,4
2023,10932086,3003827233,0156,0
2023,11480547,3003827233,0439,0
2023,13035060,3003827240,CV0002,8
2023,13035060,3003827240,0446,6
2023,13035060,3003827240,0443,6
2023,13035060,3003827240,0448,6
2023,11569585,3003827240,0446,0
2023,11569585,3003827240,0442,0
2023,11569585,3003827240,0448,0
2023,12623647,3003827240,0446,7
2023,12623647,3003827240,0443,6
2023,12623647,3003827240,0442,4
2023,12623647,3003827240,0448,8
2023,10314841,3003827240,CV0002,0
2023,10314841,3003827240,0442,0
2023,13040607,3003827240,0451,0
2023,11739905,3003827240,0446,7
2023,11010026,3003827240,0446,4
2023,11010026,3003827240,0442,7
2023,11235555,3003827240,0443,1
2023,10333064,3003827240,0443,6
2023,10333064,3003827240,0451,0
2023,10496592,3003827240,0448,7
2023,10832154,3003827240,0446,4
2023,10832154,3003827240,0451,0
2023,10906957,3003827240,0443,3
2023,10906957,3003827240,0448,7
2023,11576165,3003827240,0443,6
2023,13035100,3003827240,0446,8
2023,13035100,3003827240,0442,5
2023,11569044,3003827240,0443,4
2023,11569044,3003827240,0448,6
2023,13041457,3003827240,0443,3
2023,13041457,3003827240,0443,0
2023,13041457,3003827240,0442,0
2023,11567443,3003827240,0446,6
2023,11567443,3003827240,0442,7
2023,11567443,3003827240,0448,6
2023,11616775,3003827240,0443,0
2023,11616775,3003827240,0448,0
2023,10697215,3003827240,CV0002,0
2023,12096343,3003827240,0446,0
2023,12096343,3003827240,0442,6
2023,10451024,3003827240,CV0002,9
2023,10603770,3003827240,0448,0
2023,10174516,3003827240,0443,2
2023,11350133,3003827240,0443,0
2023,11236365,3003827240,CV0002,0
2023,11236365,3003827240,0448,0
2023,11241112,3003827240,0446,8
2023,10129831,3003827240,0442,6
2023,12414112,3003827240,CV0002,5
2023,12730573,3003827240,0442,9
2023,10248785,3003827240,CV0002,5
2023,10248785,3003827240,0446,7
2023,10248785,3003827240,0442,5
2023,10248785,3003827240,0448,5
2023,10357636,3003827240,0442,4
2023,10323662,3003827240,CV0002,5
2023,10323662,3003827240,0446,5
2023,10411560,3003827240,0443,7
2023,13035058,3003827240,CV0002,5
2023,11325287,3003827240,0443,7
2023,10017455,3003827240,0443,9
2023,10742998,3003827240,0443,10
2023,10742998,3003827240,0442,10
2023,10742998,3003827240,0451,0
2023,10645465,3003827240,0446,7
2023,10645465,3003827240,0448,9
2023,10679723,3003827240,0446,7
2023,10679723,3003827240,0442,6
2023,10698482,3003827240,0442,6
2023,10852107,3003827240,0448,9
2023,11664368,3003827240,0448,7
2023,12287443,3003827240,0446,4
2023,12320496,3003827240,CV0002,6
2023,13035179,3003827240,CV0002,10
2023,13035179,3003827240,CV0002,9
2023,13035179,3003827240,0442,8
2023,13035179,3003827240,0451,0
2023,13035179,3003827240,0448,8
2023,13263612,3003827240,0446,4
2023,13263634,3003827240,0446,9
2023,11177748,3003827240,CV0002,8
2023,11177748,3003827240,0446,9
2023,11177748,3003827240,0443,9
2023,10707732,3003827324,0651,7
2023,10707732,3003827324,0648,2
2023,10707732,3003827324,0648,4
2023,10243350,3003827324,0651,0
2023,10243350,3003827324,0648,0
2023,10243350,3003827324,0648,0
2023,10243350,3003827324,0649,0
2023,10679661,3003827324,0651,8
2023,10679661,3003827324,0650,7
2023,10679661,3003827324,0648,6
2023,10679661,3003827324,0649,7
2023,10679661,3003827324,0647,6
2023,10354855,3003827324,CV0003,8
2023,10354855,3003827324,0650,0
2023,10354855,3003827324,0647,8
2023,10321979,3003827324,0648,0
2023,10437711,3003827324,0651,9
2023,10437711,3003827324,0648,5
2023,10437711,3003827324,0648,7
2023,10437711,3003827324,0647,8
2023,13245586,3003827324,0651,9
2023,13245586,3003827324,0658,10
2023,13245586,3003827324,0650,9
2023,13245586,3003827324,0649,7
2023,13245586,3003827324,0647,9
2023,10509826,3003827324,0179,9
2023,10509826,3003827324,0651,6
2023,10509826,3003827324,0648,8
2023,10509826,3003827324,0648,7
2023,10509826,3003827324,0647,8
2023,11875204,3003827324,CV0003,0
2023,13248595,3003827324,CV0003,7
2023,13248595,3003827324,0649,6
2023,10279159,3003827324,CV0003,7
2023,10279159,3003827324,0651,8
2023,10279159,3003827324,0658,8
2023,10279159,3003827324,0650,3
2023,10279159,3003827324,0648,4
2023,10419461,3003827324,CV0003,0
2023,10419461,3003827324,0179,0
2023,10419461,3003827324,0179,0
2023,10419461,3003827324,0651,0
2023,10419461,3003827324,0658,0
2023,10419461,3003827324,0649,0
2023,13248215,3003827324,CV0003,5
2023,13248215,3003827324,0179,4
2023,13248215,3003827324,0658,2
2023,11262097,3003827324,0179,10
2023,11262097,3003827324,0647,8
2023,11825237,3003827324,CV0003,6
2023,11825237,3003827324,0649,5
2023,10862522,3003827324,0651,7
2023,10662076,3003827324,0651,0
2023,10662076,3003827324,0658,0
2023,10662076,3003827324,0650,0
2023,10662076,3003827324,0648,0
2023,10662076,3003827324,0648,0
2023,10980328,3003827324,0647,7
2023,10283680,3003827324,0658,6
2023,10283680,3003827324,0649,0
2023,10283680,3003827324,0647,0
2023,11671593,3003827324,0651,0
2023,11671593,3003827324,0649,2
2023,11671593,3003827324,0647,0
2023,10470524,3003827324,0651,0
2023,10470524,3003827324,0648,0
2023,12568905,3003827324,0650,3
2023,12568905,3003827324,0650,0
2023,12568905,3003827324,0650,0
2023,12568905,3003827324,0648,0
2023,12568905,3003827324,0649,6
2023,10792061,3003827324,0648,6
2023,10792061,3003827324,0649,6
2023,11572297,3003827324,0658,10
2023,10735143,3003827324,CV0003,0
2023,10735143,3003827324,0179,4
2023,10735143,3003827324,0648,5
2023,10256545,3003827324,0179,0
2023,10256545,3003827324,0649,0
2023,10256545,3003827324,0647,0
2023,10256545,3003827324,0647,0
2023,10835661,3003827324,CV0003,10
2023,10835661,3003827324,0179,9
2023,10835661,3003827324,0649,6
2023,10835661,3003827324,0649,7
2023,11335638,3003827324,0179,5
2023,11335638,3003827324,0648,6
2023,11335638,3003827324,0648,5
2023,11335638,3003827324,0649,4
2023,10500611,3003827324,0649,9
2023,10500611,3003827324,0649,8
2023,10500611,3003827324,0647,7
2023,10819298,3003827324,CV0003,9
2023,10819298,3003827324,CV0003,9
2023,10819298,3003827324,0651,9
2023,10819298,3003827324,0658,8
2023,10819298,3003827324,0658,8
2023,10819298,3003827324,0650,8
2023,10819298,3003827324,0648,7
2023,10819298,3003827324,0649,7
2023,12840433,3003827324,0651,8
2023,12840433,3003827324,0658,6
2023,12840433,3003827324,0647,7
2023,12567860,3003827324,CV0003,8
2023,12567860,3003827324,0179,8
2023,12567860,3003827324,0179,8
2023,12567860,3003827324,0658,8
2023,10615696,3003827324,CV0003,0
2023,10615696,3003827324,0179,0
2023,10615696,3003827324,0651,0
2023,13282224,3003827324,CV0003,7
2023,13282224,3003827324,0658,8
2023,13282224,3003827324,0649,7
2023,13282224,3003827324,0647,9
2023,12839144,3003827324,CV0003,8
2023,12839144,3003827324,0179,7
2023,12839144,3003827324,0650,4
2023,12839144,3003827324,0650,2
2023,12839144,3003827324,0648,6
2023,12839144,3003827324,0649,5
2023,11170823,3003827324,CV0003,6
2023,11170823,3003827324,0179,7
2023,11170823,3003827324,0651,8
2023,11837806,3003827324,CV0003,10
2023,10403903,3003827324,CV0003,0
2023,10403903,3003827324,0650,0
2023,10403903,3003827324,0648,0
2023,10403903,3003827324,0647,0
2023,11144559,3003827324,0647,8
2023,10679690,3003827324,CV0003,9
2023,10679690,3003827324,CV0003,10
2023,10679690,3003827324,0650,6
2023,10679690,3003827324,0650,7
2023,10679690,3003827324,0649,7
2023,11057251,3003827324,0651,9
2023,11057251,3003827324,0650,0
2023,11057251,3003827324,0649,7
2023,11057251,3003827324,0647,7
2023,10689191,3003827324,0179,7
2023,10689191,3003827324,0647,8
2023,13242358,3003827324,0651,4
2023,13242358,3003827324,0649,4
2023,12584277,3003827324,0650,0
2023,12584277,3003827324,0647,0
2023,13242362,3003827324,0658,4
2023,13246215,3003827324,0650,7
2023,13298754,3003827324,0651,4
2023,13298754,3003827324,0649,0
2023,13320897,3003827324,0179,3
2023,13320897,3003827324,0648,5
2023,10601480,3003827324,0179,0
2023,10601480,3003827324,0649,4
2023,10601480,3003827324,0647,4
2023,12735122,3003827317,0656,6
2023,12735122,3003827317,0656,6
2023,10406699,3003827317,CV0004,3
2023,10406699,3003827317,CV0004,0
2023,10406699,3003827317,0656,0
2023,12731503,3003827317,0654,0
2023,10779826,3003827317,CV0004,6
2023,11741280,3003827317,0654,9
2023,10412777,3003827317,0656,7
2023,11407602,3003827317,0654,2
2023,10433556,3003827317,0652,8
2023,10433556,3003827317,0652,0
2023,10433556,3003827317,0654,0
2023,10433556,3003827317,0654,0
2023,13038772,3003827317,0656,9
2023,13038772,3003827317,0654,6
2023,13038681,3003827317,0652,8
2023,11877392,3003827317,0654,0
2023,11312274,3003827317,0656,5
2023,12734235,3003827317,0657,5
2023,10797565,3003827317,0657,7
2023,10421574,3003827317,0655,6
2023,10421574,3003827317,0652,8
2023,10300393,3003827317,0654,6
2023,10413017,3003827317,0655,9
2023,10413017,3003827317,0656,9
2023,10413017,3003827317,0654,9
2023,10391035,3003827317,0652,7
2023,10391035,3003827317,0654,5
2023,10083896,3003827317,0652,0
2023,10416763,3003827317,0652,6
2023,10416763,3003827317,0652,6
2023,10416763,3003827317,0656,0
2023,10416763,3003827317,0656,0
2023,10416763,3003827317,0654,0
2023,13038756,3003827317,0652,6
2023,12400744,3003827317,CV0004,6
2023,12400744,3003827317,0655,6
2023,12400744,3003827317,0657,8
2023,12400744,3003827317,0654,8
2023,11489632,3003827317,0654,9
2023,11158351,3003827317,0655,7
2023,10268999,3003827317,0653,9
2023,11419138,3003827317,0657,7
2023,10360919,3003827317,0657,5
2023,12095826,3003827317,0655,4
2023,10308888,3003827317,CV0004,4
2023,10308888,3003827317,0652,7
2023,10743797,3003827317,0655,5
2023,11084757,3003827317,0657,4
2023,11084757,3003827317,0656,8
2023,10366490,3003827317,0654,8
2023,10702296,3003827317,0653,7
2023,10702296,3003827317,0656,8
2023,10702296,3003827317,0660,0
2023,10706049,3003827317,CV0004,8
2023,10706049,3003827317,0655,9
2023,10706049,3003827317,0652,10
2023,12739273,3003827317,0653,4
2023,10707834,3003827317,CV0004,8
2023,10707834,3003827317,0655,8
2023,10707834,3003827317,0652,7
2023,10707834,3003827317,0653,7
2023,10707834,3003827317,0656,7
2023,11248528,3003827317,CV0004,8
2023,11248528,3003827317,0655,9
2023,11672699,3003827317,0652,8
2023,12746359,3003827317,0654,10
2023,10018398,3003827317,0652,8
2023,10018398,3003827317,0653,8
2023,10246117,3003827317,0656,8
2023,10688217,3003827317,0653,8
2023,10688217,3003827317,0654,8
2023,10698000,3003827317,0656,9
2023,10705909,3003827317,0655,9
2023,10705909,3003827317,0653,9
2023,10705909,3003827317,0654,8
2023,10705909,3003827317,0654,9
2023,10967233,3003827317,0656,7
2023,10963934,3003827317,0655,7
2023,10963934,3003827317,0652,7
2023,10963934,3003827317,0654,3
2023,10963934,3003827317,0654,6
2023,10622299,3003827317,0656,8
2023,11158088,3003827317,0653,0
2023,11158088,3003827317,0653,0
2023,10596940,3003827317,0652,8
2023,10596940,3003827317,0656,9
2023,12020369,3003827317,0655,5
2023,12020369,3003827317,0656,6
2023,12020369,3003827317,0656,6
2023,11894954,3003827317,0654,5
2023,11320679,3003829510,028504,7
2023,11320679,3003829510,028505,9
2023,11320679,3003829510,028503,7
2023,11320679,3003829510,028501,9
2023,10894547,3003829510,028503,10
2023,11487403,3003829510,028502,0
2023,11487403,3003829510,028503,7
2023,11487403,3003829510,028100,9
2023,11735453,3003829510,028504,5
2023,11735453,3003829510,028504,5
2023,11735453,3003829510,028505,7
2023,11735453,3003829510,028001,5
2023,11735453,3003829510,028503,7
2023,11735453,3003829510,028501,1
2023,11735453,3003829510,028501,4
2023,10707780,3003829510,028505,7
2023,10707780,3003829510,028503,8
2023,10281596,3003829510,028502,10
2023,10593808,3003829510,028502,9
2023,11234733,3003829510,028502,7
2023,11234733,3003829510,028505,0
2023,11234733,3003829510,028505,3
2023,11234733,3003829510,028503,4
2023,11507257,3003829510,028505,6
2023,11507257,3003829510,028501,6
2023,10891407,3003829510,028001,8
2023,10891407,3003829510,028501,8
2023,10891407,3003829510,028501,8
2023,11048215,3003829510,028501,6
2023,10927479,3003829510,028504,8
2023,10927479,3003829510,028503,7
2023,10927479,3003829510,028501,10
2023,10333869,3003829510,028502,9
2023,10333869,3003829510,028504,10
2023,10333869,3003829510,028100,10
2023,10786265,3003829510,028504,9
2023,10786265,3003829510,028505,8
2023,10786265,3003829510,028001,8
2023,12459446,3003829510,028504,0
2023,12459446,3003829510,028001,8
2023,12459446,3003829510,028503,7
2023,12868237,3003829510,028504,7
2023,12868237,3003829510,028505,4
2023,10420607,3003829510,028504,4
2023,10420607,3003829510,028504,2
2023,10420607,3003829510,028505,4
2023,12938752,3003829510,028001,9
2023,12938752,3003829510,028503,9
2023,12938752,3003829510,028503,10
2023,10884628,3003829510,028501,7
2023,10597404,3003829510,028503,6
2023,13281547,3003829510,028502,4
2023,13281547,3003829510,028505,4
2023,13239736,3003829510,028001,5
2023,13239736,3003829510,028501,5
2023,10678956,3003829510,028505,7
2023,13263382,3003829510,028502,0
2023,13263382,3003829510,028501,0
2023,10802283,3003829510,028502,8
2023,10802283,3003829510,028502,8
2023,10802283,3003829510,028001,6
2023,10802283,3003829510,028503,9
2023,10802283,3003829510,028501,7
2023,12426107,3003829510,028504,8
2023,11495623,3003829510,028505,8
2023,13274066,3003829510,028502,0
2023,13274066,3003829510,028503,0
2023,10511909,3003829510,028504,0
2023,10511909,3003829510,028001,0
2023,13240658,3003829510,028504,9
2023,13240658,3003829510,028505,9
2023,13105352,3003829510,028503,4
2023,10436905,3003829510,028501,7
2023,10436905,3003829510,028501,8
2023,13033829,3003829510,028504,8
2023,13033829,3003829510,028001,7
2023,13095162,3003829510,028503,10
2023,10907341,3003829510,028504,10
2023,10907341,3003829510,028501,9
2023,10907341,3003829510,028501,9
2023,11619741,3003829510,028502,9
2023,11619741,3003829510,028504,7
2023,10244186,3003829510,028502,7
2023,10244186,3003829510,028503,4
2023,10525708,3003829510,028502,9
2023,10525708,3003829510,028504,6
2023,10525708,3003829510,028100,9
2023,10784833,3003829510,028100,9
2023,10762349,3003829510,028001,6
2023,11573208,3003829510,028502,0
2023,11573208,3003829510,028503,0
2023,11573208,3003829510,028100,0
2023,11573208,3003829510,028100,0
2023,10788057,3003829510,028001,5
2023,10244802,3003829510,028504,7
2023,10244802,3003829510,028505,6
2023,10244802,3003829510,028100,9
2023,10866566,3003829510,028505,0
2023,10866566,3003829510,028503,0
2023,10866566,3003829510,028501,5
2023,10866566,3003829510,028100,2
2023,10899221,3003829510,028001,8
2023,10899221,3003829510,028100,7
2023,10323990,3003829510,028504,10
2023,10323990,3003829510,028001,10
2023,10323990,3003829510,028100,10
2023,13245317,3003829510,028502,10
2023,13245317,3003829510,028502,10
2023,11903090,3003829510,028502,10
2023,11407450,3003829510,028502,8
2023,11407450,3003829510,028501,6
2023,12695436,3003829510,028001,8
2023,12695436,3003829510,028001,9
2023,12695436,3003829510,028501,9
2023,10027392,3003829510,028503,0
2023,10027392,3003829510,028501,0
2023,10027392,3003829510,028100,0
2023,10805472,3003829510,028505,4
2023,10805472,3003829510,028001,0
2023,12623151,3003829510,028502,7
2023,10630162,3003829510,028502,0
2023,10630162,3003829510,028502,0
2023,10630162,3003829510,028503,0
2023,12738447,3003829510,028505,2
2023,12738447,3003829510,028100,0
2023,11549816,3003829510,028501,8
2023,11549816,3003829510,028100,10
2023,12873247,3003829510,028502,7
2023,12873247,3003829510,028504,7
2023,12873247,3003829510,028501,8
2023,12873247,3003829510,028100,9
2023,10476696,3003829510,028505,8
2023,10476696,3003829510,028503,7
2023,10279654,3003829510,028505,4
2023,10279654,3003829510,028505,7
2023,10279654,3003829510,028501,6
2023,10380752,3003829510,028505,9
2023,10380752,3003829510,028503,8
2023,10823864,3003829510,028503,7
2023,10905442,3003829510,028504,7
2023,10905442,3003829510,028505,7
2023,10905442,3003829510,028505,8
2023,10905442,3003829510,028001,5
2023,13246090,3003829510,028502,9
2023,13246090,3003829510,028100,9
2023,12656419,3003829510,028502,9
2023,12656419,3003829510,028100,10
2023,13281688,3003829510,028504,8
2023,13281688,3003829510,028501,7
2023,11318786,3003829510,028501,5
2023,11318786,3003829510,028501,6
2023,11318786,3003829510,028100,0
2023,11261849,3003829510,028502,8
2023,11261849,3003829510,028504,8
2023,11261849,3003829510,028504,8
2023,12739113,3003829510,028502,5
2023,12739113,3003829510,028502,7
2023,12739113,3003829510,028001,6
2023,12739113,3003829510,028501,6
2023,12739113,3003829510,028100,8
2023,10615480,3003829510,028501,9
2023,13246042,3003829510,028505,9
2023,13246042,3003829510,028001,8
2023,13246042,3003829510,028100,10
2023,10804587,3003829510,028504,2
2023,10804587,3003829510,028505,4
2023,12837351,3003829510,028504,7
2023,12837351,3003829510,028001,8
2023,12837351,3003829510,028501,5
2023,12837351,3003829510,028100,7
2023,10898139,3003829510,028502,9
2023,10898139,3003829510,028505,9
2023,10898139,3003829510,028100,8
2023,12858788,3003829510,028504,8
2023,12419064,3003829510,028505,5
2023,12419064,3003829510,028001,7
2023,12419064,3003829510,028503,6
2023,12419064,3003829510,028100,9
2023,13281520,3003829510,028502,10
2023,13281520,3003829510,028504,9
2023,13281520,3003829510,028100,8
2023,13281520,3003829510,028100,10
2023,13255314,3003829510,028001,7
2023,13255314,3003829510,028501,6
2023,13255314,3003829510,028100,10
2023,13034042,3003829510,028502,10
2023,13034042,3003829510,028502,10
2023,13034042,3003829510,028505,8
2023,10819064,3003829510,028503,8
2023,13001804,3003829510,028504,10
2023,13001804,3003829510,028503,9
2023,10904286,3003829510,028504,10
2023,10904286,3003829510,028503,0
2023,10904286,3003829510,028501,10
2023,11237080,3003829510,028505,8
2023,11237080,3003829510,028503,9
2023,10358166,3003829510,028001,4
2023,10358166,3003829510,028501,3
2023,10358166,3003829510,028100,9
2023,10574437,3003829510,028502,6
2023,10787438,3003829510,028502,7
2023,10787438,3003829510,028505,4
2023,10787438,3003829510,028505,7
2023,10787438,3003829510,028503,8
2023,10020005,3003829510,028504,9
2023,10020005,3003829510,028100,10
2023,13034053,3003829517,028601,0
2023,11158059,3003829517,028601,0
2023,10282569,3003829517,028601,0
2023,10678320,3003829517,028601,0
2023,12620481,3003829517,028601,0
2023,10027372,3003829629,CV0003,9
2023,10027372,3003829629,1370,9
2023,10486854,3003829629,1370,4
2023,10486854,3003829629,1368,6
2023,10657224,3003829629,CV0003,9
2023,10657224,3003829629,1369,8
2023,11831183,3003829629,CV0003,8
2023,11831183,3003829629,1370,8
2023,11831183,3003829629,1367,8
2023,11831183,3003829629,1376,7
2023,10689174,3003829629,1369,8
2023,10735610,3003829629,1367,9
2023,10839832,3003829629,CV0003,6
2023,10698052,3003829629,1369,6
2023,10698929,3003829629,1370,0
2023,10698929,3003829629,1369,0
2023,10698929,3003829629,1369,0
2023,10814218,3003829629,1368,0
2023,10814218,3003829629,1369,0
2023,12558926,3003829629,CV0003,4
2023,12558926,3003829629,CV0003,0
2023,12558926,3003829629,1367,4
2023,10734168,3003829629,CV0003,7
2023,10734168,3003829629,1368,7
2023,10734168,3003829629,1369,4
2023,10817396,3003829629,CV0003,10
2023,10817396,3003829629,1376,8
2023,10834203,3003829629,CV0003,9
2023,10834203,3003829629,1370,7
2023,10834203,3003829629,1376,7
2023,10707900,3003829629,1370,8
2023,10707900,3003829629,1370,7
2023,10707900,3003829629,1376,7
2023,10742955,3003829629,1370,8
2023,10742955,3003829629,1376,9
2023,10698110,3003829629,1370,9
2023,10396024,3003829629,1368,9
2023,10396024,3003829629,1369,9
2023,10396024,3003829629,1369,9
2023,10635766,3003829629,1367,7
2023,10635766,3003829629,1368,4
2023,13242130,3003829629,1368,10
2023,10707767,3003829629,1368,4
2023,10781254,3003829629,CV0003,9
2023,10781254,3003829629,CV0003,9
2023,10781254,3003829629,1367,9
2023,13281768,3003829629,CV0003,6
2023,13281768,3003829629,1370,4
2023,13281768,3003829629,1368,4
2023,13281768,3003829629,1368,4
2023,13281768,3003829629,1376,5
2023,10620831,3003829629,CV0003,9
2023,10620831,3003829629,CV0003,10
2023,10620831,3003829629,1368,6
2023,10620831,3003829629,1368,8
2023,10017422,3003829629,CV0003,9
2023,10017422,3003829629,1367,8
2023,10017422,3003829629,1367,9
2023,10017422,3003829629,1369,8
2023,10678151,3003829629,1370,4
2023,10678151,3003829629,1367,3
2023,10701794,3003829629,CV0003,6
2023,10678799,3003829629,1369,4
2023,10678799,3003829629,1369,0
2023,10729710,3003829629,CV0003,4
2023,10729710,3003829629,1370,4
2023,10729710,3003829629,1367,4
2023,10687463,3003829629,1370,4
2023,13256847,3003829629,CV0003,10
2023,13256847,3003829629,1370,10
2023,13256847,3003829629,1367,9
2023,13256847,3003829629,1376,10
2023,10822528,3003829629,1368,9
2023,10822528,3003829629,1369,9
2023,10324078,3003829629,1369,10
2023,10679716,3003829629,1370,9
2023,10679716,3003829629,1370,9
2023,10679716,3003829629,1368,9
2023,10679716,3003829629,1376,9
2023,12478386,3003829629,CV0003,4
2023,12478386,3003829629,1370,4
2023,12478386,3003829629,1370,4
2023,12478386,3003829629,1367,4
2023,12478386,3003829629,1368,4
2023,12478386,3003829629,1369,4
2023,12478386,3003829629,1376,0
2023,10859549,3003829629,CV0003,8
2023,10859549,3003829629,CV0003,9
2023,10859549,3003829629,CV0003,10
2023,10859549,3003829629,1367,9
2023,10859549,3003829629,1368,9
2023,10859549,3003829629,1369,9
2023,13011023,3003829629,1376,6
2023,10657734,3003829629,1370,7
2023,10657734,3003829629,1368,7
2023,11316204,3003829629,CV0003,9
2023,11316204,3003829629,CV0003,9
2023,11316204,3003829629,1370,9
2023,11316204,3003829629,1367,4
2023,11316204,3003829629,1369,9
2023,10513391,3003829636,1373,8
2023,10513391,3003829636,1374,9
2023,10634969,3003829636,1374,8
2023,10657266,3003829636,1375,5
2023,10657266,3003829636,1371,4
2023,10392520,3003829636,1371,5
2023,10462592,3003829636,1373,9
2023,10678949,3003829636,CV0004,9
2023,10691096,3003829636,1378,0
2023,10691096,3003829636,1373,6
2023,10691096,3003829636,1377,6
2023,10691103,3003829636,1373,4
2023,10696544,3003829636,1373,4
2023,10706057,3003829636,1373,8
2023,10706057,3003829636,1373,8
2023,10784679,3003829636,1371,9
2023,10784679,3003829636,1374,7
2023,10816497,3003829636,1375,7
2023,10816497,3003829636,1372,8
2023,10816497,3003829636,1377,8
2023,10792613,3003829636,1373,8
2023,10792613,3003829636,1374,7
2023,10829974,3003829636,1374,8
2023,10830272,3003829636,1371,4
2023,10830272,3003829636,1371,8
2023,10836592,3003829636,CV0004,9
2023,12826253,3003829636,1371,8
2023,12826253,3003829636,1371,7
2023,12826253,3003829636,1373,7
2023,12826253,3003829636,1377,8
2023,13056692,3003829636,1375,10
2023,13056692,3003829636,1371,8
2023,10792560,3003829636,1375,0
2023,10399963,3003829636,1378,0
2023,10025975,3003829636,CV0004,9
2023,10025975,3003829636,1372,8
2023,10025975,3003829636,1373,9
2023,10024512,3003829636,CV0004,10
2023,10024512,3003829636,1371,9
2023,10024512,3003829636,1374,9
2023,10636299,3003829636,1371,7
2023,10636299,3003829636,1374,8
2023,10636299,3003829636,1377,9
2023,10381433,3003829636,CV0004,7
2023,10691132,3003829636,CV0004,5
2023,10700544,3003829636,1378,0
2023,10700544,3003829636,1371,4
2023,10700981,3003829636,1372,9
2023,10709570,3003829636,1374,7
2023,10709570,3003829636,1374,8
2023,10734359,3003829636,1371,2
2023,10737469,3003829636,1371,7
2023,10737469,3003829636,1377,10
2023,10753893,3003829636,CV0004,8
2023,10753893,3003829636,1373,4
2023,10852053,3003829636,1375,8
2023,10865461,3003829636,CV0004,9
2023,11069919,3003829636,1371,4
2023,11167937,3003829636,CV0004,4
2023,11167937,3003829636,1371,6
2023,12608298,3003829636,1371,9
2023,12608298,3003829636,1371,10
2023,12608298,3003829636,1377,9
2023,12736834,3003829636,1375,7
2023,12736834,3003829636,1374,9
2023,13030911,3003829636,CV0004,9
2023,13030911,3003829636,CV0004,9
2023,13030911,3003829636,1375,10
2023,10174423,3003829636,1375,10
2023,10174423,3003829636,1373,9
2023,10590166,3003829636,1375,0
2023,10678827,3003829636,1375,0
2023,11896089,3003829636,1378,0
2023,10706031,3003829636,1373,8
2023,10706031,3003829636,1373,9
2023,11032354,3003829636,1374,8
2023,10243955,3003829636,1378,0
2023,10328898,3003829636,1372,7
2023,10328898,3003829636,1374,7
2023,10776959,3003829636,1375,0
2023,10776959,3003829636,1378,0
2023,10776959,3003829636,1374,4
2023,10776959,3003829636,1377,0
2023,10691028,3003829636,1372,3
2023,10691028,3003829636,1373,0
2023,10460605,3003829636,1373,0
2023,10352236,3003828691,5023,9
2023,10352236,3003828691,5024,8
2023,10293577,3003828691,5026,0
2023,10352528,3003828691,5026,7
2023,12734604,3003828691,5021,9
2023,12734604,3003828691,5026,8
2023,11484277,3003828691,5021,9
2023,10400378,3003828691,5021,9
2023,10400378,3003828691,5022,9
2023,10400378,3003828691,5023,10
2023,10400378,3003828691,5025,9
2023,10747088,3003828691,5022,9
2023,10514340,3003828691,5022,9
2023,10376123,3003828691,5021,7
2023,10376123,3003828691,5023,5
2023,10398753,3003828691,5022,8
2023,10398753,3003828691,5024,8
2023,10432545,3003828691,5024,0
2023,10432545,3003828691,5026,0
2023,10698939,3003828691,5022,8
2023,10698939,3003828691,5022,8
2023,10698939,3003828691,5023,9
2023,10698939,3003828691,5024,8
2023,10254544,3003828691,5021,9
2023,10254544,3003828691,5023,9
2023,10254544,3003828691,5026,8
2023,13297404,3003828691,5022,9
2023,10652460,3003828691,5022,0
2023,10652460,3003828691,5025,0
2023,10328167,3003828705,5072,9
2023,11406626,3003828705,5074,0
2023,11406626,3003828705,5075,0
2023,10304881,3003828705,5071,0
2023,10304881,3003828705,5072,0
2023,10304881,3003828705,5074,0
2023,10688139,3003828705,5072,4
2023,10700769,3003828705,5072,8
2023,10700769,3003828705,5073,7
2023,10353205,3003828705,5072,8
2023,10789928,3003828705,5072,0
2023,10789928,3003828705,5073,0
2023,10276576,3003828705,5072,9
2023,10276576,3003828705,5072,8
2023,10276576,3003828705,5073,9
2023,11407481,3003828705,5072,0
2023,11407481,3003828705,5072,0
2023,10018367,3003828705,5072,7
2023,10496141,3003828705,5074,0
2023,10496141,3003828705,5074,0
2023,10496141,3003828705,5075,0
2023,10254384,3003828705,5072,0
2023,10254384,3003828705,5075,0
2023,10525957,3003828705,5071,0
2023,10525957,3003828705,5073,0
2023,10278806,3003828705,5071,9
2023,10470240,3003828900,0381,6
2023,10470240,3003828900,0378,9
2023,10470240,3003828900,0376,4
2023,10303547,3003828900,0381,6
2023,10303547,3003828900,0375,5
2023,10303547,3003828900,0375,6
2023,10303547,3003828900,0376,4
2023,10303547,3003828900,0374,4
2023,10500950,3003828900,0375,6
2023,10500950,3003828900,0375,2
2023,10500950,3003828900,0377,0
2023,10500950,3003828900,0376,2
2023,10500950,3003828900,0374,3
2023,10409990,3003828900,0376,8
2023,10819337,3003828900,0381,8
2023,10819337,3003828900,0378,7
2023,10819337,3003828900,0378,10
2023,10819337,3003828900,0376,9
2023,10819337,3003828900,0374,7
2023,10792555,3003828900,0375,7
2023,10792555,3003828900,0377,7
2023,10792555,3003828900,0377,7
2023,11512963,3003828900,CV0004,8
2023,11512963,3003828900,0378,7
2023,11512963,3003828900,0375,7
2023,10652552,3003828900,CV0004,9
2023,10496577,3003828900,0382,0
2023,10496577,3003828900,0376,7
2023,10707778,3003828900,0378,0
2023,10707778,3003828900,0375,0
2023,10707778,3003828900,0375,0
2023,10707778,3003828900,0374,0
2023,10711859,3003828900,0381,7
2023,10711859,3003828900,0376,0
2023,10797555,3003828900,0374,8
2023,10851128,3003828900,0377,5
2023,10851128,3003828900,0376,6
2023,11646742,3003828900,0379,8
2023,11646742,3003828900,0377,7
2023,11646742,3003828900,0376,7
2023,10586308,3003828900,CV0004,10
2023,10586308,3003828900,0375,8
2023,10586308,3003828900,0382,0
2023,10586308,3003828900,0374,10
2023,10017378,3003828900,0374,4
2023,10294470,3003828900,0374,8
2023,10427819,3003828900,0377,6
2023,10799062,3003828900,0375,7
2023,10640918,3003828900,0378,8
2023,10640918,3003828900,0375,6
2023,10855729,3003828893,0370,8
2023,10855729,3003828893,0373,8
2023,10864476,3003828893,0380,8
2023,10611327,3003828893,0370,10
2023,10611327,3003828893,0371,10
2023,10332972,3003828893,0372,9
2023,10332972,3003828893,0369,10
2023,10837451,3003828893,CV0003,8
2023,10837451,3003828893,0373,5
2023,10837451,3003828893,0380,8
2023,12722174,3003828893,CV0003,10
2023,12722174,3003828893,0380,9
2023,10634348,3003828893,0370,6
2023,10634348,3003828893,0371,7
2023,10634348,3003828893,0371,9
2023,10634348,3003828893,0372,7
2023,10634348,3003828893,0369,6
2023,10963354,3003828893,0370,9
2023,10963354,3003828893,0373,9
2023,10963354,3003828893,0372,9
2023,10707901,3003828893,0370,4
2023,10707901,3003828893,0371,8
2023,10748092,3003828893,0370,0
2023,10748092,3003828893,0373,7
2023,10748092,3003828893,0372,5
2023,10832107,3003828893,0370,7
2023,10832107,3003828893,0371,8
2023,10832107,3003828893,0380,8
2023,10832107,3003828893,0369,9
2023,11635385,3003828893,0370,8
2023,11635385,3003828893,0373,4
2023,11635385,3003828893,0369,7
2023,10679688,3003828893,0371,6
2023,10691654,3003828893,0370,7
2023,10691654,3003828893,0371,8
2023,10707654,3003828893,0373,6
2023,10707654,3003828893,0369,7
2023,10676228,3003828893,0370,6
2023,10687382,3003828893,0370,7
2023,10687382,3003828893,0370,8
2023,10687382,3003828893,0373,4
2023,10687382,3003828893,0372,5
2023,10837560,3003828893,0370,9
2023,10837560,3003828893,0371,9
2023,10837560,3003828893,0372,9
2023,12427040,3003828823,0489,8
2023,12427040,3003828823,0488,2
2023,11254914,3003828823,CV0004,1
2023,12433973,3003828823,CV0004,9
2023,10417697,3003828823,CV0004,7
2023,10279324,3003828823,0488,2
2023,11891674,3003828823,0494,3
2023,10277644,3003828823,0494,0
2023,10277644,3003828823,0494,0
2023,10277644,3003828823,0491,5
2023,12737108,3003828823,0490,2
2023,12737108,3003828823,0488,3
2023,10293307,3003828823,CV0004,1
2023,10293307,3003828823,0494,1
2023,10293307,3003828823,0489,6
2023,10293307,3003828823,0486,7
2023,10292823,3003828823,0494,0
2023,10292823,3003828823,0490,0
2023,10292823,3003828823,0486,0
2023,13038074,3003828823,0489,10
2023,10707674,3003828823,CV0004,0
2023,11254010,3003828823,0490,3
2023,10326385,3003828823,0491,8
2023,11430449,3003828823,0491,7
2023,10664873,3003828823,0495,0
2023,10279526,3003828823,0486,9
2023,10279526,3003828823,0486,0
2023,10470608,3003828823,0494,1
2023,10470608,3003828823,0491,0
2023,10470608,3003828823,0490,0
2023,10470608,3003828823,0486,0
2023,13038149,3003828823,0494,0
2023,12563774,3003828823,CV0004,9
2023,12563774,3003828823,CV0004,9
2023,10525745,3003828823,0494,6
2023,10264374,3003828823,0488,0
2023,11572662,3003828823,0490,9
2023,11572662,3003828823,0488,8
2023,10943078,3003828823,0490,7
2023,10254372,3003828823,0489,10
2023,10254372,3003828823,0488,6
2023,10254372,3003828823,0488,7
2023,10399819,3003828823,0491,6
2023,10399819,3003828823,0489,8
2023,12717811,3003828823,0494,5
2023,12717811,3003828823,0491,0
2023,12717811,3003828823,0488,0
2023,11400429,3003828823,0486,1
2023,12636390,3003828823,0490,8
2023,10307929,3003828795,CV0003,4
2023,10307929,3003828795,CV0003,6
2023,10307929,3003828795,0487,4
2023,10307929,3003828795,0483,7
2023,10730670,3003828795,0485,10
2023,13245350,3003828795,CV0003,0
2023,13245350,3003828795,0487,0
2023,13245350,3003828795,0485,0
2023,13245350,3003828795,0484,0
2023,10837069,3003828795,0373,7
2023,10837069,3003828795,0487,8
2023,10441204,3003828795,0487,0
2023,10441204,3003828795,0484,0
2023,10736098,3003828795,CV0003,8
2023,10736098,3003828795,0373,8
2023,10736098,3003828795,0373,7
2023,10736098,3003828795,0487,6
2023,10736098,3003828795,0484,8
2023,10820972,3003828795,CV0003,8
2023,10820972,3003828795,0487,10
2023,10820972,3003828795,0485,10
2023,10820972,3003828795,0483,8
2023,10820972,3003828795,0483,10
2023,10820972,3003828795,0483,9
2023,10965828,3003828795,0373,9
2023,10965828,3003828795,0485,9
2023,10965828,3003828795,0485,2
2023,10965828,3003828795,0484,7
2023,10965828,3003828795,0484,8
2023,10279258,3003828795,0487,0
2023,10279258,3003828795,0485,0
2023,10279258,3003828795,0484,0
2023,13248857,3003828795,CV0003,9
2023,13248857,3003828795,0487,5
2023,13248857,3003828795,0485,6
2023,13248857,3003828795,0617,9
2023,10332148,3003828795,CV0003,0
2023,10332148,3003828795,0484,7
2023,10332148,3003828795,0483,0
2023,13245291,3003828795,0373,0
2023,13245291,3003828795,0483,0
2023,13245903,3003828795,CV0003,0
2023,13245903,3003828795,0487,0
2023,13245903,3003828795,0485,0
2023,13245903,3003828795,0484,0
2023,13245903,3003828795,0483,0
2023,13245903,3003828795,0617,0
2023,13245942,3003828795,0373,0
2023,13245942,3003828795,0484,0
2023,13245942,3003828795,0617,0
2023,10254986,3003828795,0487,9
2023,10255828,3003828795,0483,7
2023,10399842,3003828795,CV0003,8
2023,10399842,3003828795,0373,2
2023,10399842,3003828795,0487,3
2023,10679677,3003828795,0373,6
2023,12736124,3003828795,0373,8
2023,10201417,3003828795,0373,9
2023,10201417,3003828795,0487,8
2023,10201417,3003828795,0484,10
2023,11736342,3003828795,0485,10
2023,11736342,3003828795,0485,10
2023,13170875,3003828795,0373,1
2023,13170875,3003828795,0484,1
2023,13170875,3003828795,0483,0
2023,13170875,3003828795,0617,8
2023,10663063,3003828795,0487,5
2023,10663063,3003828795,0487,6
2023,13245900,3003828795,0484,8
2023,13245900,3003828795,0617,9
2023,10852247,3003828795,0485,6
2023,10454428,3003828795,CV0003,0
2023,10454428,3003828795,0483,0
2023,11569845,3003828795,0484,0
2023,11569845,3003828795,0484,0
2023,11569845,3003828795,0483,0
2023,10364384,3003828795,0373,10
2023,10364384,3003828795,0483,8
2023,10364384,3003828795,0617,9
2023,10304488,3003828795,0487,0
2023,12040403,3003828795,CV0003,8
2023,12040403,3003828795,CV0003,8
2023,12040403,3003828795,0483,9
2023,11234996,3003828795,0483,0
2023,10533446,3003828795,0485,0
2023,10013834,3003828795,CV0003,0
2023,10013834,3003828795,0373,0
2023,10323451,3003828795,CV0003,8
2023,10323451,3003828795,0617,9
2023,10282899,3003828795,0373,8
2023,10282899,3003828795,0373,8
2023,10282899,3003828795,0484,8
2023,10817332,3003828795,0487,7
2023,12735228,3003828795,0485,9
2023,12735228,3003828795,0484,9
2023,12735228,3003828795,0483,9
2023,10304827,3003828795,0487,0
2023,10392051,3003828795,0484,6
2023,10392051,3003828795,0483,7
2023,10392051,3003828795,0483,6
2023,10392051,3003828795,0617,6
2023,13245876,3003828795,CV0003,9
2023,13245936,3003828795,0484,6
2023,10489583,3003828795,0487,8
2023,10489583,3003828795,0487,10
2023,10851164,3003828795,0373,4
2023,10851164,3003828795,0484,7
2023,10851164,3003828795,0483,4
2023,10851164,3003828795,0617,6
2023,11240348,3003828795,0487,0
2023,11240348,3003828795,0483,0
2023,10362119,3003828795,0373,0
2023,10362119,3003828795,0487,0
2023,10362119,3003828795,0484,0
2023,10308646,3003828795,0484,7
2023,12587239,3003828795,0487,0
2023,10666129,3003828795,CV0003,8
2023,10666129,3003828795,0617,4
2023,10278578,3003828795,0487,0
2023,10278578,3003828795,0487,0
2023,10278578,3003828795,0485,0
2023,13294635,3003828795,CV0003,9
2023,13294635,3003828795,0373,7
2023,13294635,3003828795,0485,9
2023,13294635,3003828795,0485,7
2023,13294635,3003828795,0485,8
2023,13294635,3003828795,0617,7
2023,11778439,3003828795,0373,0
2023,11778439,3003828795,0484,4
2023,11778439,3003828795,0483,0
2023,10241522,3003828788,0616,8
2023,10634225,3003828788,0618,4
2023,10634225,3003828788,0615,8
2023,10634225,3003828788,0614,8
2023,10634225,3003828788,0612,5
2023,10261771,3003828788,0616,8
2023,10261771,3003828788,0613,8
2023,10574443,3003828788,0618,8
2023,10574443,3003828788,0614,7
2023,10707841,3003828788,0615,8
2023,11088015,3003828788,CV0004,7
2023,11088015,3003828788,0615,2
2023,10403933,3003828788,0616,9
2023,10249394,3003828788,0618,10
2023,10249394,3003828788,0615,10
2023,10249394,3003828788,0613,10
2023,10269568,3003828788,0614,8
2023,10269568,3003828788,0614,9
2023,10308808,3003828788,0615,4
2023,10308808,3003828788,0614,4
2023,10308808,3003828788,0612,7
2023,10604775,3003828788,0614,7
2023,10604775,3003828788,0612,6
2023,10676208,3003828788,0619,0
2023,10676208,3003828788,0614,10
2023,10797554,3003828788,0615,6
2023,10797554,3003828788,0614,3
2023,13038816,3003828788,0618,8
2023,13038828,3003828788,0615,4
2023,13038828,3003828788,0614,8
2023,10640914,3003828788,0619,0
2023,10640914,3003828788,0618,7
2023,10708221,3003828788,0614,8
2023,10708221,3003828788,0612,8
2023,10758419,3003828767,0227,9
2023,10758419,3003828767,0227,9
2023,12557047,3003828767,0224,0
2023,13031068,3003828767,0226,9
2023,10663109,3003828767,0228,0
2023,10679662,3003828767,0227,7
2023,10863174,3003828767,0224,7
2023,10863174,3003828767,0227,6
2023,12730601,3003828767,CV0002,8
2023,10679666,3003828767,CV0002,7
2023,13031141,3003828767,0230,8
2023,13031141,3003828767,0226,7
2023,10756607,3003828767,0231,0
2023,12730553,3003828767,CV0002,10
2023,11825745,3003828767,0224,0
2023,10351465,3003828767,0226,8
2023,10882466,3003828767,0226,8
2023,10882466,3003828767,0227,9
2023,11088071,3003828767,0230,5
2023,11088071,3003828767,0224,7
2023,11088071,3003828767,0227,6
2023,10679710,3003828767,0228,9
2023,10762343,3003828767,0230,10
2023,10762343,3003828767,0228,10
2023,10762343,3003828767,0227,9
2023,10770657,3003828767,0224,9
2023,10770657,3003828767,0231,0
2023,10805501,3003828767,CV0002,6
2023,10805501,3003828767,0230,6
2023,10805501,3003828767,0228,6
2023,10805501,3003828767,0231,0
2023,10805501,3003828767,0227,1
2023,10805501,3003828767,0227,2
2023,10807600,3003828767,0226,9
2023,10807600,3003828767,0224,8
2023,10814487,3003828767,CV0002,8
2023,10814487,3003828767,CV0002,6
2023,10814487,3003828767,0226,8
2023,10856605,3003828767,0230,9
2023,10856605,3003828767,0226,8
2023,10828387,3003828767,0230,8
2023,11847570,3003828760,0225,4
2023,11847570,3003828760,0221,4
2023,11847570,3003828760,0221,4
2023,11847570,3003828760,0229,9
2023,11847570,3003828760,0229,7
2023,10938543,3003828760,0229,0
2023,10938543,3003828760,0222,0
2023,10910799,3003828760,0223,9
2023,10789656,3003828760,0221,8
2023,10911373,3003828760,0223,8
2023,10911373,3003828760,0229,9
2023,11088604,3003828760,CV0001,10
2023,11088604,3003828760,0222,9
2023,10909591,3003828760,0225,6
2023,10909591,3003828760,0223,9
2023,10909591,3003828760,0222,8
2023,11567531,3003828760,0225,0
2023,11567531,3003828760,0223,0
2023,11567531,3003828760,0222,0
2023,12736633,3003828760,CV0001,0
2023,12736633,3003828760,0221,0
2023,12736633,3003828760,0222,0
2023,10305237,3003828760,CV0001,0
2023,10305237,3003828760,0225,0
2023,10305237,3003828760,0225,0
2023,10305237,3003828760,0221,0
2023,10305237,3003828760,0221,0
2023,10305237,3003828760,0222,0
2023,10017433,3003828760,CV0001,7
2023,10017433,3003828760,0222,8
2023,10906556,3003828760,0225,1
2023,10906556,3003828760,0225,4
2023,11421089,3003828760,CV0001,6
2023,11421089,3003828760,0225,6
2023,11421089,3003828760,0221,7
2023,11421089,3003828760,0229,3
2023,11421089,3003828760,0229,3
2023,11571793,3003828760,0223,4
2023,13006056,3003828760,0225,0
2023,10911129,3003828760,CV0001,9
2023,12510469,3003828760,CV0001,6
2023,12510469,3003828760,0229,8
2023,12510469,3003828760,0222,6
2023,10416745,3003828760,0225,9
2023,10416745,3003828760,0223,7
2023,10416745,3003828760,0223,6
2023,10416745,3003828760,0222,6
2023,10713860,3003828760,0225,0
2023,10713860,3003828760,0221,0
2023,13250561,3003828760,0225,9
2023,13250561,3003828760,0221,9
2023,13250561,3003828760,0221,8
2023,10392662,3003828760,0225,0
2023,10392662,3003828760,0221,0
2023,12731167,3003828760,CV0001,0
2023,12731167,3003828760,0225,0
2023,12731167,3003828760,0225,0
2023,12731167,3003828760,0225,0
2023,12731167,3003828760,0221,0
2023,12731167,3003828760,0222,0
2023,10466174,3003828760,CV0001,0
2023,10466174,3003828760,CV0001,0
2023,10466174,3003828760,0225,0
2023,10466174,3003828760,0221,0
2023,10837080,3003828760,0225,8
2023,10837080,3003828760,0229,8
2023,10819052,3003828760,CV0001,8
2023,10344575,3003828760,CV0001,7
2023,10344575,3003828760,0225,7
2023,10344575,3003828760,0223,8
2023,10344575,3003828760,0221,7
2023,12270997,3003828760,CV0001,0
2023,12270997,3003828760,0223,0
2023,12270997,3003828760,0229,0
2023,11407222,3003828760,0221,8
2023,11407222,3003828760,0229,6
2023,12609908,3003828760,0229,3
2023,10885064,3003828760,0221,3
2023,10885064,3003828760,0229,7
2023,10904569,3003828760,0225,6
2023,10904569,3003828760,0225,8
2023,10904569,3003828760,0223,10
2023,10937956,3003828760,0221,0
2023,10937956,3003828760,0229,0
2023,13321692,3003828760,CV0001,0
2023,13321692,3003828760,0223,0
2023,13321692,3003828760,0221,0
2023,10417697,3003828823,0492,8
2023,10976329,3003828823,0492,10
2023,10263087,3003826632,0388,7
2023,10735016,3003826632,0388,7
2023,10263087,3003826632,0391,0
2023,12730778,3003828767,0231,0
2023,10354855,3003827324,0651,9
2023,10321979,3003827324,0651,8
2023,12731205,3003827324,0651,5
2023,10615696,3003827324,0651,0
2023,10980328,3003827324,0651,4
2023,13242358,3003827324,0651,0
2023,12736324,3003827324,0651,6
2023,11490214,3003827317,0660,0
2023,12734235,3003827317,0660,0
2023,10323618,3003827317,0655,5
2023,10327143,3003827317,0655,0
2023,10416763,3003827317,0655,0
2023,10433556,3003827317,0655,0
2023,11892673,3003827317,0655,0
2023,10083896,3003827317,0655,0
2023,12938752,3003829510,028501,10
2023,10884628,3003829510,028504,4
2023,10615480,3003829510,028504,4
2023,10866566,3003829510,028504,5
2023,10823864,3003829510,028505,7
2023,10927479,3003829510,028505,8
2023,12419064,3003829510,028504,8
2023,10421574,3003827317,0660,0
2023,12400744,3003827317,0660,0
2023,10354052,3003829517,028601,0
2023,10678151,3003829629,CV0003,3
2023,10698929,3003829629,CV0003,0
2023,11316204,3003829629,1369,10
2023,10400378,3003828691,5026,10
2023,10428862,3003828691,5026,0
2023,10707778,3003828900,0378,0
2023,10500950,3003828900,0378,0
2023,10707778,3003828900,0375,0
2023,10277644,3003828823,0492,6
2023,10013834,3003828795,0485,0
2023,10362119,3003828795,0485,0
2023,10851164,3003828795,0373,0
2023,10362119,3003828795,0373,0
2023,10013834,3003828795,0373,0
2023,10851164,3003828795,0617,0
2023,10362119,3003828795,0617,0
2023,10027392,3003829510,028001,0
2023,10013834,3003828795,0617,0
2023,12738447,3003829510,028001,9
2023,13031068,3003828767,CV0002,9
2023,13031606,3003828767,CV0002,8
2023,13031141,3003828767,CV0002,7
2023,10663109,3003828767,0224,0
2023,13031606,3003828767,0224,2
2023,13031141,3003828767,0224,6
2023,10851163,3003828767,0224,5
2023,11804013,3003828767,0224,5
2023,10910799,3003828760,0221,9
2023,10888617,3003828760,0221,8
2023,10819052,3003828760,0221,7
2023,10911373,3003828760,0221,9
2023,13245158,3003826541,0171,5
2023,13263308,3003826541,0171,4
2023,12300236,3003822449,0931,5
2023,10398706,3003822449,0931,8
2023,10242636,3003822449,0931,7
2023,13249466,3003822449,0931,10
2023,10434495,3003822449,0931,7
2023,10270640,3003822449,0930,7
2023,10723795,3003822449,1010,8
2023,10723795,3003822449,0931,8
2023,10431067,3003822449,0931,4
2023,13326344,3003822449,0931,0
2023,10434495,3003822449,0931,7
2023,13240343,3003822456,1007,7
2023,10835663,3003822456,1012,10
2023,10748318,3003822414,0623,7
2023,10014058,3003822407,0828,5
2023,11324910,3003822879,243271,5
2023,11402624,3003827233,0156,7
2023,11576165,3003827240,0451,0
2023,10279159,3003827324,0650,6
2023,10662076,3003827324,0650,0
2023,10470524,3003827324,0650,0
2023,10403903,3003827324,0650,0
2023,10419461,3003827324,0650,0
2023,10256545,3003827324,0650,0
2023,13281520,3003829510,028501,8
2023,13281688,3003829510,028501,6
2023,10819064,3003829510,028504,2
2023,13034262,3003829517,028601,0
2023,12571896,3003829517,028601,0
2023,11150672,3003829517,028601,0
2023,10849040,3003829517,028601,0
2023,10635766,3003829629,CV0003,0
2023,10691132,3003829636,1371,5
2023,10320009,3003829636,1371,5
2023,10734359,3003829636,1371,7
2023,10381433,3003829636,1378,0
2023,10500950,3003828900,0375,0
2023,10279375,3003828900,0382,0
2023,12211081,3003828900,0379,5
2023,10984790,3003828816,0485,4
2023,10013834,3003828795,0484,0
2023,10679677,3003828795,0484,6
2023,10362119,3003828795,0484,0
2023,10437714,3003828788,0619,0
2023,13038828,3003828788,0616,8
2023,13031141,3003828767,0226,5
2023,10679666,3003828767,0226,4
2023,10713860,3003828760,0229,0
2023,12270997,3003828760,0229,0
2023,13240820,3003826541,0173,0
2023,10421505,3003826541,0173,0
2023,12413993,3003826541,0174,4
2023,10511432,3003826611,0403,0
2023,10835701,3003822344,CV0002,0
2023,11336367,3003822337,CV0001,8
2023,11336367,3003822337,0156,8
2023,13243061,3003822449,0931,8
2023,10354121,3003822449,0931,6
2023,10816484,3003822449,0931,7
2023,10296770,3003822449,0931,4
2023,13040521,3003822456,CV0004,0
2023,11074562,3003822456,CV0004,0
2023,11488090,3003822456,CV0004,0
2023,10839854,3003822456,1007,5
2023,12743886,3003822456,1007,7
2023,13291004,3003822414,0623,0
2023,10017341,3003822407,CV0010,8
2023,11348992,3003822879,243601,0
2023,11744370,3003822879,243601,0
2023,11010026,3003827240,0448,7
2023,12320496,3003827240,0448,5
2023,10707732,3003827324,0650,6
2023,10509826,3003827324,0179,0
2023,10737199,3003829510,028505,6
2023,10753476,3003829517,028601,0
2023,10698929,3003829629,CV0003,0
2023,10698929,3003829629,1370,0
2023,10814218,3003829629,1370,0
2023,10978127,3003829629,1370,0
2023,10678151,3003829629,1370,0
2023,10635766,3003829629,1376,0
2023,10328898,3003829636,1373,8
2023,13163302,3003828823,0488,9
2023,13163302,3003828823,0486,9
2023,10979745,3003828823,0488,5
2023,10277644,3003828823,0491,2
2023,10663493,3003828788,0619,0
2023,10301350,3003826541,0174,10
2023,10718089,3003826604,0172,7
2023,10707825,3003826625,0173,6
2023,10851064,3003822337,1231,6
2023,10404684,3003822449,1010,7
2023,10270640,3003822449,1010,5
2023,10296770,3003822449,0931,5
2023,13282254,3003822449,0179,7
2023,10698475,3003822449,1010,6
2023,10689289,3003822456,1009,8
2023,10819112,3003822414,0829,0
2023,13040829,3003822456,1013,0
2023,10652514,3003822407,CV0010,7
2023,13054156,3003822407,CV0010,8
2023,10657675,3003822407,CV0010,8
2023,10266898,3003822872,243267,0
2023,12380827,3003827233,0440,4
2023,10496592,3003827240,0451,0
2023,13263612,3003827240,0451,0
2023,11569504,3003827317,0660,0
2023,11894954,3003827317,0660,0
2023,10511909,3003829510,028001,0
2023,10511909,3003829510,028503,0
2023,10737199,3003829510,028502,6
2023,11573208,3003829510,028503,4
2023,10805472,3003829510,028502,0
2023,10823864,3003829510,028504,7
2023,12656419,3003829510,028504,9
2023,12558926,3003829629,1369,4
2023,10409990,3003828900,0379,9
2023,10707654,3003828893,0372,5
2023,10687382,3003828893,0373,5
2023,10417697,3003828823,0495,0
