anyo,alumno,curso,contenido,nota_numerica
2025,10706065,3306170521,028502,0
2025,10706065,3306170521,028100,0
2025,10762395,3306170521,028502,4
2025,11000348,3306170521,028502,4
2025,11116523,3306170521,028100,4
2025,13615979,3306170619,0179,6
2025,11802023,3306170521,028505,7
2025,10932027,3306170521,028505,3
2025,12237928,3306170521,028501,3
2025,10795396,3306170521,028501,6
2025,10964248,3306170521,028501,0
2025,10914786,3306170521,028501,8
2025,11128032,3306170521,028501,9
2025,13377168,3306170521,028100,1
2025,13598561,3306170521,028100,9
2025,12691602,3306170521,028100,7
2025,11106423,3306170521,028503,7
2025,11512589,3306170521,028504,9
2025,10839018,3306170521,028504,5
2025,12379379,3306170521,028504,7
2025,12623376,3306170521,028504,9
2025,10914786,3306170521,028001,7
2025,11014535,3306170521,028001,8
2025,11030604,3306170521,028001,8
2025,13598449,3306170521,028502,8
2025,13598555,3306170521,028502,4
2025,12623376,3306170521,028505,8
2025,11014535,3306170521,028505,8
2025,13518965,3306170521,028504,0
2025,12051056,3306170521,028505,8
2025,12795258,3306170521,028505,8
2025,13446969,3306170521,028505,8
2025,12451319,3306170521,028503,8
2025,12649264,3306170619,1370,4
2025,10920136,3306170619,1370,4
2025,10914452,3306170619,1370,7
2025,11082700,3306170619,1367,8
2025,10889150,3306170619,0179,9
2025,11312003,3306170619,0179,9
2025,10301015,3306170619,0179,4
2025,10892991,3306170619,0179,8
2025,10916992,3306170619,0179,4
2025,10769318,3306170619,1367,4
2025,10301015,3306170619,1367,7
2025,10786265,3306170619,1367,7
2025,13595058,3306170619,1367,7
2025,13594581,3306170619,1369,6
2025,11620907,3306170619,1369,7
2025,10884022,3306170619,1709,9
2025,10884022,3306170619,0179,10
2025,10909929,3306170619,0179,8
2025,10884022,3306170619,1368,9
2025,10784831,3306170619,1368,3
2025,10714135,3306170619,1368,4
2025,10735252,3306170619,1368,6
2025,10706077,3306170619,1370,6
2025,10784831,3306170619,1375p,0
2025,11337604,3306170619,1375p,10
2025,10911185,3306170619,1370,8
2025,13615979,3306170619,1370,4
2025,13598749,3306170619,1369,4
2025,10659496,3306170619,1375p,10
2025,12413993,3306172484,0171,1
2025,13551232,3306172484,0181p,0
2025,12561340,3306172484,0172,3
2025,10843015,3306172484,0172,9
2025,13593119,3306172484,0172,8
2025,13598131,3306172484,1709,0
2025,13598131,3306172484,0173,0
2025,13593122,3306172484,0172,9
2025,10843015,3306172484,0179,5
2025,10581374,3306172484,0177,10
2025,10895710,3306172332,0384,7
2025,13460187,3306172332,0400p,0
2025,10801931,3306172484,0174,4
2025,10843015,3306172484,0174,4
2025,13445476,3306172332,0179,6
2025,11515797,3306172332,0173,8
2025,10902331,3306172403,0171,9
2025,10892142,3306172403,0171,9
2025,10025712,3306172403,0179,8
2025,10892142,3306172403,0179,6
2025,10652392,3306172403,0179,0
2025,11702324,3306172403,0388p,7
2025,10790903,3306172403,0388p,8
2025,11702324,3306172403,0172,7
2025,10790903,3306172403,0172,9
2025,12813996,3306172403,0173,0
2025,10790903,3306172403,0173,8
2025,13604001,3306172403,0383,4
2025,10654915,3306172053,1231,0
2025,11120345,3306172053,1231,3
2025,11001838,3306172053,0156,0
2025,10996182,3306172053,1233,6
2025,11120345,3306172053,1232,3
2025,11036037,3306172053,1232,3
2025,11433993,3306172053,1232,0
2025,11114298,3306172053,1709,6
2025,11433993,3306172053,1709,7
2025,10866312,3306172167,1010,4
2025,10894622,3306172167,1010,8
2025,12561661,3306172167,1010,4
2025,10883924,3306172167,1010,7
2025,13598677,3306172167,0179,0
2025,13598103,3306172167,0179,0
2025,10197921,3306172167,0623,0
2025,10436333,3306172167,0623,2
2025,10526778,3306172167,0623,9
2025,10250031,3306172167,1012p,9
2025,10932819,3306172167,1010,0
2025,10315581,3306172167,1010,0
2025,10730207,3306172167,1010,6
2025,10526778,3306172167,1010,7
2025,10883675,3306172167,1012p,9
2025,10730721,3306172167,0930,7
2025,10835229,3306172167,0930,2
2025,10487345,3306172167,0930,4
2025,12500676,3306172167,0623,5
2025,10742412,3306172167,0179,4
2025,12152515,3306172167,0179,10
2025,10932250,3306172167,0179,7
2025,12557620,3306172167,0931,9
2025,11313275,3306172167,0931,9
2025,10416632,3306172167,0931,8
2025,10893829,3306172167,0930,7
2025,10961331,3306172135,0622,8
2025,13593226,3306172135,0622,4
2025,10885568,3306172135,0622,6
2025,10884465,3306172135,0622,6
2025,10761942,3306172135,0627,6
2025,11744036,3306172135,0627,8
2025,13593226,3306172135,0627,3
2025,11744036,3306172135,0828p,7
2025,13593226,3306172135,0828p,7
2025,10027352,3306172135,0828p,6
2025,11709509,3306172135,0623,8
2025,10762386,3306172135,0623,3
2025,10885568,3306172135,0623,7
2025,10027352,3306172135,0623,8
2025,12722909,3306172135,0179,9
2025,10687998,3306169433,243264,7
2025,10680218,3306169433,243266,9
2025,10837040,3306169433,243266,0
2025,10366184,3306169433,243267,0
2025,10645924,3306169433,243265,4
2025,13448029,3306169440,243602,8
2025,13467527,3306169440,243604,6
2025,13447274,3306169440,243271,9
2025,10925591,3306173997,1709,5
2025,13594604,3306173997,0438,9
2025,12257970,3306173997,0438,7
2025,11109924,3306173997,1709,9
2025,10270606,3306169593,0156,9
2025,10679709,3306174046,1665001,7
2025,10711948,3306174046,1665001,7
2025,11388211,3306172133,CVOPT,7
2025,12406107,3306173997,1709,6
2025,13626945,3306173997,1709,8
2025,10847700,3306173997,1709,8
2025,10730721,3306172167,1709,8
2025,10730207,3306172167,1012p,8
2025,10214849,3306172167,0931,0
2025,11029676,3306173997,0156,10
2025,10899529,3306173997,0156,7
2025,11138087,3306173997,0156,8
2025,11168289,3306173997,0156,5
2025,11336870,3306173997,0441,9
2025,11347134,3306173997,0156,4
2025,10421015,3306173997,0156,0
2025,10747126,3306173997,0441,10
2025,10931052,3306173997,0441,9
2025,13134429,3306173997,0438,7
2025,10633944,3306173997,0439,7
2025,10352292,3306173997,0439,0
2025,12647763,3306173997,0437,0
2025,10352292,3306173997,0437,0
2025,11041555,3306173997,0438,7
2025,11041555,3306173997,0440,7
2025,13510854,3306174048,0650,9
2025,13593239,3306174048,0650,4
2025,13597020,3306174048,0648,0
2025,12859504,3306174048,0647,8
2025,10926432,3306174048,0647,8
2025,13597527,3306174048,0647,4
2025,12788547,3306174048,0647,6
2025,11802825,3306174048,0651,6
2025,13455395,3306174048,0651,6
2025,11664368,3306174048,0651,6
2025,10243668,3306174048,0649,7
2025,10730016,3306174048,1709,0
2025,10730016,3306174048,0649,2
2025,12788547,3306174048,0649,6
2025,10840996,3306174048,0657p,8
2025,10793462,3306174048,0657p,8
2025,10904320,3306174048,0657p,7
2025,13596949,3306174048,0651,0
2025,10662076,3306174048,0657p,7
2025,13298754,3306174048,0657p,0
2025,10511438,3306174048,0657p,0
2025,10991644,3306174048,0657p,7
2025,10707710,3306174048,0648,8
2025,10904320,3306174048,0648,6
2025,10025322,3306174048,1709,0
2025,11552430,3306174048,0651,6
2025,13597527,3306174048,0648,4
2025,13542655,3306174048,0179,10
2025,13542655,3306174048,0649,9
2025,10511438,3306174048,0179,0
2025,10840806,3306174048,0179,7
2025,10924358,3306174048,0179,4
2025,10762396,3306174048,1709,9
2025,10709630,3306174048,1709,8
2025,10779855,3306174048,0179,8
2025,10928705,3306169744,0179,9
2025,10896459,3306169744,0179,9
2025,10921245,3306169744,0370,8
2025,10900148,3306169744,0379p,10
2025,10912321,3306169744,0379p,9
2025,11226702,3306169744,0371,8
2025,10912223,3306169744,0371,8
2025,10914721,3306169744,0373,6
2025,10679710,3306169651,0487,7
2025,11898422,3306169651,0487,0
2025,13232436,3306169651,0487,2
2025,10418675,3306169651,0484,9
2025,10803070,3306169651,0484,8
2025,10904666,3306169651,0484,7
2025,10427570,3306169651,1709,0
2025,10440723,3306169651,1709,0
2025,13593151,3306169651,0487,6
2025,10382149,3306169651,0487,10
2025,10472185,3306169651,0487,10
2025,10246766,3306169651,0484,4
2025,10382149,3306169651,0484,6
2025,11061166,3306169651,0484,0
2025,10308422,3306169651,0485,7
2025,10382149,3306169651,0485,4
2025,13458925,3306169651,0485,7
2025,11049333,3306169651,0485,7
2025,10398479,3306169651,0485,9
2025,10837080,3306169651,0483,9
2025,10888617,3306169651,0483,9
2025,12876207,3306169651,0483,0
2025,10299132,3306169651,0483,0
2025,10310048,3306169651,0483,9
2025,13593175,3306169651,0373,0
2025,10463301,3306169651,0616p,9
2025,10310048,3306169651,0616p,9
2025,11318786,3306169651,0616p,0
2025,12395762,3306169651,0616p,7
2025,10709604,3306169658,1708190,10
2025,10718934,3306169658,1708190,9
2025,10635824,3306169658,1708190,8
2025,10635513,3306169658,1708190,4
2025,13232436,3306169651,0373,4
2025,10398479,3306169651,0373,8
2025,10832166,3306169651,0373,8
2025,10756981,3306169651,0179,7
2025,10888617,3306169651,0616p,10
2025,13360681,3306169593,0223,8
2025,13288296,3306169593,0223,9
2025,13546750,3306169593,0223,7
2025,10705918,3306169593,0223,7
2025,10437587,3306169593,0223,4
2025,13513975,3306169593,0225,9
2025,13358627,3306169593,0225,0
2025,11134533,3306169593,1709,10
2025,11134533,3306169593,0156,9
2025,11113596,3306169593,0221,7
2025,10705603,3306169593,1709,8
2025,13598530,3306169593,1709,7
2025,10437587,3306169593,1709,8
2025,10705918,3306169593,0222,4
2025,12651696,3306169593,0221,0
2025,10917865,3306169591,0227,7
2025,11622314,3306169591,0227,7
2025,11020732,3306169591,0227,4
2025,10812899,3306169591,1710,8
2025,10708167,3306169591,0228,8
2025,11035843,3306169591,0228,1
2025,11002913,3306169591,CVOPT,10
2025,10903261,3306169591,CVOPT,8
2025,11146537,3306169591,0224,10
2025,11000271,3306169591,0224,8
2025,11622314,3306169591,1664190,9
2025,11011197,3306169591,1664190,10
2025,10776723,3306169591,1664190,8
2025,10903261,3306169591,1664190,10
2025,12472787,3306169591,1664190,7
2025,11029392,3306169591,1708190,8
2025,10762368,3306169751,0376,9
2025,10652371,3306169751,0376,7
2025,10910600,3306169751,0377,6
2025,13456011,3306169751,0377,8
2025,10757735,3306169751,0379s,8
2025,10783280,3306169751,0379s,10
2025,12744964,3306172060,1664020,5
2025,10805007,3306172060,1664020,5
2025,10757735,3306169751,1710,8
2025,10737949,3306169751,1708190,8
2025,10849397,3306169751,1665190,10
2025,10783280,3306169751,1665190,9
2025,10813139,3306169751,1665190,9
2025,10849397,3306169751,0378,8
2025,10840811,3306169751,0378,7
2025,10783280,3306169751,0378,6
2025,10840811,3306169751,0374,9
2025,10764453,3306169751,CVOPT,9
2025,10282899,3306169658,1665190,7
2025,10282899,3306169658,1710,8
2025,10772126,3306169658,1710,7
2025,10797348,3306169658,0616s,9
2025,10772126,3306169658,0616s,7
2025,10711924,3306169658,0616s,5
2025,10770657,3306169658,0614,6
2025,10772126,3306169658,0614,8
2025,10807600,3306169658,0615,6
2025,10709604,3306169658,0615,1
2025,10688878,3306169658,0615,8
2025,10797980,3306169658,0615,4
2025,10711924,3306169658,0615,4
2025,10770964,3306169658,CVOPT,8
2025,10688878,3306169658,CVOPT,9
2025,10770964,3306169658,0612,10
2025,10810051,3306169658,0612,1
2025,10635513,3306169658,0613,5
2025,10882393,3306169658,0613,6
2025,10799612,3306170617,CVOPT,10
2025,10799612,3306170617,1375s,10
2025,10770501,3306170617,1375s,9
2025,10026298,3306170617,1708061,10
2025,10688361,3306170617,1708061,10
2025,10819488,3306170617,1708061,10
2025,10026298,3306170617,1374,6
2025,10515381,3306170617,1374,6
2025,10783707,3306170617,1373,9
2025,10413312,3306170617,1373,8
2025,10687463,3306170617,1373,7
2025,11649375,3306170617,1373,9
2025,10835968,3306170617,1372,7
2025,10734128,3306170617,1372,10
2025,10666170,3306170617,1372,8
2025,13242092,3306170617,1372,8
2025,10742238,3306170617,1708061,7
2025,10865703,3306170617,1374,4
2025,10282118,3306170617,1374,10
2025,10666170,3306170617,1374,7
2025,10687463,3306170617,1374,8
2025,10122344,3306170617,1373,10
2025,10842025,3306170617,1373,8
2025,10786004,3306170617,1371,4
2025,13242092,3306170617,1371,8
2025,13273466,3306170617,CVOPT,8
2025,10776515,3306170617,1375s,5
2025,11104411,3306170617,1375s,5
2025,10652580,3306170617,1375s,5
2025,10798915,3306170617,1375s,5
2025,10515381,3306170617,1375s,5
2025,10687463,3306170617,1665061,9
2025,13462544,3306170617,1708061,7
2025,11671982,3306173995,0442,7
2025,11004486,3306173995,0442,10
2025,10960990,3306173995,0442,9
2025,11039273,3306173995,0442,8
2025,11666166,3306173995,0442,7
2025,10911748,3306173995,1708001,9
2025,10787257,3306173995,CVOPT,7
2025,11027361,3306173995,CVOPT,8
2025,10929818,3306173995,CVOPT,10
2025,10960990,3306173995,0443,7
2025,11043785,3306173995,0443,5
2025,10835299,3306173995,0448,3
2025,10787655,3306173995,0448,3
2025,11027361,3306173995,1664001,10
2025,10787655,3306173995,1664001,8
2025,10819061,3306174046,0654,9
2025,10802285,3306174046,0657s,8
2025,10024578,3306174046,0657s,6
2025,10802285,3306174046,1710,7
2025,10679709,3306174046,1710,6
2025,10824617,3306174046,0652,4
2025,10931235,3306172060,1234,4
2025,10904203,3306172060,1234,9
2025,10924853,3306172060,1228,6
2025,10924853,3306172060,1235,8
2025,10787502,3306172060,1230,8
2025,12465550,3306172060,1230,4
2025,10899896,3306172060,1713925,7
2025,11024352,3306172060,1713925,7
2025,10904203,3306172060,1227,9
2025,13291541,3306172060,1708020,9
2025,10766452,3306172133,1708020,7
2025,11790917,3306172133,1708020,6
2025,11790917,3306172133,0825,8
2025,10734184,3306172133,0825,6
2025,10711954,3306172133,0828s,6
2025,10711954,3306172133,0827,6
2025,10487336,3306172133,0824,7
2025,10847609,3306172133,1665020,3
2025,10800028,3306172165,1009,8
2025,13456007,3306172165,1110,8
2025,10805294,3306172165,1009,7
2025,10808311,3306172410,1708039,8
2025,10761594,3306172410,1708039,8
2025,13285325,3306170521,028100,0
2025,11019862,3306170521,028505,3
2025,13323096,3306170521,028100,7
2025,10964248,3306170521,028504,0
2025,10407199,3306170521,028504,6
2025,13129964,3306170521,028503,4
2025,11110518,3306170521,028504,6
2025,11106423,3306170521,028100,8
2025,11026033,3306170521,028100,10
2025,13598449,3306170521,028501,5
2025,10938612,3306170521,028501,6
2025,10897940,3306170521,028505,3
2025,10897940,3306170521,028501,2
2025,13289086,3306170521,028505,4
2025,13074463,3306170521,028505,0
2025,11017524,3306170521,028001,8
2025,12051056,3306170521,028504,7
2025,12051056,3306170521,028501,8
2025,11899562,3306170521,028501,3
2025,10803834,3306170521,028505,3
2025,10805472,3306170521,028504,5
2025,13446969,3306170521,028502,9
2025,13506891,3306170521,028501,10
2025,12587578,3306170521,028503,7
2025,10730519,3306170619,1370,4
2025,10740566,3306170619,1368,4
2025,10889150,3306170619,1370,8
2025,10916495,3306170619,1375p,10
2025,10916495,3306170619,1367,8
2025,10834105,3306170619,1368,8
2025,10786265,3306170619,1370,4
2025,10918418,3306170619,1375p,10
2025,10515804,3306170619,0179,10
2025,10928805,3306170619,0179,8
2025,10677457,3306170619,0179,8
2025,10927613,3306170619,1375p,9
2025,10909929,3306170619,1709,8
2025,10920136,3306170619,1369,8
2025,10911185,3306170619,1369,8
2025,10914452,3306170619,0179,9
2025,10914452,3306170619,1367,7
2025,10490475,3306170619,1367,4
2025,10659496,3306170619,0179,9
2025,13228273,3306172484,0174,0
2025,10788322,3306172484,0181p,0
2025,10798065,3306172484,0179,4
2025,12561340,3306172484,0173,9
2025,12561340,3306172484,0174,8
2025,10379062,3306172484,0181p,0
2025,10801931,3306172484,1709,0
2025,10843015,3306172484,1709,5
2025,10787451,3306172484,0177,5
2025,10780778,3306172332,0179,8
2025,10311896,3306172403,0383,10
2025,13455012,3306172403,0172,8
2025,10025712,3306172403,0383,9
2025,10025712,3306172403,0173,4
2025,13609532,3306172403,0388p,0
2025,13609532,3306172403,0179,0
2025,10911448,3306172403,0171,8
2025,13594957,3306172403,0173,0
2025,10652392,3306172403,0171,9
2025,13604001,3306172403,0388p,7
2025,10912710,3306172053,1231,6
2025,10698000,3306172053,0156,5
2025,11036037,3306172053,1231,6
2025,11013480,3306172053,1232,6
2025,10803879,3306172053,1231,4
2025,13611445,3306172167,0623,9
2025,13611445,3306172167,1010,8
2025,10015387,3306172167,1010,5
2025,10798287,3306172167,1012p,4
2025,13598677,3306172167,0930,0
2025,13598681,3306172167,1012p,6
2025,10197921,3306172167,1010,6
2025,10425558,3306172167,0931,8
2025,10463434,3306172167,0623,0
2025,10792537,3306172167,0179,4
2025,10516442,3306172167,1010,2
2025,10476265,3306172167,1010,3
2025,10904904,3306172167,1010,8
2025,10894622,3306172167,0930,7
2025,10895114,3306172167,1012p,8
2025,13595716,3306172167,1709,0
2025,10436333,3306172167,1012p,0
2025,10790209,3306172167,0623,7
2025,13502717,3306172167,1709,0
2025,11313275,3306172167,0930,4
2025,11340144,3306172167,1012p,0
2025,10526778,3306172167,0930,7
2025,10772198,3306172135,0828p,4
2025,10772198,3306172135,0179,7
2025,10772198,3306172135,0622,8
2025,10321931,3306169433,243264,6
2025,10687998,3306169433,243267,9
2025,10835151,3306169433,243267,8
2025,10835151,3306169433,243264,5
2025,10024790,3306169433,243265,8
2025,13043456,3306169433,243266,6
2025,10780813,3306169433,243266,4
2025,10892469,3306169433,243267,8
2025,10892469,3306169433,243264,9
2025,10799399,3306169433,243266,8
2025,10827161,3306169433,243266,6
2025,13593116,3306169433,243266,8
2025,10287428,3306169440,243602,9
2025,10287428,3306169440,243271,8
2025,10287348,3306169440,243602,9
2025,10287348,3306169440,243604,8
2025,10814418,3306169440,243604,5
2025,13594870,3306173997,0441,8
2025,13594861,3306173997,0439,7
2025,13514838,3306173997,0439,7
2025,12461270,3306173997,0437,10
2025,13536269,3306173997,1709,3
2025,13594777,3306173997,0439,8
2025,10806257,3306173997,0156,8
2025,10907141,3306173997,0156,6
2025,10832115,3306173997,0439,8
2025,10832115,3306173997,0156,4
2025,10847700,3306173997,0437,9
2025,13134429,3306173997,0441,7
2025,10421015,3306173997,0441,0
2025,11109924,3306173997,0438,7
2025,10938365,3306173997,0439,5
2025,10404730,3306173997,0439,6
2025,10416752,3306174048,0657p,4
2025,13537130,3306174048,1709,10
2025,10895723,3306174048,0649,7
2025,12745122,3306174048,0179,0
2025,10910705,3306174048,0649,8
2025,10730016,3306174048,0648,4
2025,10925424,3306174048,0657p,9
2025,11664368,3306174048,0648,5
2025,10808862,3306174048,0650,6
2025,10662076,3306174048,0179,0
2025,13456235,3306174048,0649,7
2025,10025322,3306174048,0657p,7
2025,10762396,3306174048,0657p,7
2025,10991644,3306174048,0649,4
2025,12478421,3306174048,0647,8
2025,10779855,3306174048,0648,3
2025,10805078,3306169744,0373,5
2025,10898640,3306169744,0371,7
2025,10896459,3306169744,0371,8
2025,10914721,3306169744,0371,8
2025,10911373,3306169744,0379p,9
2025,10734142,3306169744,0179,9
2025,10910799,3306169744,0373,8
2025,10910799,3306169744,0371,9
2025,11088604,3306169744,0379p,9
2025,10418675,3306169651,0373,9
2025,10904569,3306169651,0485,9
2025,10427570,3306169651,0616p,0
2025,10931085,3306169651,0179,7
2025,10454462,3306169651,0484,7
2025,10308504,3306169651,0485,7
2025,10308750,3306169651,0485,3
2025,13232436,3306169651,0485,5
2025,13592958,3306169651,0179,0
2025,13352871,3306169651,0485,0
2025,10909591,3306169651,0484,10
2025,10299132,3306169651,0485,0
2025,11318786,3306169651,1709,0
2025,11061166,3306169651,0487,0
2025,12395762,3306169651,0373,4
2025,11014915,3306169651,0373,2
2025,10595030,3306169651,0485,0
2025,11147116,3306169651,0373,0
2025,13513975,3306169593,0156,9
2025,10459629,3306169593,0225,0
2025,11246288,3306169593,0225,8
2025,12615991,3306169593,0223,0
2025,10999069,3306169593,0221,6
2025,10828132,3306169593,0225,6
2025,12452190,3306169593,0223,4
2025,13545139,3306169593,0223,8
2025,10891681,3306169593,0225,2
2025,11146537,3306169591,1710,10
2025,10893131,3306169591,1708190,6
2025,10893131,3306169591,0228,6
2025,10885064,3306169591,1708190,3
2025,11011197,3306169591,0224,9
2025,11011197,3306169591,1710,10
2025,13452408,3306169591,1708190,9
2025,11708808,3306169591,0227,9
2025,10796295,3306169751,0377,9
2025,10762343,3306169751,1708190,9
2025,10910600,3306169751,1708190,9
2025,10757735,3306169751,0374,4
2025,11082671,3306169751,0374,9
2025,10849397,3306169751,1710,9
2025,12854002,3306169751,0374,3
2025,10737949,3306169751,CVOPT,6
2025,10652371,3306169751,1708190,8
2025,10813139,3306169751,0377,6
2025,10813139,3306169751,0374,4
2025,13456011,3306169751,0378,8
2025,10823807,3306169751,1708190,10
2025,13345475,3306169751,CVOPT,9
2025,13345475,3306169751,0377,7
2025,10282899,3306169658,0612,2
2025,10797348,3306169658,CVOPT,8
2025,10770657,3306169658,CVOPT,3
2025,10711977,3306169658,1665190,10
2025,10711977,3306169658,0613,6
2025,10856605,3306169658,0613,5
2025,10718934,3306169658,0614,5
2025,10810051,3306169658,0613,5
2025,10757001,3306169658,0616s,5
2025,10736277,3306169658,0614,10
2025,10635824,3306169658,1665190,8
2025,10635824,3306169658,0615,4
2025,10882393,3306169658,0616s,6
2025,10882393,3306169658,0614,1
2025,10711924,3306169658,1710,1
2025,10781492,3306170617,1374,4
2025,10742238,3306170617,1372,4
2025,10944114,3306170617,1665061,9
2025,10944114,3306170617,1708061,9
2025,10944114,3306170617,1375s,7
2025,10827153,3306170617,1708061,9
2025,10819488,3306170617,CVOPT,9
2025,10786004,3306170617,CVOPT,9
2025,10776515,3306170617,1372,8
2025,10725869,3306170617,1374,6
2025,10687463,3306170617,1708061,8
2025,13462544,3306170617,1372,7
2025,10851445,3306170617,CVOPT,8
2025,10842025,3306170617,1372,7
2025,10546650,3306170617,1373,7
2025,10993558,3306170617,1373,4
2025,10737175,3306173995,0448,4
2025,11671982,3306173995,1708001,8
2025,11029440,3306173995,0448,9
2025,11028742,3306173995,1664001,10
2025,11033515,3306173995,0448,7
2025,11004486,3306173995,CVOPT,9
2025,11039273,3306173995,0443,8
2025,11026339,3306173995,0442,6
2025,11666166,3306173995,0443,1
2025,11024457,3306173995,1708001,4
2025,10679723,3306174046,1708001,5
2025,10780784,3306174046,0657s,6
2025,10711948,3306174046,0652,3
2025,10776755,3306172060,1235,8
2025,10931235,3306172060,1227,7
2025,10931235,3306172060,1235,4
2025,10924853,3306172060,1234,4
2025,10648909,3306172060,1664020,6
2025,11004108,3306172060,1234,8
2025,10766452,3306172133,0824,8
2025,12607926,3306172133,CVOPT,6
2025,12607926,3306172133,0827,7
2025,12912678,3306172133,0828s,8
2025,10857816,3306172133,0824,8
2025,10766414,3306172133,CVOPT,8
2025,10847609,3306172133,0828s,7
2025,10819684,3306172165,1110,7
2025,10796065,3306172165,1009,8
2025,10796065,3306172165,1110,7
2025,11782717,3306172482,1708039,7
2025,11330085,3306172410,0385,6
2025,10630337,3306172165,1012s,7
2025,10530803,3306172165,1012s,9
2025,10800028,3306172165,1012s,10
2025,11089472,3306172165,1012s,8
2025,10630337,3306172165,1109,6
2025,10754604,3306172165,1109,8
2025,10800028,3306172165,1109,8
2025,10824007,3306172165,1109,7
2025,10918602,3306172165,1109,7
2025,10263154,3306172165,1109,8
2025,13461591,3306172165,1109,8
2025,10764144,3306172165,1007,7
2025,10776549,3306172165,1007,9
2025,10806298,3306172165,1007,7
2025,10797573,3306172165,CVOPT,8
2025,10365221,3306172165,CVOPT,8
2025,10918602,3306172165,1708020,6
2025,10918602,3306172165,1008,4
2025,10530803,3306172165,CVOPT,9
2025,13500949,3306172165,CVOPT,9
2025,10263154,3306172165,1011,8
2025,13500949,3306172165,1011,8
2025,10805294,3306172165,1011,6
2025,10745573,3306172330,1665039,10
2025,10729539,3306172330,1665039,10
2025,11627062,3306172330,1665039,8
2025,10675936,3306172330,1665039,8
2025,10745573,3306172330,0398,4
2025,10707825,3306172330,0398,4
2025,10679964,3306172330,0398,4
2025,11627062,3306172330,0398,9
2025,13455702,3306172330,0398,9
2025,10745573,3306172330,1710,8
2025,10679964,3306172330,1710,7
2025,10585531,3306172330,1708039,7
2025,13251013,3306172330,0400s,9
2025,10729539,3306172330,0180,4
2025,13455702,3306172330,0180,8
2025,10415316,3306172330,0397,9
2025,11627062,3306172330,0397,9
2025,10675936,3306172330,0397,8
2025,10687498,3306172410,0385,8
2025,10808311,3306172410,0385,6
2025,10761594,3306172410,0385,6
2025,10687498,3306172410,0387,8
2025,10808311,3306172410,0387,6
2025,10742128,3306172410,0387,8
2025,10742128,3306172410,0388s,7
2025,13450196,3306172410,0388s,8
2025,13450196,3306172410,1665039,9
2025,13450196,3306172410,0386,8
2025,10514139,3306172410,0386,9
2025,10808311,3306172410,0386,7
2025,11330085,3306172410,CVOPT,9
2025,10514139,3306172410,CVOPT,9
2025,10742128,3306172410,CVOPT,9
2025,10736502,3306172410,CVOPT,10
2025,11802023,3306170521,028504,7
2025,11248638,3306170521,028504,8
2025,13532312,3306170521,028001,9
2025,11123109,3306170521,028001,3
2025,11110518,3306170521,028100,7
2025,11010717,3306170521,028100,9
2025,11017524,3306170521,028100,7
2025,11248638,3306170521,028501,8
2025,10932027,3306170521,028501,1
2025,10885786,3306170521,028501,1
2025,13162439,3306170521,028001,10
2025,10241444,3306170521,028001,8
2025,13598555,3306170521,028001,9
2025,11101503,3306170521,028503,4
2025,10702316,3306170521,028503,4
2025,10916309,3306170521,028503,4
2025,10803834,3306170521,028503,4
2025,10702316,3306170521,028502,8
2025,11620907,3306170619,1375p,9
2025,10305806,3306172484,0171,7
2025,10379062,3306172484,0171,3
2025,13607126,3306172484,0177,3
2025,13593119,3306172484,0177,8
2025,13593121,3306172484,0181p,9
2025,13608590,3306172484,0181p,0
2025,13593121,3306172484,0177,3
2025,13602219,3306172484,0177,0
2025,13608590,3306172484,1709,0
2025,13605770,3306172484,0171,4
2025,13458379,3306172332,0171,0
2025,13460187,3306172332,1709,0
2025,13593106,3306172332,0172,7
2025,13455012,3306172403,0384,4
2025,10892142,3306172403,0384,6
2025,10698000,3306172053,1229,9
2025,11099468,3306172053,1229,9
2025,12404225,3306172167,1012p,0
2025,10835229,3306172167,0623,6
2025,10487345,3306172167,0931,7
2025,10932250,3306172167,0931,7
2025,10961331,3306172135,1709,8
2025,10767809,3306172135,1709,8
2025,10027352,3306172135,1709,8
2025,10884465,3306172135,1709,8
2025,10767809,3306172135,0625,7
2025,11709509,3306172135,0625,6
2025,10885568,3306172135,0625,4
2025,10920099,3306172135,0625,8
2025,13446594,3306169440,243270,8
2025,11316053,3306169440,243270,9
2025,10925591,3306173997,0439,6
2025,13162455,3306173997,0439,6
2025,13592648,3306173997,0439,7
2025,13332555,3306173997,0439,8
2025,10747126,3306173997,0439,8
2025,12406107,3306173997,0437,7
2025,13529587,3306173997,0437,7
2025,10907141,3306173997,0437,6
2025,11136115,3306173997,0437,7
2025,13596973,3306174048,0650,7
2025,10657315,3306174048,0650,9
2025,10835742,3306174048,0650,0
2025,13537130,3306174048,0647,3
2025,11552430,3306174048,0647,5
2025,12745122,3306174048,0649,6
2025,12116573,3306174048,0179,9
2025,10835742,3306174048,0649,0
2025,10915302,3306169744,0369,7
2025,10896459,3306169744,0369,8
2025,10910205,3306169744,1709,8
2025,11226702,3306169744,1709,9
2025,10784937,3306169744,0372,9
2025,10895404,3306169744,0372,10
2025,13593151,3306169651,0179,9
2025,10839683,3306169651,0179,0
2025,10404419,3306169651,0179,9
2025,10399842,3306169651,0373,8
2025,13170302,3306169651,0373,0
2025,11453697,3306169593,0156,8
2025,11100333,3306169593,0223,8
2025,13545139,3306169593,0222,9
2025,10308852,3306169593,0222,4
2025,11146537,3306169591,0226,9
2025,13452408,3306169591,0226,10
2025,11009276,3306169591,0226,3
2025,11013828,3306169591,0226,6
2025,11622314,3306169591,1713707,9
2025,10993836,3306170617,1665061,10
2025,10819488,3306170617,1665061,10
2025,10122344,3306170617,1665061,10
2025,10798915,3306170617,1665061,9
2025,10809667,3306170617,1710,10
2025,10635383,3306170617,1710,4
2025,10546650,3306170617,CVOPT,8
2025,10737175,3306173995,1713472,8
2025,11004716,3306173995,1713472,9
2025,11039273,3306173995,1713472,9
2025,10737175,3306173995,1710,8
2025,10929818,3306173995,1710,9
2025,10960990,3306173995,1710,8
2025,10929912,3306173995,0446,6
2025,11029440,3306173995,0446,7
2025,10244048,3306174046,0655,3
2025,10679722,3306174046,0656,5
2025,10679709,3306174046,0656,7
2025,12332046,3306174046,0656,9
2025,10802285,3306174046,0653,4
2025,12465550,3306172060,CVOPT,6
2025,13291541,3306172060,1710,9
2025,12744964,3306172060,1710,6
2025,10689201,3306172133,0823,6
2025,10734184,3306172133,1710,10
2025,10764144,3306172165,1665020,7
2025,10819684,3306172165,1665020,8
2025,10800028,3306172165,1665020,8
2025,11782717,3306172482,1665039,7
2025,11782717,3306172482,1710,7
2025,10687498,3306172410,1710,7
2025,13475662,3306172410,1665039,9
2025,10514139,3306172410,0385,9
2025,12912453,3306172410,1665039,7
2025,12912453,3306172410,0385,9
2025,12237928,3306170521,028001,10
2025,10407199,3306170521,028505,4
2025,13532312,3306170521,028502,8
2025,11321038,3306170521,028100,0
2025,13269119,3306170521,028504,9
2025,11103695,3306170521,028505,4
2025,10322995,3306170521,028502,5
2025,10322995,3306170521,028504,0
2025,11574134,3306170521,028505,7
2025,11248638,3306170521,028502,7
2025,11248638,3306170521,028505,8
2025,10892583,3306170521,028505,7
2025,10914786,3306170521,028505,4
2025,13598449,3306170521,028100,10
2025,12059467,3306170521,028501,0
2025,12059467,3306170521,028100,0
2025,11010717,3306170521,028503,8
2025,10974769,3306170521,028505,8
2025,13074463,3306170521,028100,0
2025,11017524,3306170521,028505,8
2025,11030604,3306170521,028100,7
2025,13122237,3306170521,028501,0
2025,11028307,3306170521,028505,7
2025,10916309,3306170521,028001,6
2025,13598561,3306170521,028505,7
2025,13160174,3306170521,028505,0
2025,11236141,3306170521,028504,7
2025,11096252,3306170521,028501,7
2025,11103555,3306170521,028505,8
2025,10743008,3306170521,028100,10
2025,12587578,3306170521,028502,7
2025,13297080,3306170521,028504,7
2025,10027392,3306170619,0179,0
2025,10027392,3306170619,1369,0
2025,10740566,3306170619,1367,8
2025,12649264,3306170619,0179,7
2025,11082700,3306170619,1375p,10
2025,10736761,3306170619,1367,4
2025,11620907,3306170619,1367,4
2025,10784831,3306170619,1367,0
2025,10892991,3306170619,1368,4
2025,10916992,3306170619,1368,8
2025,10886973,3306170619,1370,9
2025,10918418,3306170619,0179,4
2025,10918418,3306170619,1368,7
2025,10515804,3306170619,1367,0
2025,10711961,3306170619,1369,5
2025,10927613,3306170619,1367,4
2025,10758727,3306170619,1375p,10
2025,10918779,3306170619,1370,9
2025,12667179,3306170619,1375p,3
2025,12667179,3306170619,1369,4
2025,10920136,3306170619,1367,7
2025,10610022,3306170619,0179,6
2025,10762965,3306170619,0179,7
2025,10762965,3306170619,1367,7
2025,10899960,3306170619,1375p,10
2025,10899960,3306170619,1369,8
2025,10490475,3306170619,1375p,3
2025,10490475,3306170619,1370,1
2025,10490475,3306170619,1368,4
2025,13623963,3306172484,0181p,5
2025,13623963,3306172484,0179,9
2025,13623963,3306172484,0174,1
2025,13607126,3306172484,0174,4
2025,10788322,3306172484,0174,0
2025,13602203,3306172484,0177,0
2025,10798065,3306172484,0181p,9
2025,13593120,3306172484,0181p,9
2025,13593120,3306172484,0173,5
2025,13593121,3306172484,0179,4
2025,13608577,3306172484,1709,0
2025,13608577,3306172484,0179,0
2025,12561340,3306172484,0179,7
2025,12561340,3306172484,0171,8
2025,11051785,3306172484,0173,6
2025,10843015,3306172484,0171,5
2025,13593117,3306172484,0181p,0
2025,10581374,3306172484,1709,7
2025,10581374,3306172484,0172,9
2025,13458379,3306172332,0172,0
2025,13593106,3306172332,0179,8
2025,10780778,3306172332,0172,8
2025,11515797,3306172332,0384,7
2025,10740697,3306172332,0400p,8
2025,10740697,3306172332,0172,10
2025,13608890,3306172332,0171,8
2025,10657923,3306172332,0171,9
2025,10657923,3306172332,0172,9
2025,10902331,3306172403,0179,7
2025,10311896,3306172403,0171,7
2025,10790662,3306172403,0171,7
2025,10790662,3306172403,0383,9
2025,10755482,3306172403,0179,6
2025,10755482,3306172403,0384,4
2025,11702324,3306172403,0383,8
2025,11702324,3306172403,0173,4
2025,10610202,3306172403,0383,8
2025,11258786,3306172403,0179,6
2025,10724848,3306172403,0384,4
2025,10796413,3306172403,0384,3
2025,12813996,3306172403,0179,0
2025,10652392,3306172403,0172,9
2025,10790903,3306172403,0384,4
2025,13604001,3306172403,0171,5
2025,13604001,3306172403,0173,4
2025,10919245,3306172053,1232,5
2025,11106237,3306172053,1233,7
2025,11121167,3306172053,1709,6
2025,11120345,3306172053,1709,6
2025,11110260,3306172053,1709,5
2025,10905076,3306172053,1229,5
2025,11114298,3306172053,1233,7
2025,10676509,3306172167,0930,6
2025,13611445,3306172167,0931,10
2025,10699266,3306172167,1010,6
2025,10015387,3306172167,0623,4
2025,12404225,3306172167,1709,0
2025,13598677,3306172167,0623,0
2025,10932819,3306172167,0623,0
2025,10932819,3306172167,0931,0
2025,10904904,3306172167,0931,9
2025,10883675,3306172167,0930,7
2025,10883675,3306172167,1010,7
2025,10895836,3306172167,0179,9
2025,13595716,3306172167,1010,0
2025,10436333,3306172167,0930,4
2025,13598103,3306172167,1709,0
2025,10214849,3306172167,0930,0
2025,10904796,3306172167,0930,6
2025,13506504,3306172167,0931,8
2025,10742412,3306172167,0931,8
2025,10790209,3306172167,1012p,10
2025,10416632,3306172167,0179,9
2025,11313275,3306172167,1709,8
2025,10526778,3306172167,0931,9
2025,10892734,3306172167,0931,6
2025,11416033,3306172135,0623,9
2025,10805487,3306172135,0828p,5
2025,10805487,3306172135,0627,5
2025,10889204,3306172135,0622,6
2025,10889204,3306172135,0625,6
2025,11075020,3306172135,1709,9
2025,10767809,3306172135,0627,6
2025,13112701,3306172135,0179,6
2025,12722909,3306172135,1709,9
2025,10762386,3306172135,0179,4
2025,10762386,3306172135,0622,7
2025,10916125,3306172135,1709,9
2025,10916125,3306172135,0623,7
2025,10885568,3306172135,1709,7
2025,10920099,3306172135,0627,8
2025,10321931,3306169433,243267,4
2025,10321931,3306169433,243266,7
2025,10783295,3306169433,243264,9
2025,10307643,3306169433,243264,7
2025,12687088,3306169433,243264,9
2025,10699142,3306169440,243271,7
2025,10791102,3306169440,243602,7
2025,10347923,3306169440,243602,8
2025,10287428,3306169440,243270,8
2025,13475004,3306169440,243602,9
2025,10869145,3306169440,243271,7
2025,10705571,3306169440,243271,9
2025,13594870,3306173997,0439,8
2025,13594604,3306173997,0441,9
2025,13594604,3306173997,0156,9
2025,13594861,3306173997,0437,6
2025,13289072,3306173997,0439,8
2025,12406107,3306173997,0156,5
2025,11336870,3306173997,0437,9
2025,13592648,3306173997,1709,9
2025,13332555,3306173997,1709,9
2025,10899529,3306173997,0438,7
2025,11347134,3306173997,0438,7
2025,11896491,3306173997,0441,7
2025,11896491,3306173997,0439,8
2025,10806257,3306173997,0438,9
2025,10747126,3306173997,0438,10
2025,10931052,3306173997,0437,7
2025,11168289,3306173997,0437,6
2025,13134429,3306173997,1709,9
2025,11132240,3306173997,1709,9
2025,11132240,3306173997,0439,6
2025,11019069,3306173997,0439,7
2025,11019069,3306173997,0156,6
2025,13356546,3306173997,0437,7
2025,11143320,3306173997,0437,8
2025,11041555,3306173997,0441,10
2025,11802825,3306174048,0657p,7
2025,11802825,3306174048,0648,5
2025,13455395,3306174048,0648,7
2025,13486970,3306174048,0657p,8
2025,13486970,3306174048,0647,8
2025,10910705,3306174048,0179,4
2025,10925424,3306174048,0179,8
2025,10925424,3306174048,0651,8
2025,13101838,3306174048,0657p,7
2025,13457085,3306174048,0650,6
2025,10840996,3306174048,0650,8
2025,13596949,3306174048,0657p,0
2025,10662076,3306174048,0649,7
2025,10926432,3306174048,0651,9
2025,13596536,3306174048,0647,7
2025,10025322,3306174048,0649,0
2025,11552430,3306174048,0649,6
2025,13298754,3306174048,0650,0
2025,13597950,3306174048,0650,8
2025,10509392,3306174048,0648,6
2025,13542655,3306174048,0647,9
2025,10899530,3306174048,0648,6
2025,10737176,3306174048,0650,9
2025,12788547,3306174048,0651,7
2025,10904320,3306174048,0650,8
2025,10709630,3306174048,0657p,5
2025,10709630,3306174048,0650,7
2025,10709630,3306174048,0647,9
2025,11690583,3306174048,0650,6
2025,11690583,3306174048,0648,8
2025,10805501,3306169744,0373,6
2025,10928705,3306169744,0370,6
2025,10823890,3306169744,1709,6
2025,10823890,3306169744,0379p,9
2025,10921245,3306169744,0379p,9
2025,10681199,3306169744,0371,9
2025,10898640,3306169744,0373,5
2025,10784937,3306169744,0379p,10
2025,10911373,3306169744,1709,9
2025,10996327,3306169744,0372,10
2025,10895404,3306169744,0179,10
2025,10679710,3306169651,0485,8
2025,11898422,3306169651,0483,5
2025,10904569,3306169651,0179,9
2025,10462619,3306169651,0179,10
2025,10462619,3306169651,0484,8
2025,13303646,3306169651,0179,3
2025,13593151,3306169651,0484,6
2025,10246766,3306169651,0373,10
2025,10308422,3306169651,0616p,9
2025,10454462,3306169651,0483,6
2025,10472185,3306169651,0179,10
2025,12876207,3306169651,0373,0
2025,12876207,3306169651,0485,0
2025,10463301,3306169651,0484,0
2025,11905649,3306169651,0483,8
2025,13592958,3306169651,0487,0
2025,10900201,3306169651,0483,7
2025,10832166,3306169651,0485,8
2025,10832166,3306169651,0484,8
2025,10756981,3306169651,0485,7
2025,10301350,3306169651,0373,10
2025,10301350,3306169651,0487,10
2025,10301350,3306169651,0484,8
2025,10836046,3306169651,0179,8
2025,10283093,3306169651,0485,0
2025,10299132,3306169651,0616p,0
2025,10819052,3306169651,0373,9
2025,10819052,3306169651,0485,8
2025,10471020,3306169651,0485,7
2025,11126483,3306169593,0222,4
2025,10933605,3306169593,0223,8
2025,10933605,3306169593,0221,8
2025,11251993,3306169593,0222,0
2025,12610265,3306169593,1709,7
2025,12615991,3306169593,0222,0
2025,12615991,3306169593,0156,0
2025,10604690,3306169593,0223,9
2025,10604690,3306169593,0156,9
2025,11248234,3306169593,0222,4
2025,11453697,3306169593,0225,4
2025,10892119,3306169593,0223,7
2025,11417915,3306169593,0221,6
2025,11432717,3306169593,1709,5
2025,10908386,3306169593,0221,3
2025,11504295,3306169593,0225,3
2025,13459021,3306169593,0222,0
2025,10959217,3306169593,0221,7
2025,10959217,3306169593,0156,0
2025,12651696,3306169593,0223,0
2025,10893131,3306169591,0226,8
2025,10893131,3306169591,1710,6
2025,11622314,3306169591,0228,9
2025,13452408,3306169591,1710,9
2025,11002807,3306169591,1708190,10
2025,11013828,3306169591,1710,9
2025,11708808,3306169591,1713707,9
2025,11000271,3306169591,0227,10
2025,11000271,3306169591,1710,8
2025,10500950,3306169751,1708190,7
2025,10635003,3306169751,CVOPT,10
2025,10910600,3306169751,0376,9
2025,10757735,3306169751,CVOPT,5
2025,11082671,3306169751,0376,8
2025,10737949,3306169751,0378,4
2025,10762023,3306169751,0376,7
2025,10762338,3306169751,1710,7
2025,13456011,3306169751,0379s,10
2025,13345475,3306169751,1710,7
2025,10511870,3306169658,1665190,0
2025,10511870,3306169658,0614,0
2025,10511870,3306169658,0612,0
2025,10611084,3306169658,0616s,7
2025,10718934,3306169658,CVOPT,3
2025,10757001,3306169658,1708190,9
2025,10828387,3306169658,0612,1
2025,10736277,3306169658,0616s,9
2025,10688878,3306169658,0614,8
2025,10711924,3306169658,0612,9
2025,10799612,3306170617,1373,9
2025,11514753,3306170617,1708061,10
2025,11514753,3306170617,1371,9
2025,10026298,3306170617,1665061,8
2025,10026298,3306170617,1375s,5
2025,10742238,3306170617,1710,7
2025,10734128,3306170617,1708061,10
2025,10282118,3306170617,CVOPT,10
2025,10378823,3306170617,1665061,10
2025,10688361,3306170617,1375s,5
2025,10827153,3306170617,CVOPT,9
2025,13281768,3306170617,1373,7
2025,10819378,3306170617,1371,9
2025,10786004,3306170617,1373,7
2025,10711950,3306170617,1371,7
2025,11104411,3306170617,1708061,10
2025,11104411,3306170617,1372,8
2025,10725869,3306170617,1710,7
2025,10729560,3306170617,1375s,8
2025,10780789,3306170617,1375s,5
2025,10851445,3306170617,1371,8
2025,10809667,3306170617,1375s,5
2025,10635383,3306170617,1371,5
2025,10635383,3306170617,1373,3
2025,10993558,3306170617,1372,4
2025,10887720,3306173995,0442,8
2025,10929912,3306173995,0448,7
2025,11029440,3306173995,CVOPT,9
2025,11028742,3306173995,0448,6
2025,10911748,3306173995,0442,7
2025,10911748,3306173995,1710,8
2025,11044309,3306173995,1708001,8
2025,11044309,3306173995,1710,7
2025,11033515,3306173995,CVOPT,7
2025,11033515,3306173995,1708001,7
2025,11004486,3306173995,0448,9
2025,11043785,3306173995,CVOPT,8
2025,10835299,3306173995,0442,4
2025,11805803,3306173995,CVOPT,9
2025,11026339,3306173995,CVOPT,7
2025,11026339,3306173995,1664001,10
2025,10905782,3306173995,1708001,7
2025,10905782,3306173995,0446,6
2025,11666166,3306173995,0446,2
2025,11024457,3306173995,0446,8
2025,10911000,3306173995,0443,1
2025,10819061,3306174046,1708001,10
2025,10819061,3306174046,0653,8
2025,10679722,3306174046,1708001,5
2025,10679722,3306174046,0653,2
2025,10961892,3306174046,1708001,3
2025,10024578,3306174046,1665001,7
2025,10024578,3306174046,1708001,6
2025,10824617,3306174046,0655,7
2025,10017455,3306174046,1665001,9
2025,10017455,3306174046,0655,10
2025,10679695,3306174046,1710,6
2025,10789628,3306174046,0654,6
2025,10780784,3306174046,1665001,5
2025,10835676,3306174046,0657s,8
2025,10776755,3306172060,1230,8
2025,10776755,3306172060,1710,7
2025,11798264,3306172060,1234,7
2025,11798264,3306172060,1235,4
2025,10924853,3306172060,1710,8
2025,10787502,3306172060,1710,8
2025,10776722,3306172060,1713925,4
2025,10776722,3306172060,1228,5
2025,10899896,3306172060,1708020,8
2025,10899896,3306172060,1230,8
2025,10904203,3306172060,1228,9
2025,10904203,3306172060,1710,9
2025,12465550,3306172060,1708020,7
2025,11024352,3306172060,1664020,7
2025,11024352,3306172060,1227,4
2025,13099124,3306172060,1708020,9
2025,12607119,3306172060,1230,7
2025,10912726,3306172060,1664020,5
2025,10912726,3306172060,1230,9
2025,11004108,3306172060,1227,9
2025,10766452,3306172133,0827,7
2025,10689201,3306172133,1708020,8
2025,10835673,3306172133,0825,5
2025,11073751,3306172133,0823,7
2025,12912678,3306172133,1708020,8
2025,13473425,3306172133,CVOPT,10
2025,10707892,3306172133,CVOPT,7
2025,10707892,3306172133,0827,6
2025,10766414,3306172133,0825,8
2025,10847609,3306172133,0824,5
2025,10630337,3306172165,1011,5
2025,10764144,3306172165,CVOPT,7
2025,10776549,3306172165,CVOPT,9
2025,10726936,3306172165,1011,6
2025,10726936,3306172165,1110,7
2025,11089472,3306172165,1007,6
2025,10365221,3306172165,1110,8
2025,10852161,3306172165,1708020,8
2025,10852161,3306172165,1007,10
2025,10852161,3306172165,1110,8
2025,10270640,3306172165,1110,3
2025,10263154,3306172165,1008,7
2025,10263154,3306172165,1009,8
2025,13461591,3306172165,1012s,8
2025,10630363,3306172165,CVOPT,8
2025,10805294,3306172165,1110,6
2025,13500949,3306172165,1708020,6
2025,13500949,3306172165,1009,7
2025,13500949,3306172165,1109,6
2025,13525343,3306172165,1008,8
2025,13525343,3306172165,1011,8
2025,10585531,3306172330,1665039,7
2025,10766449,3306172330,0398,4
2025,10766449,3306172330,1710,8
2025,10707825,3306172330,0397,4
2025,10729539,3306172330,0398,9
2025,10530795,3306172330,0180,4
2025,13455702,3306172330,0397,9
2025,10415316,3306172330,0399,9
2025,10415316,3306172330,1710,9
2025,10679964,3306172330,0400s,8
2025,10679964,3306172330,0397,8
2025,10698462,3306172330,0400s,8
2025,10698462,3306172330,1710,7
2025,10749811,3306172410,0385,7
2025,10749811,3306172410,1710,6
2025,10320497,3306172410,1665039,9
2025,10320497,3306172410,0386,8
2025,13450196,3306172410,1710,9
2025,13472424,3306172410,CVOPT,7
2025,13475599,3306172410,CVOPT,9
2025,13475599,3306172410,1710,7
2025,13479949,3306170521,028501,7
2025,10706065,3306170521,028501,0
2025,13323096,3306170521,028504,7
2025,10407199,3306170521,028501,4
2025,13377168,3306170521,028001,10
2025,13377168,3306170521,028503,4
2025,13129964,3306170521,028504,6
2025,11123109,3306170521,028502,4
2025,11135046,3306170521,028001,6
2025,11135046,3306170521,028100,8
2025,11026033,3306170521,028503,4
2025,10762395,3306170521,028001,4
2025,10762395,3306170521,028100,3
2025,10932027,3306170521,028502,4
2025,10932027,3306170521,028100,1
2025,10914786,3306170521,028100,7
2025,13246193,3306170521,028504,6
2025,11010717,3306170521,028001,7
2025,13156002,3306170521,028502,9
2025,10241444,3306170521,028505,6
2025,13289086,3306170521,028502,7
2025,11095340,3306170521,028504,7
2025,11095340,3306170521,028001,7
2025,11095340,3306170521,028503,4
2025,12623376,3306170521,028503,8
2025,13538314,3306170521,028504,0
2025,13538314,3306170521,028505,0
2025,13538314,3306170521,028503,0
2025,13518965,3306170521,028505,0
2025,10885488,3306170521,028501,4
2025,10407158,3306170521,028502,4
2025,11116523,3306170521,028503,4
2025,11101503,3306170521,028501,7
2025,11028307,3306170521,028503,4
2025,10913618,3306170521,028505,0
2025,10913618,3306170521,028001,0
2025,10913618,3306170521,028503,0
2025,11906482,3306170521,028001,9
2025,11906482,3306170521,028503,8
2025,13598561,3306170521,028501,8
2025,13160174,3306170521,028502,0
2025,11899562,3306170521,028502,6
2025,10992542,3306170521,028505,0
2025,10782041,3306170521,028505,4
2025,10805472,3306170521,028502,7
2025,13388119,3306170521,028505,0
2025,13388119,3306170521,028001,3
2025,11103555,3306170521,028100,8
2025,10795396,3306170521,028100,10
2025,13506891,3306170521,028505,9
2025,12406893,3306170521,028503,6
2025,13518817,3306170521,028100,6
2025,10740566,3306170619,1369,8
2025,12649264,3306170619,1375p,9
2025,10913687,3306170619,1368,8
2025,10736761,3306170619,1370,4
2025,10834105,3306170619,1367,8
2025,13594581,3306170619,1367,4
2025,10914260,3306170619,0179,4
2025,10931524,3306170619,1709,10
2025,10931524,3306170619,1369,10
2025,10636216,3306170619,1370,7
2025,10714135,3306170619,0179,0
2025,10678151,3306170619,1370,0
2025,10711961,3306170619,1367,4
2025,10677457,3306170619,1375p,4
2025,10909929,3306170619,1367,7
2025,10758727,3306170619,0179,4
2025,10903526,3306170619,1370,8
2025,10610022,3306170619,1367,7
2025,12413993,3306172484,1709,0
2025,13228273,3306172484,0177,0
2025,13561737,3306172484,0172,3
2025,10305806,3306172484,0177,5
2025,13608584,3306172484,0179,4
2025,10798065,3306172484,0172,9
2025,10379063,3306172484,0174,2
2025,13598131,3306172484,0174,0
2025,13608590,3306172484,0177,0
2025,10707659,3306172484,0173,0
2025,13593119,3306172484,0179,10
2025,10895710,3306172332,1709,6
2025,13458379,3306172332,0384,0
2025,13460187,3306172332,0172,0
2025,10583520,3306172332,0179,9
2025,13593106,3306172332,0400p,8
2025,12151924,3306172332,0384,8
2025,10780778,3306172332,0400p,8
2025,13593493,3306172332,0400p,0
2025,11515797,3306172332,0400p,8
2025,11515797,3306172332,0172,10
2025,10790662,3306172403,0384,3
2025,11405737,3306172403,0179,0
2025,10796413,3306172403,0172,5
2025,10652392,3306172403,0173,9
2025,13604001,3306172403,0384,3
2025,10924004,3306172053,1709,5
2025,10924004,3306172053,1229,4
2025,10924004,3306172053,1231,4
2025,10996182,3306172053,0156,6
2025,12953439,3306172053,1233,8
2025,10803891,3306172053,1709,5
2025,11245068,3306172167,1709,0
2025,10699266,3306172167,0623,5
2025,12404225,3306172167,1010,0
2025,10560755,3306172167,1010,7
2025,10199483,3306172167,1012p,0
2025,10425558,3306172167,1709,7
2025,10425558,3306172167,0179,7
2025,12565921,3306172167,1012p,9
2025,10929310,3306172167,0179,9
2025,10463434,3306172167,0931,0
2025,10894622,3306172167,0179,8
2025,10730721,3306172167,0179,9
2025,10895836,3306172167,1012p,9
2025,10895836,3306172167,0931,9
2025,12500676,3306172167,0179,9
2025,12561661,3306172167,0930,4
2025,10919736,3306172167,0179,5
2025,11242827,3306172167,0931,8
2025,11313275,3306172167,0623,7
2025,10351884,3306172167,1010,1
2025,10792044,3306172167,0623,6
2025,10833008,3306172167,0179,7
2025,10893829,3306172167,1010,8
2025,10928697,3306172167,1012p,8
2025,12152515,3306172167,0930,4
2025,10761942,3306172135,0828p,7
2025,10761942,3306172135,0625,7
2025,10889204,3306172135,0179,6
2025,11744036,3306172135,0622,9
2025,13593226,3306172135,0625,7
2025,13593226,3306172135,0623,7
2025,13112701,3306172135,0622,8
2025,11336367,3306172135,0625,6
2025,11336367,3306172135,0623,7
2025,11709509,3306172135,0627,6
2025,10762386,3306172135,0625,7
2025,10884465,3306172135,0179,9
2025,10757281,3306169433,243265,8
2025,10307643,3306169433,243267,9
2025,13043456,3306169433,243264,4
2025,12687088,3306169433,243265,9
2025,10645924,3306169433,243264,8
2025,10745463,3306169433,243266,9
2025,10745463,3306169433,243264,10
2025,10827161,3306169433,243265,7
2025,10827161,3306169433,243267,8
2025,13593116,3306169433,243265,8
2025,10698470,3306169440,243604,7
2025,11285049,3306169440,243604,8
2025,10347923,3306169440,243604,5
2025,10783224,3306169440,243604,7
2025,10783224,3306169440,243271,8
2025,13467527,3306169440,243270,8
2025,10869145,3306169440,243604,6
2025,10925591,3306173997,0438,8
2025,13594604,3306173997,1709,7
2025,11241256,3306173997,0441,9
2025,13514838,3306173997,0156,4
2025,13162455,3306173997,0437,6
2025,11055715,3306173997,0438,7
2025,11038609,3306173997,0438,10
2025,11899732,3306173997,0437,0
2025,13626945,3306173997,0156,4
2025,11896491,3306173997,1709,6
2025,10907141,3306173997,0441,1
2025,11168289,3306173997,0439,6
2025,10832115,3306173997,1709,8
2025,10847700,3306173997,0441,9
2025,10996773,3306173997,0441,9
2025,11132240,3306173997,0441,9
2025,11008351,3306173997,0437,6
2025,11019069,3306173997,1709,8
2025,12647763,3306173997,0156,0
2025,10352292,3306173997,0441,0
2025,10352292,3306173997,0438,0
2025,13356546,3306173997,0441,10
2025,11041555,3306173997,0439,7
2025,11259014,3306174048,0649,0
2025,13304340,3306174048,0657p,7
2025,13304340,3306174048,0179,1
2025,12859504,3306174048,0179,8
2025,11802825,3306174048,0179,4
2025,10895723,3306174048,0647,4
2025,10925424,3306174048,0649,7
2025,13101838,3306174048,0650,9
2025,11904167,3306174048,0648,7
2025,10840996,3306174048,0648,4
2025,13596949,3306174048,0647,0
2025,13456235,3306174048,0647,9
2025,10707710,3306174048,0657p,8
2025,10243725,3306174048,0647,0
2025,12116573,3306174048,0657p,9
2025,12116573,3306174048,0647,10
2025,11071688,3306174048,0647,4
2025,10899530,3306174048,0650,5
2025,10832907,3306174048,0650,8
2025,10840806,3306174048,0657p,7
2025,10840806,3306174048,0649,8
2025,12788547,3306174048,0657p,8
2025,12788547,3306174048,0179,4
2025,10924358,3306174048,0657p,8
2025,10924358,3306174048,0650,6
2025,13263684,3306174048,0649,9
2025,12736231,3306174048,0179,2
2025,12736231,3306174048,0651,5
2025,12736231,3306174048,0650,10
2025,12478421,3306174048,0650,8
2025,10779855,3306174048,0651,6
2025,10779855,3306174048,0649,2
2025,10928705,3306169744,0373,5
2025,10921245,3306169744,1709,8
2025,10681199,3306169744,0379p,9
2025,10681199,3306169744,0369,8
2025,10898640,3306169744,0379p,9
2025,11226702,3306169744,0379p,9
2025,10911373,3306169744,0371,9
2025,10427570,3306169651,0179,0
2025,10311349,3306169651,0373,0
2025,10803070,3306169651,0487,9
2025,10308422,3306169651,0483,9
2025,10454462,3306169651,0487,5
2025,10399842,3306169651,0483,4
2025,10837080,3306169651,0485,6
2025,10837080,3306169651,0484,9
2025,10308750,3306169651,0373,8
2025,10308750,3306169651,0487,7
2025,12730778,3306169651,0487,0
2025,10472185,3306169651,0485,10
2025,10472185,3306169651,0484,9
2025,12876207,3306169651,0179,0
2025,12876207,3306169651,0487,0
2025,13593175,3306169651,0485,0
2025,11905649,3306169651,0373,8
2025,13352871,3306169651,0373,0
2025,11197655,3306169651,0483,9
2025,10888617,3306169651,0179,7
2025,10888617,3306169651,0487,7
2025,10301350,3306169651,0483,8
2025,10904666,3306169651,0485,8
2025,10836046,3306169651,0487,5
2025,10299132,3306169651,0484,0
2025,10310048,3306169651,0485,7
2025,10404419,3306169651,0616p,0
2025,10404419,3306169651,0487,10
2025,10819052,3306169651,0487,9
2025,10884600,3306169651,0616p,9
2025,10884600,3306169651,0487,9
2025,13458925,3306169651,0616p,9
2025,11126483,3306169593,0221,8
2025,10405869,3306169593,0225,2
2025,11829256,3306169593,0221,7
2025,11829256,3306169593,0222,4
2025,10270606,3306169593,0225,8
2025,11251993,3306169593,0225,0
2025,11453697,3306169593,1709,5
2025,11134533,3306169593,0225,9
2025,12919510,3306169593,0221,6
2025,11100333,3306169593,0222,9
2025,10405932,3306169593,1709,0
2025,13288296,3306169593,0221,9
2025,13288296,3306169593,0222,8
2025,10897212,3306169593,0225,2
2025,12651696,3306169593,0225,0
2025,12651696,3306169593,0222,0
2025,10982502,3306169593,0223,3
2025,10812899,3306169591,1713707,8
2025,11009276,3306169591,0224,3
2025,12472787,3306169591,0228,7
2025,11035843,3306169591,0227,2
2025,10500950,3306169751,0376,4
2025,10500950,3306169751,0374,1
2025,10910600,3306169751,0379s,9
2025,10849397,3306169751,CVOPT,10
2025,10849397,3306169751,0374,8
2025,12854002,3306169751,0376,6
2025,10840811,3306169751,1665190,10
2025,10823812,3306169751,1665190,9
2025,13456011,3306169751,0376,8
2025,13345475,3306169751,0376,8
2025,10511870,3306169658,CVOPT,0
2025,10770657,3306169658,0616s,6
2025,10711977,3306169658,1710,7
2025,10856605,3306169658,1665190,8
2025,10856605,3306169658,0616s,6
2025,10643328,3306169658,0616s,8
2025,10810051,3306169658,1708190,8
2025,10758419,3306169658,0615,3
2025,10635824,3306169658,0614,8
2025,10635513,3306169658,1665190,4
2025,10635513,3306169658,CVOPT,5
2025,10635513,3306169658,0616s,5
2025,10635513,3306169658,0615,5
2025,10799612,3306170617,1374,10
2025,10834174,3306170617,CVOPT,8
2025,10834174,3306170617,1371,9
2025,10834174,3306170617,1373,7
2025,10734128,3306170617,1710,9
2025,10282118,3306170617,1372,9
2025,10378823,3306170617,CVOPT,10
2025,10944114,3306170617,1374,6
2025,10803120,3306170617,1373,9
2025,10827153,3306170617,1371,9
2025,10809557,3306170617,1374,8
2025,10793376,3306170617,1374,7
2025,13281768,3306170617,1710,3
2025,10122344,3306170617,1371,10
2025,10819378,3306170617,1372,8
2025,10819378,3306170617,1373,9
2025,10819378,3306170617,1374,8
2025,13273466,3306170617,1371,8
2025,10776515,3306170617,1665061,6
2025,10776515,3306170617,1371,9
2025,10725869,3306170617,1373,7
2025,13462544,3306170617,1710,7
2025,10780789,3306170617,1372,7
2025,10515381,3306170617,1372,7
2025,13167864,3306170617,1373,8
2025,11649375,3306170617,CVOPT,9
2025,10737175,3306173995,0443,7
2025,10911568,3306173995,0448,6
2025,10911748,3306173995,1713472,6
2025,11039273,3306173995,1664001,9
2025,10835299,3306173995,CVOPT,6
2025,10905782,3306173995,1713472,8
2025,10905782,3306173995,0442,6
2025,11024457,3306173995,0442,9
2025,10679723,3306174046,0655,7
2025,10679723,3306174046,0653,4
2025,10677900,3306174046,0653,4
2025,10677900,3306174046,0654,4
2025,10819061,3306174046,0657s,10
2025,10819061,3306174046,0655,7
2025,10819061,3306174046,1710,7
2025,10961892,3306174046,0654,6
2025,10024578,3306174046,0654,6
2025,10679709,3306174046,0654,5
2025,10025295,3306174046,0656,6
2025,10025295,3306174046,1710,4
2025,12332046,3306174046,1708001,5
2025,10906957,3306174046,0653,5
2025,10840138,3306174046,0653,4
2025,10835676,3306174046,1710,5
2025,10711948,3306174046,0654,4
2025,10931235,3306172060,1713925,4
2025,11798264,3306172060,1713925,4
2025,11798264,3306172060,1664020,5
2025,10776722,3306172060,1230,6
2025,10648909,3306172060,1234,5
2025,13291541,3306172060,1228,7
2025,13099124,3306172060,1235,8
2025,10889537,3306172060,1230,7
2025,12912678,3306172133,0823,8
2025,12912678,3306172133,1710,9
2025,10487336,3306172133,0825,8
2025,10857816,3306172133,0827,9
2025,11388211,3306172133,0828s,9
2025,11388211,3306172133,0824,7
2025,10806298,3306172165,1008,4
2025,10806298,3306172165,1011,8
2025,10754604,3306172165,1708020,5
2025,10796065,3306172165,1008,4
2025,10796065,3306172165,1011,6
2025,11089472,3306172165,1110,8
2025,10813126,3306172165,1007,8
2025,10918602,3306172165,CVOPT,9
2025,10852161,3306172165,CVOPT,9
2025,10852161,3306172165,1665020,9
2025,10270640,3306172165,1007,5
2025,10270640,3306172165,1009,3
2025,13054040,3306172165,1109,7
2025,10630363,3306172165,1708020,8
2025,13500909,3306172165,1008,3
2025,13500909,3306172165,1011,6
2025,13500909,3306172165,1110,8
2025,10585531,3306172330,0397,4
2025,10835750,3306172330,0398,4
2025,10645102,3306172330,1708039,8
2025,10820272,3306172330,0399,4
2025,10707825,3306172330,0400s,6
2025,10707825,3306172330,1665039,5
2025,10698109,3306172330,0400s,9
2025,10719000,3306172330,0180,5
2025,10415316,3306172330,CVOPT,9
2025,13487222,3306172330,CVOPT,8
2025,10679964,3306172330,1708039,8
2025,13455952,3306172482,1708039,7
2025,13455952,3306172482,1710,6
2025,10687498,3306172410,1708039,9
2025,10687498,3306172410,0386,8
2025,13450196,3306172410,CVOPT,9
2025,13450196,3306172410,0385,8
2025,10676318,3306172410,1665039,5
2025,13472424,3306172410,1710,4
2025,13475662,3306172410,0385,8
2025,10514139,3306172410,1708039,8
2025,10514139,3306172410,1710,7
2025,11802023,3306170521,028501,6
2025,13323096,3306170521,028501,3
2025,13596825,3306170521,028503,7
2025,13532312,3306170521,028504,9
2025,13532312,3306170521,028505,8
2025,11103695,3306170521,028001,6
2025,11123109,3306170521,028501,1
2025,10906500,3306170521,028505,8
2025,11026033,3306170521,028001,10
2025,10892583,3306170521,028502,7
2025,11519407,3306170521,028501,6
2025,13162439,3306170521,028503,7
2025,13246193,3306170521,028505,4
2025,11128032,3306170521,028504,9
2025,13456990,3306170521,028503,7
2025,12081920,3306170521,028100,8
2025,10839018,3306170521,028501,3
2025,11010717,3306170521,028504,8
2025,13156002,3306170521,028504,8
2025,10241444,3306170521,028504,5
2025,10241444,3306170521,028503,6
2025,10241444,3306170521,028501,6
2025,13289086,3306170521,028100,9
2025,11095340,3306170521,028100,8
2025,10912191,3306170521,028501,3
2025,11101503,3306170521,028001,7
2025,12051056,3306170521,028503,7
2025,10913618,3306170521,028501,0
2025,12848026,3306170521,028502,0
2025,12848026,3306170521,028501,0
2025,12848026,3306170521,028100,6
2025,10897219,3306170521,028505,4
2025,10897219,3306170521,028501,9
2025,13160174,3306170521,028501,0
2025,11899562,3306170521,028503,4
2025,10782041,3306170521,028503,5
2025,10805472,3306170521,028501,2
2025,10795396,3306170521,028504,9
2025,13518817,3306170521,028501,8
2025,12587578,3306170521,028001,9
2025,11837899,3306170521,028502,0
2025,10889150,3306170619,1369,9
2025,10702473,3306170619,1370,8
2025,10736761,3306170619,1369,8
2025,11312003,3306170619,1370,8
2025,11790026,3306170619,0179,0
2025,10735252,3306170619,0179,8
2025,10784831,3306170619,1369,0
2025,10931524,3306170619,1367,8
2025,11337604,3306170619,1368,4
2025,10886973,3306170619,1375p,9
2025,10928805,3306170619,1370,4
2025,10927613,3306170619,1368,8
2025,10911185,3306170619,1375p,10
2025,10899960,3306170619,1367,8
2025,13598749,3306170619,1368,4
2025,10659496,3306170619,1370,10
2025,10652365,3306172484,1709,6
2025,13228273,3306172484,0172,0
2025,13228273,3306172484,0173,0
2025,10788322,3306172484,0172,0
2025,13551232,3306172484,0177,0
2025,13593121,3306172484,1709,3
2025,13602219,3306172484,0172,0
2025,13608590,3306172484,0172,3
2025,13605770,3306172484,0181p,9
2025,13605770,3306172484,0172,5
2025,10843015,3306172484,0177,6
2025,13593251,3306172484,0181p,9
2025,13593117,3306172484,0179,0
2025,13593119,3306172484,0174,8
2025,10895710,3306172332,0171,8
2025,10895710,3306172332,0172,8
2025,13458379,3306172332,0400p,0
2025,13460187,3306172332,0171,0
2025,13598941,3306172332,0400p,8
2025,13598941,3306172332,0172,8
2025,13445476,3306172332,1709,5
2025,10583520,3306172332,1709,7
2025,12151924,3306172332,0400p,8
2025,10780778,3306172332,0173,6
2025,13593493,3306172332,0172,0
2025,13608890,3306172332,0172,9
2025,13608890,3306172332,0173,7
2025,10025712,3306172403,0171,8
2025,12908126,3306172403,0171,8
2025,12908126,3306172403,0172,8
2025,11405737,3306172403,0173,0
2025,10724848,3306172403,0388p,10
2025,10724848,3306172403,0171,8
2025,10724848,3306172403,0172,7
2025,10892142,3306172403,0172,8
2025,10892142,3306172403,0173,8
2025,10690363,3306172403,0384,6
2025,10690363,3306172403,0173,9
2025,10790903,3306172403,0179,6
2025,10654915,3306172053,1709,0
2025,10654915,3306172053,1229,0
2025,10654915,3306172053,1233,0
2025,10919245,3306172053,1231,4
2025,11120345,3306172053,1233,7
2025,10803891,3306172053,0156,5
2025,10803891,3306172053,1229,5
2025,11110260,3306172053,1229,5
2025,11099468,3306172053,1231,9
2025,11036037,3306172053,1709,5
2025,11114298,3306172053,1229,4
2025,10803879,3306172053,1229,2
2025,11433993,3306172053,1229,7
2025,13611445,3306172167,1709,8
2025,10866312,3306172167,0931,7
2025,10894753,3306172167,0623,2
2025,13598677,3306172167,0931,0
2025,10303205,3306172167,0930,0
2025,10303205,3306172167,1010,0
2025,12565921,3306172167,0930,5
2025,12565921,3306172167,1010,6
2025,10929310,3306172167,0930,9
2025,10929310,3306172167,1010,8
2025,10516442,3306172167,0931,7
2025,10932819,3306172167,0930,0
2025,10894622,3306172167,0931,8
2025,13595716,3306172167,1012p,0
2025,12500676,3306172167,0931,9
2025,13598103,3306172167,0623,0
2025,13598103,3306172167,0930,0
2025,10904796,3306172167,0623,3
2025,10904796,3306172167,1010,7
2025,10790209,3306172167,0931,9
2025,12900452,3306172167,1012p,7
2025,10883924,3306172167,0931,3
2025,10351884,3306172167,0931,4
2025,10730207,3306172167,0623,5
2025,10526778,3306172167,1012p,9
2025,10833008,3306172167,0930,3
2025,12152515,3306172167,1010,3
2025,13170472,3306172135,0828p,6
2025,11136005,3306172135,0622,3
2025,11709509,3306172135,0622,7
2025,10884465,3306172135,0828p,4
2025,10687998,3306169433,243266,8
2025,10780813,3306169433,243265,4
2025,10780813,3306169433,243267,7
2025,11066151,3306169440,243602,6
2025,10791102,3306169440,243271,7
2025,13467527,3306169440,243602,9
2025,13467527,3306169440,243271,8
2025,10287428,3306169440,243604,7
2025,10287348,3306169440,243270,8
2025,10814418,3306169440,243271,4
2025,13447274,3306169440,243604,8
2025,13594870,3306173997,0438,7
2025,13594861,3306173997,0441,5
2025,11241256,3306173997,0438,7
2025,13514838,3306173997,1709,7
2025,13289072,3306173997,0441,9
2025,11336870,3306173997,0437,9
2025,13529587,3306173997,0441,8
2025,11347134,3306173997,0441,6
2025,13615239,3306173997,0439,9
2025,10835148,3306173997,0439,8
2025,13626945,3306173997,0439,8
2025,10931052,3306173997,0156,7
2025,10832115,3306173997,0437,4
2025,10832115,3306173997,0441,1
2025,10996773,3306173997,0438,9
2025,10996773,3306173997,0156,5
2025,10633944,3306173997,0441,1
2025,10633944,3306173997,0438,7
2025,11109924,3306173997,0156,9
2025,11133386,3306173997,1709,9
2025,12647763,3306173997,0439,0
2025,12647763,3306173997,0438,0
2025,10938365,3306173997,0438,4
2025,10404730,3306173997,0437,6
2025,11053348,3306173997,0156,7
2025,13596973,3306174048,0657p,6
2025,13597020,3306174048,0657p,4
2025,13537130,3306174048,0650,2
2025,10243668,3306174048,0647,5
2025,12745122,3306174048,0650,5
2025,10910705,3306174048,0647,7
2025,13457085,3306174048,0651,7
2025,10840996,3306174048,0179,7
2025,13596949,3306174048,0650,0
2025,13596949,3306174048,0648,0
2025,13472424,3306172410,0180,4
2025,10320497,3306172410,0180,9
2025,11101503,3306170521,028505,7
2025,11103555,3306170521,028502,9
2025,12885212,3306170619,1709,9
2025,10914452,3306170619,1709,8
2025,13598749,3306170619,1709,5
2025,13090097,3306170719,1371,4
2025,13593120,3306172484,0174,3
2025,13593121,3306172484,0174,4
2025,10989676,3306172484,0174,8
2025,10311896,3306172403,1709,8
2025,10892142,3306172403,1709,7
2025,10652392,3306172403,1709,9
2025,12953439,3306172053,1226,9
2025,10803891,3306172053,1226,7
2025,11036037,3306172053,1226,5
2025,11433993,3306172053,1226,6
2025,11114298,3306172053,1226,4
2025,11433993,3306172053,0156,9
2025,11114298,3306172053,0156,4
2025,11120345,3306172053,0156,4
2025,10895836,3306172167,1709,8
2025,10883675,3306172167,1709,6
2025,10919736,3306172167,1709,6
2025,10893829,3306172167,1709,8
2025,10833008,3306172167,1012p,4
2025,11170959,3306173997,0440,9
2025,11241256,3306173997,0440,9
2025,12461270,3306173997,0440,0
2025,13626945,3306173997,0440,9
2025,10421015,3306173997,0440,7
2025,13594777,3306173997,0440,10
2025,13529587,3306173997,0440,7
2025,11899732,3306173997,0440,0
2025,10847700,3306173997,0440,9
2025,10633944,3306173997,0440,8
2025,11136115,3306173997,0440,7
2025,10806257,3306173997,0440,7
2025,11132240,3306173997,0440,9
2025,13486970,3306174048,0648,6
2025,13542655,3306174048,0648,9
2025,10511438,3306174048,0648,0
2025,12565877,3306174048,0648,0
2025,13597950,3306174048,0651,5
2025,13593239,3306174048,0651,6
2025,13597527,3306174048,1709,6
2025,13593239,3306174048,1709,7
2025,10904320,3306174048,1709,7
2025,13303646,3306169651,1709,5
2025,10308750,3306169651,1709,7
2025,10472185,3306169651,1709,7
2025,10471020,3306169651,1709,5
2025,13593151,3306169651,1709,6
2025,10900298,3306169651,0616p,10
2025,10836046,3306169651,0616p,10
2025,13232436,3306169651,0616p,9
2025,10813139,3306169751,0375,4
2025,10737949,3306169751,0375,1
2025,13456011,3306169751,0375,8
2025,10679695,3306174046,CVOPT,9
2025,10835676,3306174046,CVOPT,8
2025,10711948,3306174046,CVOPT,8
2025,10780784,3306174046,0655,6
2025,10742998,3306174046,0655,10
2025,10906957,3306174046,0655,8
2025,10889537,3306172060,CVOPT,9
2025,10776722,3306172060,CVOPT,5
2025,10904203,3306172060,CVOPT,10
2025,10766452,3306172133,0822,8
2025,10734184,3306172133,0822,4
2025,10707892,3306172133,0822,7
2025,10648032,3306172330,CVOPT,6
2025,10698109,3306172330,CVOPT,8
2025,10679964,3306172330,CVOPT,8
2025,10675936,3306172330,CVOPT,8
2025,13454999,3306172410,1708039,8
2025,12051056,3306170521,028502,9
2025,10782041,3306170521,028502,7
2025,10780778,3306172332,0383,7
2025,11515797,3306172332,0383,8
2025,13593493,3306172332,0179,0
2025,10929310,3306172167,1012p,9
2025,10735482,3306172167,1012p,9
2025,10931052,3306173997,0438,7
2025,10911748,3306173995,CVOPT,8
2025,12607119,3306172060,CVOPT,8
2025,10835673,3306172133,0826,6
2025,11073751,3306172133,1665020,8
2025,10745573,3306172330,0399,9
2025,13455952,3306172482,0178,7
2025,10845796,3306170719,1371,6
2025,11100435,3306172053,1226,4
2025,10487345,3306172167,0623,6
2025,11138087,3306173997,0438,9
2025,10931052,3306173997,0440,7
2025,12859504,3306174048,1709,10
2025,13596536,3306174048,0657p,7
2025,13596536,3306174048,0650,7
2025,10243725,3306174048,0650,0
2025,13597950,3306174048,0179,7
2025,13597527,3306174048,0657p,6
2025,11071688,3306174048,0179,0
2025,10509392,3306174048,0649,7
2025,13542655,3306174048,0651,9
2025,10835742,3306174048,0651,0
2025,10511438,3306174048,0650,0
2025,13009073,3306174048,0647,3
2025,10254912,3306174048,0650,9
2025,10832907,3306174048,0648,7
2025,10737176,3306174048,0647,8
2025,10698482,3306174048,0179,5
2025,10805501,3306169744,0372,10
2025,10915302,3306169744,1709,7
2025,10921245,3306169744,0371,8
2025,10898640,3306169744,0372,9
2025,10904793,3306169744,0370,8
2025,11226702,3306169744,0372,9
2025,10910799,3306169744,0179,9
2025,10912321,3306169744,0370,9
2025,10904569,3306169651,0487,7
2025,10263445,3306169651,0485,4
2025,10263445,3306169651,0484,6
2025,10901180,3306169651,0616p,9
2025,10462619,3306169651,0616p,10
2025,10931085,3306169651,0616p,10
2025,10931085,3306169651,0487,5
2025,10891759,3306169651,0616p,9
2025,11905649,3306169651,0487,7
2025,10832166,3306169651,0487,9
2025,10900298,3306169651,0373,9
2025,10909591,3306169651,0485,9
2025,10814397,3306169651,0487,0
2025,10381670,3306169651,1709,0
2025,10904666,3306169651,0487,6
2025,10283093,3306169651,0179,0
2025,10346246,3306169651,0483,2
2025,10310048,3306169651,0179,8
2025,11318786,3306169651,0484,0
2025,11061166,3306169651,0179,0
2025,10404419,3306169651,1709,8
2025,10796752,3306169593,0223,7
2025,10404633,3306169593,0221,0
2025,10270606,3306169593,0222,9
2025,12610265,3306169593,0225,7
2025,10999069,3306169593,0156,5
2025,10892119,3306169593,1709,7
2025,12736641,3306169593,0223,4
2025,11417915,3306169593,0225,4
2025,10996376,3306169593,0156,8
2025,10705603,3306169593,0225,7
2025,10835716,3306169593,0223,0
2025,10897212,3306169593,0222,4
2025,10429996,3306169593,0222,4
2025,13546750,3306169593,1709,7
2025,10308852,3306169593,0221,1
2025,11432717,3306169593,0225,2
2025,11432717,3306169593,0156,9
2025,10858044,3306169593,0225,7
2025,10982502,3306169593,0221,5
2025,10917865,3306169591,0226,7
2025,10812899,3306169591,0227,3
2025,10776723,3306169591,0226,8
2025,10776723,3306169591,1710,8
2025,10903261,3306169591,1708190,10
2025,10903261,3306169591,1713707,10
2025,13452408,3306169591,CVOPT,10
2025,11013828,3306169591,1708190,9
2025,11029392,3306169591,0224,4
2025,10762343,3306169751,1665190,10
2025,10762343,3306169751,0379s,9
2025,10910600,3306169751,0374,9
2025,10757735,3306169751,0375,2
2025,10840811,3306169751,1708190,10
2025,10737949,3306169751,1665190,9
2025,10799789,3306169751,0374,8
2025,10652371,3306169751,1710,9
2025,10762023,3306169751,CVOPT,10
2025,10762023,3306169751,0375,8
2025,10813139,3306169751,0379s,9
2025,10762338,3306169751,0377,3
2025,10762338,3306169751,0374,7
2025,10823812,3306169751,0375,7
2025,10823812,3306169751,0377,7
2025,10823812,3306169751,0376,8
2025,10511870,3306169658,1710,0
2025,10797348,3306169658,0614,6
2025,10797348,3306169658,0613,8
2025,10770657,3306169658,1708190,9
2025,10711977,3306169658,0614,3
2025,10856605,3306169658,0615,8
2025,10643328,3306169658,1665190,8
2025,10718934,3306169658,0616s,3
2025,10757001,3306169658,0613,3
2025,10828387,3306169658,0616s,8
2025,10828387,3306169658,0613,2
2025,10758419,3306169658,0612,3
2025,10688878,3306169658,0612,10
2025,10797980,3306169658,CVOPT,3
2025,10711924,3306169658,1708190,4
2025,11251967,3306170617,1710,4
2025,11341745,3306170617,1708061,8
2025,10781492,3306170617,1371,3
2025,10783707,3306170617,1372,9
2025,10783707,3306170617,1374,9
2025,10835968,3306170617,1665061,10
2025,10282118,3306170617,1665061,9
2025,10688361,3306170617,1371,7
2025,10993836,3306170617,1375s,5
2025,10809557,3306170617,1371,9
2025,10819488,3306170617,1373,8
2025,13281768,3306170617,1372,4
2025,10819378,3306170617,1708061,10
2025,13242092,3306170617,1374,8
2025,10652580,3306170617,1373,9
2025,10413312,3306170617,1710,8
2025,10780789,3306170617,1665061,9
2025,10515381,3306170617,1371,8
2025,10993558,3306170617,1665061,6
2025,10737175,3306173995,1664001,10
2025,10737175,3306173995,0446,6
2025,10737175,3306173995,0442,5
2025,10929912,3306173995,1713472,9
2025,11671982,3306173995,0448,6
2025,11029440,3306173995,1664001,10
2025,11029440,3306173995,1708001,9
2025,11028742,3306173995,1713472,6
2025,10911748,3306173995,1664001,9
2025,10911748,3306173995,0448,8
2025,10787257,3306173995,0448,4
2025,10929818,3306173995,1664001,9
2025,11033515,3306173995,0443,6
2025,11004486,3306173995,0446,8
2025,11043785,3306173995,0442,8
2025,10995299,3306173995,CVOPT,10
2025,10995299,3306173995,1664001,9
2025,10995299,3306173995,1710,9
2025,11805803,3306173995,1713472,6
2025,11805803,3306173995,0442,8
2025,11666166,3306173995,1708001,3
2025,11666166,3306173995,1710,3
2025,11027361,3306173995,0446,4
2025,10787655,3306173995,1708001,4
2025,10787655,3306173995,0442,5
2025,10961892,3306174046,1665001,8
2025,10017455,3306174046,CVOPT,10
2025,10017455,3306174046,0653,9
2025,10679695,3306174046,0656,9
2025,10789628,3306174046,0653,6
2025,10679709,3306174046,0657s,7
2025,12332046,3306174046,0655,6
2025,10742998,3306174046,CVOPT,10
2025,10780784,3306174046,0656,7
2025,10835676,3306174046,0654,4
2025,10931235,3306172060,1664020,5
2025,10924853,3306172060,1713925,8
2025,10924853,3306172060,1664020,7
2025,10787502,3306172060,1664020,7
2025,10776722,3306172060,1235,4
2025,10899896,3306172060,1228,7
2025,10904203,3306172060,1230,9
2025,12607119,3306172060,1713925,7
2025,12607119,3306172060,1227,7
2025,10805007,3306172060,1713925,5
2025,10912726,3306172060,1713925,5
2025,11004108,3306172060,CVOPT,8
2025,10766452,3306172133,0823,8
2025,10835673,3306172133,0823,5
2025,10856038,3306172133,1665020,4
2025,11073751,3306172133,0827,7
2025,10707892,3306172133,1665020,8
2025,10707892,3306172133,0825,7
2025,10487336,3306172133,0822,8
2025,10857816,3306172133,CVOPT,9
2025,10630337,3306172165,1007,6
2025,10630337,3306172165,1110,6
2025,10365221,3306172165,1011,6
2025,10813126,3306172165,1708020,8
2025,10813126,3306172165,1008,4
2025,10813126,3306172165,1109,8
2025,10852161,3306172165,1009,9
2025,10824007,3306172165,1110,7
2025,10270640,3306172165,1109,6
2025,10530803,3306172165,1665020,9
2025,13054040,3306172165,1012s,7
2025,13054040,3306172165,1011,6
2025,10630363,3306172165,1009,8
2025,10610084,3306172165,1008,8
2025,11627062,3306172330,CVOPT,9
2025,10835750,3306172330,0400s,8
2025,10835750,3306172330,0399,4
2025,10820272,3306172330,0397,8
2025,10698109,3306172330,1665039,10
2025,10719000,3306172330,1708039,8
2025,13487222,3306172330,0399,9
2025,13456027,3306172330,1710,5
2025,10254373,3306172482,0180,8
2025,10254373,3306172482,0176,8
2025,13455952,3306172482,0180,8
2025,10759237,3306172410,1665039,9
2025,10759237,3306172410,0385,7
2025,10742128,3306172410,0385,8
2025,10761594,3306172410,0386,7
2025,11330085,3306172410,1708039,5
2025,11330085,3306172410,0388s,6
2025,10676318,3306172410,0180,7
2025,10514139,3306172410,0180,8
2025,12912453,3306172410,1710,7
2025,11019862,3306170521,028501,2
2025,10964248,3306170521,028502,0
2025,10407199,3306170521,028100,9
2025,13377168,3306170521,028502,6
2025,13278454,3306170521,028502,8
2025,13278454,3306170521,028001,6
2025,11574134,3306170521,028502,9
2025,10762395,3306170521,028504,7
2025,11080250,3306170521,028100,10
2025,11572769,3306170521,028501,0
2025,12059467,3306170521,028001,0
2025,11896934,3306170521,028100,0
2025,13484181,3306170521,028503,7
2025,11128032,3306170521,028502,10
2025,11128032,3306170521,028503,7
2025,12081920,3306170521,028001,10
2025,10897940,3306170521,028504,5
2025,13156002,3306170521,028505,0
2025,13289086,3306170521,028503,4
2025,11017524,3306170521,028503,9
2025,10885488,3306170521,028503,7
2025,10893206,3306170521,028504,7
2025,10913618,3306170521,028504,0
2025,12848026,3306170521,028001,7
2025,13160174,3306170521,028503,0
2025,11043164,3306170521,028505,6
2025,11899562,3306170521,028504,3
2025,12691602,3306170521,028505,8
2025,12691602,3306170521,028001,10
2025,10782041,3306170521,028504,5
2025,11096252,3306170521,028001,8
2025,13388119,3306170521,028504,0
2025,13506891,3306170521,028502,9
2025,13518817,3306170521,028502,4
2025,13518817,3306170521,028001,6
2025,12587578,3306170521,028504,8
2025,13297080,3306170521,028501,8
2025,13297080,3306170521,028100,10
2025,10913687,3306170619,1370,4
2025,10916495,3306170619,1370,4
2025,10769318,3306170619,1370,4
2025,10709739,3306170619,1370,4
2025,10301015,3306170619,1375p,9
2025,10884022,3306170619,1375p,10
2025,12885212,3306170619,1375p,9
2025,12885212,3306170619,1369,8
2025,10636216,3306170619,1369,8
2025,10892991,3306170619,1367,4
2025,10714135,3306170619,1370,4
2025,10916992,3306170619,1375p,9
2025,10916992,3306170619,1369,8
2025,10786265,3306170619,1375p,8
2025,10786265,3306170619,0179,6
2025,10886973,3306170619,0179,9
2025,10711961,3306170619,1370,4
2025,10928805,3306170619,1369,8
2025,10911185,3306170619,1368,9
2025,10762965,3306170619,1369,6
2025,13598749,3306170619,1375p,9
2025,13623963,3306172484,0172,4
2025,10652365,3306172484,0174,9
2025,13561737,3306172484,0181p,9
2025,10305806,3306172484,0179,7
2025,13608584,3306172484,0172,7
2025,13608584,3306172484,0177,4
2025,13551232,3306172484,0171,0
2025,11051785,3306172484,0172,8
2025,10801931,3306172484,0171,6
2025,10843015,3306172484,0181p,8
2025,10989676,3306172484,0172,9
2025,10707659,3306172484,0174,0
2025,13593251,3306172484,0177,3
2025,13593117,3306172484,0174,0
2025,13593119,3306172484,0171,7
2025,10581374,3306172484,0171,10
2025,13598941,3306172332,0179,5
2025,13445476,3306172332,0172,6
2025,13593493,3306172332,0383,0
2025,10311896,3306172403,0384,8
2025,13455012,3306172403,1709,0
2025,13455012,3306172403,0179,0
2025,10025712,3306172403,0384,4
2025,13609532,3306172403,0383,0
2025,10755482,3306172403,0383,9
2025,10755482,3306172403,0172,9
2025,10755482,3306172403,0173,7
2025,10911448,3306172403,0388p,10
2025,12908126,3306172403,0179,9
2025,12908126,3306172403,0384,5
2025,10796413,3306172403,0179,3
2025,13604001,3306172403,1709,2
2025,10912710,3306172053,1232,5
2025,10698000,3306172053,1231,7
2025,10919245,3306172053,1709,6
2025,10923040,3306172053,1233,0
2025,11100435,3306172053,1232,6
2025,11100435,3306172053,1233,8
2025,10996182,3306172053,1231,4
2025,10996182,3306172053,1232,3
2025,10803891,3306172053,1231,5
2025,10803891,3306172053,1233,4
2025,11110260,3306172053,1232,6
2025,11110260,3306172053,1233,7
2025,11116442,3306172053,0156,10
2025,10905076,3306172053,1232,5
2025,11117078,3306172053,1231,6
2025,11036037,3306172053,0156,8
2025,11434889,3306172053,1709,7
2025,11434889,3306172053,1229,7
2025,11434889,3306172053,1233,7
2025,11013480,3306172053,1231,7
2025,10915769,3306172053,0156,7
2025,10699266,3306172167,1012p,9
2025,10699266,3306172167,0930,4
2025,10476265,3306172167,0930,3
2025,10730721,3306172167,0931,8
2025,11744037,3306172167,1010,0
2025,10895114,3306172167,0623,5
2025,13595716,3306172167,0930,0
2025,13598103,3306172167,0931,0
2025,10214849,3306172167,1012p,0
2025,10214849,3306172167,0623,0
2025,10315581,3306172167,0931,0
2025,12557620,3306172167,0623,7
2025,12557620,3306172167,0930,6
2025,10416632,3306172167,0930,8
2025,11340144,3306172167,1010,0
2025,10351884,3306172167,0179,0
2025,10344032,3306172167,1709,7
2025,10893829,3306172167,0179,9
2025,10932250,3306172167,0623,6
2025,10761942,3306172135,0623,8
2025,10793458,3306172135,0622,6
2025,10920099,3306172135,0179,8
2025,10924797,3306169433,243267,6
2025,10680218,3306169433,243264,7
2025,10307643,3306169433,243266,9
2025,10660627,3306169433,243265,4
2025,10827161,3306169433,243264,5
2025,13446594,3306169440,243602,9
2025,13448029,3306169440,243271,9
2025,13447284,3306169440,243604,6
2025,13447284,3306169440,243270,8
2025,11316053,3306169440,243602,8
2025,10862205,3306169440,243602,8
2025,13447274,3306169440,243270,9
2025,10925591,3306173997,0437,6
2025,10925591,3306173997,0156,6
2025,13162455,3306173997,0156,4
2025,12406107,3306173997,0439,4
2025,11038609,3306173997,0437,4
2025,13594777,3306173997,0441,8
2025,13592648,3306173997,0441,9
2025,13332555,3306173997,0438,10
2025,11347134,3306173997,0437,5
2025,13626945,3306173997,0438,8
2025,13024171,3306173997,0441,7
2025,11168289,3306173997,0441,8
2025,13134429,3306173997,0440,7
2025,10421015,3306173997,1709,0
2025,11086666,3306173997,0439,4
2025,11086666,3306173997,0440,8
2025,11136115,3306173997,0156,8
2025,10352292,3306173997,0437,0
2025,10352292,3306173997,0156,4
2025,10938365,3306173997,0156,4
2025,10333114,3306173997,0437,9
2025,11259014,3306174048,0657p,3
2025,11259014,3306174048,0651,0
2025,13596553,3306174048,0179,4
2025,10806737,3306174048,0657p,8
2025,12859504,3306174048,0657p,8
2025,12565877,3306174048,0647,0
2025,10243668,3306174048,0651,8
2025,10243668,3306174048,0648,7
2025,10730016,3306174048,0650,1
2025,11904167,3306174048,0657p,9
2025,11904167,3306174048,0651,8
2025,11904167,3306174048,0650,9
2025,13457085,3306174048,0648,8
2025,13456235,3306174048,0657p,8
2025,13456235,3306174048,0648,8
2025,10025322,3306174048,0648,0
2025,10657315,3306174048,0657p,10
2025,11552430,3306174048,0648,7
2025,13597031,3306174048,0647,6
2025,10511438,3306174048,0651,0
2025,10899530,3306174048,0651,7
2025,10899530,3306174048,0649,7
2025,10254912,3306174048,0657p,10
2025,10832907,3306174048,0647,6
2025,10737176,3306174048,0179,8
2025,10793462,3306174048,0651,8
2025,10924358,3306174048,0649,6
2025,10698049,3306174048,0647,6
2025,10991644,3306174048,0647,8
2025,12478421,3306174048,0649,8
2025,10928705,3306169744,0371,7
2025,10805078,3306169744,0369,6
2025,10900148,3306169744,0372,10
2025,10911373,3306169744,0179,10
2025,10911373,3306169744,0373,9
2025,10996327,3306169744,1709,7
2025,10996327,3306169744,0370,6
2025,11088604,3306169744,0179,10
2025,11088604,3306169744,0373,7
2025,13376042,3306169651,0485,0
2025,11898422,3306169651,0485,2
2025,10904569,3306169651,0484,7
2025,10901180,3306169651,0487,7
2025,10901180,3306169651,0485,3
2025,10462619,3306169651,0485,7
2025,10931085,3306169651,0373,8
2025,10308422,3306169651,0179,9
2025,10454462,3306169651,0616p,9
2025,10399842,3306169651,0485,0
2025,10837080,3306169651,0373,8
2025,10891759,3306169651,0483,7
2025,11231256,3306169651,0616p,0
2025,11231256,3306169651,0179,0
2025,10472185,3306169651,0373,10
2025,12876207,3306169651,1709,0
2025,13593175,3306169651,0616p,9
2025,10463301,3306169651,0485,1
2025,13352871,3306169651,1709,0
2025,13352871,3306169651,0484,0
2025,13352871,3306169651,0483,0
2025,10900201,3306169651,0373,9
2025,10832166,3306169651,0179,9
2025,11197655,3306169651,0485,6
2025,10888617,3306169651,0484,9
2025,10814397,3306169651,0179,4
2025,10381670,3306169651,0373,9
2025,10836046,3306169651,0483,8
2025,10346246,3306169651,0485,1
2025,12395762,3306169651,0485,0
2025,10404419,3306169651,0485,10
2025,11179481,3306169651,0373,9
2025,10471020,3306169651,0179,9
2025,10440723,3306169651,0179,0
2025,13458925,3306169651,0483,7
2025,11147116,3306169651,0179,0
2025,11126483,3306169593,0223,8
2025,10796752,3306169593,0156,6
2025,10459629,3306169593,0222,0
2025,10270606,3306169593,0223,9
2025,11246288,3306169593,0221,8
2025,11251993,3306169593,0223,0
2025,12610265,3306169593,0221,6
2025,10999069,3306169593,0225,4
2025,11134533,3306169593,0221,9
2025,11113596,3306169593,1709,8
2025,10828132,3306169593,0221,7
2025,10405932,3306169593,0225,0
2025,13545139,3306169593,0156,6
2025,10429996,3306169593,0225,4
2025,11432717,3306169593,0223,6
2025,10891681,3306169593,1709,7
2025,11115680,3306169593,0222,7
2025,10762391,3306169593,0156,0
2025,13459021,3306169593,0225,1
2025,10959217,3306169593,0225,8
2025,10982502,3306169593,0225,8
2025,10917865,3306169591,1713707,7
2025,10917865,3306169591,1710,7
2025,10812899,3306169591,0224,3
2025,10708167,3306169591,CVOPT,7
2025,10893131,3306169591,0224,9
2025,11011197,3306169591,1708190,10
2025,10776723,3306169591,1708190,8
2025,10776723,3306169591,0228,8
2025,13452408,3306169591,0228,9
2025,11002807,3306169591,0227,9
2025,11013828,3306169591,1664190,9
2025,11013828,3306169591,0224,9
2025,11035843,3306169591,0226,4
2025,10500950,3306169751,1665190,9
2025,10762368,3306169751,0375,4
2025,10762368,3306169751,1710,8
2025,10910600,3306169751,0375,4
2025,11082671,3306169751,1665190,9
2025,10737949,3306169751,0379s,9
2025,10737949,3306169751,0374,2
2025,10762023,3306169751,0377,7
2025,10764453,3306169751,0376,7
2025,10756607,3306169751,CVOPT,10
2025,10756607,3306169751,0375,4
2025,10823812,3306169751,0378,8
2025,13345475,3306169751,0374,8
2025,10282899,3306169658,0614,4
2025,10282899,3306169658,0613,4
2025,10807600,3306169658,1665190,10
2025,10770964,3306169658,0614,4
2025,10828387,3306169658,1665190,9
2025,10758419,3306169658,1665190,9
2025,10736277,3306169658,1708190,8
2025,10736277,3306169658,0615,9
2025,10635513,3306169658,0612,3
2025,11251967,3306170617,1375s,8
2025,11514753,3306170617,1710,10
2025,10781492,3306170617,1665061,8
2025,10783707,3306170617,1708061,9
2025,10835968,3306170617,1708061,9
2025,10865703,3306170617,1375s,9
2025,10865703,3306170617,1373,7
2025,10378823,3306170617,1372,10
2025,10985551,3306170617,CVOPT,9
2025,10803120,3306170617,1708061,10
2025,10803120,3306170617,CVOPT,9
2025,10809557,3306170617,1373,8
2025,10711950,3306170617,1375s,9
2025,10711950,3306170617,1374,5
2025,10652580,3306170617,1372,8
2025,10687463,3306170617,1371,8
2025,10729560,3306170617,CVOPT,8
2025,10729560,3306170617,1372,5
2025,10729560,3306170617,1374,4
2025,10851445,3306170617,1665061,10
2025,10842025,3306170617,1374,5
2025,10809667,3306170617,1371,9
2025,10809667,3306170617,1372,8
2025,13167864,3306170617,1372,7
2025,10635383,3306170617,1665061,7
2025,10993558,3306170617,CVOPT,0
2025,11671982,3306173995,1713472,9
2025,11671982,3306173995,CVOPT,7
2025,11671982,3306173995,1664001,9
2025,11029440,3306173995,0442,10
2025,11028742,3306173995,0443,4
2025,11028742,3306173995,1710,7
2025,10911748,3306173995,0446,7
2025,11033515,3306173995,0446,8
2025,11004716,3306173995,1708001,9
2025,11004716,3306173995,1710,8
2025,11004486,3306173995,1664001,10
2025,11039273,3306173995,1710,8
2025,10835299,3306173995,1708001,6
2025,11026339,3306173995,0446,6
2025,11024457,3306173995,1713472,8
2025,11027361,3306173995,0443,6
2025,10911000,3306173995,0446,3
2025,10679723,3306174046,0657s,6
2025,10677900,3306174046,1708001,6
2025,10819061,3306174046,1665001,8
2025,10679722,3306174046,0655,7
2025,10961892,3306174046,0652,4
2025,10824617,3306174046,1708001,6
2025,10017455,3306174046,1708001,10
2025,10789628,3306174046,0655,8
2025,12332046,3306174046,0653,0
2025,10906957,3306174046,1665001,7
2025,10906957,3306174046,0654,7
2025,10780784,3306174046,0654,7
2025,10711948,3306174046,0655,6
2025,10711948,3306174046,0653,3
2025,10776755,3306172060,1713925,7
2025,10776755,3306172060,1227,8
2025,10931235,3306172060,CVOPT,6
2025,10924853,3306172060,CVOPT,7
2025,10787502,3306172060,CVOPT,8
2025,10899896,3306172060,1664020,7
2025,10899896,3306172060,1235,8
2025,10648909,3306172060,1713925,5
2025,11040995,3306172060,CVOPT,9
2025,11040995,3306172060,1227,9
2025,13099124,3306172060,1664020,7
2025,10805007,3306172060,1235,5
2025,11004108,3306172060,1664020,7
2025,10766452,3306172133,1710,9
2025,10689201,3306172133,0822,8
2025,10835673,3306172133,0822,7
2025,11073751,3306172133,1708020,8
2025,12912678,3306172133,1665020,8
2025,12912678,3306172133,0827,7
2025,13473425,3306172133,1665020,9
2025,13473425,3306172133,0822,8
2025,11388211,3306172133,0823,7
2025,10806298,3306172165,1012s,6
2025,10806298,3306172165,1110,8
2025,10764144,3306172165,1009,8
2025,10776549,3306172165,1008,9
2025,13456007,3306172165,1009,8
2025,10813126,3306172165,1665020,8
2025,10270640,3306172165,1011,6
2025,13461591,3306172165,1007,8
2025,13461591,3306172165,1008,7
2025,13500909,3306172165,1708020,6
2025,10745573,3306172330,CVOPT,9
2025,13251013,3306172330,0180,7
2025,10835750,3306172330,CVOPT,7
2025,10835750,3306172330,0180,6
2025,10766449,3306172330,0397,8
2025,10707825,3306172330,1708039,5
2025,10729539,3306172330,0399,9
2025,13455702,3306172330,0399,9
2025,13455702,3306172330,1710,9
2025,10719000,3306172330,0398,4
2025,10415316,3306172330,1665039,10
2025,13487222,3306172330,0400s,9
2025,13487222,3306172330,1710,8
2025,10679964,3306172330,1665039,8
2025,10698462,3306172330,0399,4
2025,10759237,3306172410,0386,8
2025,10742128,3306172410,1665039,8
2025,10320497,3306172410,CVOPT,9
2025,10761594,3306172410,CVOPT,9
2025,10761594,3306172410,0388s,6
2025,10736502,3306172410,1708039,7
2025,11330085,3306172410,0387,6
2025,11330085,3306172410,0386,7
2025,13472424,3306172410,0388s,6
2025,13472424,3306172410,1665039,7
2025,13472424,3306172410,0386,7
2025,13475599,3306172410,0180,6
2025,13475662,3306172410,0386,8
2025,12912453,3306172410,CVOPT,8
2025,13454999,3306172410,0385,7
2025,13479949,3306170521,028504,7
2025,11019862,3306170521,028100,1
2025,12237928,3306170521,028505,7
2025,12237928,3306170521,028503,7
2025,13323096,3306170521,028505,4
2025,13129964,3306170521,028505,4
2025,11110518,3306170521,028503,4
2025,11103695,3306170521,028502,4
2025,11123109,3306170521,028505,2
2025,11574134,3306170521,028504,8
2025,13598449,3306170521,028504,3
2025,11519407,3306170521,028502,8
2025,13484181,3306170521,028502,7
2025,13484181,3306170521,028501,6
2025,13162439,3306170521,028100,10
2025,13246193,3306170521,028100,7
2025,10974769,3306170521,028502,5
2025,13156002,3306170521,028501,8
2025,13074463,3306170521,028501,0
2025,12379379,3306170521,028503,4
2025,11014535,3306170521,028503,8
2025,10912191,3306170521,028504,3
2025,13518965,3306170521,028502,0
2025,11030604,3306170521,028503,4
2025,10893206,3306170521,028001,6
2025,10893206,3306170521,028503,6
2025,10407158,3306170521,028504,6
2025,10885786,3306170521,028100,2
2025,10913618,3306170521,028100,0
2025,10916309,3306170521,028100,6
2025,11096252,3306170521,028502,7
2025,11096252,3306170521,028505,9
2025,13506891,3306170521,028001,10
2025,13506891,3306170521,028503,9
2025,12406893,3306170521,028505,7
2025,13518817,3306170521,028504,9
2025,11837899,3306170521,028503,6
2025,10730519,3306170619,1368,4
2025,12649264,3306170619,1709,8
2025,11082700,3306170619,1370,9
2025,11082700,3306170619,1368,10
2025,10889150,3306170619,1375p,9
2025,10916495,3306170619,0179,7
2025,10834105,3306170619,1375p,9
2025,10709739,3306170619,1369,8
2025,11790026,3306170619,1375p,0
2025,10884022,3306170619,1370,8
2025,10884022,3306170619,1367,7
2025,12885212,3306170619,1367,7
2025,10931524,3306170619,1370,10
2025,10786265,3306170619,1368,7
2025,10918418,3306170619,1369,6
2025,10711961,3306170619,1368,8
2025,10677457,3306170619,1367,4
2025,10927613,3306170619,1709,8
2025,10918779,3306170619,1709,10
2025,10610022,3306170619,1370,8
2025,10762965,3306170619,1370,4
2025,10814469,3306170619,1370,8
2025,13598749,3306170619,1367,4
2025,10845796,3306170719,1372,4
2025,13561737,3306172484,0174,3
2025,13607126,3306172484,0172,6
2025,10798065,3306172484,0171,9
2025,10798065,3306172484,0174,8
2025,13608577,3306172484,0181p,0
2025,13608577,3306172484,0177,0
2025,10379062,3306172484,0174,4
2025,10379062,3306172484,0177,1
2025,10801931,3306172484,0179,7
2025,10801931,3306172484,0173,8
2025,10989676,3306172484,0173,7
2025,10707659,3306172484,0181p,0
2025,10304355,3306172484,0174,9
2025,13593119,3306172484,0181p,5
2025,13460187,3306172332,0383,0
2025,13598941,3306172332,0173,7
2025,10583520,3306172332,0384,9
2025,12151924,3306172332,0179,9
2025,10657923,3306172332,0179,10
2025,13609532,3306172403,0171,0
2025,13609532,3306172403,0384,0
2025,10755482,3306172403,0171,9
2025,11702324,3306172403,0171,8
2025,10610202,3306172403,0173,4
2025,12132171,3306172403,0171,8
2025,10724848,3306172403,0383,9
2025,13594957,3306172403,1709,0
2025,13594957,3306172403,0171,0
2025,13594957,3306172403,0172,0
2025,13604001,3306172403,0172,2
2025,10924004,3306172053,0156,9
2025,10698000,3306172053,1233,6
2025,11106237,3306172053,1229,5
2025,11100435,3306172053,0156,8
2025,10996182,3306172053,1229,2
2025,12953439,3306172053,0156,8
2025,11116442,3306172053,1233,9
2025,10919565,3306172053,0156,4
2025,10919565,3306172053,1231,4
2025,10915769,3306172053,1709,7
2025,10915769,3306172053,1233,9
2025,10676509,3306172167,0623,5
2025,12404225,3306172167,0930,0
2025,10894753,3306172167,0179,7
2025,10798287,3306172167,0623,4
2025,13598677,3306172167,1709,0
2025,13598677,3306172167,1010,0
2025,10303205,3306172167,1012p,0
2025,10199483,3306172167,0930,0
2025,10250031,3306172167,1709,5
2025,10792537,3306172167,1012p,5
2025,10487345,3306172167,1012p,6
2025,10487345,3306172167,1010,5
2025,12500676,3306172167,1010,7
2025,10214849,3306172167,1709,0
2025,10214849,3306172167,0179,0
2025,10315581,3306172167,1012p,0
2025,13506504,3306172167,0930,6
2025,13506504,3306172167,1010,7
2025,10790209,3306172167,0179,8
2025,10790209,3306172167,0930,9
2025,10790209,3306172167,1010,8
2025,12900452,3306172167,0179,6
2025,10416632,3306172167,1010,7
2025,10883924,3306172167,0623,7
2025,10351884,3306172167,1012p,4
2025,10730207,3306172167,0179,8
2025,10792044,3306172167,0930,8
2025,10837412,3306172167,1012p,8
2025,10833008,3306172167,0931,8
2025,10928697,3306172167,0179,9
2025,10761942,3306172135,0622,6
2025,10772198,3306172135,0623,7
2025,10772198,3306172135,0627,4
2025,11136005,3306172135,0828p,6
2025,11816291,3306172135,0179,8
2025,13112701,3306172135,0625,8
2025,11336367,3306172135,0828p,5
2025,10762386,3306172135,0828p,5
2025,10924797,3306169433,243264,3
2025,10321931,3306169433,243265,8
2025,10687998,3306169433,243265,8
2025,10645924,3306169433,243267,6
2025,13593116,3306169433,243267,9
2025,10783224,3306169440,243270,9
2025,13447284,3306169440,243271,8
2025,10699108,3306169440,243602,8
2025,10699108,3306169440,243604,8
2025,10814418,3306169440,243270,9
2025,10772056,3306169440,243270,8
2025,13447274,3306169440,243602,9
2025,11170959,3306173997,0437,9
2025,11241256,3306173997,0437,7
2025,12461270,3306173997,0441,8
2025,12461270,3306173997,0439,10
2025,11029676,3306173997,0437,7
2025,11336870,3306173997,1709,9
2025,11336870,3306173997,0156,9
2025,13592648,3306173997,0437,7
2025,10899529,3306173997,0441,8
2025,11347134,3306173997,1709,5
2025,13626945,3306173997,0437,9
2025,10806257,3306173997,0439,6
2025,13024171,3306173997,0440,8
2025,11133386,3306173997,0441,10
2025,11133386,3306173997,0439,8
2025,12647763,3306173997,1709,0
2025,12647763,3306173997,0437,0
2025,11041555,3306173997,1709,8
2025,11259014,3306174048,0179,0
2025,11259014,3306174048,0647,0
2025,10806737,3306174048,0651,9
2025,10416752,3306174048,0651,0
2025,13597020,3306174048,0651,0
2025,13537130,3306174048,0651,3
2025,12745122,3306174048,0647,5
2025,13596949,3306174048,0179,0
2025,10707710,3306174048,0650,9
2025,10025322,3306174048,0647,0
2025,10946112,3306174048,0179,7
2025,10946112,3306174048,0651,7
2025,11552430,3306174048,0650,5
2025,11071688,3306174048,1709,6
2025,13542655,3306174048,0657p,9
2025,10835742,3306174048,0657p,0
2025,13009073,3306174048,0657p,5
2025,10254912,3306174048,0179,0
2025,13593239,3306174048,0648,4
2025,10787713,3306174048,0650,8
2025,12478421,3306174048,0651,8
2025,10779855,3306174048,1709,4
2025,10915302,3306169744,0373,8
2025,10823890,3306169744,0179,10
2025,10823890,3306169744,0370,8
2025,10921245,3306169744,0372,10
2025,10898640,3306169744,0370,7
2025,10896459,3306169744,0373,7
2025,10910205,3306169744,0379p,10
2025,10910205,3306169744,0370,7
2025,10734142,3306169744,0372,10
2025,10910799,3306169744,0369,8
2025,10912321,3306169744,0179,10
2025,10912321,3306169744,0369,8
2025,10996327,3306169744,0371,8
2025,13376042,3306169651,0483,0
2025,10418675,3306169651,0487,4
2025,10418675,3306169651,0485,7
2025,10311349,3306169651,0484,0
2025,10803070,3306169651,0616p,9
2025,10263445,3306169651,0179,8
2025,10462619,3306169651,1709,7
2025,13303646,3306169651,0485,2
2025,13593151,3306169651,0616p,8
2025,10837080,3306169651,0179,7
2025,10323484,3306169651,0179,0
2025,10839683,3306169651,0616p,0
2025,10839683,3306169651,0484,0
2025,12876207,3306169651,0484,0
2025,13593175,3306169651,0179,0
2025,13592958,3306169651,0485,0
2025,10398479,3306169651,0484,9
2025,10756981,3306169651,0373,4
2025,10900298,3306169651,0485,9
2025,10900298,3306169651,0484,9
2025,13170302,3306169651,0483,0
2025,10909591,3306169651,0487,8
2025,10381670,3306169651,0487,9
2025,10904666,3306169651,0616p,8
2025,10904666,3306169651,0373,6
2025,10836046,3306169651,0373,7
2025,10283093,3306169651,0616p,0
2025,10283093,3306169651,0373,0
2025,10310048,3306169651,0373,9
2025,10310048,3306169651,0487,9
2025,11061166,3306169651,0483,0
2025,13375819,3306169651,0487,9
2025,12395762,3306169651,0484,3
2025,11014915,3306169651,0483,4
2025,10595030,3306169651,1709,0
2025,10471020,3306169651,0373,10
2025,10796752,3306169593,0222,5
2025,12615991,3306169593,1709,0
2025,10999069,3306169593,0223,6
2025,12919510,3306169593,1709,7
2025,12736641,3306169593,0222,4
2025,11417915,3306169593,1709,7
2025,11417915,3306169593,0222,4
2025,10996376,3306169593,0221,5
2025,10405932,3306169593,0222,0
2025,10405932,3306169593,0156,0
2025,10835716,3306169593,0221,0
2025,10805591,3306169593,0221,6
2025,13545139,3306169593,1709,7
2025,10429996,3306169593,0223,7
2025,13546750,3306169593,0221,6
2025,10705918,3306169593,1709,4
2025,10891681,3306169593,0221,6
2025,10762391,3306169593,0225,1
2025,13459021,3306169593,1709,1
2025,13459021,3306169593,0223,1
2025,10959803,3306169593,0222,9
2025,11146537,3306169591,1713707,10
2025,11146537,3306169591,0227,8
2025,11622314,3306169591,1708190,9
2025,10885064,3306169591,0226,4
2025,10885064,3306169591,0227,3
2025,10903261,3306169591,0227,8
2025,11020732,3306169591,CVOPT,2
2025,11013828,3306169591,0227,8
2025,11000271,3306169591,CVOPT,10
2025,10500950,3306169751,0378,7
2025,10762368,3306169751,1708190,9
2025,10762368,3306169751,0379s,8
2025,10635003,3306169751,0378,10
2025,10762343,3306169751,0374,9
2025,11082671,3306169751,CVOPT,10
2025,10840811,3306169751,1710,9
2025,10783280,3306169751,CVOPT,5
2025,10783280,3306169751,0374,4
2025,10652371,3306169751,CVOPT,6
2025,10652371,3306169751,0375,1
2025,10762023,3306169751,1708190,9
2025,10762023,3306169751,0379s,9
2025,10764453,3306169751,1665190,7
2025,10764453,3306169751,1708190,7
2025,10762338,3306169751,0378,6
2025,13456011,3306169751,CVOPT,5
2025,10780756,3306169751,CVOPT,10
2025,10780756,3306169751,1710,6
2025,10823807,3306169751,0379s,10
2025,10511870,3306169658,0615,0
2025,10282899,3306169658,1708190,7
2025,10797348,3306169658,0615,5
2025,10856605,3306169658,CVOPT,5
2025,10643328,3306169658,1710,9
2025,10758419,3306169658,CVOPT,4
2025,10772126,3306169658,CVOPT,8
2025,10882393,3306169658,CVOPT,6
2025,10711924,3306169658,0614,3
2025,11251967,3306170617,1371,7
2025,11514753,3306170617,1375s,5
2025,10781492,3306170617,1372,3
2025,10865703,3306170617,1708061,9
2025,10865703,3306170617,1371,7
2025,10944114,3306170617,CVOPT,7
2025,10993836,3306170617,1374,8
2025,10793376,3306170617,1708061,10
2025,10122344,3306170617,1375s,5
2025,10819378,3306170617,1375s,5
2025,10786004,3306170617,1665061,7
2025,10776515,3306170617,1374,9
2025,11104411,3306170617,1665061,10
2025,11104411,3306170617,1710,9
2025,10652580,3306170617,1710,8
2025,10725869,3306170617,CVOPT,9
2025,13462544,3306170617,CVOPT,7
2025,10729560,3306170617,1373,7
2025,10780789,3306170617,1374,6
2025,10851445,3306170617,1375s,5
2025,10798915,3306170617,1374,8
2025,13167864,3306170617,1371,9
2025,10635383,3306170617,1372,1
2025,10546650,3306170617,1372,8
2025,10993558,3306170617,1371,3
2025,10993558,3306170617,1374,4
2025,10887720,3306173995,1664001,10
2025,10887720,3306173995,0443,3
2025,10787257,3306173995,0443,3
2025,11033515,3306173995,1713472,7
2025,10960990,3306173995,CVOPT,9
2025,11043785,3306173995,1713472,8
2025,10995299,3306173995,0448,9
2025,10835299,3306173995,1710,6
2025,11805803,3306173995,0448,9
2025,10905782,3306173995,CVOPT,8
2025,11666166,3306173995,1664001,9
2025,10787655,3306173995,0443,3
2025,10911000,3306173995,1710,5
2025,10679723,3306174046,0652,4
2025,10819061,3306174046,CVOPT,9
2025,10679722,3306174046,0652,3
2025,10679722,3306174046,0654,3
2025,10802285,3306174046,0656,7
2025,10961892,3306174046,0655,5
2025,10024578,3306174046,0652,4
2025,10824617,3306174046,0657s,6
2025,10824617,3306174046,0653,4
2025,10824617,3306174046,1710,4
2025,10679695,3306174046,1665001,7
2025,10789628,3306174046,0652,5
2025,10025295,3306174046,1708001,3
2025,10025295,3306174046,0655,4
2025,12332046,3306174046,1710,5
2025,10742998,3306174046,0657s,9
2025,10906957,3306174046,1710,4
2025,10711948,3306174046,0656,6
2025,11798264,3306172060,CVOPT,8
2025,10924853,3306172060,1230,8
2025,10787502,3306172060,1713925,7
2025,10787502,3306172060,1234,8
2025,10904203,3306172060,1664020,7
2025,11040995,3306172060,1708020,8
2025,11040995,3306172060,1230,7
2025,11040995,3306172060,1234,8
2025,12744964,3306172060,1230,7
2025,11024352,3306172060,1235,7
2025,12607119,3306172060,1664020,7
2025,12607119,3306172060,1708020,10
2025,12607119,3306172060,1710,8
2025,10805007,3306172060,1228,6
2025,11004108,3306172060,1710,8
2025,10889537,3306172060,1228,6
2025,10889537,3306172060,1710,8
2025,10742994,3306172133,1665020,8
2025,10742994,3306172133,0823,7
2025,10835673,3306172133,0828s,9
2025,12607926,3306172133,0824,5
2025,11790917,3306172133,0824,7
2025,13473425,3306172133,1708020,8
2025,13473425,3306172133,0825,9
2025,10711954,3306172133,0823,3
2025,10734184,3306172133,1708020,7
2025,10804606,3306172133,CVOPT,6
2025,10804606,3306172133,0823,4
2025,10804606,3306172133,0824,5
2025,10804606,3306172133,1710,8
2025,10857816,3306172133,0822,7
2025,11388211,3306172133,0822,7
2025,10776549,3306172165,1011,9
2025,10819684,3306172165,1708020,8
2025,10797573,3306172165,1009,7
2025,10797573,3306172165,1109,7
2025,10754604,3306172165,1665020,8
2025,10800028,3306172165,1008,8
2025,11089472,3306172165,CVOPT,8
2025,13456007,3306172165,CVOPT,9
2025,10813126,3306172165,1012s,10
2025,10852161,3306172165,1011,9
2025,10824007,3306172165,1007,7
2025,10270640,3306172165,1012s,4
2025,10270640,3306172165,1708020,6
2025,10530803,3306172165,1011,8
2025,10263154,3306172165,1012s,10
2025,10263154,3306172165,1007,8
2025,10805294,3306172165,1708020,6
2025,13500949,3306172165,1012s,9
2025,10610084,3306172165,1708020,8
2025,13525343,3306172165,1665020,9
2025,10745573,3306172330,0180,8
2025,10585531,3306172330,0400s,8
2025,10648032,3306172330,0398,4
2025,13251013,3306172330,0399,10
2025,10835750,3306172330,1665039,6
2025,10645102,3306172330,CVOPT,10
2025,10698109,3306172330,0180,7
2025,10729539,3306172330,0397,9
2025,10410077,3306172330,CVOPT,7
2025,10530795,3306172330,1708039,10
2025,13455702,3306172330,CVOPT,10
2025,10415316,3306172330,0180,8
2025,13456027,3306172330,CVOPT,7
2025,11782717,3306172482,0180,7
2025,10254373,3306172482,1708039,8
2025,10688815,3306172482,0178,7
2025,13455952,3306172482,1665039,7
2025,10759237,3306172410,1708039,8
2025,10759237,3306172410,0388s,10
2025,10320497,3306172410,0388s,10
2025,13450196,3306172410,1708039,8
2025,10676318,3306172410,0388s,3
2025,13475599,3306172410,1708039,9
2025,13475599,3306172410,0386,8
2025,13454999,3306172410,0180,7
2025,13454999,3306172410,0387,6
2025,12869703,3306170521,028505,8
2025,10706065,3306170521,028001,1
2025,13377168,3306170521,028505,4
2025,13596825,3306170521,028505,7
2025,13596825,3306170521,028001,8
2025,13532312,3306170521,028503,9
2025,11321038,3306170521,028001,0
2025,11574134,3306170521,028501,7
2025,11106423,3306170521,028501,8
2025,11512589,3306170521,028100,8
2025,13598449,3306170521,028505,6
2025,13162439,3306170521,028504,8
2025,13162439,3306170521,028505,8
2025,11000348,3306170521,028503,6
2025,11232270,3306170521,028001,1
2025,13598555,3306170521,028100,8
2025,11095340,3306170521,028502,9
2025,13538314,3306170521,028100,0
2025,10912191,3306170521,028502,4
2025,13518965,3306170521,028001,0
2025,10885488,3306170521,028502,5
2025,10885786,3306170521,028502,4
2025,11028307,3306170521,028001,9
2025,10916309,3306170521,028505,4
2025,11906482,3306170521,028501,6
2025,10897219,3306170521,028504,8
2025,13388119,3306170521,028501,0
2025,11837899,3306170521,028505,4
2025,10027392,3306170619,1375p,0
2025,10730519,3306170619,1367,4
2025,10702473,3306170619,1367,8
2025,13594581,3306170619,0179,8
2025,11620907,3306170619,1370,4
2025,10301015,3306170619,1368,8
2025,10301015,3306170619,1369,8
2025,11790026,3306170619,1367,0
2025,11790026,3306170619,1369,0
2025,10786265,3306170619,1369,6
2025,10909929,3306170619,1370,8
2025,10762965,3306170619,1375p,10
2025,10762965,3306170619,1368,8
2025,10814469,3306170619,1375p,10
2025,10914452,3306170619,1368,8
2025,13615979,3306170619,1369,8
2025,10659496,3306170619,1369,9
2025,13487291,3306170719,1371,0
2025,10305806,3306172484,0174,6
2025,13607126,3306172484,0171,3
2025,13607126,3306172484,0173,5
2025,13608584,3306172484,0174,4
2025,13602203,3306172484,0181p,0
2025,13602203,3306172484,0171,0
2025,13602203,3306172484,0172,0
2025,13593120,3306172484,0179,4
2025,13593120,3306172484,0172,6
2025,10379063,3306172484,0177,2
2025,13598131,3306172484,0179,0
2025,13602219,3306172484,1709,0
2025,13602219,3306172484,0171,0
2025,11051785,3306172484,0171,4
2025,10989676,3306172484,0179,3
2025,13593251,3306172484,0179,4
2025,13460187,3306172332,0179,0
2025,13460187,3306172332,0384,0
2025,13598941,3306172332,0383,6
2025,13445476,3306172332,0384,5
2025,13593106,3306172332,1709,5
2025,11515797,3306172332,0179,7
2025,11515797,3306172332,0171,9
2025,10740697,3306172332,0384,8
2025,13608890,3306172332,0384,7
2025,10311896,3306172403,0173,8
2025,13455012,3306172403,0171,8
2025,10610202,3306172403,0171,7
2025,10610202,3306172403,0172,7
2025,12132171,3306172403,0388p,10
2025,10724848,3306172403,0179,6
2025,10724848,3306172403,0173,7
2025,10912710,3306172053,1229,5
2025,11001838,3306172053,1229,2
2025,10996182,3306172053,1709,4
2025,11121167,3306172053,0156,5
2025,11121167,3306172053,1231,5
2025,11095070,3306172053,0156,7
2025,11095070,3306172053,1229,6
2025,10905076,3306172053,0156,8
2025,10915769,3306172053,1231,7
2025,13611445,3306172167,0930,8
2025,10510136,3306172167,1709,0
2025,10510136,3306172167,0179,0
2025,10510136,3306172167,0623,0
2025,10510136,3306172167,1010,0
2025,10699266,3306172167,0179,6
2025,10798287,3306172167,0930,4
2025,13598681,3306172167,1010,5
2025,10250031,3306172167,0179,9
2025,10929310,3306172167,0623,8
2025,10476265,3306172167,0179,4
2025,10476265,3306172167,0623,2
2025,10476265,3306172167,0931,8
2025,10932819,3306172167,0179,0
2025,10904904,3306172167,0930,8
2025,10883675,3306172167,0623,6
2025,10487345,3306172167,0179,7
2025,13598103,3306172167,1012p,0
2025,10742412,3306172167,1010,6
2025,13502717,3306172167,1012p,0
2025,13502717,3306172167,0179,0
2025,10883924,3306172167,1012p,7
2025,10837412,3306172167,0179,8
2025,10837412,3306172167,0931,7
2025,10892734,3306172167,0179,8
2025,10893829,3306172167,0931,9
2025,10932250,3306172167,1010,7
2025,10805487,3306172135,0625,7
2025,10793458,3306172135,0627,6
2025,11075020,3306172135,0625,9
2025,10921012,3306172135,0828p,6
2025,10767809,3306172135,0179,7
2025,11816291,3306172135,0828p,6
2025,11336367,3306172135,0622,8
2025,10916125,3306172135,0179,8
2025,10916125,3306172135,0622,9
2025,10916125,3306172135,0627,8
2025,10024790,3306169433,243266,8
2025,10366184,3306169433,243266,0
2025,12687088,3306169433,243267,10
2025,10799399,3306169433,243264,9
2025,11066151,3306169440,243270,9
2025,10791102,3306169440,243270,8
2025,11285049,3306169440,243602,9
2025,10675598,3306169440,243270,9
2025,11316049,3306169440,243602,5
2025,11316049,3306169440,243604,7
2025,10869145,3306169440,243270,9
2025,10906307,3306173997,0441,3
2025,13594870,3306173997,1709,6
2025,13594870,3306173997,0156,5
2025,13594604,3306173997,0437,9
2025,13162455,3306173997,1709,9
2025,13162455,3306173997,0438,5
2025,12406107,3306173997,0437,7
2025,11029676,3306173997,0441,9
2025,11336870,3306173997,0438,8
2025,13529587,3306173997,0439,7
2025,11347134,3306173997,0440,7
2025,13615239,3306173997,0156,0
2025,11138087,3306173997,0437,7
2025,11138087,3306173997,0441,9
2025,11168289,3306173997,0438,9
2025,13134429,3306173997,0439,8
2025,10996773,3306173997,0440,8
2025,11008351,3306173997,1709,7
2025,11109924,3306173997,0439,8
2025,11086666,3306173997,0437,5
2025,11086666,3306173997,0438,6
2025,13356546,3306173997,1709,9
2025,13056115,3306173997,0156,10
2025,10333114,3306173997,0437,9
2025,10333114,3306173997,0439,8
2025,11259014,3306174048,0650,0
2025,11259014,3306174048,0648,0
2025,13304340,3306174048,0651,2
2025,10806737,3306174048,0179,10
2025,13597020,3306174048,0179,0
2025,10895723,3306174048,0648,5
2025,10808862,3306174048,0649,4
2025,13456235,3306174048,0651,9
2025,10946112,3306174048,0657p,7
2025,10946112,3306174048,0650,8
2025,13597950,3306174048,0647,5
2025,10509392,3306174048,0651,6
2025,10835742,3306174048,0647,0
2025,10698482,3306174048,0657p,8
2025,10793462,3306174048,0179,4
2025,10762396,3306174048,0179,9
2025,10924358,3306174048,0651,6
2025,10709630,3306174048,0651,8
2025,13263684,3306174048,0648,9
2025,12736231,3306174048,0657p,7
2025,12736231,3306174048,0648,8
2025,10991644,3306174048,0648,8
2025,11690583,3306174048,0651,5
2025,10915302,3306169744,0372,10
2025,10681199,3306169744,0370,9
2025,10900148,3306169744,0371,7
2025,10914721,3306169744,0369,8
2025,10734142,3306169744,0373,8
2025,10418675,3306169651,0483,8
2025,11898422,3306169651,0484,3
2025,10904569,3306169651,0616p,9
2025,10803070,3306169651,0373,7
2025,10803070,3306169651,0485,7
2025,10263445,3306169651,0487,4
2025,10308504,3306169651,0373,10
2025,10308504,3306169651,0487,9
2025,10472185,3306169651,0616p,10
2025,10839683,3306169651,1709,0
2025,10471125,3306169651,0179,0
2025,10471125,3306169651,0485,0
2025,10471125,3306169651,0483,0
2025,12876207,3306169651,0616p,0
2025,13593175,3306169651,1709,0
2025,13593175,3306169651,0483,0
2025,13232436,3306169651,0484,4
2025,13352871,3306169651,0487,0
2025,10900201,3306169651,0487,9
2025,10900201,3306169651,0484,8
2025,10832166,3306169651,0483,7
2025,10756981,3306169651,0487,8
2025,11197655,3306169651,0373,9
2025,10909591,3306169651,0616p,10
2025,10346246,3306169651,0179,6
2025,11318786,3306169651,0483,0
2025,11061166,3306169651,0373,0
2025,13375819,3306169651,0483,8
2025,11179481,3306169651,0484,6
2025,10471020,3306169651,0616p,9
2025,10471020,3306169651,0483,9
2025,10884600,3306169651,0485,7
2025,10884600,3306169651,0483,8
2025,11407222,3306169593,0156,0
2025,13513975,3306169593,0223,6
2025,10604690,3306169593,0221,10
2025,12919510,3306169593,0222,4
2025,10892119,3306169593,0221,7
2025,10828132,3306169593,0223,4
2025,10705603,3306169593,0222,7
2025,12563453,3306169593,1709,4
2025,10308852,3306169593,0223,2
2025,10908386,3306169593,1709,4
2025,10908386,3306169593,0156,4
2025,10959803,3306169593,0225,10
2025,10812899,3306169591,1664190,8
2025,10812899,3306169591,0228,8
2025,10708167,3306169591,0226,7
2025,10708167,3306169591,0224,9
2025,11002913,3306169591,1664190,10
2025,11622314,3306169591,0226,7
2025,11622314,3306169591,0224,8
2025,11622314,3306169591,1710,9
2025,11002807,3306169591,1664190,10
2025,11009276,3306169591,0227,2
2025,12472787,3306169591,0227,4
2025,10500950,3306169751,CVOPT,4
2025,10500950,3306169751,0375,1
2025,10796295,3306169751,1665190,10
2025,10796295,3306169751,0374,9
2025,10840811,3306169751,CVOPT,9
2025,10840811,3306169751,0375,8
2025,10799789,3306169751,CVOPT,10
2025,10762023,3306169751,0378,10
2025,10762023,3306169751,0374,9
2025,10756607,3306169751,1708190,8
2025,10762338,3306169751,1665190,9
2025,10823812,3306169751,1708190,8
2025,10643328,3306169658,0612,9
2025,10709604,3306169658,1665190,10
2025,10718934,3306169658,0613,3
2025,10828387,3306169658,0615,2
2025,10688878,3306169658,0613,9
2025,10635824,3306169658,0613,4
2025,10772126,3306169658,0615,7
2025,10797980,3306169658,0616s,5
2025,10635513,3306169658,0614,7
2025,10711924,3306169658,1665190,4
2025,11251967,3306170617,1373,4
2025,11251967,3306170617,1374,4
2025,11514753,3306170617,CVOPT,10
2025,11514753,3306170617,1372,9
2025,10783707,3306170617,CVOPT,10
2025,10834174,3306170617,1374,7
2025,10378823,3306170617,1371,10
2025,10666170,3306170617,1708061,10
2025,10985551,3306170617,1665061,10
2025,10985551,3306170617,1708061,9
2025,10985551,3306170617,1373,8
2025,10688361,3306170617,1373,6
2025,10688361,3306170617,1374,8
2025,10827153,3306170617,1710,8
2025,10993836,3306170617,1710,9
2025,10793376,3306170617,1372,6
2025,13281768,3306170617,1375s,5
2025,10122344,3306170617,1372,10
2025,10122344,3306170617,1374,9
2025,10786004,3306170617,1708061,10
2025,10786004,3306170617,1372,6
2025,10711950,3306170617,1665061,9
2025,10711950,3306170617,1708061,8
2025,13242092,3306170617,1373,4
2025,10652580,3306170617,1374,8
2025,13462544,3306170617,1371,7
2025,10851445,3306170617,1710,8
2025,10798915,3306170617,1371,9
2025,10635383,3306170617,1708061,4
2025,10546650,3306170617,1374,7
2025,11649375,3306170617,1665061,10
2025,11649375,3306170617,1374,8
2025,10993558,3306170617,1708061,7
2025,10911568,3306173995,1710,7
2025,10929912,3306173995,CVOPT,7
2025,10929912,3306173995,1664001,9
2025,11029440,3306173995,1713472,9
2025,11044309,3306173995,CVOPT,9
2025,11004716,3306173995,1664001,9
2025,11004716,3306173995,0446,9
2025,10995299,3306173995,1708001,8
2025,10995299,3306173995,0443,7
2025,10995299,3306173995,0442,7
2025,10835299,3306173995,0446,6
2025,11666166,3306173995,1713472,8
2025,11024457,3306173995,0448,8
2025,11024457,3306173995,1710,7
2025,10911000,3306173995,CVOPT,6
2025,10244048,3306174046,0656,6
2025,10679722,3306174046,CVOPT,7
2025,10679722,3306174046,0657s,6
2025,10679722,3306174046,1665001,6
2025,10802285,3306174046,0654,3
2025,10024578,3306174046,0655,7
2025,10017455,3306174046,0656,10
2025,10679695,3306174046,0655,8
2025,10789628,3306174046,0656,9
2025,10679709,3306174046,CVOPT,8
2025,10906957,3306174046,0652,4
2025,10780784,3306174046,0653,5
2025,10840138,3306174046,0655,8
2025,10840138,3306174046,0654,3
2025,10835676,3306174046,0655,7
2025,10835676,3306174046,0656,9
2025,10776755,3306172060,1664020,8
2025,10776755,3306172060,1228,7
2025,10931235,3306172060,1710,7
2025,10776722,3306172060,1708020,7
2025,12465550,3306172060,1234,7
2025,13291541,3306172060,1227,9
2025,11040995,3306172060,1228,7
2025,13099124,3306172060,CVOPT,10
2025,12607119,3306172060,1235,7
2025,10912726,3306172060,1708020,8
2025,10912726,3306172060,1234,7
2025,10766452,3306172133,0825,0
2025,10689201,3306172133,0825,8
2025,10742994,3306172133,0827,6
2025,10742994,3306172133,0824,7
2025,12607926,3306172133,0826,7
2025,11073751,3306172133,0828s,7
2025,13473425,3306172133,0823,8
2025,10487336,3306172133,0823,6
2025,10847609,3306172133,0825,4
2025,10764144,3306172165,1110,6
2025,10776549,3306172165,1708020,9
2025,10726936,3306172165,CVOPT,7
2025,10726936,3306172165,1009,8
2025,10726936,3306172165,1109,6
2025,10797573,3306172165,1708020,8
2025,10754604,3306172165,1011,6
2025,10800028,3306172165,1007,7
2025,10796065,3306172165,CVOPT,8
2025,13054040,3306172165,1708020,8
2025,10263154,3306172165,1665020,8
2025,13461591,3306172165,CVOPT,9
2025,13461591,3306172165,1011,7
2025,10630363,3306172165,1011,6
2025,10630363,3306172165,1110,8
2025,10805294,3306172165,1665020,7
2025,10805294,3306172165,1008,4
2025,10610084,3306172165,1012s,10
2025,13525343,3306172165,1708020,7
2025,13525343,3306172165,1007,10
2025,10585531,3306172330,0399,4
2025,13251013,3306172330,0398,10
2025,10766449,3306172330,CVOPT,8
2025,10766449,3306172330,1665039,8
2025,10820272,3306172330,1665039,8
2025,10820272,3306172330,0180,6
2025,10707825,3306172330,CVOPT,7
2025,10698109,3306172330,1708039,10
2025,10675936,3306172330,0398,4
2025,10675936,3306172330,0399,8
2025,10410077,3306172330,0397,7
2025,13455702,3306172330,1708039,10
2025,10719000,3306172330,0399,4
2025,10415316,3306172330,0400s,9
2025,10698462,3306172330,CVOPT,9
2025,13456027,3306172330,1708039,6
2025,13456027,3306172330,0180,3
2025,10688815,3306172482,1708039,8
2025,13455952,3306172482,0176,6
2025,10749811,3306172410,0388s,9
2025,10808311,3306172410,1665039,9
2025,10761594,3306172410,0180,8
2025,10761594,3306172410,1710,5
2025,10736502,3306172410,0180,9
2025,10676318,3306172410,0386,7
2025,13475599,3306172410,0388s,10
2025,13475662,3306172410,CVOPT,9
2025,10514139,3306172410,0387,8
2025,12912453,3306172410,1708039,6
2025,12912453,3306172410,0180,5
2025,13479949,3306170521,028505,7
2025,11019862,3306170521,028001,3
2025,13278454,3306170521,028501,4
2025,11110518,3306170521,028502,4
2025,13269119,3306170521,028100,9
2025,10322995,3306170521,028505,3
2025,10322995,3306170521,028503,4
2025,11106423,3306170521,028502,7
2025,11106423,3306170521,028504,8
2025,11026033,3306170521,028504,2
2025,10762395,3306170521,028505,4
2025,10762395,3306170521,028503,4
2025,11512589,3306170521,028001,8
2025,10892583,3306170521,028501,4
2025,10914786,3306170521,028503,4
2025,11080250,3306170521,028502,7
2025,11080250,3306170521,028001,9
2025,12059467,3306170521,028505,0
2025,11896934,3306170521,028001,0
2025,11128032,3306170521,028505,9
2025,13456990,3306170521,028505,7
2025,12081920,3306170521,028501,3
2025,10839018,3306170521,028503,0
2025,11000348,3306170521,028505,6
2025,11000348,3306170521,028100,7
2025,10897940,3306170521,028503,4
2025,11787662,3306170521,028100,0
2025,10241444,3306170521,028100,6
2025,13289086,3306170521,028501,7
2025,12623376,3306170521,028100,8
2025,11014535,3306170521,028100,6
2025,13518965,3306170521,028501,0
2025,11030604,3306170521,028504,9
2025,10885488,3306170521,028505,6
2025,13122237,3306170521,028502,0
2025,13122237,3306170521,028001,0
2025,13122237,3306170521,028503,0
2025,10407158,3306170521,028501,4
2025,10885786,3306170521,028001,5
2025,10897219,3306170521,028001,8
2025,13160174,3306170521,028504,0
2025,11043164,3306170521,028001,7
2025,10992542,3306170521,028504,0
2025,10782041,3306170521,028001,8
2025,10805472,3306170521,028505,4
2025,11082700,3306170619,1369,8
2025,10889150,3306170619,1367,7
2025,10889150,3306170619,1368,8
2025,10916495,3306170619,1369,9
2025,10834105,3306170619,1709,9
2025,11312003,3306170619,1368,9
2025,10709739,3306170619,1375p,9
2025,13594581,3306170619,1370,4
2025,10706077,3306170619,1368,8
2025,10784831,3306170619,1370,3
2025,10892991,3306170619,1375p,9
2025,10714135,3306170619,1709,0
2025,10916992,3306170619,1370,4
2025,13595058,3306170619,1375p,9
2025,10918418,3306170619,1367,4
2025,10758727,3306170619,1369,4
2025,10918779,3306170619,1375p,10
2025,10918779,3306170619,1368,9
2025,10903526,3306170619,1367,7
2025,10911185,3306170619,0179,4
2025,10914452,3306170619,1369,9
2025,13615979,3306170619,1367,4
2025,13598749,3306170619,1370,3
2025,10490475,3306170619,1369,4
2025,10659496,3306170619,1709,10
2025,10659496,3306170619,1368,9
2025,13228273,3306172484,1709,0
2025,13561737,3306172484,0177,1
2025,10305806,3306172484,1709,4
2025,10305806,3306172484,0173,9
2025,13608584,3306172484,1709,4
2025,13608584,3306172484,0173,6
2025,10788322,3306172484,0173,0
2025,13551232,3306172484,0174,1
2025,12561340,3306172484,0177,2
2025,13608590,3306172484,0179,0
2025,13593122,3306172484,0181p,9
2025,10304355,3306172484,0179,7
2025,10304355,3306172484,0172,8
2025,13593251,3306172484,0171,5
2025,13593119,3306172484,0173,8
2025,10581374,3306172484,0173,9
2025,13458379,3306172332,0173,0
2025,10583520,3306172332,0383,8
2025,13593106,3306172332,0384,6
2025,12151924,3306172332,0171,8
2025,12151924,3306172332,0172,9
2025,10780778,3306172332,0384,7
2025,10740697,3306172332,0171,10
2025,10657923,3306172332,1709,7
2025,13609532,3306172403,1709,0
2025,13609532,3306172403,0173,0
2025,11258786,3306172403,0172,8
2025,12813996,3306172403,1709,0
2025,12813996,3306172403,0171,0
2025,12813996,3306172403,0383,0
2025,13594957,3306172403,0388p,0
2025,13594957,3306172403,0383,0
2025,10790903,3306172403,0171,7
2025,10654915,3306172053,0156,0
2025,10923040,3306172053,1232,0
2025,11106237,3306172053,0156,9
2025,11106237,3306172053,1232,6
2025,11001838,3306172053,1233,0
2025,11100435,3306172053,1231,6
2025,11121167,3306172053,1226,4
2025,12953439,3306172053,1229,8
2025,11110260,3306172053,0156,9
2025,11116442,3306172053,1231,9
2025,11099468,3306172053,1709,7
2025,11117078,3306172053,1233,8
2025,11036037,3306172053,1229,5
2025,11434889,3306172053,1231,7
2025,10919565,3306172053,1232,2
2025,10915769,3306172053,1232,6
2025,13611445,3306172167,1012p,10
2025,10894753,3306172167,1012p,7
2025,13598681,3306172167,0930,4
2025,10303205,3306172167,0623,0
2025,10250031,3306172167,0623,7
2025,10250031,3306172167,0931,9
2025,12565921,3306172167,0179,0
2025,10516442,3306172167,0179,7
2025,10894622,3306172167,0623,6
2025,11744037,3306172167,0931,7
2025,10436333,3306172167,1709,0
2025,12500676,3306172167,0930,5
2025,10904796,3306172167,1709,7
2025,10919736,3306172167,0623,6
2025,13506504,3306172167,1709,7
2025,13506504,3306172167,0623,6
2025,12557620,3306172167,1010,6
2025,11313275,3306172167,1012p,9
2025,10526778,3306172167,1709,8
2025,10792044,3306172167,1010,8
2025,13170472,3306172135,0623,3
2025,11416033,3306172135,0625,7
2025,10772198,3306172135,0625,6
2025,11075020,3306172135,0623,9
2025,10767809,3306172135,0623,7
2025,13593226,3306172135,0179,4
2025,13112701,3306172135,0828p,7
2025,12722909,3306172135,0622,8
2025,10027352,3306172135,0179,9
2025,10884465,3306172135,0627,6
2025,10835151,3306169433,243266,7
2025,10696608,3306169433,243266,7
2025,10696608,3306169433,243264,7
2025,10802935,3306169433,243267,7
2025,12687088,3306169433,243266,9
2025,10837040,3306169433,243264,0
2025,10745463,3306169433,243265,10
2025,13448029,3306169440,243604,8
2025,13448029,3306169440,243270,9
2025,10698470,3306169440,243271,8
2025,11285049,3306169440,243270,9
2025,10347923,3306169440,243270,4
2025,11564293,3306169440,243271,7
2025,10745557,3306169440,243270,9
2025,10906307,3306173997,0440,5
2025,13594870,3306173997,0437,7
2025,11170959,3306173997,0441,6
2025,13594604,3306173997,0437,9
2025,12406107,3306173997,0438,8
2025,11038609,3306173997,0439,7
2025,11029676,3306173997,0440,8
2025,11336870,3306173997,0439,8
2025,13592648,3306173997,0438,8
2025,13332555,3306173997,0441,10
2025,13529587,3306173997,0156,6
2025,10835148,3306173997,1709,8
2025,10835148,3306173997,0441,7
2025,11896491,3306173997,0156,4
2025,10806257,3306173997,1709,8
2025,10806257,3306173997,0437,6
2025,13024171,3306173997,1709,8
2025,10747126,3306173997,0437,8
2025,10747126,3306173997,0156,10
2025,10931052,3306173997,0439,7
2025,10847700,3306173997,0439,9
2025,10847700,3306173997,0438,8
2025,13134429,3306173997,0437,6
2025,10633944,3306173997,0437,7
2025,10633944,3306173997,0437,7
2025,11008351,3306173997,0438,8
2025,11019069,3306173997,0437,5
2025,11136115,3306173997,1709,8
2025,11136115,3306173997,0438,9
2025,10938365,3306173997,1709,4
2025,10938365,3306173997,0441,5
2025,10938365,3306173997,0440,4
2025,13304340,3306174048,0650,4
2025,13304340,3306174048,0649,4
2025,13537130,3306174048,0648,6
2025,11802825,3306174048,0649,4
2025,12565877,3306174048,1709,0
2025,12745122,3306174048,0657p,3
2025,12745122,3306174048,0648,5
2025,13114812,3306174048,1709,2
2025,10925424,3306174048,0650,9
2025,10925424,3306174048,0648,8
2025,13101838,3306174048,0648,5
2025,13101838,3306174048,0647,7
2025,11904167,3306174048,0649,8
2025,10808862,3306174048,0657p,8
2025,10662076,3306174048,0651,6
2025,13596536,3306174048,0649,4
2025,10243725,3306174048,0657p,7
2025,10243725,3306174048,0648,0
2025,10946112,3306174048,0648,8
2025,10657315,3306174048,0651,10
2025,13298754,3306174048,1709,4
2025,13597527,3306174048,0651,5
2025,11071688,3306174048,0648,7
2025,13597031,3306174048,0179,4
2025,13542655,3306174048,1709,4
2025,10254912,3306174048,0649,4
2025,10832907,3306174048,0179,8
2025,13593239,3306174048,0647,4
2025,10737176,3306174048,0649,9
2025,10698482,3306174048,0649,8
2025,10904320,3306174048,0179,7
2025,13263684,3306174048,0179,7
2025,12736231,3306174048,0647,6
2025,12478421,3306174048,0657p,9
2025,10779855,3306174048,0647,3
2025,10805078,3306169744,0179,10
2025,10896459,3306169744,0379p,9
2025,10896459,3306169744,0372,10
2025,10910205,3306169744,0371,9
2025,11226702,3306169744,0370,9
2025,10784937,3306169744,0371,7
2025,10914721,3306169744,0179,10
2025,10912223,3306169744,0369,7
2025,10734142,3306169744,0371,9
2025,10895404,3306169744,0370,8
2025,10895404,3306169744,0371,9
2025,10895404,3306169744,0369,8
2025,10904569,3306169651,0483,8
2025,10311349,3306169651,0485,0
2025,10901180,3306169651,0483,7
2025,10931085,3306169651,0485,9
2025,10931085,3306169651,0484,9
2025,10454462,3306169651,1709,6
2025,10837080,3306169651,0487,6
2025,10891759,3306169651,0373,3
2025,10308504,3306169651,0483,8
2025,10308750,3306169651,0616p,5
2025,10308750,3306169651,0179,8
2025,10471125,3306169651,1709,0
2025,13593175,3306169651,0487,0
2025,11905649,3306169651,0179,8
2025,11905649,3306169651,0484,8
2025,13592958,3306169651,0483,1
2025,10900201,3306169651,0616p,9
2025,10756981,3306169651,0616p,6
2025,11197655,3306169651,0179,7
2025,10900298,3306169651,0487,10
2025,13170302,3306169651,1709,0
2025,10301350,3306169651,0485,6
2025,10909591,3306169651,0483,9
2025,10283093,3306169651,0484,0
2025,10299132,3306169651,1709,0
2025,11318786,3306169651,0179,0
2025,11014915,3306169651,0485,1
2025,10595030,3306169651,0483,0
2025,10440723,3306169651,0487,0
2025,10884600,3306169651,0179,8
2025,11126483,3306169593,0225,6
2025,10933605,3306169593,0222,0
2025,11407222,3306169593,0222,0
2025,10404633,3306169593,0225,0
2025,11246288,3306169593,0222,8
2025,12610265,3306169593,0222,3
2025,12615991,3306169593,0221,0
2025,13358627,3306169593,0222,0
2025,12736641,3306169593,0225,0
2025,11417915,3306169593,0156,9
2025,11100333,3306169593,0221,8
2025,10705603,3306169593,0223,9
2025,13288296,3306169593,1709,8
2025,11432717,3306169593,0222,7
2025,13598530,3306169593,0156,10
2025,10705918,3306169593,0221,6
2025,13459021,3306169593,0221,3
2025,12651696,3306169593,1709,0
2025,12651696,3306169593,0156,0
2025,10917865,3306169591,1664190,7
2025,11002913,3306169591,0227,10
2025,10893131,3306169591,1713707,6
2025,10885064,3306169591,1713707,3
2025,13452408,3306169591,0224,9
2025,11002807,3306169591,0224,9
2025,11020732,3306169591,1713707,5
2025,11708808,3306169591,CVOPT,8
2025,11708808,3306169591,1710,9
2025,10762368,3306169751,0377,7
2025,10635003,3306169751,1665190,10
2025,10762343,3306169751,0375,8
2025,10762343,3306169751,0376,10
2025,10849397,3306169751,1708190,10
2025,10799789,3306169751,1708190,8
2025,10764453,3306169751,0379s,8
2025,10756607,3306169751,0377,8
2025,10756607,3306169751,0374,4
2025,10823807,3306169751,1665190,10
2025,10823807,3306169751,0375,7
2025,10823807,3306169751,0376,8
2025,13345475,3306169751,0379s,8
2025,10511870,3306169658,1708190,0
2025,10511870,3306169658,0613,0
2025,10611084,3306169658,0612,9
2025,10797348,3306169658,1708190,8
2025,10643328,3306169658,0614,4
2025,10643328,3306169658,0613,5
2025,10807600,3306169658,CVOPT,8
2025,10718934,3306169658,1665190,9
2025,10718934,3306169658,0615,2
2025,10718934,3306169658,0612,1
2025,10718934,3306169658,1710,6
2025,10828387,3306169658,0614,6
2025,10882393,3306169658,0615,3
2025,11341745,3306170617,CVOPT,9
2025,11341745,3306170617,1374,6
2025,10781492,3306170617,CVOPT,8
2025,10783707,3306170617,1665061,10
2025,10783707,3306170617,1375s,10
2025,10742238,3306170617,1665061,6
2025,10742238,3306170617,1373,8
2025,10734128,3306170617,1374,10
2025,10865703,3306170617,1372,4
2025,10282118,3306170617,1708061,10
2025,10827153,3306170617,1373,7
2025,10993836,3306170617,1371,9
2025,10993836,3306170617,1373,9
2025,10809557,3306170617,1375s,5
2025,10793376,3306170617,1373,8
2025,10819488,3306170617,1371,9
2025,13281768,3306170617,1371,7
2025,10819378,3306170617,CVOPT,10
2025,10786004,3306170617,1374,5
2025,13273466,3306170617,1708061,10
2025,13273466,3306170617,1375s,5
2025,10776515,3306170617,1373,9
2025,10776515,3306170617,1710,10
2025,10652580,3306170617,1665061,9
2025,10725869,3306170617,1371,8
2025,10687463,3306170617,1372,6
2025,10770501,3306170617,1372,9
2025,10770501,3306170617,1710,8
2025,10851445,3306170617,1373,8
2025,10809667,3306170617,1373,9
2025,13167864,3306170617,1665061,6
2025,10737175,3306173995,CVOPT,9
2025,10911568,3306173995,0443,5
2025,11029440,3306173995,0443,9
2025,11029440,3306173995,1710,9
2025,10929818,3306173995,0443,9
2025,10929818,3306173995,0448,8
2025,11004716,3306173995,0448,8
2025,11004486,3306173995,0443,9
2025,10960990,3306173995,1664001,10
2025,11043785,3306173995,1708001,8
2025,11039273,3306173995,1708001,9
2025,10835299,3306173995,1664001,9
2025,11026339,3306173995,0443,3
2025,11026339,3306173995,0448,4
2025,10905782,3306173995,0448,4
2025,11666166,3306173995,0448,3
2025,11024457,3306173995,1664001,9
2025,11024457,3306173995,0443,8
2025,11027361,3306173995,1713472,3
2025,11027361,3306173995,1708001,8
2025,10677900,3306174046,1710,3
2025,10802285,3306174046,1708001,5
2025,10802285,3306174046,0655,5
2025,10824617,3306174046,0656,7
2025,10017455,3306174046,0652,8
2025,10679695,3306174046,1708001,6
2025,12332046,3306174046,1665001,3
2025,10742998,3306174046,1665001,9
2025,10840138,3306174046,0656,7
2025,10931235,3306172060,1228,5
2025,11798264,3306172060,1227,6
2025,11798264,3306172060,1228,5
2025,10787502,3306172060,1228,8
2025,10776722,3306172060,1710,6
2025,11184512,3306172060,1230,8
2025,10648909,3306172060,1235,5
2025,11040995,3306172060,1664020,7
2025,11040995,3306172060,1710,8
2025,12744964,3306172060,1713925,5
2025,11024352,3306172060,1708020,8
2025,13099124,3306172060,1228,7
2025,13099124,3306172060,1230,8
2025,10912726,3306172060,CVOPT,9
2025,10889537,3306172060,1235,5
2025,10835673,3306172133,CVOPT,4
2025,10835673,3306172133,1708020,6
2025,12607926,3306172133,1665020,7
2025,11073751,3306172133,1710,10
2025,12912678,3306172133,0824,7
2025,13473425,3306172133,0828s,9
2025,10711954,3306172133,1665020,6
2025,10804606,3306172133,1708020,4
2025,10707892,3306172133,1710,8
2025,10857816,3306172133,1710,8
2025,11388211,3306172133,1708020,8
2025,10764144,3306172165,1708020,6
2025,10800028,3306172165,1110,7
2025,10796065,3306172165,1012s,9
2025,10796065,3306172165,1007,7
2025,11089472,3306172165,1009,7
2025,10365221,3306172165,1665020,9
2025,13456007,3306172165,1008,8
2025,10813126,3306172165,CVOPT,9
2025,10813126,3306172165,1009,7
2025,10813126,3306172165,1011,6
2025,10530803,3306172165,1708020,7
2025,13054040,3306172165,1665020,8
2025,10263154,3306172165,CVOPT,9
2025,10630363,3306172165,1665020,9
2025,10610084,3306172165,1109,7
2025,10585531,3306172330,CVOPT,7
2025,10585531,3306172330,0180,9
2025,10648032,3306172330,0400s,8
2025,10648032,3306172330,0180,4
2025,11627062,3306172330,0180,8
2025,13251013,3306172330,1708039,10
2025,10820272,3306172330,1708039,8
2025,10698109,3306172330,0399,9
2025,10410077,3306172330,0398,4
2025,10415316,3306172330,1708039,10
2025,10698462,3306172330,1708039,8
2025,10698462,3306172330,0398,4
2025,13456027,3306172330,0400s,5
2025,13456027,3306172330,0397,4
2025,10254373,3306172482,0178,10
2025,10688815,3306172482,CVOPT,8
2025,10688815,3306172482,0180,3
2025,10742128,3306172410,0386,8
2025,10749811,3306172410,0386,9
2025,10808311,3306172410,0180,8
2025,10808311,3306172410,1710,6
2025,10736502,3306172410,1710,7
2025,11330085,3306172410,1665039,5
2025,10514139,3306172410,1665039,9
2025,13454999,3306172410,CVOPT,9
2025,11802023,3306170521,028503,8
2025,10964248,3306170521,028503,0
2025,10407199,3306170521,028502,7
2025,13596825,3306170521,028504,7
2025,13278454,3306170521,028503,4
2025,13129964,3306170521,028001,8
2025,13269119,3306170521,028505,9
2025,11103695,3306170521,028501,2
2025,10322995,3306170521,028100,5
2025,11135046,3306170521,028504,6
2025,11135046,3306170521,028501,7
2025,11119010,3306170521,028001,9
2025,11080250,3306170521,028503,7
2025,11896934,3306170521,028503,0
2025,11896934,3306170521,028501,0
2025,13484181,3306170521,028505,4
2025,13246193,3306170521,028503,4
2025,12081920,3306170521,028502,6
2025,10839018,3306170521,028502,0
2025,11010717,3306170521,028505,4
2025,11787662,3306170521,028504,0
2025,11787662,3306170521,028505,0
2025,13289086,3306170521,028504,6
2025,11014535,3306170521,028502,10
2025,11014535,3306170521,028501,7
2025,13518965,3306170521,028503,0
2025,13518965,3306170521,028100,0
2025,11017524,3306170521,028502,8
2025,10885488,3306170521,028504,7
2025,10885488,3306170521,028001,9
2025,10407158,3306170521,028505,4
2025,10885786,3306170521,028505,2
2025,11028307,3306170521,028100,9
2025,13598561,3306170521,028001,10
2025,12451319,3306170521,028501,8
2025,11096252,3306170521,028504,8
2025,11096252,3306170521,028100,8
2025,10805472,3306170521,028503,4
2025,11103555,3306170521,028504,9
2025,10795396,3306170521,028502,9
2025,10795396,3306170521,028505,7
2025,11837899,3306170521,028001,4
2025,10027392,3306170619,1368,0
2025,10913687,3306170619,0179,5
2025,10916495,3306170619,1368,9
2025,10736761,3306170619,1375p,10
2025,11620907,3306170619,1368,6
2025,10914260,3306170619,1367,8
2025,10914260,3306170619,1368,7
2025,11790026,3306170619,1368,0
2025,10884022,3306170619,1369,8
2025,10706077,3306170619,1369,7
2025,10784831,3306170619,1709,4
2025,10892991,3306170619,1709,8
2025,13595058,3306170619,0179,6
2025,10515804,3306170619,1369,4
2025,10928805,3306170619,1367,7
2025,10677457,3306170619,1370,3
2025,10927613,3306170619,1369,8
2025,10909929,3306170619,1368,4
2025,10909929,3306170619,1369,6
2025,10758727,3306170619,1368,4
2025,10899960,3306170619,0179,7
2025,10814469,3306170619,1369,8
2025,10914452,3306170619,1375p,9
2025,13598749,3306170619,0179,6
2025,10490475,3306170619,0179,7
2025,10659496,3306170619,1367,9
2025,13623963,3306172484,1709,6
2025,10652365,3306172484,0179,7
2025,12413993,3306172484,0179,1
2025,13228273,3306172484,0179,0
2025,13607126,3306172484,0179,6
2025,13602203,3306172484,1709,0
2025,10798065,3306172484,0173,5
2025,13608577,3306172484,0173,0
2025,12561340,3306172484,1709,0
2025,13608590,3306172484,0174,0
2025,13593122,3306172484,1709,6
2025,13593122,3306172484,0173,6
2025,10304355,3306172484,0173,8
2025,13593251,3306172484,0174,4
2025,13593117,3306172484,1709,0
2025,13593117,3306172484,0171,0
2025,10787451,3306172484,0172,3
2025,10895710,3306172332,0383,7
2025,13598941,3306172332,0171,7
2025,10583520,3306172332,0171,9
2025,13608890,3306172332,0179,7
2025,10902331,3306172403,0173,8
2025,10025712,3306172403,0172,9
2025,10911448,3306172403,0173,9
2025,12908126,3306172403,1709,7
2025,12908126,3306172403,0383,9
2025,10796413,3306172403,0173,5
2025,12813996,3306172403,0384,0
2025,10690363,3306172403,0388p,9
2025,10652392,3306172403,0383,10
2025,10912710,3306172053,0156,8
2025,11106237,3306172053,1231,5
2025,12953439,3306172053,1709,9
2025,11116442,3306172053,1229,9
2025,11116442,3306172053,1232,8
2025,11095070,3306172053,1709,6
2025,10803879,3306172053,1709,3
2025,11433993,3306172053,1233,5
2025,10676509,3306172167,0931,8
2025,10015387,3306172167,0930,4
2025,10015387,3306172167,0931,8
2025,10866312,3306172167,0930,2
2025,10894753,3306172167,0930,3
2025,10560755,3306172167,0179,9
2025,10303205,3306172167,0179,0
2025,10199483,3306172167,0623,0
2025,10425558,3306172167,0623,7
2025,10463434,3306172167,0930,0
2025,10463434,3306172167,1010,0
2025,10792537,3306172167,1709,7
2025,10516442,3306172167,0930,5
2025,10883675,3306172167,0179,9
2025,10895836,3306172167,0930,8
2025,11744037,3306172167,0623,3
2025,10835229,3306172167,1010,6
2025,10895114,3306172167,0931,7
2025,10895114,3306172167,1010,6
2025,13595716,3306172167,0623,0
2025,10904796,3306172167,1012p,10
2025,10919736,3306172167,0930,4
2025,13502717,3306172167,0930,0
2025,10883924,3306172167,0179,9
2025,11340144,3306172167,0179,9
2025,10730207,3306172167,0930,3
2025,10526778,3306172167,0179,9
2025,12152515,3306172167,0623,5
2025,10932250,3306172167,0930,6
2025,13170472,3306172135,0627,5
2025,10961331,3306172135,0623,8
2025,10961331,3306172135,0627,7
2025,10889204,3306172135,0828p,5
2025,10793458,3306172135,0828p,7
2025,11136005,3306172135,0625,7
2025,11136005,3306172135,0623,8
2025,12722909,3306172135,0623,8
2025,10783295,3306169433,243267,9
2025,10757281,3306169433,243264,5
2025,10837040,3306169433,243267,0
2025,10657391,3306169433,243267,8
2025,10657391,3306169433,243266,8
2025,10699142,3306169440,243604,4
2025,10698470,3306169440,243270,9
2025,13447284,3306169440,243602,7
2025,13475004,3306169440,243604,7
2025,11316049,3306169440,243271,8
2025,10869145,3306169440,243602,10
2025,10862205,3306169440,243270,7
2025,10705571,3306169440,243604,6
2025,10709718,3306169440,243271,6
2025,10706021,3306173997,0439,6
2025,10706021,3306173997,0438,7
2025,10706021,3306173997,0440,8
2025,10706021,3306173997,0156,6
2025,11170959,3306173997,0156,7
2025,13594604,3306173997,0439,8
2025,12257970,3306173997,0437,7
2025,13594861,3306173997,0437,6
2025,11241256,3306173997,0156,5
2025,13162455,3306173997,0441,6
2025,12406107,3306173997,0440,9
2025,11336870,3306173997,0440,9
2025,13592648,3306173997,0440,8
2025,13332555,3306173997,0440,10
2025,10835148,3306173997,0438,8
2025,10835148,3306173997,0156,9
2025,11168289,3306173997,1709,6
2025,10832115,3306173997,0438,8
2025,10421015,3306173997,0439,5
2025,10421015,3306173997,0438,6
2025,11132240,3306173997,0437,6
2025,11086666,3306173997,0441,7
2025,11019069,3306173997,0441,4
2025,13056115,3306173997,0438,9
2025,11053348,3306173997,0440,8
2025,10333114,3306173997,0440,9
2025,13596973,3306174048,0651,5
2025,13597020,3306174048,1709,0
2025,13597020,3306174048,0650,0
2025,13537130,3306174048,0179,9
2025,11802825,3306174048,0647,7
2025,10895723,3306174048,0650,4
2025,13455395,3306174048,1709,0
2025,10243668,3306174048,1709,5
2025,13486970,3306174048,1709,5
2025,13486970,3306174048,0650,8
2025,11664368,3306174048,0179,3
2025,10840996,3306174048,0647,5
2025,10808862,3306174048,0651,7
2025,13456235,3306174048,1709,7
2025,10926432,3306174048,0648,8
2025,10926432,3306174048,0649,8
2025,10657315,3306174048,0648,10
2025,13298754,3306174048,0649,0
2025,13597527,3306174048,0179,3
2025,11071688,3306174048,0650,1
2025,10511438,3306174048,1709,0
2025,10511438,3306174048,0649,0
2025,10254912,3306174048,0648,7
2025,10254912,3306174048,0647,7
2025,13593239,3306174048,0657p,8
2025,13593239,3306174048,0649,8
2025,10698482,3306174048,0651,8
2025,10698482,3306174048,0650,9
2025,10698482,3306174048,0648,8
2025,10793462,3306174048,0648,8
2025,10904320,3306174048,0651,7
2025,11690583,3306174048,0649,5
2025,10915302,3306169744,0379p,9
2025,10928705,3306169744,1709,9
2025,10805078,3306169744,0371,9
2025,10898640,3306169744,0369,7
2025,10896459,3306169744,1709,9
2025,10904793,3306169744,0179,10
2025,10910205,3306169744,0179,10
2025,10910205,3306169744,0373,5
2025,10900148,3306169744,0370,5
2025,10784937,3306169744,1709,9
2025,10784937,3306169744,0369,7
2025,10914721,3306169744,0372,10
2025,10912223,3306169744,0372,10
2025,10734142,3306169744,0379p,9
2025,10734142,3306169744,0370,9
2025,10996327,3306169744,0379p,10
2025,10996327,3306169744,0369,6
2025,11088604,3306169744,0370,9
2025,11088604,3306169744,0372,10
2025,10901180,3306169651,0484,7
2025,10462619,3306169651,0483,10
2025,13303646,3306169651,0373,2
2025,10246766,3306169651,0487,7
2025,10246766,3306169651,0485,0
2025,10308422,3306169651,0484,9
2025,12730778,3306169651,0485,0
2025,10839683,3306169651,0373,0
2025,10463301,3306169651,0487,4
2025,10398479,3306169651,0483,8
2025,10888617,3306169651,0485,6
2025,13170302,3306169651,0179,0
2025,10904666,3306169651,0179,8
2025,10346246,3306169651,0616p,9
2025,10299132,3306169651,0487,0
2025,10310048,3306169651,1709,5
2025,11318786,3306169651,0485,0
2025,13375819,3306169651,0485,6
2025,10404419,3306169651,0373,0
2025,11179481,3306169651,0179,7
2025,11014915,3306169651,0616p,5
2025,11147116,3306169651,0484,0
2025,10933605,3306169593,0225,8
2025,10796752,3306169593,0221,7
2025,13360681,3306169593,0156,9
2025,13513975,3306169593,1709,7
2025,10459629,3306169593,0221,0
2025,11251993,3306169593,1709,0
2025,13358627,3306169593,1709,0
2025,10604690,3306169593,1709,8
2025,10604690,3306169593,0222,9
2025,11248234,3306169593,0221,6
2025,10999069,3306169593,1709,8
2025,10999069,3306169593,0222,4
2025,12919510,3306169593,0223,6
2025,10892119,3306169593,0222,8
2025,11100333,3306169593,1709,8
2025,10835716,3306169593,0222,0
2025,10908386,3306169593,0225,4
2025,12948963,3306169593,1709,5
2025,12948963,3306169593,0222,7
2025,10891681,3306169593,0222,4
2025,10437587,3306169593,0221,7
2025,10812899,3306169591,CVOPT,1
2025,11002913,3306169591,1708190,10
2025,11002913,3306169591,0228,10
2025,11002913,3306169591,1710,10
2025,11146537,3306169591,1708190,10
2025,10885064,3306169591,0224,3
2025,11011197,3306169591,CVOPT,10
2025,11011197,3306169591,0227,9
2025,10903261,3306169591,0228,10
2025,11009276,3306169591,1708190,1
2025,11009276,3306169591,1664190,1
2025,11020732,3306169591,0228,5
2025,11020732,3306169591,0226,4
2025,11708808,3306169591,1664190,9
2025,11708808,3306169591,0224,9
2025,11029392,3306169591,0226,8
2025,11035843,3306169591,1708190,1
2025,11035843,3306169591,1710,1
2025,10762368,3306169751,CVOPT,10
2025,10762368,3306169751,0374,8
2025,10796295,3306169751,CVOPT,10
2025,10635003,3306169751,0376,10
2025,10910600,3306169751,0378,8
2025,11082671,3306169751,0375,8
2025,12854002,3306169751,0379s,8
2025,10799789,3306169751,0377,8
2025,10762023,3306169751,1665190,10
2025,10764453,3306169751,0378,8
2025,10813139,3306169751,0378,7
2025,10762338,3306169751,1708190,8
2025,10823812,3306169751,CVOPT,9
2025,10780756,3306169751,0375,6
2025,10823807,3306169751,CVOPT,9
2025,10611084,3306169658,1665190,9
2025,10643328,3306169658,CVOPT,5
2025,10807600,3306169658,1708190,10
2025,10807600,3306169658,0614,6
2025,10807600,3306169658,0613,8
2025,10736277,3306169658,CVOPT,9
2025,10635824,3306169658,0612,5
2025,10772126,3306169658,1708190,7
2025,10797980,3306169658,0613,3
2025,10799612,3306170617,1708061,9
2025,10026298,3306170617,CVOPT,9
2025,10834174,3306170617,1665061,9
2025,10834174,3306170617,1375s,8
2025,10734128,3306170617,1665061,10
2025,10865703,3306170617,1665061,9
2025,10865703,3306170617,1710,8
2025,10378823,3306170617,1374,10
2025,10944114,3306170617,1373,4
2025,10688361,3306170617,CVOPT,8
2025,10809557,3306170617,1708061,10
2025,10711950,3306170617,1372,4
2025,10776515,3306170617,1708061,9
2025,10413312,3306170617,1372,8
2025,10729560,3306170617,1371,6
2025,10851445,3306170617,1374,6
2025,10842025,3306170617,1371,6
2025,10798915,3306170617,1708061,10
2025,13167864,3306170617,CVOPT,9
2025,10635383,3306170617,1374,3
2025,10546650,3306170617,1371,8
2025,10546650,3306170617,1710,7
2025,10887720,3306173995,0446,7
2025,10887720,3306173995,1710,8
2025,11671982,3306173995,0446,6
2025,11671982,3306173995,1710,7
2025,11028742,3306173995,0442,8
2025,10787257,3306173995,1708001,8
2025,11004486,3306173995,1708001,9
2025,11043785,3306173995,1710,7
2025,11026339,3306173995,1710,6
2025,11027361,3306173995,1710,5
2025,10787655,3306173995,CVOPT,9
2025,10911000,3306173995,1708001,7
2025,10244048,3306174046,1665001,7
2025,10244048,3306174046,0652,3
2025,10677900,3306174046,0655,6
2025,10677900,3306174046,0656,7
2025,10819061,3306174046,0652,8
2025,10789628,3306174046,CVOPT,9
2025,10025295,3306174046,CVOPT,5
2025,12332046,3306174046,CVOPT,8
2025,10742998,3306174046,1708001,10
2025,10742998,3306174046,0656,10
2025,10840138,3306174046,0657s,7
2025,10840138,3306174046,1710,6
2025,10711948,3306174046,1708001,6
2025,11798264,3306172060,1708020,8
2025,11184512,3306172060,1234,7
2025,10648909,3306172060,1230,4
2025,13291541,3306172060,1713925,8
2025,12744964,3306172060,CVOPT,7
2025,12744964,3306172060,1227,4
2025,11024352,3306172060,1230,7
2025,11004108,3306172060,1228,8
2025,11004108,3306172060,1235,8
2025,10889537,3306172060,1713925,5
2025,10889537,3306172060,1227,4
2025,10742994,3306172133,CVOPT,7
2025,10742994,3306172133,1708020,9
2025,10835673,3306172133,0827,5
2025,10835673,3306172133,0824,5
2025,12607926,3306172133,0822,7
2025,10856038,3306172133,1708020,7
2025,10856038,3306172133,0823,7
2025,10734184,3306172133,0828s,9
2025,10734184,3306172133,0827,7
2025,10707892,3306172133,0823,4
2025,10857816,3306172133,0828s,8
2025,10766414,3306172133,0822,9
2025,10766414,3306172133,0824,9
2025,10847609,3306172133,0823,3
2025,10806298,3306172165,1665020,8
2025,10806298,3306172165,1009,8
2025,10630337,3306172165,CVOPT,4
2025,10819684,3306172165,1012s,6
2025,10819684,3306172165,1008,4
2025,10797573,3306172165,1665020,8
2025,11089472,3306172165,1665020,4
2025,13456007,3306172165,1109,8
2025,10824007,3306172165,1665020,7
2025,10270640,3306172165,1665020,7
2025,10530803,3306172165,1109,7
2025,13054040,3306172165,1008,5
2025,10630363,3306172165,1109,9
2025,13500949,3306172165,1110,7
2025,10610084,3306172165,CVOPT,9
2025,10610084,3306172165,1009,8
2025,10745573,3306172330,0400s,9
2025,10835750,3306172330,1708039,6
2025,10766449,3306172330,0180,7
2025,10645102,3306172330,0399,7
2025,10698109,3306172330,1710,8
2025,10675936,3306172330,0180,7
2025,10410077,3306172330,1665039,6
2025,10530795,3306172330,CVOPT,8
2025,10415316,3306172330,0398,8
2025,13487222,3306172330,0397,9
2025,13456027,3306172330,1665039,6
2025,13456027,3306172330,0398,4
2025,10759237,3306172410,CVOPT,9
2025,10759237,3306172410,1710,6
2025,10749811,3306172410,0180,8
2025,10749811,3306172410,0387,7
2025,10808311,3306172410,CVOPT,9
2025,10736502,3306172410,0388s,8
2025,11330085,3306172410,0180,4
2025,13475662,3306172410,1708039,9
2025,13475662,3306172410,1710,7
2025,13454999,3306172410,0386,7
2025,13454999,3306172410,1710,6
2025,12869703,3306170521,028502,7
2025,12869703,3306170521,028501,8
2025,13479949,3306170521,028100,6
2025,10706065,3306170521,028505,0
2025,11019862,3306170521,028504,1
2025,11802023,3306170521,028100,8
2025,13596825,3306170521,028100,9
2025,13532312,3306170521,028100,9
2025,13129964,3306170521,028501,4
2025,13129964,3306170521,028100,5
2025,11321038,3306170521,028505,0
2025,13269119,3306170521,028503,10
2025,13269119,3306170521,028501,9
2025,10322995,3306170521,028001,7
2025,11123109,3306170521,028503,4
2025,11025178,3306170521,028505,7
2025,11135046,3306170521,028505,4
2025,11119010,3306170521,028503,8
2025,11119010,3306170521,028100,9
2025,10914786,3306170521,028504,8
2025,13598449,3306170521,028503,4
2025,13484181,3306170521,028504,1
2025,13484181,3306170521,028100,10
2025,11000348,3306170521,028001,8
2025,10974769,3306170521,028001,8
2025,10974769,3306170521,028503,7
2025,10897940,3306170521,028001,4
2025,11787662,3306170521,028001,0
2025,10241444,3306170521,028502,8
2025,10616148,3306170521,028501,7
2025,12379379,3306170521,028100,7
2025,10893206,3306170521,028501,3
2025,10407158,3306170521,028503,7
2025,11101503,3306170521,028502,8
2025,10885786,3306170521,028503,4
2025,10702316,3306170521,028505,7
2025,10916309,3306170521,028504,6
2025,13598561,3306170521,028504,2
2025,10740566,3306170619,1375p,10
2025,12649264,3306170619,1367,4
2025,10913687,3306170619,1375p,7
2025,10834105,3306170619,0179,8
2025,11312003,3306170619,1367,9
2025,10709739,3306170619,1368,8
2025,10914260,3306170619,1375p,9
2025,10301015,3306170619,1370,4
2025,10735252,3306170619,1370,2
2025,10735252,3306170619,1367,6
2025,10931524,3306170619,1368,10
2025,10886973,3306170619,1369,8
2025,10928805,3306170619,1709,8
2025,10677457,3306170619,1369,8
2025,10909929,3306170619,1375p,9
2025,10918779,3306170619,1369,8
2025,12667179,3306170619,1368,2
2025,10920136,3306170619,0179,4
2025,10911185,3306170619,1367,7
2025,10610022,3306170619,1375p,10
2025,10610022,3306170619,1368,4
2025,10814469,3306170619,1368,8
2025,10490475,3306170619,1709,8
2025,10776959,3306170719,1373,0
2025,10652365,3306172484,0177,7
2025,12413993,3306172484,0177,0
2025,13228273,3306172484,0181p,0
2025,10305806,3306172484,0181p,5
2025,10788322,3306172484,0171,0
2025,10798065,3306172484,0177,4
2025,13593120,3306172484,0171,6
2025,13593121,3306172484,0173,4
2025,13598131,3306172484,0181p,0
2025,13598131,3306172484,0177,0
2025,13602219,3306172484,0179,0
2025,13605770,3306172484,0173,3
2025,13605770,3306172484,0174,3
2025,10707659,3306172484,0172,0
2025,10304355,3306172484,0171,10
2025,10304355,3306172484,0177,7
2025,10787451,3306172484,0181p,9
2025,13598941,3306172332,1709,5
2025,13598941,3306172332,0384,6
2025,13445476,3306172332,0171,7
2025,12151924,3306172332,0173,7
2025,10740697,3306172332,0383,9
2025,10657923,3306172332,0400p,8
2025,10311896,3306172403,0388p,10
2025,10790662,3306172403,0388p,10
2025,10025712,3306172403,1709,8
2025,10025712,3306172403,0388p,8
2025,11702324,3306172403,0384,4
2025,12908126,3306172403,0173,9
2025,10796413,3306172403,0171,5
2025,10690363,3306172403,0172,7
2025,10923040,3306172053,1709,0
2025,11106237,3306172053,1226,4
2025,11001838,3306172053,1231,2
2025,11121167,3306172053,1233,4
2025,11116442,3306172053,1709,7
2025,11117078,3306172053,1232,5
2025,11013480,3306172053,1233,4
2025,11114298,3306172053,1232,3
2025,10676509,3306172167,1709,6
2025,10676509,3306172167,1012p,10
2025,10699266,3306172167,0931,7
2025,12404225,3306172167,0931,0
2025,10798287,3306172167,0931,7
2025,10798287,3306172167,1010,3
2025,13598677,3306172167,1012p,0
2025,13598681,3306172167,1709,6
2025,10197921,3306172167,1709,5
2025,10197921,3306172167,0179,0
2025,10197921,3306172167,0931,10
2025,10929310,3306172167,0931,9
2025,10516442,3306172167,0623,2
2025,10476265,3306172167,1012p,8
2025,10904904,3306172167,0179,8
2025,11744037,3306172167,0930,4
2025,10835229,3306172167,0179,9
2025,10436333,3306172167,1010,2
2025,10919736,3306172167,1010,6
2025,10742412,3306172167,0623,6
2025,10735482,3306172167,0930,3
2025,10735482,3306172167,1010,3
2025,11340144,3306172167,0931,7
2025,10792044,3306172167,0179,4
2025,10928697,3306172167,0931,7
2025,12152515,3306172167,1012p,9
2025,13112701,3306172135,0623,8
2025,13112701,3306172135,0627,7
2025,11709509,3306172135,1709,8
2025,10916125,3306172135,0625,8
2025,10694675,3306169433,243264,10
2025,10366184,3306169433,243265,0
2025,10660627,3306169433,243267,9
2025,13043456,3306169433,243267,7
2025,10892469,3306169433,243265,4
2025,10657391,3306169433,243264,5
2025,10791102,3306169440,243604,5
2025,10698470,3306169440,243602,9
2025,10675598,3306169440,243604,6
2025,13035877,3306169440,243604,9
2025,10699108,3306169440,243271,7
2025,11316053,3306169440,243271,9
2025,11564293,3306169440,243270,4
2025,10745557,3306169440,243271,7
2025,13594604,3306173997,0440,9
2025,13594861,3306173997,1709,3
2025,12461270,3306173997,0437,10
2025,12461270,3306173997,0438,0
2025,11038609,3306173997,0156,8
2025,13536269,3306173997,0441,3
2025,13594777,3306173997,1709,8
2025,13592648,3306173997,0156,9
2025,11899732,3306173997,0438,0
2025,11896491,3306173997,0440,9
2025,10806257,3306173997,0441,8
2025,13134429,3306173997,0156,7
2025,11008351,3306173997,0441,9
2025,11041555,3306173997,0437,6
2025,13056115,3306173997,0439,9
2025,10806737,3306174048,0648,9
2025,10416752,3306174048,0179,0
2025,12859504,3306174048,0649,9
2025,12565877,3306174048,0651,0
2025,10243668,3306174048,0657p,8
2025,10910705,3306174048,0657p,7
2025,10910705,3306174048,0648,6
2025,13596966,3306174048,1709,5
2025,13596966,3306174048,0651,3
2025,11904167,3306174048,0647,7
2025,11664368,3306174048,0647,3
2025,13457085,3306174048,0649,8
2025,13596949,3306174048,1709,0
2025,10662076,3306174048,1709,7
2025,10926432,3306174048,0650,9
2025,13596536,3306174048,1709,4
2025,13596536,3306174048,0648,8
2025,12116573,3306174048,0651,8
2025,13597950,3306174048,0657p,7
2025,11071688,3306174048,0649,0
2025,13597031,3306174048,1709,5
2025,13009073,3306174048,0651,3
2025,13009073,3306174048,0650,7
2025,13009073,3306174048,0649,8
2025,10899530,3306174048,0657p,6
2025,13593239,3306174048,0179,4
2025,10737176,3306174048,0657p,9
2025,12788547,3306174048,0648,6
2025,10793462,3306174048,0649,8
2025,10698049,3306174048,0657p,9
2025,10904320,3306174048,0649,9
2025,10904320,3306174048,0647,7
2025,10709630,3306174048,0179,8
2025,10787713,3306174048,0651,7
2025,10787713,3306174048,0647,7
2025,10915302,3306169744,0370,7
2025,10823890,3306169744,0372,9
2025,10910205,3306169744,0372,10
2025,10910205,3306169744,0369,7
2025,10900148,3306169744,1709,7
2025,11226702,3306169744,0369,7
2025,10910799,3306169744,0370,9
2025,10427570,3306169651,0485,0
2025,10263445,3306169651,0373,6
2025,10931085,3306169651,0483,9
2025,10891759,3306169651,0179,10
2025,10891759,3306169651,0484,8
2025,10308504,3306169651,0179,0
2025,10472185,3306169651,0483,9
2025,10463301,3306169651,0483,0
2025,11905649,3306169651,0485,9
2025,13232436,3306169651,0179,6
2025,10909591,3306169651,0179,9
2025,10814397,3306169651,0373,3
2025,10299132,3306169651,0179,0
2025,11061166,3306169651,0616p,0
2025,11061166,3306169651,0485,0
2025,10440723,3306169651,0485,0
2025,10884600,3306169651,0484,6
2025,11147116,3306169651,1709,0
2025,13360681,3306169593,1709,5
2025,10404633,3306169593,0223,0
2025,10459629,3306169593,0156,0
2025,12610265,3306169593,0156,7
2025,11453697,3306169593,0221,8
2025,11113596,3306169593,0156,8
2025,10892119,3306169593,0225,4
2025,10828132,3306169593,1709,7
2025,10705603,3306169593,0221,9
2025,10908386,3306169593,0222,6
2025,12948963,3306169593,0223,7
2025,12948963,3306169593,0156,8
2025,11504295,3306169593,0221,3
2025,13459021,3306169593,0156,0
2025,10437587,3306169593,0156,7
2025,10812899,3306169591,1708190,8
2025,10708167,3306169591,1708190,8
2025,11002913,3306169591,1713707,10
2025,11002913,3306169591,0226,10
2025,11146537,3306169591,1664190,10
2025,10893131,3306169591,CVOPT,5
2025,11011197,3306169591,1713707,10
2025,10776723,3306169591,0224,4
2025,10903261,3306169591,0226,9
2025,13452408,3306169591,0227,8
2025,11002807,3306169591,1710,10
2025,11020732,3306169591,1708190,5
2025,12472787,3306169591,0226,7
2025,11000271,3306169591,0228,8
2025,11035843,3306169591,CVOPT,1
2025,10762368,3306169751,1665190,9
2025,10635003,3306169751,1708190,10
2025,10635003,3306169751,0375,10
2025,10757735,3306169751,1708190,7
2025,11082671,3306169751,0378,10
2025,10849397,3306169751,0379s,10
2025,12854002,3306169751,1665190,7
2025,12854002,3306169751,1708190,7
2025,10840811,3306169751,0377,6
2025,10783280,3306169751,1708190,9
2025,10652371,3306169751,0378,6
2025,10652371,3306169751,0374,2
2025,10813139,3306169751,1708190,9
2025,10756607,3306169751,0378,9
2025,10823812,3306169751,0374,7
2025,13456011,3306169751,1665190,9
2025,10780756,3306169751,0377,8
2025,10611084,3306169658,0615,6
2025,10611084,3306169658,0614,5
2025,10797348,3306169658,1665190,8
2025,10770657,3306169658,0612,3
2025,10856605,3306169658,1708190,8
2025,10856605,3306169658,0614,8
2025,10709604,3306169658,0614,3
2025,10709604,3306169658,0613,3
2025,10757001,3306169658,1665190,9
2025,10758419,3306169658,0614,6
2025,10882393,3306169658,1708190,9
2025,10711924,3306169658,CVOPT,4
2025,10799612,3306170617,1371,9
2025,10781492,3306170617,1373,4
2025,10742238,3306170617,1374,4
2025,10865703,3306170617,CVOPT,9
2025,10282118,3306170617,1710,9
2025,10666170,3306170617,CVOPT,8
2025,10985551,3306170617,1371,10
2025,10985551,3306170617,1372,8
2025,10688361,3306170617,1372,4
2025,10803120,3306170617,1375s,5
2025,10827153,3306170617,1374,7
2025,10993836,3306170617,1708061,10
2025,10793376,3306170617,1371,9
2025,10819488,3306170617,1375s,5
2025,10711950,3306170617,CVOPT,9
2025,11104411,3306170617,1374,8
2025,10652580,3306170617,1708061,10
2025,10725869,3306170617,1665061,9
2025,10725869,3306170617,1375s,5
2025,10413312,3306170617,1374,8
2025,13462544,3306170617,1665061,9
2025,13462544,3306170617,1374,5
2025,10770501,3306170617,CVOPT,9
2025,10780789,3306170617,CVOPT,9
2025,10780789,3306170617,1373,8
2025,10515381,3306170617,1373,6
2025,10546650,3306170617,1708061,10
2025,10546650,3306170617,1375s,8
2025,11649375,3306170617,1371,8
2025,10911568,3306173995,0446,7
2025,10929912,3306173995,1710,8
2025,11044309,3306173995,0446,6
2025,10787257,3306173995,1664001,9
2025,10787257,3306173995,0446,6
2025,10787257,3306173995,0442,5
2025,10787257,3306173995,1710,5
2025,10929818,3306173995,1708001,9
2025,10960990,3306173995,1708001,9
2025,10960990,3306173995,0448,6
2025,10787655,3306173995,0446,6
2025,10244048,3306174046,0653,3
2025,10679723,3306174046,CVOPT,8
2025,10679723,3306174046,0654,7
2025,10961892,3306174046,0656,6
2025,10017455,3306174046,0657s,9
2025,10025295,3306174046,0652,3
2025,10025295,3306174046,0653,2
2025,10742998,3306174046,0652,9
2025,10906957,3306174046,0656,7
2025,10780784,3306174046,1708001,6
2025,10776755,3306172060,1708020,7
2025,10924853,3306172060,1708020,8
2025,10776722,3306172060,1234,7
2025,10899896,3306172060,1710,9
2025,12465550,3306172060,1235,4
2025,10648909,3306172060,1708020,8
2025,10648909,3306172060,1710,6
2025,13291541,3306172060,1230,9
2025,13291541,3306172060,1235,8
2025,12744964,3306172060,1228,5
2025,10805007,3306172060,1227,4
2025,11004108,3306172060,1708020,9
2025,11004108,3306172060,1230,9
2025,10889537,3306172060,1708020,6
2025,10689201,3306172133,0827,8
2025,10835673,3306172133,1665020,5
2025,12607926,3306172133,0823,9
2025,11790917,3306172133,0828s,7
2025,11790917,3306172133,0823,7
2025,11790917,3306172133,0822,7
2025,10856038,3306172133,0822,4
2025,11073751,3306172133,0825,8
2025,13473425,3306172133,0824,9
2025,10711954,3306172133,0824,5
2025,10711954,3306172133,1710,7
2025,10734184,3306172133,1665020,7
2025,10804606,3306172133,0828s,6
2025,10804606,3306172133,0822,4
2025,10847609,3306172133,1708020,3
2025,10847609,3306172133,0827,5
2025,10847609,3306172133,0822,4
2025,10806298,3306172165,1708020,7
2025,10630337,3306172165,1009,7
2025,10776549,3306172165,1665020,10
2025,10776549,3306172165,1009,9
2025,10797573,3306172165,1011,6
2025,10800028,3306172165,CVOPT,8
2025,10796065,3306172165,1665020,9
2025,11089472,3306172165,1708020,8
2025,10824007,3306172165,1008,4
2025,10530803,3306172165,1009,8
2025,13054040,3306172165,CVOPT,9
2025,13054040,3306172165,1007,9
2025,13054040,3306172165,1009,8
2025,13461591,3306172165,1110,7
2025,10805294,3306172165,CVOPT,8
2025,13500909,3306172165,1009,7
2025,13500909,3306172165,1109,6
2025,13500949,3306172165,1665020,9
2025,10610084,3306172165,1011,7
2025,13525343,3306172165,1109,8
2025,10648032,3306172330,1708039,8
2025,10698109,3306172330,0398,9
2025,10719000,3306172330,1710,8
2025,13487222,3306172330,1708039,10
2025,10698462,3306172330,1665039,8
2025,10698462,3306172330,0180,4
2025,13456027,3306172330,0399,6
2025,11782717,3306172482,0176,5
2025,10254373,3306172482,1665039,9
2025,10688815,3306172482,1665039,7
2025,13450196,3306172410,0180,8
2025,13450196,3306172410,0387,8
2025,10736502,3306172410,0385,8
2025,10736502,3306172410,0386,9
2025,13475662,3306172410,0387,9
2025,12912453,3306172410,0388s,6
2025,12912453,3306172410,0386,7
2025,12237928,3306170521,028502,9
2025,13323096,3306170521,028502,7
2025,13532312,3306170521,028501,7
2025,13129964,3306170521,028502,6
2025,11321038,3306170521,028501,0
2025,10322995,3306170521,028501,0
2025,11123109,3306170521,028100,5
2025,11025178,3306170521,028503,7
2025,11135046,3306170521,028503,4
2025,11248638,3306170521,028100,7
2025,11026033,3306170521,028505,7
2025,11512589,3306170521,028503,4
2025,11119010,3306170521,028502,9
2025,11119010,3306170521,028501,9
2025,10892583,3306170521,028503,4
2025,11080250,3306170521,028501,8
2025,11572769,3306170521,028502,0
2025,12059467,3306170521,028503,0
2025,13162439,3306170521,028502,10
2025,13162439,3306170521,028501,7
2025,13246193,3306170521,028501,6
2025,12081920,3306170521,028504,2
2025,10938612,3306170521,028100,6
2025,11000348,3306170521,028501,3
2025,10974769,3306170521,028501,4
2025,10897940,3306170521,028502,4
2025,10897940,3306170521,028100,5
2025,11787662,3306170521,028502,0
2025,11232270,3306170521,028503,0
2025,13598555,3306170521,028503,6
2025,13074463,3306170521,028503,0
2025,12379379,3306170521,028502,8
2025,12379379,3306170521,028505,4
2025,11095340,3306170521,028505,8
2025,13538314,3306170521,028502,0
2025,11014535,3306170521,028504,9
2025,10893206,3306170521,028502,7
2025,10893206,3306170521,028505,7
2025,10702316,3306170521,028501,3
2025,10913618,3306170521,028502,0
2025,10897219,3306170521,028502,9
2025,13598561,3306170521,028502,9
2025,11043164,3306170521,028502,4
2025,11043164,3306170521,028503,7
2025,11043164,3306170521,028501,2
2025,12691602,3306170521,028502,0
2025,11236141,3306170521,028502,8
2025,10803834,3306170521,028501,4
2025,13388119,3306170521,028503,4
2025,11103555,3306170521,028501,9
2025,13506891,3306170521,028100,10
2025,12587578,3306170521,028505,8
2025,12587578,3306170521,028501,7
2025,10807595,3306170619,1375p,0
2025,12649264,3306170619,1368,4
2025,11082700,3306170619,1709,10
2025,11082700,3306170619,0179,10
2025,10913687,3306170619,1367,6
2025,10913687,3306170619,1369,8
2025,10769318,3306170619,1368,6
2025,10834105,3306170619,1369,9
2025,10709739,3306170619,0179,5
2025,10709739,3306170619,1367,6
2025,10784831,3306170619,0179,4
2025,10636216,3306170619,1368,8
2025,10916992,3306170619,1367,7
2025,10886973,3306170619,1367,9
2025,10515804,3306170619,1368,10
2025,10678151,3306170619,1367,0
2025,10677457,3306170619,1368,7
2025,10927613,3306170619,0179,6
2025,10903526,3306170619,1368,9
2025,10899960,3306170619,1368,8
2025,10814469,3306170619,0179,7
2025,13615979,3306170619,1375p,9
2025,13623963,3306172484,0171,0
2025,12413993,3306172484,0181p,0
2025,13561737,3306172484,1709,3
2025,13561737,3306172484,0171,4
2025,10788322,3306172484,1709,0
2025,10788322,3306172484,0179,0
2025,13602203,3306172484,0174,0
2025,13551232,3306172484,0172,0
2025,13551232,3306172484,0173,0
2025,13593121,3306172484,0171,6
2025,10379063,3306172484,0171,1
2025,13598131,3306172484,0172,0
2025,13602219,3306172484,0181p,0
2025,13602219,3306172484,0173,0
2025,13605770,3306172484,0179,4
2025,13605770,3306172484,0177,2
2025,13593122,3306172484,0174,8
2025,10801931,3306172484,0181p,8
2025,13593251,3306172484,1709,4
2025,13593117,3306172484,0177,0
2025,10787451,3306172484,1709,7
2025,10787451,3306172484,0179,9
2025,10581374,3306172484,0179,9
2025,13458379,3306172332,0383,0
2025,13593493,3306172332,1709,0
2025,13608890,3306172332,0400p,8
2025,10790662,3306172403,0172,9
2025,12132171,3306172403,0179,7
2025,12132171,3306172403,0172,9
2025,11405737,3306172403,0388p,0
2025,11258786,3306172403,0383,9
2025,10796413,3306172403,0383,8
2025,10690363,3306172403,1709,7
2025,10652392,3306172403,0388p,10
2025,10790903,3306172403,1709,8
2025,10923040,3306172053,1231,0
2025,11001838,3306172053,1226,1
2025,11099468,3306172053,0156,8
2025,11114298,3306172053,1231,5
2025,10803879,3306172053,1232,2
2025,10015387,3306172167,0179,8
2025,13598681,3306172167,0179,0
2025,10303205,3306172167,0931,0
2025,10199483,3306172167,0931,0
2025,10199483,3306172167,1010,0
2025,12565921,3306172167,0623,3
2025,10932819,3306172167,1709,0
2025,10835229,3306172167,0931,8
2025,10895114,3306172167,0179,4
2025,10904796,3306172167,0931,9
2025,10919736,3306172167,1012p,4
2025,10735482,3306172167,0623,5
2025,10735482,3306172167,0931,6
2025,12900452,3306172167,0930,6
2025,11313275,3306172167,1010,6
2025,10344032,3306172167,0931,0
2025,10837412,3306172167,0930,6
2025,10892734,3306172167,0623,7
2025,10928697,3306172167,1709,8
2025,12152515,3306172167,1709,6
2025,11416033,3306172135,1709,9
2025,11416033,3306172135,0828p,6
2025,11416033,3306172135,0179,8
2025,11416033,3306172135,0627,7
2025,10961331,3306172135,0828p,6
2025,10961331,3306172135,0179,8
2025,11075020,3306172135,0828p,6
2025,10921012,3306172135,0179,7
2025,10921012,3306172135,0623,7
2025,11744036,3306172135,0623,9
2025,11336367,3306172135,0627,4
2025,10920099,3306172135,0828p,7
2025,10920099,3306172135,0623,9
2025,10027352,3306172135,0622,7
2025,10027352,3306172135,0627,7
2025,10924797,3306169433,243266,6
2025,10835151,3306169433,243265,4
2025,10694675,3306169433,243267,10
2025,10696608,3306169433,243267,8
2025,10024790,3306169433,243267,10
2025,10757281,3306169433,243267,6
2025,10802935,3306169433,243264,7
2025,10657391,3306169433,243265,4
2025,10799399,3306169433,243265,9
2025,10799399,3306169433,243267,10
2025,13593116,3306169433,243264,5
2025,10758378,3306169440,243602,6
2025,11066151,3306169440,243604,6
2025,13035877,3306169440,243270,8
2025,10699108,3306169440,243270,9
2025,10287348,3306169440,243271,6
2025,11316053,3306169440,243604,7
2025,10745557,3306169440,243604,7
2025,10772056,3306169440,243271,6
2025,10906307,3306173997,0438,3
2025,13594870,3306173997,0437,7
2025,10925591,3306173997,0440,9
2025,11170959,3306173997,1709,6
2025,11170959,3306173997,0439,8
2025,11029676,3306173997,0439,8
2025,13594777,3306173997,0437,7
2025,13594777,3306173997,0437,7
2025,13594777,3306173997,0156,8
2025,13332555,3306173997,0156,10
2025,11138087,3306173997,0440,9
2025,10633944,3306173997,1709,6
2025,11086666,3306173997,0156,2
2025,11133386,3306173997,0437,10
2025,11019069,3306173997,0440,9
2025,11136115,3306173997,0441,10
2025,11136115,3306173997,0439,8
2025,10938365,3306173997,0437,2
2025,13356546,3306173997,0440,8
2025,11143320,3306173997,1709,7
2025,13056115,3306173997,1709,9
2025,13597020,3306174048,0647,0
2025,13537130,3306174048,0649,4
2025,11802825,3306174048,0650,9
2025,12565877,3306174048,0650,0
2025,10895723,3306174048,0657p,7
2025,10895723,3306174048,0651,5
2025,12745122,3306174048,0651,6
2025,13486970,3306174048,0179,7
2025,10910705,3306174048,0650,7
2025,10730016,3306174048,0179,0
2025,10730016,3306174048,0647,5
2025,13596966,3306174048,0179,1
2025,13101838,3306174048,0649,5
2025,11904167,3306174048,0179,9
2025,10707710,3306174048,0179,9
2025,10926432,3306174048,0179,4
2025,10946112,3306174048,0647,7
2025,12116573,3306174048,0648,8
2025,13298754,3306174048,0179,0
2025,13597527,3306174048,0649,4
2025,11071688,3306174048,0651,6
2025,10509392,3306174048,0657p,8
2025,13597031,3306174048,0648,7
2025,10832907,3306174048,0649,8
2025,10762396,3306174048,0651,7
2025,10698049,3306174048,1709,9
2025,11690583,3306174048,0657p,6
2025,10928705,3306169744,0372,9
2025,10921245,3306169744,0369,7
2025,10898640,3306169744,0179,8
2025,10896459,3306169744,0370,8
2025,10904793,3306169744,0371,8
2025,10904793,3306169744,0369,8
2025,10784937,3306169744,0179,9
2025,10784937,3306169744,0370,7
2025,10911373,3306169744,0370,8
2025,10910799,3306169744,0372,10
2025,13376042,3306169651,0373,0
2025,10679710,3306169651,0373,8
2025,10427570,3306169651,0483,0
2025,13303646,3306169651,0487,4
2025,13303646,3306169651,0484,5
2025,13303646,3306169651,0483,5
2025,13593151,3306169651,0483,7
2025,10246766,3306169651,0483,7
2025,11049333,3306169651,0616p,6
2025,11231256,3306169651,0485,0
2025,10382149,3306169651,0616p,9
2025,12730778,3306169651,1709,0
2025,10323484,3306169651,1709,0
2025,10839683,3306169651,0483,0
2025,10471125,3306169651,0487,0
2025,13593175,3306169651,0484,0
2025,10463301,3306169651,0373,2
2025,13592958,3306169651,0616p,0
2025,13592958,3306169651,0484,0
2025,10900201,3306169651,0485,9
2025,10756981,3306169651,0483,8
2025,11197655,3306169651,0616p,9
2025,11197655,3306169651,0487,9
2025,10888617,3306169651,0373,9
2025,10301350,3306169651,0616p,9
2025,10909591,3306169651,0373,10
2025,10381670,3306169651,0179,0
2025,10904666,3306169651,0483,8
2025,10283093,3306169651,0483,0
2025,12395762,3306169651,0179,4
2025,10404419,3306169651,0484,0
2025,10404419,3306169651,0483,0
2025,11179481,3306169651,0616p,8
2025,11014915,3306169651,0487,0
2025,10819052,3306169651,0483,7
2025,10471020,3306169651,0484,9
2025,10440723,3306169651,0616p,0
2025,13458925,3306169651,0373,9
2025,11147116,3306169651,0487,0
2025,13360681,3306169593,0225,4
2025,11407222,3306169593,0225,0
2025,10404633,3306169593,0222,0
2025,10404633,3306169593,0156,0
2025,10459629,3306169593,1709,0
2025,11246288,3306169593,0223,4
2025,13358627,3306169593,0221,0
2025,10604690,3306169593,0225,10
2025,11248234,3306169593,0225,7
2025,11453697,3306169593,0223,7
2025,11417915,3306169593,0223,8
2025,10996376,3306169593,0223,6
2025,10996376,3306169593,0222,8
2025,12452190,3306169593,0221,7
2025,10805591,3306169593,0222,4
2025,13545139,3306169593,0221,10
2025,10429996,3306169593,0156,9
2025,13546750,3306169593,0156,8
2025,10308852,3306169593,1709,2
2025,11432717,3306169593,0221,7
2025,12948963,3306169593,0225,3
2025,10705918,3306169593,0156,9
2025,10858044,3306169593,0223,4
2025,10858044,3306169593,0222,4
2025,10959803,3306169593,0221,9
2025,10437587,3306169593,0222,4
2025,10982502,3306169593,0222,4
2025,10917865,3306169591,CVOPT,7
2025,10708167,3306169591,1664190,8
2025,10893131,3306169591,0227,8
2025,10885064,3306169591,1664190,3
2025,11011197,3306169591,0228,10
2025,10776723,3306169591,1713707,8
2025,10776723,3306169591,CVOPT,3
2025,10903261,3306169591,0224,9
2025,13452408,3306169591,1713707,9
2025,11009276,3306169591,0228,1
2025,12472787,3306169591,1713707,7
2025,12472787,3306169591,0224,7
2025,11013828,3306169591,CVOPT,10
2025,11029392,3306169591,1664190,8
2025,11029392,3306169591,0228,8
2025,10796295,3306169751,1708190,10
2025,10762343,3306169751,CVOPT,10
2025,10762343,3306169751,0377,7
2025,11082671,3306169751,0379s,10
2025,10849397,3306169751,0376,7
2025,10840811,3306169751,0376,8
2025,10799789,3306169751,0379s,9
2025,10783280,3306169751,0377,7
2025,10764453,3306169751,0377,7
2025,10756607,3306169751,0376,9
2025,10762338,3306169751,0375,4
2025,13456011,3306169751,1708190,9
2025,10823807,3306169751,0374,4
2025,13345475,3306169751,0378,9
2025,10770657,3306169658,0615,6
2025,10711977,3306169658,0615,2
2025,10709604,3306169658,0612,3
2025,10810051,3306169658,1665190,8
2025,10757001,3306169658,CVOPT,3
2025,10757001,3306169658,0614,6
2025,10757001,3306169658,0612,3
2025,10758419,3306169658,1708190,9
2025,10688878,3306169658,1708190,10
2025,10799612,3306170617,1665061,10
2025,11251967,3306170617,1708061,7
2025,11251967,3306170617,CVOPT,8
2025,11514753,3306170617,1665061,10
2025,11514753,3306170617,1373,9
2025,11514753,3306170617,1374,10
2025,10026298,3306170617,1371,6
2025,10026298,3306170617,1373,8
2025,11341745,3306170617,1375s,9
2025,10834174,3306170617,1708061,10
2025,10834174,3306170617,1372,7
2025,10742238,3306170617,1371,8
2025,10734128,3306170617,1373,9
2025,10666170,3306170617,1375s,8
2025,10803120,3306170617,1374,8
2025,10809557,3306170617,1665061,9
2025,10819488,3306170617,1374,8
2025,10122344,3306170617,CVOPT,10
2025,13242092,3306170617,1708061,10
2025,13242092,3306170617,CVOPT,9
2025,13242092,3306170617,1375s,9
2025,11104411,3306170617,1371,9
2025,10413312,3306170617,1665061,8
2025,10413312,3306170617,1371,8
2025,10687463,3306170617,1710,6
2025,13462544,3306170617,1375s,7
2025,13462544,3306170617,1373,7
2025,10770501,3306170617,1708061,9
2025,10729560,3306170617,1710,6
2025,10851445,3306170617,1708061,9
2025,10842025,3306170617,1708061,10
2025,10809667,3306170617,CVOPT,10
2025,10635383,3306170617,1375s,7
2025,11649375,3306170617,1372,8
2025,10911568,3306173995,1708001,7
2025,11028742,3306173995,0446,6
2025,11033515,3306173995,1664001,9
2025,11004716,3306173995,0442,10
2025,11043785,3306173995,1664001,10
2025,11043785,3306173995,0446,6
2025,11043785,3306173995,0448,6
2025,11039273,3306173995,CVOPT,9
2025,10905782,3306173995,1710,7
2025,11666166,3306173995,CVOPT,7
2025,11027361,3306173995,0442,5
2025,10787655,3306173995,1713472,8
2025,10911000,3306173995,1713472,3
2025,10679723,3306174046,0656,6
2025,10802285,3306174046,CVOPT,8
2025,10961892,3306174046,0657s,5
2025,10824617,3306174046,CVOPT,8
2025,10679695,3306174046,0657s,7
2025,10679695,3306174046,0652,4
2025,10679695,3306174046,0653,4
2025,10789628,3306174046,1708001,6
2025,10906957,3306174046,1708001,7
2025,10780784,3306174046,0652,4
2025,10840138,3306174046,CVOPT,9
2025,10931235,3306172060,1230,6
2025,11798264,3306172060,1710,7
2025,10899896,3306172060,1234,8
2025,12465550,3306172060,1713925,4
2025,11184512,3306172060,1227,4
2025,11184512,3306172060,1710,7
2025,11024352,3306172060,CVOPT,9
2025,13099124,3306172060,1713925,8
2025,13099124,3306172060,1227,6
2025,11004108,3306172060,1713925,7
2025,10889537,3306172060,1664020,5
2025,10742994,3306172133,0822,7
2025,12607926,3306172133,0828s,7
2025,12607926,3306172133,0825,8
2025,12607926,3306172133,1710,10
2025,12912678,3306172133,CVOPT,8
2025,12912678,3306172133,0825,8
2025,12912678,3306172133,0822,8
2025,10711954,3306172133,CVOPT,4
2025,10711954,3306172133,0825,7
2025,10711954,3306172133,0822,4
2025,10734184,3306172133,0823,6
2025,10804606,3306172133,1665020,6
2025,10707892,3306172133,0828s,9
2025,10766414,3306172133,1665020,9
2025,10766414,3306172133,0827,8
2025,10776549,3306172165,1012s,10
2025,10726936,3306172165,1708020,7
2025,10797573,3306172165,1110,7
2025,10796065,3306172165,1708020,6
2025,11089472,3306172165,1011,8
2025,13456007,3306172165,1708020,9
2025,10813126,3306172165,1110,7
2025,10852161,3306172165,1008,8
2025,10824007,3306172165,1012s,7
2025,13500949,3306172165,1008,6
2025,13525343,3306172165,1009,8
2025,10585531,3306172330,0398,4
2025,10648032,3306172330,0397,8
2025,10648032,3306172330,1710,7
2025,10766449,3306172330,1708039,8
2025,10645102,3306172330,1710,8
2025,10675936,3306172330,1708039,8
2025,10410077,3306172330,1708039,6
2025,10719000,3306172330,0397,8
2025,10687498,3306172410,CVOPT,9
2025,10761594,3306172410,0387,6
2025,13475599,3306172410,1665039,9
2025,10514139,3306172410,0388s,8
2025,10706065,3306170521,028503,0
2025,12237928,3306170521,028100,7
2025,10964248,3306170521,028505,0
2025,13377168,3306170521,028504,1
2025,13596825,3306170521,028502,9
2025,13596825,3306170521,028501,8
2025,13278454,3306170521,028505,4
2025,13278454,3306170521,028100,7
2025,11110518,3306170521,028501,2
2025,11321038,3306170521,028503,0
2025,11574134,3306170521,028001,8
2025,11135046,3306170521,028502,4
2025,11026033,3306170521,028501,3
2025,11512589,3306170521,028502,9
2025,11512589,3306170521,028505,7
2025,11119010,3306170521,028505,8
2025,11080250,3306170521,028504,7
2025,11572769,3306170521,028505,0
2025,11519407,3306170521,028504,7
2025,11128032,3306170521,028001,6
2025,12081920,3306170521,028503,4
2025,10839018,3306170521,028100,5
2025,11787662,3306170521,028501,0
2025,13156002,3306170521,028001,10
2025,13074463,3306170521,028502,0
2025,13074463,3306170521,028504,0
2025,13538314,3306170521,028001,0
2025,10912191,3306170521,028505,0
2025,11017524,3306170521,028501,8
2025,13122237,3306170521,028504,0
2025,13122237,3306170521,028505,0
2025,10893206,3306170521,028100,7
2025,11116523,3306170521,028502,4
2025,11116523,3306170521,028505,0
2025,11116523,3306170521,028001,4
2025,11116523,3306170521,028501,1
2025,10702316,3306170521,028504,8
2025,11028307,3306170521,028502,4
2025,11028307,3306170521,028501,6
2025,11906482,3306170521,028502,7
2025,11906482,3306170521,028100,8
2025,11043164,3306170521,028100,6
2025,10992542,3306170521,028502,0
2025,10782041,3306170521,028501,5
2025,13388119,3306170521,028100,0
2025,13446969,3306170521,028504,7
2025,13446969,3306170521,028001,10
2025,13446969,3306170521,028100,8
2025,13506891,3306170521,028504,9
2025,13518817,3306170521,028505,7
2025,13518817,3306170521,028503,9
2025,12587578,3306170521,028100,10
2025,10027392,3306170619,1709,0
2025,10740566,3306170619,1370,4
2025,12649264,3306170619,1369,4
2025,10913687,3306170619,1709,9
2025,10769318,3306170619,1369,7
2025,10702473,3306170619,1369,8
2025,11312003,3306170619,1709,9
2025,11312003,3306170619,1375p,9
2025,10709739,3306170619,1709,8
2025,13594581,3306170619,1368,4
2025,10706077,3306170619,0179,7
2025,10706077,3306170619,1367,7
2025,10931524,3306170619,0179,10
2025,10636216,3306170619,1367,8
2025,10886973,3306170619,1368,9
2025,13595058,3306170619,1368,8
2025,10918779,3306170619,1367,9
2025,10903526,3306170619,1709,9
2025,10903526,3306170619,0179,9
2025,10920136,3306170619,1375p,8
2025,10610022,3306170619,1369,4
2025,10899960,3306170619,1370,8
2025,13615979,3306170619,1709,9
2025,10652365,3306172484,0171,10
2025,12413993,3306172484,0172,0
2025,12413993,3306172484,0173,0
2025,13228273,3306172484,0171,0
2025,13561737,3306172484,0179,4
2025,13561737,3306172484,0173,3
2025,10305806,3306172484,0172,9
2025,13608584,3306172484,0171,7
2025,13602203,3306172484,0173,0
2025,13593120,3306172484,1709,3
2025,13602219,3306172484,0174,0
2025,10379062,3306172484,0172,4
2025,13605770,3306172484,1709,2
2025,11051785,3306172484,0181p,5
2025,11051785,3306172484,0174,4
2025,13593122,3306172484,0179,7
2025,10801931,3306172484,0177,4
2025,10843015,3306172484,0173,6
2025,10707659,3306172484,0171,0
2025,10787451,3306172484,0174,6
2025,10581374,3306172484,0174,9
2025,10895710,3306172332,0173,7
2025,13593106,3306172332,0171,4
2025,13608890,3306172332,1709,8
2025,10657923,3306172332,0173,8
2025,10902331,3306172403,0384,4
2025,10902331,3306172403,0172,8
2025,10610202,3306172403,0388p,10
2025,11405737,3306172403,0172,0
2025,11258786,3306172403,0171,7
2025,10919245,3306172053,1229,6
2025,10919245,3306172053,1233,7
2025,10923040,3306172053,0156,0
2025,11001838,3306172053,1709,2
2025,11001838,3306172053,1232,0
2025,11121167,3306172053,1229,6
2025,11120345,3306172053,1229,5
2025,12953439,3306172053,1232,8
2025,11099468,3306172053,1232,8
2025,10905076,3306172053,1233,8
2025,11117078,3306172053,1229,6
2025,11434889,3306172053,1232,6
2025,11013480,3306172053,0156,7
2025,10915769,3306172053,1229,7
2025,11245068,3306172167,0931,0
2025,10676509,3306172167,1010,6
2025,13611445,3306172167,0179,9
2025,10798287,3306172167,0179,8
2025,13598681,3306172167,0623,7
2025,10197921,3306172167,0930,5
2025,10560755,3306172167,0623,8
2025,10250031,3306172167,1010,2
2025,12565921,3306172167,0931,7
2025,10792537,3306172167,1010,6
2025,10904904,3306172167,0623,7
2025,10883675,3306172167,0931,8
2025,10895836,3306172167,0623,7
2025,10895114,3306172167,0930,4
2025,10742412,3306172167,0930,4
2025,10344032,3306172167,0179,9
2025,10344032,3306172167,1010,0
2025,10837412,3306172167,1709,6
2025,10837412,3306172167,0623,6
2025,10833008,3306172167,1010,4
2025,10892734,3306172167,1709,6
2025,10893829,3306172167,1012p,9
2025,10928697,3306172167,0623,6
2025,12152515,3306172167,0931,7
2025,13170472,3306172135,0622,4
2025,10961331,3306172135,0625,7
2025,10805487,3306172135,0622,6
2025,10793458,3306172135,0625,7
2025,11075020,3306172135,0622,8
2025,11744036,3306172135,0179,9
2025,10767809,3306172135,0828p,4
2025,10767809,3306172135,0622,6
2025,11136005,3306172135,0179,3
2025,11816291,3306172135,0625,8
2025,11816291,3306172135,0623,8
2025,11709509,3306172135,0179,9
2025,10885568,3306172135,0828p,6
2025,10884465,3306172135,0623,7
2025,10924797,3306169433,243265,4
2025,10694675,3306169433,243265,8
2025,10680218,3306169433,243265,9
2025,10660627,3306169433,243266,9
2025,10780813,3306169433,243264,7
2025,10802935,3306169433,243265,9
2025,10758378,3306169440,243271,7
2025,11066151,3306169440,243271,9
2025,13035877,3306169440,243271,9
2025,10862205,3306169440,243604,8
2025,10862205,3306169440,243271,9
2025,10706021,3306173997,1709,8
2025,10706021,3306173997,0441,2
2025,12257970,3306173997,1709,5
2025,12257970,3306173997,0440,9
2025,12257970,3306173997,0156,7
2025,11055715,3306173997,0437,8
2025,11055715,3306173997,0439,8
2025,11055715,3306173997,0156,0
2025,12461270,3306173997,1709,7
2025,11038609,3306173997,0441,9
2025,13332555,3306173997,0437,8
2025,13529587,3306173997,0438,8
2025,11347134,3306173997,0437,5
2025,11138087,3306173997,1709,7
2025,13024171,3306173997,0437,8
2025,10847700,3306173997,0156,8
2025,10996773,3306173997,1709,10
2025,10996773,3306173997,0437,4
2025,11132240,3306173997,0438,10
2025,11008351,3306173997,0439,4
2025,11109924,3306173997,0437,4
2025,11109924,3306173997,0440,10
2025,12647763,3306173997,0440,0
2025,10352292,3306173997,0440,0
2025,10404730,3306173997,0438,6
2025,10404730,3306173997,0156,7
2025,11143320,3306173997,0441,9
2025,11143320,3306173997,0439,7
2025,11143320,3306173997,0440,9
2025,13056115,3306173997,0437,8
2025,11053348,3306173997,0439,9
2025,10333114,3306173997,0156,7
2025,13510854,3306174048,0179,9
2025,13510854,3306174048,0649,8
2025,13304340,3306174048,0648,5
2025,10806737,3306174048,0650,10
2025,10416752,3306174048,0648,0
2025,12859504,3306174048,0650,9
2025,12859504,3306174048,0648,7
2025,12565877,3306174048,0657p,0
2025,13455395,3306174048,0650,6
2025,13101838,3306174048,0179,0
2025,11664368,3306174048,0650,6
2025,13457085,3306174048,0657p,6
2025,13456235,3306174048,0650,10
2025,10707710,3306174048,0647,9
2025,10243725,3306174048,1709,0
2025,10243725,3306174048,0649,0
2025,12116573,3306174048,0650,9
2025,11071688,3306174048,0657p,7
2025,10511438,3306174048,0647,0
2025,10899530,3306174048,0647,5
2025,10832907,3306174048,0651,8
2025,10840806,3306174048,0648,5
2025,10698482,3306174048,0647,8
2025,10698049,3306174048,0179,7
2025,10698049,3306174048,0651,8
2025,10698049,3306174048,0650,6
2025,10698049,3306174048,0648,8
2025,13263684,3306174048,0650,10
2025,10991644,3306174048,0651,7
2025,12478421,3306174048,0179,8
2025,10779855,3306174048,0657p,6
2025,10779855,3306174048,0650,2
2025,10823890,3306169744,0373,6
2025,10921245,3306169744,0179,10
2025,10681199,3306169744,0372,10
2025,10805078,3306169744,0370,5
2025,10904793,3306169744,0373,7
2025,10914721,3306169744,0379p,9
2025,10914721,3306169744,0370,7
2025,10912223,3306169744,0373,6
2025,10911373,3306169744,0369,7
2025,10996327,3306169744,0179,9
2025,10895404,3306169744,0379p,9
2025,10895404,3306169744,0373,8
2025,11898422,3306169651,0373,4
2025,10427570,3306169651,0373,0
2025,10311349,3306169651,0487,0
2025,10462619,3306169651,0487,10
2025,13303646,3306169651,0616p,9
2025,10308422,3306169651,0373,10
2025,10308750,3306169651,0483,8
2025,10382149,3306169651,1709,7
2025,12730778,3306169651,0179,7
2025,10323484,3306169651,0484,0
2025,10839683,3306169651,0485,0
2025,10463301,3306169651,1709,0
2025,13232436,3306169651,0483,6
2025,10398479,3306169651,0616p,9
2025,10900298,3306169651,0179,9
2025,10346246,3306169651,0373,2
2025,10346246,3306169651,0487,5
2025,13375819,3306169651,0373,7
2025,11179481,3306169651,0485,4
2025,11014915,3306169651,0484,4
2025,10595030,3306169651,0179,0
2025,10595030,3306169651,0487,0
2025,10595030,3306169651,0484,0
2025,10471020,3306169651,0487,10
2025,10884600,3306169651,0373,9
2025,13458925,3306169651,0179,9
2025,13458925,3306169651,0487,10
2025,10796752,3306169593,1709,6
2025,13360681,3306169593,0221,6
2025,13513975,3306169593,0221,8
2025,11829256,3306169593,0223,2
2025,11251993,3306169593,0221,0
2025,11453697,3306169593,0222,4
2025,11134533,3306169593,0223,8
2025,11134533,3306169593,0222,10
2025,12919510,3306169593,0156,4
2025,10996376,3306169593,0225,7
2025,12452190,3306169593,1709,8
2025,10705603,3306169593,0156,10
2025,10835716,3306169593,0225,0
2025,13288296,3306169593,0225,7
2025,13288296,3306169593,0156,9
2025,10897212,3306169593,0223,6
2025,12948963,3306169593,0221,8
2025,11504295,3306169593,0222,4
2025,13598530,3306169593,0223,3
2025,10858044,3306169593,1709,5
2025,10891681,3306169593,0223,4
2025,10437587,3306169593,0225,8
2025,10906556,3306169614,0226,6
2025,11146537,3306169591,CVOPT,10
2025,11622314,3306169591,CVOPT,6
2025,10885064,3306169591,1710,3
2025,11011197,3306169591,0226,10
2025,11002807,3306169591,CVOPT,8
2025,11009276,3306169591,CVOPT,1
2025,12472787,3306169591,1708190,7
2025,12472787,3306169591,1710,7
2025,11029392,3306169591,0227,5
2025,11029392,3306169591,1710,8
2025,11035843,3306169591,0224,3
2025,10500950,3306169751,0379s,9
2025,10910600,3306169751,CVOPT,10
2025,10757735,3306169751,0378,6
2025,11082671,3306169751,0377,7
2025,12854002,3306169751,CVOPT,4
2025,12854002,3306169751,0378,7
2025,10756607,3306169751,1665190,9
2025,10780756,3306169751,0376,8
2025,10611084,3306169658,0613,4
2025,10643328,3306169658,1708190,8
2025,10709604,3306169658,CVOPT,3
2025,10770964,3306169658,1665190,9
2025,10770964,3306169658,0613,8
2025,10810051,3306169658,CVOPT,5
2025,10810051,3306169658,0615,7
2025,10810051,3306169658,1710,7
2025,10757001,3306169658,0615,3
2025,10736277,3306169658,0613,9
2025,10635824,3306169658,CVOPT,4
2025,10635824,3306169658,0616s,8
2025,10797980,3306169658,0614,5
2025,10799612,3306170617,1710,9
2025,11341745,3306170617,1710,7
2025,10783707,3306170617,1710,9
2025,10835968,3306170617,1375s,9
2025,10835968,3306170617,1373,8
2025,10835968,3306170617,1710,7
2025,10742238,3306170617,1375s,8
2025,10734128,3306170617,1375s,10
2025,10734128,3306170617,1371,9
2025,10282118,3306170617,1373,9
2025,10378823,3306170617,1708061,10
2025,10793376,3306170617,1710,9
2025,10819488,3306170617,1372,7
2025,13281768,3306170617,CVOPT,10
2025,13281768,3306170617,1374,4
2025,10786004,3306170617,1375s,5
2025,10711950,3306170617,1373,7
2025,13273466,3306170617,1665061,5
2025,13273466,3306170617,1372,4
2025,13273466,3306170617,1373,7
2025,10776515,3306170617,CVOPT,10
2025,10652580,3306170617,1371,8
2025,10413312,3306170617,1708061,10
2025,10687463,3306170617,CVOPT,9
2025,10687463,3306170617,1375s,9
2025,10770501,3306170617,1374,8
2025,10729560,3306170617,1665061,10
2025,10842025,3306170617,1710,7
2025,10798915,3306170617,1372,8
2025,10798915,3306170617,1373,8
2025,10809667,3306170617,1374,8
2025,13167864,3306170617,1374,6
2025,10635383,3306170617,CVOPT,7
2025,10546650,3306170617,1665061,10
2025,11649375,3306170617,1708061,10
2025,10737175,3306173995,1708001,9
2025,10887720,3306173995,CVOPT,6
2025,10911568,3306173995,0442,6
2025,11028742,3306173995,1708001,8
2025,11044309,3306173995,0442,6
2025,11004486,3306173995,1710,9
2025,10960990,3306173995,1713472,9
2025,10960990,3306173995,0446,7
2025,10995299,3306173995,0446,6
2025,10835299,3306173995,1713472,2
2025,10835299,3306173995,0443,1
2025,11805803,3306173995,1708001,9
2025,11026339,3306173995,1708001,8
2025,10911000,3306173995,0448,4
2025,10244048,3306174046,1708001,5
2025,10244048,3306174046,0654,2
2025,10819061,3306174046,0656,10
2025,10802285,3306174046,0652,6
2025,10961892,3306174046,CVOPT,5
2025,10961892,3306174046,1710,3
2025,10824617,3306174046,0654,2
2025,10017455,3306174046,0654,9
2025,10679695,3306174046,0654,4
2025,10679709,3306174046,0652,5
2025,10025295,3306174046,0654,1
2025,10906957,3306174046,CVOPT,7
2025,10840138,3306174046,1708001,8
2025,10840138,3306174046,0652,6
2025,10835676,3306174046,0652,4
2025,10835676,3306174046,0653,4
2025,10931235,3306172060,1708020,8
2025,11798264,3306172060,1230,6
2025,10787502,3306172060,1708020,7
2025,10899896,3306172060,1227,9
2025,10904203,3306172060,1713925,7
2025,11184512,3306172060,1713925,7
2025,10648909,3306172060,1228,5
2025,13291541,3306172060,1234,9
2025,10805007,3306172060,1708020,7
2025,10805007,3306172060,1230,6
2025,10835673,3306172133,1710,7
2025,10856038,3306172133,0825,5
2025,10856038,3306172133,0826,6
2025,10840806,3306174048,1709,9
2025,11690583,3306174048,0179,9
2025,13457085,3306174048,0179,4
2025,13114812,3306174048,0179,6
2025,10899530,3306174048,0179,10
2025,13596536,3306174048,0179,4
2025,12839144,3306174099,0654,9
2025,12839144,3306174099,0653,5
2025,12839144,3306174099,0656,5
2025,10398479,3306169651,1709,8
2025,10901180,3306169651,1709,7
2025,10900201,3306169651,1709,9
2025,10803070,3306169651,1709,8
2025,13592958,3306169651,1709,0
2025,13006056,3306169591,0224,7
2025,12912678,3306172133,0826,7
2025,10766452,3306172133,0826,7
2025,11790917,3306172133,0826,6
2025,10711954,3306172133,0826,4
2025,10487336,3306172133,0826,7
2025,10847609,3306172133,0826,3
2025,10804606,3306172133,0826,5
2025,10707892,3306172133,0826,6
2025,11782717,3306172482,0181s,7
2025,10254373,3306172482,0181s,8
2025,13455952,3306172482,0181s,6
2025,13593493,3306172332,0384,0
2025,10923040,3306172053,1226,0
2025,11116442,3306172053,1226,9
2025,11099468,3306172053,1226,9
2025,11110260,3306172053,1226,7
2025,10919565,3306172053,1226,4
2025,11053348,3306173997,0437,8
2025,12257970,3306173997,0437,7
2025,10847700,3306173997,0437,9
2025,10404730,3306173997,0437,6
2025,10832115,3306173997,0437,4
2025,13304340,3306174048,0647,7
2025,10806737,3306174048,0649,9
2025,12116573,3306174048,0649,6
2025,10416752,3306174048,0649,0
2025,13455395,3306174048,0649,3
2025,13596553,3306174048,0649,4
2025,10657315,3306174048,0649,9
2025,10748092,3306169730,0378,6
2025,10832097,3306169730,0376,8
2025,10687382,3306169730,0376,0
2025,10405869,3306169593,0221,0
2025,10405932,3306169593,0221,0
2025,10856605,3306169658,0612,8
2025,10882393,3306169658,0612,6
2025,12332046,3306174046,0654,0
2025,10857816,3306172133,1665020,8
2025,11242827,3306172167,1012p,9
2025,13162455,3306173997,0440,9
2025,10747126,3306173997,0440,10
2025,11038609,3306173997,0440,10
2025,11133386,3306173997,0440,9
2025,13056115,3306173997,0440,8
2025,13597031,3306174048,0649,5
2025,13597020,3306174048,0649,0
2025,10933605,3306169593,0156,9
2025,10677900,3306174046,CVOPT,8
2025,10244048,3306174046,CVOPT,8
2025,10530803,3306172165,1710,8
2025,13525343,3306172165,1710,8
2025,10800028,3306172165,1710,8
2025,13461591,3306172165,1710,8
2025,13500909,3306172165,1710,8
2025,10754604,3306172165,1710,8
2025,10740697,3306172332,0179,6
2025,10698000,3306172053,1226,8
2025,10803879,3306172053,1226,4
2025,10197921,3306172167,1012p,9
2025,10254373,3306172482,0175,9
2025,11782717,3306172482,0175,5
2025,10688815,3306172482,0175,7
2025,10698000,3306172053,1232,8
2025,10803891,3306172053,1232,6
2025,11095070,3306172053,1226,8
2025,11013480,3306172053,1226,8
2025,13134254,3306172112,1227,8
2025,13134254,3306172112,1228,6
2025,13506504,3306172167,1012p,9
2025,10416632,3306172167,1012p,9
2025,10308852,3306169593,0156,3
2025,10908386,3306169593,0223,5
2025,10635003,3306169751,0377,9
2025,10737949,3306169751,0377,4
2025,11671982,3306173995,0443,4
2025,11805803,3306173995,0443,8
2025,13525343,3306172165,1012s,9
2025,11816291,3306172135,0622,8
2025,10808862,3306174048,1709,8
2025,10906556,3306169614,0228,4
2025,13455952,3306172482,0175,7
2025,10915769,3306172053,1226,4
2025,10996182,3306172053,1226,4
2025,11115680,3306169593,0156,7
2025,10244048,3306174046,0657s,5
2025,10776755,3306172060,CVOPT,8
2025,10487336,3306172133,1665020,4
2025,10902331,3306172403,0388p,9
2025,10902331,3306172403,0383,9
2025,10919245,3306172053,1226,4
2025,10730721,3306172167,1012p,7
2025,12500676,3306172167,1012p,10
2025,10792044,3306172167,1012p,10
2025,11120345,3306172053,1226,3
2025,11073751,3306172133,CVOPT,6
2025,13473425,3306172133,1710,9
2025,10804606,3306172133,0827,6
2025,10707892,3306172133,1708020,8
2025,10707892,3306172133,0824,6
2025,10766414,3306172133,0828s,8
2025,10766414,3306172133,0826,8
2025,10847609,3306172133,CVOPT,4
2025,10847609,3306172133,1710,8
2025,10630337,3306172165,1665020,7
2025,10630337,3306172165,1708020,5
2025,10764144,3306172165,1109,5
2025,10819684,3306172165,CVOPT,8
2025,10819684,3306172165,1011,5
2025,10726936,3306172165,1007,8
2025,10797573,3306172165,1008,7
2025,10754604,3306172165,1012s,9
2025,10754604,3306172165,1007,8
2025,10800028,3306172165,1708020,7
2025,10800028,3306172165,1011,7
2025,11089472,3306172165,1008,7
2025,10365221,3306172165,1012s,9
2025,10365221,3306172165,1007,9
2025,10918602,3306172165,1007,8
2025,10918602,3306172165,1011,5
2025,10918602,3306172165,1110,7
2025,10852161,3306172165,1012s,10
2025,10824007,3306172165,1011,5
2025,10530803,3306172165,1110,8
2025,10263154,3306172165,1708020,7
2025,13461591,3306172165,1009,8
2025,10630363,3306172165,1008,7
2025,13500909,3306172165,1007,8
2025,10610084,3306172165,1665020,8
2025,10610084,3306172165,1007,8
2025,10610084,3306172165,1110,8
2025,13525343,3306172165,CVOPT,8
2025,10745573,3306172330,0397,9
2025,10648032,3306172330,0399,4
2025,10645102,3306172330,0397,4
2025,10820272,3306172330,0398,8
2025,10698109,3306172330,0397,9
2025,10675936,3306172330,1710,7
2025,10729539,3306172330,0400s,9
2025,10410077,3306172330,0399,4
2025,13455702,3306172330,0400s,9
2025,10719000,3306172330,0400s,8
2025,13455952,3306172482,CVOPT,8
2025,10687498,3306172410,0180,9
2025,10759237,3306172410,0387,9
2025,10742128,3306172410,1710,7
2025,10320497,3306172410,0385,8
2025,10320497,3306172410,0387,9
2025,10808311,3306172410,0388s,6
2025,13475662,3306172410,0388s,10
2025,11019862,3306170521,028503,4
2025,10325758,3306170521,028505,4
2025,10964248,3306170521,028001,0
2025,13377168,3306170521,028501,1
2025,11110518,3306170521,028505,4
2025,11123109,3306170521,028504,2
2025,11248638,3306170521,028001,8
2025,11026033,3306170521,028502,9
2025,10932027,3306170521,028504,0
2025,10914786,3306170521,028502,8
2025,12059467,3306170521,028502,0
2025,12059467,3306170521,028504,0
2025,11519407,3306170521,028503,7
2025,13484181,3306170521,028001,7
2025,11128032,3306170521,028100,8
2025,12081920,3306170521,028505,4
2025,11010717,3306170521,028501,8
2025,11000348,3306170521,028504,7
2025,10974769,3306170521,028504,7
2025,11787662,3306170521,028503,0
2025,11232270,3306170521,028100,1
2025,10616148,3306170521,028504,6
2025,13074463,3306170521,028001,0
2025,11095340,3306170521,028501,7
2025,12623376,3306170521,028001,7
2025,11030604,3306170521,028501,7
2025,10885488,3306170521,028100,9
2025,10885786,3306170521,028504,3
2025,12051056,3306170521,028100,8
2025,12848026,3306170521,028505,0
2025,12848026,3306170521,028503,3
2025,11906482,3306170521,028504,8
2025,10897219,3306170521,028100,8
2025,12795258,3306170521,028502,9
2025,12795258,3306170521,028503,8
2025,13160174,3306170521,028100,0
2025,11043164,3306170521,028504,7
2025,10782041,3306170521,028100,10
2025,11236141,3306170521,028501,7
2025,13388119,3306170521,028502,0
2025,11103555,3306170521,028001,8
2025,11103555,3306170521,028503,9
2025,10795396,3306170521,028503,7
2025,11837899,3306170521,028504,7
2025,11837899,3306170521,028501,0
2025,10027392,3306170619,1370,0
2025,10889150,3306170619,1709,9
2025,10769318,3306170619,1375p,9
2025,10769318,3306170619,0179,4
2025,10736761,3306170619,1368,9
2025,10834105,3306170619,1370,8
2025,10914260,3306170619,1370,4
2025,10735252,3306170619,1709,8
2025,10636216,3306170619,1375p,9
2025,13595058,3306170619,1709,9
2025,10918418,3306170619,1370,7
2025,10928805,3306170619,1368,7
2025,10927613,3306170619,1370,8
2025,10903526,3306170619,1375p,10
2025,10903526,3306170619,1369,8
2025,10814469,3306170619,1709,9
2025,10814469,3306170619,1367,4
2025,13615979,3306170619,1368,4
2025,10652365,3306172484,0173,7
2025,13593120,3306172484,0177,4
2025,10379063,3306172484,0181p,5
2025,10379063,3306172484,0172,7
2025,10379063,3306172484,0173,5
2025,13608577,3306172484,0171,0
2025,13608590,3306172484,0173,0
2025,13593122,3306172484,0171,10
2025,10304355,3306172484,1709,7
2025,10304355,3306172484,0181p,9
2025,13593251,3306172484,0173,4
2025,10787451,3306172484,0173,6
2025,13593119,3306172484,1709,9
2025,13458379,3306172332,0179,0
2025,10583520,3306172332,0172,10
2025,13593106,3306172332,0173,6
2025,10780778,3306172332,1709,6
2025,10780778,3306172332,0171,4
2025,10740697,3306172332,1709,8
2025,10740697,3306172332,0173,8
2025,13608890,3306172332,0383,7
2025,10911448,3306172403,0383,10
2025,10911448,3306172403,0172,8
2025,10610202,3306172403,0179,6
2025,12132171,3306172403,0384,7
2025,11405737,3306172403,0171,0
2025,11258786,3306172403,0173,6
2025,12813996,3306172403,0388p,0
2025,12813996,3306172403,0172,0
2025,10892142,3306172403,0388p,10
2025,10892142,3306172403,0383,10
2025,13594957,3306172403,0179,0
2025,10690363,3306172403,0171,8
2025,10790903,3306172403,0383,9
2025,10654915,3306172053,1226,0
2025,10654915,3306172053,1232,0
2025,10924004,3306172053,1226,4
2025,10924004,3306172053,1232,4
2025,10924004,3306172053,1233,7
2025,10919245,3306172053,0156,5
2025,11095070,3306172053,1231,6
2025,11095070,3306172053,1232,7
2025,11095070,3306172053,1233,8
2025,11117078,3306172053,0156,7
2025,11117078,3306172053,1226,6
2025,10803879,3306172053,1233,6
2025,10919565,3306172053,1229,3
2025,10919565,3306172053,1233,3
2025,11433993,3306172053,1231,6
2025,10510136,3306172167,0930,0
2025,10866312,3306172167,1709,6
2025,10866312,3306172167,0179,9
2025,10866312,3306172167,0623,2
2025,10894753,3306172167,0931,7
2025,10894753,3306172167,1010,3
2025,10560755,3306172167,1709,7
2025,10560755,3306172167,0930,8
2025,10250031,3306172167,0930,4
2025,10463434,3306172167,0179,0
2025,10476265,3306172167,1709,5
2025,11744037,3306172167,1012p,6
2025,11744037,3306172167,0179,10
2025,10835229,3306172167,1012p,9
2025,13595716,3306172167,0931,0
2025,10436333,3306172167,0179,0
2025,10315581,3306172167,0930,0
2025,10742412,3306172167,1012p,9
2025,12900452,3306172167,0623,3
2025,11340144,3306172167,0930,3
2025,10344032,3306172167,0930,9
2025,10837412,3306172167,1010,7
2025,10928697,3306172167,1010,7
2025,10932250,3306172167,1012p,8
2025,13170472,3306172135,0179,7
2025,11075020,3306172135,0627,7
2025,10921012,3306172135,0625,7
2025,11744036,3306172135,0625,9
2025,11136005,3306172135,0627,4
2025,11816291,3306172135,0627,3
2025,12722909,3306172135,0828p,6
2025,10916125,3306172135,0828p,6
2025,10885568,3306172135,0627,4
2025,10920099,3306172135,0622,9
2025,10884465,3306172135,0625,7
2025,10694675,3306169433,243266,8
2025,10024790,3306169433,243264,9
2025,10783295,3306169433,243265,8
2025,10757281,3306169433,243266,6
2025,13043456,3306169433,243265,8
2025,10802935,3306169433,243266,0
2025,10645924,3306169433,243266,0
2025,10837040,3306169433,243265,0
2025,10892469,3306169433,243266,7
2025,10745463,3306169433,243267,10
2025,10699142,3306169440,243270,9
2025,11285049,3306169440,243271,9
2025,11316049,3306169440,243270,9
2025,10814418,3306169440,243602,9
2025,10705571,3306169440,243602,9
2025,10705571,3306169440,243270,8
2025,11564293,3306169440,243602,9
2025,11170959,3306173997,0438,10
2025,13594861,3306173997,0440,8
2025,11241256,3306173997,0437,7
2025,13289072,3306173997,0156,7
2025,13594777,3306173997,0438,8
2025,13529587,3306173997,1709,6
2025,11899732,3306173997,0437,0
2025,11899732,3306173997,0439,0
2025,11347134,3306173997,0439,5
2025,13615239,3306173997,1709,6
2025,10835148,3306173997,0437,7
2025,10835148,3306173997,0440,8
2025,13626945,3306173997,0437,9
2025,13024171,3306173997,0439,6
2025,13024171,3306173997,0156,10
2025,10907141,3306173997,0439,6
2025,10907141,3306173997,0438,5
2025,11168289,3306173997,0440,8
2025,10832115,3306173997,0440,9
2025,11086666,3306173997,1709,9
2025,11133386,3306173997,0156,9
2025,11019069,3306173997,0438,8
2025,13356546,3306173997,0156,6
2025,10404730,3306173997,0441,1
2025,10404730,3306173997,0440,6
2025,11143320,3306173997,0438,9
2025,11041555,3306173997,0156,7
2025,11053348,3306173997,0438,8
2025,10333114,3306173997,0438,7
2025,13596553,3306174048,0650,8
2025,13596973,3306174048,0647,4
2025,12859504,3306174048,0651,10
2025,10243668,3306174048,0179,9
2025,13486970,3306174048,0649,6
2025,10730016,3306174048,0651,0
2025,13596966,3306174048,0649,2
2025,11664368,3306174048,0657p,6
2025,11664368,3306174048,0649,5
2025,10840996,3306174048,0649,6
2025,10808862,3306174048,0179,6
2025,10926432,3306174048,0657p,9
2025,10025322,3306174048,0650,0
2025,10946112,3306174048,0649,7
2025,10657315,3306174048,0647,9
2025,13597950,3306174048,0648,8
2025,10835742,3306174048,0179,0
2025,10835742,3306174048,0648,0
2025,10832907,3306174048,0657p,10
2025,10840806,3306174048,0650,9
2025,10840806,3306174048,0647,6
2025,10737176,3306174048,0651,8
2025,10793462,3306174048,0650,10
2025,10793462,3306174048,0647,6
2025,10924358,3306174048,0647,7
2025,13263684,3306174048,0647,9
2025,10991644,3306174048,0179,7
2025,10787713,3306174048,0179,9
2025,10787713,3306174048,0648,4
2025,11690583,3306174048,0647,5
2025,10928705,3306169744,0379p,10
2025,10823890,3306169744,0371,8
2025,10921245,3306169744,0373,6
2025,10898640,3306169744,1709,7
2025,10900148,3306169744,0373,5
2025,10900148,3306169744,0369,6
2025,10784937,3306169744,0373,6
2025,10912223,3306169744,0179,9
2025,10911373,3306169744,0372,10
2025,10734142,3306169744,0369,8
2025,11088604,3306169744,0369,7
2025,10427570,3306169651,0484,0
2025,10803070,3306169651,0179,7
2025,10263445,3306169651,0483,5
2025,10246766,3306169651,0616p,7
2025,10246766,3306169651,0179,9
2025,10454462,3306169651,0485,3
2025,11049333,3306169651,0373,10
2025,10891759,3306169651,1709,9
2025,10891759,3306169651,0487,3
2025,10382149,3306169651,0483,9
2025,10323484,3306169651,0485,0
2025,13352871,3306169651,0616p,0
2025,10832166,3306169651,1709,8
2025,10832166,3306169651,0616p,10
2025,10814397,3306169651,0616p,0
2025,10814397,3306169651,0484,0
2025,10346246,3306169651,1709,5
2025,10299132,3306169651,0373,0
2025,11318786,3306169651,0487,0
2025,12395762,3306169651,0487,4
2025,11179481,3306169651,0483,6
2025,10819052,3306169651,0179,8
2025,10595030,3306169651,0616p,0
2025,11126483,3306169593,0156,8
2025,13360681,3306169593,0222,7
2025,11829256,3306169593,1709,6
2025,11829256,3306169593,0225,4
2025,10459629,3306169593,0223,0
2025,10270606,3306169593,0221,9
2025,11246288,3306169593,0156,6
2025,11251993,3306169593,0156,0
2025,12610265,3306169593,0223,5
2025,12919510,3306169593,0225,4
2025,11113596,3306169593,0222,7
2025,10805591,3306169593,0225,1
2025,12563453,3306169593,0225,6
2025,10429996,3306169593,0221,4
2025,13546750,3306169593,0222,8
2025,13598530,3306169593,0225,8
2025,13598530,3306169593,0221,4
2025,10705918,3306169593,0225,6
2025,10858044,3306169593,0221,4
2025,11115680,3306169593,0223,8
2025,10917865,3306169591,1708190,7
2025,10812899,3306169591,0226,3
2025,10708167,3306169591,1713707,8
2025,10893131,3306169591,1664190,6
2025,10885064,3306169591,CVOPT,5
2025,10903261,3306169591,1710,10
2025,11002807,3306169591,1713707,10
2025,11002807,3306169591,0226,9
2025,11009276,3306169591,1713707,1
2025,11009276,3306169591,1710,1
2025,11708808,3306169591,0228,9
2025,11708808,3306169591,0226,9
2025,11029392,3306169591,1713707,8
2025,11029392,3306169591,CVOPT,3
2025,11000271,3306169591,1713707,8
2025,11000271,3306169591,0226,9
2025,11035843,3306169591,1713707,1
2025,10762368,3306169751,0378,8
2025,10796295,3306169751,0379s,10
2025,10796295,3306169751,0375,8
2025,10762343,3306169751,0378,10
2025,10910600,3306169751,1665190,9
2025,10757735,3306169751,0376,7
2025,11082671,3306169751,1710,7
2025,10849397,3306169751,0377,6
2025,10737949,3306169751,0376,7
2025,10799789,3306169751,0375,9
2025,10783280,3306169751,0376,4
2025,10783280,3306169751,1710,6
2025,10764453,3306169751,0375,8
2025,10813139,3306169751,0376,8
2025,10813139,3306169751,1710,6
2025,10780756,3306169751,0379s,10
2025,10780756,3306169751,0378,7
2025,10823807,3306169751,0377,8
2025,10611084,3306169658,1708190,9
2025,10282899,3306169658,CVOPT,4
2025,10770657,3306169658,1665190,9
2025,10770657,3306169658,0613,3
2025,10770964,3306169658,1708190,9
2025,10770964,3306169658,0616s,6
2025,10770964,3306169658,0615,8
2025,10828387,3306169658,1708190,9
2025,10828387,3306169658,CVOPT,2
2025,10772126,3306169658,0613,8
2025,10882393,3306169658,1665190,9
2025,11251967,3306170617,1665061,8
2025,10026298,3306170617,1372,7
2025,10781492,3306170617,1375s,8
2025,10282118,3306170617,1375s,10
2025,10282118,3306170617,1371,9
2025,10944114,3306170617,1372,4
2025,10666170,3306170617,1665061,10
2025,10985551,3306170617,1375s,5
2025,10985551,3306170617,1710,10
2025,10803120,3306170617,1371,9
2025,10803120,3306170617,1372,8
2025,10827153,3306170617,1375s,5
2025,10993836,3306170617,1372,9
2025,10793376,3306170617,1665061,10
2025,13242092,3306170617,1665061,9
2025,10652580,3306170617,CVOPT,10
2025,10413312,3306170617,CVOPT,9
2025,10413312,3306170617,1375s,9
2025,10780789,3306170617,1708061,9
2025,10851445,3306170617,1372,9
2025,10842025,3306170617,1665061,8
2025,10798915,3306170617,CVOPT,10
2025,10809667,3306170617,1665061,10
2025,10515381,3306170617,1708061,10
2025,13167864,3306170617,1708061,10
2025,11649375,3306170617,1710,7
2025,10887720,3306173995,1713472,6
2025,10887720,3306173995,0448,7
2025,10911568,3306173995,1664001,10
2025,10929912,3306173995,0443,4
2025,10911748,3306173995,0443,8
2025,11044309,3306173995,0443,7
2025,11044309,3306173995,0448,7
2025,11033515,3306173995,0442,8
2025,11004716,3306173995,0443,9
2025,11039273,3306173995,0446,7
2025,11039273,3306173995,0448,7
2025,11805803,3306173995,0446,6
2025,11027361,3306173995,0448,6
2025,10787655,3306173995,1710,5
2025,10911000,3306173995,0442,6
2025,10802285,3306174046,1665001,8
2025,10024578,3306174046,0653,3
2025,10824617,3306174046,1665001,7
2025,10679709,3306174046,1708001,5
2025,10679709,3306174046,0655,6
2025,10679709,3306174046,0653,7
2025,12332046,3306174046,0657s,6
2025,10742998,3306174046,0653,10
2025,10742998,3306174046,0654,10
2025,10906957,3306174046,0657s,7
2025,10787502,3306172060,1227,9
2025,10787502,3306172060,1235,7
2025,10776722,3306172060,1227,6
2025,10899896,3306172060,CVOPT,9
2025,12465550,3306172060,1227,6
2025,12465550,3306172060,1710,7
2025,11184512,3306172060,CVOPT,8
2025,11184512,3306172060,1228,7
2025,13291541,3306172060,1664020,7
2025,12744964,3306172060,1708020,8
2025,12744964,3306172060,1235,6
2025,11024352,3306172060,1228,6
2025,13099124,3306172060,1710,8
2025,12607119,3306172060,1228,7
2025,12607119,3306172060,1234,8
2025,10805007,3306172060,CVOPT,8
2025,10912726,3306172060,1227,9
2025,10689201,3306172133,CVOPT,5
2025,10689201,3306172133,1665020,8
2025,10689201,3306172133,0826,6
2025,10742994,3306172133,0828s,8
2025,11790917,3306172133,1665020,8
2025,11790917,3306172133,0827,6
2025,10856038,3306172133,0827,6
2025,13473425,3306172133,0827,7
2025,10711954,3306172133,1708020,2
2025,10804606,3306172133,0825,0
2025,10487336,3306172133,1708020,8
2025,10487336,3306172133,0827,7
2025,10857816,3306172133,1708020,8
2025,10857816,3306172133,0823,7
2025,10764144,3306172165,1011,5
2025,10776549,3306172165,1109,8
2025,10776549,3306172165,1110,8
2025,10726936,3306172165,1008,7
2025,10797573,3306172165,1007,7
2025,10754604,3306172165,CVOPT,7
2025,10754604,3306172165,1110,7
2025,10365221,3306172165,1708020,8
2025,10365221,3306172165,1009,8
2025,10365221,3306172165,1109,9
2025,13456007,3306172165,1665020,9
2025,10918602,3306172165,1009,8
2025,10530803,3306172165,1007,9
2025,13461591,3306172165,1665020,8
2025,13461591,3306172165,1708020,8
2025,10630363,3306172165,1012s,9
2025,13500909,3306172165,1012s,9
2025,11627062,3306172330,1708039,8
2025,13251013,3306172330,CVOPT,8
2025,10820272,3306172330,CVOPT,7
2025,10820272,3306172330,0400s,8
2025,10707825,3306172330,0399,4
2025,10729539,3306172330,1708039,10
2025,10530795,3306172330,0400s,9
2025,10530795,3306172330,0397,10
2025,10719000,3306172330,CVOPT,7
2025,10679964,3306172330,0399,4
2025,10687498,3306172410,0388s,8
2025,10676318,3306172410,1708039,5
2025,10676318,3306172410,CVOPT,7
2025,10676318,3306172410,0385,6
2025,13475599,3306172410,0385,7
2025,13454999,3306172410,0388s,7
2025,13454999,3306172410,1665039,9
2025,13479949,3306170521,028503,7
2025,11802023,3306170521,028502,5
2025,11802023,3306170521,028001,8
2025,10325758,3306170521,028503,4
2025,13323096,3306170521,028001,7
2025,13323096,3306170521,028503,7
2025,10407199,3306170521,028503,4
2025,13278454,3306170521,028504,8
2025,13269119,3306170521,028502,10
2025,13269119,3306170521,028001,9
2025,11103695,3306170521,028503,4
2025,11103695,3306170521,028100,5
2025,10906500,3306170521,028503,7
2025,11106423,3306170521,028505,8
2025,11248638,3306170521,028503,8
2025,11119010,3306170521,028504,9
2025,10932027,3306170521,028001,1
2025,10932027,3306170521,028503,4
2025,13598449,3306170521,028001,9
2025,11080250,3306170521,028505,7
2025,11519407,3306170521,028505,6
2025,11519407,3306170521,028001,9
2025,13246193,3306170521,028502,7
2025,10839018,3306170521,028001,6
2025,11010717,3306170521,028502,8
2025,10938612,3306170521,028504,3
2025,10974769,3306170521,028100,7
2025,10616148,3306170521,028502,7
2025,13538314,3306170521,028501,0
2025,10912191,3306170521,028503,4
2025,11017524,3306170521,028504,7
2025,11030604,3306170521,028502,8
2025,10407158,3306170521,028001,7
2025,10407158,3306170521,028100,8
2025,11101503,3306170521,028504,7
2025,11101503,3306170521,028100,8
2025,10702316,3306170521,028100,8
2025,11028307,3306170521,028504,7
2025,12848026,3306170521,028504,0
2025,10916309,3306170521,028501,1
2025,11906482,3306170521,028505,8
2025,12795258,3306170521,028504,10
2025,11096252,3306170521,028503,8
2025,10743008,3306170521,028505,7
2025,12406893,3306170521,028502,8
2025,11837899,3306170521,028100,9
2025,10027392,3306170619,1367,0
2025,11312003,3306170619,1369,10
2025,11620907,3306170619,0179,4
2025,10914260,3306170619,1369,8
2025,10714135,3306170619,1367,4
2025,13595058,3306170619,1370,4
2025,10515804,3306170619,1375p,10
2025,10515804,3306170619,1370,4
2025,10928805,3306170619,1375p,9
2025,12667179,3306170619,0179,4
2025,12667179,3306170619,1370,1
2025,10920136,3306170619,1368,7
2025,13487291,3306170719,1372,0
2025,13623963,3306172484,0177,3
2025,10652365,3306172484,0172,9
2025,13607126,3306172484,0181p,5
2025,10788322,3306172484,0177,0
2025,13602203,3306172484,0179,0
2025,13593121,3306172484,0172,6
2025,12561340,3306172484,0181p,5
2025,13598131,3306172484,0171,0
2025,13593122,3306172484,0177,8
2025,10989676,3306172484,0181p,9
2025,10989676,3306172484,0171,9
2025,10989676,3306172484,0177,6
2025,13593117,3306172484,0172,0
2025,13593117,3306172484,0173,0
2025,10787451,3306172484,0171,4
2025,10895710,3306172332,0179,9
2025,13458379,3306172332,1709,0
2025,13445476,3306172332,0400p,8
2025,13445476,3306172332,0173,5
2025,10583520,3306172332,0173,9
2025,10311896,3306172403,0179,7
2025,13609532,3306172403,0172,0
2025,10755482,3306172403,0388p,10
2025,10911448,3306172403,0179,7
2025,10610202,3306172403,0384,5
2025,10690363,3306172403,0383,10
2025,11106237,3306172053,1709,7
2025,11100435,3306172053,1709,7
2025,11121167,3306172053,1232,0
2025,12953439,3306172053,1231,7
2025,10905076,3306172053,1226,7
2025,10905076,3306172053,1231,5
2025,11117078,3306172053,1709,6
2025,11036037,3306172053,1233,7
2025,11434889,3306172053,1226,4
2025,11013480,3306172053,1709,6
2025,11013480,3306172053,1229,6
2025,10803879,3306172053,0156,5
2025,10919565,3306172053,1709,3
2025,10510136,3306172167,1012p,0
2025,13598681,3306172167,0931,9
2025,10425558,3306172167,1012p,10
2025,10792537,3306172167,0623,6
2025,10792537,3306172167,0930,6
2025,10895836,3306172167,1010,9
2025,10436333,3306172167,0931,5
2025,13502717,3306172167,0623,0
2025,13502717,3306172167,0931,0
2025,13502717,3306172167,1010,0
2025,11340144,3306172167,0623,4
2025,10792044,3306172167,0931,9
2025,10833008,3306172167,0623,4
2025,10892734,3306172167,1010,6
2025,10893829,3306172167,0623,6
2025,10928697,3306172167,0930,4
2025,13170472,3306172135,1709,7
2025,11416033,3306172135,0622,7
2025,10761942,3306172135,0179,4
2025,10805487,3306172135,0179,7
2025,10805487,3306172135,0623,7
2025,10889204,3306172135,0627,4
2025,10793458,3306172135,0179,7
2025,10921012,3306172135,0622,8
2025,12722909,3306172135,0627,7
2025,10027352,3306172135,0625,7
2025,10660627,3306169433,243264,9
2025,10758378,3306169440,243604,8
2025,13446594,3306169440,243604,7
2025,13446594,3306169440,243271,7
2025,10347923,3306169440,243271,9
2025,10675598,3306169440,243602,7
2025,10675598,3306169440,243271,6
2025,10783224,3306169440,243602,8
2025,13594870,3306173997,0440,10
2025,10706021,3306173997,0437,5
2025,12257970,3306173997,0441,5
2025,13594861,3306173997,0438,9
2025,13514838,3306173997,0441,8
2025,11055715,3306173997,0437,8
2025,11038609,3306173997,1709,10
2025,11029676,3306173997,1709,10
2025,10899529,3306173997,0439,5
2025,10899529,3306173997,0440,9
2025,11899732,3306173997,1709,0
2025,13626945,3306173997,0441,9
2025,11138087,3306173997,0439,6
2025,13024171,3306173997,0438,7
2025,10907141,3306173997,0440,8
2025,10633944,3306173997,0156,8
2025,11132240,3306173997,0156,10
2025,13356546,3306173997,0439,8
2025,13356546,3306173997,0438,8
2025,11143320,3306173997,0156,9
2025,13056115,3306173997,0441,10
2025,10333114,3306173997,0441,7
2025,13510854,3306174048,0648,7
2025,13596553,3306174048,1709,4
2025,13304340,3306174048,1709,2
2025,13596973,3306174048,1709,6
2025,10416752,3306174048,0647,0
2025,12565877,3306174048,0179,0
2025,12565877,3306174048,0649,0
2025,10895723,3306174048,0179,3
2025,10431853,3306174048,0648,7
2025,10431853,3306174048,0647,8
2025,10910705,3306174048,0651,6
2025,10730016,3306174048,0657p,0
2025,10925424,3306174048,0647,5
2025,13596966,3306174048,0647,5
2025,13101838,3306174048,0651,5
2025,13596949,3306174048,0649,0
2025,10662076,3306174048,0650,7
2025,10707710,3306174048,0651,9
2025,10707710,3306174048,0649,8
2025,10025322,3306174048,0179,0
2025,10243725,3306174048,0179,0
2025,10657315,3306174048,0179,10
2025,11552430,3306174048,0657p,6
2025,13597950,3306174048,1709,7
2025,13597950,3306174048,0649,6
2025,10509392,3306174048,0650,5
2025,13597031,3306174048,0651,7
2025,13542655,3306174048,0650,6
2025,13009073,3306174048,0179,4
2025,12788547,3306174048,0650,9
2025,10762396,3306174048,0650,7
2025,10762396,3306174048,0648,9
2025,10762396,3306174048,0649,9
2025,10762396,3306174048,0647,6
2025,10698049,3306174048,0649,7
2025,10709630,3306174048,0649,8
2025,13263684,3306174048,0651,10
2025,12736231,3306174048,0649,9
2025,10991644,3306174048,0650,7
2025,10787713,3306174048,0657p,6
2025,10787713,3306174048,0649,7
2025,10928705,3306169744,0369,6
2025,10823890,3306169744,0369,7
2025,10805078,3306169744,1709,8
2025,10805078,3306169744,0372,9
2025,10900148,3306169744,0179,9
2025,11226702,3306169744,0179,10
2025,10914721,3306169744,1709,8
2025,10910799,3306169744,1709,9
2025,10910799,3306169744,0379p,9
2025,10912321,3306169744,0371,10
2025,11088604,3306169744,0371,9
2025,10311349,3306169651,1709,0
2025,10311349,3306169651,0483,0
2025,10803070,3306169651,0483,8
2025,10263445,3306169651,1709,6
2025,10263445,3306169651,0616p,8
2025,10246766,3306169651,1709,7
2025,10454462,3306169651,0179,8
2025,10399842,3306169651,0484,8
2025,11049333,3306169651,0483,6
2025,10837080,3306169651,0616p,9
2025,10891759,3306169651,0485,6
2025,10382149,3306169651,0179,10
2025,10323484,3306169651,0616p,0
2025,10323484,3306169651,0373,0
2025,10323484,3306169651,0483,0
2025,10471125,3306169651,0616p,0
2025,13232436,3306169651,1709,8
2025,13592958,3306169651,0373,0
2025,10398479,3306169651,0487,9
2025,10900201,3306169651,0179,9
2025,10756981,3306169651,0484,4
2025,10814397,3306169651,0485,1
2025,10814397,3306169651,0483,2
2025,10381670,3306169651,0485,7
2025,10283093,3306169651,0487,0
2025,11318786,3306169651,0373,0
2025,11061166,3306169651,1709,0
2025,11179481,3306169651,0487,8
2025,10819052,3306169651,0616p,7
2025,13458925,3306169651,0484,9
2025,11147116,3306169651,0485,0
2025,11126483,3306169593,1709,8
2025,10405869,3306169593,0222,0
2025,10796752,3306169593,0225,3
2025,10404633,3306169593,1709,0
2025,13513975,3306169593,0222,9
2025,11829256,3306169593,0156,6
2025,12615991,3306169593,0225,0
2025,13358627,3306169593,0223,0
2025,13358627,3306169593,0156,0
2025,11113596,3306169593,0225,6
2025,10828132,3306169593,0222,7
2025,12452190,3306169593,0156,8
2025,10805591,3306169593,1709,4
2025,13545139,3306169593,0225,10
2025,10429996,3306169593,1709,5
2025,13546750,3306169593,0225,4
2025,13598530,3306169593,0222,7
2025,11115680,3306169593,1709,8
2025,11115680,3306169593,0225,7
2025,11115680,3306169593,0221,8
2025,10959803,3306169593,0223,9
2025,10917865,3306169591,0228,7
2025,11002913,3306169591,0224,10
2025,10885064,3306169591,0228,3
2025,11002807,3306169591,0228,10
2025,11020732,3306169591,0224,3
2025,11013828,3306169591,0228,9
2025,11000271,3306169591,1708190,8
2025,11000271,3306169591,1664190,8
2025,11035843,3306169591,1664190,1
2025,10796295,3306169751,0378,10
2025,10635003,3306169751,0379s,10
2025,10757735,3306169751,1665190,7
2025,10757735,3306169751,0377,7
2025,11082671,3306169751,1708190,8
2025,10849397,3306169751,0375,7
2025,12854002,3306169751,0375,2
2025,10799789,3306169751,0376,8
2025,10783280,3306169751,0375,1
2025,10652371,3306169751,0379s,8
2025,10652371,3306169751,0377,4
2025,10813139,3306169751,CVOPT,10
2025,10762338,3306169751,CVOPT,9
2025,10762338,3306169751,0379s,8
2025,10762338,3306169751,0376,6
2025,13456011,3306169751,0374,8
2025,10780756,3306169751,1708190,10
2025,10780756,3306169751,0374,4
2025,10823807,3306169751,0378,8
2025,13345475,3306169751,1665190,9
2025,10511870,3306169658,0616s,0
2025,10611084,3306169658,1710,9
2025,10282899,3306169658,0616s,5
2025,10282899,3306169658,0615,2
2025,10711977,3306169658,1708190,10
2025,10711977,3306169658,CVOPT,6
2025,10711977,3306169658,0616s,8
2025,10711977,3306169658,0612,4
2025,10643328,3306169658,0615,9
2025,10807600,3306169658,0616s,6
2025,10807600,3306169658,0612,10
2025,10810051,3306169658,0614,4
2025,10758419,3306169658,0616s,6
2025,10688878,3306169658,1665190,10
2025,10797980,3306169658,1708190,8
2025,10797980,3306169658,0612,2
2025,10711924,3306169658,0613,4
2025,10799612,3306170617,1372,8
2025,11251967,3306170617,1372,4
2025,10783707,3306170617,1371,9
2025,10734128,3306170617,CVOPT,10
2025,10666170,3306170617,1371,8
2025,10985551,3306170617,1374,8
2025,10688361,3306170617,1665061,9
2025,10827153,3306170617,1372,6
2025,10793376,3306170617,CVOPT,10
2025,10793376,3306170617,1375s,5
2025,13281768,3306170617,1708061,10
2025,10122344,3306170617,1708061,10
2025,11104411,3306170617,1373,9
2025,10725869,3306170617,1708061,10
2025,10725869,3306170617,1372,4
2025,10770501,3306170617,1371,9
2025,10780789,3306170617,1371,7
2025,10780789,3306170617,1710,8
2025,10842025,3306170617,CVOPT,9
2025,10842025,3306170617,1375s,5
2025,10809667,3306170617,1708061,10
2025,10515381,3306170617,1665061,9
2025,10515381,3306170617,CVOPT,7
2025,11649375,3306170617,1375s,9
2025,10993558,3306170617,1375s,0
2025,10911568,3306173995,1713472,7
2025,10929912,3306173995,0442,8
2025,11044309,3306173995,1664001,9
2025,11004486,3306173995,1713472,8
2025,10995299,3306173995,1713472,7
2025,11805803,3306173995,1664001,10
2025,11026339,3306173995,1713472,7
2025,10911000,3306173995,1664001,7
2025,10679723,3306174046,1665001,7
2025,10677900,3306174046,0652,5
2025,10961892,3306174046,0653,2
2025,10024578,3306174046,CVOPT,9
2025,10789628,3306174046,1710,5
2025,10025295,3306174046,0657s,6
2025,10025295,3306174046,1665001,8
2025,12332046,3306174046,0652,4
2025,10780784,3306174046,CVOPT,9
2025,10835676,3306174046,1665001,6
2025,10711948,3306174046,0657s,7
2025,10776755,3306172060,1234,7
2025,10776722,3306172060,1664020,5
2025,10904203,3306172060,1235,7
2025,12465550,3306172060,1664020,5
2025,10648909,3306172060,CVOPT,8
2025,13291541,3306172060,CVOPT,9
2025,11040995,3306172060,1713925,7
2025,11040995,3306172060,1235,7
2025,11024352,3306172060,1234,8
2025,11024352,3306172060,1710,7
2025,10912726,3306172060,1710,8
2025,10889537,3306172060,1234,7
2025,10766452,3306172133,0828s,9
2025,10689201,3306172133,0828s,8
2025,10742994,3306172133,0826,7
2025,10856038,3306172133,0828s,7
2025,11073751,3306172133,0826,8
2025,13473425,3306172133,0826,8
2025,10487336,3306172133,0828s,8
2025,10857816,3306172133,0825,8
2025,11388211,3306172133,0825,8
2025,11388211,3306172133,0826,7
2025,10806298,3306172165,CVOPT,7
2025,10630337,3306172165,1008,4
2025,10819684,3306172165,1007,8
2025,10819684,3306172165,1009,8
2025,10726936,3306172165,1012s,9
2025,10726936,3306172165,1710,8
2025,10797573,3306172165,1012s,7
2025,10754604,3306172165,1008,4
2025,10754604,3306172165,1009,8
2025,13456007,3306172165,1011,7
2025,10918602,3306172165,1012s,6
2025,10918602,3306172165,1665020,8
2025,10824007,3306172165,CVOPT,7
2025,10263154,3306172165,1110,8
2025,10805294,3306172165,1007,8
2025,13500909,3306172165,CVOPT,9
2025,13500909,3306172165,1665020,8
2025,13500949,3306172165,1710,8
2025,13525343,3306172165,1110,8
2025,10745573,3306172330,1708039,10
2025,11627062,3306172330,0400s,9
2025,13251013,3306172330,1665039,10
2025,13251013,3306172330,0397,10
2025,10835750,3306172330,0397,4
2025,10766449,3306172330,0399,7
2025,10645102,3306172330,0400s,8
2025,10645102,3306172330,1665039,8
2025,10645102,3306172330,0180,8
2025,10707825,3306172330,0180,7
2025,10729539,3306172330,CVOPT,8
2025,10410077,3306172330,0400s,6
2025,10410077,3306172330,0180,4
2025,10530795,3306172330,0398,9
2025,13455702,3306172330,1665039,10
2025,13487222,3306172330,0180,9
2025,10698462,3306172330,0397,4
2025,10254373,3306172482,CVOPT,9
2025,10254373,3306172482,1710,9
2025,10688815,3306172482,0176,6
2025,10687498,3306172410,1665039,9
2025,10742128,3306172410,1708039,6
2025,10749811,3306172410,CVOPT,9
2025,10749811,3306172410,1665039,9
2025,10736502,3306172410,1665039,8
2025,10736502,3306172410,0387,8
2025,10676318,3306172410,1710,4
2025,13472424,3306172410,1708039,6
2025,13472424,3306172410,0385,7
2025,13472424,3306172410,0387,5
2025,13479949,3306170521,028502,9
2025,13479949,3306170521,028001,10
2025,10706065,3306170521,028504,0
2025,11019862,3306170521,028502,4
2025,12237928,3306170521,028504,6
2025,10964248,3306170521,028100,0
2025,11110518,3306170521,028001,7
2025,11321038,3306170521,028504,0
2025,11103695,3306170521,028504,3
2025,11574134,3306170521,028503,4
2025,11574134,3306170521,028100,8
2025,11106423,3306170521,028001,9
2025,10762395,3306170521,028501,2
2025,11512589,3306170521,028501,9
2025,11519407,3306170521,028100,10
2025,10839018,3306170521,028505,0
2025,12379379,3306170521,028501,7
2025,12623376,3306170521,028502,7
2025,12623376,3306170521,028501,7
2025,11030604,3306170521,028505,7
2025,13122237,3306170521,028100,0
2025,11116523,3306170521,028504,4
2025,10916309,3306170521,028502,4
2025,10897219,3306170521,028503,7
2025,13598561,3306170521,028503,7
2025,13160174,3306170521,028001,0
2025,13446969,3306170521,028503,8
2025,13446969,3306170521,028501,9
2025,10916495,3306170619,1709,10
2025,13594581,3306170619,1709,7
2025,13594581,3306170619,1375p,10
2025,11790026,3306170619,1370,0
2025,12885212,3306170619,0179,7
2025,12885212,3306170619,1370,7
2025,12885212,3306170619,1368,7
2025,10735252,3306170619,1375p,9
2025,10735252,3306170619,1369,7
2025,10706077,3306170619,1709,6
2025,10706077,3306170619,1375p,9
2025,10931524,3306170619,1375p,10
2025,10892991,3306170619,1370,7
2025,10892991,3306170619,1369,7
2025,13595058,3306170619,1369,9
2025,10677457,3306170619,1709,8
2025,10758727,3306170619,1370,4
2025,10758727,3306170619,1367,4
2025,10918779,3306170619,0179,8
2025,12667179,3306170619,1367,4
2025,13623963,3306172484,0173,5
2025,10652365,3306172484,0181p,9
2025,13607126,3306172484,1709,2
2025,13608584,3306172484,0181p,9
2025,13551232,3306172484,1709,0
2025,13551232,3306172484,0179,1
2025,13608577,3306172484,0172,0
2025,13608577,3306172484,0174,0
2025,13608590,3306172484,0171,2
2025,10379062,3306172484,0173,5
2025,11051785,3306172484,0177,2
2025,10801931,3306172484,0172,6
2025,10707659,3306172484,0177,0
2025,13593251,3306172484,0172,5
2025,10581374,3306172484,0181p,9
2025,10895710,3306172332,0400p,8
2025,13460187,3306172332,0173,0
2025,13445476,3306172332,0383,6
2025,10583520,3306172332,0400p,8
2025,13593106,3306172332,0383,4
2025,12151924,3306172332,1709,7
2025,12151924,3306172332,0383,8
2025,13593493,3306172332,0171,0
2025,13593493,3306172332,0173,0
2025,10657923,3306172332,0383,9
2025,10657923,3306172332,0384,9
2025,10311896,3306172403,0172,9
2025,10790662,3306172403,0173,6
2025,11702324,3306172403,0179,7
2025,10911448,3306172403,0384,4
2025,12908126,3306172403,0388p,8
2025,12132171,3306172403,0383,9
2025,12132171,3306172403,0173,8
2025,11405737,3306172403,0383,0
2025,11405737,3306172403,0384,0
2025,11258786,3306172403,0388p,10
2025,11258786,3306172403,0384,3
2025,10796413,3306172403,0388p,8
2025,13594957,3306172403,0384,0
2025,10652392,3306172403,0384,8
2025,13604001,3306172403,0179,2
2025,10923040,3306172053,1229,0
2025,11100435,3306172053,1229,6
2025,11110260,3306172053,1231,5
2025,11099468,3306172053,1233,9
2025,10905076,3306172053,1709,7
2025,11434889,3306172053,0156,4
2025,10676509,3306172167,0179,9
2025,10510136,3306172167,0931,0
2025,12404225,3306172167,0179,0
2025,12404225,3306172167,0623,0
2025,10866312,3306172167,1012p,6
2025,10560755,3306172167,1012p,9
2025,10560755,3306172167,0931,9
2025,10303205,3306172167,1709,0
2025,10425558,3306172167,0930,4
2025,10425558,3306172167,1010,7
2025,10463434,3306172167,1012p,0
2025,10792537,3306172167,0931,6
2025,10516442,3306172167,1012p,7
2025,10904904,3306172167,1012p,9
2025,10894622,3306172167,1709,7
2025,10894622,3306172167,1012p,8
2025,10730721,3306172167,1010,3
2025,13595716,3306172167,0179,0
2025,13598103,3306172167,1010,0
2025,10214849,3306172167,1010,0
2025,10904796,3306172167,0179,9
2025,10919736,3306172167,0931,8
2025,13506504,3306172167,0179,9
2025,11242827,3306172167,0930,0
2025,12900452,3306172167,0931,6
2025,12900452,3306172167,1010,6
2025,12557620,3306172167,1012p,10
2025,12557620,3306172167,0179,9
2025,10416632,3306172167,0623,8
2025,10883924,3306172167,0930,3
2025,10351884,3306172167,0623,2
2025,10351884,3306172167,0930,0
2025,10730207,3306172167,0931,7
2025,10344032,3306172167,0623,8
2025,10833008,3306172167,1709,5
2025,10892734,3306172167,1012p,8
2025,10892734,3306172167,0930,6
2025,13170472,3306172135,0625,5
2025,10889204,3306172135,0623,7
2025,10793458,3306172135,0623,7
2025,11075020,3306172135,0179,7
2025,10921012,3306172135,1709,9
2025,10921012,3306172135,0627,7
2025,13593226,3306172135,1709,7
2025,11336367,3306172135,0179,8
2025,11709509,3306172135,0828p,4
2025,12722909,3306172135,0625,8
2025,10762386,3306172135,0627,3
2025,10885568,3306172135,0179,10
2025,10680218,3306169433,243267,9
2025,10696608,3306169433,243265,9
2025,10783295,3306169433,243266,8
2025,10307643,3306169433,243265,8
2025,10366184,3306169433,243264,0
2025,10758378,3306169440,243270,8
2025,10699142,3306169440,243602,8
2025,13035877,3306169440,243602,9
2025,13475004,3306169440,243271,9
2025,13475004,3306169440,243270,10
2025,11564293,3306169440,243604,7
2025,10745557,3306169440,243602,7
2025,10925591,3306173997,0441,4
2025,11170959,3306173997,0437,9
2025,12257970,3306173997,0439,6
2025,13594861,3306173997,0156,4
2025,13289072,3306173997,1709,8
2025,12406107,3306173997,0441,6
2025,11029676,3306173997,0438,8
2025,13536269,3306173997,0439,6
2025,13529587,3306173997,0437,7
2025,10899529,3306173997,1709,9
2025,10899529,3306173997,0437,7
2025,13615239,3306173997,0441,2
2025,10907141,3306173997,1709,9
2025,10931052,3306173997,1709,8
2025,10996773,3306173997,0439,7
2025,11008351,3306173997,0440,8
2025,11008351,3306173997,0156,6
2025,11109924,3306173997,0441,9
2025,11133386,3306173997,0438,10
2025,12647763,3306173997,0441,0
2025,10938365,3306173997,0437,2
2025,11053348,3306173997,0437,8
2025,13510854,3306174048,0657p,8
2025,13510854,3306174048,0651,8
2025,13510854,3306174048,0647,8
2025,13596553,3306174048,0651,5
2025,13596973,3306174048,0648,5
2025,13596973,3306174048,0649,3
2025,10806737,3306174048,0647,9
2025,10416752,3306174048,0650,0
2025,13537130,3306174048,0657p,4
2025,10243668,3306174048,0650,7
2025,13486970,3306174048,0651,6
2025,13596966,3306174048,0657p,6
2025,13596966,3306174048,0648,6
2025,13457085,3306174048,0647,7
2025,10840996,3306174048,0651,7
2025,10808862,3306174048,0648,6
2025,10808862,3306174048,0647,5
2025,10662076,3306174048,0648,8
2025,13596536,3306174048,0651,8
2025,10025322,3306174048,0651,0
2025,10243725,3306174048,0651,0
2025,13597527,3306174048,0650,4
2025,10509392,3306174048,0179,8
2025,10509392,3306174048,0647,8
2025,13597031,3306174048,0657p,7
2025,10835742,3306174048,1709,0
2025,10254912,3306174048,0651,7
2025,10840806,3306174048,0651,7
2025,10737176,3306174048,0648,8
2025,10924358,3306174048,0648,6
2025,10709630,3306174048,0648,8
2025,13263684,3306174048,0657p,9
2025,12478421,3306174048,0648,8
2025,10805501,3306169744,0369,7
2025,10915302,3306169744,0371,8
2025,10681199,3306169744,0373,9
2025,10805078,3306169744,0379p,10
2025,10904793,3306169744,0379p,9
2025,10904793,3306169744,0372,10
2025,11226702,3306169744,0373,7
2025,10912223,3306169744,0379p,9
2025,10912223,3306169744,0370,8
2025,10912321,3306169744,0373,9
2025,10912321,3306169744,0372,10
2025,10996327,3306169744,0373,6
2025,10904569,3306169651,0373,9
2025,10427570,3306169651,0487,0
2025,10311349,3306169651,0616p,0
2025,10311349,3306169651,0179,0
2025,10901180,3306169651,0179,8
2025,10901180,3306169651,0373,6
2025,10462619,3306169651,0373,9
2025,13593151,3306169651,0373,6
2025,10308422,3306169651,0487,7
2025,10454462,3306169651,0373,6
2025,11049333,3306169651,0487,9
2025,11049333,3306169651,0484,8
2025,10308504,3306169651,1709,0
2025,11231256,3306169651,1709,0
2025,10308750,3306169651,0484,5
2025,10382149,3306169651,0373,7
2025,12730778,3306169651,0373,4
2025,10323484,3306169651,0487,0
2025,10839683,3306169651,0487,0
2025,10471125,3306169651,0373,0
2025,10471125,3306169651,0484,0
2025,11905649,3306169651,0616p,9
2025,13352871,3306169651,0179,0
2025,10398479,3306169651,0179,7
2025,11197655,3306169651,0484,9
2025,10900298,3306169651,1709,9
2025,10900298,3306169651,0483,9
2025,10904666,3306169651,1709,9
2025,10836046,3306169651,0485,8
2025,10836046,3306169651,0484,4
2025,10346246,3306169651,0484,0
2025,10310048,3306169651,0484,6
2025,12395762,3306169651,0483,3
2025,10819052,3306169651,0484,8
2025,10595030,3306169651,0373,0
2025,10440723,3306169651,0373,0
2025,11147116,3306169651,0616p,0
2025,11147116,3306169651,0483,0
2025,10933605,3306169593,1709,9
2025,11248234,3306169593,0156,7
2025,11113596,3306169593,0223,7
2025,10892119,3306169593,0156,8
2025,10828132,3306169593,0156,7
2025,11100333,3306169593,0225,7
2025,11100333,3306169593,0156,9
2025,10996376,3306169593,1709,8
2025,10405932,3306169593,0223,0
2025,10805591,3306169593,0223,2
2025,10805591,3306169593,0156,4
2025,12563453,3306169593,0156,0
2025,10308852,3306169593,0225,2
2025,10891681,3306169593,0156,5
2025,10762391,3306169593,1709,0
2025,10917865,3306169591,0224,9
2025,10708167,3306169591,0227,7
2025,10708167,3306169591,1710,8
2025,11146537,3306169591,0228,10
2025,10776723,3306169591,0227,5
2025,13452408,3306169591,1664190,9
2025,11020732,3306169591,1664190,5
2025,11020732,3306169591,1710,5
2025,12472787,3306169591,CVOPT,6
2025,11013828,3306169591,1713707,9
2025,11708808,3306169591,1708190,9
2025,10796295,3306169751,0376,9
2025,10635003,3306169751,0374,10
2025,12854002,3306169751,0377,3
2025,10840811,3306169751,0379s,10
2025,10799789,3306169751,1665190,9
2025,10799789,3306169751,0378,10
2025,10799789,3306169751,1710,7
2025,10652371,3306169751,1665190,9
2025,10764453,3306169751,0374,4
2025,10756607,3306169751,0379s,9
2025,10823812,3306169751,0379s,8
2025,10780756,3306169751,1665190,10
2025,13345475,3306169751,1708190,9
2025,13345475,3306169751,0375,9
2025,10611084,3306169658,CVOPT,4
2025,10797348,3306169658,0612,9
2025,10709604,3306169658,0616s,8
2025,10810051,3306169658,0616s,9
2025,10758419,3306169658,0613,4
2025,10736277,3306169658,1665190,8
2025,10736277,3306169658,0612,6
2025,10688878,3306169658,0616s,5
2025,10772126,3306169658,1665190,7
2025,10772126,3306169658,0612,0
2025,10797980,3306169658,1665190,8
2025,11341745,3306170617,1665061,10
2025,11341745,3306170617,1371,9
2025,11341745,3306170617,1372,8
2025,11341745,3306170617,1373,4
2025,10781492,3306170617,1708061,7
2025,10835968,3306170617,CVOPT,9
2025,10835968,3306170617,1371,9
2025,10835968,3306170617,1374,7
2025,10742238,3306170617,CVOPT,8
2025,10378823,3306170617,1375s,10
2025,10378823,3306170617,1373,9
2025,10944114,3306170617,1371,2
2025,10666170,3306170617,1373,8
2025,10803120,3306170617,1665061,9
2025,10827153,3306170617,1665061,4
2025,10993836,3306170617,CVOPT,10
2025,10809557,3306170617,CVOPT,9
2025,10809557,3306170617,1372,8
2025,10819488,3306170617,1710,9
2025,13281768,3306170617,1665061,9
2025,10819378,3306170617,1665061,9
2025,13273466,3306170617,1374,7
2025,13273466,3306170617,1710,8
2025,11104411,3306170617,CVOPT,8
2025,10770501,3306170617,1665061,10
2025,10770501,3306170617,1373,4
2025,10729560,3306170617,1708061,6
2025,13167864,3306170617,1375s,5
2025,10887720,3306173995,1708001,8
2025,10911568,3306173995,CVOPT,10
2025,10929912,3306173995,1708001,8
2025,11028742,3306173995,CVOPT,6
2025,11044309,3306173995,1713472,8
2025,10787257,3306173995,1713472,8
2025,10929818,3306173995,1713472,7
2025,10929818,3306173995,0446,9
2025,10929818,3306173995,0442,8
2025,11033515,3306173995,1710,8
2025,11004716,3306173995,CVOPT,9
2025,11805803,3306173995,1710,7
2025,10905782,3306173995,1664001,10
2025,10905782,3306173995,0443,6
2025,11024457,3306173995,CVOPT,10
2025,10677900,3306174046,0657s,7
2025,10677900,3306174046,1665001,7
2025,10024578,3306174046,0656,6
2025,10789628,3306174046,0657s,8
2025,10789628,3306174046,1665001,6
2025,10840138,3306174046,1665001,8
2025,10835676,3306174046,1708001,6
2025,10924853,3306172060,1227,7
2025,10904203,3306172060,1708020,9
2025,12465550,3306172060,1228,7
2025,11184512,3306172060,1664020,6
2025,11184512,3306172060,1708020,7
2025,11184512,3306172060,1235,6
2025,10648909,3306172060,1227,4
2025,12744964,3306172060,1234,5
2025,13099124,3306172060,1234,9
2025,10805007,3306172060,1234,6
2025,10805007,3306172060,1710,7
2025,10912726,3306172060,1228,5
2025,10912726,3306172060,1235,5
2025,10766452,3306172133,1665020,8
2025,10689201,3306172133,0824,6
2025,10742994,3306172133,0825,9
2025,12607926,3306172133,1708020,9
2025,10856038,3306172133,CVOPT,4
2025,10856038,3306172133,0824,5
2025,10856038,3306172133,1710,8
2025,11073751,3306172133,0822,7
2025,11073751,3306172133,0824,6
2025,10734184,3306172133,0824,5
2025,10734184,3306172133,0826,7
2025,10487336,3306172133,CVOPT,7
2025,10857816,3306172133,0826,7
2025,10766414,3306172133,1708020,8
2025,10766414,3306172133,0823,9
2025,11388211,3306172133,1665020,7
2025,11388211,3306172133,0827,7
2025,10806298,3306172165,1109,8
2025,10764144,3306172165,1012s,9
2025,10764144,3306172165,1008,4
2025,10819684,3306172165,1109,8
2025,10726936,3306172165,1665020,8
2025,10796065,3306172165,1109,8
2025,10796065,3306172165,1710,8
2025,11089472,3306172165,1109,7
2025,10365221,3306172165,1008,8
2025,13456007,3306172165,1012s,8
2025,13456007,3306172165,1007,9
2025,10852161,3306172165,1109,8
2025,10824007,3306172165,1708020,5
2025,10824007,3306172165,1009,8
2025,10270640,3306172165,CVOPT,4
2025,10270640,3306172165,1008,4
2025,10530803,3306172165,1008,8
2025,13054040,3306172165,1110,8
2025,10630363,3306172165,1007,6
2025,10805294,3306172165,1012s,9
2025,10805294,3306172165,1109,5
2025,13500949,3306172165,1007,9
2025,10648032,3306172330,1665039,8
2025,11627062,3306172330,0399,9
2025,10766449,3306172330,0400s,8
2025,10645102,3306172330,0398,4
2025,10707825,3306172330,1710,6
2025,10675936,3306172330,0400s,8
2025,10530795,3306172330,1665039,10
2025,10530795,3306172330,0399,9
2025,10719000,3306172330,1665039,8
2025,13487222,3306172330,1665039,10
2025,13487222,3306172330,0398,9
2025,11782717,3306172482,CVOPT,8
2025,11782717,3306172482,0178,7
2025,10688815,3306172482,0181s,7
2025,10759237,3306172410,0180,7
2025,10742128,3306172410,0180,7
2025,10749811,3306172410,1708039,9
2025,10320497,3306172410,1708039,8
2025,10761594,3306172410,1665039,9
2025,10676318,3306172410,0387,3
2025,13475599,3306172410,0387,9
2025,13475662,3306172410,0180,6
2025,12912453,3306172410,0387,5
2025,10906556,3306169614,0224,4
2025,10734184,3306172133,CVOPT,7
2025,10766452,3306172133,CVOPT,8
2025,11790917,3306172133,CVOPT,6
2025,10015387,3306172167,1012p,9
2025,13510854,3306174048,1709,8
2025,13596973,3306174048,0179,7
2025,12745122,3306174048,1709,7
2025,13456235,3306174048,0179,9
2025,10832907,3306174048,1709,8
2025,12478421,3306174048,1709,9
2025,10344032,3306172167,1012p,7
2025,13597031,3306174048,0650,9
