anyo,id_alumno,fecha_nac,sexo,estado_matricula,curso,grupo,turno
2024_25,6cdf9653aae8f61e7a36b404b2271961e0ed90710b92b2ee31f305197947c98a,24/05/1962,M,M,3162075411,1CFMI,S
2024_25,0348c5506bc2ae267005ed9de9a0edffa7625b96919d3261583a5128318700a9,15/08/2003,H,M,3162077551,2CFSI,D
2024_25,daa10871f464cce7d7d2c586c5a9c460ee1b62952811601f46adc2610755443e,29/01/2003,H,M,3162079957,2CFSH,D
2024_25,db525b54e2c4f147bb96b510c880a474a48190d6f23dd6d2d982927c7df6a069,27/12/2000,M,M,3162079993,2CFSR,S
2024_25,65f54ddef2ce6bdbce93b36025a88b6e227817acc6c0595669bde5e79847ff6b,06/11/1978,M,M,3162079713,2CFMD,S
2024_25,0c64afae23b6f41dff9822d8f69c393cfbed7f0da0279a3e0a36a86e494b1180,20/11/1990,M,M,3162075411,1CFMI,S
2024_25,d30551ce41430a40d66e66ecc1a4bb6be5979765aa2b71493cb493dc43136ca7,06/05/1975,M,M,3162075411,1CFMF,D
2024_25,7b8122a14a60699f7e7879d6137aeed8a3a9ab175ce876363dadccf3dd24d5d4,09/01/1993,H,M,3162077600,2CFSS,S
2024_25,f85e9b9935ed9caf3d5e305cddf72f21bc373559bb6f8969f4fd74c99ca2e376,03/10/1966,H,M,3162080071,2CFSC,D
2024_25,ff2eb1ee6603020f6317bab8d326417f95b27910660f3bfd6dc6df3e67a3a5c0,03/09/1983,M,M,3162075411,1CFME,D
2024_25,d06d0a2be2ba8fdf0ffc3313900a268aaf86dcf3fb69e83e419baeed4b65e349,08/03/1995,M,M,3162075539,2CFSK,D
2024_25,0ec97af1959c6e986b2603a05b47fb6941a539fbc20a3a1bb30196e5076f30aa,31/10/2002,H,M,3162079993,2CFSR,S
2024_25,79400df84e85a2038906230a9452fcad6819ec2b013b39373dfa98ec50a42d7f,05/10/2001,M,M,3162075411,1CFMI,S
2024_25,c8cff31e838bb483afff1e97e8f2781e55c54b4218473aa793e8d5c449d08c78,23/05/1986,M,M,3162079790,2CFSP,S
2024_25,39445826aaf4684e5fd98c1f47ab0f79643fd688b101ed996082e302944d0815,19/12/1988,M,M,3228379385,1CFMG,S
2024_25,42613e8f36792fe667c6463340a91f51551f832531ad02cc1274f4ddb00cb204,15/10/1998,M,M,3228410748,1CFSN,S
2024_25,8e806dd0965e9b8684cae59c60fdf167091232e31262e3c0a656396c3bf250e9,13/08/1985,H,M,3162079790,2CFSP,S
2024_25,f31fb76cd39796b26838467454439c30161cfa71a89e38802044ae30e0ad1d65,09/11/2004,H,M,3162079790,2CFSA,D
2024_25,d2f5d000f81723a9b1cba20e948001df61267024a7c774c10059d1d3d8349cfa,21/01/1998,M,B,3228415772,1CFSO,D
2024_25,a3427b7463ee35c42d2cc4f6aad41c47dce7cefbc57fd83b42d9fcbdd7bac912,16/02/1972,M,M,3162079993,2CFSR,S
2024_25,04b7cfef01e64cfd4b1496b768be2fa88ad1d6be84bfd088c045854f4373fb89,08/01/2005,H,M,3228406545,1CFSI,D
2024_25,f1df52301cd8d8469fe0afc818defe63dfeb29714449a8dc8247210b149a4ba2,19/04/1981,M,M,3162075418,2CFMK,D
2024_25,4fa9ef0957f74add83671481877809f5fd6d5e2ca6bc74fd5e51f734c6a6c86a,08/07/2001,M,M,3162075539,2CFSK,D
2024_25,2b26dbd201371eb890beb06e6a8e668cbecf076b5d480d814ccb6d8ba7c4fe73,15/10/1968,M,M,3162075411,1CFMI,S
2024_25,a7ce7a95f69105dac37ed079edda833e2ea4f6f9a7fe68dc9c624245f0d13f0b,28/02/1992,M,M,3162079713,2CFMD,S
2024_25,812f4015cf08464c73dfa5eb4bc2d6eac350615086ed94fca228649bdee2fa3b,16/03/2003,H,M,3162075539,2CFSF,D
2024_25,bc12ba4a1e0744bf0ad86028f479ed024620c3e3a9df29da836ed8770fd65e3b,22/02/2005,M,M,3228410357,1CFSD,D
2024_25,668b543fd712bf0e03cedc4437c8da84271e2312325642dd9e273e19d4615777,21/08/2004,H,M,3228406931,1CFSB,D
2024_25,2b096cbf2fb60c75065402ee2e7fcfbfe34c8345ed1035cf196cafc155b0f7d6,27/12/2000,M,M,3228406931,1CFSP,S
2024_25,d63e7fb94ab0fefcfdc3c5ddfbc44f5ee4c1490db4bd1bfca31c8df1cdf272f2,16/07/1984,M,M,3162075411,1CFMI,S
2024_25,c7907da237a494385df573c40292e67b04385deded1a10e8b5deaeb8c1277834,09/01/2004,H,M,3162080071,2CFSC,D
2024_25,dc1d087bb4907db087ea40845783e2d1048464c796e242c5d1dba0dd13f0c543,09/12/1999,M,M,3162076119,2CFSE,D
2024_25,abd7c9278c1be300ccb2d6fe4f1c5d8ba70879689eaaaa7d125732d8981af398,20/06/2004,H,M,3228413382,1CFSQ,D
2024_25,420abb1bd3f7ec94e33b9c150c0cfc8b076d8169f0f3f7d8510337da8c0a501e,25/12/2004,H,B,3228410357,1CFSD,D
2024_25,b0250b4fe4b1f1d33431fcc8fe02e541e25a2a4e4ef976b214ae7ad4f234ba6f,13/02/2005,H,M,3162079790,2CFSA,D
2024_25,ffc7943f287dee7c0f153b8ef05f865a68380c279b68095731478b8e2958161a,16/06/1976,H,M,3162079874,1CESIAB,D
2024_25,0c2c743c07cbe87db69ef4db3ab14970b0f4b4767a386f28bd5e10343f363c75,12/11/1996,M,M,3228415772,1CFSS,D
2024_25,9ab883e5dee76e2e6421d496617d7edcdec4bc4f234e6ae65b369a9563a7dbce,21/05/1990,M,M,3228379385,1CFMG,S
2024_25,c15b9af381ffe3c70268e0b7f849b77fb07aabe1c4c1eb53d3378553d1565d3e,11/06/2004,H,M,3228404816,1CFSA,D
2024_25,c9af8be808c5e29536ca15c095cbe1f1e13ce9bc8ea4bb4a83ac845fb9ff6418,25/04/1989,M,M,3162079713,2CFMD,S
2024_25,5faba076c749c66c437f609fc7e41623adf54d5a1ee8336210cdddce168b7545,21/06/1986,H,M,3228413382,1CFSL,S
2024_25,8e8a95b08c7afde8eec69473d514c372645379a6d351bd226d593b7ffe018783,18/09/2001,M,M,3162076098,2CFSD,D
2024_25,b7efeb1d2f0f49cfa18ea5a2a900cd3b4e084ee37a48a283628cd8bfa5c509a1,02/06/2004,M,M,3162079790,2CFSA,D
2024_25,d54d8cfa6de85bc21dbea22874b617478e56ee0d9aa7f8043aeb221496e4d8c5,10/11/1971,M,M,3162075418,2CFMK,D
2024_25,0420f6e94454d39151b760d134c57022fff19e5e79e98a721cf69f5a24366712,18/06/1986,H,M,3162079993,2CFSR,S
2024_25,6a1c394ef28aff3f5b9db28625d677a8498973fbc0b630b4fb3a060dbd1d4ba8,12/06/1984,H,M,3162079993,2CFSR,S
2024_25,651e2fd59495e6434416a8596680e202c3c44c461a3f7f3cf973a865cdc0270a,11/09/1989,H,M,3228390016,1CFMD,S
2024_25,fdf50feb75491ad9866acd67c809ea264cd71fff4afd94007c53e186fc7cb0c5,22/12/2005,M,M,3162078591,2CFSG,D
2024_25,886326c8486a026a4140faf4627b273443a6b5135c97d32c317417557cc40894,06/12/1985,H,M,3228390016,1CFMD,S
2024_25,7867fe2d76291d891b08cd1dc21f9e2fe92a3ea162045183fa47b723bb346df8,10/03/2001,M,B,3162079713,2CFMD,S
2024_25,a33745ac1a59bcdbd4f70553e589289af45f26fc047cbd5c2b4af28f3bd7b8c5,21/12/2005,M,B,3228406545,1CFSI,D
2024_25,b3a6690eab75558f24c7935c685cf731a8a2864d2c054940574fbbd6fe1a95fe,15/05/1970,M,B,3162075411,1CFME,D
2024_25,7e1ed3a8ba93f83dfd8213116565285a9f44d73cb846cd2fda7e8d84c3e21634,29/07/1988,H,M,3162079936,2CFMI,S
2024_25,237bbc605fc610879b757fc07c147288471fc38b290d6bb5b8e8b702fa6b61dd,03/09/2003,H,M,3162075539,2CFSF,D
2024_25,197373bc179815a211504782de6f6d41f1cf8cbe6e8410d58cab8c5c8dd77869,08/09/2000,H,M,3162076035,2CFSJ,D
2024_25,1a8638d11156770e4422464b11a225a07d8ae5a3f23d657e778d623db0996ccc,09/05/2002,M,M,3162075418,2CFMK,D
2024_25,1a8638d11156770e4422464b11a225a07d8ae5a3f23d657e778d623db0996ccc,09/05/2002,M,B,3228390016,1CFMD,S
2024_25,b22633b0d8057984e3f6c64bdf2ffb4e910d02f6f66f35e26c773dfde01fc2bb,08/03/2006,M,M,3228410357,1CFSD,D
2024_25,db84996a65a0e1f4fac7a54b2bb9e0afa521fb46b92306afe21ad93cf3fe2269,08/12/1995,H,M,3228413382,1CFSL,S
2024_25,9d8befe021a31ed9d6639e6b6dc77d0541ca338e8e032e9137947eb6e5632efa,18/01/2004,H,M,3228381273,1CFMB,D
2024_25,0833a97135481ef4af1e08c30c54d98ec343c0bc0136c9d24065c47e10569004,17/09/1999,M,M,3162079957,2CFSH,D
2024_25,5a6ac1724a15ff259fa615ad0207558ec1f6297fba3a80d40b9602609b07225d,28/06/2004,H,M,3162077600,2CFSB,D
2024_25,0e309130b0f41d59d5bc4328252b22af752ee70d43ea807b6759712cc1b20b7b,02/03/2004,M,M,3162076035,2CFSJ,D
2024_25,bc0e17439cb12183712a961925ec8b6233332a97eec1c565db576d42b7178668,12/05/1985,H,M,3162079860,1CESCIB,D
2024_25,4f8328fdc1c49fcb856f6919d2475c61393d0ce1cb621f6fdcfd040576a85d1e,04/12/2002,M,M,3162079860,1CESCIB,D
2024_25,1bb2647eebfce61aa6e23588923c342eaaf73cc32107cff35eee00a521aa7e18,08/05/1980,M,M,3228379385,1CFMG,S
2024_25,ba5091dcaeac71b1139535d85e8e637596e7e2498fc2362136d619299ec65a5f,12/08/1987,M,M,3162075411,1CFMI,S
2024_25,e3f656d766afb9250b2347efc38603e560871bc4c9932cf623316ea5152ffd53,07/12/1983,M,M,3162077600,2CFSS,S
2024_25,23179e8a83d1481b7bdb79e7fb341c89d4871694b508b3cd73aa208e375126c9,18/06/1995,M,M,3228413382,1CFSL,S
2024_25,9c0fce6f3681dc9cefff66e8b9d82a0a3350fc714cd310c012786a61646f57c5,24/10/2006,M,M,3228406931,1CFSB,D
2024_25,937ce260bb237b4e537e73234b9478d87629d2ba928d045547a521d755573a09,27/12/1991,M,M,3162079957,2CFSH,D
2024_25,94b64814229cbc45ca4b860620815a9a9d7ede041d271399c5042d558208040b,15/05/2005,M,M,3162075539,2CFSF,D
2024_25,94b64814229cbc45ca4b860620815a9a9d7ede041d271399c5042d558208040b,15/05/2005,M,B,3162075539,,D
2024_25,3893909e394a88f8121f8947ab470175a0e63796a73454effac423372c20e5a9,11/09/2002,H,M,3162077600,2CFSB,D
2024_25,31c07a2d769e10a45f74146640c8b0d7e65f884e135135c822c0a04081716734,15/06/1995,M,M,3162076035,2CFSQ,S
2024_25,d1036442fec01c409251cb6926b1edb8119f6d7158cbff435859b184c09675b8,08/01/2004,M,M,3228410748,1CFSR,D
2024_25,c5238f57525eca4d5f0ab7043788ca8cfd5d660cdbdce50cb98c0413ee104e65,07/07/2006,M,M,3162075418,2CFMF,D
2024_25,f578500808c7a00e39eecf8f330abf651195dd617e56f5f17d11fcc756d327b3,28/03/2002,M,M,3162079957,2CFSH,D
2024_25,841556b45573535d207de38deb5f147cc2c2c84a44b014bf492e71b270c85314,07/08/1987,M,B,3162075411,1CFMF,D
2024_25,b840751d478fd743910a6a99cb3e16e15b45371c18bd008ad506c2e8a8a646f7,18/09/1987,H,M,3162075539,2CFSF,D
2024_25,451fcfb9691652b0cc11cf1978d05b6ac429f6c19a9fb94c69ce0e8c0ca6d249,11/12/2007,H,M,3228390016,1CFMH,D
2024_25,7c18432d7646296f3ce65bb2dbfd6a24451947c3151e93c719b46ffdd0cfd8ca,21/06/2004,H,M,3162079790,2CFSA,D
2024_25,bf8459c330d2304654dc5ec91b0f872c54104ee4fb7688741230caa46ca380e1,06/04/2002,M,M,3162075539,2CFSF,D
2024_25,bea9be527b1b7fbda4923f07edaed2f75276ad1191fbb9e2064c0e22b8905eb0,13/07/2006,M,M,3228406545,1CFSI,D
2024_25,b0bb76a906ee0dc230d42b5868cc8532dfd89dfec4a922ae37ccb2d0d711a964,27/03/2006,H,M,3162079936,2CFMC,D
2024_25,a84d0428ccc0777e601545ffade925613d69928c25ac7139bf1d481fc9eaf5a7,26/05/1986,H,M,3228413382,1CFSL,S
2024_25,85e79c66d16c8b7a6051f1185112751d983beeee956fd2ce83fa0435d1104c6f,17/06/1979,M,M,3228413382,1CFSL,S
2024_25,fe94d3700e66cee13b13461eea5845cdb8ef99c6f2090839bcab76536672a76b,18/03/1975,H,M,3162075418,2CFME,D
2024_25,ec574622bd59e87e3abaaeea5333ee2e9315e5716f14a025f168df8797675f4d,11/10/2004,M,B,3228415772,1CFSO,D
2024_25,4350e22aca365f5ce4c11ca2e7cec534449486aee21dc723aa854281ebc5b0f9,07/12/1967,M,M,3162079713,2CFMD,S
2024_25,5cb8dbe0ac1dec3ddd2f4e2161054f7466a4f1f1770e0f6c23480964fb27f0cc,05/11/2006,M,M,3228415772,1CFSO,D
2024_25,49424631b7f26b490f8077a1e2850265417288b8ea6e2cd2b470095095689954,10/10/2005,M,M,3162075418,2CFMF,D
2024_25,9e71ee072cc4bc867adad3b4c33cceb6f7c24fe1064051438486c673c0583d5a,30/10/1972,H,B,3162079936,2CFMI,S
2024_25,6c6c08962698faf434d13596a2f4fa9b83d0800492f2c7f3d0ab5b67368f3fc7,25/03/2004,H,M,3228413080,1CFSC,D
2024_25,5f6402d3e2979104fb7b30b0db4cf703f06b00b3d3f79ddb798dde656d57395c,31/07/2000,H,M,3228379385,1CFMG,S
2024_25,40df7244c17d1f35ad1bcb47e3820f87226697e8bbd8d79383bc2cfdf77b0ec5,29/03/2004,M,M,3228406931,1CFSB,D
2024_25,363aaf59c562e5edca925d3bbeb7be5709973ca25be74a95730d5408a176e417,30/09/1999,H,M,3228390016,1CFMD,S
2024_25,2b664f97cca92dbbc67f466b4b08422505d9acd9e224f920982bfabfc970642d,16/05/2002,H,B,3228413080,1CFSC,D
2024_25,3a93b69e511d1cf24c270f4070d7f26c3e285e4e273859fd6e5569c7b37886b8,04/06/2002,M,M,3162077600,2CFSB,D
2024_25,b4d9304da78d0cfc97da928a00fd6da1ecaef159446587766846dad9ca73b3f0,08/04/1970,M,B,3162079936,2CFMI,S
2024_25,e9ac2bb33bf5f9f99754660a460d6cdc1ac7721022f786c5edda87ee0a0b2e06,02/05/1995,H,M,3228390016,1CFMD,S
2024_25,6257f24f238f98e74a7b738addd8cb4f1d0c1b2f0567a5db16b5ee8e9fe8d680,26/10/2006,M,B,3228413382,1CFSQ,D
2024_25,15d0565d749450cb0bdd68c517997959e1d6214922b1abd158bea5389041d4cc,30/12/1966,M,B,3228413382,1CFSQ,D
2024_25,b18d0b2c28c9a31872d0ac28830e8244ba185d0b65c5f14c1d824287cb6458e7,10/12/2006,M,M,3162078584,1CFSG,D
2024_25,5f6daa1db1b32279936d20cbc88da1bbf233bb328cb1fddf1319d28ba3da6dcd,04/08/2005,M,M,3162078584,1CFSG,D
2024_25,8908d11d460956485fcf0375005db80ba0af110fd051a7528686323326faf9c6,05/04/2006,M,M,3162075418,2CFMF,D
2024_25,d90287e0307f442426cebed82608144ab0d52c8c7d13203689f72e19e3ff7dc3,06/12/1988,M,M,3162075418,2CFMF,D
2024_25,c7b9e230aa6a79929c8d84c945acee0cabdeefc73fd5513684b11397eced637a,28/11/2003,H,M,3228415772,1CFSO,D
2024_25,fba10b5984d846671d3f6ce3cd2b125890fd7f078e61f82d6efcbf0a770ef4fa,24/10/2000,H,M,3228413382,1CFSL,S
2024_25,b30dab9132c8869b5453f105310b4013b285c7c6876edb3009e6f0b582809bcb,09/06/1993,M,M,3228379385,1CFMG,S
2024_25,427367910346490c9d90cdcb7a094bdb52f59c17ed108d9b70a02bb232d26e56,22/10/1978,M,M,3228404816,1CFST,S
2024_25,683ca749f97537f7b1f2d53011f930435bfe955043f20e43fad3c2e33e7e7bc9,13/08/2002,M,M,3162079790,2CFSP,S
2024_25,95c71423f874647de7b1fa4f647572db9ddc348fd4d59fcdf9510a7118656cc7,04/07/1986,M,M,3162079790,2CFSP,S
2024_25,a61ef75876dd35e3b3c1e4895886e85843646a84a70866a9cfe3ed72308d02f9,16/07/1987,M,M,3162079790,2CFSP,S
2024_25,65927245ebd612213e284e5a9f49e05d369d261c2170faae399b981bda85b634,05/02/1978,M,M,3162076035,2CFSQ,S
2024_25,6e9feb82a36e95f65c02db04b07026cab5ba6e32967f5fe47874688419b09606,08/09/1984,M,M,3162079713,2CFMD,S
2024_25,ff281ebc81154763a2f9be85eb73107aa696d558dd20563def726ce757f35032,06/02/1999,H,M,3162076119,2CFSE,D
2024_25,5a5689badaac595d98d2e5d16368bc8a34a632086848d52fab050511ac1da733,09/08/1997,H,M,3228390016,1CFMD,S
2024_25,3dc9692785218194781964c0974fcc1f1836e2c10b43163e397d96b972710e46,21/11/2004,M,M,3162076035,2CFSJ,D
2024_25,9b5bba959f4148a97cef7db6b47d8b0005c4b2431d53c21492be4c3fa34e83cc,16/08/2005,M,M,3228415772,1CFSS,D
2024_25,1b195ced977aaadf6a9ed46c73b0d403a5c77dc1623bc921c9797abd7d39636b,28/04/1980,H,M,3162075539,2CFSF,D
2024_25,ac78e01ffdd91c50eb0f49d82dcbce9a330ca5fe54bc8c79d0898a819e5c00e6,19/04/2001,H,B,3228413382,1CFSL,S
2024_25,e1b59cc3d5c7d96fca18d00598892e45a80dd79b6a80114568587b04eb87db69,27/12/2006,M,M,3228410748,1CFSR,D
2024_25,83903ef826adea5f2f6f9a9f8fef7125e0331d317d4873572c4dad3485056e47,24/06/1996,H,M,3162077600,2CFSS,S
2024_25,e2fce75594a5a38436db5d31c796399644e5d32cf89a0bf5be2c8f6912e91f29,20/03/2001,M,M,3162079713,2CFMD,S
2024_25,d7b31021fb0f5e12d9ae57cc2d70cf13f57dde50f81b7a4ed3c8f598c55626b4,16/04/2004,H,M,3228413382,1CFSL,S
2024_25,5b3118970c5322195f963c6a61fda5e0a9886d7b632aab4b4bfc4e3fd75c44f7,07/08/2006,H,M,3228390016,1CFMH,D
2024_25,e179147e1e9f1da10690bad75cdd5125980853fc7e17982c06a8267b6fb80907,22/01/2004,M,M,3228410357,1CFSD,D
2024_25,ebeac2230e8325adc1d0d22f0e9ab1f34f11e27903f08b10230c1fb70375ae06,25/07/2005,H,M,3162077488,2CFMB,D
2024_25,3beca415d97ec131dbfe58cf1385051ef098d8339096fdddd5f19d0432a5a3ed,03/06/2005,M,M,3228410357,1CFSD,D
2024_25,f4f6a647f626144044314a4101b8beeac8600537e08407bbe17ea15514ceaeda,22/05/2005,M,M,3228410357,1CFSD,D
2024_25,55d28cef7f2bf8ca567bbe12e527991798dafae748be04611c3fd59bd33d420b,15/05/2006,H,B,3228381273,1CFMB,D
2024_25,55d28cef7f2bf8ca567bbe12e527991798dafae748be04611c3fd59bd33d420b,15/05/2006,H,M,3228381273,1CFMB,D
2024_25,ed7a8afba3b42b34310eb0490f2569a9ccc012d458a59148caae9fa85bbc7f0b,20/04/2005,M,M,3228381273,1CFMB,D
2024_25,b6946ff8d85eee2504e1044d1faa355bd5549eff5f2d318025b581ad6be24ed4,25/07/2006,M,M,3228406545,1CFSI,D
2024_25,12abe2be562bfb3fa4114263e88ddc6659fe9eece5e4a56e5008c36793e1a4c8,11/04/2003,H,M,3162077551,2CFSI,D
2024_25,4ddb6421617be82ec75e3dbeafe9b52ccbe48f20cbb5fdfb8b31ec1eedecf2f0,09/07/1977,H,B,3162079936,2CFMI,S
2024_25,551f9cf1accd04e8f1b0d82346a2554d024a1ce9692cc62edac002e21225ac1c,07/05/2006,H,M,3228406931,1CFSP,S
2024_25,b1da45ca137b661d744f20870e7c8de3a5d9a5cdfc04bc53e0c079a282d15d4d,08/07/2002,H,M,3228410892,1CFSE,D
2024_25,1915452ee704091b5b6b3d1dcca4f67aae2059e4126a7fff35a8320973c46780,23/01/2006,H,M,3228413080,1CFSC,D
2024_25,f1520e95b298e1cc0b3942f1f72175760424a5ea017a91c29ed982bbe1cde3b4,22/05/2006,H,M,3228413080,1CFSC,D
2024_25,cccc7db51b4df292d3e8a6a8b38251f157c570d6550f27cbfc3d9b846988d425,14/08/2006,H,M,3228413080,1CFSC,D
2024_25,a93690df50d8d2e69d1d2d81076dea3a80165cd43a1b171526b4b50e61d3af71,25/06/2006,M,M,3228413080,1CFSC,D
2024_25,18b4aa34646e373e0d227c0db5d8e42992ae5fc0b477267e9f38fc6fa0db5afd,18/12/2006,H,M,3228413080,1CFSC,D
2024_25,271cfad7fb3a993f04b37ecc2bb96ebe9ae78c9cd08862473f9fa82115bb7dc8,03/02/2006,H,B,3228410357,1CFSD,D
2024_25,482ad2af2aa1a8c7050d4eb6971b0db96b9aeefc17d13212fc543ac2e46d2405,28/10/2003,H,M,3228410357,1CFSD,D
2024_25,555a18eb56053d57cd79d35db4decccaa5aa6f83f82f8a903a1aa22320a6484f,28/08/2005,M,M,3228410357,1CFSD,D
2024_25,ee2664b4b60377afd96c1fe25fbb09f981cba04d3b5f15d32470099f8113fb3b,30/12/2006,H,B,3228381273,1CFMB,D
2024_25,dad7e7456ffd0f2223087f7d2361658069049125115d3dd1312de60067468039,18/08/2005,H,B,3228404816,1CFSA,D
2024_25,701f85a2666f7f20918c046d1683f508178c91d254681744fd5536340b0d38d1,12/07/2005,M,M,3228404816,1CFSA,D
2024_25,6db967ccf4d63847f46d6ac8ba779b69d4f4423735e72e482fd3a8c1a6e2a1f7,01/12/2004,H,M,3162079790,2CFSA,D
2024_25,d7a1db98f12867490f7428a57eaa3bff8aa05ed13575db303e87db2c23a759cb,19/06/2004,H,B,3162079860,,D
2024_25,eb5d90b4cfebe46f3efd715a8d3910d95b966a147fa9cce7ee82d10f1c386875,09/03/1995,H,M,3162079860,1CESCIB,D
2024_25,d7a1db98f12867490f7428a57eaa3bff8aa05ed13575db303e87db2c23a759cb,19/06/2004,H,M,3162079860,1CESCIB,D
2024_25,9cf99bf0ae021f43d00a5572bdacf9aad7c1d6d4661960d590d003abce2447b6,26/10/2003,H,M,3162079860,1CESCIB,D
2024_25,09ccf7abebc697a7f643ddebbd17dbe8cdda960ae5e823db4b85a530ebb61b39,11/12/2004,H,M,3162079874,1CESIAB,D
2024_25,3edbc1981b74525144c343c64add58479702eaf2ea21fe9081972a5139798e86,03/04/2004,H,M,3162079874,1CESIAB,D
2024_25,96eed9d1dc68d145cfdb31ffb4d9fa80c0b7c24c9f4fee70a0fa888c25e22831,06/03/2007,H,M,3162079936,2CFMC,D
2024_25,923734fc59e31773419dce762652c2304865f413964f42db75ed7ce791834e0c,10/06/2002,M,M,3162079957,2CFSH,D
2024_25,7283b898d94bcb71dd4883a04bd05fc0a9931b719946ebebbea7b83723773460,09/07/2006,M,M,3228406931,1CFSB,D
2024_25,e7dfa98c27561f9ec8acf3d0590085271233f92b1267839fd2b95b3eaadf4eaa,09/01/1998,H,M,3228406931,1CFSB,D
2024_25,4351560f508fc11659de5ba50352b6b4e517724a7c3a92d0fd9dbfd7280d6598,20/09/2006,M,M,3228406931,1CFSB,D
2024_25,35bd981afa9407ae8bc274a0955391a7a57f30ac357a6b90d04c85cc7b7cd921,10/09/2001,M,M,3228406931,1CFSB,D
2024_25,1db8fb484681e0a441aa19ee6738a4b24972d68a5e0b28d92011791931055e6a,13/06/2004,M,M,3162078584,1CFSG,D
2024_25,77a40e721d5fd2c8501a3e19dbcc3f8d5814a3f5ef0d8b9d0cb65ef94db4296b,27/03/2006,M,M,3162078584,1CFSG,D
2024_25,cbf9d5f0f347bede72636f524c4ac3b5b3def2d6fe54a186807f07644917eb31,18/04/2000,M,M,3162078584,1CFSG,D
2024_25,1fe53b3b9378ac8fb4a9600f09e93007fa4ba0e997f40e6cf954708d2ec20477,27/07/2004,M,M,3162078591,2CFSG,D
2024_25,bda7198980443562c62fcefa272d6670d23945fcdc1977d03b9ab71ce4a7b7ab,01/03/2004,M,M,3162078591,2CFSG,D
2024_25,ae13c0ed50c6a9ffe4246591e07f246368863d9e6f7f220e2de6710a03735dc7,22/03/2005,M,M,3162078591,2CFSG,D
2024_25,35912f8f2ff3925cf6f7f4540af6c828e05c404c33e5de5dc32c816323277d16,27/12/2003,H,M,3162078591,2CFSG,D
2024_25,e1b026f89eb70fdfcbc1a70ae551d09236ed417bedc9067f81ad867c10a6329b,19/12/2005,H,M,3162080071,2CFSC,D
2024_25,f590917bacb3c677961ee4f84458d7334306e12b56b07f917cc31b65dbf2e0e9,09/03/2003,M,M,3162080071,2CFSC,D
2024_25,640d14ebdd190fc9edf3e5aa5b7bc3e24a3980d8437796de39e3e271924b2e89,07/12/2005,M,M,3162080071,2CFSC,D
2024_25,b621f3aaa7fde37bb01e5166377bd5268cde7567f784e861fd577ded02b30e96,10/02/2004,H,M,3162080071,2CFSC,D
2024_25,30f7546d1f580c2b03264c781d691b3c6d3ccb67d26991d2a9da0e9066265097,08/07/2005,H,M,3162080071,2CFSC,D
2024_25,ab070187b1f6a41709cbdd64da8afb9095a2132c635aefc14bb93ea6f1a9ea16,08/05/2004,H,M,3162080071,2CFSC,D
2024_25,7233cd3422cb310670b74e4bd3f11eaadbe4a8ac4c72ad5cbcc5e5c89d9aeb64,07/07/2007,M,M,3162075411,1CFME,D
2024_25,70d43f9b6fdbaf49837f72dd38dbe4f6f9ef1eb8e74c9d84bf96ad37d4ebde5e,22/06/2008,M,M,3162075411,1CFME,D
2024_25,8e03eeee3ae10e0d07fcfbea770f385c4ead084f83f5c06712bfa5bab3b87f7a,11/10/2005,M,M,3162075411,1CFMF,D
2024_25,a0624e75511820adb649d6c7c1d5d7c9ba828cfdcddb5587b3f9eff624ba3097,16/09/2007,M,M,3162075411,1CFMF,D
2024_25,050d18aa8f31625d85c83c9249bf241c358fe14c123cbc8c756e68e8d2626d29,23/01/1971,M,M,3162075418,2CFME,D
2024_25,31a5585fdebc14ebfe5984023be438c08fa6d92f6bc63c161e5200214955f07d,08/02/2002,M,M,3162075418,2CFME,D
2024_25,7732f3076fc49b44e3c7bf12f468cbde26d40e40c048513d722b529bb0984808,28/11/2006,M,M,3162075418,2CFMK,D
2024_25,fc931d164c0ac8cbe6987b412046a96c10b36985b4f2f8c5b8c1c9cf2f0704ba,29/04/2007,M,M,3162075418,2CFME,D
2024_25,841644d844c8e87b64b654ee82e6a2b23abd8e18f01d4486af1d705eedd00a1c,22/11/1979,M,M,3162075418,2CFMK,D
2024_25,fdbc52a86122dbb3c7bcfb523a3567bd8fdb4a443d7114a465f8dcd7931297d0,01/06/1984,M,M,3162075418,2CFMF,D
2024_25,eb8358057a105c248bca34c6631876c979c8683170b462de2c976f8141e07404,13/04/1978,M,M,3162075418,2CFMK,D
2024_25,62a780f802cd2d7385ce8513ce1b5a69190d20916a0ecea148c39948d6d40715,26/04/2006,M,M,3162075418,2CFMF,D
2024_25,f19567d7930f8e39ce45a1d8b87cee8a1266e87f06c5efb0abd64b8434673d0d,12/09/1991,M,M,3162075418,2CFMK,D
2024_25,d87f91b97ce26d33bd30a6fa476a5a1fbfe03d8c6f9c68e47f8ae67a0fee3ab5,11/01/2007,M,M,3162075418,2CFME,D
2024_25,644e33724b708f86fdf0f1c24e628ada7c45e00ef998dc13dd9147f72d47faac,01/07/2005,M,B,3162075539,2CFSF,D
2024_25,4757b5e7bdcffbad40def130492bbaac372896fe3d1f0bab2e23913c3d4a8605,18/07/2003,M,M,3162075539,2CFSK,D
2024_25,80870f25ed90d5823d27d7848e1b9ab75c801520389d6ff4a1d6c48cfd4525fc,23/09/2005,M,M,3162075539,2CFSF,D
2024_25,417990bcd53ad257fbea5a07a254b1b92e61fd9a86e6d24e400d42b9259b82ba,21/08/1994,H,M,3162075539,2CFSF,D
2024_25,d34e796d182a1709226891b921273fdd1aabaa285fb0197ccd1679cf81c684ec,19/05/2005,M,M,3162075539,2CFSF,D
2024_25,a6d91449ce19fdefa764a2ca1b330091e37a585bfa65a08cd298768b45c0e25e,27/02/2007,H,M,3162077488,2CFMB,D
2024_25,40e646a6f47d59edf69e524bacc1ca45f7f85690a8809b6409fd149ea9c87e58,19/02/2006,H,M,3162077488,2CFMB,D
2024_25,4a91a1618e3f1bcedec7f73f2eb4e9a7191ffa6e06e27725019c5b8d51de4677,18/02/2004,M,M,3162077551,2CFSI,D
2024_25,522d0a6922a8ddbe6a5c876fab41b2c0fd188e645a9e7efa95f25f56fd8f3d29,12/12/2002,H,M,3162077551,2CFSI,D
2024_25,08e2a0b853de2e4a126764ab94cf85e5190853cd3dd56189001370833ff4cbc4,18/12/2005,M,M,3162077600,2CFSB,D
2024_25,f6b3421b2f78b6c0431677346116528d8f265d6d66e4aeeead15f65a38a45d28,18/06/2004,M,M,3162077600,2CFSB,D
2024_25,bd5ac8ec96be7d5f20695baf95666ed2cdc14a0423aa0a385ec838f5d8405eee,21/04/2005,M,M,3162077600,2CFSB,D
2024_25,13711a9b4c1feea1b57246802cee5bc204189055b8eaa56840511e31a08250d5,04/08/2003,H,M,3162076035,2CFSJ,D
2024_25,6cb28d47fb42711cf8b5cd11438870cc3efcebb3ee88902b1b24445ee2a0272e,03/02/2002,M,M,3162076098,2CFSD,D
2024_25,f9892383202a1fc0387821aaa846fdf94db722d0ecd7dfd94d4994e48b108407,18/01/2004,H,M,3162076098,2CFSD,D
2024_25,1b97ee4f5a3821140de2e325dfb71f65e74efdb950611a76cd394bd39f4ac902,10/10/2005,M,M,3162076119,2CFSE,D
2024_25,ee87f35829d64d3f5a5aef263175e958edbfe0d0f4b6add104cfe8ea04e2df4d,14/03/2001,M,M,3162076119,2CFSE,D
2024_25,a64fe9ae8d7b5464787bb6e310b678f1013688208a980210492c67808688a5f7,25/04/2001,M,B,3228415772,1CFSS,D
2024_25,d8c9f520e910796788523b36ff465e7d3167a736f96e0b230362aace73941a2e,19/01/1993,H,B,3228415772,,D
2024_25,be9c72347a884f358f08b2f0c6f629479c16c8bdc7b817ef09cfaa9946c1f609,10/02/2005,M,M,3228415772,1CFSO,D
2024_25,7b93ffde8b50bbf7be6884b4dcec62562e1b4194a0d484ca424ccc0d268ad043,13/09/2006,M,M,3228415772,1CFSS,D
2024_25,d8c9f520e910796788523b36ff465e7d3167a736f96e0b230362aace73941a2e,19/01/1993,H,M,3228415772,1CFSO,D
2024_25,d5a7dd69007d7516308fc0a0b7099b5933414942235685c2eb0c1ef241c11216,13/09/1979,M,M,3228415772,1CFSO,D
2024_25,2e266d5ff239c10a1a8b9b5f0d860d9a39c9ebd49de35a4f271a1248c4b14fd7,19/03/2004,H,M,3162079713,2CFMA,D
2024_25,8f3f9b303674c18c555ad45151ab75e63365dca7a93499f9c31f95698ea59d56,03/06/2007,H,M,3162079713,2CFMA,D
2024_25,23bc8fdaa0b1fd1219b32e0e84d55a77e03cb2a0112629c69420a3230945f215,07/05/2006,H,M,3162079713,2CFMA,D
2024_25,8eccad113aa249e1ba8e20c6777f7a3ae8bc6fcea1aca1035c4a5671fb26f1e3,11/07/1998,M,M,3228413382,1CFSL,S
2024_25,b6dfc2999227441303b3c44e2285b01a33bcd4de64dc33170325feaf0714e61b,05/10/1984,M,B,3228404816,1CFST,S
2024_25,c4b7060b030c2d9096c172dfa5c478b6cfff3612a7d0d234b0792e7417e5c8c4,16/02/1980,M,M,3162079790,2CFSP,S
2024_25,0e58c416f658262f480a57ca0b8c9f23b9ea4cda520dfebea688b791c14be938,05/06/1986,M,M,3162079790,2CFSP,S
2024_25,7d1559f4c2420df4d59c7c9b07aa3e15f5af286dafc16fd1c740327fa750027c,29/07/1998,M,M,3162079790,2CFSP,S
2024_25,4eb89aff4bde65af5b756bbec8a821b33a15f8dbb44adff5e537e86dd6d75e94,18/01/1992,M,M,3162079790,2CFSP,S
2024_25,0ad7dde0fa9d91b660a94604bae8f8d412a44152499413f84dc1a9ce5e8ad3c4,30/07/2003,M,M,3162079790,2CFSP,S
2024_25,212e7f6b77ebdaaaaf71c924c3751112ce3409b0fba5052c792ac792615f03ea,04/12/1995,H,B,3162079936,,S
2024_25,6c5c3919bc375ce263a3d652920100bc0ef3399d41938ac4dc84dd6ddfb665db,15/01/1989,H,M,3162079936,2CFMI,S
2024_25,212e7f6b77ebdaaaaf71c924c3751112ce3409b0fba5052c792ac792615f03ea,04/12/1995,H,M,3162079936,2CFMI,S
2024_25,6610d916058289e7cb868decb01bd7a38f29faf16bc3e3776b893d68a1672aa9,03/06/1980,H,M,3162079993,2CFSR,S
2024_25,06791dc0009c7995dd328b0cdc06ff7137c6db7f2377f8de921ed5a3b1b6e1a5,30/05/1971,H,M,3162079993,2CFSR,S
2024_25,d9391cb5bb5374cd1d05a20304a509109d2b159cbef931c00c2e422612c3f83c,03/06/1999,H,M,3162079993,2CFSR,S
2024_25,16ae866f7e0c6db4d26cc790dec9b56fcebadd43afff32d0808c9a1145ed5a22,11/09/1975,M,M,3162079993,2CFSR,S
2024_25,d5aeb0740c8e1d4277a5ff4caa722fcc38fe274d4ed8faca5697f1fd8d69421a,30/03/1988,M,M,3162079993,2CFSR,S
2024_25,aa3091df3455067f102f7a30f0b5531c53e9f506bb762f53943c78ff7f50f51f,01/04/1976,M,M,3162079993,2CFSR,S
2024_25,9daf45873d2d5f4f626425bd5759988cc7df6e9a4ba54a4b3d0bb4d4b33696c3,28/03/1999,H,M,3162079993,2CFSR,S
2024_25,3fdb049a1d121dbfe5a1c38f15ca99c713f06dc8e20b927f618fe395a2daf995,04/02/1998,H,M,3162079993,2CFSR,S
2024_25,59979d7b26349ca04be00e36746b1c019f642827b40788cd559a6f5359f18a66,16/11/1994,M,M,3162079993,2CFSR,S
2024_25,9ca62f452b9717fac6522aadd5552b6a87086312e9b6c37bd868458d39d81c41,01/06/1983,H,M,3162079993,2CFSR,S
2024_25,ee87f35829d64d3f5a5aef263175e958edbfe0d0f4b6add104cfe8ea04e2df4d,14/03/2001,M,M,3228406931,1CFSP,S
2024_25,9bd0369d5c5fcdb8cfcd058d7401f357c527ecc6b55801c08024ada0d8d239a6,18/05/1996,M,M,3228406931,1CFSP,S
2024_25,d6c9fedb8ec215d57732bdfc16d13533d54f3333f021df00cdd3191a4369a16c,03/04/1986,M,M,3228406931,1CFSP,S
2024_25,36cd90d5d5a941d9776d94511883464912f8c90b1e85bcbbe0d718f387b9d075,31/05/1982,M,B,3162075411,1CFMI,S
2024_25,fe52a1ee899053273fdb034b1557ebdc2479ab4d12f38cff3a497404bb588a09,23/04/1974,M,B,3162075411,1CFMI,S
2024_25,cb91b79153ff4de84ee92ca11dde37f634267bedf19dc90e9c05d7ecefa37123,15/01/1992,M,M,3162075411,1CFMI,S
2024_25,d71b9d602219e6670358d233e9478fd47b43b3181efa9da2c6ad352b2b77bb44,09/09/1986,M,M,3162075411,1CFMI,S
2024_25,f198ba363be7c851a03fb54524e6d51b430c17fd65ae1d29350dd2508be882c2,21/02/1967,M,M,3162075411,1CFMI,S
2024_25,743af6beae8a94ec110592b219fe26ca8432d9ddb100915738dc38617356d745,30/05/1983,M,M,3162077600,2CFSS,S
2024_25,87e70ddba003f9035f2f8f2f57498bffb7d2c1527761dd3c69cd4b3d0074bab9,22/06/1983,H,M,3162077600,2CFSS,S
2024_25,4e9126fbac5f44624e772f098db6a7d77a3523adfcfc1fd6e540804186ad9cf6,09/10/2002,H,M,3162076035,2CFSQ,S
2024_25,a023b98cf93d6a313e036d137c60c3ff227c2fb3810510da55a749347a890db3,02/12/1993,M,M,3162076035,2CFSQ,S
2024_25,e43db3c044ab77aebaa04071e4f179955a0e8e62f8bac859df65be294a5c6fa8,07/06/2003,M,M,3228410748,1CFSN,S
2024_25,82144a87c1030f87bbe70ecdb31c09aa670afa7a08eb70463273e5f450294d58,26/02/1986,M,M,3162079713,2CFMD,S
2024_25,2fa03cc928d85d5e86aad469e6b9a644519e16188cf5d4d284a807ec81dde7a5,14/06/2003,M,M,3162077600,2CFSB,D
2024_25,5f0efb3bb07cda9984c52577e42770bc5b86b45f7ce07f2fcb8902bbe48f0533,16/02/1999,M,M,3162079790,2CFSP,S
2024_25,74747ce230305dbeef72ba2d2bc98e74e9436abdb3b40fdb5c1d0f0d7714457a,27/06/2005,H,M,3228413080,1CFSC,D
2024_25,faefc3940058ed484c2135ec9ef99c0ea8c84ba2ec2831450812dda415015ccf,05/07/2004,M,M,3228410357,1CFSD,D
2024_25,67aacf90bd6c997f965d04b5dabfcdf999f5d69df5947f8a77ded0a452551722,27/02/2005,H,M,3162080071,2CFSC,D
2024_25,1b250c8b331fb85fcc0f126824dd304fe8865973d7baa38c8ab1f50988962702,17/03/2006,M,B,3162075411,1CFME,D
2024_25,bb816528a73f6b87f0edc6a461bc1a0e9d5fbdcaf34a86204d8d4a60bc3003e1,29/11/2007,M,M,3162075411,1CFME,D
2024_25,cb78adc663725af4cab172df3b9ca931a7fce785a09f8f6beeb6101d6f8fb922,27/10/1999,M,M,3162077600,2CFSS,S
2024_25,0c82d1b7bb2d719eae7d56062f60e58af95acc9306c2ce5c19a684c6b7421116,18/07/2007,H,M,3228390016,1CFMD,S
2024_25,4ffb08fda9cd4b1d0bbf93d8002f21acf5b8d684c1b1f6b00e854eba0b476585,06/10/2000,M,M,3162075411,1CFMI,S
2024_25,3272e0ba26c370c4425d1c133230690d9ab8636361c7c7138e84b8abfe3bc2a9,03/10/2007,H,M,3228390016,1CFMD,S
2024_25,eae4f911bd7aa2f94bd3285eed5f5c3050724b14c5d4cbedb61d4bf91c100817,01/06/2006,M,B,3228410892,1CFSE,D
2024_25,a16786f726e999c32f3eeb7c8571b768f7cf4527885f12fe1cc04e108b4e4474,21/02/2005,M,M,3228410892,1CFSE,D
2024_25,eae4f911bd7aa2f94bd3285eed5f5c3050724b14c5d4cbedb61d4bf91c100817,01/06/2006,M,M,3228410892,1CFSE,D
2024_25,109e2f4131443cb7c6ed2280187dbbb24a6d42e28648d3beed6c8b15109cd446,12/05/2004,H,M,3228410892,1CFSE,D
2024_25,c1ed81cf3bcd2fd35782f703de3339bc73985beae9dc6f2a9ffd35c5aed397f3,09/11/2005,M,M,3228410892,1CFSE,D
2024_25,e5fa39725e801d6baa9f1ea2cf79e5ba2479424ae73719b1cfa1c05075f7fb14,13/02/1992,M,M,3228410892,1CFSE,D
2024_25,08b8f3ab23205e730331294cdb8ddf0c55f3a3484b6dfffa3d4cc9d8af7c9e8b,20/02/2006,M,M,3228410892,1CFSE,D
2024_25,0ea65640b217a50fa35570e2457ed71c99bdd51077ef6efcdef0f6624754bb44,15/12/2005,H,M,3228410892,1CFSE,D
2024_25,6b0ede0d0b600169c8f6d3c4c052c571f3c113382679d872bcdb5aaf057a445b,26/02/2004,M,M,3228410892,1CFSE,D
2024_25,76d65155e32131fe918a05f2a9d4cc62c868a87ce9e178b4ec650b9299ab935e,29/03/2005,H,M,3228410892,1CFSE,D
2024_25,8e08b0e946644a87a23543f145d8bf031f3f28b35a1e74954fd21df3464bf946,31/01/2000,H,B,3228413080,1CFSC,D
2024_25,1a487e080b7e34f09ed31a18d39ba6a382a8112a21ea90683035a187bf7a85c4,21/06/2006,H,M,3228413080,1CFSC,D
2024_25,34891adaac5a043d44f3d15d546540da0039886c4e4a9657c88ebdbd1fb2c275,12/04/2006,H,M,3228413080,1CFSC,D
2024_25,f6c302768e0468951fe73d905bfa4ed345d8158b6735ac696cdd997dffa0f26a,19/08/2006,H,M,3228413080,1CFSC,D
2024_25,5872c3e58784ceb438cc562ea71874e41536dc38240bd7045fbef87586fae298,23/01/2006,H,M,3228413080,1CFSC,D
2024_25,e0d2bd9058f7d603d6e9c2775650340c6f126ae2fbb6b75ac2c2d08940a9eff9,14/04/2006,H,M,3228413080,1CFSC,D
2024_25,047d440784e11fa29ad2e96d76f3fdb9a2629d7440f44893cca04bfc9807a23e,24/01/2006,H,M,3228413080,1CFSC,D
2024_25,7dcd35216c81d13e79e914b6181c0f7084d693b45ac5fd704dc0c28f02a4291c,04/11/2005,H,M,3228413080,1CFSC,D
2024_25,486a3babd9dfb2bca9d288c58c57225f9296ce86eac7a10abcdf48057c728a96,01/09/2006,H,M,3228413080,1CFSC,D
2024_25,fdec83d934356de77e279025a07ea734bc2d5ae4269315aa4ef56bba6613e1e5,31/07/2006,H,M,3228413080,1CFSC,D
2024_25,3dca1d5c2e19668ebb8647603a0ab65fff7988f0bb37c078d6cbe5e9688b42b6,14/07/2006,H,M,3228413080,1CFSC,D
2024_25,d3f405665eac5f3802415539fa1deabe78f41dce1e5fdb28f34a6f13845ea53f,02/09/2006,H,M,3228413080,1CFSC,D
2024_25,348eda024cfa001cde4a6ee02d96741347277693927793885808c3a1ff13b6dd,24/07/2006,H,M,3228413080,1CFSC,D
2024_25,bebbe6728733d38d65a0d2bf234b8573ea9a2a7b3cb15d4ff31f3251cb00e76a,16/11/2006,H,M,3228413382,1CFSQ,D
2024_25,7fa333ecff9c754014beeea2afb8f3ff300d9e15f6060a6be02955c94216e4c0,27/09/2005,H,M,3228413382,1CFSQ,D
2024_25,5e40c103b2933fdc8aa8c99a1ebd3e2da981a70c64788bd3c81a5ea42eb154f7,17/07/2004,H,M,3228413382,1CFSQ,D
2024_25,ff28efbf05517539507a63494d128f20d746c5353d6bdb0abc951b0d7c259521,26/01/1998,H,M,3228413382,1CFSQ,D
2024_25,ee29b13c0682d2c9d4550e33452944e6982b8e8198b2841e1fa30164a1b9ec71,13/02/2006,H,M,3228413382,1CFSQ,D
2024_25,56123c5daf65aff67ba55ae7d2bb9a58bddfb5a0e0e07b1fed49efdfcf208a75,16/01/2005,H,M,3228413382,1CFSQ,D
2024_25,eb8ef6a3581b0aeee9ca131ba8551842301a79ed9c465df132f1e33e8e2344c9,14/11/2003,H,M,3228413382,1CFSQ,D
2024_25,72136e99de43f1522b65fb25c40b9febef237c253d7c9822c3abd4417da02638,15/07/2006,H,M,3228413382,1CFSQ,D
2024_25,bdfb2d3f06a43a86401824ba6d87e4be999170c50364f06ba0a5a7ea8f910f3c,22/07/2004,H,M,3228413382,1CFSQ,D
2024_25,b5199a49b597efc5d445ecac778e7ebb6dbd0f6a37e5fb6e47d8e59b4bbb5dbf,20/02/2006,H,M,3228413382,1CFSQ,D
2024_25,fbfbe620a8c50c0bc4429c8c551777c8e8e99a1d69981d4240195ce9da3f878b,27/06/2006,H,M,3228413382,1CFSQ,D
2024_25,0f0e267f4a27b75b87cad6c03403a0306e712c168d4122c8f81df5ecf1f1fcfa,29/12/2006,M,M,3228413382,1CFSQ,D
2024_25,e3f55fc31ce2712635ef445b4be7f353b8a183b48ccc80638dae2ee349852a82,24/02/2006,M,M,3228413382,1CFSQ,D
2024_25,411ed29ce82c50a407b536c0cd30217a7ffdf8e258cca9c5adc38081d5b908be,24/12/2006,H,M,3228413382,1CFSQ,D
2024_25,336869d5e562b49cf02518e0800cb658d19a9c575633794e430bbf954f943a6c,27/03/2006,H,M,3228413382,1CFSQ,D
2024_25,8c45e83ef8fa9c59758b5abffefbd112235630e6fcbcf58bd6b09c2efdaedf65,06/08/2003,H,B,3228410357,1CFSD,D
2024_25,fed2882c752dc79e46f6bae4a73bd90bb642271690782e85f2003276e07296fd,09/12/2006,M,B,3228410357,1CFSD,D
2024_25,3931b11d1fdce8e73f0dadf0b071801c1095624b76dfedee6db06ba6c58fed6b,18/11/2005,M,B,3228410357,1CFSD,D
2024_25,8a0a44ffb2baf1c087924d37d0a767c7ba9ada2bf745620fcf98484b37216bae,12/07/2002,M,M,3228410357,1CFSD,D
2024_25,3bb91f2d1c74f2d8bf89d734ec8f6884aab423a161e398a553e0809b0bddbc8d,20/09/2005,M,M,3228410357,1CFSD,D
2024_25,3e0cfb63a0f2284de35bca6fb6f60faf4c1539090dc5bd78f2a7826806b04ec0,04/09/1999,M,M,3228410357,1CFSD,D
2024_25,acf7ac0981ae9815fff3fb4a9202a4921d21d1975a6eb94f4978ebc9c17493f8,17/03/2005,M,M,3228410357,1CFSD,D
2024_25,3b1455c37be7ad0cbba16c0a68a84c732314dcd193bc4c290c72d3a53dbfa370,15/07/2004,M,M,3228410357,1CFSD,D
2024_25,66eedee21f82a34060ae90994886def7ed10f96e2847bfe2bf1c8e563fd69849,08/08/2006,H,M,3228410357,1CFSD,D
2024_25,4be6fceacd848015b94864995fe0e2b9f2fdf6bbe183ca66d9d23d607b03ecff,09/01/2004,M,M,3228410357,1CFSD,D
2024_25,fb19dd63cdbf7e4f2b2732ae5751307961889bbd622931270e74e331a78cf347,05/06/2007,M,B,3228379385,1CFMA,D
2024_25,2bed8b63d7fc93d4354293e63f943b3d3ffdaa368162ed737662782454b565bf,20/04/2007,M,M,3228379385,1CFMA,D
2024_25,77952da7dfbc104e59c48b90503f35af9294a28d9cfa4f2bca5ed7eda5654ee5,28/01/2008,H,M,3228379385,1CFMA,D
2024_25,2e66a6f71652815fe5a551e62767c77769ebdfc8e978525ae9c8055e6326a7f2,24/11/2008,M,M,3228379385,1CFMA,D
2024_25,72b104dd5719c53f8579320c4d908b5b707a00397e5c6e11d246c9c8aca973cf,13/02/2008,M,M,3228379385,1CFMA,D
2024_25,07503cfa68ced971a764825e66979cae15cd24caad7f78094fb5d7e81656a3c0,21/10/2006,H,M,3228379385,1CFMA,D
2024_25,cd9202b902344af3cd5daba1a6e1e37eef41360625e68f20131a8f2d1243bd3a,29/06/2006,H,M,3228379385,1CFMA,D
2024_25,e6ae06c29ed7d8620e65b63d5e16c81363af9df3264a77d5a23cdb3eb5f9bed4,30/11/2007,M,M,3228379385,1CFMA,D
2024_25,e15dd3a5d2d0b462ce364b56a404a95933cc3e99a6c10f245e3bec48956da069,11/05/2007,H,M,3228379385,1CFMA,D
2024_25,a42315ece951a5f0d39bcfb3425f7e8c23b48f8671883926e49f3dcb93789d9e,26/04/2006,H,M,3228379385,1CFMA,D
2024_25,4f51007c14551241733c4d6bd7d10aa1224f9da82b5347aae91b41754641f589,04/01/2008,M,M,3228379385,1CFMA,D
2024_25,2fd2849e253ffeb93882260f25dff541d5f5050507f5d467d6a8aeff756aaa4c,05/11/2007,H,M,3228379385,1CFMA,D
2024_25,b39d3e2225b94e54b2c7b93c071ae0b0e318488da8e38a37001fb5f90221cc57,03/04/2008,M,M,3228379385,1CFMA,D
2024_25,12c88ccd3604c160e06b29326cd06a27f76e3d6434bdf6dea1d9ab2c9a54513a,17/08/2007,M,M,3228379385,1CFMA,D
2024_25,85637b5b384a6209622bef2375ad3c31cdc94868b271d2912ecb248c28bcee6e,10/01/2007,H,M,3228379385,1CFMA,D
2024_25,0e3f65fdb6c703e0ea8a9e1261a4fbef2d36e64183ee3af36786efbb6bcd4b59,01/10/2006,M,M,3228379385,1CFMA,D
2024_25,38e75f70c8cfb37616f566aa5b06524ce35ae0d2a881f05bc2bda34de5d9f69d,09/07/2007,M,M,3228379385,1CFMA,D
2024_25,16a98646b82b2dbd549249b157b770cb209a408ef0a4d03f22a48752b4fc7816,14/04/2008,H,M,3228379385,1CFMA,D
2024_25,613b7d5c2a37c56e7764e7423d73381c43e4a53da28c97e7f192add8001b5e8a,21/08/2007,M,M,3228379385,1CFMA,D
2024_25,3916a95e9b42559199ee70f312d15b06adbe5fb1f6fe5222b21994bc64b35966,14/01/2008,H,M,3228379385,1CFMA,D
2024_25,a009548ef1cd4aefa8762d14f3e43d928affd242163f9f3fbfc2ca7f94d7c430,24/10/2008,M,M,3228379385,1CFMA,D
2024_25,c1cb32b4131ca04b24d6978afba8257dbdcaeaa44bacac476447b76bedb2e2c8,09/05/2008,M,M,3228379385,1CFMA,D
2024_25,ca1579a74ba41318a9aeb7cd2a202d943c235e651f65d5f7daea52feef9649b3,03/07/1993,H,B,3228381273,1CFMB,D
2024_25,77078383a54567fb14692d48a1422ddc045a2d837484275d1898ea19d3113302,23/02/2007,H,B,3228381273,1CFMB,D
2024_25,49deda7d72088471b93d259db3a37ce445ff1b8e5a7d364d9a768159315ee999,27/09/2002,M,B,3228381273,1CFMB,D
2024_25,0360b2b04bf29fd28b298b0598c2aa0afb2fa0c181aa665d31595a0fdbdcc0e0,05/02/2008,M,M,3228381273,1CFMB,D
2024_25,d60de4e7f6ec070a8f0babd0fad03e38b67aaa68a1710e9bdad7bd611bbd943e,13/04/2006,H,M,3228381273,1CFMB,D
2024_25,7b9e0f274b0f9d4241a20cdb01cc52ffe9042b1646224e2c922517f7b8e20f79,21/12/2007,H,M,3228381273,1CFMB,D
2024_25,1d74bb939aafc1f226d23d9f80169b2b041b259d52826203031cd26bfd8bebe9,04/01/2007,M,M,3228381273,1CFMB,D
2024_25,6e8a2bf0a06ba8011fb9654d9e95ab9f4bedc01519a234d06a5b692f31023915,28/12/2007,H,M,3228381273,1CFMB,D
2024_25,7b54d0e651f21ab14549c85c5d4cdf08127c01ab10b6cb68adb593029ee4a9d3,05/09/2007,H,M,3228381273,1CFMB,D
2024_25,c9ef752d08cc60dce5011bbde18c7ff045ab7c63736b8ce9ffbbfa6c568e0e51,22/03/2007,H,M,3228381273,1CFMB,D
2024_25,083403937763efa0bf3730e3765044e41a6b8d2da7c174a6dcece6983ba2277f,16/04/2007,M,M,3228381273,1CFMB,D
2024_25,c3f586139b4b3d972d92987178718a8c0ab01ef8e182622a8b1cdcafe1750d21,21/07/2008,H,M,3228381273,1CFMB,D
2024_25,5a20d99f4cb386d65b691094e8afe9b6916a6d05c4e97da831faf7497f6d84ea,09/11/2007,M,M,3228381273,1CFMB,D
2024_25,d132915c261a277711c823ee394868eff73ea7e3b7212aadf7e66da8d9e04c10,15/12/2006,H,M,3228381273,1CFMB,D
2024_25,5c776c52f2ad140614ec800e3fa5de188a5606700c15cdc0a08bba66a48a17cc,07/10/2008,H,M,3228381273,1CFMB,D
2024_25,776d572764ff42c9157da1eb15e1df4ea0d1f080a43d821bd85c4a456b2ae47f,10/09/2008,M,M,3228381273,1CFMB,D
2024_25,899e0b5b29f91f746a33a767ad5dcd691bd80b13dad5794b5bc8bc86ed81c895,29/12/2004,H,B,3228406545,1CFSI,D
2024_25,748036f9245340141bba826bdba423f0060c16c47a915adc57c24e049748bcab,24/07/1999,H,B,3228406545,1CFSI,D
2024_25,2867126a6247e3d096289dfce8876bf5da64c50ecc7e17b582743249b56c38ee,09/03/2006,M,M,3228406545,1CFSI,D
2024_25,5b5cd6628a5df94dc6e6d234569b4784a6e50d587257a845dcc1841b6bc03e83,21/11/2004,M,M,3228406545,1CFSI,D
2024_25,d99696ac7399f9b7c7d23393943d9c321015b9b768cc1bd628dceb80aad5221d,26/07/2006,H,M,3228406545,1CFSI,D
2024_25,bed77cf24823a5b75d91cbd87ee22d08b49a0907ce0b687087efe731c8fc6c2b,09/07/2004,H,M,3228406545,1CFSI,D
2024_25,8604e649b4230808cacc32cc8cc9b7b57d52446ff659e100169b13d1a500f5bb,01/06/2006,H,M,3228406545,1CFSI,D
2024_25,3ae9d97203f88974017c552415e332e27fd6c38164512fe0abb07bcb40eb0c6c,04/06/2002,M,M,3228406545,1CFSI,D
2024_25,9a8471941da89d5dec0c266bcc2b34e7fa18a5ff850beb3c4515356ace7a00e2,17/02/2001,H,M,3228406545,1CFSI,D
2024_25,e6388bf6df50cc83d15525c7b8d9b0b169927ca47da3306cbb5f331f9529a460,22/12/2006,H,M,3228406545,1CFSI,D
2024_25,77e403a6901bc2fc86de730faec36f305ace8095795f811af5ca544611b29d3b,17/05/2005,H,M,3228406545,1CFSI,D
2024_25,4b1f4157d94a8428e3c2239db5596635e28c864de1461cdb75ed48981a0538aa,20/12/2005,H,M,3228406545,1CFSI,D
2024_25,af13b1e047cc871852ff8c50af4ec5448ebf57eb43ab0a5f946dd4bb22d2246a,10/10/2005,H,M,3228406545,1CFSI,D
2024_25,90e11333d1fc18cd172687c94dbf8b530e5d4653baefc95838598781c89df0cd,23/07/2005,M,M,3228406545,1CFSI,D
2024_25,63842966e35c3f4db9b0fd4c6a5ba7437843ca51d56945ef10d341699f621bfd,21/10/2005,H,B,3228404816,1CFSA,D
2024_25,017998a269579356ae7c655300966870dc2a6637bbb49df1949a246955a58c12,30/01/2002,M,B,3228404816,1CFSA,D
2024_25,0cf9870fe9fd232ac1e27611a8a4ec5c9cb4dbb87dbdf318aa9859cb88f3ac3d,01/12/2005,H,B,3228404816,1CFSA,D
2024_25,dc93dfb5a07fda1fbac7e3234b177154239f1b9a8217682337b1e493ae53a436,03/02/2006,H,B,3228404816,1CFSA,D
2024_25,33080c2143f96f4f9f6d0f176ef6d1d87a3c61b0cbb6ceb05d67d3cbfce0671a,24/03/2006,M,M,3228404816,1CFSA,D
2024_25,9b4203abce2e19bec55c83f8c1e84d1ba0ae742e8ebc17190a0e27b8faab512d,11/08/2005,H,M,3228404816,1CFSA,D
2024_25,2012af3d9f00b60bfe2d9bab1d99339d1f5c96656f2243a15c2a16fd6c93d2c2,07/07/2005,M,M,3228404816,1CFSA,D
2024_25,f3a6a572aa8dfd5d12682e0bdf14c7bcb46b45000c806e7765067e9bcc4fbf64,12/07/2001,M,M,3228404816,1CFSA,D
2024_25,a87559877bb04d535bdb35adfbc31ba61dafe1d317623db6107544a20fd39369,19/12/1973,H,M,3228404816,1CFSA,D
2024_25,b62e2f0d9a44280c59ea52b9f938ef252ff323f431ade972979add08b0b783c4,14/04/2002,M,M,3228404816,1CFSA,D
2024_25,e33706626d3e37c5c20e9f08e01388fdbf20f89aeb32b784039f9d3b788de7d9,18/09/2006,M,M,3228404816,1CFSA,D
2024_25,46ac30514bdb0b402d69df73aa8ed80ab47502f9256e303177696d988e40ee14,03/11/2005,H,M,3228404816,1CFSA,D
2024_25,a93c361f43102379e16c7e4e48c0e7cc3863a05b2e58f0592632b5791da0bf6e,24/07/2005,H,M,3228404816,1CFSA,D
2024_25,dbde61117f82c3f18ba4229558f81c8ae2d36e4ae4ee771d798606cce794fcfc,02/04/2006,M,M,3228404816,1CFSA,D
2024_25,5f1fc32d6bf54a01dde61ab010daf07ed029afca5be0daca90eb4d9fa3c9475e,05/05/2005,H,M,3228404816,1CFSA,D
2024_25,4d933911ec67fab83b1ff1b5dadac814e1ae898a283e160cc491fbd342971b45,23/05/2005,H,M,3228404816,1CFSA,D
2024_25,93206ed8b3d8c6b7197f92294c4a77dc2d8b59e9ca0519c5bee22886cda7d724,28/12/2005,M,M,3228404816,1CFSA,D
2024_25,4432d120bcfaec86e2c4f8b58860122c3892c5d3bbeb68b6816e87afb1750aba,04/04/2006,H,M,3228404816,1CFSA,D
2024_25,dc93dfb5a07fda1fbac7e3234b177154239f1b9a8217682337b1e493ae53a436,03/02/2006,H,M,3228404816,1CFSA,D
2024_25,0cf9870fe9fd232ac1e27611a8a4ec5c9cb4dbb87dbdf318aa9859cb88f3ac3d,01/12/2005,H,M,3228404816,1CFSA,D
2024_25,2ef5f3dc4d9e9b198f70769a417efae3d20bd86a1612e14c99018c61f1d02b4d,03/11/2005,M,M,3228404816,1CFSA,D
2024_25,481193c0cac9e7f467bbffa32e747e54648f49e3cf149f1c5f4aa8a3d59e822a,03/09/2001,M,B,3162079790,2CFSA,D
2024_25,ec2c9df4e665df2680106806f2032064aa5980b00dd4805b41d6d788fcaff9cc,14/11/2005,M,M,3162079790,2CFSA,D
2024_25,b4f14769ccbe36aba43dd5150fbb31b26d429d379c51b2a031cdfa6816be3e99,01/08/2005,M,M,3162079790,2CFSA,D
2024_25,adc2d8d876fa3d3cb555b28a27ce6a84c242d97caca070608e085090f1724802,29/03/2004,H,M,3162079790,2CFSA,D
2024_25,a7f1ca6e696214baf549bf01c5606e17c7f3cbe2aaddc6e2554784b083f36e32,12/04/1999,H,M,3162079790,2CFSA,D
2024_25,0f4f791e8dbf3527e006a1089fa96a51300c7f04b7476c1104a1be855537b030,08/12/2002,H,M,3162079790,2CFSA,D
2024_25,90cfef8ceccf2ec05d472d5a5247d9d95ede18e1aef601ccbf567e758b465db1,24/11/2005,M,M,3162079790,2CFSA,D
2024_25,798479c21e4b5a3a6ac9752642715a11b900a085c629c9e9e590cf4f5a286d90,12/09/2005,M,M,3162079790,2CFSA,D
2024_25,ddabdfc9538f446b65addb73825ce399e17d84926caabb17c5c85a96998ae0e2,04/08/2004,H,M,3162079790,2CFSA,D
2024_25,b4767c481b0a07d202658d3bd9f50f0876963a0b780306cf83a42a6b365653ef,31/01/2002,H,M,3162079790,2CFSA,D
2024_25,22dd2a044936181509400f8ea3f626484c1acbaa49039c7f6e2423c8c32361d3,13/04/2004,M,M,3162079790,2CFSA,D
2024_25,4ebd08bc0bb4acdb803d80081879d775db37cecad60822c4e65ff5e154d7990f,25/04/2005,M,M,3162079790,2CFSA,D
2024_25,bdcacc2b6dc507f70d65ca2aa7309262ba2335ec29ff616a3f83610a4142b8cc,14/11/2003,H,M,3162079790,2CFSA,D
2024_25,ed545bb7d3c2b0197c1456896250f90c7f36fdfa1232289e73be282514c4b1a6,14/05/1990,M,M,3162079790,2CFSA,D
2024_25,cc7706b34384d0dc2c1c55aa253550cfb9884d5798d9437e41c7be262e6cacca,06/11/2005,M,M,3162079790,2CFSA,D
2024_25,ffe02fc0739b11cbc9c36637f4a496d039c2d80933e17fce90bb0e94fcf059bf,19/07/2004,H,M,3162079860,1CESCIB,D
2024_25,2e14571b0223c4da388a4e52e2c8c42d54eef0df99cd42a6ccbe87b1d45b53dd,03/03/2004,H,M,3162079860,1CESCIB,D
2024_25,5575d29d83d42f6f8922bf69b36346e321d08a1ad54b3deb5ee8b617c8562e70,05/02/2001,H,M,3162079860,1CESCIB,D
2024_25,7dee2781865010ab6a00aea17782f6a0e92164ec701d121d6ffc1bcb2f368911,03/08/1989,H,M,3162079860,1CESCIB,D
2024_25,381ad52f365a17ca472240dc29ce7a7c94eefade01f64884dd281b2fe92aa47d,21/09/2002,H,M,3162079860,1CESCIB,D
2024_25,36c7478a01059d22fd6e19f1644f6908aea12936eb09f68f1b1261731f6866c3,29/10/2004,H,M,3162079860,1CESCIB,D
2024_25,9665e6da4dbd32a9c9e9d78d548c3ee375e57f9e1f4c5ff2b5fb87ee004fe7ba,18/11/2004,H,M,3162079860,1CESCIB,D
2024_25,90c65443dfe5000a5f5c77668c4ef8f08a368d4757bfa7a8cfb996032faea973,27/10/2004,H,M,3162079860,1CESCIB,D
2024_25,13c1039950ef31057efa6868d7802c50b813251c8f9bbe6155b323a319559174,19/03/2003,H,M,3162079860,1CESCIB,D
2024_25,50119b283d6b38d436e46021db7fa744163b54ec677112d13c3fd055ab3ee642,08/06/1978,H,M,3162079860,1CESCIB,D
2024_25,ed37081b3bee7510ab58e82b0ffb341bc8d8ba8cfe6b68ba06b87f9487d0606f,27/02/2003,H,M,3162079860,1CESCIB,D
2024_25,2202232eb1543a4fb338c9a90e153a69bc0491ea1ace11c70cfa7363209544c4,05/12/2003,H,B,3162079874,1CESIAB,D
2024_25,b6ba2848d91e76cc6eac6a1dfabb26b3641f4cece74912a4431e32fa92b7646b,29/03/1999,H,B,3162079874,1CESIAB,D
2024_25,afd3d12bd9a28e3a0709ab180a3159facf8f1a783fdacf0bb578b3ac7ee43977,15/06/1996,M,B,3162079874,1CESIAB,D
2024_25,c0b89d1617949ec47e4793c7789386f5cb7e9eb27e23b8220b9be2e517f92a47,27/03/2001,H,B,3162079874,1CESIAB,D
2024_25,c1f6983ee7130574decb836feac9e2aabd6330b180bc6c71b09c146e9153f42f,19/11/2003,H,M,3162079874,1CESIAB,D
2024_25,27e9e7cf62529b84cdfb05a3b42da9528cf5abe293752600658cbaa107892342,17/03/1999,H,M,3162079874,1CESIAB,D
2024_25,bf14b8b5a0afe61b0d2de19b9c09f67be5f1498bbd916842550c55f68c187638,24/11/2004,H,M,3162079874,1CESIAB,D
2024_25,120093fe15ba05bcf86e16fc3e7aa89bba3d760814e0e3467f480f9719ac192b,27/03/2002,H,M,3162079874,1CESIAB,D
2024_25,4b629cd5d5727fad7930ef54295cfaaece2a4602a761488f7f286f8f474d3bdc,19/10/2004,H,M,3162079874,1CESIAB,D
2024_25,ba28054d07ed1d9d8ac47e68c9aae50fd39ad2376137d08d0c8263d9ff8bbc0b,30/11/2001,M,M,3162079874,1CESIAB,D
2024_25,38d313f8bf34045f6bcbda0bb4d4d31134a7197654ca7d11fe436a9480c95cdb,17/02/1999,M,M,3162079874,1CESIAB,D
2024_25,072d3f5c0420740383a72feb2fff23843eec5b3f5b89b76eaeb190657bac237e,03/02/2004,H,M,3162079874,1CESIAB,D
2024_25,1d74ae098d851f9a27f9a698f3b17b87ceeaa4b6b7cf61f39c63b19c557fef59,09/04/1997,H,M,3162079874,1CESIAB,D
2024_25,ca2a57fcbe9ae81ca60af1c60a61e79fa7f967b2582a217655edade20f281583,31/07/1982,H,M,3162079874,1CESIAB,D
2024_25,ab2fc42ab99c27d61a073bf9ee9349b38e3b1307ab08e35b1b217fb1535db849,16/10/2002,H,M,3162079874,1CESIAB,D
2024_25,03928a792f14d8ec0950b94433a5b12f4f4f82eea389ebf6d6825aed1046d8f0,03/11/1999,H,M,3162079874,1CESIAB,D
2024_25,1a1bb97dbac48ce16c1d1a37b4983f02b0209a3bbd3b0afdba89c813ca37307c,22/11/1997,H,M,3162079874,1CESIAB,D
2024_25,7d83f3e481f2bb61f274706a00ffca091c8d7978eccc1920ae4b81f3dd923c9e,07/03/2003,H,B,3162079929,,D
2024_25,36609aef4e3365e525f60e03085709425ac73d55cf7e05a42254a739d704896f,18/10/2007,H,M,3162079936,2CFMC,D
2024_25,24a452b14b11086e4a25a8ebd5c722cae9b4badf8934f426904e2035f52b1a02,25/08/2007,H,M,3162079936,2CFMC,D
2024_25,0fc39efaee8a2b371ffe60942f1f2249f7a85f617d3588228f473dd386b1ec72,16/01/2007,H,M,3162079936,2CFMC,D
2024_25,c7ea8347822517daf10bef47363e83b60f2d6fe85c91fdc3e47d5a3170ec2cd3,21/06/2005,H,M,3162079936,2CFMC,D
2024_25,6b0232da83e26d978e5b2adb3aa434fc5838823c09091a38712088665aa71460,06/02/2007,M,M,3162079936,2CFMC,D
2024_25,498a62b2e7414df339700a25013a0032f468787604e37c83701fa7a565a385b0,18/08/2007,H,M,3162079936,2CFMC,D
2024_25,3a7c32f9a4b561384d49def656e3661f7994fa7c994b3b80bf0ebce13b0f616a,25/07/2007,H,M,3162079936,2CFMC,D
2024_25,f2bbc66bbf9f37f06cc3dfe420671c7df8704372f850dd94d6bdd6dbf498aaaa,22/07/2007,H,M,3162079936,2CFMC,D
2024_25,1033e6e03758a94052ddc65e45ccd53f741c5bc4f0abb27b51723f075c7231f5,01/12/2006,H,M,3162079936,2CFMC,D
2024_25,371d57f65d21544c1eacd29a3bfce03c28ff70f4d2f4dd551f4e35a4a4a2f39d,20/10/2007,M,M,3162079936,2CFMC,D
2024_25,ecb509a93a55908fd5ad172d12515d2037775dcee18f46b7ed64456d64b4311c,12/01/2005,H,M,3162079936,2CFMC,D
2024_25,5132140f311395bb90c39a96567a53962f24db07e6ddbbd9cc8eb114e9ce516c,16/08/2007,H,M,3162079936,2CFMC,D
2024_25,d6f787d1809be8db3ca2b5f8f5a85d6c10fbb6ad210fddfb87222c3655637d40,09/12/2003,H,M,3162079957,2CFSH,D
2024_25,5bd58e6956b3d1cdad9e16bd1cded9502b8714e3ddd29e28adc4420b6d2b0c63,15/11/2004,H,M,3162079957,2CFSH,D
2024_25,9b559bb0165ecbb79958be25812c956bb76ac708101634316a2142b836537b42,16/06/1991,H,M,3162079957,2CFSH,D
2024_25,6236a1f1c6c462a07922d4500d5f800b8146f78108f30e523502d18a0e32ad9a,27/09/2005,H,M,3162079957,2CFSH,D
2024_25,a05f8c1a53f8157b1f02ae16895fb09d99e2c0fc34834dd2dbcdddd4bf03f34e,19/11/2005,M,M,3162079957,2CFSH,D
2024_25,b49582adb5147c7460e7a524acf9000893cafa465945c44d137d6ca8a67bb08b,09/08/2005,H,M,3162079957,2CFSH,D
2024_25,4a49c43762a01b9b15de77c4c1fb02996fff5d9f9d0fdd69cfac3064850c9873,18/09/2005,H,M,3162079957,2CFSH,D
2024_25,d6aabfadc9921119214b099ef1f1aedc00a2390a2139f7db5d17780258058c28,29/06/2001,H,M,3162079957,2CFSH,D
2024_25,33270c3e21a19fac50abe9f63613cd8a85bc95d9c08069774c039a40407301df,28/02/1983,H,M,3162079957,2CFSH,D
2024_25,71dbef6e1065e263c5c597fd760d46db69cd2e9f273ee0cff0e6ee2f71dd171d,12/12/2005,H,M,3162079957,2CFSH,D
2024_25,3442a8b6aa8181aea21a377aaec4f023b805910bf87744db364d06406213ce2d,04/07/2004,H,M,3162079957,2CFSH,D
2024_25,5bfc8fc95dbb4e58f35d7827c078119db170652fa7b16e510ef30185f72fc283,16/10/2000,M,B,3162079965,1CFSQ,D
2024_25,80c4bcebd42aa37b74f47eebb650b12d42d221ddafc5d87d08b32a1af501b227,31/07/2003,M,B,3228406931,1CFSB,D
2024_25,87bc6fbb80b86c6a17769cabe57bdd573a67d18216414c203b43fbfa7675d8bb,26/08/2001,M,B,3228406931,1CFSB,D
2024_25,b9ad62008a594b5be34b7b32ab9199f1a295c71dd52f236b0f3598731e731e6c,31/12/2006,M,B,3228406931,1CFSB,D
2024_25,4d204e60470d5745757c8ab5cafe9a98db40cf0a77d53be827b92adc4639c0ad,20/12/2005,M,M,3228406931,1CFSB,D
2024_25,68cc2a6cb894b5bb2ee0d777e180b0d5d23c28823fc60c953aaea7f1983a43b7,11/08/2005,H,M,3228406931,1CFSB,D
2024_25,7e95db372fc0c37c10ef4dd85070d24ff8731cc0f2de155c73b66d47ad38a1af,27/01/2006,M,M,3228406931,1CFSB,D
2024_25,6c6277232e2cc6ec6dcbc11a604eee0f707d2720ff98e52a6b83033f3a50af33,27/12/2006,H,M,3228406931,1CFSB,D
2024_25,53844a0401518f4786913feb68c71d156d8f4fcbf6b1030a97d73a6e86aa41af,31/05/2006,H,M,3228406931,1CFSB,D
2024_25,34a85fa256424c26834edefed25024b96dcf5af2e040dd4ea080cad20a31d45a,17/03/2004,M,M,3228406931,1CFSB,D
2024_25,4fa33e61b4eb9ed69b12f6adcd6110318f36a4d30781964c40d42a086c3ab0cb,09/11/2006,M,M,3228406931,1CFSB,D
2024_25,63b2019f4a54cf6a7ebd381d87fc6396900b930a788c622ba2966ab9a8b0f87d,08/05/2005,H,M,3228406931,1CFSB,D
2024_25,799798f993c4f212a337dbf6c94fe05f7b9150de73eaf1019095a86fa76c5330,12/08/2005,M,M,3228406931,1CFSB,D
2024_25,80898bbf3c16081e89b78ffee53f978b5595d335fe9470dd35aa11379763ac28,24/09/2004,M,M,3228406931,1CFSB,D
2024_25,fd877dc1c7b93c8c06a462d2eff37378191c79b52a50cfc0cec21d0c4d29b22c,28/02/2005,M,M,3228406931,1CFSB,D
2024_25,87bc6fbb80b86c6a17769cabe57bdd573a67d18216414c203b43fbfa7675d8bb,26/08/2001,M,B,3162078584,1CFSG,D
2024_25,e219060dea4bd4b9a055e22cb5ba094e7cb3d66cf24ffa6735b2aa503083bb3e,01/09/2004,M,B,3162078584,1CFSG,D
2024_25,997be52cd9996571d9aef79579ceb7631a1870737e42299c696555318de9977a,28/11/2003,M,B,3162078584,1CFSG,D
2024_25,0d2e1fb0ff5d9601e51052b895c3963a0bc1b36e6f8c9bba6121881f7556a05b,28/07/2006,H,M,3162078584,1CFSG,D
2024_25,b80adf6418b64e37d4b547b0c6fb8aad9d6aa232516bf63bc9d07558c142232a,31/03/2006,M,M,3162078584,1CFSG,D
2024_25,50bc2ab59a2cb5b40f0f12fc4823dba18fcd0b829f288c998980123e22d8089f,12/08/2003,M,M,3162078584,1CFSG,D
2024_25,a34055c3a568b071a92fb858dc09cd09c5aea1b1b05065076384d42b3c1a7bb2,06/08/2006,M,M,3162078584,1CFSG,D
2024_25,ee533db89a9236b29dce215fedd76a086d678de79b352d17a534c894de8f4e11,28/04/2005,M,M,3162078584,1CFSG,D
2024_25,62c365e91ac32dbaa00ff9888d4173ecb376fb5de7d6ff959fedf49e62f646b5,17/11/2006,M,M,3162078584,1CFSG,D
2024_25,31f6368d845d2b9908537c1685f6177d5e237c8aa2d7240ea3cf974ddec160fb,29/11/2005,M,M,3162078584,1CFSG,D
2024_25,ba0b121ab7279d65fecaf566dce8072fff5f5c854988ae9643e662c1bc9106c3,04/01/2005,H,M,3162078584,1CFSG,D
2024_25,63f535fa847cde23298dfde4767c742d427029523346a38c8c5f4b5b5c292025,13/05/2002,H,M,3162078591,2CFSG,D
2024_25,e6e7de0ef14e3b391c4ce869b73ea64e1e00ef34e170106d23559f27151b3c01,11/01/2005,M,M,3162078591,2CFSG,D
2024_25,93a2a5b84a2046e11f40883a6e8efd8cd5f3d5cc86be989d9df9567056e1de0c,20/10/2004,M,M,3162078591,2CFSG,D
2024_25,a3e9e5123bb943f96043cc6dd164c44914120eaaaedd5e82101cd8a1b7a902f8,11/01/2005,H,M,3162078591,2CFSG,D
2024_25,f38a00a7f9eed995cd8c4ca76565fa2aab502a6e310811c3fc7d8249c31e2e05,14/01/2005,M,M,3162078591,2CFSG,D
2024_25,5b234e5591ba31e365286336d52a8c261dcf6db64e24b62dd56992125a04de26,28/12/2002,M,M,3162078591,2CFSG,D
2024_25,65fb3be970b8f829f30e4e3d40fdd2c57895d18ec69055661b04141440f6bb84,02/10/2003,H,M,3162078591,2CFSG,D
2024_25,7033f697bd01d7f9ecc596b5fb1fbae2d615923732e5860d6cdd0c92180681da,20/10/2004,H,M,3162078591,2CFSG,D
2024_25,c94479bc2d7a16b9591d8318cc0f0904a86743bcb418fbca463e1d7fa9e8f271,04/01/2000,M,M,3162078591,2CFSG,D
2024_25,f9a97870996b3aa76a177b8594c5ae07f5a8a01ee3c15b07fd80336ca1c3ce03,20/05/2004,H,M,3162078591,2CFSG,D
2024_25,f4fba057c2b2c69669360f407b318714c3f5f9931da2c482e0707d7b9c8894e9,06/02/2004,H,M,3162078591,2CFSG,D
2024_25,ac26e1a442b51b160b3f981f5fde8061ace0850f588b383f9abd8be9c776d44e,23/12/2004,M,M,3162078591,2CFSG,D
2024_25,183df57d75e61729632ad3e6ce6f871937df6491055b49dff9b9ff94b5e65a81,01/10/2005,M,M,3162078591,2CFSG,D
2024_25,ecb4029cf075a89cea801f4c93cda773085d99f1b5236ff1a3ef4984b1e9d520,03/08/2000,M,M,3162078591,2CFSG,D
2024_25,c3ce3b7b5242a70e196b3e46aaa31e21306f1450e163a34f8c4806ffdba2bde8,09/06/2005,H,M,3162080071,2CFSC,D
2024_25,2a1f6fbd61f7fc568061f85cf4c38bbd1f9e2b983d6c5c3f7f2975c714f5177e,18/01/2005,H,M,3162080071,2CFSC,D
2024_25,867371a07000767ea100ea4b9289f4a9ff6ab3b940dc45e98a2846fd9b33bf6b,20/09/1986,H,M,3162080071,2CFSC,D
2024_25,54f65a8df1533b4c463a97ae5069d1187ce0ddb663130f0a4e51907784bdf96c,10/10/1999,H,M,3162080071,2CFSC,D
2024_25,8b67b7f4026650e0fe55c2c57aa94aa3e7a5b7b4eeb0b9ca2e637e396a8376e8,18/11/2005,H,M,3162080071,2CFSC,D
2024_25,4edec8a2a97cb4e3af30f575e5b6f1a253eb9d9ec627a44b867c8cb8a05de457,28/10/2004,H,M,3162080071,2CFSC,D
2024_25,807df922f80442d2b3afdd71d65eaba6c1334aef5554c4ae0752150a0ec8b646,23/02/2001,H,M,3162080071,2CFSC,D
2024_25,8a54f1ed3dc90c413ecd869a006b23c48b361a19d7d284926c5910c76c07cdd5,14/08/1995,H,M,3162080071,2CFSC,D
2024_25,faac58eecb4797d56f2838827211c85c12f6299c4d3e747d2cfe1a0551ee8d7a,19/05/2005,H,M,3162080071,2CFSC,D
2024_25,5cceba31167efd7e9347e36548fbdc6cc1a174627322fb12e2546f8b33c5317d,12/09/2003,H,M,3162080071,2CFSC,D
2024_25,f0a31daac662fb02d57756505deb260ac3ec012912bbe51ea62c1ad4372a6b9d,07/11/1995,H,M,3162080071,2CFSC,D
2024_25,4f249067ea2db7f9eec53b8ba44fa8b903b2e5b3c4128b8d831b0bf08dfcc47b,14/06/2002,H,M,3162080071,2CFSC,D
2024_25,9abecfdf4f81cb3e0e98607ae04a9e88337f5305a43ae42ee9d82c8f2af98c07,11/12/2006,H,B,3162075411,1CFME,D
2024_25,a2fbbfbc5f7466ac77433c2d6c1d898ed85f9f995ce4a1e10cd08ae50ab5a9f5,02/06/2006,M,B,3162075411,1CFME,D
2024_25,3975d551d7da0eec91ae87d290b023f7b30bf04007667792ef7f3575e837a416,21/10/2008,M,B,3162075411,1CFMF,D
2024_25,38d0f08d0a64d10c4087b44167e0d16ef8203b3b054054679d15981902fedac0,25/01/2005,H,B,3162075411,1CFMF,D
2024_25,c4eb67d6872ceb402c4fcd77bdfb320273029c3d4bbcec4fbe5e10c60be6d2a4,29/01/1988,H,B,3162075411,1CFMF,D
2024_25,f5135a861e4ff47d7cc28f87893a0b5a78462d5411647264bd460a7256fd87a4,23/03/2006,M,M,3162075411,1CFME,D
2024_25,85571139d7592a3336bf4168d74d22e4eacfcd988a4faf8c015943c00bef48d4,04/09/1997,M,M,3162075411,1CFMF,D
2024_25,18221a41229dec9e82f93114a6a3f37eb7078c40e5ead134f709b96604b7d68c,27/06/1975,M,M,3162075411,1CFME,D
2024_25,38f3acec56ce79b478b5af65e28895d4c0322c9aa9d44ed17af37c91528d0346,23/11/2006,M,M,3162075411,1CFMF,D
2024_25,85ad026859924f184fa4775cf4b8ef013909e9207945dc357d1702857fad9385,09/12/1995,M,M,3162075411,1CFME,D
2024_25,d93408ef8c2cd7ff3aa97f8705c898811765cd8ffd22d0ee1c6d6c32273b43e5,09/08/1995,M,M,3162075411,1CFMF,D
2024_25,410a576446258a03c4e2bf21d68a9179617a515e7b413fcb8546fa0a319ed7ee,19/03/2006,M,M,3162075411,1CFME,D
2024_25,5bfccf0d7298b95171a788995912d09793833321b020697ae46dbf440caf8dae,12/02/2008,M,M,3162075411,1CFME,D
2024_25,bf7ccb319eb0426a7f9776b15099674e05be1d833f846bc0d1c03cd301871c82,06/07/2001,M,M,3162075411,1CFME,D
2024_25,d357c9767dfc5df7e2ba4e91633de56fdf72e866fb75dad44b672b996c528a1f,08/12/2007,M,M,3162075411,1CFME,D
2024_25,11271937aef59a2a82d0b86753106472aeb88306c321d0b03df5d3d4a89eb836,22/11/2008,M,M,3162075411,1CFME,D
2024_25,dfd6fc4209410f00931d2139ff8c0d6e44c66168c866f51e4a3439aceffe8fb3,15/07/2007,H,M,3162075411,1CFME,D
2024_25,0f5958e64f7c95049e6bf86aba050fc3347ecd201e33ff0115d25fdb35999d93,13/03/2008,H,M,3162075411,1CFME,D
2024_25,0be9b9dc0b44c2caa30b5416cedb9d3fc4a81c1a86010c0e7acbd68c0e9493ef,11/10/2007,M,M,3162075411,1CFME,D
2024_25,e23adf9b1a7bcf366e6a92d66a86c724a27ecfd0b4228796959da86cd229e0ba,17/03/2007,M,M,3162075411,1CFME,D
2024_25,5062de296bcc444f3b1c59f8a84f95ff5fe0adf8745640136927bfb1dd9ed7c8,07/01/2006,H,M,3162075411,1CFME,D
2024_25,a05fefe1853b47811e91a7345f6808505aae48ebc2e6f1a95bad78f562c2edcd,10/03/2006,M,M,3162075411,1CFMF,D
2024_25,e5eda7c375c063b23ed8da22c8f07862d75cbe48162d316957e76ea6f1b176df,11/09/2007,M,M,3162075411,1CFME,D
2024_25,bd84ed2ae9ababf27cab7ba75cb8795922af53547fa2e8e206bacd624a2f6081,10/11/2007,H,M,3162075411,1CFMF,D
2024_25,2856cab1e2201171f386a4c9dd07a5e06bd8c7e98459063e28838a295d0ee7f4,11/04/2005,M,M,3162075411,1CFMF,D
2024_25,cc16dd28ebbe23af00d8b354a3ee5ba9edb762a6690995d398ed8eb9e25f45db,22/08/2007,M,M,3162075411,1CFMF,D
2024_25,2c294d049377f8bbb5a2d8740c54533c6a435c85cebcd68736496d8181046412,10/12/2007,M,M,3162075411,1CFMF,D
2024_25,09175cfe10609c7b3180410a786533dc00fab4611b34cfda183260b6e472184d,23/03/2007,M,M,3162075411,1CFMF,D
2024_25,107b6e38f0b72a5ff71e629f350f5a12aa9f62e9a3c54be2ab25440ddb5e6bbf,20/02/2007,M,M,3162075411,1CFMF,D
2024_25,1ee0f76766cc1006b2fc545980c4a882951fe95e1f2de3422e8559fa0bdd0e6c,14/04/2008,M,M,3162075411,1CFMF,D
2024_25,17affae56bc36ed22f15f4341dd531cb54bfb15aa6a0ded0bb59f6c0b9b448ca,11/01/2007,M,M,3162075411,1CFMF,D
2024_25,c19c30b0e3a54ea74945ef324e30a6dfc94dd142b055150d35ead94f91dbd638,05/02/2006,M,M,3162075411,1CFMF,D
2024_25,972e124034b6610a5ada28492a96090afe0ef54bb6842295d079f7cabfa97265,19/07/2002,M,M,3162075411,1CFMF,D
2024_25,83d59c136367a204da11ae035f66193059704d47b8e3cdb506624ce211100a1a,14/11/2006,M,M,3162075411,1CFME,D
2024_25,befa3cff546a987b9ad6a8a332fd2b12efbee8a2e49c56d15a3771be1e327afd,18/10/2007,M,M,3162075411,1CFMF,D
2024_25,70758ec15ea786278265ee1a2dbaa142040575ba8e1947042ccd73fc6ee1137f,30/03/2007,M,M,3162075411,1CFMF,D
2024_25,94240225bf86f72943257b6c225b0457c6851168dd5dd48ee6fd6602e5a5a664,13/05/2008,M,M,3162075411,1CFMF,D
2024_25,307b6e35b0b753b1a8dbe7e9b1a431f3def69604d49e1515808f8bf8a4746c68,03/01/2005,M,M,3162075411,1CFMF,D
2024_25,f9616749abe49292d5909b5c35497242bf85b951be4794b11a3662544404f259,21/03/1975,M,M,3162075411,1CFMF,D
2024_25,69efcb5259551eeba9ca9178cfea4c751f4dc36f46176adc1554d695bfaf38de,15/08/2008,M,M,3162075411,1CFME,D
2024_25,75bda6ad3e0b567f43577ea9c8a7f765c4f3ce493e859f5bf96ac90b9bfc6b89,27/08/2002,M,M,3162075411,1CFMF,D
2024_25,0b962c75c620b88e99ff2638a74b20e9511ca53ed49af23f99d1e9847e828723,13/01/2007,M,M,3162075411,1CFMF,D
2024_25,e6937989bc8514330a8ae1786c91be71895a0d4c03f0d4bae5ab813cea5f504a,17/05/2007,M,M,3162075418,2CFME,D
2024_25,00588d3cbd0b7d7f58c376d9f9513e9fa025d82a02655348d75279e26e769959,17/10/1972,M,M,3162075418,2CFME,D
2024_25,7d0143f5175a9fa749544c362f63c3cbff59c1c070a51de66cd2a5c594aaeef5,04/02/1997,M,M,3162075418,2CFME,D
2024_25,6a27594cfbf82d4b4c1b0a2429dc3baf2bf5bc3b690cd18b36eeee408c638a56,21/09/2006,M,M,3162075418,2CFMF,D
2024_25,d4250dce342371e3579716a800cca9eea8d3391a363e65f519c287a248167a7d,12/04/2005,M,M,3162075418,2CFMF,D
2024_25,75e3a1bdb9163b1f5f6bc098eddeddb470384a61a884a4ceae9b9d007b7f4579,12/09/2007,M,M,3162075418,2CFME,D
2024_25,044b0f5dff0cb9138742d8e462f743f088f24e86fa00ee253171ab82178fd2a8,07/08/2006,M,M,3162075418,2CFME,D
2024_25,3a6259d4d54e5c00de352d84b33e443c90acb5f9d1b7cb72d049bdc39e6be3d7,09/11/2006,M,M,3162075418,2CFMF,D
2024_25,17bc1ae0abd08e947fd712e9ea98c2242721c933e1795d5722d16af117bb66be,06/12/1971,M,M,3162075418,2CFMK,D
2024_25,610e7ece1f4544a18a79bcac7a856ea4c865641cca78417e122fe86b52d7aec1,11/09/1973,M,M,3162075418,2CFMK,D
2024_25,98fa2c37acd341a0b27f1715cfb3b181aa399c813c04e7205f096031d1a35428,14/06/1976,M,M,3162075418,2CFMK,D
2024_25,c0ca5c8d371a51a760ff70c6f18ad892e20e3b6fc9d122adf72b3b046dc9b3dc,18/02/2002,M,M,3162075418,2CFMK,D
2024_25,7a47b7f10a9622c6252741b1ab2da877146c590ff46570fa8cc93c5ceb6b00ea,14/03/1992,M,M,3162075418,2CFMF,D
2024_25,e498609265f8db5facf218817b3e70257d5556a63ea738f6702afa504302ef7e,03/10/1999,H,M,3162075418,2CFMF,D
2024_25,84fff6248a9abecd0abcf7ef1c64ebe1d8d69ea35ac38d28131d42f3eebf04e8,30/01/2007,M,M,3162075418,2CFME,D
2024_25,72df69c62d8dfb70b1e9ac9f4282cd5e24f7b5f972f5c383ed18662056528b06,21/02/1992,M,M,3162075418,2CFME,D
2024_25,d63c0a8f93c082ac8b0337c145d037e214ca1f206a04d1ad380c19f4f8cb09c1,19/05/1970,M,M,3162075418,2CFMK,D
2024_25,de88cd43079cba373d6f14a9899e2e1462600eccf855dda0894c904e294b4c78,16/07/1992,M,M,3162075418,2CFME,D
2024_25,34e6a9e34171a5933a7dc8748102da3a923a173ea4589c4db04ad77b40f25ade,17/09/1997,M,M,3162075418,2CFMF,D
2024_25,6e148748d629336985af3e87e05e6f227880b59eeb5c4f61d7eb9ecbca27b737,03/04/1982,M,M,3162075418,2CFME,D
2024_25,b933641fb3c4cefbaed7a01f1de14a86489da970e304bbedecd45f540943b8c0,27/07/1989,M,M,3162075418,2CFMK,D
2024_25,87e4db2c0195a35c1944e80e7fbd060e86b59879fe4841577701dcb5ff706859,03/07/1978,M,M,3162075418,2CFMF,D
2024_25,61166019d1a79ece6fde154eae9a738ae9f42342d529ca4a023f99e503b12ea4,27/03/2001,M,M,3162075418,2CFMK,D
2024_25,69e5a9c3e8208e446b58d650043a9aec447d57513eb0f6769b80039953ec6ef6,17/03/1979,M,M,3162075418,2CFMK,D
2024_25,a9e992c912ed796c7027a333ba33cef717efbbf01eb85e012e19fe10d81c246f,15/06/2000,H,M,3162075418,2CFMK,D
2024_25,1f59e33a1f09b728bbcb160ac2e932d81209bdc4f5aa960d65a17822caa55420,06/11/1979,M,M,3162075418,2CFME,D
2024_25,e0ae0e2941ac0649e3b3d306a6030be561d011806f63fc7ab78096c2ba215e3f,19/10/1984,M,M,3162075418,2CFME,D
2024_25,f53565f154dca8f95dbfa3238b8fadc1123d52915dfe1bfa60d2aa1c90b31cf4,28/06/1997,M,M,3162075418,2CFMK,D
2024_25,592e4529df7248363848e505603abbeb3fa6e59a0b11f0022a731922ac0c71f8,25/09/1979,M,M,3162075418,2CFME,D
2024_25,b56feebd9c25830c57324cefe9a6b4bdfc3669c1ff097aed680083974ac78d2f,03/12/2007,M,M,3162075418,2CFME,D
2024_25,afd65ce324772e118908cbe802b6fcfc16dd932de8b19f195a7af6fd134c71f2,03/08/2007,M,M,3162075418,2CFMF,D
2024_25,2502b2ba2c2a6d0a891e1402c6673e98e777136bb72b160854168870dcd72de4,26/08/1987,M,M,3162075418,2CFME,D
2024_25,02bf03ff8922a7bc144a9a21a57c1ef196ad1af030c9ff9cdddde01972a39c80,04/07/2006,M,M,3162075418,2CFME,D
2024_25,63b8ab3309ec6910311817b9c89c450787180c35a229279efdcf4752635d066f,09/10/2004,M,M,3162075418,2CFMF,D
2024_25,ce1c4fcb39ebab7ac29a9fcc7cddb5ef41213139c064f5f8017190b9052842ac,28/02/2007,M,M,3162075418,2CFME,D
2024_25,71908a4bbdb43a6983ce0df9d9951299ca93e9b2e938de50ef548876a0a9d4c7,10/12/2006,M,M,3162075418,2CFME,D
2024_25,9a028af84dc00799f437d2a6236bc8b3e711b8eaf1324b1cb16fa14594d63726,24/08/2003,M,M,3162075418,2CFME,D
2024_25,f8099e9ffdb2af6c1312219709caf10469bac579b378d143c4c0157c17a48dda,03/07/2006,M,M,3162075418,2CFMF,D
2024_25,624aa2e79bea008dfb9bfb15a49431f8dcc978a7d442393e41553c2e5671490e,02/06/2007,M,M,3162075418,2CFME,D
2024_25,780724d1d4cbe990b8a2f6ac28fc52942a2068d1e24bea8fd11ce67e25f5f54a,14/09/1986,M,M,3162075418,2CFMK,D
2024_25,9b03f5689cc661d571d35d042c270a195911f9353d8fe49ca339dae51d2d4e86,28/04/1972,M,M,3162075418,2CFMK,D
2024_25,231c97ecadb3af1a94318e9432f3358e2edf95328c5f541e2b4fec0939a28e7c,28/12/1976,M,M,3162075418,2CFMK,D
2024_25,89daf030fcdedb954336ea0469cefaa91e5dbb4311161bd42160cb20f2d306c8,25/12/2001,M,M,3162075418,2CFMK,D
2024_25,95adf540f85b02f1b87a374a12a4d3e9b0a0179e96378fbcfcbd498b37866b3f,13/04/2002,M,M,3162075418,2CFMK,D
2024_25,1b59293213c168eae6e8b2e1e09005b5dcaf35bd7a3ce1304963afe1c91f0ddc,17/03/2002,M,M,3162075418,2CFMF,D
2024_25,78d715824defdc31dc8a6cacb87d510ad35387fae7f39291fc8dc95af65248ca,10/07/2003,M,B,3162075539,2CFSK,D
2024_25,dc408af5bd89d4b14e2cdb472ce8a22246fc4d2f0270411f72f14931c25fdb20,06/05/2003,M,B,3162075539,2CFSK,D
2024_25,8212f52fb3ddd02d703548e87f8c5ede6b961d4e3bc71c13660d0c4dbac6581b,24/01/2000,M,B,3162075539,2CFSK,D
2024_25,98cb75dfdd211043794f3bd6b5e8486537b2d3458e9132605c63a690099a9c40,12/06/2003,M,M,3162075539,2CFSF,D
2024_25,ee322aee6b94f3e19896703fb6616d57390c55ffe0922e4b65e2ea4f547fc44f,30/08/2004,M,M,3162075539,2CFSF,D
2024_25,28162e895902260638cb113a4aeeae5ab1aea768404d0802818a6409d646a664,27/12/2005,M,M,3162075539,2CFSK,D
2024_25,1689d9f69eebbbf34d2e3d4eecbf86e85faa1d682de4b88688ebb9b95a7b1d35,23/08/2002,H,M,3162075539,2CFSF,D
2024_25,1a85f85485402bf834949008029b87e48c41d022002d94c5dc6a5739f72891e1,27/10/2005,M,M,3162075539,2CFSF,D
2024_25,9ef24c483b992b8f26670b0a607f02a3e03236589aa86b96a9ad72716b70fc96,01/05/2003,M,M,3162075539,2CFSK,D
2024_25,715424eebf1bee2313e67c6d4a49c047071f3f800209536f10720b239b4d5299,27/10/1994,H,M,3162075539,2CFSK,D
2024_25,43b3e3a8b0ea0b8c345578f8b2a2ca98ebe9d630346d3e760dfea8117b57e60c,04/04/2002,H,M,3162075539,2CFSK,D
2024_25,212ad93c87e5f8747388fbcc44fbdb410a1b38a7ee2c52e624181718ecfcffa2,14/07/2005,M,M,3162075539,2CFSK,D
2024_25,4cc3167d5383e997d8f93a277ca4d837ba4306c8b4e464ed0074022538bf53c2,04/01/2005,M,M,3162075539,2CFSK,D
2024_25,5a362bd6f5fe0f76ccf2b9407a6ee01aefd230e80d71eaf4d78aa4a8928cd009,25/10/2000,M,M,3162075539,2CFSK,D
2024_25,d8375a2686a04fe294e159fd8b75e9ce30a40a5bd886bfd6be8312ea2afef37b,04/02/2005,M,M,3162075539,2CFSF,D
2024_25,f95de57d497df7c5ce8cf01b4f5df44aa63def3d2a6c37cefb3f7b169d92eda9,13/09/2005,H,M,3162075539,2CFSF,D
2024_25,015e80b6f3742965f25043a15e02767edf4a1195540b219f94d9916d1aa2f180,23/06/2005,M,M,3162075539,2CFSF,D
2024_25,3ff97061765f626577f7955fcf5317662d8e0f55273737a2c3d985c046c4e2bb,06/05/1999,M,M,3162075539,2CFSK,D
2024_25,c2804e8e89f5accf949ca2ec8588fd13544bfe85f9e19f03b815491919eda101,20/09/2001,M,M,3162075539,2CFSF,D
2024_25,17f22ac0302ceff4691078e958f9bb3c9f8522ba9c7027d5dcfc688ef25e0cff,02/08/2005,M,M,3162075539,2CFSF,D
2024_25,e7f4bf5995f9f9f77d314301190d4df9b240da5eb97d4a84e97a87d65ab5e998,02/03/2005,H,M,3162075539,2CFSF,D
2024_25,aeaf266dfc1b184c19b77ec5a4a6186d8f7f325de4702f187513c3cd8716b21b,10/08/2005,M,M,3162075539,2CFSF,D
2024_25,eb1ebb306f558cc4b3163f5c11fb14e858ef89fd601232e8b107550d4b6fec37,02/03/2005,H,M,3162075539,2CFSF,D
2024_25,8d8c521631ad38aa181eff643f74084b2f81442000bd26ef39feb63fa2b5ad66,17/04/2005,H,M,3162075539,2CFSF,D
2024_25,4a7b7fec0ecb20f30a3a8e7a7686869dc1018e72cdfe1854fde6e6051915de70,13/02/2005,M,M,3162075539,2CFSK,D
2024_25,8380a0a64905139b1c82f75078987eee73911682933916fc53fcbfe739009406,03/03/2005,H,M,3162075539,2CFSK,D
2024_25,ed562ada30dd4e23120f18aab1fec2fb3e4a473c6e3069e3f0b62fcb7d3757ac,16/09/2005,M,M,3162075539,2CFSK,D
2024_25,589a6ee8a94279ba9ca89737a4ae0d9f30e51ebfba1cbc85659061865eb0026f,10/02/2004,M,M,3162075539,2CFSF,D
2024_25,3578b7d660a0b11daf0c6e9e7abe410b55ae6d4798e46d0bc73b27d73fb80a1d,10/03/2003,H,M,3162075539,2CFSF,D
2024_25,e41a9b6fdb8360c062690325e376ce022529b38e0f61fb006fd27804da81de07,10/05/2005,H,M,3162075539,2CFSK,D
2024_25,c421607f592c5fd2777624e3c66ee4e1bd981cbdde36a05d8a878eeb1eccf2c4,23/09/2002,M,M,3162075539,2CFSF,D
2024_25,2529c935c79fb41d480fed972af8369185fa9f1db0159c49ffc2004f983fd478,17/10/2003,M,M,3162075539,2CFSK,D
2024_25,9cdb97e6409f571aefc3e887d61484d9db853b17c3770999c8490ffb0b11e2e2,12/10/2005,M,M,3162075539,2CFSF,D
2024_25,8d00209554f22ab0d93f0e5c06e4a76bf54e55a5d9d2962788232cd6fabfc648,25/10/2005,M,M,3162075539,2CFSF,D
2024_25,74762779ff799999dbc3ab51d1a8517414169b3e466631c68f7fbf10cd850790,13/02/2001,M,M,3162075539,2CFSK,D
2024_25,f29ac7470f82b305fe82d635be23e98993b9244cc77a52bf8dbd31df12616658,13/12/2004,M,M,3162075539,2CFSK,D
2024_25,b9cff2f0cd67f68737ebc7bd8d99c192694cd3e6de759ffb601960286fac5b42,22/12/1980,M,M,3162075539,2CFSF,D
2024_25,1f217f719cdbcce2e4ee8ecc8739e9a87192c4246761b732da1f29ef851d4151,28/08/1983,M,M,3162075539,2CFSK,D
2024_25,f8ece214c415729ef3672b9d5106ab10443860ca107a951d56786073aa8a4714,06/08/2002,M,M,3162075539,2CFSK,D
2024_25,f02b52c7fa85efca233233a3102fce5bba7db24bf49cee1c9e3114f07b2c40b7,06/06/1967,H,M,3162075539,2CFSK,D
2024_25,4125b2bd6499373d3b4a4efc2cf56b41fa44b920f3073f4c18e9dd60dce3138b,27/02/2003,H,B,3162077488,2CFMB,D
2024_25,7ba79957534e0d56c4984f7596b16921af49ffd490210b4545587de27a230f40,17/05/2006,M,M,3162077488,2CFMB,D
2024_25,f7347834cf7323d8cdb3e86d6eef77f18ea2d21cfa72bef6df63c5a2e299c042,19/09/2006,M,M,3162077488,2CFMB,D
2024_25,73c09fe9cee7a2b51013fc4723575d73584b5177d5088389f595986754cd5304,02/10/2006,H,M,3162077488,2CFMB,D
2024_25,ac52fdee4dd806814c637e9b23cadb1b9c76cca51614dd46613ffb22f099e292,04/11/2006,H,M,3162077488,2CFMB,D
2024_25,07b812f5442ccb1e3e6d14449b3df23047d4d59f18a4f73ded0401f0ac263f4a,11/01/2007,H,M,3162077488,2CFMB,D
2024_25,582e5eeebbc710f9f2b91e5ccaf9f0bb23612b2769bc53ef920abfed25d4a8e2,04/03/2006,M,M,3162077488,2CFMB,D
2024_25,67418173869781eac2aa4323678d91266792f5efcc6ccb156c04e31feedc923f,27/11/2006,M,M,3162077488,2CFMB,D
2024_25,f721361d30181ea367549f862721d0b0e50c81a28093f8aa614ab6d0a3b9108b,14/11/2006,M,M,3162077488,2CFMB,D
2024_25,dff0715b4ee7566ec99187f7aecedbf4b48b5f95015c063825950c72497176eb,01/09/2006,H,M,3162077488,2CFMB,D
2024_25,28a0fc0f3943efc4601733be929e61b34075ece1989f3430d083f568050146d1,04/05/2006,H,M,3162077488,2CFMB,D
2024_25,d02e9b826cd942ebbe00ee5adc861555c42e79a806e6d0c6dd233562aac1a209,03/05/2007,M,M,3162077488,2CFMB,D
2024_25,37412174619670b5ea32cb40428736252e5ebf92131bf3cde20a6cbb19364fb7,04/12/2006,M,M,3162077488,2CFMB,D
2024_25,c5b3d6ff7ea3ec612e2ebf88d553ad9da94e937aa8d20bb1ffc89d89a3b5fb1f,17/10/2007,M,M,3162077488,2CFMB,D
2024_25,9174a0c1ecedda39bd89fbf326d4208c1b2da70eb6370e8ccc09ec26ff5d566e,18/03/2007,H,M,3162077488,2CFMB,D
2024_25,0a3c60d85008a3ca5f20ae02c4b1dbc0b0b2d1a3f6b21f251c374ca63b74e975,15/04/2007,M,M,3162077488,2CFMB,D
2024_25,76531f96c35ad01be3ad59132a5f15d5b6ad2a56d462068a7ae89e0c957e8cd0,07/06/2005,H,B,3162077551,2CFSI,D
2024_25,0a34a4020a1b28ec0a7ef997d9914aebb2490f32ef11d7e2c8dd276445e7cc98,02/06/1994,H,B,3162077551,2CFSI,D
2024_25,0ef69fcc3d2fd9ef606e90fe938b723eab2a6148412567b64b7b40696987a02c,18/08/2005,M,M,3162077551,2CFSI,D
2024_25,a13972fb2dadd868d5518e02d59293291193d3f18d03fb18a5c5cd0e20849429,11/01/2003,H,M,3162077551,2CFSI,D
2024_25,ea37ed020fa079d5a249c65ee199fb02cac509275c0fafb8d695933ee271c870,23/01/2001,M,M,3162077551,2CFSI,D
2024_25,5f85759faf809349d317c5c7d7b0cd26295add25576485a865ad3e985da7b23c,13/04/2005,M,M,3162077551,2CFSI,D
2024_25,32f04fe6603980b30856dd346d27b16cbbda9655044a92b08824af50f623b02a,28/06/2003,M,M,3162077551,2CFSI,D
2024_25,1c64a07c88044b139644ac133d19cf11b39bb0f78011ce77b8c5c5d7c3bb4c37,05/11/2004,H,M,3162077551,2CFSI,D
2024_25,65676242202365e33e8930756f09b824c2e92a04fe3fdc2f00f7655eb9ec20c3,17/10/2003,H,M,3162077551,2CFSI,D
2024_25,b3cc272ddcea92cf1cda1b6bb9d33e92decc217ab9054560728b7c60ce3d9522,10/11/2004,H,M,3162077551,2CFSI,D
2024_25,b79977866d9de8930d15a7035c721624970de67de13d351f226968cb53bafab0,20/10/2003,M,M,3162077600,2CFSB,D
2024_25,f5caefbf72ff6cd6de82c203b29cf94be973767e8155c343e8d96087da2e5958,15/03/2004,M,M,3162077600,2CFSB,D
2024_25,02b9abaada3bcefb1b3e71950226d86ef0588d76841c2aebe4ca66bda1e3e5c0,03/08/2005,M,M,3162077600,2CFSB,D
2024_25,b1a38c8bf11e1965f39a7865edc15fc52c0081b56371a28f14378eb82878e378,30/04/2002,M,M,3162077600,2CFSB,D
2024_25,536ac5f253a65550431bc587a23886fd2eea6b0410565efd4c10d509f7ad5a18,05/04/2001,H,M,3162077600,2CFSB,D
2024_25,d9309e81013c4f034d00eca238449e4fed057ffe864e9383dbed49ab62b205b1,29/10/2004,M,M,3162077600,2CFSB,D
2024_25,700d407272d63d60edb27bd10e138abc0e9e73bc89911099d9c10eb64b11b1c0,04/05/2003,M,M,3162077600,2CFSB,D
2024_25,b1714e692c45727b25fa5ab02a64697e88f49096ea12eb85c97eea0079433dd8,16/01/2003,H,M,3162077600,2CFSB,D
2024_25,504eedb52a4b86251bf102232af293556e33bc206a7ee75e92e9cc9ae32a495d,09/08/1995,H,M,3162077600,2CFSB,D
2024_25,cfce3452125364156e4890708e28d55c6cd82c8025d03ad4f794ec09d1e28825,04/01/2001,M,M,3162077600,2CFSB,D
2024_25,feb588f9b8f8d9a0f8cc1647ad8bb775950ee28997fe1ebb1b114c8482f5bd00,25/09/1999,M,M,3162077600,2CFSB,D
2024_25,2b5d995975b93b790dd6f6b41a5716e85cdaa20dcc257f26d0a2d4c929323dff,30/08/2003,H,M,3162077600,2CFSB,D
2024_25,e00a2f94e1d6f03db6a0cb12dbed787aba086a6200d6bb93d983d2ceabaf00da,23/04/1999,H,M,3162077600,2CFSB,D
2024_25,6a4afc8f1f2804c54a0494d9bc137a7b292074b597d337c63f104d56ae45fdc8,28/02/2003,M,M,3162077600,2CFSB,D
2024_25,26a4bbf7656fd8384769003f6d6a42e557d161319f89bb04aab9a805e7792255,31/05/2001,H,M,3162077600,2CFSB,D
2024_25,443ad40a6d489f2fd2cb038f3aabb12552e98768bb93cd0bb008651b9d9c7860,08/02/2004,H,M,3162077600,2CFSB,D
2024_25,05b3c6890bc9c394a0fef481d380e69f5f36a05c1abb8dc678e9a3957666bdaa,10/09/1999,M,M,3162077600,2CFSB,D
2024_25,092814623b8abbc9e924ac20b1f28e7390f5eb93114a0855c2d68e96ff0f47a9,20/11/2003,M,M,3162077600,2CFSB,D
2024_25,343fb47715bc6cb72cebbf4321be451f837b85ef8ad3ab01a1df0ab44dae59ac,21/11/2000,H,B,3162076035,2CFSJ,D
2024_25,54777d9c5c9da3d2806aa3d2d77c9fba407d74bbb5d339b4574f3b440c5bd842,06/09/2004,H,M,3162076035,2CFSJ,D
2024_25,c9e6865675a1d90fb7547b2117046e4c177804db58019672764cad094586c479,10/06/1993,M,M,3162076035,2CFSJ,D
2024_25,0b0c9c30cf9fa16a914c0643b820a67b4ae86dea1d33d944768a18292ae0598c,24/08/1971,M,M,3162076035,2CFSJ,D
2024_25,a28e41f3901a74cd1584c82225cafc95017f70430c82aba4dd6870132adba52a,03/05/2005,H,M,3162076035,2CFSJ,D
2024_25,e1c7404c84abf5b0fd10a97d1fd4599c2ad09c8163ab74b96801090a2ecb5613,03/08/2005,H,M,3162076035,2CFSJ,D
2024_25,fd62ffea3a1f64e62bc0153af45a6acfce4564235a97f2c7ef7473434362a74d,26/12/2003,M,M,3162076035,2CFSJ,D
2024_25,95c58c3335e4906d1c81d24aaa3b1a7251c5632243f98d0f1a2815d536762205,30/12/2005,H,M,3162076035,2CFSJ,D
2024_25,8359b00d028f9b09ea10e07867638e7c298bfe615e304caf8a1750e800c8b771,09/08/2005,M,M,3162076035,2CFSJ,D
2024_25,879fa2f832df0cee40397635e196dab609e4cdeadd15144d46880a93047114dc,05/06/2004,H,M,3162076035,2CFSJ,D
2024_25,40f999cc716033d22289d29ac590a46f61a432a9bd95c71e7853c104f7357901,06/09/2004,H,M,3162076035,2CFSJ,D
2024_25,99f28d61b2b2f65eec78f12f3919fa6e9edc3b4a1707c283dfc4c1ccc80911fc,28/06/2001,M,M,3162076035,2CFSJ,D
2024_25,e37d90e98be1eda48fa093e61f0b79e2abd9a5740a5ff68501537fd69e376849,05/07/2000,H,B,3162076098,2CFSD,D
2024_25,3795f04ec64de2889979d02de558dc7e7d1ff88941c13ac1521a37ac35d6f555,05/12/1999,M,M,3162076098,2CFSD,D
2024_25,7190847f0c42054725dcf3f8127ceb6f0ca52295456f3a24273b98778d24d154,15/06/2003,M,M,3162076098,2CFSD,D
2024_25,543f9b1c59c78f6cb512494ee63a80f38072313caf44497b981bc2471427cf1a,29/09/2005,M,M,3162076098,2CFSD,D
2024_25,bfeb2870103f10b5a5c410974ee101e805870496b9d033d6a2995f5760bc3337,20/06/2000,M,M,3162076098,2CFSD,D
2024_25,45cb8db2504d02ec9b1ca24554a284b484776ade91bf905a7d0e3d0d0b53ad19,22/09/2003,M,M,3162076098,2CFSD,D
2024_25,ed27751d3378c41cf5f36299c2b55ee1ba2941e558f0b13b5438bd31d3a99168,03/05/2005,M,M,3162076098,2CFSD,D
2024_25,b74255c6961effb37914b6218ad228e61d17b01bcfd230021f0dbac3f1ad8d5a,22/11/2003,M,M,3162076098,2CFSD,D
2024_25,6bbb6ce9599998a7a188915cc1dcf595d9f05600ee5dc68a6be4ced59be3c419,21/07/2005,M,M,3162076098,2CFSD,D
2024_25,a7b054d622af130fcb9293a3d26416b84d85014741cbeab28f77cd788b516eea,30/12/2004,H,M,3162076098,2CFSD,D
2024_25,f6c0b9deef3fcea898f113d1437a227b5cc3fcbf561607541426b199e6822f09,17/12/2003,H,M,3162076119,2CFSE,D
2024_25,eed35df4b8ae42a8f23d8276cc28bae95494e0cd562f2a5c2efa4b5d8c933777,06/05/2002,M,M,3162076119,2CFSE,D
2024_25,10fd3251ae730fcd60070691df55deef79836d4061a913b9b34253fa18ba4fb2,05/10/2001,M,M,3162076119,2CFSE,D
2024_25,cdd431b193d67058659d032749dd9188a2d4a599cd7d5cde23638e5a1555fd12,04/12/2005,M,M,3162076119,2CFSE,D
2024_25,41038e9e2e04f8b8b08512b03c8489987c43de9b419a6dd73a3fcec1efccb3db,27/06/2004,M,M,3162076119,2CFSE,D
2024_25,aaff4945d9f0d4c3def9ec86a3fe7b10cd0df2ce7e8661067c3822ee67c0af62,10/08/2005,M,M,3162076119,2CFSE,D
2024_25,fd61f0edd0e6b3709050af240b3d6bd2dbfdd6e7ca7a06561ca6b10796c5f1d3,17/10/2001,M,M,3162076119,2CFSE,D
2024_25,3615071fc1f1c74b7f90d189748bc693518d39357d395c3468514f3479dc8a6e,10/10/1999,M,M,3162076119,2CFSE,D
2024_25,3f6b06eecf9e51062a2a964a38ad62befc955c02e6ed7282c5a7bd4a1815ca94,15/08/2001,M,M,3162076119,2CFSE,D
2024_25,e34752ef2c1595c794950c93ec44e8583e8de6a3ee190754e1358f1c52e69569,28/12/2004,H,M,3162076119,2CFSE,D
2024_25,60166194c81d64737b62d8ee680217fdbf190020a49438fe2cadf9ed4c66db1e,10/12/2005,H,M,3162076119,2CFSE,D
2024_25,3118987212474423b77e21ae0b4b1a081e7f3de7b08134de2dbf376d2ae11c53,17/01/2004,M,M,3162076119,2CFSE,D
2024_25,8f9b006923bebfc18e3607060500b7116a06a58802b705a2276643d6930338e8,26/01/2002,M,M,3162076119,2CFSE,D
2024_25,d3c0c224688e7805cdea309298958a977b2b933a480bff6ffcff962fdea4606a,16/03/2002,M,M,3162076119,2CFSE,D
2024_25,659a89749b37d8a28e914340a2d1e52a0fc86a4c4dfb33eb02d79af5d9f40d9d,19/11/2006,H,B,3228390016,1CFMH,D
2024_25,dfa228a1a209dd4ef58fea867396b7fd68e18ea1e1f7dde07bc0a1bc2edad379,18/04/2007,H,B,3228390016,1CFMH,D
2024_25,c35fd8e3f12257fec8587c921a2e93d04f2ef7fa2e46437eb1b719cf0a1b9051,18/11/2005,H,M,3228390016,1CFMH,D
2024_25,3c9480648c862cce6802c831efd1c1660c993c26fd1dd6074fb64e269a276553,08/08/2008,H,M,3228390016,1CFMH,D
2024_25,ae6e6a68503f14ef77afbeba121bb16aa4678f7e72a061b926e469cb6fd97dd8,10/02/2007,H,M,3228390016,1CFMH,D
2024_25,867202a83dba25714edad821cd1e24322696bb5104c8266db215c3c841d86a54,04/06/2007,H,M,3228390016,1CFMH,D
2024_25,55065ac001cc44138a2be476c6f71a186d58c7e63b673c5d634a4ccf6cba9fea,05/11/2008,H,M,3228390016,1CFMH,D
2024_25,cf933a5eaa45244f67884eae884d781eddda67259e94af5b840b6e7ec9caefe0,15/04/1985,H,M,3228390016,1CFMH,D
2024_25,cbb720b6857bb3d96bfca740ea7c94ad75ff5a6aa911d15f5a3610f1f187216d,13/07/2007,H,M,3228390016,1CFMH,D
2024_25,739c0dd4cb324f970995671f1d472e4f1c226bd418750b76292aca1c579765ce,28/01/2008,H,M,3228390016,1CFMH,D
2024_25,397620bbb61beef4fc5682dbe236e1b07f50b459709b28ae7a901be909410374,12/10/2007,H,M,3228390016,1CFMH,D
2024_25,097a4aa5acce0fbd7f683522178c9076649c9f39f052c00d0dc3f0891d82534f,28/03/2008,H,M,3228390016,1CFMH,D
2024_25,e735f013c8c7c3f956f1d3164ad2d2f80e18a0af23590af59ec208691dc917e4,18/07/2006,H,M,3228390016,1CFMH,D
2024_25,40d6bf597a1a0718d02db2dbfcd0b0ba061b997085a81760d1b2cf4a7c34c8e3,19/07/2006,M,M,3228390016,1CFMH,D
2024_25,1e42ada0b2318cf8bc4389f9dc81952b5494142aca0971d0c524e20bea7461a2,15/11/2007,H,M,3228390016,1CFMH,D
2024_25,d20c41ee2f1a2d871144e4a1fd10254556bd2158f13d0fbc68ae2f7509daf9de,10/08/2005,M,B,3228410748,,D
2024_25,23bb746799a5dc5f8841c47b39b7fe1ec430502d53423c089d2f92998a40e312,07/02/2001,H,B,3228410748,1CFSR,D
2024_25,13620dc61f206a79fbc6791308f04096fadc34941b628164720dec55863dd000,13/03/2002,H,B,3228410748,1CFSR,D
2024_25,3e0cfb63a0f2284de35bca6fb6f60faf4c1539090dc5bd78f2a7826806b04ec0,04/09/1999,M,B,3228410748,,D
2024_25,dc5939cc7312ae42f5413593ef2fc78f9613c7b37df39b22ba0ef86979c7ef90,28/08/1999,H,M,3228410748,1CFSR,D
2024_25,fd29f96ed5f9432b4a2172c5c52f50e345d31b71565ae2ba2f6ec9a6ac95bf71,27/09/2004,M,M,3228410748,1CFSR,D
2024_25,153ceff39f1d07c4a91c56738c822cb378b29b87cc3e7b5778bfe87078585b1b,11/05/2003,M,M,3228410748,1CFSR,D
2024_25,3a9087dbe37f894164baea680f7b02d4c82ca4d9bfffac8eaf0dea5c7d37a85f,30/06/2002,M,M,3228410748,1CFSR,D
2024_25,a7d074e04168ea63aa9a9ce7c16241f309a289fc52367e3def5550d5aa8b3895,15/03/2000,M,B,3228415772,1CFSS,D
2024_25,d898c481390dca2850e4fbb62a6c086d90b22603e16949296e773da0fbb51936,19/01/1997,H,B,3228415772,1CFSO,D
2024_25,323ba7132d4fd4ba1d06464c9847747d12e3a261c5b7ac1676363ca424661fd2,29/09/2006,M,B,3228415772,1CFSO,D
2024_25,71a78e9629d537e79a75a035a1ab92d6acfa74d66fc63f35b3748e23988e42c5,09/12/2003,M,B,3228415772,1CFSO,D
2024_25,bc69dd03b8835546bf831f963e9d06750762ac109d259654f2685979c8790484,16/11/2006,M,B,3228415772,1CFSO,D
2024_25,a136946070efe2a3254d3fd07510519f0b8c5101fb33c87219ff577262603366,30/11/2006,M,B,3228415772,1CFSO,D
2024_25,1b66f4a6dd26064994eb0f3291404d49984125f7cef1d5f83d41b1947e4561c0,17/04/2006,M,B,3228415772,,D
2024_25,c4093b23e13600c90be1559eb7b29280993f02511d346ce0d2430f478d14bf4e,17/08/2004,M,B,3228415772,1CFSO,D
2024_25,d67b23354ef222838b79cb1a20689af26e9dc5402c84a97ebae5825a157142ad,07/10/2006,M,M,3228415772,1CFSO,D
2024_25,34e424dc2bfe351f30462cb746eb3705de0d9670b2d3014646df87d3e3b09474,07/06/2006,M,M,3228415772,1CFSO,D
2024_25,737707c351c6e86b25434026b6a51bb510a2332183a908c7c39779c2da78b40d,15/02/2006,H,M,3228415772,1CFSO,D
2024_25,185a80bf9689b7f20dccd28324d37a2b8593981b03fd5889d528a86d0e517140,18/06/2006,M,M,3228415772,1CFSS,D
2024_25,615b692a42042fbca24c874fcde9bfd1a7e6633e68af55a2454d70442d2eb202,18/05/2005,M,M,3228415772,1CFSS,D
2024_25,4809cb4342e17cbd1cb864924d77094d6f16c0f734dcdc4ee5dcbe0464b25252,14/02/2003,M,M,3228415772,1CFSO,D
2024_25,37c799c39ac725eb0ef72ec5f4e49d96e9ef687e21f841390df96cebc7ef8eb1,08/08/1992,M,M,3228415772,1CFSS,D
2024_25,e3a75ebd29ec97f36ce8f3302bbf092118c0d38e196884799c7b81146d404906,04/05/2002,H,M,3228415772,1CFSO,D
2024_25,e91ba58c3e7b5dc73bc10817400f1989b4c5aca5eaeeaa0f5e24dcf2a25982d6,22/03/2005,M,M,3228415772,1CFSO,D
2024_25,c1d21d77bf08b135bc5ca9b6ab0a6852da4e978470aa6835fa9f0caf55cb0589,01/09/2006,M,M,3228415772,1CFSO,D
2024_25,39a89a30f732b388e13374e4bc0ce3513b48c5c6aeff625b7cb6bcee02478af1,10/02/2006,M,M,3228415772,1CFSS,D
2024_25,c8bc289f304189c63b6e42cc40757b11ca4bf1f178c59d32055f1bc89817405b,04/01/2003,M,M,3228415772,1CFSS,D
2024_25,855dff481201f4c6ba45de221a2c23a88b5aaf24670787c9b6602a154ae3ac68,17/04/2005,M,M,3228415772,1CFSO,D
2024_25,f1a7a595289c28e8614c14feaded8bf8242c3e102a4fc8006cdc584d23b63952,28/11/2003,M,M,3228415772,1CFSS,D
2024_25,1a90ec68d25bac310537cb92eda308416342e749306872965efb75164d367c70,07/07/1991,H,M,3228415772,1CFSO,D
2024_25,cb75aa59969b33eb3565b054b705aa6d51301fa2ad2b215b6e327a5198841d4a,03/04/2006,M,M,3228415772,1CFSS,D
2024_25,e05c52d1293d0cdd11cd1b64e99622b55ea751e9a3baa3977dee2c301c71b00a,18/10/2006,M,M,3228415772,1CFSS,D
2024_25,49bb1a981ecc70bbaff4d5a6b7ab9f9b84c41f449c7b0025f69621b7c23345c4,17/12/2003,M,M,3228415772,1CFSO,D
2024_25,1b66f4a6dd26064994eb0f3291404d49984125f7cef1d5f83d41b1947e4561c0,17/04/2006,M,M,3228415772,1CFSS,D
2024_25,00cd633df05eb2b09eba521d31d4fb6c94bbc7c3e9669029562055d710110496,12/10/2006,M,M,3228415772,1CFSO,D
2024_25,e5824dfc77adee4fc81def41dd27f577d7a05d80ab254507b5c954e77e31e53a,12/07/2005,M,M,3228415772,1CFSS,D
2024_25,ba8f7ea03669b6f608dd446d6e1b60983b93b3d6aea2ea4e17b6b43b25236914,03/03/2006,M,M,3228415772,1CFSS,D
2024_25,26fbf179f16297cb979067633c4ef2fe0ed66a62036a368e306d8fd7163b19ef,27/04/2006,M,M,3228415772,1CFSS,D
2024_25,6bb7bd00e07a53a2f63df6d28f6a2fd6c0f1d718e082f327a8b217df7ead3d9e,08/03/2006,M,M,3228415772,1CFSS,D
2024_25,e8486e1a2d14386349a57a043fa682d617eb229cdc6554d1268e98c1e57caf52,21/12/2006,H,M,3228415772,1CFSS,D
2024_25,01e96e74b169d9aaab00add750e530fc0c693a31cc53d1072f52917694c87408,22/06/2004,M,M,3228415772,1CFSO,D
2024_25,d550ff824bfda9e88341ad29cb2d3961644bce3f79658892e706d6c5b796210e,21/07/2003,M,M,3228415772,1CFSO,D
2024_25,23f72a570e8d01479c0d9ebacf5471421ce8652915584368def9cf2b5bda320e,10/11/2004,M,M,3228415772,1CFSS,D
2024_25,889f4e53a56cb6de5bb45ec3a7e05c428f432173d7d4942e6b94d8ac65f79d51,21/06/1983,M,M,3228415772,1CFSO,D
2024_25,1b8d03292ca7fc46e73b37b67de5a086a7354daabd766650edfa2fcde1e1d1f0,20/12/2005,M,M,3228415772,1CFSS,D
2024_25,f24a68675bc961e6515b38d660f58aa2ab1956394f1f866a86067dfcbc24d907,09/04/2005,M,M,3228415772,1CFSO,D
2024_25,04061663b116c739eb928af71b7c08708eb7e65316c91e87b8013b0f60239ddc,07/03/2007,M,M,3162079713,2CFMA,D
2024_25,0fe3858f393b63931a48cb0a11665cc15e78869df39db723517400a173938b62,20/08/2007,M,M,3162079713,2CFMA,D
2024_25,da0f53698eeb3574347e384758155cca56d7ef072b005c1f9a5926a44323af88,02/12/2005,M,M,3162079713,2CFMA,D
2024_25,07c1645fe39deec66e4558c426497b7bfc6a890b7c5fcb2ce19b7e02b6aef01c,04/08/2006,H,M,3162079713,2CFMA,D
2024_25,d12911a1d6f941ebe0d62ce6fb07e012705ed90e2f207d5b375ef4de7eb92f5a,26/04/2007,M,M,3162079713,2CFMA,D
2024_25,88f742bd9ef7e77b0c34a01029fb0598e3b818e6b6e2a023cda021ab03aba01d,10/09/2005,M,M,3162079713,2CFMA,D
2024_25,5a762e3cbdff08f485e1fa5ed899399334f5a759cd36d59ee7c993f088973700,13/05/2007,H,M,3162079713,2CFMA,D
2024_25,dfd6cd2d7dbdc135f89772cab1f8c654a087a4856c7c9ce08d3698fff6cb84a9,12/07/2007,H,M,3162079713,2CFMA,D
2024_25,259e3a7e85d42000c0407c0541f1531cffe100dcc14ac66e14085f91f456eddf,28/01/2006,M,M,3162079713,2CFMA,D
2024_25,ee0de05f9f42e16b0b6b1999ece90e904dfabeac1bbd8709eedf39ba84527e38,25/09/2005,H,M,3162079713,2CFMA,D
2024_25,c13da9e4b957ef0f077ab0686b9860826ba941c804c846ee80012c68b3fd2563,16/02/2004,M,M,3162079713,2CFMA,D
2024_25,58bee66cdacc4e9392f97bbe1cbfad857f76166f38fbe6c7982a07f074b53407,21/07/2006,M,M,3162079713,2CFMA,D
2024_25,a9690538725d1bf2c36632a334bb95cb1c3edc1587c6d6773fc81c9a13b35201,30/07/2005,M,M,3162079713,2CFMA,D
2024_25,4b9d0a5e26e67985fbea2d9e76cf58728238247d14f82d296f957a141be77651,16/01/2005,M,M,3162079713,2CFMA,D
2024_25,5635a2bf211be5801289bd71f0e407d210692a2619ffa808fcd88b2fb2c3f2b8,11/11/2005,H,M,3162079713,2CFMA,D
2024_25,d909254b542d716952f37b0c4eff05d8b0c87e636624c25562550f856a4d2c95,09/12/2006,M,M,3162079713,2CFMA,D
2024_25,87f6e4912f00ebbca12bd7d7bc0a810d789d1d745e25d94e3e4f25f2978d89cf,09/12/2006,M,M,3162079713,2CFMA,D
2024_25,3253887663296a5bd1a7bcc63f0c1760b332bda9ba6ff9be719316040ce298b5,18/12/1994,H,B,3228413382,1CFSL,S
2024_25,462c635750a64bc8ad8a138b6871927e00e81c8c08880d16b853d009fc7036d0,08/02/1995,H,B,3228413382,1CFSL,S
2024_25,4a49d0c9f7da1bf3d1dbc3aa09e21ea61e41754ebdf9daa1ee5a30a31260d356,06/08/1981,M,B,3228413382,1CFSL,S
2024_25,26398f33b2ea6978f3c596ba3afb028fc7b1f78d028dd5ee101aa88dff290bda,09/12/1984,M,B,3228413382,1CFSL,S
2024_25,4275edca2ab3beeff9a7705ebfec07d1e11002cc61ad260b1260a9bd7df3ed6f,07/11/1998,H,B,3228413382,1CFSL,S
2024_25,a71be73c446d05a3e968f81e251a8f8bef2206a2b5f2d22207acfb26f34ef750,25/09/1997,M,B,3228413382,1CFSL,S
2024_25,586dbc60b9132324b2122d250858d78595ef581d761602747edf341da32c5bb5,13/09/1991,H,B,3228413382,1CFSL,S
2024_25,b895078c7c993060af3ae661f48973068973c4d67fbe41b57a560fdf602966a4,25/10/1980,H,B,3228413382,1CFSL,S
2024_25,ba7c43459a568a2252f9fa4d420fdd9320a44866ca590a273365670746f74d0e,04/06/1980,H,M,3228413382,1CFSL,S
2024_25,b6ac108190da8a8d3e427ce1b8c0576a9c4cbfd473e30105f8abadbc5da31ffd,10/07/1986,H,M,3228413382,1CFSL,S
2024_25,492c38ed03a5562511e3d09bde4da46ca655ee926c9e862a8b38e4785a92e565,08/05/2002,H,M,3228413382,1CFSL,S
2024_25,56902c06a5061ae8974459cff1c685aa5074b36cf5de4c36939bbe5d0d8fb35b,01/05/1987,H,M,3228413382,1CFSL,S
2024_25,0791522a58a0a6df3de2e3f8aea44434543b4421d3e9e55ad2bc6bfbe9b2668a,10/05/1974,H,M,3228413382,1CFSL,S
2024_25,1fa412a73bef7594eaf753729b68dbf902e0bf265643c1245a11e78cee00beee,05/09/1977,H,M,3228413382,1CFSL,S
2024_25,3d78933b609a4a61817c717ff048dbf758430352ebfd3a202d2af0d7c837bd16,22/01/1993,M,M,3228413382,1CFSL,S
2024_25,801ed4dbb5257aa47108e1585c8a84642266eea3cfde7ea544deb7424273da76,21/04/1979,H,M,3228413382,1CFSL,S
2024_25,46a3edaa538da8dc6f24bf578f2ee3abe5e73aef5058f71fa6c29b4d91ed94a6,21/06/1999,H,M,3228413382,1CFSL,S
2024_25,0c6899bd15672e3a00ed2e0a1198c8737bacc08f329ea1420efc295a90b5a0f8,28/06/1971,M,M,3228413382,1CFSL,S
2024_25,2b3fdb0b776614cc765821dc6f5c99424792cc5c79d38da664f7e743d460eec9,13/03/1999,M,M,3228413382,1CFSL,S
2024_25,14b8419ac07966f516436cf6eae2ff061d0f2455a3d9278887fddc1032deec8b,25/09/2001,M,M,3228413382,1CFSL,S
2024_25,0d72e63116e6472bb1900b15f5fdb145a592fd5a7e1eca47b4ed854db291bb81,11/01/1986,H,M,3228413382,1CFSL,S
2024_25,e1a00274ca4025847f497e63ddca90fa3b617bd5f978ace6a90961c319464edb,12/12/2005,H,M,3228413382,1CFSL,S
2024_25,91e4c6f6ed9e0187ef983df91175c1062840de7064dcdab7cd97c2eb20ad8d1d,02/10/1985,H,M,3228413382,1CFSL,S
2024_25,33d9dc18a8e3d4203f555f2cfc3a50850b836386a9a4dc52e20e440d85b02d65,26/08/1978,M,B,3228379385,,S
2024_25,33d9dc18a8e3d4203f555f2cfc3a50850b836386a9a4dc52e20e440d85b02d65,26/08/1978,M,M,3228379385,1CFMG,S
2024_25,2bf9650e8eb55c1618d926eb8c7f0f64ef62586718189abf8a64f8ff9826f586,04/09/1976,M,M,3228379385,1CFMG,S
2024_25,547749ec1e92e3593a1dff61cdc5aecf867bcb50a60e7a3a5a9d0ffb95881100,14/05/1996,M,M,3228379385,1CFMG,S
2024_25,3fa0e39aaa036335058b7af462a36c94662dc3ca675a333c2442a35fbbcbd47a,03/12/2000,M,M,3228379385,1CFMG,S
2024_25,22582673b9bf98b991248d7489ed90a0989dc166fcee722b31fb051edbc8cfd5,26/07/1982,M,M,3228379385,1CFMG,S
2024_25,6d4dd5b8dad97f71aef138f9c9b9a519e485cb4ada63349b18da3b09ea930a22,17/09/2000,M,M,3228379385,1CFMG,S
2024_25,9de602683d52a430978bbccbb713cd00d3bc855aec0823fa2214a31abb3a3a73,11/09/2000,M,M,3228379385,1CFMG,S
2024_25,fe635c2f6e7bdd5e9086af36c10ae6a5ff1747fde10624b9a2a197624c1db476,15/06/1983,M,M,3228379385,1CFMG,S
2024_25,3af9c762838d974e943b8b89107ae85e51782c6f7f5ef95049e605388b14cffd,30/10/1996,M,M,3228379385,1CFMG,S
2024_25,b8c4c8813de46562620a017dc74c7ba7fc58dbb2cd1ef5c14bf8f133c502077b,04/02/1994,M,M,3228379385,1CFMG,S
2024_25,8a8f92302e5c682d7b4d281a8834560779543c81f9b90e515f00d674083c6d5b,31/01/1995,M,M,3228379385,1CFMG,S
2024_25,8cd700726d96d0be7e3c143b613303f52d8198d30e4a7114014d2b1a70e41db3,24/08/1999,M,M,3228379385,1CFMG,S
2024_25,fde150d4c6913213c4bd3e45c3f628ffef7b0d719e037586efd5025faf5f1d8c,19/08/1987,M,M,3228379385,1CFMG,S
2024_25,080a30c9eb9fbb4880c53169f5f1cf73d15ed32766d100bf0b4f31d9709c8c45,14/07/2005,H,M,3228379385,1CFMG,S
2024_25,b1d3eb860fcc983f6b56947ed6aa93fc6eb204745b4036ae49222caa8f3d4eb6,01/11/1980,M,M,3228379385,1CFMG,S
2024_25,4d3f629449c622f67d111b3953d6cc8c048dfb5250dad255d858ba0e42438f5f,19/04/1987,M,M,3228379385,1CFMG,S
2024_25,db40106925bba6e447fe50058f04bbdf7b8004de6cccabd97ef24af3fe2b0765,20/11/1990,M,B,3228404816,1CFST,S
2024_25,7ace8404accee77e58ff5c84ea986329e54fe9bb2c8af9410689109e91a20e25,14/04/1991,H,B,3228404816,1CFST,S
2024_25,297d02f3bb274aba2a5f9d05c20aed0791e35c14a9f7df3b244adf0dec347bf0,05/05/2000,M,B,3228404816,1CFST,S
2024_25,958a758c2548028e9c290f881f3328209f7e1b93d08b118e3e8b9675b2bf9c97,21/12/1998,M,M,3228404816,1CFST,S
2024_25,18febbd40ffe728cf96389a0e124f487714f501a49d976b13806da11871ad97d,24/12/2002,M,M,3228404816,1CFST,S
2024_25,6a31e58bd198ff397f2d43e9ce092da0dfe508c94c60659cf41e13da8900660f,25/12/1995,H,M,3228404816,1CFST,S
2024_25,21651360459d2ec43c5ad4ffe264a93192ca80ef1949a663363805747e7ecd9f,23/09/1997,M,M,3228404816,1CFST,S
2024_25,2b7b5f92d4fdae31764cd8938ea57fe8be4e0581b917b303210338b9bd320b51,12/05/1980,M,M,3228404816,1CFST,S
2024_25,a0b9c9829a84d99c518e32510e87a1b9419681887b4e52bb3e040d111538cd9f,11/12/1999,M,M,3228404816,1CFST,S
2024_25,699d024f2d42a2eba483fa8da21bc21d86cc5843b0539a696c0aacf15cd6554e,23/02/2003,M,M,3228404816,1CFST,S
2024_25,1cd78e2a35d2b9e5e0e48732d8674bf2616861ff0e28eb602d7cca53488eff8c,02/09/1989,M,M,3228404816,1CFST,S
2024_25,380556eb3a116e02ffa32dc29f831a010d0d002532b856019a7160b48400f1b2,28/10/1998,M,M,3228404816,1CFST,S
2024_25,741412a5c0b73ecbc962fa1286b8ec6bd63912db67d5fe38c7897ef68c6ebc23,11/07/1978,M,M,3228404816,1CFST,S
2024_25,faecffe4b3ef5e939a9a1a2acfb22983ac1039b6570615e429b714228c947582,19/12/2001,H,M,3228404816,1CFST,S
2024_25,d3a62b9057a48ae236473fb2f99caaa2ec64f6480d4ee87e048b2689b68a5234,03/03/1996,H,M,3228404816,1CFST,S
2024_25,170af46bd867da994bee071055c2e01cd16563fba4676eee72bd0888231bef50,23/02/1978,M,M,3228404816,1CFST,S
2024_25,6deaafc0a4be858cf599164fe28070e4da1f38d9928a248858a8a555805d917f,01/07/1970,H,M,3228404816,1CFST,S
2024_25,680fdf556b15f2e30e6befe9e3835467055e13678a0860e126b7ef0bd8fc8043,13/08/1994,H,M,3228404816,1CFST,S
2024_25,29104ce23f3f15df309ca0b619363818576237c2c25495db9c1fdb78c5ebf33c,19/09/1985,M,M,3228404816,1CFST,S
2024_25,21d1eab519e29f4e80c7eb0ca5a88ce647b43bd5450d68058ca285ef3d76fd81,18/06/1979,M,M,3228404816,1CFST,S
2024_25,138fe6d76ac41701a48ce0b741b00e7b9f43e50b303fdd43d468fd4920ca9edb,24/06/1990,H,M,3228404816,1CFST,S
2024_25,77496386e3743bd60aaa2ebceab03cde7c254f5070ad74d6102ddff670482eb4,14/09/1989,M,M,3228404816,1CFST,S
2024_25,83eb58da519aff22db802bbe2fe8a41d55e192dc67d2cc282df545f64926efe0,07/10/2004,M,M,3228404816,1CFST,S
2024_25,2ae7ab874ac13bf358faa42496a870c90d1ec6c9d95ad1c9896b30db4aaf5a19,26/03/1991,H,M,3228404816,1CFST,S
2024_25,ac0e6aaf64656e75dabfb918d16b8114f5649d2ac80ccd140925540c59391f04,26/07/1971,H,B,3162079790,,S
2024_25,f9aee40927320fda679bb02915f578ecbd7ea04d2a857d93e08aab64207946fa,23/03/1990,M,M,3162079790,2CFSP,S
2024_25,ac0e6aaf64656e75dabfb918d16b8114f5649d2ac80ccd140925540c59391f04,26/07/1971,H,M,3162079790,2CFSP,S
2024_25,d7226def6e9f2a22f97fc76ec52c100a94140e4e7a11fd99d3bcc6060e18745a,02/12/2003,M,M,3162079790,2CFSP,S
2024_25,8a5a63779d4272f3293aa439121bca69f1c0ab7544156a030450bb6b353ba19f,05/01/1989,M,M,3162079790,2CFSP,S
2024_25,1850469cf28c62567c4b651f9fee142d1e631c0a2dfff28d69f7a2c1942abffb,28/06/1996,M,M,3162079790,2CFSP,S
2024_25,0f1fbb69ffdc638a3d5c76adfe7141763dbaf6ef5caf7931e3963e9b82749aa8,10/10/1996,M,M,3162079790,2CFSP,S
2024_25,faf015ff2a28ca2082d9d726f893ae3372b63bb1b612944dc25a198ed82a19fd,24/02/1988,M,M,3162079790,2CFSP,S
2024_25,e1cf1cc22e5e8f27465b714c5654ee63cffc832d1f93e6f225313005753e5b17,11/02/1977,M,M,3162079790,2CFSP,S
2024_25,b1bae977009657157af729e439d90238e70e479b8a0ba86607ef95be4cb3c01d,07/08/2000,H,M,3162079790,2CFSP,S
2024_25,cd290523958abf08b0fca8ea6e3b84784f86717f92ca96d9e8d8826ce596c23d,08/10/1997,M,M,3162079790,2CFSP,S
2024_25,7f3e698cfb0171482272fd0b35cdc5d969431fa71836fb1ff707486152e3176c,02/10/1978,M,M,3162079790,2CFSP,S
2024_25,5e13fda55c086f438dc5f6b55b34c47fc7be5510212062dfaa0256f792fc0246,06/07/1973,M,M,3162079790,2CFSP,S
2024_25,3adaccf7963faaa1046dc206bf5948e19b54d3bcd5bda4689f334ba887e3c979,25/11/1993,M,M,3162079790,2CFSP,S
2024_25,a497965723627f02dd9cb2fbd2627614a327b08637aea011219d48ef12ce3b05,21/11/1984,H,M,3162079790,2CFSP,S
2024_25,0e61175e93da835633251a724f0635e0473ae57be1dd19fd4513fa5ec25ca11b,13/09/2002,M,M,3162079790,2CFSP,S
2024_25,f1fc74535e99cfd4587723c7614c15245ec6d4fa4c7931230929f80694574290,23/01/1994,M,M,3162079790,2CFSP,S
2024_25,9b1508281dea24f098b447ce00de00259209589eb0c4613fcc0e7613e82445ba,06/10/1977,M,M,3162079790,2CFSP,S
2024_25,005ac07cd26a35e79417526016888d5d743a708b109b55dcd00f2b8d2b667add,01/09/1984,M,M,3162079790,2CFSP,S
2024_25,cf90683255d2987843fa13db79569168e24dcc8b443c595dd7169663a6cc80df,16/02/1980,H,M,3162079790,2CFSP,S
2024_25,0957017a626de6c3d8c4e8d2b29bb6c9c69178790cab7367088d96a2729c9367,28/07/1987,H,M,3162079790,2CFSP,S
2024_25,c79141e69246c0742e409354eb485a2fd748768c64d98fd5c0d8e878a90255d8,19/05/1993,M,M,3162079790,2CFSP,S
2024_25,bbd236139b19e2656618737e0466273859283a2208bb0eb5e3cd878761687f5c,18/03/1988,M,M,3162079790,2CFSP,S
2024_25,c602b226f4fe4fc49caf709ea7d70eae2996870f4b8feddb393aa76c3dd6b4c4,20/05/1992,M,M,3162079790,2CFSP,S
2024_25,30454be6d2c8be294c804fac906ce3a1c590fbca2ca4d99ad4c5e3096cf1b4e2,08/02/1991,M,M,3162079790,2CFSP,S
2024_25,6eaa92e8e072a2b4aef9726fee2164e09476ca5efb0961a7fb3f6ad3f8f594c6,05/08/1988,M,M,3162079790,2CFSP,S
2024_25,0d7c886c4858aa553fa8cf2b6f102fa04dc95dbae7dda6a09210c28013f443d1,15/11/1972,H,M,3162079790,2CFSP,S
2024_25,be813bb2f6a311ad97dc374c7b0cfc8af16423e2e6020b300a7f80cd35abb354,04/01/1992,M,M,3162079790,2CFSP,S
2024_25,29c9e87cfafcada1af7f0122c9fb92dae1bcbcb5415f46e5714dee5e81e55b0b,28/11/1987,M,M,3162079790,2CFSP,S
2024_25,b639a0fe36abb22e1ee7c164e6ee5f96d90b76d02f7d7421a3d8313d5896e26e,27/01/1982,M,M,3162079790,2CFSP,S
2024_25,8402a37b6861cef674332b677ec4b74660bd8662b0c4196c1516487f20eaf480,27/03/1988,M,M,3162079790,2CFSP,S
2024_25,0404bfc4ec16c06027a74a5cee04b2212fefe428ffcdd1dc4723c623735d0dcb,13/09/1999,M,M,3162079790,2CFSP,S
2024_25,634ec1e52c344970c787936eb94c646c6cf881d0ee1a30cb1a11278ae82a8964,23/05/1971,M,M,3162079790,2CFSP,S
2024_25,3aa8f15a6ff19d3b7001b86bf6cabeb96907a9661398c10a6cdc0f216026c05a,27/04/1976,M,M,3162079790,2CFSP,S
2024_25,85c9c4e2bae3d9290e5483a877721be75565b873cdafc57d6f4a1b1c2324de7f,08/06/1994,M,M,3162079790,2CFSP,S
2024_25,85643803186b5a786503483abbbb8608035fdfe9dd3cdac9376029e9e7710e3e,04/01/1974,M,M,3162079790,2CFSP,S
2024_25,a4f5b618a9ae35c91a96381299a9eef58322382d728c20e1688ace68a7a7ae98,14/01/2000,H,M,3162079790,2CFSP,S
2024_25,297e08b978c07e9c52fcc8dfe43abc558efed3fb367332c862b0fd315d68677a,22/03/2000,H,M,3162079790,2CFSP,S
2024_25,c2fbeaadaf3df709f8bfb52fddac31366d28cc5f3a0ffd8c119d10e6c0ebe11a,06/09/1980,M,M,3162079790,2CFSP,S
2024_25,481193c0cac9e7f467bbffa32e747e54648f49e3cf149f1c5f4aa8a3d59e822a,03/09/2001,M,M,3162079790,2CFSP,S
2024_25,170af46bd867da994bee071055c2e01cd16563fba4676eee72bd0888231bef50,23/02/1978,M,B,3162079797,1CFST,S
2024_25,3adaccf7963faaa1046dc206bf5948e19b54d3bcd5bda4689f334ba887e3c979,25/11/1993,M,B,3162079797,,S
2024_25,29104ce23f3f15df309ca0b619363818576237c2c25495db9c1fdb78c5ebf33c,19/09/1985,M,B,3162079797,1CFST,S
2024_25,0957017a626de6c3d8c4e8d2b29bb6c9c69178790cab7367088d96a2729c9367,28/07/1987,H,B,3162079797,,S
2024_25,03018ce9085c8c15081049f5ef98cef5bf2c9336183097a2991a3edb426e5c8b,31/07/1983,H,M,3162079936,2CFMI,S
2024_25,7d83f3e481f2bb61f274706a00ffca091c8d7978eccc1920ae4b81f3dd923c9e,07/03/2003,H,M,3162079936,2CFMI,S
2024_25,7aa8c177c5719655e09c4fcf7d211e36a0dde129992225f17ba4b8d1ca5dd3b4,23/02/1971,H,M,3162079936,2CFMI,S
2024_25,ebd46987f88d1e22e573a3aba580f46d1dc112c3684b291d0562a39c0368b556,15/01/1987,H,M,3162079936,2CFMI,S
2024_25,fe3d5d407cbc118cf49247ef94fb2cba7d4fbaae0e6f8e5217339dde58b3da1b,15/09/1989,M,M,3162079936,2CFMI,S
2024_25,916a147ea3d4b3d4e8b032ed9925677c0565e39caee762556a5d13ad1f660fab,30/12/2004,H,M,3162079936,2CFMI,S
2024_25,6c3f90caff7ea809451cf96ecb6e45b66b333c792616c5fda349fb35a9a85803,24/08/1976,H,M,3162079936,2CFMI,S
2024_25,95e2395de460ad35770d03702f6e2327896f6587752df31b97333016c941823c,29/07/1992,H,M,3162079936,2CFMI,S
2024_25,e1fe9d5faf4232c590d45e308c51b36ba9e4aa54c54503f6d7a7e7d6d8a64e26,06/07/1979,H,M,3162079936,2CFMI,S
2024_25,9ae7317ed8c9fc53500eecc99081bc39e6f2d1cd24577003237c873b9d7f9f93,15/07/2000,H,M,3162079936,2CFMI,S
2024_25,921f60da5ffaadd1bfc46ee02b877e5c25fcb2176684822fe6da61254e5a3263,14/09/1976,M,M,3162079936,2CFMI,S
2024_25,8553e0579291f815f10a46ee747073f7a121269afbf1c01ae615d2826e38e881,04/12/1984,H,M,3162079936,2CFMI,S
2024_25,fd2f15860594c04b5e4860db5431766d5acd8e08f184fbadd3aa42d63ed5a79e,23/09/1997,H,M,3162079936,2CFMI,S
2024_25,81d65e287bc0eb6d383806c72686d14d7f96d22e8c8bfbb253411805ee80b365,09/10/2004,H,B,3162079993,2CFSR,S
2024_25,fcb0dbf4b56a7c2e9d8cc5ba555b400dd189e8c862210ef211e21398400becb1,04/09/1971,M,M,3162079993,2CFSR,S
2024_25,eea8e5e4a48900af768402b4f3b1c0a3f4bcd46e798c1e1ce3544239b6b97f8c,14/10/1999,M,M,3162079993,2CFSR,S
2024_25,2bf57749c67d3a5e4ef85ad44aac432e08f1f23fbfd0e5aae8e529a3fdcca3ce,01/07/2004,H,M,3162079993,2CFSR,S
2024_25,57a1bcc3c1f57dbb58630b2fdcad101e44b8c0e5051177b063e5db2301547853,20/01/1998,M,M,3162079993,2CFSR,S
2024_25,a70802942dd4a7df16d2a1114a266ed82f4af0aba1cf5d220353d1561596fb94,24/08/2002,M,M,3162079993,2CFSR,S
2024_25,2969049af73e5a54e75ae5fb0c9e7f6ecb1befe5d8b339c02378f563f192e4f5,12/06/2000,M,M,3162079993,2CFSR,S
2024_25,83342c6fed6a42f09a6836c8505b92d5cf17023792b340a6b1563f4eb957e697,15/06/1977,M,M,3162079993,2CFSR,S
2024_25,685b7fd1ba3fb734c32d4000420b5d5d9c6fd6f9bdae9ee13d07ec9fd254edaf,17/03/1972,H,M,3162079993,2CFSR,S
2024_25,9ffe228910e844c6e6d356dd687f78a4421790aa463add7b92804b43b4b31ffd,04/06/1987,H,M,3162079993,2CFSR,S
2024_25,19e027d8e034455e3bbc21b078ebdaa41e66fa6df305f513cc26645ef134675d,30/05/2000,H,M,3162079993,2CFSR,S
2024_25,b2134a408730937389b7a675d06930c3137c9745c59b1f8b5de427448a600ed5,24/11/2003,H,M,3162079993,2CFSR,S
2024_25,3b2de9ed752e73b1f21e3ebc417059ab742f0a4b7a46bffc98abe3593421ff1c,08/02/2004,H,M,3162079993,2CFSR,S
2024_25,ec5c5df0ca93b4b9e39c690df0bb4527a6a818528320388916b309937d88f605,16/01/1986,H,M,3162079993,2CFSR,S
2024_25,5efea3c016cb7aef95d8689de670dedd70ccf202c5a2df053314368eeab5cf4c,12/12/1980,H,M,3162079993,2CFSR,S
2024_25,9329be6384ba7200333a554462cfe01f9e7d61b690e245f16fc19e7e7dc80395,14/03/2002,H,M,3162079993,2CFSR,S
2024_25,aff8e4838ca818aeb9b9948e2b7d7ebe98001fcdd25bdb89910991ee70c63d32,30/03/1995,H,M,3162079993,2CFSR,S
2024_25,a1754d14db8e8c5717997eaa18802226f08baa7155397ed5d19ac61db5b13c5c,10/11/1967,M,M,3162079993,2CFSR,S
2024_25,44d205a32554635ad3f55bc7154616976e94766bfc43133059df3f2762c156d4,23/05/1999,H,M,3162079993,2CFSR,S
2024_25,66480261e19d85ee86583e695c1502226af858a32b861c4b61707e7da35e28ba,11/11/1996,H,M,3162079993,2CFSR,S
2024_25,c303fd0de72abdcaae99b76c62086b2a18f5b9af8bf44ee82d79c669cf0d8590,10/07/2005,H,M,3162079993,2CFSR,S
2024_25,c3c7df76e4b2950902e1e00d7f3c849b0649cfc710ec97d9e9a4eeeae06fcffe,14/05/1977,M,M,3228406931,1CFSP,S
2024_25,7cf001008110f2f88af96becbecd85b05c1eafd6f200a179255df96f41fb1d5c,11/03/2004,M,M,3228406931,1CFSP,S
2024_25,eb2dd7c2f03bcf4e481c68e471e5719977cccd75b3130ecb1ae06eedca6a3bd0,03/09/1997,H,M,3228406931,1CFSP,S
2024_25,474743c5aae1f70aa806d5f8df4036836065609cb6a098d103c957e7f96617c9,03/02/2006,M,M,3228406931,1CFSP,S
2024_25,cf7fe3b903da645b00712d16659b301f5e9e30617170902bb761380cd05720ec,29/07/2005,H,M,3228406931,1CFSP,S
2024_25,d8a66be534e9d7e36b5bc4ab34850d01687e6e0dbf4c092ea721894d08d379ec,20/03/2004,M,M,3228406931,1CFSP,S
2024_25,4b12c87e26220d185c5e7dbb46f86bdb3f486af2102e1abada2a1aa84950677f,27/10/1988,M,M,3228406931,1CFSP,S
2024_25,f9e9e7f4e4a7c721c244adafc143c21afaee33a958d9906b3d393b63778b420b,07/10/2001,M,M,3228406931,1CFSP,S
2024_25,79fa4cd49b3280e4c61fed069e37059dfbbd0eab507dff2cbf8bdad5144a57de,15/07/2000,M,M,3228406931,1CFSP,S
2024_25,96da4508edd81c8edefc8f9b542a22aded1c5baa14eafda05f6ea6282a59e428,27/12/1995,M,M,3228406931,1CFSP,S
2024_25,848ff2baf3c3186de740d06c91e109b6cccf63ccec2f2255fc0c36f8f715d06e,15/02/2005,H,M,3228406931,1CFSP,S
2024_25,8aa46d8a1e2b86d4b95a4266c3be6fa46e44861509c7555b94d81a9c00bf613a,09/04/2002,M,M,3228406931,1CFSP,S
2024_25,84162380168b3deb1e14611ab5153d7bd3b839732fda7bf2abe547e50782169c,08/07/2005,H,M,3228406931,1CFSP,S
2024_25,006542dce5f0cd5eb603ea33b80f4ae48e2cd260fc989ca72ecb28ceb34f38c0,28/11/2003,H,M,3228406931,1CFSP,S
2024_25,b86582bd372b3e8a5fe00713184891d748e605c3f9a53f198d9f03902c75d3c2,11/02/1993,M,M,3228406931,1CFSP,S
2024_25,40243e06242185263e8316bddfdd1356b940893f528370e6c4a05059b1f8b5af,28/10/1997,M,M,3228406931,1CFSP,S
2024_25,64ed254c2c859d6ca1be64e1c2909966d520f54315205544d7ff05248eda784a,15/11/1997,M,M,3228406931,1CFSP,S
2024_25,5e108d66c51aeaf302ec4afb64a39395d97f6c438983c00f51774e15ddc06b12,27/10/1985,M,B,3162075411,1CFMI,S
2024_25,c4eb67d6872ceb402c4fcd77bdfb320273029c3d4bbcec4fbe5e10c60be6d2a4,29/01/1988,H,B,3162075411,1CFMI,S
2024_25,aaffaf5408978dc6d346cb548fecb3a79893e0dcda9bd07e2abbf19d9c3b4215,16/11/1998,M,M,3162075411,1CFMI,S
2024_25,90585f6be3249db14edba3b933bac327aeddc34ec5444c22abeaa955c95992ff,23/03/1996,M,M,3162075411,1CFMI,S
2024_25,20d954da8d320d4aa7abfe792ab80edf639b60092aead1f78624320bff18f1b7,16/11/1975,M,M,3162075411,1CFMI,S
2024_25,8d29d9931d153d79e3e9a46ae6eb759caf2b2abf0e937949364a9e352f6c50e1,28/12/1990,H,M,3162075411,1CFMI,S
2024_25,5bd765d2a03f0450d900cf4b44f51ddccae565e4a7c17b003374015c5821d526,22/08/2002,M,M,3162075411,1CFMI,S
2024_25,a5d3876bfd888ecb65cfe3c4b88799339d0568a6e6746091d0650b7e904aac40,07/03/1992,M,M,3162075411,1CFMI,S
2024_25,69f2055bd71487cb086778620782a7ff3eee039273546c5f4300489e6e1336a0,10/06/1983,M,M,3162075411,1CFMI,S
2024_25,5b4f387f12ca15d3fbfbae770edff776a6d1dfd7de069ba26e8bead3a82b5d95,05/06/1983,M,M,3162075411,1CFMI,S
2024_25,e7af79143c10274cd8b74d8bd5587ab46ceb7666724f1a8db272e9d19bf7ad05,06/11/1983,M,M,3162075411,1CFMI,S
2024_25,a0b3d5257442b816e5850dfefc0f1ee9e1319698a9e2dc3a9ac2e8cdcc958274,10/07/2004,M,M,3162075411,1CFMI,S
2024_25,4d91547398a3c183dc68ecfdc7576919efa0cdccf51e0e313dbe35c16888142e,26/03/1999,M,M,3162075411,1CFMI,S
2024_25,2edf22354061ead665edc3d0e68d02af0da944fbbcd1567e76498a5b4001faa3,29/10/2003,H,M,3162075411,1CFMI,S
2024_25,43a7e5b4f128ed31cc36d616268b91b8d368234c3ab7a8c52e498c459b0c908c,28/09/1999,M,M,3162075411,1CFMI,S
2024_25,42633f03268a7238d9605e15accdb67a2bbb61a2f83332fa3b4efdfba86503d2,30/06/1995,M,M,3162075411,1CFMI,S
2024_25,7b3313add782fa220448332a8b1376c7aabec8da14bd4256f3d777065c902935,29/06/1992,M,M,3162075411,1CFMI,S
2024_25,4ed851b34ec1302f2c9730d30248f82863ae62e28483b9bef514b169ad84c79d,24/02/1978,M,M,3162075411,1CFMI,S
2024_25,2efc6b43aa5ba3a313c25ef3824fb844d1902caa2d4a8ec944d4a97efd2d0095,03/01/1989,M,M,3162075411,1CFMI,S
2024_25,2f4e3de53c400d00eae97f365a28e3df002c698aefeb666d7c12f8902ad69271,23/04/2002,M,M,3162075411,1CFMI,S
2024_25,186abf87a350419f70914aa6a7328eb8de89b3bf888d0ef26919b2a1a114a915,21/06/1982,M,M,3162075411,1CFMI,S
2024_25,9e236edc421111793b7fc9fa4aa50386b7963591fd5e5215dfe1295725c6e540,07/02/1974,M,M,3162075411,1CFMI,S
2024_25,f8047f113af2f23ccedb7016509f6a08da8cce8b66e5c2156a81606c854bf131,21/02/1971,M,M,3162075411,1CFMI,S
2024_25,97f70037496cf929f0167816d2ce74615945cc47c86712944c038cd2b16d595a,12/07/2000,M,M,3162075411,1CFMI,S
2024_25,f8f50666e63e1a227a33cf27b883162dded57a68f56f0eaae95ed88e94850245,19/04/1978,M,M,3162075411,1CFMI,S
2024_25,c0c23653eecbcdcd46d3ef7f8e93e7d504b1a1c24e768e673853f6894d1d0830,30/07/2003,M,M,3162075411,1CFMI,S
2024_25,e449f1f6dc712009533af2370c0659f9426cb18c0ab67bde81233d2d817f4e68,09/09/1972,M,M,3162075411,1CFMI,S
2024_25,3a853aedb3bb5f722608f0aef498b0301b761f81e28e7a5eae0bf0a9a2af9e62,28/06/1983,H,M,3162075411,1CFMI,S
2024_25,7b8c32b65930bbc36dc24265b6cede0378eb7b3199e89bd0d9fd9fc2691d41b2,08/08/1981,M,M,3162075411,1CFMI,S
2024_25,7bd7cca04748321da98a0db6d4f98cc1c7f69a3839a26577679786dfd379e6ed,16/02/2001,M,M,3162077600,2CFSS,S
2024_25,b35cae902ee1e0f77fc3935ce8641850e808f9d31d7a567ce601872468349fab,14/07/2000,H,M,3162077600,2CFSS,S
2024_25,e7f1740e599ba784b23355cfa361b9aa8a49c97622065d8919ca3d1fd844028d,25/02/1996,M,M,3162077600,2CFSS,S
2024_25,b2beebaf4ad9c90592b59490596ee3d553cc1ac2c1fd4658abf56595697b2090,23/05/1989,H,M,3162077600,2CFSS,S
2024_25,71e591e1fe5222a7192a627d78fd7eeb31b3610002eb2e40bc8c14ed125fcad9,19/10/2005,M,M,3162077600,2CFSS,S
2024_25,df168bb907e16d62af6d51c46f520e9d42f9169e5afc7ae30970eb40fb4233f7,30/05/1982,M,M,3162077600,2CFSS,S
2024_25,5141901e7649e68067948a5844956fe7085e0096c65b312b35ddcdb901f65531,08/10/2004,M,M,3162077600,2CFSS,S
2024_25,715884903e035ddf7fb5f3f931560712e12cf02790ccca834c85487d94730702,11/04/2001,H,M,3162077600,2CFSS,S
2024_25,7cb9f4fdc0d96881e21bdf0add9c8bd7f8850347350396076975ed7ce8ca3933,04/08/1992,M,M,3162077600,2CFSS,S
2024_25,79245699483e3e470a60c5052bd366de71b60c03b2010e216aaf94183538cc1d,02/10/1995,H,M,3162077600,2CFSS,S
2024_25,358347423f1523b34b9233db8c09e10309946c731b574047ff90134d0a19b3c9,05/05/1992,H,M,3162077600,2CFSS,S
2024_25,c64026e199e19db3c241a5236296a5e69f260eb3e15d8ae224c7202c8f2aeeaa,03/04/2003,M,M,3162077600,2CFSS,S
2024_25,17a346c4c28d5d25cd4445c9064b588d3447a53be8c76f3e8a52ee8eafe81469,18/09/1999,M,M,3162077600,2CFSS,S
2024_25,cd64894f9f3cc1c560459def0f9b33142b97b160babcb77730b314d2e886e301,10/03/1978,H,M,3162077600,2CFSS,S
2024_25,e6496a673f3edd268277f8727098421bc879de4813f649d2a1ab57a1c08002ef,04/01/1999,M,M,3162077600,2CFSS,S
2024_25,20cb72d3d4dbb7b8884d7de0436e866c94acf8151da77f1277c4d1471d53760a,06/10/2003,H,M,3162077600,2CFSS,S
2024_25,35f74ead5581107508c70dec03becc86cc2b9034f5ca68373a62d7613f82c235,08/08/2001,M,M,3162077600,2CFSS,S
2024_25,dfe3f26cb4a2273d5844650b284bd4746bc22270a1722ffdc23601b3ddcb640d,23/01/2005,M,M,3162077600,2CFSS,S
2024_25,b3e9e3e11068621959efb7a48807cee98b36e91bcc10eb3d5fa0af12a0f4dc17,23/01/2001,M,M,3162077600,2CFSS,S
2024_25,017af25779d1244652f25ddfbb47137b2f8023125d07aa4d95f2858a41c59643,12/11/2003,M,M,3162077600,2CFSS,S
2024_25,21a6d1458411be984fbc253d9e3c57fd5733cec6e206ac23cd1c7854ac971239,11/03/2003,H,M,3162077600,2CFSS,S
2024_25,e307ec5b13d88413c40866d98e7d0be6abd1181bc4ea3897ccd3e9a26603890e,28/12/1995,M,M,3162077600,2CFSS,S
2024_25,cdd5772f4af8680bc136f33caaea47cc4c316daf27e7f4e9e1698ac4ba67d749,09/10/1976,M,M,3162076035,2CFSQ,S
2024_25,40403543ca28910a205f6fbc75f6e098e25e92f248773ea1ff5732857fe1a54a,30/03/2002,H,M,3162076035,2CFSQ,S
2024_25,55117b7a7171c53c4bbd94e15d8031d7361ca25fd0014c5198880ec0099147a3,21/11/2002,M,M,3162076035,2CFSQ,S
2024_25,8da49f4a6544d6ea91fea34cbcc61c0512442a1ed8eafb4969447352e99dd4d5,20/04/2001,H,M,3162076035,2CFSQ,S
2024_25,6270a0d60bcca97fb0caa8ee93286dec151db5536ed4e44a9bc96996e75c49fe,24/12/1998,M,M,3162076035,2CFSQ,S
2024_25,22865518756d4bc821df87e6fe2901496212fb5bad8b7191b1a1d9ad93d6173f,27/12/1983,M,M,3162076035,2CFSQ,S
2024_25,4aeb981a6a6a729f913c85c3b69fb6e6850a42e5d7ec38a896e147444c0cc7e2,26/09/2000,M,M,3162076035,2CFSQ,S
2024_25,385b064aab1f7654a5258f0f7f6071580d72857707a1b63d658cd46dad83b8ee,17/03/1975,M,M,3162076035,2CFSQ,S
2024_25,771dc8cb373b7e76b9248bbfbe33e2519aa35d4814f26754b066b7b237539693,09/08/1985,H,B,3228390016,1CFMD,S
2024_25,e557a21c5e695328b52e1f0cd13099e8cd8a3d9bea3d015ed7570a13949f2fe7,22/01/2002,H,B,3228390016,1CFMD,S
2024_25,a99d5b5ad57635ab803c39600c2f0402475153985b4d3612151ae6694aea080b,05/09/2003,H,B,3228390016,1CFMD,S
2024_25,b105003007473a8b29295e51d03910d0e559f87ce6eb8bc22b6a2d7f264ce3f4,13/01/2004,H,B,3228390016,1CFMD,S
2024_25,868b6682b6a419f8495f6f88aebc1b32a8d67366531f8fdddd0a9c119a43ea46,24/02/2005,H,B,3228390016,1CFMD,S
2024_25,97480991023e4906c7a7274fc994f39e1c3a821bf2f4d189acac8a3f9e76344b,23/11/1982,H,M,3228390016,1CFMD,S
2024_25,986ea345b8c0f642d97dd03949254b5cccb491e1291ba3ce8a4033014faf7622,20/04/1991,M,M,3228390016,1CFMD,S
2024_25,091f0aff8be29e621752b1988c255c6685e051ec0eaa9d35ab292d14be59ae7b,22/12/1976,H,M,3228390016,1CFMD,S
2024_25,0aa2ac82970981e5479815ab23e6807178e8201d4666b1df8e338175a17bcba3,17/08/1999,H,M,3228390016,1CFMD,S
2024_25,aab5f40b804dc614f016403822fe921d88f988516f7be7f05da7b898bb04fade,04/04/1977,H,M,3228390016,1CFMD,S
2024_25,e00767f3258b7a304e2f7cac655589a610ead28b6e20f6b380fc4a79ad824144,02/07/1983,H,M,3228390016,1CFMD,S
2024_25,24a4bccc5b0771c5f3d1173bee9ac21672325ebe5036e763df7d5cf5c7c697e1,04/01/1979,M,M,3228390016,1CFMD,S
2024_25,1c9c573e9e121f78facac0c767558d6ae01d81df1535c36e1f971591faaff15e,08/06/1989,H,M,3228390016,1CFMD,S
2024_25,20d628b45db9576b0bc02cd36f49472503a2a9fadf7f84ad103edd80b61ac585,22/03/2002,H,M,3228390016,1CFMD,S
2024_25,cbc08df90d4424ece57e5a3556d095586104faf3177aaa899b721c950b0924ad,15/09/1985,H,M,3228390016,1CFMD,S
2024_25,c902644d1fe660d400e0ddce45518d1f47002123fae7c73fb165965edf201216,26/05/2008,H,M,3228390016,1CFMD,S
2024_25,0785071a961b79cdfc896b5ccd9c2d5c797f2539a528b7a03231f0b4f8146581,13/07/1980,H,M,3228390016,1CFMD,S
2024_25,c9db96fe2670f47b19160d6d8cfef91caecc9199c57e0427daf6754e37e28669,07/12/1998,M,M,3228390016,1CFMD,S
2024_25,acfd5b9fb9d054bdb5e32600e32a9d0971847419189974cd3bdbd63c96ba279d,19/01/2003,H,M,3228390016,1CFMD,S
2024_25,3da73cf9bb7f5a66b5c87dc6b501eb84ec0896f646042f7246a91e521fceadeb,02/10/1993,M,M,3228390016,1CFMD,S
2024_25,dfd0a0761c49c8152dc8e67bc80a9ccc047f0e0cbaddcad23a65891b7d04beb9,01/08/1998,H,M,3228390016,1CFMD,S
2024_25,c67c47ad6603dd98f756794b2beb0f624622ab000d06413ab9522c47bcc00dfe,09/08/2003,H,M,3228390016,1CFMD,S
2024_25,9187482328bbe0bc6ba54cf71c5ad3d42facb93ec2411b2c2a711e60a2c6ae19,12/08/1974,H,M,3228390016,1CFMD,S
2024_25,832844d3bca6ea76c1437ca62855e535540d6ee6b799bab6e20a9d928572b547,25/11/1975,H,M,3228390016,1CFMD,S
2024_25,bccf1e88557dd32b8e3437805733b76ad8b57acae25a31b04a41773cbd0d8c8d,08/08/2005,M,B,3228410748,1CFSN,S
2024_25,d13821a19b9f170c0220d77e439af1b95bf7df4b7145c40bedf0c1f62363f791,21/04/2001,M,M,3228410748,1CFSN,S
2024_25,9e351f9454d3cf82bf1987cd771f18890af08badf315cacf82ddc4fceaa00831,24/12/2001,H,M,3228410748,1CFSN,S
2024_25,eed35df4b8ae42a8f23d8276cc28bae95494e0cd562f2a5c2efa4b5d8c933777,06/05/2002,M,M,3228410748,1CFSN,S
2024_25,c53318b1713236644eb3a8fbad434134205482f92939bd7cdf4e8e5153c7ea0a,22/11/2004,M,M,3228410748,1CFSN,S
2024_25,b437954538af098ea4779c88684b9d3cb8c3f2c8cd8ea5b75d5ef72c16aaad90,30/04/1974,M,M,3228410748,1CFSN,S
2024_25,46f558944877ac8c7a6c3804c1da3f88ec7cb47592e9b1d54860604feb4ed8a0,11/03/1989,M,M,3228410748,1CFSN,S
2024_25,1685e44cffaeee5b178bf6f3421e1b4b3169884c2c60c44ae9e352412de5b44d,20/12/2004,H,M,3228410748,1CFSN,S
2024_25,a7b054d622af130fcb9293a3d26416b84d85014741cbeab28f77cd788b516eea,30/12/2004,H,M,3228410748,1CFSN,S
2024_25,4b9b5f04249a8a0aa511279a9a5082e876b7dd38b5e920bda4d110dc2580a7d9,20/03/1968,M,M,3228410748,1CFSN,S
2024_25,b8c4c8813de46562620a017dc74c7ba7fc58dbb2cd1ef5c14bf8f133c502077b,04/02/1994,M,B,3162079706,2CFMD,S
2024_25,027ca74d5e8d0ce9b9e5fa60811c1a539fd8dbc7b8a18df1d2127f60cc6c5e2d,27/10/1989,M,B,3162079713,2CFMD,S
2024_25,994ad8b46d13a4faa4c005ecb20612b1863781a152fe3075dea53ab8becfe528,29/11/2004,H,M,3162079713,2CFMD,S
2024_25,3eec8413d971cc7af436dbce5fb50de96f096340176ab6621465e4ede09369b1,24/12/1974,M,M,3162079713,2CFMD,S
2024_25,c97fc31e1e1c09a2307cd60fed3cee2d29cb07677d19f3b16094d09d238f749d,24/11/1972,M,M,3162079713,2CFMD,S
2024_25,288f42d9426e5ff8e8ade16a1c09bf81f352099bea9631a069dda1eb0bbe74f1,22/11/1977,M,M,3162079713,2CFMD,S
2024_25,28b9f2465556f037d48935028f3bd1c24740d1afa3b7d5fa28a29473976dcb34,10/03/1983,M,M,3162079713,2CFMD,S
2024_25,5c5f028cc00555651217b80981178d5139531a76ac4ee4bd4038433d95f233cd,01/10/1997,M,M,3162079713,2CFMD,S
2024_25,fa89dcf57470be67f0d7f76c038a447418dc721d26db0147ec3f6b39d83ea577,20/07/1997,M,M,3162079713,2CFMD,S
2024_25,b876a6b46f245538674d1733a1dbb6533ac32a24c94c74f7a3980a2027c7c521,29/12/1981,H,M,3162079713,2CFMD,S
2024_25,2cd90a49db2917d410513721cab2a5c5297155e491fb8909df05c65884a11aeb,29/06/1985,M,M,3162079713,2CFMD,S
2024_25,bd11ba441dec10b53d252bfda4192a1a2b3f02f251a62146a92089b990769c19,18/06/1968,H,M,3162079713,2CFMD,S
2024_25,9ca2f24a566439fa473c9753e02ddaa00b5f6d430bc388726dc4d55ee7283103,24/03/1983,M,M,3162079713,2CFMD,S
2024_25,40ee6375ac96a50e109e441d3f6c6913c8f2346aa7069c1f13717083bd70fd51,15/04/1984,M,M,3162079713,2CFMD,S
2024_25,6f2773875e0b7838de5cd98f14987565150522ffbb8033d61cd45466b9bfed92,13/04/1986,M,M,3162079713,2CFMD,S
2024_25,b69e4d084e4858b4fc5ecd2d22a21f106fe9cbce20fdf2de75561162617c2955,28/07/1985,M,M,3162079713,2CFMD,S
2024_25,143af0b8dd7e04e66bdd60a2f9cd468663dada9245867e08fb339f0b31dbfde0,03/03/2000,M,M,3162079713,2CFMD,S
2024_25,6d5ed34f52373bf07e606254c1af8192df8cfd5afa2ae76277ba160296be2b6d,15/12/1990,M,M,3162079713,2CFMD,S
2024_25,97110f7250782324898dfbc1ff54c5f7c1aeda57ce44d61d0eb2997183fb48c9,07/06/1984,M,M,3162079713,2CFMD,S
2024_25,0a55c19d5f571c0964a2c6976b12d357a68519bef8403d76655f12fd498295d6,20/09/2005,M,M,3162079713,2CFMD,S
2024_25,0dff825ce40aed07905ff4ec9d5bf4a3029a8cc28a7b35f2b47c069e881ad024,29/03/1975,M,M,3162079713,2CFMD,S
2024_25,c0e7999379153e1d269287dc998b1df4027e1e1da7d5b966e779e20909fa148b,04/03/1986,H,M,3162079713,2CFMD,S
2024_25,bd782fb3035bc18f5434cbeffaf5bf73b37f89ea13259f451fad6a77c2b1a9c6,29/06/1987,H,M,3162079713,2CFMD,S
2024_25,9dd94ea78cc424fa820792613a238a0375b81cd0ef095f1fb238a8904a491cfd,22/01/1998,M,M,3162079713,2CFMD,S
2024_25,64309deea76882c67e67470ee6fe5cc5b5b37657473ef5208ecd136f208314bd,30/04/2002,M,M,3228406931,1CFSP,S
2024_25,52621a25753a6bf19ae9257ebbaec9cc518915f4fe649eaa9b5bd1dc783b51f0,06/05/1999,M,M,3228406931,1CFSP,S
2024_25,cbda4dbe88410919474848d0b7020ffac3348011eb442f14e4f492cdfe06c4a7,04/01/1982,M,M,3228406931,1CFSP,S
2024_25,88564b49001659b85cfebf94a9d42a941d5b83aa3c2475de2432eb9f044ce742,27/08/2005,M,M,3228410357,1CFSD,D
2024_25,118ee637d91088196e5ccb982f9455c5d3a14a0d17b92b7b8435c6ad5f4f1f96,24/05/2006,M,M,3228381273,1CFMB,D
2024_25,08f2fe6a20c3373401dd6cc9baf5cfce44a232b4a82c0666007aa75827e8524e,02/05/2000,M,M,3162075539,2CFSK,D
2024_25,b7f603a584a037fbff99b08cf52ca7c374219b4468bd17570322e71aea593a60,31/08/1989,M,M,3162079790,2CFSP,S
2024_25,5f6ad72bd15ec22ede6ad7fa457d57f4791ab5f027d0f635b1b7d4bb3a856474,04/10/1979,M,M,3162075411,1CFMI,S
2024_25,3bd97418263e27d7a5892aa134ffa506170c6387be2792d183002aabb0b86f29,06/07/1970,M,M,3162075411,1CFMI,S
2024_25,8d08448cf800acafe04b68f6fa04f35d15c441ccbe658765c3ab92cb0bfec359,24/07/2004,H,M,3162079936,2CFMC,D
2024_25,362a6754483125d335aa747a3631172731d1707ae50efe4bebf613546f0c5a4e,22/08/2006,M,M,3228406931,1CFSB,D
2024_25,0fb0a7bbf0bf32439f8c865c6347f3036afede18ba730a2e105f08cd851bbef4,15/10/2006,M,M,3162075418,2CFME,D
2024_25,56e107d5499404c540be1a0a6f5a3b8dc90fe1996a17d74f921f8f0eb6f67aa9,30/04/2004,M,M,3228415772,1CFSS,D
2024_25,f0cae23e4f90196da2fe59ad497f27c07fa322b845f897e2d7d9215e2dc7053e,07/03/1994,M,M,3162075411,1CFME,D
2024_25,1144e3dbb5e49f6f87a8ed27ba70171ac3ed96662dcde4e9c6422af0ddca10f3,05/08/1994,M,M,3228406931,1CFSP,S
2024_25,0778efbb244a74934514f6651f9817676287c0a5415b5d29815ace1c4b2d97b7,14/01/2007,M,M,3228379385,1CFMA,D
2024_25,3c87e691a1f7011ac25c7751a89981120b23266b7e85e4ab802b1080925dfbdd,06/01/2006,M,M,3228406545,1CFSI,D
2024_25,5d3722b4f31ceb07ecbf3e7e3a90a67b9f4953143dc7f7dedfc812c79e581c5e,07/02/2002,H,M,3162078591,2CFSG,D
2024_25,ec12eb45409f9db1df1ba9b7013dd20eaedea031c7deb10ca6b858587e121003,16/05/2006,M,M,3162075411,1CFME,D
2024_25,7b12b6620db4b29e25f0cc68f6b5ba076036b9429c3e548ab964c355d10995dd,31/03/2006,H,M,3162077488,2CFMB,D
2024_25,d81da945a47eba83341f4ac8aea94f9dc6732c7fe2310d9c9118900aeb11153a,20/03/2007,H,B,3228390016,1CFMH,D
2024_25,3f037844a9647d20e5f72d1fa8d954c918b3db8d2106c9866757a01d41f5954b,04/10/2004,M,M,3228415772,1CFSO,D
2024_25,bad52ec410ef9ce0051f70ec5c38daf52646cb8007be67b3fe41a946a1fca973,22/12/2006,M,M,3228415772,1CFSO,D
2024_25,b7f57d1a9d04a3e6007ef528923e74c6a7c626f96332ca150312fd2d1c516728,05/12/2005,M,M,3228379385,1CFMA,D
2024_25,972661a5ded9b351208d3e9d46c91f13f8b0f21cc39df20e321d725890e177b9,23/06/2008,M,M,3228390016,1CFMH,D
2024_25,e4f80a872e5669bc72767e644d3deb5fb308c6dc5686e6a2333c9af027d50f04,29/04/2005,M,M,3162078584,1CFSG,D
2024_25,7ad5d79f2789ccdf6327086b96195426cd2067dac2c2a7238174e3f1ebf01e22,02/04/2006,M,M,3162078584,1CFSG,D
2024_25,ff8777ccc025f7ccf38e69374bb0f30bdf5e31af2943584663f905ba916e147d,16/12/1977,M,M,3162075411,1CFMI,S
2024_25,fa9b547158a1ecaf7e10f84241f139ce5c72ce90f70205f0fdfbd27149f1ecf9,20/06/2000,M,M,3162076035,2CFSQ,S
2024_25,6eb5677aa3e0cb47855c69bad3634f08d6a299d66396aaf328fb504a58a23a34,12/10/2005,M,M,3162076035,2CFSJ,D
2024_25,ead8f576bf6ce60dd74e4a37cfb5fdb8f7243ca6c95fcfdd38e117c65d07e44c,12/05/2000,M,M,3228404816,1CFST,S
2024_25,11e445effdfacda93c1c71ec575ce060f48a5d467bc70c86a543216a10881077,20/04/2003,H,M,3162079993,2CFSR,S
2024_25,ef4d79efa0a1b22adac94b2ad2adbcd3edd3092d481749f33ab681f28528d9f1,21/11/1997,H,M,3162079713,2CFMD,S
2024_25,7d260809aaa96b5f88124c794a446627aa79fda697b6cb17caf887cfcfd420e7,10/01/2004,H,M,3162079957,2CFSH,D
2024_25,cd498e98b52761cf73b95dad8aaf9681853e0f0b1819c2b7eb575db63e4454a2,05/07/1984,H,B,3228413382,1CFSL,S
2024_25,623412e342bdd8722ea26a6dec592c5a1dff9deb800867381c8b032223b956a8,16/11/2000,M,M,3162075411,1CFMI,S
2024_25,bf3f4f28324c3218e18c8335a0a1837ea0f0f49fa813616cafd62c89946a6365,25/12/1995,M,M,3162077600,2CFSS,S
2024_25,b8590c9158241ef9e50c6e2869590385492e89dc85527e39fa482066ca2a2d73,27/11/2006,H,M,3228413080,1CFSC,D
2024_25,9ac16bba90597ba91a766c5d82d02b2ceb323c3a226e7b1331abdf1addedb978,11/10/1993,H,M,3228413382,1CFSQ,D
2024_25,d0a0fa4a3759fddb967ad99422e20c543e10b4402ac1ca77926fb36686eeb146,12/09/2005,H,M,3228413382,1CFSQ,D
2024_25,c79bcbc3969c61f8d6072a8082f86584d8ce075ad5c33db78c88bd3b569ae8e7,24/07/2007,H,B,3228379385,1CFMA,D
2024_25,d42397f3ca5aa5d233525300f7a803acafa3de4eceab07e106838913c0652410,26/09/2008,M,M,3228379385,1CFMA,D
2024_25,892a93402fdfd17fbd88dd9f902cb8f88825cc61c4ccd684d61f574323397984,06/03/2008,M,B,3228381273,1CFMB,D
2024_25,3cccfcb8ac6ff07c4044885e185e214ac736075f2dd75c2bef35effbad50a9be,08/11/2008,M,M,3228381273,1CFMB,D
2024_25,8f00023f27a98d52ed9a1f1de2bcdc5a1ae71052cebb74e19eea9d92bd02ffbe,19/12/2007,H,M,3228381273,1CFMB,D
2024_25,9afd3f863da947e536d078689794419e94a9c8861b23e22bc541e50e859bdd42,27/05/2004,H,B,3228406545,1CFSI,D
2024_25,247d0e78f50d6133c8723c6195ca3b35453adefb4cc6159995f6f4879fa03b49,27/07/2004,H,B,3228406545,1CFSI,D
2024_25,326926eb8107ee630b12bf15d71ea51345f7ff33db0f3e9d26a21d129b40a88d,20/03/2005,M,M,3228406545,1CFSI,D
2024_25,3fb41cc7aeb24d65ac1fdcd1f2c3d48b4d1159ec7e9c8c64ed9c75264e4f6424,03/06/2004,M,M,3228404816,1CFSA,D
2024_25,252a32167aa02f42e9280f38270f85fa5aab05a829285d000cf47baa6ffee1b7,18/03/2006,H,M,3228404816,1CFSA,D
2024_25,09df3749b33c5e50c10d4bd62f7f25f8935679e00ebc243c9348c5e5eae87b95,16/03/2005,H,M,3228404816,1CFSA,D
2024_25,02d8d53e0e470440a1ce21c966f88381eae7174782951571d8abd7b53785fa70,19/02/2003,H,B,3162079790,2CFSA,D
2024_25,3a37dcfab92c7ebe47cd25814215586358f19611b2fb44cb0af932986c29d934,26/10/2002,M,M,3162079790,2CFSA,D
2024_25,78a3f18744f95a2c7e3c0ae292cd3c4e80eccd773d33ded818a73e7d2b8ea868,31/03/2004,H,M,3162079860,1CESCIB,D
2024_25,57e72920caab7206f9feeb853727794717d4b5f6bc34487dae9258d202ce2e2a,23/04/2004,H,M,3162079874,1CESIAB,D
2024_25,90850a063eb8f58762668fb6d9bcaab520b8fdd80bef2c66d614e70f778bb63b,29/09/2001,H,M,3162079957,2CFSH,D
2024_25,d46660c8d444832a8d33ab5dccb73d6780e73a4115cf78a2196284935d0c695c,06/05/1996,H,M,3162079957,2CFSH,D
2024_25,e1fa5399686a4a29ca1f422357b1509019d4486fb7a00a9c806c933b2cbdee5e,21/06/2003,M,M,3228406931,1CFSB,D
2024_25,72652237eb60348ec2c77fb2768cb960718a7055d2cd7a85f7fd7c95bb6991e0,05/12/2000,M,M,3162078591,2CFSG,D
2024_25,cc7db96f1b0950779f80c79bd433abf075056a83546769aacaacb1ea3f1e2d42,20/04/2004,M,M,3162078591,2CFSG,D
2024_25,f62160c6b42c563d7748881ffcd7c9cbf65cd7f20970a5accac17ec1aaca01a6,02/03/2003,H,M,3162080071,2CFSC,D
2024_25,6d3aefa05b66326098331ecdc2f938a84fd05183b9cceaa7c72082da51fff5a3,19/01/2004,H,M,3162080071,2CFSC,D
2024_25,d1f42001f8f8002e91d4d995abed70a3307767c790ffc33f8bfa1d6bd03bbbd6,21/08/1989,M,M,3162075418,2CFMF,D
2024_25,e52d1cbea642810eddd23f812a47298da3bbde19e4412888ac2133391ab09363,20/03/2007,H,M,3162075418,2CFMF,D
2024_25,6726378a5046a0864392b8125c40038ed6c42b906efec232948c6e9b250267e6,16/12/2003,M,M,3162075418,2CFMF,D
2024_25,5bb6a69f841809740087d107aa5b0956ac91db7969d1cd1cec4432058c7d7b5a,15/05/2004,H,M,3162075539,2CFSF,D
2024_25,2ebf049894bdaeba7ea27f66d2f2e877d24b3ce247163641274582dbc1926faf,02/05/2003,M,M,3162075539,2CFSF,D
2024_25,f47415c9864d600a4bd3cc14f887902db53336cd2d26b0f390f9c1e6281805e5,17/03/2000,M,M,3162075539,2CFSF,D
2024_25,e5d8413e6b550f33733882f5ad8aac79c8f4d3faa4a6647a0e654f3bb6f6b080,20/02/2006,H,M,3162077488,2CFMB,D
2024_25,a590ed1f3873a3b910544c2160bf1938c325e1b5579a365d6713577c8b741347,25/05/1990,M,M,3162077551,2CFSI,D
2024_25,51ba3e20e0d0b023609c043e2599cf2ab9d8acb16e96940ab069a66c2553e08f,23/04/2004,M,M,3162077600,2CFSB,D
2024_25,ee3e9df092da331541d83c266b944d2c9c5acbce79426e8ab367f935edf6c7fc,15/12/2004,M,M,3162076098,2CFSD,D
2024_25,de919fbeb665b6f27512d63d9249b5cd7ce61cff1aec40bc7fbefbb5fc953a69,07/01/2006,M,B,3162076119,2CFSE,D
2024_25,1222a23776f7f5bb7c69319ef20a31b83563cb9c64974864bb24673e511f53b1,22/11/2007,H,M,3228390016,1CFMH,D
2024_25,b72ebe693e119a3d1912c3db1bde9c9e2f5b4386af7909b143e7f8046eef9bf0,11/10/2006,H,M,3228410748,1CFSR,D
2024_25,1076a7e61a8af788675b68090326b12080a81f374eb459f011aaded8b5ba9a50,05/03/2005,M,B,3228415772,,D
2024_25,1076a7e61a8af788675b68090326b12080a81f374eb459f011aaded8b5ba9a50,05/03/2005,M,M,3228415772,1CFSS,D
2024_25,7fd4e303701d77dd3f7dc9f45bc82f1f5201a7b8a462e273e73c88e5a506a520,19/10/1997,M,M,3228379385,1CFMG,S
2024_25,57f8495b8c6bb4ed67170c4287d47a0d8c7584b0aad764f9ace778acab2b6cd0,14/01/1986,M,M,3228404816,1CFST,S
2024_25,5bb2f2cacb76db8a7948d3da9c3d9e272af694a6ae18db1a55f7735f0684ca24,23/02/1989,M,M,3228404816,1CFST,S
2024_25,ee0b8730e1618d1ae5f1a285382e11557542bbfa5805f5a87a69f7b49dd9373f,06/09/2005,M,M,3228404816,1CFST,S
2024_25,3707c0ff9d1f05c2e44de04edccbb9d58db0d1a1ea2b48073ac8616385f4a634,02/04/2000,M,M,3162079790,2CFSP,S
2024_25,adeaf85c59ecb5161315acea813973a395fd45b06e02194b2cf6472e151c2069,14/07/1972,H,M,3162079936,2CFMI,S
2024_25,594335ebbaac5743c659b341532969f1f33eba3041cf91f8ac007d301c7b8bd6,26/10/2005,M,M,3228406931,1CFSP,S
2024_25,0e64a727865cab661f424785d365655f9c1b71c56a91d7c18ee9c5ae83137f84,13/02/2001,M,M,3228406931,1CFSP,S
2024_25,d679bb5bdeddd5428ec4b7c5e3e3b9a4cd503012a11f908d1df8053f60a0e3f7,08/12/1977,M,M,3162075411,1CFMI,S
2024_25,856f317d08507f0e9cb35c05e55d6b042ecb45325a4a3306e90a1a734d2f2038,18/03/1991,M,M,3162075411,1CFMI,S
2024_25,d7e133d66cd6f567d4884754090e9d33740f0542a33ac010ea48062fb6ac8dbb,28/09/1978,M,M,3162075411,1CFMI,S
2024_25,e307ec5b13d88413c40866d98e7d0be6abd1181bc4ea3897ccd3e9a26603890e,28/12/1995,M,B,3162077600,,S
2024_25,6e01d5805b347ab08a8a521c3eb6ae83c535e17cc02d125779dac9906ac1a6b9,26/09/1982,H,M,3162077600,2CFSS,S
2024_25,9134656355d3730cd8f30f1ee23517a834c55321ea248cafb6f6be75643365ad,30/11/2005,M,M,3162077600,2CFSS,S
2024_25,a8d3a76dfa95255905a2d381fc2fe41949466741f0f0583c8c2c507e25cfc590,23/01/1996,M,M,3162077600,2CFSS,S
2024_25,4e2b8c3d4c020d65444306a75f25a18d5ce1f7dc3d1d8afb7318c5f76becdc27,12/12/1973,M,M,3162079713,2CFMD,S
2024_25,5e4787813254b45f0e608d765e39d11be2b074ab64742db88cea7a0ec89d7634,07/09/1990,M,M,3162079713,2CFMD,S
2024_25,650e472add0b9c8104c6e87b1947edce7841c4eb8ff3cb0df1c9f819ae771bda,14/09/1978,M,M,3162079713,2CFMD,S
2024_25,6af52f50931afef130acb106df901fbef634de98186cec67dd99ba4c3746606e,01/12/2003,M,M,3228406931,1CFSP,S
2024_25,6e6c9aa1ef038cf9e5b872c3be28d943a7fa0cdea21248882cec25518e562191,09/03/2002,H,M,3162079790,2CFSA,D
2024_25,b83b5986b316cb9ca6984c28d694b20605cd991ae231a53076dcf608ebe2a05d,03/06/1978,M,M,3162075418,2CFMK,D
2024_25,f6a7d2078814c5a3aedc082684fedb81ff8cd09144e182c4d865c8ca4c0a9d4b,26/05/2007,H,M,3162077488,2CFMB,D
2024_25,6b4ef71c8a665c6f7b36ddac0c68b3099869808abef4f4744777886945aee39c,13/05/2005,M,M,3162076098,2CFSD,D
2024_25,d6bb90b2c38089ba4f5dc28d5367f77104a2b43bac06460fe9bfc94c3693fef7,04/10/1976,H,M,3228413382,1CFSL,S
2024_25,3d49daba5c4f953c780165526e1b476e90947883e6a50faea53ae70b9149249b,07/10/2005,H,M,3228406545,1CFSI,D
2024_25,38c5d287e2f983903ec6cd0e2f601e3db9c877bc847318af808469c90550d61b,09/08/2003,H,M,3162079957,2CFSH,D
2024_25,89cf0a66566c86c99a42d9fdcdcd36680b6a1cf332cb79b1827e92532d2e9f40,03/07/2004,M,M,3228406931,1CFSB,D
2024_25,3c6d20ab31bdc36b9843484d989d35634f0ce4d25887d36e099ee16b06caef30,05/03/1981,H,M,3162079936,2CFMI,S
2024_25,cc7ee9913f84014ef73b35c9d35fc2408d598bc0b906fd8d85f68fbf61c36bda,11/08/2006,M,B,3228406931,1CFSP,S
2024_25,733a134543209144b59bce938193236cd4be55249f0b9315099cf800d8067b68,16/02/2004,H,M,3228410748,1CFSN,S
2024_25,7e0ed0f89c897b0e3fede7347c6156876b127b88fd34c12038dfd749444aeb02,23/12/2003,H,B,3162079874,1CESIAB,D
2024_25,2e34e0062d6dd956ea71d1fbd7eeb2b91b8ee72200cba4032a18ba4582e3a54d,17/12/1987,M,M,3162079790,2CFSA,D
2024_25,65b8d9a11d68a7c820dd2bcd4fa5983ba99cda1d5891d7dc38e3c572efe1bd4d,28/09/2006,M,B,3228406931,1CFSB,D
2024_25,57c335a0bfe2c74014a66e1532106ab3d80235bebf3cd46a96e805925c309740,28/08/1991,M,M,3228379385,1CFMG,S
2024_25,e3c77a3435f48aff82946246317602355a2e219e5b5a013bf966d59ac0eb3eaa,06/04/2007,H,B,3162079936,,D
2024_25,e3c77a3435f48aff82946246317602355a2e219e5b5a013bf966d59ac0eb3eaa,06/04/2007,H,M,3162079936,2CFMC,D
2024_25,14259f4707308cd9fa6b03acf1f887d51ea844ea1fd6e12f89afa158a82e3d78,07/12/1987,M,M,3162079957,2CFSH,D
2024_25,3118987212474423b77e21ae0b4b1a081e7f3de7b08134de2dbf376d2ae11c53,17/01/2004,M,B,3162076119,,D
2024_25,7583f648a5c0fe3aac388c64097ed996e8f085163d129b68572ca9035f215d7a,10/08/2002,H,M,3228413382,1CFSQ,D
2024_25,13a5db0c47e6dc1b97e6e4b545ba2a42ef13e0e9040144aca8359463ce78bcf8,13/07/2006,M,M,3228404816,1CFSA,D
2024_25,83c1c03d6940a8d436ba66b459f1047f059287da34de4fd74884c6502bb39e88,30/06/2003,H,M,3162080071,2CFSC,D
2024_25,b16a490e397b7c3feacde13a9106a904e9f9f8f4bb35891010039405f7412c68,28/06/1997,H,M,3162077551,2CFSI,D
2024_25,f9fffb68076a4b663661e3d50432ba354629931b7d5c60f7843ce06c27b68dfd,10/11/1989,H,M,3162077600,2CFSS,S
2024_25,f16c0f4025b1883c094ffc6b9252bbbcedad6a67634eaebdc5c8af8634cf2142,18/11/2005,M,B,3228415772,1CFSS,D
2024_25,be6a5e4ea5918828eb06a46592493839b22394d68b72a4fbbbf4affd2b7d52f4,03/08/1995,H,M,3162079993,2CFSR,S
2024_25,9b1376cd31279c11205781e5b7442390476c9c4471405dcdc9af50282f734b65,26/10/1976,M,M,3162077600,2CFSS,S
2024_25,78831c6f736759057d94aaafd2795daa55d946fbd3c6678b6116b2ac765bf558,13/10/1995,M,M,3162079790,2CFSP,S
2024_25,d1ff9d280699448adc143be5238c1f42d464ec44b1264054f22a40b45dbc09b6,28/04/1978,M,M,3162075411,1CFME,D
2024_25,a32d148f0fda12393df7bf5167f7f98947b679755a4666e359118a4a659dfd58,31/05/2001,H,M,3162079790,2CFSP,S
2024_25,c2a2b76fb5b357adcf7e78e07a471641ecbea40363f48246386c490d563a1d4c,26/12/1998,H,M,3162079860,1CESCIB,D
2024_25,de566b6a2a8d10ee8503929ce8a49f91c7baabf2efb250039406c59b8dd09a37,22/11/1977,M,M,3162075418,2CFMK,D
2024_25,0f98778b2e93bd529ae50a3d7f388ca704a53bd9abae771cd50b01aeaf7bcdbe,16/08/2006,M,M,3162077488,2CFMB,D
2024_25,e2aa4a7c7b589f52efdab3957691f7e97096b7e8c67f1d7be26a0f80e41832dd,22/05/2003,M,M,3228415772,1CFSO,D
2024_25,10e6c7673e55321137f4ac5844d13f53c9b3f4f13d78f3697bf8e3bc516446b6,12/07/2007,M,M,3162075411,1CFME,D
2024_25,0dd45072b7eb2d23d8c0b1c047cb47f3373d14390b37e039b1626707d929617b,14/11/1991,M,M,3162075418,2CFMF,D
2024_25,5d3e379316eaeb2bfd0d41b2c1a60a84d43f1ed956287670f47553f8b8123909,02/05/1966,M,M,3162075418,2CFMF,D
2024_25,685dc161f8fea5897a4423e3f5210c6c83f193a4db407a66e7fa05da694379c1,30/01/2005,M,M,3162077600,2CFSB,D
2024_25,a587efebaf9d003edd3fd320522586b575f2d2019621e95ab36cc84f27938c26,20/05/1977,M,M,3162075411,1CFMI,S
2024_25,ea212a9a3377d948bfe71195b3c27cd36c51055c875cec6bf7328c011bbbc360,11/10/1991,M,M,3228404816,1CFST,S
2024_25,c660fcdbfd6bb908f55265979d71f7fda0413c09afd0c768a9abfcedbe4a30ce,10/10/1979,H,M,3162079713,2CFMD,S
2024_25,7aba2cba017da4eeb6bdf9fcde48a949c632972ff8ad40e93c19f3fb9991df10,01/07/2004,M,M,3228406931,1CFSB,D
2024_25,dc51c65ee31fb4dc3997e9a60511fe16f4556dd86808c590764def501e1192f4,15/08/2001,M,M,3162076098,2CFSD,D
2024_25,fed7d13d8ec1f3a557f1c8ecbe1088cbc57466966298a5627c1078fc13f7e84c,16/03/1992,H,M,3228379385,1CFMG,S
2024_25,fe5b596c9399fd40327d5c340b18124f638f23835f2d3444f3866b1f7839bf3b,23/02/1980,M,M,3162079936,2CFMI,S
2024_25,1330aa0e83a98048d6e857339f38007e58c631e4d4b1504f940613b74e384981,05/01/1987,M,M,3162075411,1CFMI,S
2024_25,61c48e8d8afe5f55822ce7b1004189c0b6b220199cd510c3bda75ddb840602b2,23/04/1998,M,M,3162077600,2CFSS,S
2024_25,46b4e0d0fae40d4d66498c484c85938031cb98fd5d974e1e33fd41e5b8295476,16/10/1979,M,M,3162077600,2CFSS,S
2024_25,cbd1769f5af88219c495e2ed9cca215f463fedfd66ecf03cae503e5e67027313,29/07/2002,H,B,3162079790,,D
2024_25,cbd1769f5af88219c495e2ed9cca215f463fedfd66ecf03cae503e5e67027313,29/07/2002,H,M,3162079790,2CFSA,D
2024_25,02607fbb0097c3b56ef95af4de80a6dd8bb2345589ccb86e7398640efc1ad6ba,03/08/2000,H,M,3162079936,2CFMC,D
2024_25,dba67911054d7f8e39d63085c6bf2039ac066208f23f647abc83c585e38b2808,29/10/1987,M,M,3162078584,1CFSG,D
2024_25,73c04ef00c54c63432669979a4b78fdde28c1f884f9fc745939ea78ecb22c7b1,11/09/2000,M,M,3162078584,1CFSG,D
2024_25,a61c190ad465e7c5d41dbdf50229818f5a261a8a6489173dcc85858c42b1df98,11/06/1996,M,M,3162075418,2CFME,D
2024_25,e033fda2a46273b792012dc362d99a897fb1df35153a077ba8a847feac0600db,16/06/2005,H,M,3162075539,2CFSK,D
2024_25,7888e23eb14c53f519c290e356bf9ff2764dcf5b0b75658ed835e73ba4dc597b,29/05/2001,M,M,3228415772,1CFSO,D
2024_25,95856f58af76b8a3e5c0e14ee6cd4e16264b94edf2d1f6afbee006468fcf6c06,02/08/2001,H,M,3228379385,1CFMG,S
2024_25,5db9e9ac86e40c6a4cad69cb57c86fcef94079f3cf82d2108c89db67cf66fd9e,03/04/1975,M,M,3162079790,2CFSP,S
2024_25,666890be908b85112bcd733795e47c0d12dc8b0f69f3257b873f0a72fb31bcd0,01/09/1991,H,B,3162079993,2CFSR,S
2024_25,dabe31d8aad0bc37c9f3b7c511c017831b0632e81b58ef3da5970725d5a92e33,03/11/1972,M,M,3162075411,1CFMI,S
2024_25,93df644e40d530d37df2a2eb8f35e946e0fc61103254350b794cfe287421d8e7,19/03/1998,M,M,3162079713,2CFMD,S
2024_25,f7aa3c1598d0821089badad8a90bec67747ef8a53d935ff13f7ce1d26e6b741f,11/05/2003,H,B,3228390016,1CFMH,D
2024_25,3b159c689f5b245e786928b5bfb202cc65c41202763eafebd1de1807efa01bf2,24/12/1988,M,M,3162075418,2CFMK,D
2024_25,df52cf35404de0f324a36b4dbf11cd459843820c3d12be9d835b3078a1053542,20/12/1984,H,M,3162075411,1CFMI,S
2024_25,be404d17718900c0d634d8b8c6198f6c79c98c32487cd2feab10b61a5092a2d7,20/07/1992,M,M,3162079713,2CFMD,S
2024_25,43167fe7fc112a686401ed8e6be6c1417823c8a568650a119a57c4f6d69f5fb0,17/04/1981,M,M,3162079936,2CFMI,S
2024_25,dea4b0e707a3b559002d4c79c6b9690c5e057929e0bfc82212e7557fe36f19e4,25/02/1989,M,M,3228406931,1CFSP,S
2024_25,792892ec74382162228dcd53b8d7534ee81b14be4a0411a286505c3bfc4c011c,24/10/1989,M,M,3162075411,1CFMI,S
2024_25,db0289124ac74a45bc14b4fb744f72e7eb1b58874c528bb92f026f4d19fcf0e5,25/04/1983,M,B,3162075411,1CFMF,D
2024_25,880e30ba77abc58a707e0f2dfb372d027e0e495630a8149d9bc849813b9a2eaa,14/10/1991,M,M,3162075418,2CFMF,D
2024_25,b0d4e3a0de66ccd32e41815c55becc9e5f0e14b2d7dd4f0fe3d7c2a1a670435d,17/02/2005,H,M,3162075539,2CFSK,D
2024_25,0c89d9e0876a75b80f3d6a1ead304f2a774cb330cea820fa8ccb84260a7dab53,09/07/1996,M,M,3162079790,2CFSP,S
2024_25,de2e5d9ac74a74b07f223b9d127868953c7aba57ce7146c2f48ad7eae4ced575,26/09/1988,M,M,3162079790,2CFSP,S
2024_25,02b5357db254c70b9853949db0de64c0aba50d9863a113140767da574c2097f7,05/05/1979,M,M,3162079790,2CFSP,S
2024_25,83b3ddc6c475ad4e220122c9875e12ae30c6292ad905b4883b99e3b188fb0c0b,29/10/2000,M,M,3162078584,1CFSG,D
2024_25,e8650b1db71ce7a2e6aa5c707d4ca389c9f5305a63347bf219ff3999bf6fd0e4,30/09/1998,M,M,3228404816,1CFSA,D
2024_25,0f0a955f9360b11733a44aadd48d992fbe75cfdb677e715bf007679e86f5be67,29/12/1994,M,M,3228404816,1CFST,S
2024_25,8fcae7fadf79f2bd04e11e4cd85049286a1ca8d42ebb55d5cabf18fbadf8b30a,25/08/2000,M,B,3228410892,1CFSE,D
2024_25,bee394c6dcca27c75b03810f98e59a0cf396438ca0788807c3f5ab309b1f3181,13/10/1998,M,M,3162075418,2CFMF,D
2024_25,ad14b5dbf367c1459d4773538df196816d582d4cff9f51fbb6ce244e89e21644,19/11/1977,M,B,3228410748,1CFSN,S
2024_25,0e9dd1d0c232511720ce409996fd7b71154bd1b93f2d6c72ff4cbd66b1f86974,28/05/1998,H,M,3162075539,2CFSF,D
2024_25,1e98182117b2cb4208bc4bc5e6b2060ed7da3fee387ab5e41fbf3cbcdcfb93d0,26/04/1993,H,M,3228413382,1CFSQ,D
2024_25,109310ce6f259c54c9cb7a7e1952dd46b1b9a7141cab4f70fc481758e6484ae4,27/09/2001,H,M,3228406545,1CFSI,D
2024_25,a3b81a8e3f5ab4ff7632b765c939531370335f253b46bf19546986116389dd18,20/03/1996,H,M,3162079860,1CESCIB,D
2024_25,ac820590e762be695a40d8e6505d83f05a7cf5eb017385cdb1e28923896742e9,27/10/1969,M,M,3162075411,1CFMF,D
2024_25,73d9c3de9fb3a330b6fb02a68c83d4933baf10ed0e98c9ed6afdbd50892e3980,11/10/2000,M,M,3162075411,1CFMF,D
2024_25,1f711c787bbb0b26681a54e383bda27b92459aa2b460cb9848c516b18ba75a1b,19/08/1991,M,M,3162077551,2CFSI,D
2024_25,43ce725a46ba0ecb31cfea9b5b6c941c22b9f1b6fecdbaf74454eb1092ac7577,09/12/1994,H,M,3228413382,1CFSL,S
2024_25,f3b5ae688a0da4ee9a402b7ff966a7122c451e284a7709cc7d9041b1ae545339,14/11/1983,M,M,3228379385,1CFMG,S
2024_25,83ca375fd66a95facece68af32f065666afa5ba589cc13ccd595e85a6add96ce,26/10/1989,M,M,3228379385,1CFMG,S
2024_25,a22ca2aead96739fbe0a760b89c29ea50cfe25eed677f0cac4bfeef4408b197b,24/06/2000,M,M,3228404816,1CFST,S
2024_25,1bac9b3d1062b0dee5808132f2c53009b3f6ce6d426fba3a11834bd3aa26e21e,17/09/1975,M,M,3162079790,2CFSP,S
2024_25,ca705fcc2a597e485f9c15a844428df19557e7df42696edbc4096eb246bd1be5,05/05/1994,M,B,3228390016,1CFMD,S
2024_25,335d3af0bff5b67c76895e15fb643c149ccb3b1b1cbf5e20d9952e14ed2d7a65,06/12/1986,M,M,3162079713,2CFMD,S
2024_25,15863fc7fde487861197fce158abdeb3bf1bec6673200d901193aa05205d4484,22/01/1989,H,M,3228390016,1CFMD,S
2024_25,e11c78271297f7af413958510411fcfb7add9cc7d3cac869ea8793933f4e264d,04/06/1968,M,M,3162075418,2CFMF,D
2024_25,2a6a4e074b91e0940cdad17a850fda70d26c391eb941c4ab7a3740f5ce368b94,28/07/1999,H,M,3162079936,2CFMI,S
2024_25,7e8f89eec94d4c7eb18707a2eb46e7177362ba9d6eb4f775133498fcfc8a5c2f,30/09/2003,M,M,3162076035,2CFSQ,S
2024_25,05d5f22341d78f49bfb0697c4a62828498173286ea8987bcc1682b1445084ab8,14/09/1985,H,B,3162075411,1CFMI,S
2024_25,5349136ea57cf06102bdd2ca6b12daa4a15944b4a05a413bdf98bfdbf7761b78,01/12/1978,M,M,3228390016,1CFMD,S
2024_25,ebc0cc1c1d35a1e5f445c8c563772509a1067e38df2753d2a92f504938a4b1f0,06/05/2006,M,M,3228406545,1CFSI,D
2024_25,bbb227070bae8194e6a90460dd3bcc1ed0eca93a729b7f074cf0517fe8e5f01e,20/03/2002,H,M,3162079936,2CFMC,D
2024_25,db6f327ec7840cf714f59e0bea8efdd58d5e04c15ba0ec4d89e7527c7c66fe41,11/09/2003,M,M,3162075418,2CFME,D
2024_25,6f0bb76a6ca11427a14e1756950bdcdaaf79e63529c5f8f310a51752248bf9d8,27/04/2006,H,M,3228390016,1CFMH,D
2024_25,09be20bc4db7c2c25aacf4bf0386d6d5c4c84fa17cc452f1797cbe1bc228d1b5,10/07/1985,M,M,3162079713,2CFMD,S
2024_25,86190564bf6c15f0364ef2ee42d692120d14c0410dbec7e5ba55c159a431285b,31/07/1977,M,B,3228410748,1CFSN,S
2024_25,a58800da62d344b5d05e2a5de3434b5a8f847f0aea4aa8423ca3ad175a9e9938,10/03/2002,M,M,3228410748,1CFSN,S
2024_25,c452dbb8e24f4eb68b6c1ca8486a366e6ac2df4936af36b1ec8d98ca087c64a5,14/05/2004,H,M,3162079874,1CESIAB,D
2024_25,55194aaebbac85a1279028fcbb29dabf38d64edc3409c1633d40712cee4799c9,26/07/1989,H,M,3162078591,2CFSG,D
2024_25,949788630f0909f20d1efc33551e377364747e730726520b497bf619b0721b01,24/05/2004,M,M,3162075539,2CFSK,D
2024_25,d7b92ec61bb928a327987519fb8ff3f35e02343d75c10005f5585721fee09957,28/05/1978,M,M,3162075418,2CFME,D
2024_25,667978f8a7facb69d8ca6633857be809c85ebc2a4e632fbbe9c5a64cea40e86f,22/09/2003,M,M,3162079790,2CFSA,D
2024_25,652a18ad633f7ca3917a1abfb1d1a1d930f59b90207c048e56680ad83cdfb4a1,21/06/1986,M,M,3162075411,1CFMI,S
2024_25,6fb8284188dd70319ec9b2ea8d19b2037310e9ab85136810138d36b5f7e19a84,07/02/1987,M,M,3162075418,2CFME,D
2024_25,fdeabed11c091b3989bba356c31f39d18d4628089c69cb5d062ddf46a8c77759,21/05/1990,M,M,3162075411,1CFMI,S
2024_25,b6e94fa519add534643b6641664666002e84624290b223d052a53847a3715c5e,06/03/1993,H,M,3162079993,2CFSR,S
2024_25,099504244ef17e0f956bda44979f6a6a1d14626bd42a364172ad24659d0dcd36,17/12/1980,M,M,3162075418,2CFMK,D
2024_25,0da0dbe7001714f806d662c2e8d91173c1f7ca2b13af56abd3607c29c508e6ad,17/12/2003,M,M,3162077600,2CFSB,D
2024_25,a10c7519c10305dc5ddfb23ad2e20dd5ff792007e3ee8bb116aa3f907156de86,12/06/2007,H,M,3228379385,1CFMA,D
2024_25,a47e3e1a2cc9ec51c928ca634cbaba77fbea0a402bf11a47ea2acfeaa5ae7251,03/05/2003,H,M,3228406545,1CFSI,D
2024_25,747fba7693508896e573474d215d7d6c251d9d4d7c121bd14518a76e5ecea2f4,01/07/1997,H,M,3228406545,1CFSI,D
2024_25,7852481f542260f19bca985b64e869e155e5b694255b0b20fd66c8c5702ee2de,19/07/2004,H,M,3162079790,2CFSA,D
2024_25,e3fd5e4d0f6cb4cee49f40b8739eba7f4e92f3a25990b26deb6c73f94d040bcb,23/08/2004,H,M,3162077551,2CFSI,D
2024_25,23b2351754311b3e3511b131f0be87f92a04e08b90d5efbfccbb311b21f0ad53,24/10/1994,M,M,3162077600,2CFSB,D
2024_25,2eba4df2d9ec748397b4341691f603b27d08ab4ca4f27a7af28a2e22db9b1406,13/08/2006,M,M,3162075411,1CFME,D
2024_25,8a51ee8d214208085d15559e67bc3c1b34f4c6204f1104eaf5cba58b359582fd,11/02/2006,M,M,3228410748,1CFSR,D
2024_25,1454163364201a91a9533a617869fa67e4029e3899087fd404aeecf9cefac79c,02/05/1979,M,B,3228404816,1CFST,S
2024_25,e8f0a240355191b2daff2e573c7edcf73285557b9f2ce69fe50f7c3e800d489d,22/12/2007,H,M,3228381273,1CFMB,D
2024_25,cc701bee99325f833724525514f52335548a08c14f59fa2d005cd243ab8c48b1,10/08/1999,H,M,3162077600,2CFSS,S
2024_25,1101b468c93cb89e4f006814f99f91d302d6792ce87d8768679c67ed81e8f2cc,26/04/2006,M,B,3228410892,1CFSE,D
2024_25,a973d545d119fd034f5a346c8a5212ac54a7aaf59f97fe0a52de38bcdb2e8b29,11/07/2006,M,M,3228381273,1CFMB,D
2024_25,31b923fbd1f8dad6d5e291763942e1ebad6555d56730eb5854252813a173accd,31/12/2003,H,M,3162079790,2CFSA,D
2024_25,af7dbcbb48ad130a1a3da2f8039f37fc9e6e64bd28eff254ac2f434f32f0dd07,06/04/2005,M,M,3162076119,2CFSE,D
2024_25,880297bf9ce46f9ca55c9480002973058baff030660d75973576e5eb042130b6,16/02/2004,M,M,3162076119,2CFSE,D
2024_25,4624c5140af94bc23ec1dbc25d4aa860831e60f418ffdfebfefa5ff574ad8b95,04/02/1996,M,M,3228410748,1CFSR,D
2024_25,f2d0edd640b976c3324ba4c7e0b924e9758aab6a74116f97daa0334d4aa0d246,02/09/2006,M,M,3228415772,1CFSO,D
2024_25,61e300eba18f2733f3f16bdc0e87d76436a89025a49824fc244023643b740b3f,06/01/2005,M,M,3228415772,1CFSO,D
2024_25,746b21f0c5644caedb58be2450afd9764fe2cdcb4eaf78547028bc4be2976f5f,17/08/2006,M,M,3162079713,2CFMA,D
2024_25,8acede8589ea625979b07d6b6fa84f0835907b509480fc729c88c33ee017ca88,15/04/1997,M,M,3228413382,1CFSL,S
2024_25,ce8dd80670311a96030a70be5aecc77ed1e27db1917a0eb6ccaa2a28fa9a0e78,25/03/1997,M,M,3228404816,1CFST,S
2024_25,54e6f9bf531dcd016927d66d1078c9015a4c7714dfefb24d8e2667a517f2573a,29/07/1984,M,M,3162075411,1CFMI,S
2024_25,74dfb31b8a22f071a21f262df9947d568f30a3f99c70578386110a6b900f9e65,11/12/2003,H,M,3228390016,1CFMD,S
2024_25,d7257a909c31ebe6fc02a4e98c8ac3d9d6e587475e7a4ebdf0f6b2093c3ee073,06/12/2006,H,M,3228390016,1CFMD,S
2024_25,979c7209c849880e6f2b7e0f6911df426fc58b5e59d839dfb4662284193ac960,20/08/2008,M,M,3228379385,1CFMA,D
2024_25,5ff5e9da59f37d39dd6a7ee95cdf639bad5bae0e77ede5c1cdbf45a7e531b3a7,12/07/2000,M,M,3228410357,1CFSD,D
2024_25,21c0f5a5d516830e1efbc81d673d1499f8d9d0a1c9096ed482e67e18ccf0738b,11/06/1999,M,M,3228410892,1CFSE,D
2024_25,efebd2e836e756da51b1c4bf56dd09a6804345f63609a8233dd4846b5df9979e,01/09/1999,H,M,3228410892,1CFSE,D
2024_25,fad603f0e64f8d13d486e50e07c7988627f53b2d9be9212b1123f1362ec93901,17/08/2004,M,M,3228410357,1CFSD,D
2024_25,ee853e0b5ba2a799726b279430536178904219e9d7d141bb49a3284ebe5a66b2,06/08/2003,M,M,3228406931,1CFSP,S
2024_25,bd1c7e06faef39ee5e181e62c9655b5fbe0b7df4ec1487a37935f891c58f3b3d,12/10/2005,M,M,3162077488,2CFMB,D
2024_25,ad7264a7e57bf00e0ed251bdf846eb662a4018acb141aa399bf984d759bf65b6,29/03/1999,M,M,3162076119,2CFSE,D
2024_25,cd60cea67aa7a100d31bd955412127715691aef1f7d4a819686eb154d49100f3,17/07/1965,M,M,3228379385,1CFMG,S
2024_25,e9b9a81db64b265bbf75ea14dc3f763552de9d8ec3e5068aa7ac9bce5681c833,13/10/2001,M,M,3162075539,2CFSK,D
2024_25,721547542558aa255c7c9edd79e9797257be2670c1429cf187ab9d86d52d53dc,25/10/2007,H,M,3228390016,1CFMH,D
2024_25,ca802b7c3cb9249e5845772acef88dc682f7092a20d8923ddf30c2a97f1f6329,24/03/2007,H,M,3162079936,2CFMC,D
2024_25,c3894aa1a66c49260eb22e721df4460473e53b216a36fd54155fafaccf7dc046,30/12/1969,M,M,3162078584,1CFSG,D
2024_25,6de184a5bc9a3b92f574c417b403db4a28e0b17da98b466a0a8b93f416cc50d5,19/10/2006,M,M,3228415772,1CFSS,D
2024_25,3aaf2a91ec04eff2da841d8c90594bafb223190a2bdef70a44850b6914d19dde,25/02/2004,H,M,3162079957,2CFSH,D
2024_25,19459ec28e22f566c94be0c1367ba1d7387ef0e6a722a7238ed217ae8ac98368,27/03/1995,M,M,3162079713,2CFMD,S
2024_25,99278036d1e0f2749892aa9cecf7d05c97f5a3675c6e21705ad87160bade70a7,18/04/2005,M,M,3162077488,2CFMB,D
2024_25,116244a0ab7d4d6f204c537f45efe3940655c610baf52a6ec8946f4fb1492275,26/05/2004,H,M,3162079713,2CFMD,S
2024_25,5d07d7c6dd68eb03f522c47f213fad93764f82641aa22d608fae7801dabd224d,26/01/2004,M,M,3228410892,1CFSE,D
2024_25,a81e4df1f5d5eccc3aff90579c8dbeaa8074a72ad33048d61c75f2bb5ae06f9f,30/03/1982,H,M,3162078584,1CFSG,D
2024_25,2586f994e94a5013be3fe4188ae4d97925eac71c4f510c6f5ff38bd6ed48b9c0,01/06/2007,M,M,3162078584,1CFSG,D
2024_25,a68a763bf4eda5fbee88e631e57fb2c3ef95ff74358379e819b7326b16d41e8f,03/08/2002,M,M,3162078584,1CFSG,D
2024_25,b090640a66017cb3dd7bb003826cff5d68a55a3b2d67982580c23c5750cb70d5,20/09/2007,M,M,3162075411,1CFMF,D
2024_25,4239eb2602c12fc3fb3be39f0f8411f01228f402a10ff5dfda0542c017e24ace,08/05/1981,M,M,3162075418,2CFME,D
2024_25,016fc1d16b2ca06fd6e5a16fe8c510fa3cb1534e02d987dfd4032920d67c8e88,22/03/2005,H,M,3162075539,2CFSK,D
2024_25,46ad01e3fb109a772daf17c83bebbe9f494fe81144c988b87a67f820f276439f,05/03/2004,M,B,3228415772,1CFSS,D
2024_25,55a6cb48eb7c43e50d7031b4c9ca448a4cf2a4dcd805ffdc206fcc3fa1636937,10/07/2003,M,M,3228415772,1CFSS,D
2024_25,aedcadb1ee180c73c0226443a416125e34b29cca906cbeec2f40b1667b442fa9,09/01/2006,M,M,3162079713,2CFMA,D
2024_25,8ca6a8af8a586938695229ba00d79be75be1e4e4e5e2799e3c01e8120cb429dc,04/08/1994,M,M,3228404816,1CFST,S
2024_25,5226daaae5295ec0bc4f4ee059f310688c2ebca3bf72dfe417ff6d66ba13c546,23/07/2003,M,M,3162079790,2CFSP,S
2024_25,40d9855a94024647711d015af41f94c65763daa4803ceb1058761ed056688465,06/12/2006,M,M,3228410892,1CFSE,D
2024_25,e7dc4209404cb5cc1eea33a9b118f2662946ed820f704695465ffc543b55231e,17/03/2001,H,M,3228413382,1CFSQ,D
2024_25,43a4abe3158cba17aef5788c4df93d8306687e289066105b9d0d01d5a93461c9,01/05/1987,H,M,3228413382,1CFSL,S
2024_25,906c73388f3d6b4019f5e6448e2ee317aaca0d5b504e36a7d0d6b1b8de723bda,24/12/1999,H,M,3162079874,1CESIAB,D
2024_25,df514e09fa707c221ba8573c11454fdce911dba3441ca71c615437c130d6defe,12/08/2002,M,M,3228415772,1CFSS,D
2024_25,f815127661d6f87d2032bac4c55120edcd952489dc1f8de4497dc9ee12339a51,21/09/1995,H,M,3228390016,1CFMD,S
2024_25,2dff7094c8a1b490052d6806df74d281d1d24d36358a1ec533368ba58fae428c,11/05/2007,H,M,3162075411,1CFME,D
2024_25,b23cb499cb211b315d08164e245045501d99749ac93c64a0d3b63e1b86237684,15/04/2005,M,M,3162077551,2CFSI,D
2024_25,54b250ecbe92d58942898cd6dafa9c0725bf8722a037eb03da2d7fba81bdfd35,23/05/2001,M,M,3162079790,2CFSP,S
2024_25,e0d87e0e062f04754e0ca7018f5d90db7bf263dff15934f3b93cc66c5f2e81df,21/04/1980,H,B,3228410748,1CFSR,D
2024_25,a51ba74a051e711312034b1eb551e80a27745a3ca4f34ea5d9028f350caa3c24,27/07/1989,M,M,3162079993,2CFSR,S
2024_25,b8b40b6d8096d515c3b7ab4bcee036210d0b7cf7134517f79468f1b5fd31270a,02/10/2004,M,M,3228406931,1CFSP,S
2024_25,129567fabe874517d8c0624a60854db8de13daf20fe6234f70b55cb7095d8f7b,11/12/2001,H,M,3162076035,2CFSJ,D
2024_25,38b1340e127d027cd8aae4d86c75afe24aeecedd8a5d21116cf8da60356c90ee,22/07/2005,M,M,3162076098,2CFSD,D
2024_25,88d6f5d1235690525d60cf2b9d44381dcd612a5cb549cbcedbfe7ad8ed14d6ff,02/01/2001,M,M,3162076098,2CFSD,D
2024_25,f6458d55d1e6e6e12668bec18ae36d5d274d11121e8fabb071e6c048319d0ffa,21/07/2004,M,M,3228415772,1CFSO,D
2024_25,42fc3c62424362890aa95fe6a97c8f1a494cd776d21b059d2d25b17377b67aa0,11/10/2001,H,M,3162075411,1CFMI,S
2024_25,4ee7ce41c767d0ca921ab725a46a0a50a0805746b409219005900512a05f80ef,26/06/1989,M,M,3162077600,2CFSS,S
2024_25,abb3aa28e17cba5f2405f4f2dd719c2c9c9a06593f1c87eb01caa5a0154aee6b,16/03/1996,M,M,3162078584,1CFSG,D
2024_25,8ea11700f83b99e28251f894e5147dc9d7b5681b62afe58e901797dbd7a857b3,11/01/2006,M,M,3162078584,1CFSG,D
2024_25,d41aa421c4bc25587b0784f016daa828af3eb1d0884ef53aeb9f2e71303b00b2,28/11/2006,M,M,3162075411,1CFME,D
2024_25,c2353f978474d787d7a9bff77ef935ac2f3ad4b22524ef4f8e14a969823c80af,31/03/2008,M,M,3228379385,1CFMA,D
2024_25,142158b5efced2348a21368f2b7976d4eee50a9fe6e4f4c765bd7d8775dbe6d7,28/03/2005,H,M,3228413080,1CFSC,D
2024_25,c48ad409c59015dfd30e638356dd68478c1929dade8718ef91de07eb96302ef5,31/03/2006,H,M,3228413080,1CFSC,D
2024_25,31e50edfbf662ab9e584909431c51b4e7d6deed1e2c74a78061ec9a58c3f47cd,04/05/2007,H,M,3228381273,1CFMB,D
2024_25,6884abffca4a73c2012eb6b3c6d3deb74bea2f4132c272848ccb5c63efc454a8,08/02/2005,M,M,3162080071,2CFSC,D
2024_25,38631fc508b9940987c1feac095aedf818abffde3b494ae45e427e87f32f83c2,23/11/1992,M,M,3162079790,2CFSP,S
2024_25,422e4f7d6ce4cf56063e1dbad910363b181ad202f987d6437b5b8feede116e78,19/12/2003,M,M,3162077600,2CFSS,S
2024_25,6faaf89e53a3301c44b474e7d41821755e6483b13234781adceb7e180db1027f,07/07/2001,M,B,3228415772,1CFSO,D
2024_25,dbc6d220a4910cac482ba2bbab4ca521dfa635865b3bcb5d1777e0fb456bed3a,13/07/2004,H,M,3162080071,2CFSC,D
2024_25,876d22830c338dd80312f66814124c54802ee560383e134e26b430708f826066,09/03/2004,H,M,3228404816,1CFSA,D
2024_25,88c8e612461848ba1dca489dd3e490f47fb6c807e6ce1f3960eba3e35ddb2ac0,02/01/2002,H,M,3228404816,1CFSA,D
2024_25,1905e4317a3c57d2136c84180832b59875b1898759532751d983844aeaf3a7a0,25/10/1996,M,B,3228410357,1CFSD,D
2024_25,d605cfea1a23d4c2d618256b76e2961e1a2598c2afadbdf96f8ddcf65d74cfee,22/04/2003,M,M,3162076035,2CFSJ,D
2024_25,e6c99b55baf2964fb789dbedf282a5347b0383a9adf4905db3b50b4cfad5beff,30/07/2006,M,B,3228381273,1CFMB,D
2024_25,6e5ca16fbf0c22fa626c3bfcf0db7e3d02bbe0d9435b9dcf855eeefe31abae63,15/02/2002,H,B,3228406545,1CFSI,D
2024_25,f5a30cd1b19b9cfd960d2f23274d2136f5ab4dd49d385de28056862e3171efe7,08/05/2003,H,M,3228406545,1CFSI,D
2024_25,f1e212a39b1078e02d540ed968fc9af9b5a8650511034254bb92211f3b3d179a,15/08/2003,M,M,3162078584,1CFSG,D
2024_25,3d45307af7b0fc772968670b5bc83c6cca2a48f0e6faa883e71a0127357c9d7b,30/08/1977,M,M,3162075418,2CFMK,D
2024_25,54aa0549e30b9e1230bb38ec4aa62a90c10202f47a57b2903f58b352dbf7fa46,03/06/1997,M,B,3228410748,1CFSR,D
2024_25,0bbdd2e30636eaf44be656a9578a42bb5cee053d00767051f81ef110925d4f99,21/11/2003,M,B,3228410748,1CFSR,D
2024_25,e9e63d3b8599deba86ba339433768cb5ba498bc47e7a58d6267ac4ad104526fe,07/07/1992,M,B,3228410748,1CFSR,D
2024_25,ab6b3be83518ff6b3a8a9176548c6bbdb70e1ca554b5c52711e192f0c402b9fd,31/03/1997,H,M,3228410748,1CFSR,D
2024_25,2af6d73de0f3c61e613721b4af9aef46bd040c56b03fe200626ad3f27e3ba88f,02/12/2001,M,B,3228415772,1CFSO,D
2024_25,f8ec17a695b6b88c35d54d0a4977cd92a48f6ae835ca0a46bb9ce94068400306,07/06/2003,M,M,3228415772,1CFSS,D
2024_25,d87041715d50c372053de74b3878d5264f136e188eba4c4974ef1ed8b4ecf498,28/03/1992,M,M,3228404816,1CFST,S
2024_25,23cb545ce28380f4eba86728c4af88f3a4c26498605fa1637e715a162ee72d6b,16/08/1990,M,M,3162079790,2CFSP,S
2024_25,480f035055bab83a61c75c92b1c99e6aa96c062d7d31eaefcad185787faf0a82,22/11/2006,M,M,3228415772,1CFSS,D
2024_25,998ed5c5da662f7d54122066b719c193b194034411a7a88d8b3f7c0a5fc5849e,11/09/2006,H,M,3228413080,1CFSC,D
2024_25,5c5d9d2012600273e47da420695ae3b7f019caeaea8bb3f179f2babb78d7ea2d,27/04/2002,M,M,3162078584,1CFSG,D
2024_25,02e963aadb8e832f6acc69c8ec27dff192de10864589cc20b641afc7ccc39765,29/03/2005,M,M,3162078584,1CFSG,D
2024_25,8b5535e120b3ac112a71a18d4fd412e12241f238b7d86994085cfdeded8c0964,29/08/2004,M,M,3162079790,2CFSA,D
2024_25,9916e4ef84db6b3c3666edaeec02339367c0e26b26ab1b752cbaf9ce4fceb86f,20/07/1993,M,M,3228404816,1CFST,S
2024_25,12d8981d25d9ffcaa861d706ccb26fce00dfc97746500d9d73e9b776e9fc35f4,10/11/2003,H,B,3228390016,1CFMD,S
2024_25,5eb561428ece52d4d029369904d44732faf5a12da6093086ea923b8adf461a86,28/10/2003,M,M,3228410892,1CFSE,D
2024_25,47125e8322d7b6ed81baf6db580ec50b24af71c7e1b23e04eea0489eade659a8,03/05/2004,H,M,3162079874,1CESIAB,D
2024_25,b6bac60c93e1123bd021434c2ba67ba17abf73da29c61d6ebf3db09c4ea86fcd,20/05/1992,M,M,3162079790,2CFSP,S
2024_25,24bc8128772d8a0debe24f1195b249607229a8c1ded45883ba1bc7e94f35aed6,13/10/1995,M,M,3162079790,2CFSP,S
2024_25,7b5763f5a655540009f1cb8699c5272a0fff948d5dbbddc1777499dc5ebfe926,03/08/2000,M,B,3228406931,1CFSP,S
2024_25,eeb5a42e2c5cdc72d5487872e70af7976ec12f71b449559fe02ae902d11b5fb7,29/03/1997,M,M,3228404816,1CFST,S
2024_25,15e0b82c1b2409819d79f972a9b29ae4d8f86d51ee031e2dc9036021b7b4a85a,30/09/2001,M,M,3162079790,2CFSP,S
2024_25,2f3b973e2c58e5e89b6cf7408df34a45b0a3182aa3ec727bdb0d513622a443d6,13/02/2005,H,M,3228413080,1CFSC,D
2024_25,1671ea315c55225dce30182031c85f9ba727bac26cb8856bc142317ba0c8ec0a,13/07/2003,H,B,3228410357,1CFSD,D
2024_25,e773b48cdd73183ec7055140222e7d2b309dc3275732be2e6d891795be8ce223,25/06/2008,M,M,3228381273,1CFMB,D
2024_25,fccb98ada73c199a1f2c97687fad4157378b5f69f222f8a6090a95df5bf0ae2c,26/08/2007,M,M,3162079936,2CFMC,D
2024_25,659f456c705324d196755cd1983d4aab1c9016299cc67f9b570fb65eaaff4554,18/09/2004,H,M,3228404816,1CFSA,D
2024_25,ead8d9329a3a47f3b1c79a0f10473bd4ffe9609692298c9e807563b88f29fa2a,30/01/2004,H,M,3228413382,1CFSQ,D
2024_25,5b552cc9e92c004054eab2aaf9286d412df9c39919f6f980371192bd0b400192,18/01/2001,H,M,3228410357,1CFSD,D
2024_25,4e6a9ddf2a03b43755f14b59e9664e7b0e7f9703c0d40a6163564efeb033070d,21/11/2008,M,M,3228379385,1CFMA,D
2024_25,05071df81bb633bbaa0a3c62a5186ee54069c91f852e6847c7a1a40fe2cbd072,28/07/2005,M,M,3162079790,2CFSA,D
2024_25,256e897458166102ec697610de9817f4270878c5726effb5d06b910864cb8194,30/09/2003,H,M,3162079790,2CFSA,D
2024_25,9f8760443f1dac8d37dceaf45940c1911bdfce56b07c83877780472803530b50,15/06/2000,M,M,3162079860,1CESCIB,D
2024_25,be0156152229ed4f2292309d5e68ffa919f1d7f25c434349345105a03a81056e,18/09/1997,M,M,3162078584,1CFSG,D
2024_25,921bc89068679b4b5799ebb4d0e1fa0a4f6c35310349824aded1d15ae49ea622,03/11/1982,M,M,3162075418,2CFMK,D
2024_25,0fc2b151f716fb83e93c2be6c83835739a2eef40523f4dabb94dc34485c66fb9,15/02/1986,M,M,3162075418,2CFMF,D
2024_25,375c77537911e93cec6666b08a59e03f086806c90bc3cb043234cbb80d114127,11/03/1987,M,B,3162076098,2CFSD,D
2024_25,a020af370684aaf666eb79103378c105411b43990e2b0936fa7f5d8aaa4c1a82,02/07/1967,M,M,3162076098,2CFSD,D
2024_25,19e82db7a20fe73a540dcffa58a297bf805fa37e22830caad760f64c01ce7eb5,08/01/1999,M,M,3228413382,1CFSL,S
2024_25,0fc2b151f716fb83e93c2be6c83835739a2eef40523f4dabb94dc34485c66fb9,15/02/1986,M,M,3228379385,1CFMG,S
2024_25,cde129ba517866ca43daf5ac257255f0c63e0e2ddea626f2ac8b37ff9f18c5a5,02/07/1987,M,M,3228404816,1CFST,S
2024_25,3ae9811529842a062d07c0f872723927b3e5f873fda6d1466bb0777fd4e8ec68,29/07/1994,H,M,3228406931,1CFSP,S
2024_25,3356ba7dd0aef7b58776ffd2617fb18a8996b64e19054453b61aaca75bcbcd00,25/07/2003,M,M,3162077600,2CFSS,S
2024_25,3ff9dbaa0ba2f7dc45a692c004af5256840d2060b4248b0a5993a6e6df97d6d3,12/11/1981,M,M,3162075418,2CFMF,D
2024_25,7cd31ea1c2ca0a607526ca96138dc61627afbc6fd52ecbcf0257f3b7cd310360,03/10/2005,M,M,3228410892,1CFSE,D
2024_25,cb850a952d2cecf50b84ddb24b4948da13a6a77817e986a29cdba0bf082c81c1,14/09/1993,H,M,3162076035,2CFSJ,D
2024_25,2507278769181188829ca4c3cb02985c436d85dba4338cc58392e53e07b3f08a,02/09/2005,M,M,3162077488,2CFMB,D
2024_25,e8c7b168bdea5ff05474a42b8d4f5d56e458ccf2b161a1c706b7a2914dc9eb81,24/10/2006,M,B,3228410357,1CFSD,D
2024_25,7b638061d2f64e8bf467cef572f84c7d8c616a116a4b710583ca69d8e73e34d8,11/11/2002,H,M,3162077551,2CFSI,D
2024_25,63ac8f5dd94a52fe313b6fc66b9d5f9e4a4a6855873c9d9a4ec6e57885995dbb,08/03/2000,M,M,3162076119,2CFSE,D
2024_25,536e9285af58629832da323e7237090749aef47fbc7dd2b712d274cef3d837bd,24/08/1989,M,M,3228390016,1CFMD,S
2024_25,e91cd2c534c4d8db0e08f67c8d392b47b43863cc4c5021c860a1871a7067a7a5,22/02/2001,M,M,3228406931,1CFSP,S
2024_25,6bf960412cb249305edc8ec1c718eb85541675d5f34b1273736b87046dc929ae,25/08/2005,H,B,3228381273,1CFMB,D
2024_25,1af95fb53c19a03feadba8bc938c6d6390b81be40a04b11dda84656f866d6f3c,12/06/2005,M,B,3228406931,1CFSB,D
2024_25,8206ce53ba6f91e07c2251815d626c29860cba2a3838e4d76a389a68a5e8ec61,06/03/2007,M,M,3228381273,1CFMB,D
2024_25,fd2b193bc9cb6dccbce2ad63eddcad3a3980dfc1edcf348daf6583aff9e55bab,13/10/2004,M,M,3228410892,1CFSE,D
2024_25,1d168c62364a3a5422ebe4f48e156b31a0c0aac41886f755d7229b0badb9f4ff,07/07/1993,M,B,3228410357,1CFSD,D
2024_25,70d288a37ce05ca78e1eeeda48cc6e8bfe6b57b4560821c59dcfdc660fca2951,03/02/2008,M,M,3228381273,1CFMB,D
2024_25,9f6df2a01eb0cd47b19d211cf1e645e7ad84ce895f249236440b1f4a4896ae7e,25/09/2006,M,M,3228406545,1CFSI,D
2024_25,b75dd131b381eec0f23c6680c741d954a46cfeddd87954c10c6900fd27485e74,19/04/2003,M,M,3228406931,1CFSB,D
2024_25,4a0be8352ee1bb77c6e23382dca2bd6746e56f20901f0ffc11c1e99c64f8026c,06/08/2006,M,M,3162077488,2CFMB,D
2024_25,1ad9d42b44d42c800601c44b6dab3c512eb63fe3fc83b28655b328a8f9a08e69,17/09/2000,M,M,3162076119,2CFSE,D
2024_25,d4770efeedf867d67817ea96b57b9b2c3a0141a576d6a61f1ec0faf26b4d7593,20/03/2004,M,M,3228404816,1CFST,S
2024_25,f1f2b49d98748effbbeb3a347311b74eed87721ee3b39b01db11b7131e2bcd88,16/07/2005,H,M,3228406931,1CFSP,S
2024_25,da9b39da1b73e7deea2d80f457766f434e5145797ff3fb6f254089c84d49ef51,15/09/1993,H,M,3228390016,1CFMD,S
2024_25,1f051152a6460ec7e4bf1da7cef3ee3192580958791a890b74d91c2a9e39aa4d,22/03/1967,H,M,3228410892,1CFSE,D
2024_25,73604c4070d76bd0ecd73856b8cd6b9355187e07f9cc8c618cd8d82855418516,24/03/1980,M,M,3228410892,1CFSE,D
2024_25,7dd071090dad6a96e42c027db2d83af198ccb58940cd67e231c73bb74188b332,29/08/1994,M,M,3162076035,2CFSQ,S
2024_25,e6a9ce4b45a4bfdaac8da7d961333a634dc084b22fe2087174afd7d63afcf340,18/05/1993,M,M,3162079790,2CFSP,S
2024_25,ad75c3080b9d3611a955437557950bfd9f639afe207573b87160e7f5df6e568d,03/01/2000,M,B,3228410748,1CFSR,D
2024_25,f6df7188e996319a25fc729810b79b1bcb123a596b48df345a89fcb1232390a6,27/06/1999,M,B,3228410748,1CFSR,D
2024_25,2a99b3d7ab8e6278485cbfc8c6cac3e73d9c13e488fe7e793231332d51cc05cc,04/06/2003,M,B,3228410357,1CFSD,D
2024_25,4d221609629a54c2cc889a926875ba0857431f12397b1a54ca04e468fc623b78,28/06/2007,H,M,3228381273,1CFMB,D
2024_25,063ee24a010536c2768ab752c3fd323c40c87b8f8666d508c430db718888b27b,05/07/1995,M,M,3162075418,2CFMF,D
2024_25,d2cf762c32ee0e0464e63d71994345065129327239c515c876dede3d56edada2,02/11/2004,M,M,3162076098,2CFSD,D
2024_25,cd7f06ee027923881905a88ea4b11d29e5463fc26520162f11238efbe6349a20,16/02/1989,M,B,3228410748,1CFSR,D
2024_25,1061725f1ecd908954be5bcb194a7ed36ab378da806ecf08c73d37b50f94d224,31/08/1996,M,M,3162075418,2CFMF,D
2024_25,741d3a8feaa8529bd76803190c038d7ade55a6f1f3f50895f6de7102ad86784f,12/10/2006,H,M,3228379385,1CFMA,D
2024_25,55592e66c4992f817fb90232a1026ec5d3c2642d045653186ba476df465a2a2f,23/11/2002,M,M,3162075539,2CFSK,D
2024_25,7cb7921e777cd48a0f0029e0faa2269c46451bbe2ad1913d9ac66562ac74c976,10/01/1998,M,M,3162076035,2CFSQ,S
2024_25,e2ffca52c096a531ee71b3dc580919971e297eb4d891e0cedcc2bde411826e24,04/11/2005,H,M,3162079790,2CFSA,D
2024_25,a8869f065164c8d7f7cdc2249396c35863d4f9e61a3d1b2d0b7821a33d8f73be,22/07/1986,M,M,3228379385,1CFMG,S
2024_25,5de0c1cfbb94519db88963468b9db7e9ba0c4202bb2efc4229b32f9c38ff1a5a,21/03/1988,M,M,3162079713,2CFMD,S
2024_25,7239bc90b0c510c6aa59291aba3bd356efd538a20fcfd33b5c9f366802a52583,26/09/2007,M,M,3228379385,1CFMA,D
2024_25,81eaae53a537e2701a3866164c212ea545d52f93e64413f6972505e0cdd5b62a,28/08/1998,M,B,3228410357,1CFSD,D
