id_alumno,documento_hash,fecha_nac,sexo,estado_matricula,curso,grupo,turno
13124409,6723b659d44b01a02097054b2df8dfc4c4070d3627be218bfed814fb9e341425,24/05/1962,M,M,3162075411,1CFMI,S
13288467,711426f3bbc28f3caca10f39f47f1816a7bbf1131884dbc191d393b0415d0000,15/08/2003,H,M,3162077551,2CFSI,D
13294635,f214106a09a8f0944e7a5c34aac1d98c913dacd99c03dc53da3e222c823cbaf8,29/01/2003,H,M,3162079957,2CFSH,D
10332148,f59d78818883360b7ca3f9fcec88737a21f2dd009682e0735976ea5aa501552f,27/12/2000,M,M,3162079993,2CFSR,S
11738860,633a34be3f4aaa3aec263924fdcf922917f2e9336478f4ed84f638d1b23b4fb4,06/11/1978,M,M,3162079713,2CFMD,S
11173156,5a7dddf91924385cca844570f240cadf7b9965b946c9c8beb00b9d8d9994321a,20/11/1990,M,M,3162075411,1CFMI,S
13156002,22781c7e8760952d618aae9b0303e79463992431582e04cdb917721d5197512f,06/05/1975,M,M,3162075411,1CFMF,D
12300236,9e6fd716f3d58aac37a72c10d888d7f8eaf8956f021431269e3015a83d6295e3,09/01/1993,H,M,3162077600,2CFSS,S
13257199,2b04e0feba2d050fefea309c04f37888f6aa5d19ac8f9b5f96466794b9e2459e,03/10/1966,H,M,3162080071,2CFSC,D
11318443,3d019aba2422a6815fa21c3ea207a99d14d576325e7d24a5e45fdb80ef480acc,03/09/1983,M,M,3162075411,1CFME,D
10517919,d9d4379451d9d00ae93268f59e194fbab65728db00c2ed30ac4d80b926ce0703,08/03/1995,M,M,3162075539,2CFSK,D
11904882,2555288843e5880dff39294ef643a58adf9a1d07583f716b34d44aec164c5a60,31/10/2002,H,M,3162079993,2CFSR,S
10382918,c3c501de867437fe681a12d5d29def3010b1b3eaf3d51fe4aea6b818bdbacd28,05/10/2001,M,M,3162075411,1CFMI,S
12491074,aeda08ee0161080449e023c0bf03bc8cf4cdc9fffd9ce4110b0195f0b8114bc4,23/05/1986,M,M,3162079790,2CFSP,S
13466647,e468d343da98f039648f8fb4d7fca318efad4fddb3083d2208e80f595bb96b6f,19/12/1988,M,M,3228379385,1CFMG,S
11567443,f17dc04668ec7e212405f55c5400207712de94edb4b7e9748330b1f395187bd7,15/10/1998,M,M,3228410748,1CFSN,S
13527455,56e1dc12268bc762b8b3d5f5be5940c8c8ba7bec08f789b6cfb946192a29c9d4,13/08/1985,H,M,3162079790,2CFSP,S
12839144,8b4db0d6c2c4448fc7f47ae43db20b8911ce3aacce066ecf07317e50826416d8,09/11/2004,H,M,3162079790,2CFSA,D
10411509,a9e73103deefa9f320d71135a628be5bd5d731e1f90724cc190100f394d21f78,21/01/1998,M,B,3228415772,1CFSO,D
10984790,7c0e34068ecf3d717bc82b41130f1cee0ef51f0b732730890d63e3c4925d96e6,16/02/1972,M,M,3162079993,2CFSR,S
10487336,1872586be8321f4344092b9acc2685033bdacaceea08e3889eafe6ca58625948,08/01/2005,H,M,3228406545,1CFSI,D
11895957,007e523d73e0b2ff1a7c3b9eb02423d3d5eaad48f88e27ec817a4036f9457376,19/04/1981,M,M,3162075418,2CFMK,D
13487291,e9073e7246fb838f196736701f65b5af61ef833c1927b57f763d3f2ea98a6c62,08/07/2001,M,M,3162075539,2CFSK,D
13071991,29e530a925a29e889e86aa0c3d9b1bd6b903a75fe1b4b7013ae9cb2ec4ed3779,15/10/1968,M,M,3162075411,1CFMI,S
12736231,f8579fff3e8e2df589473f62dc16d9841f008226317b2e1cdbd476278dea889f,28/02/1992,M,M,3162079713,2CFMD,S
12826253,cf54389da41ad81846392f27bf37066cc808ee5d0d0208d1b6e2c53d518db364,16/03/2003,H,M,3162075539,2CFSF,D
10648032,c5887ccacb07e9693e15e64105219f49f730a3d9ac72419b8fa2923775bcd444,22/02/2005,M,M,3228410357,1CFSD,D
10726936,6570ad532c208ce67bbf2af8e2386107ac06e61b16e4b2b297575c2df709502b,21/08/2004,H,M,3228406931,1CFSB,D
10042816,fb488b9b13895c8cc78fc45576fa7760326f148c9a404bebb4bb40cff7cb6598,27/12/2000,M,M,3228406931,1CFSP,S
13364778,91f326266968d5ed26cc290d419208ea53bf9685d09424b248c59fbcc7b3ca45,16/07/1984,M,M,3162075411,1CFMI,S
10611327,e9c53c2535c34336ec555100a668dabf3a30ad94d76251e7cfcbe9e9cb59dba9,09/01/2004,H,M,3162080071,2CFSC,D
10041748,49b978c22900b511fa1dd81b7f963254a0c01d5595a14e334821181f1513c757,09/12/1999,M,M,3162076119,2CFSE,D
10695479,01f78437b165bd71e00a6c9f2cde689caba387569697d02863f72527bfc7c37c,20/06/2004,H,M,3228413382,1CFSQ,D
10487917,c8f7126d77c5d111b487ee6741a30725ddc5d8c2dacd43f4348425ac02ecd6c8,25/12/2004,H,B,3228410357,1CFSD,D
10829023,3ab3b31e21d5cdcc6f8894299a84e896fa3fd03f40eed1ac5097251e5cb1e774,13/02/2005,H,M,3162079790,2CFSA,D
12068421,dfb51c92d7c903b33e07824dd561e303149c83c9e493f6e863d1d32946e87d9a,16/06/1976,H,M,3162079874,1CESIAB,D
10122344,2e961674c8c0cd7c62ae3f6034d74dae4aaa51887c788e9d66b3a33bc32d9bd6,12/11/1996,M,M,3228415772,1CFSS,D
11415744,d8f326b065529dd44105294b42d3eb3c3d4d28e8bea2436c066ba8c6d501e4f0,21/05/1990,M,M,3228379385,1CFMG,S
12690668,40bf99870a7d0f445c72097f49dff9d139b757388fc618fe98e11228728a42cd,11/06/2004,H,M,3228404816,1CFSA,D
12380827,e1f671c31a00d3c4a27f576f72c8c6313dceda0d9351298d7aadbc71d8a5a992,25/04/1989,M,M,3162079713,2CFMD,S
13042221,c92bd9f78cd9e937337bd52183892ac875a44aae2ea464c6308dd8bf9807028f,21/06/1986,H,M,3228413382,1CFSL,S
13456089,9b2b4e14155bfe48a82f0153af7337fc149f39ffb514b5ff73e7a32b4dbfaf89,18/09/2001,M,M,3162076098,2CFSD,D
13245586,b9ee03ba34cf76d509bce616b4404753ba8d8ee206aac7fadb8603c22efeefaa,02/06/2004,M,M,3162079790,2CFSA,D
12868237,81a5cde4520c0d40d0a99e61c4fb0a38beda73b610fabc6d04c6d00763761481,10/11/1971,M,M,3162075418,2CFMK,D
12735228,d9d24b0c6df41e7ccba0eb26617322015999d06a0ee7530bb7614da04b194bb9,18/06/1986,H,M,3162079993,2CFSR,S
11891674,9175592091707a21b261c314b6dae03369fa586b673d297195473440da87d73b,12/06/1984,H,M,3162079993,2CFSR,S
12510101,543d5c25bc6c4a2cbdfc692d2f9b5908541f572c8a64e5a91d5a7f14fa620cde,11/09/1989,H,M,3228390016,1CFMD,S
10772056,78ff1050f16784b8d41539d9797d94d32ae7b3499fb5fb9615bc3efedb7a0eae,22/12/2005,M,M,3162078591,2CFSG,D
11763179,a3a57daf85b0b263a1cca3df11fb89cc966df6049f05f179e16168dd4e206420,06/12/1985,H,M,3228390016,1CFMD,S
11248561,3dc62e38cd673246402bda1e343c793f80870701e74fa86a67986ce8dd53ab3b,10/03/2001,M,B,3162079713,2CFMD,S
13455914,9d5238f5dc6048e68641d60465bfc94155c3feed565d04ff5f8fcb012b8f7e36,21/12/2005,M,B,3228406545,1CFSI,D
13069144,fbdedec702a67693f68d7391e7bec930cad2906aab01bc219278560b5bced140,15/05/1970,M,B,3162075411,1CFME,D
11407222,b59f6c50e54bf2590e82adfa30e9dc75ecb7254f677d98c8f8099a37023f74a1,29/07/1988,H,M,3162079936,2CFMI,S
10781254,ddeee30536feeff2ce5d4415aae53d630a88e3aa7ced90f4e5269c837a561f0f,03/09/2003,H,M,3162075539,2CFSF,D
11329159,02e799d602cc1b11d46cfeebed3c88e0ca12161c9abec758836bb8113a4e51ed,08/09/2000,H,M,3162076035,2CFSJ,D
10593808,ba38fdece140968d049bcb33ca4df5a1528417f98af43544f4ac5b985d40eb77,09/05/2002,M,M,3162075418,2CFMK,D
10593808,ba38fdece140968d049bcb33ca4df5a1528417f98af43544f4ac5b985d40eb77,09/05/2002,M,B,3228390016,1CFMD,S
11627062,3fbfa54f5777b67b6df60d3f7d46dab0b08a96501ff4ae0aa390b95ccbeae10b,08/03/2006,M,M,3228410357,1CFSD,D
12433428,8be84c0f789dd175f88ce2c6f221aa819e5b3fa5a5f2778f54e656cd34a9fe9c,08/12/1995,H,M,3228413382,1CFSL,S
10648909,63f1fed7bbd77ad5be9856a5ed4e096243427f711a03e745bd1dfd1b0c2a04c0,18/01/2004,H,M,3228381273,1CFMB,D
10201417,657d0f3ed7adbc0bbe2c71edb538899401cb982e84ed2f80f8548f50366205ba,17/09/1999,M,M,3162079957,2CFSH,D
10718081,ccd5484db016ffa503274e94c809b6eeb7df14662dbff88ac51ce07de2d08c64,28/06/2004,H,M,3162077600,2CFSB,D
10014485,2486b5f9d26f12a3b4fdb59e64923e7d854c01c3fdfa5b288a214b998389a08e,02/03/2004,M,M,3162076035,2CFSJ,D
11482158,7c6806c21c694454aa0e4818f0ce212ef18c020e8f5d69ef1a29dae51dd254d9,12/05/1985,H,M,3162079860,1CESCIB,D
10586308,3eeed0a25da1a04bba78f8c0f28994177fc1e9a9b6297d74356298fb07c3be7b,04/12/2002,M,M,3162079860,1CESCIB,D
10951388,992ec6dcb83a406f7a1144556921fc90f18a93c3561b7977d1db123d6fec5254,08/05/1980,M,M,3228379385,1CFMG,S
11231768,01fc7ab918d174128735910ea9b50e173c0294c8a5113769844c5932b7197603,12/08/1987,M,M,3162075411,1CFMI,S
12630557,aa4c28da8a66e200d07e38bc9063272d3c47f179c6f450df30d021836b801972,07/12/1983,M,M,3162077600,2CFSS,S
10205657,608bc2d8cd948e3a96f03268000a06f7ed8ff457640800263178913acd5c07aa,18/06/1995,M,M,3228413382,1CFSL,S
10754604,3b860febfe0832f2c32b39d292ad5ea7981e1a20928b13b67c059c3a8a0a2d31,24/10/2006,M,M,3228406931,1CFSB,D
10663493,843323d4cf2cf83d2ecd8edffd5db39e25aa5121e8f4b58bd7ec47791b2f4f8b,27/12/1991,M,M,3162079957,2CFSH,D
10490991,e4531a5c4be700172482e66224496e98806638e6ca0e15d9f63fe0bbee10a5b5,15/05/2005,M,M,3162075539,2CFSF,D
10490991,e4531a5c4be700172482e66224496e98806638e6ca0e15d9f63fe0bbee10a5b5,15/05/2005,M,B,3162075539, ,D
10532574,e2376f0dcfc4ab10d690d64c2915679ef826c4312d825080c1d87d618a76ccaf,11/09/2002,H,M,3162077600,2CFSB,D
12730900,afc4cb74a8c5c75b991ea3b053fe939da71fc99224c2353a907332aeffb4f8b9,15/06/1995,M,M,3162076035,2CFSQ,S
13455821,84e2c03012198b3c17547e74afa649d11a3771fcd2f8b03b9718253c07fe9474,08/01/2004,M,M,3228410748,1CFSR,D
10866566,8a10a7d1a3220ddfcd4566857ea068beda1d33ed22f0f83915415a08fb9abdf0,07/07/2006,M,M,3162075418,2CFMF,D
12736124,b77b22972cde5e7143f0d08bae93355350e62b291ac2ad21adafb89ce4e7864f,28/03/2002,M,M,3162079957,2CFSH,D
13269119,12ed79d1f3688d702f7d07921a55bf7968ddf11236937e0f66eff12cf53519f6,07/08/1987,M,B,3162075411,1CFMF,D
13256847,badcf3d33d03ef1bdf926b49b8dc94a51edd673ce6356ad4e51513f03b6ed01c,18/09/1987,H,M,3162075539,2CFSF,D
11622314,ba43db272c96525d1d09158beb41df41acab42c9c35a00e6150dd2d5a14efb32,11/12/2007,H,M,3228390016,1CFMH,D
13246215,f3479afbcfd59d7d0208c218b1e6c080eaf010c27fa9cc2a6134178fa08061c4,21/06/2004,H,M,3162079790,2CFSA,D
12739203,431a69b1e86bd5df53b86982f047feb294cefa2bee6c0bd2dcd1e414b1715e7b,06/04/2002,M,M,3162075539,2CFSF,D
12607926,c6823b97d8490d99d15ddfe3383c1133f8209cec0718ef4e58e3de87cb8ac377,13/07/2006,M,M,3228406545,1CFSI,D
13261957,8b7378629b5efd40db95f1cd84ae0188d8ac128b9895385000b4b47a0b555661,27/03/2006,H,M,3162079936,2CFMC,D
11571094,26af2ffb8a1a5383325aabd37b37d69d6597a997d86930e9f3189ceff079ad99,26/05/1986,H,M,3228413382,1CFSL,S
13456133,0ff2debe04f367ff979b46610158654cf7d0a3665f92494b803026f526a7235c,17/06/1979,M,M,3228413382,1CFSL,S
11055595,24c3c1adb1ff7008cd0faad5b22122e099ac943a1dd8826f70fff9a333d11ce6,18/03/1975,H,M,3162075418,2CFME,D
11404436,52a80eb019c049427fa6f32f78a931b70a709d8040ecf5eabf148cb31dee619a,11/10/2004,M,B,3228415772,1CFSO,D
12116573,8bc7e8e7d81fe6ac713a34f5504e42459bb77f51a1f2c5d2ef123796a48f89f9,07/12/1967,M,M,3162079713,2CFMD,S
13462544,5f9c4b548b3e6c2f6c98a9399eff9f5aa4ed23063e12635b096d7c14dc5a35f4,05/11/2006,M,M,3228415772,1CFSO,D
13499130,87a559bc503f9dd669ce26a7fdfa487b0dfe79fe47165a1d66ed330aa90648d5,10/10/2005,M,M,3162075418,2CFMF,D
12557047,905b5b8cc0da3771802258de444d4a1d87650529487a930e2d9145e645e10445,30/10/1972,H,B,3162079936,2CFMI,S
13456011,0d71f9739d91fc557d0adb6514506c286f6a33dcb19a8d39a18d1872634a942f,25/03/2004,H,M,3228413080,1CFSC,D
10302214,b0b20044ee081a7731bb1e900b89a35fd71653a6963b38068654accc0567b684,31/07/2000,H,M,3228379385,1CFMG,S
13456007,a717326457540262a80bf233081b37d8f0339c0d79e62fcc771df38334796f9b,29/03/2004,M,M,3228406931,1CFSB,D
12739645,7290514ab523792b175dc8d43ec1eab8db8e18cb83e70dd3377aca40487bed33,30/09/1999,H,M,3228390016,1CFMD,S
10618403,3b3fbc3bfc573b9e0160f62edaaf950a6d58cfe1462b137658607440fb143fd5,16/05/2002,H,B,3228413080,1CFSC,D
13282254,11eda7efa680d8130edd12905587210e1b22bdb95d88dcbb25272b2d4927aeaf,04/06/2002,M,M,3162077600,2CFSB,D
12250190,7565dd6847bb85e19896d37365c3adac5dfbc95ad5abd51d70453841505e9d02,08/04/1970,M,B,3162079936,2CFMI,S
13458016,d2b5455871f189605b5fd058e4c85faf27e802ebcf13ad4d0def7930f350d42b,02/05/1995,H,M,3228390016,1CFMD,S
10758365,302b38f1b58e45219d227f19aa89656e00eaffb0b8fc4acb8f5826df5b947647,26/10/2006,M,B,3228413382,1CFSQ,D
13068080,21b11c6e051ada024ba781da8a2d9b07d69d7252f3d53ad1d6b10241002fd714,30/12/1966,M,B,3228413382,1CFSQ,D
13446594,6caa1e3e1d78a724698f260d4b8c1cacf380c5c87ee069230b93d924b050c222,10/12/2006,M,M,3162078584,1CFSG,D
10862205,fbde40e3d3431ec9623cd5e9324e322a527035bce8bf7cfc3d4550b0efce699c,04/08/2005,M,M,3162078584,1CFSG,D
10784833,0319160760841b73656c05f73502acc31b2bb6535ce46765a066fa7c3bc7ed14,05/04/2006,M,M,3162075418,2CFMF,D
13034194,5ae58183cfc3a14996eeeae8ca3d781a88ab0407c02e0f5fa7dfc17aa4c960a8,06/12/1988,M,M,3162075418,2CFMF,D
11251967,a1783069dbb580fd46f717ab927cbb3feacf7059b8ec2e6088d4df4e41857673,28/11/2003,H,M,3228415772,1CFSO,D
10399058,e75c916b16a223ce38ff059840c99270055be58459cb15ce8a9069a45156abaf,24/10/2000,H,M,3228413382,1CFSL,S
13459361,edd6ce450058d777373c3b09fb3d9a42db99b74ec1aca6428bcc2f8ffe611ff7,09/06/1993,M,M,3228379385,1CFMG,S
13064420,4cd0b717a0e53634bd6dc18a7f91f00359a966b57da85ffcfc390aaa6dbb707a,22/10/1978,M,M,3228404816,1CFST,S
10515573,23ec9302d6a3e77c67dedb73f35f370f087326b750f09159ccf6b8f8b8ed0162,13/08/2002,M,M,3162079790,2CFSP,S
13038809,cf019ba1641ef42b02317a09be5b18997c3a4422d0ee396598a0449386821567,04/07/1986,M,M,3162079790,2CFSP,S
11553064,d9644ba6d5fd158132b174782a268d6266fc3aae7c9e4dd26b972c95846b0ee8,16/07/1987,M,M,3162079790,2CFSP,S
12452324,470b8bc67a6b29a4cfee15d8f29c3a456701d40fe2a9b02380285923b0153164,05/02/1978,M,M,3162076035,2CFSQ,S
11402624,393dd50f5048ae8c97601dedba1fe4018ef745a66c3ca7bd943749e247803d5d,08/09/1984,M,M,3162079713,2CFMD,S
10377321,818d1a206b45a7d26ce51542d840c2d97c72d25ca813075491beaf921367e17d,06/02/1999,H,M,3162076119,2CFSE,D
10070165,caf9743db820ec0f91c2cc26cea2cc990ef7c87a223c58d0b9224789c8e12c46,09/08/1997,H,M,3228390016,1CFMD,S
10759106,8c8a2b4f1460d721a7eacc430905ff7e8b1304e383bcb8093efa2da32a43b870,21/11/2004,M,M,3162076035,2CFSJ,D
10652580,a37fc6b6648358e1629d3bf5387947094e516ce84821e49c42a9d136018b7adb,16/08/2005,M,M,3228415772,1CFSS,D
13242130,a1c5211c0783cabf2273866abbe618b625705570d56cee3dfac1f111e41658a9,28/04/1980,H,M,3162075539,2CFSF,D
10618356,cf0682dd38c7633b05bb3bf995d719eac0b4fdd9ccb4f4bb15fd72dfe7480ed9,19/04/2001,H,B,3228413382,1CFSL,S
13455952,219f5d311920453b68e04d67f89f4f6fd767fd9ff07345c00c7259e387afa637,27/12/2006,M,M,3228410748,1CFSR,D
10282698,21b9bacb308b1313604df9dc89ffd746e1e4f8253cd78ca0240a43c16570fb2c,24/06/1996,H,M,3162077600,2CFSS,S
10248785,c80fb65ab46f32080a66c75c5441823114578996f982211f94cea5a090ace446,20/03/2001,M,M,3162079713,2CFMD,S
11271861,9fb47cbbf62d3bc42cc9e9d31ebdfd175c1708045166dead05a3721d80e0675d,16/04/2004,H,M,3228413382,1CFSL,S
12563453,c55ab2cfc2f4808cbbf1d328d90907299fb7181111426ba7e9b4221722a8e02e,07/08/2006,H,M,3228390016,1CFMH,D
13251013,8b5eed853455aa72f107877e13ac285c97bb8819e916020fbb58f6744095d194,22/01/2004,M,M,3228410357,1CFSD,D
10707734,2e146f2431b87490332981d5acf138fc08b65b3b3dba06790ca930318ea32b80,25/07/2005,H,M,3162077488,2CFMB,D
10745573,e4a610e40d2c9667f45ee69515596085b33411e04e746864b2aaa6e8299d257a,03/06/2005,M,M,3228410357,1CFSD,D
10645102,a36db26cdd410f71ae10416c7a93e628d3d070cb7db87d331994f4a8bff35583,22/05/2005,M,M,3228410357,1CFSD,D
10776755,6a67096700413a371c6bc8c78c445ce7f9a474d32bd283cdb063c69fa7820c10,15/05/2006,H,B,3228381273,1CFMB,D
10776755,6a67096700413a371c6bc8c78c445ce7f9a474d32bd283cdb063c69fa7820c10,15/05/2006,H,M,3228381273,1CFMB,D
10654915,fc4b79abbdbc52f9b86f9db1f1c0224ea7e371e4ef157642b08a28b9d89841dd,20/04/2005,M,M,3228381273,1CFMB,D
11073751,5efd624ca1a53b3937ef4a67fd006466ec54a72664d3e07dff15afc555d834a3,25/07/2006,M,M,3228406545,1CFSI,D
10804683,2d888cc284b8a85bd5a0dbab0ed8009e5d4d714100674b32acd5d4f1b64c6ec5,11/04/2003,H,M,3162077551,2CFSI,D
11484235,f618659023949526c8fc1438064aa9627a65632a9398d515eb2cecc006416db6,09/07/1977,H,B,3162079936,2CFMI,S
10852107,7ff54f073107da3a64de46b4d7114433fe107ec2a55a0ea69aa710fcea4b5068,07/05/2006,H,M,3228406931,1CFSP,S
10514139,30897be7f152bcc05e18acb5464a7cb3588795c8b437f930f351c43486704680,08/07/2002,H,M,3228410892,1CFSE,D
10910600,9f89a50d25ba3df386de130aa5a2352577edfdfbd1580f53fa64dc0bbd648603,23/01/2006,H,M,3228413080,1CFSC,D
10799789,93dd132989e191211e65b612d3428fede3b2e2364b0e4c75a8f54a7b5ef7e231,22/05/2006,H,M,3228413080,1CFSC,D
10762023,62919ca735e674055b0042270f83860b3786ba381a8e6c1b89b3b2a38a10bbaa,14/08/2006,H,M,3228413080,1CFSC,D
10780756,43e652e6e422ac7b08e51e50928b453d55f7e8a3d9bf79aea98788517194e19a,25/06/2006,M,M,3228413080,1CFSC,D
10823807,ea0891dfeba1a17d1dffca61bdd5febaf16472d07fae5df1cb1dbd2111676ade,18/12/2006,H,M,3228413080,1CFSC,D
10851502,5b93f41dbe1a05e83cd50ef9077365b8842755ac19a01ce818c499665b5b0968,03/02/2006,H,B,3228410357,1CFSD,D
10675936,64e5589e2d6c953971b9daaf535e41042c9cdb2cb50751ae846955693deaf93f,28/10/2003,H,M,3228410357,1CFSD,D
10719000,33220b16f28e4ac2f0794553f6dbb200f05a976b6d6b8d6e07938273b5976034,28/08/2005,M,M,3228410357,1CFSD,D
10846121,f441e53297ec5543eb396b5cc4daea168183c706a8d04397d511d84f0924b393,30/12/2006,H,B,3228381273,1CFMB,D
10026278,7baa8642b799530ff6aab045f50366158d1a80dba3c74489605e0f172547300f,18/08/2005,H,B,3228404816,1CFSA,D
10024578,ce1c02abbd6e20febaefd5870eb01b97bcc909bcf0ca55f55bd3a6e7e602fd3c,12/07/2005,M,M,3228404816,1CFSA,D
10711877,45394675d29217c5984bfdbe835192cdc0d08bed2b7cdb9fce3cd2af4e6fe117,01/12/2004,H,M,3162079790,2CFSA,D
10700021,f82680630b10724a744e1cf909148ee872631b172efd3cf0c21d1b386a7ac4ee,19/06/2004,H,B,3162079860, ,D
10355633,84673822e80c342a90f3cbd72c3e8ce8055b853a537b43fe3b1490747e71444b,09/03/1995,H,M,3162079860,1CESCIB,D
10700021,f82680630b10724a744e1cf909148ee872631b172efd3cf0c21d1b386a7ac4ee,19/06/2004,H,M,3162079860,1CESCIB,D
10781314,d0e3f02d3ef3867fefc0acf10b044111485e2b5d1b0c9d1190bea6b5826f7d88,26/10/2003,H,M,3162079860,1CESCIB,D
10736698,8401f22b82bc33a42bba1d6651cb790313dd292f412408fa19fd3415dbc0b890,11/12/2004,H,M,3162079874,1CESIAB,D
10837507,9e2c8dbaf217b9ebc936f3eae3f9644e24a7fad537edab2b1ef877814991739d,03/04/2004,H,M,3162079874,1CESIAB,D
10904569,0bbc9e66b3308166d48e5f30f9fe99e42c7a1132a94e167a82dc5eb9d46de0fb,06/03/2007,H,M,3162079936,2CFMC,D
10730670,e7f6d1ec6ba5ae0887f7bb90e347a747cdb3fc0916cc96aba20b46559384c55e,10/06/2002,M,M,3162079957,2CFSH,D
10813126,24efacdef895ae6e887d5ba8ba36b17df1d4e60678a702fd9f520a7885783c35,09/07/2006,M,M,3228406931,1CFSB,D
10349498,38c2810e98b603d548365861e9ad39a511ac94b962826b2fa2adbbcbfc9a3798,09/01/1998,H,M,3228406931,1CFSB,D
10918602,5b3bdd7dbd0c08bc3d6d6847c2278a9e159d5b61ec8448ff17924f10992bad1f,20/09/2006,M,M,3228406931,1CFSB,D
10365221,63b3582baaafa21853c83e085a06cabdc8f05d413a65187a92dda52550816d48,10/09/2001,M,M,3228406931,1CFSB,D
10698470,a7524f470cc58131519d4a103f29dc356adf80169b2c6454ca210ecf8aa47f30,13/06/2004,M,M,3162078584,1CFSG,D
11285049,4eb6341a249e37bfa3c5f566c78b548f9c6e39ce9f7ac23d851fde747af86d7d,27/03/2006,M,M,3162078584,1CFSG,D
10287428,85b9d4ec383e7616d489ab63a1f027f8e10c8c197cd4a9620710033934d11b16,18/04/2000,M,M,3162078584,1CFSG,D
10610021,7c884a2ea10533803c8dd28e0f41a93859d9914d1735991c051e4cfa46369982,27/07/2004,M,M,3162078591,2CFSG,D
10689283,dba6ec393dda5328d80bb56718d3b48688d995720cb9c40556e77aeb07a38f02,01/03/2004,M,M,3162078591,2CFSG,D
10850218,7378253052472b86a9eb5dd609f629ea9eb707ffe968678a3dc2402f22127136,22/03/2005,M,M,3162078591,2CFSG,D
10711820,3d9f1627abf6ff5d78fb1603a83c4fceccb26593b12090313a6f4fddd0a842db,27/12/2003,H,M,3162078591,2CFSG,D
10707901,a7dee821bf4af31e1d83545d1e1e2296c8e4a0b6d8a3b2b7da7ff356ff7f42de,19/12/2005,H,M,3162080071,2CFSC,D
10707654,d39206daac56dbec02a419a49e64fed5db395a2d5cd48d1ae7baaf17d11e224e,09/03/2003,M,M,3162080071,2CFSC,D
10837560,1cede7edc79493a1a1071b6bcf51fa97d7e923b8e9386e28a52b697759c24624,07/12/2005,M,M,3162080071,2CFSC,D
10864476,c953dd69d47e612dc965bba2b5bc1bb10e0bc5796f9c5226ed993615e52d00f2,10/02/2004,H,M,3162080071,2CFSC,D
10691654,3ac6dd06c44b87fb0a065d00ce924f78267c2792a3cd5942a20aba2102fa2140,08/07/2005,H,M,3162080071,2CFSC,D
10711859,73c6acff76dddd5a34c074a962ae476d35273e01f44e52c55c07231287fcdf99,08/05/2004,H,M,3162080071,2CFSC,D
10931651,7e4c290cdc27c565919c01694bcf782b4d808114dcedc93738477a1b478f0588,07/07/2007,M,M,3162075411,1CFME,D
11006716,1a5cdac2114fd6f9fa3a61dc0ae08097e3459324dfc34860f4c66dbfac61e3e1,22/06/2008,M,M,3162075411,1CFME,D
10824027,1ad6123a989e0869d8663fac61e4463f04b1c7733c6b7a9cab4f4d1e8fb18096,11/10/2005,M,M,3162075411,1CFMF,D
10926900,90a36693283c09ac5447bdc957ffe82a06c8e49b3dcd51d5bafd1382c8ad1466,16/09/2007,M,M,3162075411,1CFMF,D
12426107,90d52dbe27eb01a35d9875a57e73a80c11d81c5494050922d004e6484ae877aa,23/01/1971,M,M,3162075418,2CFME,D
10574437,8d983565b8fd4365bc1f4048fba2b9dae544e8b3a143b840da3e95044b6ffb6d,08/02/2002,M,M,3162075418,2CFME,D
10787438,fb2f7aeb3f21b9becc83da84b78edba2a02e8fa607868eb2983f19ddbc5488f9,28/11/2006,M,M,3162075418,2CFMK,D
10884628,2fa970655c03743d798f37028e9deead7dbfaddbcdde88929f990edd159945b4,29/04/2007,M,M,3162075418,2CFME,D
11407450,e889a91d3e39f8dedc79785640bb7f970d488f8e38fa6bffc1d9b4ed52029cb0,22/11/1979,M,M,3162075418,2CFMK,D
11320679,14a7b97144d14fbfd2bb27b9cdea576aa4c99150096cc7a9500c3498f19a971b,01/06/1984,M,M,3162075418,2CFMF,D
12559644,dd1c01b5114eefc4f468fb9d29fa7a00c4937d65d278357387b3fca935bf16f3,13/04/1978,M,M,3162075418,2CFMK,D
10788057,f1b0e771d4216104302be7beab9f3106ce78be82e601dc081989dc5d44b02d83,26/04/2006,M,M,3162075418,2CFMF,D
10615480,17c5b114e5986d764916898a662f68ee409d611b4565e88569b6b5830dd1a934,12/09/1991,M,M,3162075418,2CFMK,D
10898139,6043538a7dbbe951cef9c64eb78da27cace5745d5979541c7db1af9a0fe74896,11/01/2007,M,M,3162075418,2CFME,D
10707767,e3577aa8c5f056f2fe4d08c8c2e04d21a30e5e6e8a68af5b0088946f2f20d68d,01/07/2005,M,B,3162075539,2CFSF,D
10486854,5ea6de17fff6f05d9a49841dfe2e41dd88fe5f387edb39cf7184112cdb0a836c,18/07/2003,M,M,3162075539,2CFSK,D
10698110,a17f3cb0c575de04a9d7c4bcc71b8b5069d6d03a2dbc148a079cecbfad851263,23/09/2005,M,M,3162075539,2CFSF,D
10324078,aa0f475796a812800bbccc627c1b27634e1a7e28c7ec7c53e1a4053d29597def,21/08/1994,H,M,3162075539,2CFSF,D
10845796,f4701a1f405df499e3c3202088a5790c72eb58a1f905b92802c5570d459f3e25,19/05/2005,M,M,3162075539,2CFSF,D
10932819,78bcff2e66b33eb93fa37d3cfac4fdbda1ffbec6c499b3bc27acee347178ca2c,27/02/2007,H,M,3162077488,2CFMB,D
10789649,da887b9510081aae3932564847c5295be17c642067c50219a2071a549c6cdf42,19/02/2006,H,M,3162077488,2CFMB,D
10700138,4bde3cbc1b91ddb7fb9ccef81d3b48791b1fec837e908002f2ead72849d91f72,18/02/2004,M,M,3162077551,2CFSI,D
10770133,e9dacf79117ab7ea8cc81cee2fa6e204542085b44aef6d7adce831eb7b4bb4e6,12/12/2002,H,M,3162077551,2CFSI,D
10852071,cf21ee999eba52f7d5fca5d0901ed887e1c878d8540737a74a6529223a13f7c5,18/12/2005,M,M,3162077600,2CFSB,D
10833265,2590cc1b9973b91336b500d23f0669ad7d7e40fb18cb72a66ce66dfc82cde62a,18/06/2004,M,M,3162077600,2CFSB,D
10737190,fd4491d629ad02385bc27eec0fa38bc87d56569a8d328297baa0eb678a088d09,21/04/2005,M,M,3162077600,2CFSB,D
10805336,dc03e3db50ab46022a0da48d989f443a691780f8109316dfe0a3838b08063661,04/08/2003,H,M,3162076035,2CFSJ,D
10513851,cf9123ba9c515d8631e899b22e258fb904eeca1328201fe4c82cd2415bfeb0bc,03/02/2002,M,M,3162076098,2CFSD,D
10837523,7986d608e1246aef08215160d593f38fb00ca23f4bd2dee5e748ffbefa83a5e1,18/01/2004,H,M,3162076098,2CFSD,D
10696634,0e58d0347fa828ade049a20551121786f303afeabe822e3d4a7427c468688ff6,10/10/2005,M,M,3162076119,2CFSE,D
10199483,c9f607e6e891d774bed2208c1c31cee106e6d2490bbd86b6fccc77c853e7b5f6,14/03/2001,M,M,3162076119,2CFSE,D
10301015,9d01ee808a301157bae2fb3b0d5a9e2034b44223141d98e997f1d8bdefe45c17,25/04/2001,M,B,3228415772,1CFSS,D
10282118,c35666604d2ac38a69fd699127350825c13c21780f7ac3ec5dfcc52c4a07aef5,19/01/1993,H,B,3228415772, ,D
10865703,b2c80e350fb0195944b93d1b56b6ba2a39a0035d1d0db273a72cd33ec23496e9,10/02/2005,M,M,3228415772,1CFSO,D
10851445,9c517b086afc1b92fdfdf13febdb019329cb80c27dd486bede82f938801fd092,13/09/2006,M,M,3228415772,1CFSS,D
10282118,c35666604d2ac38a69fd699127350825c13c21780f7ac3ec5dfcc52c4a07aef5,19/01/1993,H,M,3228415772,1CFSO,D
13242092,8b1cc80b174e5ea60a5a89a44c18a3d42840e85d5d7e192284139263d54a52ad,13/09/1979,M,M,3228415772,1CFSO,D
10698482,3e208bc7196cd8f880ba970a993df1c89a7899250a478e0ce5f4a429e14d1b77,19/03/2004,H,M,3162079713,2CFMA,D
10924358,2114930a969b75611e3516a217c3df47aec24ea140c8e8755c03fb8d7150431d,03/06/2007,H,M,3162079713,2CFMA,D
10787713,c5cf745343e864c3ecbd7dfe3508759f2684f1f2375cbd7c2b27ec41d5462fda,07/05/2006,H,M,3162079713,2CFMA,D
10381670,c0cf12de1e5aeaaed1ea293eaffcbfd71574ac2e3beed9cce6c86fc69f68dc4e,11/07/1998,M,M,3228413382,1CFSL,S
13459576,c077bea780c6a0e6bf9ee5762bae3196676b6a9d0a068b36eac6600dc3a7b8ef,05/10/1984,M,B,3228404816,1CFST,S
12739273,bd17e02f254d5d124a7145d618170b86cd15e4e69261592d08f1987e782de412,16/02/1980,M,M,3162079790,2CFSP,S
13320897,a432ee71daf9c1ce254ee63addf28019b5e8aa9959200313138aeb2cdb858354,05/06/1986,M,M,3162079790,2CFSP,S
10283680,05bc52310a6b7cabcaa2c81cd06fa15a3d25f5fa3bee7d9987961bfc51d1b4df,29/07/1998,M,M,3162079790,2CFSP,S
10412777,7e125c0f3da09996cbb59abc2b70257492db309c90fd2ed1df9eaa1159e473c7,18/01/1992,M,M,3162079790,2CFSP,S
10730130,a44b47367179f164bcc0485ec19be45c3f1044600a76217751112c74bf749f4e,30/07/2003,M,M,3162079790,2CFSP,S
10325203,a6ed5eddb2f762f255e0fe4a6392860ef8c7749b802c0f5606839d7516757a47,04/12/1995,H,B,3162079936, ,S
12505624,d868a8e2ac152ff3c93100cf41339a5f19bf97c97750663476654d94c701da4e,15/01/1989,H,M,3162079936,2CFMI,S
10325203,a6ed5eddb2f762f255e0fe4a6392860ef8c7749b802c0f5606839d7516757a47,04/12/1995,H,M,3162079936,2CFMI,S
13248857,a66715a6a54f154c3716e1a2bf4f07fc102bc799c69030bd4f6f41900240852b,03/06/1980,H,M,3162079993,2CFSR,S
12636620,12c663d60ba891d83b1a4b291f43f6f6b3ed7eb0a188ab0414e99543a8f1288e,30/05/1971,H,M,3162079993,2CFSR,S
10365185,4f7f02e7c5fd953bcf86684261bae7e01ec48d27ac3022990454c73ff10a34bd,03/06/1999,H,M,3162079993,2CFSR,S
12427040,7df816a2bbf13d69706892155c0d1ba78ea237c84b3a209575a12c2b874c91ec,11/09/1975,M,M,3162079993,2CFSR,S
12040403,4f3fd149eb2347b1423f921eae4a9b37e421fde7ad5f9a6cad39833d54f8b45b,30/03/1988,M,M,3162079993,2CFSR,S
11254010,d5bfb22e77d8cc56b081ed690f15a7085459470e7aba1b06b1c92e7ab46b4e49,01/04/1976,M,M,3162079993,2CFSR,S
10279313,ba8fdada8c53eb68f4211dfbe2b2411f9f78f3a7e6abd1f98430758ab8fa9f48,28/03/1999,H,M,3162079993,2CFSR,S
10323451,09fb2962c2878159ddff1e20b52267854b72fc585ae4fa4a10b065f98064c85f,04/02/1998,H,M,3162079993,2CFSR,S
10307929,2611eaa3637538db5904f66c3bad4d5a035eca59f2ebdf9847691a6ef20a52bc,16/11/1994,M,M,3162079993,2CFSR,S
10979745,ba9211383551222c2e98587fb2692d60b0c070aa87d768c9536e465a066db81e,01/06/1983,H,M,3162079993,2CFSR,S
10199483,c9f607e6e891d774bed2208c1c31cee106e6d2490bbd86b6fccc77c853e7b5f6,14/03/2001,M,M,3228406931,1CFSP,S
10323559,14bfc6fdcc6f03baf8da43db610395ebe7d88bb7a8b3d21e14d291129cb65354,18/05/1996,M,M,3228406931,1CFSP,S
13458161,3a863df0d7e21c9642f6cdb792236a31a2ff0a0b4119b622e9494958810d3a27,03/04/1986,M,M,3228406931,1CFSP,S
13456233,1a377c22bc98b632a7b8a403b3e6e0108c15e40e098ea57e538b791b173f954f,31/05/1982,M,B,3162075411,1CFMI,S
11241599,2bdac0dea9487dd9675537c756daff8892912435a03c23baa68dcd0e789df509,23/04/1974,M,B,3162075411,1CFMI,S
10384941,5054b98b1cc8ebf18ade1666a12c4babb4c7424f6ab8d10511010fbd2a5686d9,15/01/1992,M,M,3162075411,1CFMI,S
11144881,23c5c31d3ec982663e420f775a4dfc3d8e2fa824e2e8a8268fed6ab697fbc27f,09/09/1986,M,M,3162075411,1CFMI,S
12510297,6dbbe5c921e7fbb73c5df1dfcd5faa56dacfda16afd47f2bcccce8a209fd2869,21/02/1967,M,M,3162075411,1CFMI,S
11318428,b95da60a76c267c09af85c7d8858899af48438e1f2fed00ca422305a2091203e,30/05/1983,M,M,3162077600,2CFSS,S
13243061,0a7d1f818d624233ee2877c15aab282129b267714090ce367cfb1815126d024f,22/06/1983,H,M,3162077600,2CFSS,S
10507995,0e86a4b97afb004c89bfc834654bb219da0a5e2ce7c4d7f4d64af0704eecfffc,09/10/2002,H,M,3162076035,2CFSQ,S
11921786,e92e3f32ade34b34bee82ec1e828117b382a0e3e1488000b13f2f7cefab6ff69,02/12/1993,M,M,3162076035,2CFSQ,S
10639978,9ef4ba2e1247af31b6bb2ac1c71b0532482afb62e66164d4749b1276582bbeac,07/06/2003,M,M,3228410748,1CFSN,S
11240615,30103484427f5dadd0ddd4634a601b3023080cdf91d11c9b0823eb04bbd79407,26/02/1986,M,M,3162079713,2CFMD,S
10690015,4a2fa05736dce67db3d00ca8465fff82be3bf83eeaf865091f7674823d5adc2a,14/06/2003,M,M,3162077600,2CFSB,D
10427669,be114ea02aafcc608ce810a1c540ac796f9518e187d06e43d6a62b08168bd1cd,16/02/1999,M,M,3162079790,2CFSP,S
10652371,2da277c60dda691d78413ed111293cfb3ebbda73152c9c308c13331b06a2c7d7,27/06/2005,H,M,3228413080,1CFSC,D
10729539,9fc160824b4663c9b8d5536f95c800fd2ff6ab472d21a2e411cfe74008778642,05/07/2004,M,M,3228410357,1CFSD,D
10634348,d8b7a9e7ef88c968b53bf386331a6a40275ef1518f2a941c8be525b77759e37e,27/02/2005,H,M,3162080071,2CFSC,D
10764532,e647c2499dd4eb68b905fd2173d43587456fb09268a40b43c86be2cdcf522448,17/03/2006,M,B,3162075411,1CFME,D
10892583,d48b1dab3b2720ccc1693ebb79c7c3a381945b5bbbfc8d260b976ec4e0fcb1cb,29/11/2007,M,M,3162075411,1CFME,D
10318925,3be5478553d6de74c3e7a3599c0dcdc785c22f23fb08696edf3725dcddcfa971,27/10/1999,M,M,3162077600,2CFSS,S
11248234,fae4236fdcbc9c16a2fe14af5f5fc3879456ead03fac55acd608c60abe2e34e6,18/07/2007,H,M,3228390016,1CFMD,S
10241444,d75cdc577f9b85d63cf3df51bf72ab08a185e210ad76b5f1b4055cdd36ec0eb6,06/10/2000,M,M,3162075411,1CFMI,S
13459021,9e2b25d569fa19c2f804e4c69b18d1c9a21d25f75abae19ed2b080b2dd6a3416,03/10/2007,H,M,3228390016,1CFMD,S
10759237,a8a6c95f9c3e4c4d71b42ae05595dbbd4b70c72bdbbc89e9f1b4c1eed6ebed66,01/06/2006,M,B,3228410892,1CFSE,D
10687498,4473776d8550f0e26ea69f970c395ad12262a73ed21caf928a6ae0a5838407e0,21/02/2005,M,M,3228410892,1CFSE,D
10759237,a8a6c95f9c3e4c4d71b42ae05595dbbd4b70c72bdbbc89e9f1b4c1eed6ebed66,01/06/2006,M,M,3228410892,1CFSE,D
10749811,e09201fb3a05502e757976a0bdf3194d3199d1c72be0904f641f8dfe005cfd63,12/05/2004,H,M,3228410892,1CFSE,D
10678997,d35f8a448af18be4d270e0a703ca0f6ab1d4464dc1624d52a1bd4f1744e8ecf0,09/11/2005,M,M,3228410892,1CFSE,D
10320497,b622c320bb716e24ec6149cdc84eab59af9b33377acaf1c687cb6a29e50f0012,13/02/1992,M,M,3228410892,1CFSE,D
10808311,a3e8152dd79ff03d19ae28893f65a39eeb7245790780b3c11f50a40b246fc912,20/02/2006,M,M,3228410892,1CFSE,D
10761594,5ac0ccf7b03c925e90a7cdc78c484156c9925ff97cd55f1f69cc0bd15f9f097a,15/12/2005,H,M,3228410892,1CFSE,D
10736502,0e09e63a480968b2b9de29c23205ccf13439835c187fb64b4e4a4fa5385bb380,26/02/2004,M,M,3228410892,1CFSE,D
10676318,44b98d99f297a377342edf9874ceeee401c67145edbda8f0eb43dbd9c90a4db5,29/03/2005,H,M,3228410892,1CFSE,D
10267952,1d23124fef6d9c2fe85e33d2ddfce9c427d0db344651fc3a4ee9c9d753a191cb,31/01/2000,H,B,3228413080,1CFSC,D
10796295,d7388f691c4fc199e695de687b2443c092093e248df688db897ed714a6b88123,21/06/2006,H,M,3228413080,1CFSC,D
10762343,34a1801051ef7f60c74871d6879769d8cd1d5adb22ada1969c75e50cdd736d67,12/04/2006,H,M,3228413080,1CFSC,D
10757735,e3efd6cf2653eb2b21860aa6b655323774f451775f50086b091eaf5339aaee9e,19/08/2006,H,M,3228413080,1CFSC,D
10849397,ec485650bc06939b46a9a4147602e229271c973e2ed4796dbca83212a51e8ea1,23/01/2006,H,M,3228413080,1CFSC,D
10805501,7eeea4932125653d794a92a128c7f139aaef1c34d50fc600104d240565f7f1f6,14/04/2006,H,M,3228413080,1CFSC,D
10840811,38fbe518f55678c16eeb31bc77040c2f30f1d1a8a74de7defbf3627f078b0a58,24/01/2006,H,M,3228413080,1CFSC,D
10783280,4e67b3fda9f96bf7f0d59d831383393f4ea8b121758b2f449a6a397208c25e42,04/11/2005,H,M,3228413080,1CFSC,D
10764453,bdb588c468eb7f1d83a1af27a6c28fd6a426d151d5a3f9360234c82dc1807c37,01/09/2006,H,M,3228413080,1CFSC,D
10813139,eb6a56b373df0b406050777c2cabd25ab1c97c2494923440408acef7cf932b74,31/07/2006,H,M,3228413080,1CFSC,D
10756607,06f085a27db4fd1af3ca2cd258cf79629e1f78de1c6b3be75d591ec6fd25b3f7,14/07/2006,H,M,3228413080,1CFSC,D
10762338,808d545f2b3e2fa12465618a8d001d806424f64ea445196ab7b4eedc228b247f,02/09/2006,H,M,3228413080,1CFSC,D
10823812,7731c863abcf8acd9a99d9fa8a33600155eface7aa678f305200dd839d6c6a2f,24/07/2006,H,M,3228413080,1CFSC,D
10807600,b2d3288f84e2e97a304b5e68ced1c367e7652da8cc09823ec98fe1a4f80f3773,16/11/2006,H,M,3228413382,1CFSQ,D
10679710,4749f61c3975bb8c63185f4fc0b3c04e94fd0d87c3ce927076364b1273d48550,27/09/2005,H,M,3228413382,1CFSQ,D
10736277,69d8753a64643ccdfba9fd049469d7713b88f9ae5a3e4c46ff8ee8259fdeda3e,17/07/2004,H,M,3228413382,1CFSQ,D
10282899,78d88f1b10a6d142752a66c9aabb4d2a04f9e9397baaaac1fa778f0cd9314f7e,26/01/1998,H,M,3228413382,1CFSQ,D
10797348,2824c812c47bfe64db0c3383d3e544a6c75a9ed59dd0b15fe5bed1d5bcb376a1,13/02/2006,H,M,3228413382,1CFSQ,D
10611084,f3cc5b2ab39788d22a24fde9ac4b55f71ca50548d9478a0a3943101382179a95,16/01/2005,H,M,3228413382,1CFSQ,D
10709604,bd1294f1a5d39b260f9cbf43a53c5e9645eb82f4e954f7d2d58c5b6233b3cfd7,14/11/2003,H,M,3228413382,1CFSQ,D
10770964,5f92bd8f05171f4087faa8e765cb8c6ad538ef0cc50d60a56ad348e43ee6fdda,15/07/2006,H,M,3228413382,1CFSQ,D
10688878,836a2ff9eb3f4c87ce3467ce6a675b7991bb385e54c181b8d8821b36ade5966d,22/07/2004,H,M,3228413382,1CFSQ,D
10770657,6eb547f1493585f1dc15085a08d40504b44d79fe8129c708fb395a6533a03779,20/02/2006,H,M,3228413382,1CFSQ,D
10810051,7bdb5781606e1371d57465f45aea2ea7e79b2081bde23b32c78e4b1f50802b97,27/06/2006,H,M,3228413382,1CFSQ,D
10757001,4caf7b721092bf5dab7033e64b5a649a645e0c22b037ff7657b02f9502686644,29/12/2006,M,M,3228413382,1CFSQ,D
10828387,df3556f8a8aab10ea750fa1b28ac165711d23f06c4b965756986cd4f4e850ace,24/02/2006,M,M,3228413382,1CFSQ,D
10856605,33160d6a7ef4e94691ace2830a73ef5e8524261218427d5202887af4bb4a3573,24/12/2006,H,M,3228413382,1CFSQ,D
10758419,6ba1bd6e56417bff20cd6d81d2252b33ca167ad8c67a7ffa3f27d3137a16188d,27/03/2006,H,M,3228413382,1CFSQ,D
10691401,28a1033291147a99a466f5c3f4267188338b73a3d297467f6afac6e8343f2cf5,06/08/2003,H,B,3228410357,1CFSD,D
11422592,e9bae777093339e57bafeb3ee569c4c50a74ebe1d60c21579a5b58452cec5dca,09/12/2006,M,B,3228410357,1CFSD,D
10742518,ea9a8899137627c0426795ca45a138dc470dc09f9293fbf8cb8408e16f3b8bbb,18/11/2005,M,B,3228410357,1CFSD,D
10585531,8d38fc4b059aceed45005f5abe5d65c764764f9d9d00f59d748084716aa11fbd,12/07/2002,M,M,3228410357,1CFSD,D
10698109,d59828c8858a8aa6e4bfdf9de219dda94829aea58bba23c832973ad4b0f2ac91,20/09/2005,M,M,3228410357,1CFSD,D
10415316,a864fa96e415c51cea8c7872ca7a2b927468e86fca7d0292f4221c1c23c995ca,04/09/1999,M,M,3228410357,1CFSD,D
13456027,92ea44c56017ddf88eed125988771732709a4ab514365615cbd630dbbbfcfcc2,17/03/2005,M,M,3228410357,1CFSD,D
10835750,570324a3f4f13f5cb39be89cb56b4a631b87699d977cb7e7e50d81e503992f5a,15/07/2004,M,M,3228410357,1CFSD,D
10766449,5815ae76c52dc96670a43ada0bef3fca26e0a9cf3642e1f32462888e5b29a92d,08/08/2006,H,M,3228410357,1CFSD,D
10820272,cf3b2437c4a78849a14d576bd8e9aadc44d5584ce0b5e13ea07d41bee335e585,09/01/2004,M,M,3228410357,1CFSD,D
10928118,02be2d643fb5fe96af7947f6e08126dee87620ec857e52f0b1cf2791574cdd63,05/06/2007,M,B,3228379385,1CFMA,D
10960990,9826f65bed47106a615f8d18b38511aa68129cb63b42a9f9f4e6b383f44a7502,20/04/2007,M,M,3228379385,1CFMA,D
11043785,4719096feb943d19310402b5124587b7427e087f064b206c60d4b070001d9bc8,28/01/2008,H,M,3228379385,1CFMA,D
11039273,6d4c32657f9eb3c88155d586da0d251508ff35cebf5b89c3d3ecea6b1adcd834,24/11/2008,M,M,3228379385,1CFMA,D
11029440,7a6ea16617d93cf77ae0aeb14132c763b4cb24c7dceab73c797047682904b692,13/02/2008,M,M,3228379385,1CFMA,D
10835299,bc7b30b7c18093c0cb6c39d08b1ef3d9563770d7354b46565e573677d7538eae,21/10/2006,H,M,3228379385,1CFMA,D
10805591,bd508c5998d399713ef83def8219eb6054d4b1535bd4cee72e149623e3984485,29/06/2006,H,M,3228379385,1CFMA,D
10906307,3f76d9f77e89966b1f58700b8389d1d86c71b442f467740544a6ec1592f09e10,30/11/2007,M,M,3228379385,1CFMA,D
10911748,977aba794d072da8f251ee6c72aaf2ebf1848ed41887d0d6eb74b697f3ff2b64,11/05/2007,H,M,3228379385,1CFMA,D
10787655,4dae3448767ab8eea6f48e6a58dfac328e6067814c5332f32dcdb8aa764499fb,26/04/2006,H,M,3228379385,1CFMA,D
11028742,5a4b59bd1366e11a3ed341153e396c47dc140d6dc57b2fe102333f232d058bb7,04/01/2008,M,M,3228379385,1CFMA,D
10905782,d189df2770b98e2d64e0828a21a774c9fa9b7dbb9c45b0a324b53cd8163691b4,05/11/2007,H,M,3228379385,1CFMA,D
11004486,e8e6a8a8c00fc135d79ec42cc53c4a4984d651138aa73336ed284cb40e8deb24,03/04/2008,M,M,3228379385,1CFMA,D
10911568,617d0ad8497a93171a5434caa0cb6e06396357db3d6d961339c67c83983cd574,17/08/2007,M,M,3228379385,1CFMA,D
10911000,4c0a7c1c8e641b182aa2ec2e7b190884d4505b8d899e98ccdda5e6e9719ee09f,10/01/2007,H,M,3228379385,1CFMA,D
10787257,fbc0aec6f44677b0db2a6fe4251c878bb98a86cb8d0ae448aad36dc44124f06c,01/10/2006,M,M,3228379385,1CFMA,D
10929912,4a64485c2abb48f552451b8735a0bc82caafe93f6b3eb886a8aee3c899f3e5d5,09/07/2007,M,M,3228379385,1CFMA,D
11024457,ffd491f5f7166bf41ae30d12974bffba296b47704c97fe87f3c0c01480a88314,14/04/2008,H,M,3228379385,1CFMA,D
10929818,8dc3c255a9e531c5463a2ed16fc4b0429688d0fc0962d77e69ec69958197f223,21/08/2007,M,M,3228379385,1CFMA,D
11026347,6bf3d3fea32dd73a4452c3f780168ae681fb32d2684ff70a89087015501a85a3,14/01/2008,H,M,3228379385,1CFMA,D
11033515,5e22f736dc999630609f615914812d74ceea569002527bc0e61d406796da634e,24/10/2008,M,M,3228379385,1CFMA,D
11004716,e155879b2a181cd021a116791ec4feed8f0bbb36eb34d528b51bc444f87f0518,09/05/2008,M,M,3228379385,1CFMA,D
10441643,95f65d2a5bdd97f155a8dbf13b7b02e71516f31381be4dfcf7d315fea22b563f,03/07/1993,H,B,3228381273,1CFMB,D
10920232,9260b3f9799098e1c1cfd8d89b1438d64a23f67e4b0d645ecafa2a2e8a68c7a8,23/02/2007,H,B,3228381273,1CFMB,D
10584925,8474401336f460370ffa15e8a72393c1fe4de1bab63df308e842d1d097a8c207,27/09/2002,M,B,3228381273,1CFMB,D
11036107,ec0044bf17410f2373fa8f927bf81ce384b79dc8fdea570216e9ddc4d683b683,05/02/2008,M,M,3228381273,1CFMB,D
10793641,a255f63315aead218ba1e39018af16e0a435d3dc27ce33b5973d7150b69800ad,13/04/2006,H,M,3228381273,1CFMB,D
10931235,9ab723b4019f3e16ad5c10d1ab5de06f1792288f7305e456e918765408ca7734,21/12/2007,H,M,3228381273,1CFMB,D
10924853,3d60261a4ac1f22fe75c273a5f8431a2ff3edfa5613cf633db6e7599e5e9e253,04/01/2007,M,M,3228381273,1CFMB,D
10889537,b11523a518a41d2566d7462bf552aa81a8ab3f22f9860300b7e15d5e327a6764,28/12/2007,H,M,3228381273,1CFMB,D
10912710,4f50ccc6ad7e54a8a4dbe72a3121bc27955e6b31f069217760661021234f6205,05/09/2007,H,M,3228381273,1CFMB,D
10904203,84f394186cf8b5baf08e8611eda96a23956d6557b8bccf2c3f0860a0f4f8c86a,22/03/2007,H,M,3228381273,1CFMB,D
10899896,f82a505e3dcf5ed15ddbce2d460a6c87feee9ad91dff0dbc4efe28b4d86b0987,16/04/2007,M,M,3228381273,1CFMB,D
11004108,fa812961e6e4b0f76464efdfaf3e4d6cd45a0888ca545501c8e1bc468926e9c3,21/07/2008,H,M,3228381273,1CFMB,D
10916721,7101a96c4e708c444f2b13f0a2d1a815610077712dd55623614a4fac8dbc072c,09/11/2007,M,M,3228381273,1CFMB,D
10805007,f9483a783da47e92143aba7d344b80bdf6e619d92bd6f1e742be66f26ba19aa0,15/12/2006,H,M,3228381273,1CFMB,D
11184512,e11165d5ae4887ac8431443a9221c2fc040ed79f9c50af11d09bb9a410885324,07/10/2008,H,M,3228381273,1CFMB,D
11040995,15d83697f0d0547a10f8baa53fd9f539462169724d97d28c0ada2a1bdced2a71,10/09/2008,M,M,3228381273,1CFMB,D
10809532,1b175e3c692df8d77c21e310c7a794abba4595d824d23c038c1b3ae6c7f9d983,29/12/2004,H,B,3228406545,1CFSI,D
10409169,91a72c702cbb24a159d86d2420956d780c84653276202a94a803d4cf1f5388a2,24/07/1999,H,B,3228406545,1CFSI,D
10766452,6c5146035e8432bc5013260eb6ca168af631a6810e36f9119591ab7ed2842bcb,09/03/2006,M,M,3228406545,1CFSI,D
10729793,daea6ea55a43ddc097a5fa659f84bd5575fbb29ebcf871fd985fcabb654c64f7,21/11/2004,M,M,3228406545,1CFSI,D
10857816,e9f9c451a9ae4b6b8393dcb050854a07647f006af3de1413bd76a538d16c5c87,26/07/2006,H,M,3228406545,1CFSI,D
10847609,c765c3fca00c8598555e6ff489b06f38c9c922f5d239c0912629dc03033c8652,09/07/2004,H,M,3228406545,1CFSI,D
10856038,8fd7baa10954f3831ca7956232be4751c5a38da0c1f7c83e46f3c1b904a0f497,01/06/2006,H,M,3228406545,1CFSI,D
10593810,84175270009c235f6787d7987f17af7d8b9f485a91efa7b1572a00509060b889,04/06/2002,M,M,3228406545,1CFSI,D
11231507,f1ecaa5eab0cf94776cdd8eb2173618311a782440bc79e718c145a17cdf7c6ae,17/02/2001,H,M,3228406545,1CFSI,D
10804606,e46a6ece06226dcacd34d513cd9beaefeb0126cd78115c4921298d4446db0cb8,22/12/2006,H,M,3228406545,1CFSI,D
10707892,6a32e7b47c8a972cb5a125a4d60d02f87476322acf10d67c854b66a88a6b727b,17/05/2005,H,M,3228406545,1CFSI,D
10711954,ced3ca60284891cb81caac08b6fca31ada293d09084a5c941013469e630f72b3,20/12/2005,H,M,3228406545,1CFSI,D
10835673,0983ab7ed7f11fd7e25f1362dac622b611f2e49635dc6247444da1723b2b6bbc,10/10/2005,H,M,3228406545,1CFSI,D
10734184,72b9a89731ee6bd52c7de567e8c8fe2efa00858e1848e1c6977f98e362345e24,23/07/2005,M,M,3228406545,1CFSI,D
10484753,de52aec910f6f6dc57fd56d507afa0cb9dd72cbc731602b1a58e4810a929fd09,21/10/2005,H,B,3228404816,1CFSA,D
10580667,a51016bb42fdff78eff9306574104073a4fae4173423af5a5c6a1cf4d3ed9e17,30/01/2002,M,B,3228404816,1CFSA,D
10679709,26263d7fe88050b937b0ea8f30d6730171b4922c2eee39bca6f4b898c80e8f3d,01/12/2005,H,B,3228404816,1CFSA,D
10835676,3f11e738a662cb5f70aa086fc8a816f60bb52258fea538501ab357e443c4f73e,03/02/2006,H,B,3228404816,1CFSA,D
10802285,7d288cb835f794f640cce9591a5f1658bcb23539fd323334c39ed2d34096e37c,24/03/2006,M,M,3228404816,1CFSA,D
10025295,9033cc1a6e82738a0c4fece0cf274e74315a1324155ba9e6b8ba1c1ef231060c,11/08/2005,H,M,3228404816,1CFSA,D
10711948,220409c4888be076536dccc78bf14511a0f0706476e6c138fb6e0abbcc84fe2c,07/07/2005,M,M,3228404816,1CFSA,D
10244048,4b8eb15b73a3c9f8c82e16372d4c5b44085efe0480aea8ea4d5e57aaec97b48b,12/07/2001,M,M,3228404816,1CFSA,D
12332046,4951c278cdd7d91eef98cb34771eeebc7b7b9e48c92e19ddcfaf9ea489c521fe,19/12/1973,H,M,3228404816,1CFSA,D
10742998,cd81fb5398df31e0e254e3a50b9234c6f2738e9b6956a0233272eb87b3e18009,14/04/2002,M,M,3228404816,1CFSA,D
10961892,5c82666d143352d26344f160d96d50f263fd6ed300cd955b41f570a3e8bd9fa5,18/09/2006,M,M,3228404816,1CFSA,D
10679723,b69481300bd9757e8cea458981bf32f950178c128795d2793773992cf8053f2a,03/11/2005,H,M,3228404816,1CFSA,D
10824617,d713227ba1ba527c7462b9183a9fc5e64903076c58303ebad8c90b7632afb511,24/07/2005,H,M,3228404816,1CFSA,D
10840138,834577608be0fa90a111cceb0a4c15d239cf33d3183e0ae1e462275b0b4869e5,02/04/2006,M,M,3228404816,1CFSA,D
10017455,09ca25aa07834d05180154869fb9e0426189db06b926d5b266d274676611f07e,05/05/2005,H,M,3228404816,1CFSA,D
10677900,34dfc0316af042293ff6b14924e67457dcb52e57aa8dca0100ac29997608c50d,23/05/2005,H,M,3228404816,1CFSA,D
10819061,9030577635180b7d85b8f1d9801295e14c98f6cef024e6df074fe28c50ea9adb,28/12/2005,M,M,3228404816,1CFSA,D
10789628,a3ae9bff9053d4b46265266ed59b7c9b694f115b18e335875a27b59100e1dcf7,04/04/2006,H,M,3228404816,1CFSA,D
10835676,3f11e738a662cb5f70aa086fc8a816f60bb52258fea538501ab357e443c4f73e,03/02/2006,H,M,3228404816,1CFSA,D
10679709,26263d7fe88050b937b0ea8f30d6730171b4922c2eee39bca6f4b898c80e8f3d,01/12/2005,H,M,3228404816,1CFSA,D
10679722,2d57fa301a5c26f9216d40e090554d72c0e5b3665ebc4014dbe6ddda8df3360f,03/11/2005,M,M,3228404816,1CFSA,D
10382359,4157c7a2a837fe68ec312d2bdb106ada50445ebf9a03ea8f018dfd18848c6f66,03/09/2001,M,B,3162079790,2CFSA,D
10835661,006eb2c4f04c346d3f8000ca37ab361632ddf634036bd5a77fac9688112800f9,14/11/2005,M,M,3162079790,2CFSA,D
10657739,b69d044b61c6b4a1a10d567235798cea08b752454b3a9c80e227df053d1e09ff,01/08/2005,M,M,3162079790,2CFSA,D
10679661,d5d19f60558092d253693fcaaa93773019725570cb1211292eff70707988d737,29/03/2004,H,M,3162079790,2CFSA,D
10437711,dcba6df4bfcb74a57adaae2ed850106a0479e6aad009405384c2fc2ccd8178cd,12/04/1999,H,M,3162079790,2CFSA,D
10500611,0c6a34d73bb31f5740cc08b624b417544a4c712abaac04acea1d4559e2c69c87,08/12/2002,H,M,3162079790,2CFSA,D
10679690,baa533c3f5e1d2de21e290d0e532affdc7e91de79d4830f4497d561de4af995b,24/11/2005,M,M,3162079790,2CFSA,D
10743003,992c40c838f3091b8e5df2770fb50d131d1132decaea865b1ae7e3506ad87d21,12/09/2005,M,M,3162079790,2CFSA,D
10862522,1acf8b4473828150520954060d9d929a521d0f567c494897938ca9ef3b8b5e22,04/08/2004,H,M,3162079790,2CFSA,D
10792061,6cadfb08e0bdd3f600fefc732ad09a759af80beaeaafb24c7903d074658f35fc,31/01/2002,H,M,3162079790,2CFSA,D
10699015,c313c81033ad419cc14d0e5819d5e3361f33c822253657bb36b758f23a7a70f8,13/04/2004,M,M,3162079790,2CFSA,D
10707732,9f858a4dde9af0dfd0c7a63cce555b413ed91033634d13af1a29a26ddedb6f38,25/04/2005,M,M,3162079790,2CFSA,D
10819298,07fef376a48c43c37caacea1b51557c86d0b34a5ececc4cf8c3c03b367f0bf30,14/11/2003,H,M,3162079790,2CFSA,D
11144559,484315ece50e0287fa5dcd8106acc56e8ef771e267daeb1030ecc5d52b9e8508,14/05/1990,M,M,3162079790,2CFSA,D
10689191,974b7d4f70b7a0344d30f401e8e0371deca7527e1a1605cdb2cfe1eec3afdd78,06/11/2005,M,M,3162079790,2CFSA,D
10840651,9ab8ee42716e388b96256f5c6e20fca81c8c7f57c7ae45788c3c9e06cac98ca0,19/07/2004,H,M,3162079860,1CESCIB,D
10809218,01da9eacc3965c9607dc542bf8baa7189c1961e4dcd52f7cd00a440d571e1854,03/03/2004,H,M,3162079860,1CESCIB,D
10415513,4b773bc6c2db5cb865a9aef40ffdcad7fe39db11e1f6c7cd62e7dd3e1d290a3e,05/02/2001,H,M,3162079860,1CESCIB,D
12724396,b57c3dee6eea0a1f15036aa53936d0440606a0d0ec5b3ef6457cfbb3fecdb23e,03/08/1989,H,M,3162079860,1CESCIB,D
10517224,33644988252e76782702c820c298612d7a7369217fde0c30170012e2cdbebfcb,21/09/2002,H,M,3162079860,1CESCIB,D
10740579,780ce2c4f90e26589b8c68fc09b34f7eb48020e7f051fceeba645d0f4bf6ec23,29/10/2004,H,M,3162079860,1CESCIB,D
10652552,b78adf88a92013c7d53c36669a00d6c862e57b32894af37ebbc1022db2a77ccf,18/11/2004,H,M,3162079860,1CESCIB,D
10810094,46d16677ef22c40fe80d34da9b9d7ee0c7e4251f3e70dda6ca2aaa283e1a1688,27/10/2004,H,M,3162079860,1CESCIB,D
10808794,f6753e8364b469a4a5ef37670accbcd9b9cd2e0d010c618a9dcc76faddb48e43,19/03/2003,H,M,3162079860,1CESCIB,D
12874164,43b4865ade94f1e6fd1253ad60f39dbfec5f08e55bc4318f3e07dbed61c508c6,08/06/1978,H,M,3162079860,1CESCIB,D
10678728,b47e70c71247b457493352d94a5710f9f78c2aa1bd4cc09bc492dc08b370d151,27/02/2003,H,M,3162079860,1CESCIB,D
10724963,a14c4cf99440c472a497c60780fb24cc38c055ca9a780f6077d819cadbd96acd,05/12/2003,H,B,3162079874,1CESIAB,D
10263857,292cc6884a7c20dfab0447ef2f650551a0c059f533e6699c5dd78b546c6a83ec,29/03/1999,H,B,3162079874,1CESIAB,D
10279218,e60e4fec12fa4c32dcb6c3b777651e8dda18180e998abce034fcda276647fb12,15/06/1996,M,B,3162079874,1CESIAB,D
10409990,a6f4013b5df4adb0d4cae1f782c0689203cdb1d1059466b869fe93c4b61b54a6,27/03/2001,H,B,3162079874,1CESIAB,D
10799062,a21fbc7f6423c93f55348d2e70c61b8c3a02f482ab4778b164f834eab8283862,19/11/2003,H,M,3162079874,1CESIAB,D
10328167,35934bd43168a59d4c6f3b50366da028d7b38cc9e429f47ca1ce8b0527c1db12,17/03/1999,H,M,3162079874,1CESIAB,D
10841155,58ce9cfb57d03baf54cee8d5f3a511cd282e513194c2e5e1c65dc5817ad888c8,24/11/2004,H,M,3162079874,1CESIAB,D
10018367,4049e520cabd28dc768111783b31a5116f75b14b10eb516169ea898ce28fb33a,27/03/2002,H,M,3162079874,1CESIAB,D
10832732,1b1995cea89006c4e937a5c2337b598ac84886f8d438fbf75c771b11f514834e,19/10/2004,H,M,3162079874,1CESIAB,D
10294470,0eaebe8d7c06812a0519e4b83d99627af7dd926704a727dd7274e2c060e20c58,30/11/2001,M,M,3162079874,1CESIAB,D
10481669,fdfddc77f5c64eebf3147e01aeaba25421b7fa7593c4ebbb0ea5f5938cae2fe1,17/02/1999,M,M,3162079874,1CESIAB,D
10747327,d61e8302e8be00b1e50155e89ec729264906df1ff0fdfdd76da20d57de57c474,03/02/2004,H,M,3162079874,1CESIAB,D
10304881,4ae33b007e37ec3020fd8ef5b75f079f4b20d56a4b08f3ca80fcf0d24433f773,09/04/1997,H,M,3162079874,1CESIAB,D
11502777,5baf3c74bc78c0fbe8514c707787b607fa59ff913a974c25a28ccc77cc15cd8e,31/07/1982,H,M,3162079874,1CESIAB,D
10516191,fbe14cd6ea3c3cd224a64327171f6014d9e713c7a0c53af5ec58a65145ce4168,16/10/2002,H,M,3162079874,1CESIAB,D
10403933,32e8f7b2ed2e3f9445a7694bed4c62b1b59025a8a20b12e369ecf66eef98bb1a,03/11/1999,H,M,3162079874,1CESIAB,D
10406026,f20b8fd6cf28c6d98d07036f2d6c3230cfa60c4467840dbe5daa3e76baf8599b,22/11/1997,H,M,3162079874,1CESIAB,D
12510469,b796ff9e5649117645f2b45ca23d554d1612ea88072445048c8e0b2a4a496e9d,07/03/2003,H,B,3162079929, ,D
10910799,4eac94830c152028c96bdd3419ab8b0bb6c2c7ca0b8f86a8eea90df612e4329d,18/10/2007,H,M,3162079936,2CFMC,D
10906556,a67734d958c526f682802412473c2529598ecb3bd28d287ce133211dc07bcb43,25/08/2007,H,M,3162079936,2CFMC,D
10912321,f4003d4a6d624afcf1d5098e0d85023d11b504c9ae64bd42e5d5249b9113bac9,16/01/2007,H,M,3162079936,2CFMC,D
10819052,f4f1f0a5c5aa26f1044532a8cea2bc38bb38d09337a063f0a5b5ac7fba9c8038,21/06/2005,H,M,3162079936,2CFMC,D
10888617,e961a7dd2b58aefbd662978c309af205cd799b195ea87a97346bcb7fc23bd620,06/02/2007,M,M,3162079936,2CFMC,D
10892259,57ba7110b6bb49c46b06ff54bae06e44828141fcc0321bf50fac5077b9cbd212,18/08/2007,H,M,3162079936,2CFMC,D
10911129,0329c1ee154cf52124383f4093d37ce0e3e199f3688f21299760b022034c7c6b,25/07/2007,H,M,3162079936,2CFMC,D
10911373,a33e1a5707b0405679cfba81efd01d56613c2e1b944eb8398fef75f72804f6a2,22/07/2007,H,M,3162079936,2CFMC,D
10789656,67f5fd8b1b57606b911378873a23cf108df4023dde682df3a617f46ba977fc90,01/12/2006,H,M,3162079936,2CFMC,D
10909591,ed35f669792f448d0b76219b8eec2a974a62c5447baf7b25702c79c7a6637520,20/10/2007,M,M,3162079936,2CFMC,D
10017433,004cdc571586eacb9048fbbff3d53aafe176b85c0f7249060c3ec5223184d659,12/01/2005,H,M,3162079936,2CFMC,D
10895404,d9bbc389017fc910c65665f155c393bb5995f62810a07f19bc7db0fd5de3fc98,16/08/2007,H,M,3162079936,2CFMC,D
10711791,ff5fa0299025a69607e3603b545113c2ccd4dc289e117a46c67fc5368e6dc82c,09/12/2003,H,M,3162079957,2CFSH,D
10666129,654489387246b23c8c48d4a1b19a9c993285d10b3c686f43c4c1dca85782cd20,15/11/2004,H,M,3162079957,2CFSH,D
12571287,ea0d01746cf9cf9baa9b5c985765f957e525d5b5e4d0c253d340cba166985007,16/06/1991,H,M,3162079957,2CFSH,D
10837069,b2e7da4759d976080f8e046a0432e17d9afa6e9310d25e22e91bee83f50bd8ec,27/09/2005,H,M,3162079957,2CFSH,D
10736098,ea71952a8403dac1a4afaf77907933d7338896e5e11f2ddf5a776319b65c74a3,19/11/2005,M,M,3162079957,2CFSH,D
10820972,6dd8b585bfec2f97a350f194e5ca2d61a1d3fde6767d59f08c7d230b7f048d63,09/08/2005,H,M,3162079957,2CFSH,D
10663063,c916ea6cd6be58b4785adb0bce919ded8e4091325700e2201b901eb2bb9d9a30,18/09/2005,H,M,3162079957,2CFSH,D
10392051,de87fb2c5287629a7915f0bba8edfc0db011cf41d1db30eadb89fd4969744ae0,29/06/2001,H,M,3162079957,2CFSH,D
11736342,2e26d550139971d4826b52942f9f9508803be8e3a6597d8fedffda8a2636cc0f,28/02/1983,H,M,3162079957,2CFSH,D
10689194,fe2dbddfbba19ba2fc0ec3eacfdaa4de5942079432eb607841b30d164f95fd9e,12/12/2005,H,M,3162079957,2CFSH,D
10657057,f8c21bf57cf417ceefccaec10236c19093c6b1332210997f32834a11eab915fd,04/07/2004,H,M,3162079957,2CFSH,D
10308646,9e58f27bfc7230173e645cefb9e255b8ab5307e0e92cce79b76493b14c00acf9,16/10/2000,M,B,3162079965,1CFSQ,D
10735330,0fc64eb3b6f95fefc800786ec75350768421bb946f83389b62742441a9718027,31/07/2003,M,B,3228406931,1CFSB,D
10251213,243f133593b82cb33fcb7cad8b8aef57b4026b9106795d01f605aa55fed7e1e9,26/08/2001,M,B,3228406931,1CFSB,D
10870871,8fc6f4f0d31239ea9fae483421f7c6954fefeae0e097d4b3dfcd098c0a2fba80,31/12/2006,M,B,3228406931,1CFSB,D
10824007,3775badc9956388bb07dde1659e56d3b38e117f18d65a9e9e2fe796b6dd2c89b,20/12/2005,M,M,3228406931,1CFSB,D
10635026,8262608a70ea24a4abf3b2dc61c1634e895d26a025d5d271c1323cb1cbdadf6d,11/08/2005,H,M,3228406931,1CFSB,D
10776549,2f3dfd867e1a551fe407ca4908bbcfef381bb6811be0d488ef7290b23ca1a705,27/01/2006,M,M,3228406931,1CFSB,D
10764144,d054654506eda70213cf7441c8d618651637137d4799629a9db8a61d09eb932f,27/12/2006,H,M,3228406931,1CFSB,D
10805294,dd811a298e4b25b9a6de4da1a6865d70e60a76bb8aade736ce978c9153a8e973,31/05/2006,H,M,3228406931,1CFSB,D
10530803,a04d148081f8114770016f14d1688f181a993ef7597e64bee19a65b8d21b6788,17/03/2004,M,M,3228406931,1CFSB,D
10796065,d434f14dc32507b11e8a2be876b2995337ab7e7240d4bb4c39cc32214901a853,09/11/2006,M,M,3228406931,1CFSB,D
10630363,8e6f4d10b587afbf0b5102a1e86ef9853bad1c1441233755542bbf77bf095a29,08/05/2005,H,M,3228406931,1CFSB,D
10852161,ae49762664ddce9f9a4d72d305513a3c3d520a6775d8865bef737e08e9db2b45,12/08/2005,M,M,3228406931,1CFSB,D
10819684,c90c8d4403360401f15355dd88b6da284bfb9afb39838a46171bcd344ec21f18,24/09/2004,M,M,3228406931,1CFSB,D
10630337,5df73d8d066c951653ac736f15e8204795b09218e409e3bae5a39beec923a6db,28/02/2005,M,M,3228406931,1CFSB,D
10251213,243f133593b82cb33fcb7cad8b8aef57b4026b9106795d01f605aa55fed7e1e9,26/08/2001,M,B,3162078584,1CFSG,D
10729697,33512fdfbc9f0dcd833d887bd5ca3695c3a15fb9481c5b65546168ef6787b506,01/09/2004,M,B,3162078584,1CFSG,D
10711908,7f6c2e09d8010b17130e201cfab0aada5cfa9127274da88992b3d058be9528fe,28/11/2003,M,B,3162078584,1CFSG,D
10758378,fecd44dae0e2057d994f6391068b9dc7cb669cbf82c6b62b9a3ab15a22811886,28/07/2006,H,M,3162078584,1CFSG,D
10791102,276e96a1c3e1a2ce763a9c7eae7365e25c158fd7c9502c7d544e302de1b0bda3,31/03/2006,M,M,3162078584,1CFSG,D
10675598,403114673ea9a7257d7efc9f9c8319067b8ae3cb856f65fb3585ae749374e593,12/08/2003,M,M,3162078584,1CFSG,D
10783224,19c0fa8f745aa9d891c5dce470b219e35963266e00271c3cf5babb2ac20b5368,06/08/2006,M,M,3162078584,1CFSG,D
10699108,e49a0f5ebff5e5b315aed7ee00eb75446028c098c02974570bb6f1c83f04b09b,28/04/2005,M,M,3162078584,1CFSG,D
10814418,e7b8d4ec16489bd0a0a6d7740e74d6bced0f66b45e1d0e99e91f4262bedaeccd,17/11/2006,M,M,3162078584,1CFSG,D
10705571,b92b4f6327a23d2b8a87412de53a8794e58e0ea5c90366995d1580a4617f942f,29/11/2005,M,M,3162078584,1CFSG,D
10745557,1621e7f75b7758495ca2c8217a0ff39a3ab4d284d06870adcf228ab18aa87bcc,04/01/2005,H,M,3162078584,1CFSG,D
10515204,b93868ace87f6b6ca767cdbb72a987ec996512eea2e38cc542bd1f959937f138,13/05/2002,H,M,3162078591,2CFSG,D
10645661,c9567ad55376c702b234ce336bc71b3df7dff4da2daa09bcf3876b31d3354ee6,11/01/2005,M,M,3162078591,2CFSG,D
10697595,7263dab36e097377aaea7378f55607b22e0581ab6ef653f89c2a9b37f59e3833,20/10/2004,M,M,3162078591,2CFSG,D
10689702,c3bfc5c0319fb7b36fa1100ea495a2847119471d0d360cd11407499db396e47f,11/01/2005,H,M,3162078591,2CFSG,D
10714036,9c65f03e6c28809f0db856ff5b210c215cb4dbb7a0030cd380e1c24d7d452d92,14/01/2005,M,M,3162078591,2CFSG,D
10499298,c39f7a655ca56d397db9108eaafc35183ede5037d2181bbcf328d2714e9f331f,28/12/2002,M,M,3162078591,2CFSG,D
10723900,499e708d8b27739e055e8087ee25d5a5dc4c4afc7d007b6549f8344afbcdc851,02/10/2003,H,M,3162078591,2CFSG,D
10697594,6d3173011c10351b0ea2e2bb8bad7f9c9d6169d0534b35f6a99d532b21d06cfa,20/10/2004,H,M,3162078591,2CFSG,D
10242875,e57f3d18a2a8b7cab15692b1a6e814b841a869fadec137fe0b78509194db8c52,04/01/2000,M,M,3162078591,2CFSG,D
10697823,d985b8f4cc69a7297348018dc8119cf790213bef34430d6212f6c043aa0c5a10,20/05/2004,H,M,3162078591,2CFSG,D
10862844,512a92329bf9feb9a7eef93ac5c5868d9c45ff4cab11440fbe64b66f11feab5b,06/02/2004,H,M,3162078591,2CFSG,D
10706060,4827dcb373d008086acb12f195220148b36691f532abf628146890b9e0d4e52a,23/12/2004,M,M,3162078591,2CFSG,D
10697613,a21229f8f4366b88708e24a53a3a0d9f9c54786516e9ef08e802b38fd6c49e79,01/10/2005,M,M,3162078591,2CFSG,D
10352409,0f025d8fec6c63626a9a12c09901a0dff15beabdf611fb95d73a9a0ee4ded634,03/08/2000,M,M,3162078591,2CFSG,D
10837451,33d032d03428c47b5d9dc98cb1a0e6d74f7fc26cd40b1d18224019537ce2137d,09/06/2005,H,M,3162080071,2CFSC,D
10855729,0df9f925261ab9d30abd3621285b90266112800505eef0f9d6041ecbd11327d2,18/01/2005,H,M,3162080071,2CFSC,D
11242377,909f852f2a591e5fa58d066432fddc73a1883d24819f5e8151092f7c5c681554,20/09/1986,H,M,3162080071,2CFSC,D
10267085,2396b6734303b655ee9f0fc141833177db7adcb4e6158f297e444b37b70feb82,10/10/1999,H,M,3162080071,2CFSC,D
10679688,f18ea5cf8e6eaa544879cdefb109b88c9e8f8ddae91e2a1fcc8a23e9d94c9027,18/11/2005,H,M,3162080071,2CFSC,D
10676228,4f56edda5911d9b4d80bbf06b0c0d78fcf34daac8603ff14d0f2f87b24084cbb,28/10/2004,H,M,3162080071,2CFSC,D
10832097,f12ec0e242277f48e71448014a7aa5174d04f495160615ff2e0ae48dca693470,23/02/2001,H,M,3162080071,2CFSC,D
10332972,1fbfbfb3e983242e2c39704eefc00784703ef8f7a9a22369e978d92ca0932659,14/08/1995,H,M,3162080071,2CFSC,D
10963354,94ae1fa9c5531cfdd14e5b82edbba8cc97a9546939bedf9da28e445374c1feea,19/05/2005,H,M,3162080071,2CFSC,D
10748092,daaba2c6516741a36742f949bb18063f9bf313b08274c4d6a7cace1401012ff3,12/09/2003,H,M,3162080071,2CFSC,D
10303547,fe614c80cf190bbc705f44894d66cd23805937b00da54f6ae9ec9a94ddd0ba1b,07/11/1995,H,M,3162080071,2CFSC,D
10500950,8dcad7cef897be382ebd578c77855567d6b208d71d43fbc8ff5d915872803ffc,14/06/2002,H,M,3162080071,2CFSC,D
10803902,8d95e3d99ec624facc553050455e0fcf2c78b30d25ce2008df4f7326d7cf0d35,11/12/2006,H,B,3162075411,1CFME,D
10797163,31971ceab5d83e296e8c5d271b6dffa49dd0e4e8839429350373d9f749942733,02/06/2006,M,B,3162075411,1CFME,D
11033650,72d950650dc1f5931a2871660a07cd5bf5ed5ab50afb98f1e7275f4e878b1ec6,21/10/2008,M,B,3162075411,1CFMF,D
10485859,92dc95db430da3010d96c6b41068abad7088611483cd46565548fb4a08f8a0cd,25/01/2005,H,B,3162075411,1CFMF,D
11234733,eb5681ebb472cc518f036db280490cc5483c18520cc38281de4f791d31078dcb,29/01/1988,H,B,3162075411,1CFMF,D
10793625,b05e5dbd54f15a9a7689018b1e6cef3cdd476c631dd184fa8098ad10438ebc44,23/03/2006,M,M,3162075411,1CFME,D
10260898,f5e1564a41aad8006af9de19aa0015eea806d32cdaf18ea1d87e55c805161251,04/09/1997,M,M,3162075411,1CFMF,D
13452193,22ace721b2025c986eca0067939eab5441b4951434aca4723335fbd31fae2370,27/06/1975,M,M,3162075411,1CFME,D
10767533,2c227b2f230152a1cc0c56860a827826b5921cdc189cdbb160e56eed8e922be8,23/11/2006,M,M,3162075411,1CFMF,D
10471049,ce4a9eefb194690821f1a1739dfd5524b21ad95814dcaa917bcb8bf095e39f29,09/12/1995,M,M,3162075411,1CFME,D
10464351,a75745d0f0f96905cc749ea387a49cccfb6d11f2220a1710250d6a858065ab6e,09/08/1995,M,M,3162075411,1CFMF,D
10783770,ac6d655ba5522c11bd09079d66620b4bbc16c1428edd3ee74654c7ae8e2ba61e,19/03/2006,M,M,3162075411,1CFME,D
11004261,39f2a28edee8f1ce3039776c7dda7d14c79497126eab66115f0ed0b425bcbc34,12/02/2008,M,M,3162075411,1CFME,D
10333832,e6f1442052f33fa3f86cc6695140f39e3a7bec24cdd7d40827cef8089330a621,06/07/2001,M,M,3162075411,1CFME,D
10901871,c91b3028ae74f151bd47d3daab50fb914a47d17fc01865f9b8a76b7217b680db,08/12/2007,M,M,3162075411,1CFME,D
11001548,2b1277c15eec70ee8c865cfedf9529aa27e4d2261a1c0c05c468f48f6a847775,22/11/2008,M,M,3162075411,1CFME,D
10904286,5048b35ae189ce6e9cb6e388513315fb4e59bcb651f2fca1b2f2d343d9722f03,15/07/2007,H,M,3162075411,1CFME,D
11025178,69c1b56adb0aa4570e34b4169164352960623b140b715ddac808eeba23194bc5,13/03/2008,H,M,3162075411,1CFME,D
10906346,f89d0fef5c07e273f0d4c310dcbe57f2dc86d3f9f06764ad8cf287cd6b4b53fd,11/10/2007,M,M,3162075411,1CFME,D
10927446,61adbc4bc1b6fc707935a7c212319e848e32b0b42917fb0dda8809af08623e7c,17/03/2007,M,M,3162075411,1CFME,D
10777684,854242cf1be9050e64b2c5d7aa5cee919fcb6b3c06c3f55452ad4539238c1d3b,07/01/2006,H,M,3162075411,1CFME,D
10801002,fe864cd604827a553b55b44bac19c00807e931ed74719b892b67055abaccdb52,10/03/2006,M,M,3162075411,1CFMF,D
11260593,737048c0b53ac21ff93862c5dd0246432a450484212dcd7d282bfe9585ee0cdb,11/09/2007,M,M,3162075411,1CFME,D
10895653,4bf3c3f92c6b8a0105aa9c893b52ca51dc5b724096e319195006e8f96ea86aa6,10/11/2007,H,M,3162075411,1CFMF,D
10698491,47e075f8391979ee2c2227f04f40f9532242acc535ce3b47919780bda91a0846,11/04/2005,M,M,3162075411,1CFMF,D
11328075,bda886c4c334f1c94468563a32be4c8e722c2c205264331d347ce6bca5ddd24e,22/08/2007,M,M,3162075411,1CFMF,D
10924060,9c554598c9cfb42b45964efc5e091af176e6abe04a94d779005f77249ec6d022,10/12/2007,M,M,3162075411,1CFMF,D
10906500,f6ef1256e129988600e26bb64afd232f50d96507ffd673a12b1aa726636093d6,23/03/2007,M,M,3162075411,1CFMF,D
10904182,fc6831ef23fdca161556992118d310d9ea9d76e15bf36e8afe43d9910d5ded9c,20/02/2007,M,M,3162075411,1CFMF,D
11032717,8147670a1b498337203378def4c51bb13e2f26ff4b5a9a287335f4cf519e3406,14/04/2008,M,M,3162075411,1CFMF,D
10912191,b54221d0a7c6dc3a453d21eac529585fef882c42a4926aa5477bbabf1b792b02,11/01/2007,M,M,3162075411,1CFMF,D
11076555,1b1fc66744f6628e750e08b84b69d785246e5fef06cdfb9d7b494007794af165,05/02/2006,M,M,3162075411,1CFMF,D
10511909,96cb3a07294526f5b599e3769b4afdf01b2abdd8da14f961b86283000c64ac1d,19/07/2002,M,M,3162075411,1CFMF,D
10803834,692abb08c6fc694a3d5bf99c2f414648eb2486ca1f30826d0b5c742b0dd52cf7,14/11/2006,M,M,3162075411,1CFME,D
10913310,8bcf5ddc7aae6925054d9a7db60a4fb72af1404f7d7d745b3bf0636fe20b606d,18/10/2007,M,M,3162075411,1CFMF,D
10894182,68a9c0c77baff2ea5711193d84fb108e6922c6adc88b824e1923534e86d73d8b,30/03/2007,M,M,3162075411,1CFMF,D
11013996,00b29618fe731c264688ddbaea8ac9f9e0308bc05197e187ad3198a8dfb2bc35,13/05/2008,M,M,3162075411,1CFMF,D
10017418,b7f57af1ab989e8d061c404017b73e52b51fb89e4a7a9a12a7becd1e6b8fad72,03/01/2005,M,M,3162075411,1CFMF,D
13230238,7f54d725c41587b7566b3079a3fee39640149dfe9c93fac6132a1161ecbb96d9,21/03/1975,M,M,3162075411,1CFMF,D
11027241,e8ec04457f08a71e126beb4e7ac767462bf980c26dd26395c90a3792d98fd625,15/08/2008,M,M,3162075411,1CFME,D
10506539,a6d9454ca95594fa319195a1ff223633ef3f3c397655444641c1424a9a794481,27/08/2002,M,M,3162075411,1CFMF,D
10925235,790aac117286e5129c1c4948c754127572d58751dc3eb8dd0ce296cef06d52cd,13/01/2007,M,M,3162075411,1CFMF,D
10894547,886778788baa5fdf545140bea5c8524ce5fa7b95fbe706745e7627524b8d72d5,17/05/2007,M,M,3162075418,2CFME,D
11830567,a7a277cddf8fa7b3dab1a6b05a1098cca6e4aac0ba643d2e4e6e12a132ab36d4,17/10/1972,M,M,3162075418,2CFME,D
10333869,4d95f91cdaf6f2ccc33e129695af041fc1bcd8f2bd935d72ffee4d1ce52489c1,04/02/1997,M,M,3162075418,2CFME,D
10786265,a50945ad98684ed69729dd88507a1bc5a91514ba2b2e013c98c96c79c757008f,21/09/2006,M,M,3162075418,2CFMF,D
10737199,7e1d34f5bc82d9ad3638691d5c232910cf3fa13a03a5a8b0af6c00892a448926,12/04/2005,M,M,3162075418,2CFMF,D
10907341,d3368c28bedf035aa4f4450ff898880fa1d8b1f5d9c6c3f88798d45476a6e861,12/09/2007,M,M,3162075418,2CFME,D
10762349,6335dcba9b4fcb3d29fd01ea1e1ef9636d865d99ec4e78ae4baf5a0256fd0bb5,07/08/2006,M,M,3162075418,2CFME,D
10783722,15671cf8e10bc1c6d9ccb3f4509b2c1533a92d34333cb83b967a0011543f5db8,09/11/2006,M,M,3162075418,2CFMF,D
12873247,4713d8a2eaa5ceb05b02f62cd6955660c4d6af93c683dfedf96aed322d327954,06/12/1971,M,M,3162075418,2CFMK,D
13281688,4ccff6ed83be6ff231359bbf1d53cf70352ae626dcb4a492d1f57f33f42b3138,11/09/1973,M,M,3162075418,2CFMK,D
13281520,5f774b305a0e9c50eac744bdfad2397f46401334e47601c5bf9128be7fa05f3d,14/06/1976,M,M,3162075418,2CFMK,D
10020005,800cf1b1330b10781c74f4de1abc355c425c530868fe1cf7db8b36de745f9644,18/02/2002,M,M,3162075418,2CFMK,D
10338154,4720848032387c04ee7b549b215a086dd128475201236e112fdf45606c765571,14/03/1992,M,M,3162075418,2CFMF,D
10279654,2268b941e6b6ad0066ad0a27fae1c46af237981686f15a6e3b12409af6bf64ed,03/10/1999,H,M,3162075418,2CFMF,D
10899221,93dd636c19749cc855b914ed8895dbb325261e74b65572f24bcbdca005473529,30/01/2007,M,M,3162075418,2CFME,D
10323990,ee8ba9d275d3954cc6b20f9ca3f239e635ccfa2512a64f25756a2c2423d8ffce,21/02/1992,M,M,3162075418,2CFME,D
13033829,6144aaafa603dfe803b0cf8af872e70d29445b70d4eaa9326919f99296b0c31c,19/05/1970,M,M,3162075418,2CFMK,D
12569296,d450c8b9abe78048575267620ebf0be198e8bff33215adc96362176ce69e33dc,16/07/1992,M,M,3162075418,2CFME,D
10244802,b893e05a9c2c293c4e3936306064c9a8f6c9d101c464b230b6e7fef1f567322e,17/09/1997,M,M,3162075418,2CFMF,D
12419064,cc43146e0d2d5ba6d5d632be0c75e68a02518209a90c8c78019ac841caefceb2,03/04/1982,M,M,3162075418,2CFME,D
11318786,6f6d8aebae409c0c8799d0ed3ffd9fa3344d977e611c88a82bba79143f95e048,27/07/1989,M,M,3162075418,2CFMK,D
13105352,bdcd1025d72e9b5766a028ca17e047f91e670cb98cbf265f321baa0c158cb6be,03/07/1978,M,M,3162075418,2CFMF,D
10476696,0cb0e9b14fba5196496b510d822d3c63eacd16bb081dc945ef5413d2499570ac,27/03/2001,M,M,3162075418,2CFMK,D
11237080,ddaa4a0f471daa32eb1d1537b894e75e3a5a4f5b1d47beb83040d4505ddd12ce,17/03/1979,M,M,3162075418,2CFMK,D
10281596,ed8825798f9c1a04660382159c443208fdbe3bb21869b8c3595c94b09b1a95db,15/06/2000,H,M,3162075418,2CFMK,D
13034042,1281268437d721a6044820e5c6727bb56b821465f0fe55f1796ac7749ff061f3,06/11/1979,M,M,3162075418,2CFME,D
11572959,04efb0b0cf876f09a44b9c334ab0d8881f6fc98c299f4e5499c655e27794860e,19/10/1984,M,M,3162075418,2CFME,D
10380752,c68d14575e8fb3efaef882a8595439b67639056b05d4be8540d65c1b95185fb0,28/06/1997,M,M,3162075418,2CFMK,D
12623151,dd2e99b51617f7d7f08d4da5a9e5a1eecc7433613dec4cb29613b5d1f1d6a808,25/09/1979,M,M,3162075418,2CFME,D
10891407,9d97c3c4ca35faf0fe6fcc21995a2f5962ba88e1abd251f523647d4ebbe945ce,03/12/2007,M,M,3162075418,2CFME,D
10927479,138ca63e592c980354be089c7c2065c9b029d2b5a7e78832671d680f6a80ef6e,03/08/2007,M,M,3162075418,2CFMF,D
13246090,d37d5684406f70780370aa1f0e73a8a8b695031e4a93ae3df859df6c07ff47ff,26/08/1987,M,M,3162075418,2CFME,D
10835151,b87661b10668e624455bcb48497ad6ea464e886e4c442c1e374ec00edcb54e49,04/07/2006,M,M,3162075418,2CFME,D
10819064,95b6f3be681e5f803ab05f1ba0360fe9e84cb0cc7eaab54de8002517fd7df1cf,09/10/2004,M,M,3162075418,2CFMF,D
10823864,40b402480ac7233d74e15124cd3e891d7623363989f91fd241e350725997fe6d,28/02/2007,M,M,3162075418,2CFME,D
10804587,9b3820a6da044046b75753ad7fbb0b499f753cbdb0766a07e4fd3cf72e34662e,10/12/2006,M,M,3162075418,2CFME,D
10678956,654a0ee16fac232dc0d0f0e17e82c25b814ad6854d726f84c17551733fccac07,24/08/2003,M,M,3162075418,2CFME,D
10802283,8677cf21ab707c90e1e8364f8043c330556b8d0c7baa6efeb120a64be2a665d2,03/07/2006,M,M,3162075418,2CFMF,D
10893181,3037a656ff527bc02bed95b720ac97ab64484bf964b14d2be26108f0396fc41b,02/06/2007,M,M,3162075418,2CFME,D
12738447,54873ccf07fedeb8b3e26aa49144f0dfe28252c662a37316decd0f7d1bb17040,14/09/1986,M,M,3162075418,2CFMK,D
12695436,4a6c725e4657ae2456b0a13d8d51e327a1faa1a24c90d88fd9aab3ce930ea638,28/04/1972,M,M,3162075418,2CFMK,D
12858788,3a3f852c21a9004fdf895a3d329d64fcecd7f5cc7d6b67912a3de67efda217ef,28/12/1976,M,M,3162075418,2CFMK,D
10308806,63fd3062e15131011cd82e96e5d00eb543ca9a366efba2c14fa3b66ed284d9b1,25/12/2001,M,M,3162075418,2CFMK,D
10525708,be3ac76efd13f1af71508ff3eb77ee582aa400118d6ceeb56312a9625ce08617,13/04/2002,M,M,3162075418,2CFMK,D
11735453,2e560b4bfe9fd7723125f3038c32690ee554a264cb0656bbbf201569996ae420,17/03/2002,M,M,3162075418,2CFMF,D
10786004,63750ee3386fb84f4df950411409a25fff07f632375785f5b04717385461ff76,10/07/2003,M,B,3162075539,2CFSK,D
10781787,044a0cec59968e4930cf80c04fb2e95540cf58b44340af9f60385d52371f8970,06/05/2003,M,B,3162075539,2CFSK,D
10390905,dda0fbca5e8621436b9228cb4869df05514f215164b43c270fa411b54782941c,24/01/2000,M,B,3162075539,2CFSK,D
10705842,2a43b2971b682c66c98ba6838aa850e6caaaac0f14d478274f0ddcee6e139791,12/06/2003,M,M,3162075539,2CFSF,D
10657224,82eb27dc0ffbc450b56242d6908a8a4128d2845523833da5097a4c025929c53a,30/08/2004,M,M,3162075539,2CFSF,D
10701794,adf7daa71771f9e7ee356d8cd347653ef9ba56e09b03c4d58b2ae634f176435d,27/12/2005,M,M,3162075539,2CFSK,D
11316204,a1668e1114024fbb142c090bbeda832841b60a498d903455e7d1b03aef05eb11,23/08/2002,H,M,3162075539,2CFSF,D
10664967,f3026978a761fdfa7fd9940ef33a7e1f6277e497c662465c4f0827506010b2d6,27/10/2005,M,M,3162075539,2CFSF,D
10834203,127b0f2d0272fb8a6fa369ca95a1a5fc3289a65b6c1410d8912a561e2a650c68,01/05/2003,M,M,3162075539,2CFSK,D
10396024,5ea7e325fd8b77a81787e96eb127ea525c3e6d0e28d208761f5babb5e3c62a5c,27/10/1994,H,M,3162075539,2CFSK,D
10620831,f3c5ea83ac5d470f2676087734b92f97e7b9eb634d41f498a21bd123acd664e4,04/04/2002,H,M,3162075539,2CFSK,D
10822528,33c4b75efca09d0ed07823372217796d4fac47de0d85f070f85fdb263710c43f,14/07/2005,M,M,3162075539,2CFSK,D
10657734,50242c069e54ec813599760427dd339d5611ed8004e49590e8665f50b6c9e7f8,04/01/2005,M,M,3162075539,2CFSK,D
10328898,21eca3f8365447c12332fa63ea092c0ca54cb3d8046c43e48a18edbb8d94fc31,25/10/2000,M,M,3162075539,2CFSK,D
10859549,1f64e9fa5ef67e5e6ba20eaee0c04e230ac206273ceb7d69af36c4dee7348f29,04/02/2005,M,M,3162075539,2CFSF,D
10711968,4ace4c0d65c93f024537abaf07c66061f5a0ef6398abe1d896b3ee2959626c80,13/09/2005,H,M,3162075539,2CFSF,D
10679716,f051ac92878d5236e252a04bc4e6e967242a8d61fba8d16043efaa6d4b671b0e,23/06/2005,M,M,3162075539,2CFSF,D
10243955,c55a1fa27e21d02ffa048bd811c0ecd1ec8cf2e48fb40cfe2e603493c2e4b690,06/05/1999,M,M,3162075539,2CFSK,D
10319363,a1655bef097c20a0009324a3b65c7cae934a64d5e4a7caab447bedeae44b5f78,20/09/2001,M,M,3162075539,2CFSF,D
10839832,34e7a89c5ae2eff2c3f6852e0da75f07d40c01d3c5227149911fdab02b692b8c,02/08/2005,M,M,3162075539,2CFSF,D
10027372,dac3f83c6493f7efcc864b7b81806219eff8c5386f003223de9f53067a8e2b62,02/03/2005,H,M,3162075539,2CFSF,D
10689174,31e1b4e8fc4d432ddc3ce508c7cb34cd1fa1b60b841f836eb111ea7a2ebb1e98,10/08/2005,M,M,3162075539,2CFSF,D
10817396,8df8cde075788f9dd9b67d4824597d83df30e9bde2e916b6ec9db571db93aca5,02/03/2005,H,M,3162075539,2CFSF,D
10742955,fd94ffcf0a2f4d5d454a7f915d4af734811622f763a8ef848868836add1d091b,17/04/2005,H,M,3162075539,2CFSF,D
10734168,8e31b2dbab092c77b5d672955c135648535414f877b4fb0fce6d6e6e870a4bb8,13/02/2005,M,M,3162075539,2CFSK,D
10707900,3a40962d44dd23714bed189ade3bc275b2c19251bdb43f306466386165afce22,03/03/2005,H,M,3162075539,2CFSK,D
10017422,e31202add52dac2aa63ba147b3fe7da28645b2ac32406f3cabf1d3215afa26d7,16/09/2005,M,M,3162075539,2CFSK,D
10696544,e4628ec9b2375f85726f0187a146b8f0898f54fb8f59015ad6af2711409740a1,10/02/2004,M,M,3162075539,2CFSF,D
10776959,db40624b5d15584ccb6027d03b4ed3c2921dc4c2477f74c3a7a1910386c48111,10/03/2003,H,M,3162075539,2CFSF,D
10707896,ecc86e36def362c1e4cd4fadce634e3217afcd3799f768d574c7efec31224a55,10/05/2005,H,M,3162075539,2CFSK,D
10590166,aac29d7043a064669c4934272a066a03b5f52ffba7fa19f830ee87b271fd0b26,23/09/2002,M,M,3162075539,2CFSF,D
10734359,ebd17bf29e0bb8d6f696d4bdc5b4a52defe35a9be83a7a79110bcd4f5ddd86c8,17/10/2003,M,M,3162075539,2CFSK,D
10635766,6e5ac8ec8135e99b0e3629608389e4b0e6ca5a89a70634fda9d5b3a99d57c6d9,12/10/2005,M,M,3162075539,2CFSF,D
10735610,a52c0e35aa2c840bf3a10998a1d8f5f94a00fee614a1c2071bb71e0a179fc0a9,25/10/2005,M,M,3162075539,2CFSF,D
10320009,3a9933fbe1e495f639628cd1a1976e5d792f9d6f48f60ddcabd137367b494268,13/02/2001,M,M,3162075539,2CFSK,D
10691132,9c84a6e51492dbe82d41f4f012ffe42c26f7af34a29689e5fbcebfec5263241d,13/12/2004,M,M,3162075539,2CFSK,D
11568799,f95cc6be589ac72be03b0c1032cb6f3c971789bc0014b2dd3f04de02d13c19ad,22/12/1980,M,M,3162075539,2CFSF,D
11155646,8b1456ff786c116329e64b066ff3c89dd589c32747ad1d9e71b1eb97fd0008b3,28/08/1983,M,M,3162075539,2CFSK,D
10503400,0b50b3101b59729d143bb3243f684c434b9c31604970af3d3a0acb432a1783ae,06/08/2002,M,M,3162075539,2CFSK,D
10937787,fabbf3d591953369ae41cc9ee3976d8fd48070c1cb8433d469155a6dd668bcc5,06/06/1967,H,M,3162075539,2CFSK,D
10646180,af3852de06022cfa64f5768d50a845fb6b9baa6accebda9027840e417bc1e88d,27/02/2003,H,B,3162077488,2CFMB,D
10762386,99f92c94685d931ade5b892b4c0ce040ae896adcfe426f90d379aafd5a5ba6b7,17/05/2006,M,M,3162077488,2CFMB,D
10766806,6dcf41c0fb83237d7f3f615443c98c9b8b6b82871548102ebbfad6970eb64b90,19/09/2006,M,M,3162077488,2CFMB,D
10776722,30c213d4f2a60b35c5230a52be2c3282e29a7caa290f1bfe097e25f6faf72451,02/10/2006,H,M,3162077488,2CFMB,D
10791133,3480243365f435b1479ca963216c4d25372172055a6b54028a17424d167ec12f,04/11/2006,H,M,3162077488,2CFMB,D
10909605,7fb5d4331b27278c72b10dd27e910f5da8ef82ee1eb7ccd93e6cd3c445cfa5d3,11/01/2007,H,M,3162077488,2CFMB,D
10761942,7b7f53ba07d2889ea09e018c7c3460eebe70fbb6448fc8d748c3b3a6758b75eb,04/03/2006,M,M,3162077488,2CFMB,D
10889204,d49ae5cbf1dc5f143d32f25f095f682c01bc7796948fdfe73dce2132ad0af370,27/11/2006,M,M,3162077488,2CFMB,D
10805487,b564830b91f4516748a30e1a2ad7ffefdaf3011b55efd8340873a02220179c95,14/11/2006,M,M,3162077488,2CFMB,D
10858044,5f3ed4ef906d08be5a60dce06beb2846c23cdf8aa3696f021d4344931603c715,01/09/2006,H,M,3162077488,2CFMB,D
10852104,5a1334d9cbebbf72ce61d0fe138d8dc5e5c42bff14e0b253d20b75976dc86c28,04/05/2006,H,M,3162077488,2CFMB,D
10887844,918a0e6fa9df2bb4783bbff5a3f398e99d7f927312899bbf57006ad6f0c085e2,03/05/2007,M,M,3162077488,2CFMB,D
10802935,5423c56039fa03498f672bb26412a38e48acd6fc3a03f3e974758afdbe74d4c9,04/12/2006,M,M,3162077488,2CFMB,D
10895114,b1239db44fb6166b550ea18e7ad1b39f1236cfc7f486b6121c876b61a89eabfd,17/10/2007,M,M,3162077488,2CFMB,D
11336367,b1c91ee4b5c94f7768943a8362b168abaf2c2d91dbad2dfa8a537b5155bb4532,18/03/2007,H,M,3162077488,2CFMB,D
10920099,bc7dfa71d3f28ddc46437cc629bab4e8ebca01308a29b7ab324e3e5dca469c4f,15/04/2007,M,M,3162077488,2CFMB,D
10839333,041598cc3744b452b49eefa0ef9d994207463fec4a4f5f2e5268721df075869c,07/06/2005,H,B,3162077551,2CFSI,D
10453615,9ea97b6d10207bb95fb58ded8947f3802fe0321f4d1db4e2a0a7a6311cbdd57f,02/06/1994,H,B,3162077551,2CFSI,D
10752122,79d4c34deec749069ecae5972395a2f5bb9e4050a2a2d93e7541643b4d78ad88,18/08/2005,M,M,3162077551,2CFSI,D
10808796,9a0fab11bff365853cb0cfc27eb52449d6b88c4e7afc39d54264e73e6d98b2f0,11/01/2003,H,M,3162077551,2CFSI,D
10243788,dc66f559f892fe8b1805b7bf2e77b6f61b3c7548c8c03b3408796261e8550b79,23/01/2001,M,M,3162077551,2CFSI,D
10713535,954d9290dccb8bea5b8a33f20ac88aa8e0db42a4498e31ddb9ea497d5c746feb,13/04/2005,M,M,3162077551,2CFSI,D
10706042,3de2d9dd47fda1d87cb0dde6147b4debd4d27a42b1a847c0ed014b6e0abb98f2,28/06/2003,M,M,3162077551,2CFSI,D
10819055,3d23bb90e9b8fd811dae540481863778fe9976bc6de6658bb5502a50ecce71d5,05/11/2004,H,M,3162077551,2CFSI,D
10748318,fe338f57189e3db486e6ee1cf4439a86ffd178561585b3d807607f6ced519345,17/10/2003,H,M,3162077551,2CFSI,D
10809450,43ba7f5ca58947db9207003320a02a3467b65491e562ac00479f96ec4f30dcdf,10/11/2004,H,M,3162077551,2CFSI,D
10718886,7d54484bb31c130f698ab8812ed643491fd321b55e005602fed086b90548d7f8,20/10/2003,M,M,3162077600,2CFSB,D
10690358,af668d536a8993069044a2907c5695d4133f6e26194e2a5f4fb8b537ad9f3161,15/03/2004,M,M,3162077600,2CFSB,D
10826692,3c81701b61ba46a953f9ce47cfb7f7b99d4afa696a0855d41cac51165c54a361,03/08/2005,M,M,3162077600,2CFSB,D
10584902,92dad3337b5b3f6562f55dd5b39bc4049af99eee54d5180414e9ae9cac1a5b96,30/04/2002,M,M,3162077600,2CFSB,D
10375121,d683a2bd7410ae99e3f2b6bab51ada1e17d70de2d3f5f2cb19747b6499646cea,05/04/2001,H,M,3162077600,2CFSB,D
10689153,c5b89335ee16ad550a31b97563d82d42ddcec35ca78b4f0ebe73fb7c8a0927f3,29/10/2004,M,M,3162077600,2CFSB,D
10795882,b21f21d34b6938bb0714930ac812d6c21afd0ac2677e5ed162de78733075203d,04/05/2003,M,M,3162077600,2CFSB,D
10768351,90a9efc351d6e66c5cfc9839d66c6abbd31ef147176d1337f461ec1ea2fd22a3,16/01/2003,H,M,3162077600,2CFSB,D
10270640,df4530ed683fcf1360f70735e3cc361865880e1e5d76928183932b4b24cedf60,09/08/1995,H,M,3162077600,2CFSB,D
10426520,fd4a409399f1b9b8c350c09d1c0934b28134e4b5b9a9dd2fb863add27175d123,04/01/2001,M,M,3162077600,2CFSB,D
10432949,d13539ae6f1459284f19d1421a72608bb2ec387472838f96fff0a6780750fb69,25/09/1999,M,M,3162077600,2CFSB,D
10820754,cfb83d704cc87cb02e1c2b284021ea557f57b9980a79a21e62cb05c7b808921f,30/08/2003,H,M,3162077600,2CFSB,D
10466022,309ac1d958aa5e6a97bfd243e3b187c741d381fa0d86fa0d453818635a578ff9,23/04/1999,H,M,3162077600,2CFSB,D
10723795,5157dd6e143949b1112293c69bd46447593317804d47ce33cdb74e65a7e8b634,28/02/2003,M,M,3162077600,2CFSB,D
10279046,ccc4d783089b255ea15869666f256ec8f137ac3139ba756685d8c224423a9b48,31/05/2001,H,M,3162077600,2CFSB,D
10698475,b2cb12e39d79629fef448b3cc7a0b1f88357e8c93edadabc6be9a5e8251fe971,08/02/2004,H,M,3162077600,2CFSB,D
10414557,c3e1b39c147caa84efc62ff4c067b45fc81b3b64b6aee0e0e04941c6e7ad31ab,10/09/1999,M,M,3162077600,2CFSB,D
10792793,7ea803ad066cfe449d52bb15e0662bbee4471e325fd09514bb3420f086a2d165,20/11/2003,M,M,3162077600,2CFSB,D
10376639,342b1696029d7f3b25ecefa62bf3fa899b781fd9564117a7fe7bd2354d6a2a66,21/11/2000,H,B,3162076035,2CFSJ,D
10640379,7638c8f379918d70e3e9a073186ed0df0cd90ff6802afa292e664dc8750f6d18,06/09/2004,H,M,3162076035,2CFSJ,D
10466089,9ab267591b2c73a938994867ec2f335bf4495376cd268deeb8da30056cdbb50e,10/06/1993,M,M,3162076035,2CFSJ,D
13263308,970338bceaa6b3d8aa0d6418d69291f0e47027576c410ed9ae68a5dc9e927b79,24/08/1971,M,M,3162076035,2CFSJ,D
10742422,9da224c3556132d2cbde37246f2713d90865f0beed9afbf69906583c0a6d89d5,03/05/2005,H,M,3162076035,2CFSJ,D
10487908,2adccabec6dba7f026c248098f81fc3e145f20bf1f1082ad4a7f5394d6a3d1e1,03/08/2005,H,M,3162076035,2CFSJ,D
10610451,8a67a357306ca1c1727d300668f5bdb065ce4d20b4d282d87c3db6780cb587a5,26/12/2003,M,M,3162076035,2CFSJ,D
10814531,1914da03363cb284d2623efaf1aaa805fc02128e04fb4448725bd862a1dfa089,30/12/2005,H,M,3162076035,2CFSJ,D
10838901,cb2ff889d23797c619b4a8fbe5038cb8b7a2820e560107c786e439cf156898ed,09/08/2005,M,M,3162076035,2CFSJ,D
10706770,31f7ae77504c99e6be51b2c715b3216683c4112a5971ad6c736cad51a8e371ea,05/06/2004,H,M,3162076035,2CFSJ,D
10849475,b05a2adc5bd9d9b1fe83b61d1d07d4b9c9f5fd97d28bcf5e76393bf2c6d1c443,06/09/2004,H,M,3162076035,2CFSJ,D
10468091,f13b0d8e380f3cdbcaf6bbecd708ea142aa67e1c8fa8017527a162b0ed0978ae,28/06/2001,M,M,3162076035,2CFSJ,D
10348121,75789d9f4581bf0cd0a49571747fe8e6f282beb0704ba12ef89a14c356ad6bea,05/07/2000,H,B,3162076098,2CFSD,D
10282475,29e4a3b52835ea7ee673086eec63d9702843ad1f80d448fb46242a313080c85c,05/12/1999,M,M,3162076098,2CFSD,D
10675919,3880b761b6a34faef9134140b728882b193d525cd5a6bdfb5064fe20306096e9,15/06/2003,M,M,3162076098,2CFSD,D
10837553,76fe875878dac9384d0a46901a77cc7b67110768b03cef5e4e7f00a279a65e30,29/09/2005,M,M,3162076098,2CFSD,D
10305439,9d9e11c219496bbd156c8610d330f1ded576344c59317cbd5f4dbffb7201cc0e,20/06/2000,M,M,3162076098,2CFSD,D
10803272,7e9b7010215e502a48724ac03008fe008190144fbba910df9daeae24efaae667,22/09/2003,M,M,3162076098,2CFSD,D
10700883,37a9e4eff85f8bfa31879adfa20fde09d25e7e8691e67fff22a573862883bade,03/05/2005,M,M,3162076098,2CFSD,D
10778000,efe356bfade0a6e1b81f3f5f85c999013cca3ca76e80ebc7d709e05c87e41b1c,22/11/2003,M,M,3162076098,2CFSD,D
10709639,b145277babf4c6277d94f3ac75fdad4a94876e48e27054cc4bed80d6c0a7b0a2,21/07/2005,M,M,3162076098,2CFSD,D
10691269,1b14bb3a375a5c2cc917db44e1a2df3b4284f28ff69d1851d112c2b0e06b3538,30/12/2004,H,M,3162076098,2CFSD,D
10780309,efb568511cb4a275f68520af741dbeac9ec56f35ca481871d5a2a3c5c6b40f41,17/12/2003,H,M,3162076119,2CFSE,D
10506040,41b24410e9196beee3c7163ff939ad946abe0790026bb688069c9a507683a94f,06/05/2002,M,M,3162076119,2CFSE,D
10321371,9145b826a8b35ac78bb2d8a572d0c26deb16f34513bf0759ab8db6eac2a0fda7,05/10/2001,M,M,3162076119,2CFSE,D
10664986,b05cff0a17e41bc38336ab09168a60e5e49882e8af75a3d0e4d90ccb4fd96feb,04/12/2005,M,M,3162076119,2CFSE,D
10690446,d050de0546270ec090775e96942c47bf624e3329b2e6a9b71ec7d53da3780f17,27/06/2004,M,M,3162076119,2CFSE,D
10742990,a797b78515bd67bb6e54f40b2f723b0d218f476f78b6bd7fdc6f3ccf5e6f6b19,10/08/2005,M,M,3162076119,2CFSE,D
10428047,3978ee2d8dc5e3ac128e9a0e1935b14eaf097c9ec4eb08e4f3952e520e7b616f,17/10/2001,M,M,3162076119,2CFSE,D
10365373,84246b4da5ef957085d75e1e7deed741ca48849e7999e95dd309e05f37b39847,10/10/1999,M,M,3162076119,2CFSE,D
10277303,ab19177e552c77ccf7f660366a0450a9c3cef133ace391a38c800820992c0bcf,15/08/2001,M,M,3162076119,2CFSE,D
10486936,160de14e1f536140148c7ff3131242665359ba90d497c2f1d0a5346413f58dff,28/12/2004,H,M,3162076119,2CFSE,D
10610383,18694f10dddae5c7c8a7a8c06b4fbcc9867f112a093e370d4c7dfe2e59e9c552,10/12/2005,H,M,3162076119,2CFSE,D
10699044,839858b096ee21f604b7d5e4cfd733b459c00128a221dae897d8141bfc11b5c6,17/01/2004,M,M,3162076119,2CFSE,D
10513718,d43860fa1c9c49855f6b15859b52f1116feb5ea7f9cd105dccf08d28e89893ed,26/01/2002,M,M,3162076119,2CFSE,D
10516555,4192ecec5a60fc810308dc36124f5a9efe55b1d152c6eb6ee8f78a8a4184980e,16/03/2002,M,M,3162076119,2CFSE,D
10842007,c7ada9c4adcbf4c9394427ee9575cefccfe26defc18368c919306a687636116a,19/11/2006,H,B,3228390016,1CFMH,D
10916333,10e097cb1f4c0b551171c5228a6c6771ca57f6ad99429b10631bd0672f44065f,18/04/2007,H,B,3228390016,1CFMH,D
10708167,81b4344e3b1b90751154a12805e644e1ff4e12d79070fe8edb410b2535d918a0,18/11/2005,H,M,3228390016,1CFMH,D
11002913,01afdd9b561cc4004cb5f06d9409969c911eb448eb4f6d6f4a91b2f8603fa3b5,08/08/2008,H,M,3228390016,1CFMH,D
10846382,bdf8dec6d2a226bb2cfe50f6fdf8702fc2ac8c6ce1fd4dc579a8d846e17a5cf8,10/02/2007,H,M,3228390016,1CFMH,D
10903261,d0c8b386b2c41fe0ab14b1720419e7e122f143190e17d4034c69f8f40d410e8e,04/06/2007,H,M,3228390016,1CFMH,D
11002807,d9089c41c27d8231d136f0eff5e83a9043ba69d1c17a639aaf3ec1e0dff904a3,05/11/2008,H,M,3228390016,1CFMH,D
11146537,744e8b3f29f346d537337baadbb2ea1101e4eb0bd1dee5520050aef733b46d18,15/04/1985,H,M,3228390016,1CFMH,D
10893131,e249d1dc72c7d05f65868cadba38b7642c053a9c58735ff96b52d68950c0cd11,13/07/2007,H,M,3228390016,1CFMH,D
10996376,5fdac0f1890ba0b5a97da04f364b0b5c5e06f63d8ab8077b1d7690b4ab566113,28/01/2008,H,M,3228390016,1CFMH,D
10917865,a5ec3b8bae62afd0377854c985f67dba5aabefd71ec264dd73366f5db6cd61a0,12/10/2007,H,M,3228390016,1CFMH,D
11011197,c83046065b90415a165d8a91123df63be984c27ea47c42908fa0239d93f558a9,28/03/2008,H,M,3228390016,1CFMH,D
10762391,a44573fee26b787dff987ce20bed79dabc0bf7d4d666d203f829909fbecec527,18/07/2006,H,M,3228390016,1CFMH,D
10776723,a4ea01119ac651de513735c4128a8b8258bbc835397bd2f2ff57306cc3c70429,19/07/2006,M,M,3228390016,1CFMH,D
10885064,dc812559152cf3b5bde2cab7f5a3765102d945198a82c32ac756f80f8f001cd9,15/11/2007,H,M,3228390016,1CFMH,D
10707446,5e08f49ed9e59a81114bf828cc185d393bb3b7264b4b1dd02709221e3845b341,10/08/2005,M,B,3228410748, ,D
10322551,bdd1ba84a06ae650c74089dea75651b9f029f4736cf0225a5697b0e8ad3319c4,07/02/2001,H,B,3228410748,1CFSR,D
10587215,46a15d13607d5da99ec667136fe16d0f990e98c2cc8dc34146d8a96ce0577e18,13/03/2002,H,B,3228410748,1CFSR,D
10415316,a864fa96e415c51cea8c7872ca7a2b927468e86fca7d0292f4221c1c23c995ca,04/09/1999,M,B,3228410748, ,D
10254373,4b9d2d7cbc8dfd0a6d2c7b598ad2923c1358cf6f5111f52f7268366db7ce9880,28/08/1999,H,M,3228410748,1CFSR,D
10700069,1443d1d63bbb786500f144e54906c7467c26ec27c2b8bfca0a818b690a4e0c8b,27/09/2004,M,M,3228410748,1CFSR,D
10688815,26cfe86763e7d7ea8fc828ae32ba3fcfe4733af30e7108ffa1e5aa5a75dcf551,11/05/2003,M,M,3228410748,1CFSR,D
10507411,72a1a35f9d8d96d4d2772ce9a1b686485a0ba8394cdd06c2641ed835ed87b444,30/06/2002,M,M,3228410748,1CFSR,D
10308084,e3777d05d0c4764b90cf226b7936f4a2b918f9cf8e7914b2c706159208fa479c,15/03/2000,M,B,3228415772,1CFSS,D
10333191,c634ad8d70ee56064781e0225685cf08af52ba04acbc6c969996b73db99a1b14,19/01/1997,H,B,3228415772,1CFSO,D
10776003,a54eb6e15f3c6dac10a9e5cd888463b0540045cd0d118b01343927b96c74bf20,29/09/2006,M,B,3228415772,1CFSO,D
10740508,fbbc8381388e9ac4a251cc47fa7718bad404be9090ad135cfc3099fc41c21090,09/12/2003,M,B,3228415772,1CFSO,D
10782290,dc6df3ccd15c98265a327af5129f6db4b496db550c3b4ceb1c54a33e4214b581,16/11/2006,M,B,3228415772,1CFSO,D
10834133,4bb5e3587c9f30ed223b1f4d853dab9579146167b39d48d0955c9220540a7165,30/11/2006,M,B,3228415772,1CFSO,D
10839060,1a98c4c1e2638310730427961dcbbcc3e35dafea1d16c5d93762fd66847a75d8,17/04/2006,M,B,3228415772, ,D
10814218,66ec257d7ea27137fc723542cac05e217f017437b58d149cb9100c715bdde613,17/08/2004,M,B,3228415772,1CFSO,D
10799612,5a3956f3a428c235fc77599280749b4471722221130c2a2bccb7b0ae0f51d074,07/10/2006,M,M,3228415772,1CFSO,D
10817945,d11ba307b3da7cf8133bf8f20b7b802cc540a2a7c5e8e2b883d191024a7b95c2,07/06/2006,M,M,3228415772,1CFSO,D
10834174,9c837b64975135f1c90f69e25c22218be22a268f131342211376f738dfc6cbd1,15/02/2006,H,M,3228415772,1CFSO,D
10798915,28a4bdc7b432c513a79e2d5d47efd8eb4bdf1e6b47444bbf11fc95f65e91e8af,18/06/2006,M,M,3228415772,1CFSS,D
10819488,c51432dba34a6116dddceef23dd86f44ec3d620fe461f4c8138bba51b411484a,18/05/2005,M,M,3228415772,1CFSS,D
10781492,08ce953e98907c10f69345df8871860e5747d18f72e0f26bd5169ae5aaa5794d,14/02/2003,M,M,3228415772,1CFSO,D
10413312,c1ddfc419a6caeeefdcab125d336f6fbc6ef3b80d2cfc1a9fe7403a9903e2059,08/08/1992,M,M,3228415772,1CFSS,D
10546650,4cf0c8c7d9a51d1a3aee3b36eac93b7d056f94fc8da43ee6c3930c4d97207988,04/05/2002,H,M,3228415772,1CFSO,D
10714135,7fab9710312d22bd5563b554839875c8e24351daaf8ea28ef4c26d28aa268cbf,22/03/2005,M,M,3228415772,1CFSO,D
10835968,26d8f5af69ce43a77bcc86169caaed820b010168b49e7d3cdc17d0981feed164,01/09/2006,M,M,3228415772,1CFSO,D
10842025,714c83187ddf2df7b496ab2654cc3e9ddbc9d6eec7fca2065fd179b166125110,10/02/2006,M,M,3228415772,1CFSS,D
10803120,20b68553616b7b0d0d41ad60fbf894b4294f200acfbf64ef41fd50b7b420fbba,04/01/2003,M,M,3228415772,1CFSS,D
10711961,90422416acfdf42efb04033f8a6ca704ad0fad27e4a329bacd25d9240b9fe283,17/04/2005,M,M,3228415772,1CFSO,D
10725869,254f3a594abcfb509c130c53a81247097fa1ebef4b297f11e0c79ef1bc7a965b,28/11/2003,M,M,3228415772,1CFSS,D
10378823,851790de7bf75b1d02d6a1d07613c25fd739030d80c81748b9ae1e173b0370c3,07/07/1991,H,M,3228415772,1CFSO,D
10793376,1030c544617c20a7d921d2b1b3e8d6cbd79310e8a1a47ef010e1b89c4a93692d,03/04/2006,M,M,3228415772,1CFSS,D
10776515,b621a5414941d2c28d916b6a0ef5855caa97573069c568323261ace392527f29,18/10/2006,M,M,3228415772,1CFSS,D
10729560,1a4c625f083a9b7b35001cb79bbaba2f72689d3daee8e6d6c3d3fa2bff658aee,17/12/2003,M,M,3228415772,1CFSO,D
10839060,1a98c4c1e2638310730427961dcbbcc3e35dafea1d16c5d93762fd66847a75d8,17/04/2006,M,M,3228415772,1CFSS,D
10770501,3f6d002dfefd3cedff6517bad262a3208b1769da33ed067f7266776f4452a66c,12/10/2006,M,M,3228415772,1CFSO,D
10962405,709f24c50116107cb2271084fe21a28d341b7b93c8cce3abd6f3e0d04bbdfac8,12/07/2005,M,M,3228415772,1CFSS,D
10827153,6b785a60956772faf9223a4c1651ae5af2b6302b621906384750d3ca50811299,03/03/2006,M,M,3228415772,1CFSS,D
10993836,029d780d17443d2c3822a8e63005491eeed9c27720b0e33afe9a57b9e789c426,27/04/2006,M,M,3228415772,1CFSS,D
10780789,521176c9c26473c62dbc6ed16282cbdf2bd5d822b0dfe6dce39fdc768bd38b00,08/03/2006,M,M,3228415772,1CFSS,D
10809667,9d68d4ad5320824d79349e53e6dc03574c9f4db678c84512de96314ed04247c1,21/12/2006,H,M,3228415772,1CFSS,D
10687463,e7cc39041cf02bc5e27f481a0c3feed6fa5dce44d79325df12b8dc91d7cc8e63,22/06/2004,M,M,3228415772,1CFSO,D
10678151,f406aa99c06362d8a7029b489d3b69558a915f596dec573d1a642541a56c4f82,21/07/2003,M,M,3228415772,1CFSO,D
10809557,bb7ebd4ccdd546ed6971dd488d5bd7972a14dde0d7af7d6061c64ccd05baf3a9,10/11/2004,M,M,3228415772,1CFSS,D
10944114,0b5816ac6d75c2b891690a04c28bfea7e0662a7f9209a00339870385b62324d4,21/06/1983,M,M,3228415772,1CFSO,D
10730519,129ff5074a9d8963914312306169cef9ec6e50014df59b596103b34a14fe0f2b,20/12/2005,M,M,3228415772,1CFSS,D
10742238,6d4791a64cbeee4acc6b7eb98156ae355876c06c50bcdaf7678896e641fdd461,09/04/2005,M,M,3228415772,1CFSO,D
10887591,1fbd2823909e2f70965217ac9a2503a54eb240135d6f2e5622c895d8f2b152e1,07/03/2007,M,M,3162079713,2CFMA,D
10926432,bb4914a57601d7b6e74b949e808483261207fc572ef0d14f6536f6b33b535f5c,20/08/2007,M,M,3162079713,2CFMA,D
10737176,a48a2a3226d10c257055d56909292b059b6f9ffad7936312d422250406c5ea89,02/12/2005,M,M,3162079713,2CFMA,D
10857947,849efe40ae5777ff79857534bf82ee5809348c769d37304d7e42e6ac7a0ec8ee,04/08/2006,H,M,3162079713,2CFMA,D
10916753,c5090ea3256a422de139a89a44dc9484ebb4d68ebf94bbee379447fbcc8be86a,26/04/2007,M,M,3162079713,2CFMA,D
10840996,cc5341323be16c1f0d22678a6edabd872635551055e9de8ebef1703e4128d38a,10/09/2005,M,M,3162079713,2CFMA,D
10888026,bb5769b6d3b1a41bf56cb837aae169bb1833c888f229a258cd45aff53cf9591f,13/05/2007,H,M,3162079713,2CFMA,D
10899530,3bcde14e5e59a4de15d6f8cdae28fb88ad729be92eb222ab2033e4bb49276e62,12/07/2007,H,M,3162079713,2CFMA,D
10925424,b1359f03667cebd924505de98622410d2b6d7a5386c0b109914fbb2c733a4b6a,28/01/2006,M,M,3162079713,2CFMA,D
10707891,74debc6969c121030d890054c41042bffa2fdaa35fe2b74e7bfd75e66e333760,25/09/2005,H,M,3162079713,2CFMA,D
10688886,398a2c8c5dbed05909f99c50890d921e348e5a2b4ec60450df9a0505869ec72f,16/02/2004,M,M,3162079713,2CFMA,D
10798521,058326e35b334fad6f8a4d2bae992868cddae2d133dccaa766259e308eb225ce,21/07/2006,M,M,3162079713,2CFMA,D
12788547,11f9aa4159112ef73db00943bbb5e4876684ea9f083e254f9a0b26b0fcff2abc,30/07/2005,M,M,3162079713,2CFMA,D
11010026,9900d8cfe027c0d913528ae337bcbb74c30b8e66fe9a6a5250bb7359ddff0caa,16/01/2005,M,M,3162079713,2CFMA,D
10832154,d3ad68abcf7f5c3e883ff4023f925fd91c9f739bfaed7ca03e6d9175c27c78a0,11/11/2005,H,M,3162079713,2CFMA,D
10793462,fe455b8831f682f1b6273ace56e4b5486802a45caf41b8e94f0620b97358dfed,09/12/2006,M,M,3162079713,2CFMA,D
10793477,e24fc8d89903ad9ac3925b89bb267ebf077096bdadd4a1ae27a94bd4e97db2d8,09/12/2006,M,M,3162079713,2CFMA,D
10322793,18d53d6fc74492c9fb2bb001d29e5a4b7549f8c298c990b5a078a9aff4465bcb,18/12/1994,H,B,3228413382,1CFSL,S
10441204,de56554f8db2ded55088ac18608519bc518ba0dfe45a387d87e0ffb8245fb4c7,08/02/1995,H,B,3228413382,1CFSL,S
13376932,fbed39521b26775cb0313e4233b1425c40ba92ed413810c752fc889d7a154194,06/08/1981,M,B,3228413382,1CFSL,S
11968274,7edbb4366d7f6fe45086810b9a47756545935ee5d2c24576a0cedc01a5edf86f,09/12/1984,M,B,3228413382,1CFSL,S
10247205,de74b0efbb6f55f84751a987214e57185db26b45f6e8787cca4f15aa4c62a787,07/11/1998,H,B,3228413382,1CFSL,S
10255828,de1787944852e368c54f173643b0f90667f981a2c562f30a9b951851b9b47f83,25/09/1997,M,B,3228413382,1CFSL,S
12058217,db8c5e4e1f0e04b17918b9a5123a8b42350f6348e8264357ec39dd8c534440e8,13/09/1991,H,B,3228413382,1CFSL,S
12837522,4fbcc277bdf127ed8908fc1f311c3be88a0a5c814e76820d7a3b7fc138a4251e,25/10/1980,H,B,3228413382,1CFSL,S
11064614,075f925d372a4e36a4a2144ea67bd461df3b43d86879c4bc1f7331be1ee0d218,04/06/1980,H,M,3228413382,1CFSL,S
11067623,bbf98097140e73a56f38042aed816bd5288fc84dae9dc69880711995c4352fdb,10/07/1986,H,M,3228413382,1CFSL,S
10525885,dfd0c1a274f9f58770ca4a16862e2bff77bc22c426e7f09cf3bacd3c45901442,08/05/2002,H,M,3228413382,1CFSL,S
13455308,e2f16860009cfc266d94a74d996eb066533151132d7778277cdbcc481f19e3af,01/05/1987,H,M,3228413382,1CFSL,S
11161106,6b485e849555a55a400d592d4684a2a948d9c68dc9403835b062330fa3de0d41,10/05/1974,H,M,3228413382,1CFSL,S
11332097,4770aa9ba60bbcc412b6afece6ddc63920635cbe9a794254dce9aee7db790dc8,05/09/1977,H,M,3228413382,1CFSL,S
10453628,8b2d625ac1aa70be732c9e0476953c200cdca64e3045458c50a1747b2d4e6f7b,22/01/1993,M,M,3228413382,1CFSL,S
12500233,356ee231870dad627152df9b6081e25301f9cdd5c93bb8c560b50f7da6b8addd,21/04/1979,H,M,3228413382,1CFSL,S
10308704,2ce815f05b875ddf9c9d0885775926f6c6132d4d8419c8789ca3061c2bc3d60e,21/06/1999,H,M,3228413382,1CFSL,S
12730778,deef2a03014a7b56ae5077957ae182e8330e704ee6e01f216333be66283f39a4,28/06/1971,M,M,3228413382,1CFSL,S
10255502,cecffb00f2c560a03c8ddf818eac6086c23b46c1052f72ce00ee4f46cbd20b47,13/03/1999,M,M,3228413382,1CFSL,S
10328549,59c6fc1b215023fdaaa463a5906bd14db24e3ca7788ebd514c554c3a6cb7decd,25/09/2001,M,M,3228413382,1CFSL,S
13457137,e562e917c16454b61bef9cc8cc920fba606034f6e3c52861b2d341a446fdc285,11/01/1986,H,M,3228413382,1CFSL,S
10677836,66aee9a79d9dd42345a7ccf7cbb8de20aea352b833d15627591cf7dc8bd63761,12/12/2005,H,M,3228413382,1CFSL,S
12287306,0a30b11a35642ae4985ae33689e2e03825be3bcc2a605685675cb1344ed5e2be,02/10/1985,H,M,3228413382,1CFSL,S
13450540,5c567173a39cfb8f8474663a5b4e7ab412438df635709f9b47bacccfd8480346,26/08/1978,M,B,3228379385, ,S
13450540,5c567173a39cfb8f8474663a5b4e7ab412438df635709f9b47bacccfd8480346,26/08/1978,M,M,3228379385,1CFMG,S
11068958,b82cad090a5f704a4668544d20056368d1a214f7d74f19397869e121008e7b80,04/09/1976,M,M,3228379385,1CFMG,S
10278634,e8f73fbd7e636121e33949a33f86ef1fffa03c4aa8a9e3fff1e5c93a3b1b85b8,14/05/1996,M,M,3228379385,1CFMG,S
10284131,c5406a42472ef5e9f12ab5225dfb8c74a5680345f1f72b619934c04701610dc6,03/12/2000,M,M,3228379385,1CFMG,S
12731640,dc0bf4eb9b55f7d1c3c3be32492af69e4990bf2bac07c6465828c45c0908b939,26/07/1982,M,M,3228379385,1CFMG,S
10248709,2d8d4db5b400295ad212cfdade9e308be5c3bbefa51a7e0c5af79e20b390bff5,17/09/2000,M,M,3228379385,1CFMG,S
10421015,e05569a7d4cd3a5e7b00f9e795a785f824f2dad4366ad325a23ba1d87c3f0ff9,11/09/2000,M,M,3228379385,1CFMG,S
12673295,47e6ae00ee328002bf1cc6513fa6a0f03a6a0f18eeb976b941f1132095df7b03,15/06/1983,M,M,3228379385,1CFMG,S
10420824,c8cf36ead22d95d4bbbeff08445a325332dd7fb741e4599f27c38f5bdc3a3cc4,30/10/1996,M,M,3228379385,1CFMG,S
10332353,f45b1a681537b2f45675a0c8668905d78d533ac0184a72b6da4f87796fe0765d,04/02/1994,M,M,3228379385,1CFMG,S
10394837,4d01f455036cba2e735bbd81c7a2c045a7d74818f4733dc254058d1a806befc4,31/01/1995,M,M,3228379385,1CFMG,S
10307040,d7c51c5b29ebab88c3f5f124668290c75ea0f1056149b03910dc601fbe596953,24/08/1999,M,M,3228379385,1CFMG,S
11786393,47c2bdea78e69e47e8514c99a70e9abec64e40d5b03b5c68ecb3451dffaebc0b,19/08/1987,M,M,3228379385,1CFMG,S
10696650,7fe307a32b9919dc0dee59514c5f02876b42af3e76c92d7c5bcd9b756812a31f,14/07/2005,H,M,3228379385,1CFMG,S
13459194,581e4c5f74c4d80df2e7fc8e8912dbc0380ef2461dc3ac1124fd6391ac4f1aef,01/11/1980,M,M,3228379385,1CFMG,S
11067932,1d96bdb8bfccbb04c1289b52573e9d87a9484e33eb189ab8c2e67b32addf0635,19/04/1987,M,M,3228379385,1CFMG,S
12306295,194845e71d70d3cdf4b0a8f16fa052dacedb335886a33edf790260e05efaa41f,20/11/1990,M,B,3228404816,1CFST,S
10662076,3a382c6e367cc2d0d99b9e6915881ae389d3b1d955f81700cf1713b8a3c8630c,14/04/1991,H,B,3228404816,1CFST,S
10374437,0281c0641058561ae5f9b111f032b9404832b1f7b57b9349207b9b96646e2822,05/05/2000,M,B,3228404816,1CFST,S
10414870,fe5afd229f8922ab7b6ab391a957ef72ea53640a1f5c2ef4fb9afd40e5c59031,21/12/1998,M,M,3228404816,1CFST,S
10509186,b478af0de632b0c3e4246fb744d8169801290a160c3e11de099ae2162712c8b2,24/12/2002,M,M,3228404816,1CFST,S
10452196,c2ecd2770518f9d3b129de38bee95c1d975224831f42b2455185d8242401ae0a,25/12/1995,H,M,3228404816,1CFST,S
10350415,291dbbaee3bccc57afa079e92e52d465a72a2231a2149c5f0f5b8835eea672fd,23/09/1997,M,M,3228404816,1CFST,S
13035058,3ad54d9182eda47d414adfac06037ea5333917c38b6997fb74d5073073616a06,12/05/1980,M,M,3228404816,1CFST,S
10357636,5a41ca1b6e509ca260897ade0ab3b78ffeb8bed51bcb9faef77ed679ce4b9907,11/12/1999,M,M,3228404816,1CFST,S
10819112,fa02ebc4b8a3f1d9cad09ae7562e1434cb7c8ae41e5f79309441dd3e3eaacbdb,23/02/2003,M,M,3228404816,1CFST,S
10953575,f4d7ff8dce280f9fc54f96cc5eb42d25fd0f801441eb8c584fcbd28660e993d2,02/09/1989,M,M,3228404816,1CFST,S
10381846,d42f7a54815fafd0905de53d9bc6849579aaaa82aaaf2e6804c8eb47c374b5c6,28/10/1998,M,M,3228404816,1CFST,S
13456235,5870321bbb1406776f4b19e7bb496bc065f83dfff25c35df7d822887e062f8f6,11/07/1978,M,M,3228404816,1CFST,S
10256435,9e7020b45a7e42a64647d001e043d92e012710294c23c4df0a679c6bb85c17f4,19/12/2001,H,M,3228404816,1CFST,S
10279441,7d33fb3bb713671631b8c7e6ed2dadcf9edb40090f0d7005a8134235e8fce983,03/03/1996,H,M,3228404816,1CFST,S
10980328,a77ef5b93f0e9cda7c6074cd830eeb95c620c478a2ccb963c7b8b606e37d4b00,23/02/1978,M,M,3228404816,1CFST,S
10953290,870bb5695a72f44ed824457b66585533fbcde9867d24b81bf5d364eabe351950,01/07/1970,H,M,3228404816,1CFST,S
10463434,d8d5541d5ca75169c898067117f5c7625f65e15cd615a5c6d3e18a3dda09dfe6,13/08/1994,H,M,3228404816,1CFST,S
12736324,11327ade31b8db22213a3209f4752aeeec4b954ff5b9e21a754b7efb945e08cf,19/09/1985,M,M,3228404816,1CFST,S
11481642,c4e62d317d8a412ca9bf5782c3e4b02dc655058b6b58fc28c6986ab489afbbaf,18/06/1979,M,M,3228404816,1CFST,S
11889122,8eccf3a0caf92ce437e21c2e0ef00ddc6a5ea4c74ba73539a265da10b294e1f5,24/06/1990,H,M,3228404816,1CFST,S
11241112,6b0ec3d89dd5eda5c5d258b722b2585e1258db84d8bfb233fe9fa821f794a4eb,14/09/1989,M,M,3228404816,1CFST,S
10783588,1b4507a9ee9ae54c9dbd9243809b22728b4d7fe14ff8dac896677ab6c9801a48,07/10/2004,M,M,3228404816,1CFST,S
10615771,f85c4153e927b02d09c0381408f8665ce58eff3569b4b1654e18f5ee1c9c0dbe,26/03/1991,H,M,3228404816,1CFST,S
11572297,dc3844267e6f02cc9c0427f65a593bbfb0a7fa09ebb03dc77c40438f88053f7c,26/07/1971,H,B,3162079790, ,S
10653326,7977dcca176ea1e811d4399eaa1cd92ded320739a157867fd418a1cd8fea7143,23/03/1990,M,M,3162079790,2CFSP,S
11572297,dc3844267e6f02cc9c0427f65a593bbfb0a7fa09ebb03dc77c40438f88053f7c,26/07/1971,H,M,3162079790,2CFSP,S
10735143,500c8bebdc401833574ef1a6ed9e559750711b51749efdd4090b8ec941239a5c,02/12/2003,M,M,3162079790,2CFSP,S
10963934,cc1de5dd9d86d0f15dd51af3edfa690fd4293a7e363211796710b2bbed633262,05/01/1989,M,M,3162079790,2CFSP,S
10410551,efa5e6f377b8dabd33ccdeb4e9c3fdb83e04f7a455d94aef58a8fc3abb4a6b77,28/06/1996,M,M,3162079790,2CFSP,S
10283468,fa7c2f3f3a14a5bdad1e38d1edb1bd550406ae8860611754d760876ddac6bb03,10/10/1996,M,M,3162079790,2CFSP,S
11158351,1d0f1f0d058b0f0d76b413b3200af84426d875133bffc4d2905331a64105b0e1,24/02/1988,M,M,3162079790,2CFSP,S
11319435,5f2dd3f0922849f2fee67a64dc31700d0226705ae77d7c3724a9183e76c4f283,11/02/1977,M,M,3162079790,2CFSP,S
10360919,856902ce180027a2e36f1b1d3c3d51b28860e675ae6efd79a86ab1ebf88d03eb,07/08/2000,H,M,3162079790,2CFSP,S
10443245,6443f91c92df96f075d9357bdfa8d8063871b4a6765ce7aae8de49533f43f2f9,08/10/1997,M,M,3162079790,2CFSP,S
12737880,84f4bf0c8cb68232e88ab3993cdcb1d4b90653a2e980708b9063b7d364d710c2,02/10/1978,M,M,3162079790,2CFSP,S
12731205,45d8294500d6ae2faf2dfba29121d9dceca7feeaec7946d45e085ade44663897,06/07/1973,M,M,3162079790,2CFSP,S
10354855,bf546ad8774cde4c74dfdec2fa688e5c7de159d1486e980652c5961cc6e1ba29,25/11/1993,M,M,3162079790,2CFSP,S
12568905,eef8d0f04448062534de7e0e9debffae4c61a62214c5772ff4958c023e6e0114,21/11/1984,H,M,3162079790,2CFSP,S
10816926,0bdb05e48c29b62f1378dfa2ffb2640fb2c888cf6b1ae764406c2444b25db1f2,13/09/2002,M,M,3162079790,2CFSP,S
10300393,883fe55dc6ef4aca4e66ade9c3b01dd050f6e7a80990cd46ab40a15807153d69,23/01/1994,M,M,3162079790,2CFSP,S
13248595,71acc038f42c6c25087f419e2776f3dac8103ef4249bf8c56f9a3d2c5dc53bf4,06/10/1977,M,M,3162079790,2CFSP,S
11741280,c417b0adaabbce28ab12cdb536161e389a84b0aa645dd9c153d3d57b6f09ac1c,01/09/1984,M,M,3162079790,2CFSP,S
12735122,394c14d0e4360a6407efe25c96ef99fc603a576f793a73bd54e5583a807c0303,16/02/1980,H,M,3162079790,2CFSP,S
11057251,a666873eb5cdbddff413f3bf22a04f01e6bd2551ec8a8d161f566a79e4dd4b97,28/07/1987,H,M,3162079790,2CFSP,S
12020369,c8f21483ab8eb34c9f37accd336a3ed23ac7bd428a63bbd1a726a44d2b6fabe8,19/05/1993,M,M,3162079790,2CFSP,S
11875204,de88a746087cce72bcaeeee3ddd987d6888fadb0353696b0bb8e80f4d833442b,18/03/1988,M,M,3162079790,2CFSP,S
10474558,5750725c32fb292852c8a11312518541ec26e13b87af341a249df839194a8031,20/05/1992,M,M,3162079790,2CFSP,S
10601480,86e0e3e631fc9e2a3a8f47758fc9bdc2ee00be8921c4dfe8017b455252cc845c,08/02/1991,M,M,3162079790,2CFSP,S
12731503,df8706b2401e036b4e5b56d003d31d2f1209a994862f2be24e8845dfa998b5cb,05/08/1988,M,M,3162079790,2CFSP,S
12567860,a6d5d80418343920e330ddc985c50e673064a550ec5b13336fd76c7b88c1a939,15/11/1972,H,M,3162079790,2CFSP,S
10454503,ef833de0cb19f6481b4d1aa0f7ce9e87321d342026b8bb598a92872bbc9623c6,04/01/1992,M,M,3162079790,2CFSP,S
11246656,58f00e666819a6b4315bd49f36293cd123ef6c22831204e7a38a73b4fd3679a1,28/11/1987,M,M,3162079790,2CFSP,S
13457203,dcca8f6c9d52f097b5f39519af36c03564b97c46360b2b03bea45239c7e211bc,27/01/1982,M,M,3162079790,2CFSP,S
13038681,ea4433d248b02f78218d5ab121b28551628fb75b0d17fd2a996fd2f2dcbeded8,27/03/1988,M,M,3162079790,2CFSP,S
10416763,834f5cc4978fb40fd6b16d92081ab8861797bd8fcabecbce4994936dfa796d4a,13/09/1999,M,M,3162079790,2CFSP,S
13457149,d72b76c738cb07b99367b2c52a540f56fd51736392da6725e747c6f38d9c4ef0,23/05/1971,M,M,3162079790,2CFSP,S
11321557,e45c7a92d73b32a658e98efb75fecf3bfd1779dbbc94c6cfb23468344f12a467,27/04/1976,M,M,3162079790,2CFSP,S
10451024,6307bf9262a1cf5e827a8a67cc3c84ee9eecefc2301a9348e220ba529dd18b1c,08/06/1994,M,M,3162079790,2CFSP,S
11486847,026bb8c2a199d94004a3f05f44f54cce0df1f4100a726970bd758bde63bd115e,04/01/1974,M,M,3162079790,2CFSP,S
10323618,52f7c9856304d755bbbd58bde452848ef3d95dcad03051f72aa63516e92f4578,14/01/2000,H,M,3162079790,2CFSP,S
10327143,06967f1f0bc68fef1c37692ecc5c1fae80576fd95bfc711b50f37a6df935881e,22/03/2000,H,M,3162079790,2CFSP,S
11312274,81d8288fecf90e022df98e7ff29858f0b318c86c9b8bb1705ce16cf1ab4a9af5,06/09/1980,M,M,3162079790,2CFSP,S
10382359,4157c7a2a837fe68ec312d2bdb106ada50445ebf9a03ea8f018dfd18848c6f66,03/09/2001,M,M,3162079790,2CFSP,S
10980328,a77ef5b93f0e9cda7c6074cd830eeb95c620c478a2ccb963c7b8b606e37d4b00,23/02/1978,M,B,3162079797,1CFST,S
10354855,bf546ad8774cde4c74dfdec2fa688e5c7de159d1486e980652c5961cc6e1ba29,25/11/1993,M,B,3162079797, ,S
12736324,11327ade31b8db22213a3209f4752aeeec4b954ff5b9e21a754b7efb945e08cf,19/09/1985,M,B,3162079797,1CFST,S
11057251,a666873eb5cdbddff413f3bf22a04f01e6bd2551ec8a8d161f566a79e4dd4b97,28/07/1987,H,B,3162079797, ,S
12730601,fc2cb91e6b926db3ec9ac099d1151c23471bf10ec4e91547e2571ccca7b65652,31/07/1983,H,M,3162079936,2CFMI,S
12510469,b796ff9e5649117645f2b45ca23d554d1612ea88072445048c8e0b2a4a496e9d,07/03/2003,H,M,3162079936,2CFMI,S
13086978,15d1d86c7e2fc8b84fce570bf95cd75af6ec2bcc523bca37684c801cba43aba8,23/02/1971,H,M,3162079936,2CFMI,S
11421089,549d81b242e78848bfe250f4849d1157c130363b32f771ce8bdfefdd03bcd34e,15/01/1987,H,M,3162079936,2CFMI,S
11420126,ba4d89df62432caadcf734d0d296cf4c130485b909ec0c747ad5efce3414fd58,15/09/1989,M,M,3162079936,2CFMI,S
10679666,389a4bdbb5c7a66f36c1f3e0ea50add643485b10d2e8a1d89582f6597b06a3c2,30/12/2004,H,M,3162079936,2CFMI,S
11825745,eac8bad909efe89773af784ac70b48d7dfee3f2042b28ab1f6e3fa1c04a28a80,24/08/1976,H,M,3162079936,2CFMI,S
10344575,7c7222b105e0e75741b65614833da45a877ec93bb483a04c11bb092bda400550,29/07/1992,H,M,3162079936,2CFMI,S
12636621,d7291676cbf5d4147b0d04e615dda33ef804a89d2bbc5d89ca5a0ee6da4db33e,06/07/1979,H,M,3162079936,2CFMI,S
10427584,bf9583515519119dd5a1de70ae1e2469dae1c5380b4c156cd7b12a17a04f6ee4,15/07/2000,H,M,3162079936,2CFMI,S
12603629,148eda8f9b3d6fcb2cc622d761af6e4b396b2dc452684f26b8a3b02fe99d5cd1,14/09/1976,M,M,3162079936,2CFMI,S
13250561,4061ccb114e6462a069c791f123fe3f02da3dd16a3f20194ef21e477ac6c8af1,04/12/1984,H,M,3162079936,2CFMI,S
10416745,67c0ce6d5170bb4be60965f9f815d551607333b66a628e9d8afef05bdf9be733,23/09/1997,H,M,3162079936,2CFMI,S
12037954,761ebc2bb11cd269cccbc5244dede9165103f85ec3d090d56710e27193e7a4fc,09/10/2004,H,B,3162079993,2CFSR,S
12433973,aa1052ee12f1042fdbf6c9770cbd0854aba6f94dacc06a97007615d2f4418d67,04/09/1971,M,M,3162079993,2CFSR,S
10293307,a6751271f8436f251929b3d25d3185903c9747e3b62122ae1be2fd398399d2db,14/10/1999,M,M,3162079993,2CFSR,S
10679671,ab1370e44cbdd5db0b5afc0646cbad82925baf500106664e2af7664451a34a66,01/07/2004,H,M,3162079993,2CFSR,S
10364384,5158382fafe0750d72f8b98201e6fc08d387f8fb2c2a0f407d4b9e0374f4ca28,20/01/1998,M,M,3162079993,2CFSR,S
10525745,0c5169f8b28897c512e97288684a7cf994a2bce81c3c0c4991c80073b0ecaadf,24/08/2002,M,M,3162079993,2CFSR,S
10437714,2eb3465afcf012984e93be28774f33a84111c6a846b670000ffc3f8447565181,12/06/2000,M,M,3162079993,2CFSR,S
11572662,f54f8e923cd0561f40eafa2219a7deb9a524e95028a3b07f6ef1f60a4cebf5ff,15/06/1977,M,M,3162079993,2CFSR,S
13459614,01cc9f502b224ea1ed90ca3eb1ee38e6454ed8c9f50ab0ac0f30318b91da01b4,17/03/1972,H,M,3162079993,2CFSR,S
13163302,248d5403d60e41434badcf85f1b359862b2c3c2870f94c279f1d132a9e6e8576,04/06/1987,H,M,3162079993,2CFSR,S
11400429,e23faaa935faf5e961bc149c5ef5d1ad2a1fbf48eff3684fe9c868f2a0c28bee,30/05/2000,H,M,3162079993,2CFSR,S
10664873,3704283c8411dc38de21d1d13d182522d73285b7c48dc636ddbc5a4cfc06d0a6,24/11/2003,H,M,3162079993,2CFSR,S
10905913,06289fe8ffa1ec9361bfaa69177c4719268c68c58b3499d5e0e3f8ba8ec49cdf,08/02/2004,H,M,3162079993,2CFSR,S
13245900,66010df1ec29ee2cdceab1b9f499d986a031e817f8c67324ef7ac820891d4e71,16/01/1986,H,M,3162079993,2CFSR,S
11059130,a1c8010b4f2b4b7aacfc59a427dd93052e239f4e65e3e0e28deaf1889fa06ffc,12/12/1980,H,M,3162079993,2CFSR,S
10512597,f34f66fdf4387a554d4b8d359f9976745a9939048ea00846ee1c8d7d4e03c37f,14/03/2002,H,M,3162079993,2CFSR,S
10277644,f0fcb8815784180cb5a92babe56cbe70b632fedcf7f6553c0bf9a4d57607c388,30/03/1995,H,M,3162079993,2CFSR,S
12636390,ed0bfdd482fadcba2bcbef0d4c551f306ab11e15bf36f41247d9932dd5578392,10/11/1967,M,M,3162079993,2CFSR,S
10254372,bad79ee03f6ef564d3b962fed25eab81e6503197c1fd9bcd3c1ed74f2b82857f,23/05/1999,H,M,3162079993,2CFSR,S
10279324,f6a39ab49485c8e078fdcbe4f8b6e2d4d894103be0e884b4da377618e180d940,11/11/1996,H,M,3162079993,2CFSR,S
10635824,a87d50d2d4d19db8e0be1fae3ad00f3983d18f31c47bf0f02e07f67849b0e9a5,10/07/2005,H,M,3162079993,2CFSR,S
13290996,be3f3670fc4c0cdab38e98c71033a327b775edc7345880edb01ccb763c4bf559,14/05/1977,M,M,3228406931,1CFSP,S
10709557,fe7b6fcf2cef4ca6b05a8e72e397d268ef5ae8d6cf348573507f3bf63c44ac87,11/03/2004,M,M,3228406931,1CFSP,S
10422716,5e254e5f09688b80f4b057c7b5b2e4d4154abae4ee7355a3cec1e19a95a11ce1,03/09/1997,H,M,3228406931,1CFSP,S
10862032,edcc89b0de6b17a00c79200418a151cbdbc04101364a0b9b1da883473dbe3a41,03/02/2006,M,M,3228406931,1CFSP,S
10819701,785f4c835156bf37e2ac3b36285a5c6de4778c04b6d0ecc8524d7c33f280ddfe,29/07/2005,H,M,3228406931,1CFSP,S
10817903,c42eead7fbfca1d8bacfee27f5c3d5f44e8a655e7d76324e3a751dcb65dea645,20/03/2004,M,M,3228406931,1CFSP,S
11059841,7f973501ba1d2ddd5a45f8c14feed12dff7ec16d27f239a3cf6f412eb54bcd04,27/10/1988,M,M,3228406931,1CFSP,S
10381708,8c7b4e3fe8e71403e5b498842cbf55f3d7de2c865cf2d3a9dabec95e7719dc4b,07/10/2001,M,M,3228406931,1CFSP,S
10330111,f5b5aa4b09ddfe1c02481be00c0c44577887af357caec523548e1acf9db0ea0f,15/07/2000,M,M,3228406931,1CFSP,S
10443575,381ea81eab07fd5757752108c7ef9001892563e47d22c2080ba120c35848d1e4,27/12/1995,M,M,3228406931,1CFSP,S
10818191,34f032eaf4de167454901083c342a740bd9b1040f693233fc58725120ac1a33d,15/02/2005,H,M,3228406931,1CFSP,S
10499331,d35358e4b902bc8986df49557818def10b01f1a0deb584cd8200f82868ecd8bd,09/04/2002,M,M,3228406931,1CFSP,S
10699271,f46f94263c0bf44a4b7be735f08c1d269c02346ab2282772353ba55770b1ab21,08/07/2005,H,M,3228406931,1CFSP,S
10807830,3ac0e04a9aefe6416ceefdfbf2daef9ea04a201ee8c01674d75db786a1379c20,28/11/2003,H,M,3228406931,1CFSP,S
10303628,8afc57f0cb1776c216de22c9156cf159a398e87999f1c1de98a95366fda352c4,11/02/1993,M,M,3228406931,1CFSP,S
10479899,7f1d9ec0e3daf716bb4a178c7fda57ee94d867d4227c9436a645783cbbd8627c,28/10/1997,M,M,3228406931,1CFSP,S
10249410,be3ca39d8137b9bb3f0a968bd13c3eac39fe9c9fca007f936c4e9f58dca52a78,15/11/1997,M,M,3228406931,1CFSP,S
13458078,92ae3ff65ddf06511de0afc3f46f4a9add3c27250669e189a507de30ad32ab29,27/10/1985,M,B,3162075411,1CFMI,S
11234733,eb5681ebb472cc518f036db280490cc5483c18520cc38281de4f791d31078dcb,29/01/1988,H,B,3162075411,1CFMI,S
10409975,3ec1c0018020bfa680c2dbcd8bcc62be98c0059871c9f9e794204ab3e0029dc3,16/11/1998,M,M,3162075411,1CFMI,S
10428502,1e16e01171891f0dd96ad7d0f4b494fb854ff0db760d4ff272b872d813ad8caf,23/03/1996,M,M,3162075411,1CFMI,S
13246042,7b0a7de4fe72edf051f7218b8d2d5b294894ffe32dba5b817ac6549c97ba6e4f,16/11/1975,M,M,3162075411,1CFMI,S
11048215,90f267e045eb09a89530afb453003f5657588e257ede905356b38c531ab28159,28/12/1990,H,M,3162075411,1CFMI,S
10496467,ba1b94dbd4dd171d0d41c11919584e31002169b05617384a80adb7c581944542,22/08/2002,M,M,3162075411,1CFMI,S
10446775,e3de61809e377f37644dbc2bae116889e555a76c15dba6c3c4a03e83f718ae5b,07/03/1992,M,M,3162075411,1CFMI,S
13456990,06a17ec832686128ce093f03ee2cd4fccaf599d870acee0fbde1197893b62f00,10/06/1983,M,M,3162075411,1CFMI,S
13458439,577603556d8d271e9b8629004d8e4c8734a4d9ee18b7400df7d4232f01f57f00,05/06/1983,M,M,3162075411,1CFMI,S
11899562,a0acbc87f688ea9d4ea5505ade63bc2469464295508784ab9f9444ab4adac6da,06/11/1983,M,M,3162075411,1CFMI,S
10718947,aad730a4271d0c89e4fb15c0a7a6d846fd1a428e5b4e8af4744c28b85f994cb2,10/07/2004,M,M,3162075411,1CFMI,S
10251126,f6a1020b45427b152bb10d3123499269b9d968817aaef5c841befba532af041c,26/03/1999,M,M,3162075411,1CFMI,S
10705766,a89c4917e59aba0fe126640bfe4db0168eee2c4c3c3b1f4bcc89e0ee7a6e12e6,29/10/2003,H,M,3162075411,1CFMI,S
10401257,dba246edc9d197f7c793f25cba53bda4887fa131c51d7d246e16e4bc6a643d9b,28/09/1999,M,M,3162075411,1CFMI,S
10244186,aa754bd99fe1ad5e2ed689b4361aea01f22585bde68bec4392855bb5c1e47b9c,30/06/1995,M,M,3162075411,1CFMI,S
12151166,4ae47b5320efbb63e97daa1b853249c9f399868f8c2dde1267ec6d10aa7d59cf,29/06/1992,M,M,3162075411,1CFMI,S
13514018,0435e7119f9a0b6cf745c2d819e5e9d104dbbb791344c5ad0c2b102d1bf0f507,24/02/1978,M,M,3162075411,1CFMI,S
10681066,0b6c032fe4b4d05a9a6a01650e97a033d48cce73f5a93cf0dc660645c1757543,03/01/1989,M,M,3162075411,1CFMI,S
10491541,5f42c3c034b995311b1f4e67918dd6ddf1ab530e05b93a4f0c26fdc6f8e2db72,23/04/2002,M,M,3162075411,1CFMI,S
12451319,bda68961849c9bf6e3c1ffb1e57aad97ecaf89f699556f8c5b354a74bf6470fe,21/06/1982,M,M,3162075411,1CFMI,S
12373449,df7d150c5fa1b58d6acec325f000787e66a52ac52bd2ef54c78fb35a2d788872,07/02/1974,M,M,3162075411,1CFMI,S
13124410,a1c372176b65f61d5565d8fc3a1d7aa3ad0e7def1b8a7a8c51b9a580824a9dab,21/02/1971,M,M,3162075411,1CFMI,S
10407717,c8b8a032f0a770628929be74231c6f17c316235ee5d83f8d037ea589d07e0c2f,12/07/2000,M,M,3162075411,1CFMI,S
12630701,5bed74b3faa9341b070cc5021322452fbca66cf73f4d3e506046c0343e22137c,19/04/1978,M,M,3162075411,1CFMI,S
10724616,af9679573824235efdd46d2a7f7e817fa5c0890d116ac8af590fcfc8f18eeba5,30/07/2003,M,M,3162075411,1CFMI,S
13365806,1841cc4b4509f68455a45902b8ff7acae959dc58e44a277aa40ecc3da97a80a4,09/09/1972,M,M,3162075411,1CFMI,S
11236141,d24f420c0281836ed568d8a28e24d56ced05e596438f673f9ce244d27c6fdb42,28/06/1983,H,M,3162075411,1CFMI,S
13289936,2432a7573e5c6bd5164f2f391bdd0990d552e7e91c490fa7d5c254889d9648f5,08/08/1981,M,M,3162075411,1CFMI,S
10427109,b921b1012eda4a3098c16a3384d66636c9b04ec45d33f3c7f9dceb1609440cb6,16/02/2001,M,M,3162077600,2CFSS,S
10378770,1edc10f59c17b63df2db47288b8540782eac8ddd046b50612deaf15c13f546b3,14/07/2000,H,M,3162077600,2CFSS,S
10375621,fe50fc9ba421b4b3ba892a3c93b4152550ead2a890e66a2ffbad0fe2368adfd6,25/02/1996,M,M,3162077600,2CFSS,S
11502177,8033dd5fff109226391061880f74ef3900ef442ce0df18f8098ff4d9b3e791a2,23/05/1989,H,M,3162077600,2CFSS,S
10809481,da0b4adc5d71d33e7e03ae2633a5b6acb74bd7ea618331298b41711b4a25a4e8,19/10/2005,M,M,3162077600,2CFSS,S
12735439,dca30a6d5021b6b8ea2f424f053616f6b0c044d658f426c74cfd9e32d3f38654,30/05/1982,M,M,3162077600,2CFSS,S
10816484,f6e230984de0b90e35fb2471450c1fda27b1041d6a8b3ba62f3b666c3f441698,08/10/2004,M,M,3162077600,2CFSS,S
10382660,4f09198a4a45b243fe8be16a5605def2db53fe17c9d772b073b6a2eb75d590d8,11/04/2001,H,M,3162077600,2CFSS,S
10434495,897cbb15d50ea1d778a9d68fd4ee6554e53ee3a975014225f1a2b14d4aefaa51,04/08/1992,M,M,3162077600,2CFSS,S
10318774,1265d16bf3c65409fcdacc90edfe814aac6a8cee0d3f2a26f030e19cfd5c7117,02/10/1995,H,M,3162077600,2CFSS,S
10451295,8b8a67c4a5bb5ee63f48547ba18ff9f21fb21565e69ff25b3e2ef3510f74fd8c,05/05/1992,H,M,3162077600,2CFSS,S
10803572,9d6266f3494b536edd42b32a604a0dae9ee74a6df401ac1333448cb6d4d2b957,03/04/2003,M,M,3162077600,2CFSS,S
10278035,b9e4f9d1725438afe8a89885e6411942def3d292dd869f5390400bc629ceaa55,18/09/1999,M,M,3162077600,2CFSS,S
13242370,ab47ae505c584378fefa53f77c26f342f44f7fc3d497b0882a838b18af5527ac,10/03/1978,H,M,3162077600,2CFSS,S
10259264,fcb7ae537ba6b1aee8827b050cc2d02443d6397b65db0ef197870360330d70f5,04/01/1999,M,M,3162077600,2CFSS,S
10786442,067f0f5a3b66e3a7a9dcf4adfb608e2307164eabafb98b7b433ba4236c0603a1,06/10/2003,H,M,3162077600,2CFSS,S
10354121,88d06ffd2cec7707cc0044d8819adafee6b5fad458046c57279cbb76aad85113,08/08/2001,M,M,3162077600,2CFSS,S
10691616,005922fc585e32ed07cf5a579a8f2269b6c390e24f940e8ea13676d51a796fa4,23/01/2005,M,M,3162077600,2CFSS,S
10404684,a764600507ea0ca6b8e64826956610b910db9934fbf52b8da43e5962f39d34d6,23/01/2001,M,M,3162077600,2CFSS,S
10017290,a0fe5002dfd1a29a0245cce90ee2aaa1c58f369d2ced54e5af5e50bfa7a2756a,12/11/2003,M,M,3162077600,2CFSS,S
10792522,3a042d36b93d66ee53e980c22fc438bd89dfeca1bd408b3557e5f96532cdf858,11/03/2003,H,M,3162077600,2CFSS,S
10242636,b96d331ccccff56c1a5cccdae4b2a62af51c9702548b00ec958724ea85d13844,28/12/1995,M,M,3162077600,2CFSS,S
12637322,ff687362b45b2b1098cda3e168dc8cc3dfcbc5e082a583faaeee6f77a23cf211,09/10/1976,M,M,3162076035,2CFSQ,S
11568873,c0cfe10a09ac5b81301d671145b96069a68cb87f3c01dfdfff0e272930347d2f,30/03/2002,H,M,3162076035,2CFSQ,S
10581335,4b849c27f31cbbe5229939df8084f223daedf2295a2daa84b0b48a39101e115a,21/11/2002,M,M,3162076035,2CFSQ,S
10267575,b208526e54e62efb6d5bde672dbc45a53600a0a6ed792c5b2cae784ef8676896,20/04/2001,H,M,3162076035,2CFSQ,S
10392821,513e8eb78958a0fc33c8dc88c275451ff0fd81104be51f854e393c5821c44fff,24/12/1998,M,M,3162076035,2CFSQ,S
13249462,3ea81a829d959b1fa3cee19b4b755f93ddc6fc1be8e7de7b1f7e38cb6bf59613,27/12/1983,M,M,3162076035,2CFSQ,S
10301350,256f8262ed07ddc5f7eb5a0fe88421bd5e9e22f0bba2cf8307bb0ca2af558113,26/09/2000,M,M,3162076035,2CFSQ,S
13154960,07e19e482f25aa9fce0d3a0c810e5005766f2b82e038a4b4ba6421f81b55943b,17/03/1975,M,M,3162076035,2CFSQ,S
12311557,b60549de59aa05903d02ef9b7c79bad48f9a64b925b7d77cc54707046144d799,09/08/1985,H,B,3228390016,1CFMD,S
10798715,802dd970ee457c6c4d427ba382b5085c63fc976a81539d1bc211155a8da65a33,22/01/2002,H,B,3228390016,1CFMD,S
10677677,e0ceab93dbd60c6b7daf7799fed798cddc89ee2dffe83a08ee4744273fd53d59,05/09/2003,H,B,3228390016,1CFMD,S
10909885,9a69934ba69c4c2ca958c74f0c02619c1479252f924ba8fb8de3577e9a3ce536,13/01/2004,H,B,3228390016,1CFMD,S
10017448,66fd3bf0ac2b9ad3b7da7432287c9eb6217835343eb0cd0b2633eb93ec3cd0a3,24/02/2005,H,B,3228390016,1CFMD,S
11088265,147831ddb1ad1e347fff6a8c9b5632efb2260e7d78f3cac9e812281927094562,23/11/1982,H,M,3228390016,1CFMD,S
10959217,19b48d9b52c1e7da9e4db26c63c2fd5d420615feb742b2ba872b3c8ca70e1adf,20/04/1991,M,M,3228390016,1CFMD,S
13114371,ce13399c1425abc29d45b8527cf64d149af79cddd3c225ae0c60cde7dd146893,22/12/1976,H,M,3228390016,1CFMD,S
10353865,f5819f9595730a5dd00df3e132c8f4bb7ccff2f4a46b69742dcec509a6fdba4b,17/08/1999,H,M,3228390016,1CFMD,S
13238582,2b8bc6830569bc50c94618f3b7301624a49ad6c3940eacad7bead23e0170162c,04/04/1977,H,M,3228390016,1CFMD,S
11479705,9a5452c2ff9c2275ecc77e66e9775b50af65421fcc435e6985fd92af97f1ffbd,02/07/1983,H,M,3228390016,1CFMD,S
13316624,978cd6a4effe394cd2c4f1f86a4ed65645d31c2e741140df66c1e4c8dad278b1,04/01/1979,M,M,3228390016,1CFMD,S
11312205,75b7aa13b43881464b6c751d87080605479495e66c24aef1adc30df02acf940a,08/06/1989,H,M,3228390016,1CFMD,S
10517185,a9ed2c6ff5ec3eaf9210ebc822324fe4a9021883a59ad0e5fb135455b7f0be32,22/03/2002,H,M,3228390016,1CFMD,S
13458659,ee5dd95c3fdb0ffa67f6367c24d96d041fd6529fd70fda80f97d4c75a24bcee4,15/09/1985,H,M,3228390016,1CFMD,S
11034534,8c116c6dddb6f4226e09dc509e83aa99d81946c297dec748310b0ebb3cf9dca1,26/05/2008,H,M,3228390016,1CFMD,S
13366127,a1d50e1af9c08d03c2e95f14b14338f968b068afc62ccf1ff71b0f7f7d3183ed,13/07/1980,H,M,3228390016,1CFMD,S
10473027,182d100d6e745f669a0588fa993b6f6bb97009b777f214ab5dffb4e0405ecf30,07/12/1998,M,M,3228390016,1CFMD,S
10675115,e8559f7a4509a407db66ad6df4c403ac1e96d1d9eb735965cb2a05ac0e6623d0,19/01/2003,H,M,3228390016,1CFMD,S
10459081,c55ba47833a7f03c7c2c8949d629b7064ea818ecdc0d076f82163fc224e6f336,02/10/1993,M,M,3228390016,1CFMD,S
12736802,20cc7b3a32b99fab7e140619ee71a7060e7a6dd5d3cc93adc2da5665178c21fb,01/08/1998,H,M,3228390016,1CFMD,S
10803714,6ae0c7fabbf6e2b82ed836024f71144b4c0ed5373431db7b5df91a96608968b9,09/08/2003,H,M,3228390016,1CFMD,S
11323147,b0190ff6904d19d7a8677a9e6d771f989bb92e0594e284eabc738bf8bed2921b,12/08/1974,H,M,3228390016,1CFMD,S
11847570,d96976c29ce02cdc88b6650eb5db3f1a80aaeb0b641a9ca5601029bd4be753a1,25/11/1975,H,M,3228390016,1CFMD,S
10862547,eac1147d94707b48c982b4a362a6e2864e17989c0d3199a0a6c775dba4d99ba2,08/08/2005,M,B,3228410748,1CFSN,S
10843404,375694f1cc423624ad264f02a02abc2d20ab1584c22b52f0e317b288175ece41,21/04/2001,M,M,3228410748,1CFSN,S
10392181,e0a6ae2ad326baa28431da587e4cbbac36707869bf28bfc5819da1607bbd244a,24/12/2001,H,M,3228410748,1CFSN,S
10506040,41b24410e9196beee3c7163ff939ad946abe0790026bb688069c9a507683a94f,06/05/2002,M,M,3228410748,1CFSN,S
10664803,53fc65125736685aee8c690e22392ae4c41ae8c518011998a4cf15a2465babb5,22/11/2004,M,M,3228410748,1CFSN,S
12413993,38fcb74741ffe95e5843376572a67dfd9e8860701f7548a42bc5030fe1b2b21d,30/04/1974,M,M,3228410748,1CFSN,S
13480000,fa0f7f118fdbb384219f4519540e4efd35b3cf9bdc32cd58db39f80030d535ae,11/03/1989,M,M,3228410748,1CFSN,S
10664909,24596f7108eac696c4e5905cd9baa468df14f0504624913d3da69acc0e9736d4,20/12/2004,H,M,3228410748,1CFSN,S
10691269,1b14bb3a375a5c2cc917db44e1a2df3b4284f28ff69d1851d112c2b0e06b3538,30/12/2004,H,M,3228410748,1CFSN,S
13255125,817898969858facc0bdb083b646f0b7c549101803e25a55b0ec292dab3d0ce70,20/03/1968,M,M,3228410748,1CFSN,S
10332353,f45b1a681537b2f45675a0c8668905d78d533ac0184a72b6da4f87796fe0765d,04/02/1994,M,B,3162079706,2CFMD,S
11171428,a6a40b2449a60754b1716f21b40671a80060ee58b60e67d5d72b5cab6dfa769b,27/10/1989,M,B,3162079713,2CFMD,S
10657315,1ee47e6bfae53404ac74f4e02a00ed0654549b5ff96a850100e548e463a7577f,29/11/2004,H,M,3162079713,2CFMD,S
13116617,14f3d0f2e36d9cf247e552ab4951cd17268616e029d225ed486f14bfb5b6b2c8,24/12/1974,M,M,3162079713,2CFMD,S
13457085,9f21459efc7d62de66223b463deeba1844c6375391906e3baa075015f44fef1d,24/11/1972,M,M,3162079713,2CFMD,S
12424801,e9035272c99662f9412bb58ea00fe8abf4829292054f1896173c6e4602a15bab,22/11/1977,M,M,3162079713,2CFMD,S
13101838,2d93864094d1651404eef19472c7bde7da562433d89344801f38b6f29df83a7e,10/03/1983,M,M,3162079713,2CFMD,S
10308441,cd3fb005a28aec9130b2dea8596b1ee33451bd3c07f0c5446a9ccf5c33503811,01/10/1997,M,M,3162079713,2CFMD,S
10325396,4a83708695c3952a5ba065098add71fdc0bade65ab9f94fd06b40dedbbffa2b7,20/07/1997,M,M,3162079713,2CFMD,S
12731696,8b135efa6f8be20bdd3051b04047b7c8666f22cd722b03bc36d9f0109ee3a90f,29/12/1981,H,M,3162079713,2CFMD,S
11235555,274233a423f376dfc5689958dde8306a17e2cc947ccc0c1dcb569b82599b8792,29/06/1985,M,M,3162079713,2CFMD,S
11780432,7b755f9fcfedcbd6400c2fa5d9ba0222e92b357c99f3b2339aad811c473c05f0,18/06/1968,H,M,3162079713,2CFMD,S
13458925,c381935985cf285a4c5e895450941f71a2f96d7a51394a43b250c20f68db5f6a,24/03/1983,M,M,3162079713,2CFMD,S
13249406,8285dac0d1af1685e1d3e53e1e06491325763a853726fbcec1004e2992151869,15/04/1984,M,M,3162079713,2CFMD,S
10940185,d6b38b45286400580193130973caea79262fc1531c89de3de7d2eb7fbc7fc703,13/04/1986,M,M,3162079713,2CFMD,S
13041457,867d700f9f05a01190be757770c0ccd1b511bc31076364d767c00026f76c87af,28/07/1985,M,M,3162079713,2CFMD,S
10323662,a74a6036b0f32fd1f1bb662c8b28ca12cb99b95486b6ec5d83e6493847d83a1b,03/03/2000,M,M,3162079713,2CFMD,S
11569044,48dfb10f1885d75e11a5b01095d5c1444e6ce16183522c6ffafa0459ab695bbd,15/12/1990,M,M,3162079713,2CFMD,S
11502410,f9f05db6ba1f1d96960cf517653f4209f6bd6e2211967f4657074b30bcb95c28,07/06/1984,M,M,3162079713,2CFMD,S
10728710,06a31d5da3380dad8644914e6f6a754d49c2f97b4082a6c204864378bf3a41bc,20/09/2005,M,M,3162079713,2CFMD,S
12839405,de6a52e519bf1b505e87d1c80aa122311af86a7a40e721d4f8d4f109903a1afd,29/03/1975,M,M,3162079713,2CFMD,S
13263684,f7f8a98c6c729c5ab3b9daae062119f5883127a14025dd4608d76dd5d189aaea,04/03/1986,H,M,3162079713,2CFMD,S
11479322,4cb68217dda969758e455c14d294a92080e31f0e5d46995dd0b88f7673197e8b,29/06/1987,H,M,3162079713,2CFMD,S
10264521,1898a29f12766fab02fd8770177673355913f5c44b1f6b4b4e5e3dcbbb65010c,22/01/1998,M,M,3162079713,2CFMD,S
10510136,4b0c9f89ebea160e3a5c2d1e805ef80b8563ea8b509dfc57d9d22effefdff81b,30/04/2002,M,M,3228406931,1CFSP,S
10397687,b13cf3be1cccfdc2b85054fb6f077d541f781ea80c3e96c009f3a10f4add5479,06/05/1999,M,M,3228406931,1CFSP,S
13458157,de4793a853c1f5d13d1063f8e048dfaf30467cd661110fa15fb48774b433aa6a,04/01/1982,M,M,3228406931,1CFSP,S
10530795,986641da744c49e29f17971c35ce208dd2942d61d01d12fa304a6ad091dbc6e3,27/08/2005,M,M,3228410357,1CFSD,D
10787502,0d9f8fb6314abf5cc170468845a289fdd4c8fb0a42c961108cd9a1636478e2fe,24/05/2006,M,M,3228381273,1CFMB,D
10351740,d2449f39721ba034c957275c6d46aceb623305de46a43d8e0aec475257b74ace,02/05/2000,M,M,3162075539,2CFSK,D
11158088,58f19db8a942f6879324aa03bb596c19709f29fab6141f864ce5db65b2331bde,31/08/1989,M,M,3162079790,2CFSP,S
13095949,b9a2923a445802a6b95fc13a39ddb7695654a9cdc4fc7bcf780802963be99b8d,04/10/1979,M,M,3162075411,1CFMI,S
12459446,b57bfaeb06ba65babce05d4c0739a31c8513064a49d778846e96c3f568c7d96c,06/07/1970,M,M,3162075411,1CFMI,S
10663109,2bcfb704e8d671c903b81b82897d3831eec9f9192c1eee806c1a10a8e7708107,24/07/2004,H,M,3162079936,2CFMC,D
10800028,2417ac65411f528964ceee7c580a031a066e7414ded844359beba06e43b0010a,22/08/2006,M,M,3228406931,1CFSB,D
10808367,53eadf21ab06a698795fbfeb06ff50ced5cb2c9a6d37bfc4c4e72d15798ed144,15/10/2006,M,M,3162075418,2CFME,D
10819378,3e5931bc003bbe9d408839cd13739c8a716b5936e2eb60832ed7b1a339768032,30/04/2004,M,M,3228415772,1CFSS,D
10442635,ffb779515b70ea35eda052101be55fc74c074c9f0b230a6a3bbced2a6d737041,07/03/1994,M,M,3162075411,1CFME,D
10461934,bd261de7ce7522e96ecbac073d1af5ad3889cb52cae9b3110b2f96009e842b1c,05/08/1994,M,M,3228406931,1CFSP,S
10887720,a60412989ab98dfa9423957d073704f87ad1840f8781af36ac94cbed02683817,14/01/2007,M,M,3228379385,1CFMA,D
10766414,dac16061fd2cacfee655fdda188fcd1d88cf66c326476a76c111ddbaff59041e,06/01/2006,M,M,3228406545,1CFSI,D
10510771,852edbbc4a7fe16867720056f5725323f2e45c86f6f7d671499883e62f3ce263,07/02/2002,H,M,3162078591,2CFSG,D
10805472,ed3b1af372a71f6ab1224a81542df1935f37c3534fedb6b882f09d8b2aaebbf0,16/05/2006,M,M,3162075411,1CFME,D
10770893,95f4b53583eae28c1d7337db9b6a0f9e40593208a8f643dd299c8a8b37ebd837,31/03/2006,H,M,3162077488,2CFMB,D
10895565,fe7c81ba9ae3a01587ebec9b363820e233dbcdc7ac87117a86a329552fa0d90f,20/03/2007,H,B,3228390016,1CFMH,D
10734128,4febf9344549271296e9d0af50dc50db1ad3899a93e23f6ca3c0d53feb02575a,04/10/2004,M,M,3228415772,1CFSO,D
10783707,89bd1b3c7fbb016b10e909efe4eee704c8f8edc72a46b41a1192921d70090689,22/12/2006,M,M,3228415772,1CFSO,D
10737175,9bf681c043c4a13bfa39642431178ba4612133ac202495fb5b91b43bb7b3a464,05/12/2005,M,M,3228379385,1CFMA,D
13452408,80ef03e2ae19d258c7d659b2f9bbe3551ea5b26980dcfa6f251d5d707b10dfc3,23/06/2008,M,M,3228390016,1CFMH,D
10699142,c3e48475e435fbcc42236f7d5aad64e73844df87115f85a9b21741d4ed1f720b,29/04/2005,M,M,3162078584,1CFSG,D
10869145,8064b6e099b5fd78aec9cc2c8ca7c3c285862de4fde6a90d492384ebad45c5bc,02/04/2006,M,M,3162078584,1CFSG,D
12877007,e3b962632d17f85a3cb1baaf24085c09175f8f21acadf1ef5eba56a56e839943,16/12/1977,M,M,3162075411,1CFMI,S
10420918,eafbd6b47465d4b338c643d22d0d8770dd0264297003dbfac8c50b91ab3f851a,20/06/2000,M,M,3162076035,2CFSQ,S
10713910,0f0b51ddf5034ad7e797be9563acd8d2acc16dd57e7c2021752c42b36bea7780,12/10/2005,M,M,3162076035,2CFSJ,D
10321979,e93a02d301a7247dec6ae3cab1a708b43164628082a63cf648282e25f69fa500,12/05/2000,M,M,3228404816,1CFST,S
10640914,c3dfa03c03b4360056392af8b7872acc00ab233c035c1f2159d59d13a167b2f9,20/04/2003,H,M,3162079993,2CFSR,S
10416752,502ae38ba6b26ae0915611ff30c6d1dfb6aa750b7f040ec8edafa1d3c780cc6e,21/11/1997,H,M,3162079713,2CFMD,S
10679677,56402946b38d32203d3afd82b50f9d4ef964c618cf5a50ae2aa75eeb31eaee90,10/01/2004,H,M,3162079957,2CFSH,D
11167476,066e5be8819129215cab3d9af620ddacea78788cdb49d334dcb93e0efec7e5c7,05/07/1984,H,B,3228413382,1CFSL,S
10358166,741c6bc56ac4fe87278ceb8ac52e54e029a467280e2cdeb7ecd202c6be23eeb8,16/11/2000,M,M,3162075411,1CFMI,S
10303629,b1f1c12374cd0e2f6549f2e7791dc3631d3ff917927215eb1018024c5adae68f,25/12/1995,M,M,3162077600,2CFSS,S
10762368,6946904429632b20f47114885440ee398390817a9b64650d35c99bad900321b7,27/11/2006,H,M,3228413080,1CFSC,D
10418675,b8c3f0e7e2a357c30fc1bb7836831304cdc2adb1767d51bc9cbbaf6815f6a678,11/10/1993,H,M,3228413382,1CFSQ,D
10711977,86903f08bf76bb590b66d26ddfb39c6248cecb6564669e36ff54970147d1ca19,12/09/2005,H,M,3228413382,1CFSQ,D
10883770,a98dcaf797f0f18b491f65ce3db622ece1ff6261a9aec96038b20983debd7237,24/07/2007,H,B,3228379385,1CFMA,D
11044309,38a4190f6e594c8411253fd4419644b3ca0210b39d47f195802467965c3fe7e8,26/09/2008,M,M,3228379385,1CFMA,D
10999675,85d674969ab28ddcb8eb185da59c4a5ef820581d11101a73a6e0f725fad7098a,06/03/2008,M,B,3228381273,1CFMB,D
11003632,ba20dced3f30bdf22a958dc9f143020e020f0a25d1b907d59337ccba7a8e85f4,08/11/2008,M,M,3228381273,1CFMB,D
10912726,6d8fe044f9593a77e0385254bcba0657350075d9d97572f6c49d4f73a8172bd7,19/12/2007,H,M,3228381273,1CFMB,D
10725160,8342cba421992c25a39f2b488856dedbc04eff1bedd9862cd4fb9ab17e69205d,27/05/2004,H,B,3228406545,1CFSI,D
10882308,63a020f1de19dab53708430d32b9d0ed81dda05f9b3db4a0168c59106a728830,27/07/2004,H,B,3228406545,1CFSI,D
10742994,86b571d61a2051286f21e0be40a3c93be5f8e54650b5c47cc6ba6fbc1e4832e4,20/03/2005,M,M,3228406545,1CFSI,D
10677373,be23f3afbe8cd7bbdaee4a702f699e1d60d5c53a7ca25ee165f679340ba96454,03/06/2004,M,M,3228404816,1CFSA,D
10780784,543d36b0e800542f9ab66c132138356dd0e4f711817ed2dc27efe5aa078a8f9f,18/03/2006,H,M,3228404816,1CFSA,D
10679695,121924d813486917c574a9481b2bdfe4f44d2dc4fec948247b2c84e96386909c,16/03/2005,H,M,3228404816,1CFSA,D
10779826,7c1bdf404cce3deb3fbc15cf419e07698f931908eb93b7fe612b5efe096f8d85,19/02/2003,H,B,3162079790,2CFSA,D
10852355,6e0783f8e223f2e675dd377ec7cbb6504ea972ddada2c03d63ab735f788196fe,26/10/2002,M,M,3162079790,2CFSA,D
10846791,31da1fbd2976c42afea9eae7a05d5d3f5a634e4df7ed5d9e2c7a0e5982ea0580,31/03/2004,H,M,3162079860,1CESCIB,D
10676854,7c94c624ee57fae9da1ab88ddd5333c3e976a5e0c3f2d39d34768b92586a2290,23/04/2004,H,M,3162079874,1CESIAB,D
10279375,dc31303c2c91235a3195d5eecd87fc24b51df48fc4cc018013e4eb8248379778,29/09/2001,H,M,3162079957,2CFSH,D
10254986,8b6f018db1a6eeb0c688db96d879d39ce0c8c4a0ee00f3cd7707bc96baf9a391,06/05/1996,H,M,3162079957,2CFSH,D
10797573,e9c556aa94e16a87ec7176f9bd64b6b7d9eea5df59dee9cdded44c7d90f433fb,21/06/2003,M,M,3228406931,1CFSB,D
11251858,b9243a06abe514e939db831016268e175a95920f449a00cbbfc71d7bb67268bf,05/12/2000,M,M,3162078591,2CFSG,D
10709718,31fc71f408d138a9e097ea974e3cd4f512b926d855c77e663f243f0b482a3898,20/04/2004,M,M,3162078591,2CFSG,D
10707778,d8f2a94a7e9e9a95be72715c9e8006d76ad26690d58a364b662046938830f634,02/03/2003,H,M,3162080071,2CFSC,D
10832107,20b15128d8ac0bb7cdead804cb8e2178241b5dc6d4397923d76b2c926dadad9e,19/01/2004,H,M,3162080071,2CFSC,D
10597404,21e17f67c4dc7153c0b361590f95787626e0b1144ea31a02df6544d858c0cbed,21/08/1989,M,M,3162075418,2CFMF,D
10905442,4ba6aa6f933356e231153a0e3a4c7103ea6ade73ca73a3a4e0048c86a5d4e752,20/03/2007,H,M,3162075418,2CFMF,D
10707780,63f7cdacdcbea1a41aea056919d173448d4afef18acff1d2ef001e2330457da1,16/12/2003,M,M,3162075418,2CFMF,D
10698052,e45e9a10fabf908612f53d4a400ff7b6a3323eab1a33c2f2349e40d2cebe04a0,15/05/2004,H,M,3162075539,2CFSF,D
10792560,d9c940c81936a88ca16922405797dad2b8d9e7dd77ccf1ebb1a5b62438d7ba79,02/05/2003,M,M,3162075539,2CFSF,D
10392520,c9f46582291461df27f0ab8aff73fb4d126bdb1e59e439ef6fea51bcaba5dfa6,17/03/2000,M,M,3162075539,2CFSF,D
10851064,4a0714a42a654182f1163b73f0adc779e67ace2e1a44f631cd8a9f5d83466c78,20/02/2006,H,M,3162077488,2CFMB,D
10397145,53bf4d312b8479ade0ae36a9f7edff51b7d5fbe6e8b23d285480266fae31c34e,25/05/1990,M,M,3162077551,2CFSI,D
10707845,31620927e9996c64777dc17da6898c2ff3d6c5c0449f6a57b75761408ae76ed9,23/04/2004,M,M,3162077600,2CFSB,D
10707825,28bb1c390dd86ddfb62d49195d73ac3c7e882bf6fd1f76d9de55d71470e6bafc,15/12/2004,M,M,3162076098,2CFSD,D
10780758,28495c0d4a526bdee0c0b73b4da23713cc52f2e4b061a6ef1d7c572ad508ff6d,07/01/2006,M,B,3162076119,2CFSE,D
10897212,a6788dd977046c2e428228f3874b90327677a111820d19ea6a9d32c4a6b30f31,22/11/2007,H,M,3228390016,1CFMH,D
10766479,6866f5c0c3750f79c0e5d5e30f747b4be8a051569136c7952485417eb19dc109,11/10/2006,H,M,3228410748,1CFSR,D
10688361,7cad894d02ecac15195d146fdc2c51d5d1da236a23ca583c4a0c2620b5971847,05/03/2005,M,B,3228415772, ,D
10688361,7cad894d02ecac15195d146fdc2c51d5d1da236a23ca583c4a0c2620b5971847,05/03/2005,M,M,3228415772,1CFSS,D
10311923,d0cf4c44c47c042261571aee068bd1b4d5eacf7fd6afa3b10fb9f7fec788372b,19/10/1997,M,M,3228379385,1CFMG,S
11338343,68a6ec25c0d5d12ed53e1565ef2a056f586040a541dd472f303bda9d6a45b81d,14/01/1986,M,M,3228404816,1CFST,S
13060964,1669741613910d6017216f75f2878e723144ea3fbfff3f7d790a2ecc8a692faf,23/02/1989,M,M,3228404816,1CFST,S
13035179,ec910372ee068b458f78a533f1bd8d300f65d44f3ecf420a729868bf459d90d3,06/09/2005,M,M,3228404816,1CFST,S
10349643,535e4c500e070f72e0ea0e2f01a42bb36a601b194f352e4a13c583ef4f397bd6,02/04/2000,M,M,3162079790,2CFSP,S
13031141,60b0a4d572f1d572c998e10d94b2f10d4aca25b21826a1e59e5297b02ca8f212,14/07/1972,H,M,3162079936,2CFMI,S
10824614,5fd3ae1f8f5f9abdf7bc3c635454b57e8178c89304298d5a8634e63ab586959d,26/10/2005,M,M,3228406931,1CFSP,S
10304385,ab471e1954401b2a9c1d070abaabe4c255f2fbfdebc502e7af6ed2f2afbbeca5,13/02/2001,M,M,3228406931,1CFSP,S
11321787,7ba7bc0c515071455a976e952dc942c9d3c24d9db6df21891d99684854ec5337,08/12/1977,M,M,3162075411,1CFMI,S
10616148,d8bd1a846d5dda9a21b0b9fca4b327414141cb20bc77d7a9d612aab0ef6b169a,18/03/1991,M,M,3162075411,1CFMI,S
13035254,21dfe757cb1f1fb4ad6611c03bce5a9414095d6d1189e23b8d9187d5967c0fa8,28/09/1978,M,M,3162075411,1CFMI,S
10242636,b96d331ccccff56c1a5cccdae4b2a62af51c9702548b00ec958724ea85d13844,28/12/1995,M,B,3162077600, ,S
13460322,824e2f30c55c85a51e8667c3ff9620b27f9aad8e85a15e168590d20dc0f1fb41,26/09/1982,H,M,3162077600,2CFSS,S
10736212,c026de84181f948c78a0f74216774fd306772b00c0a9c362fb82b1aef2955d01,30/11/2005,M,M,3162077600,2CFSS,S
10296770,879b23f92cdde02b05f3cc9b3c672efdf3ca4d11a7865da082a159c2c6675be0,23/01/1996,M,M,3162077600,2CFSS,S
11594116,934958de4310d90b0b9367420991f37970a32d93bed3eb3d2b7dce1d2d13b84e,12/12/1973,M,M,3162079713,2CFMD,S
10431853,2fd39fa041dd8bc34a635b3a64df04df7a29496f884d9f1484a0b0d11af03ff3,07/09/1990,M,M,3162079713,2CFMD,S
11800476,b685c700aa999ccecb72cd89b1194585d222993c1928087c2ec4a2b28c9a9dfe,14/09/1978,M,M,3162079713,2CFMD,S
10022321,a3d1df0c21339fef112044c706fd6d8e6637285aac4b0a53c14bb6dc0f2c2aa6,01/12/2003,M,M,3228406931,1CFSP,S
10509826,56175f9469eda1db07e51ff1a4c02736dd92f9deb7a1ec37ea1c2a5bb24e4b40,09/03/2002,H,M,3162079790,2CFSA,D
11495623,bf8f65a36c412035361cd4dc01779c4f5198e7fcdff1205b53b1aeea6ff33901,03/06/1978,M,M,3162075418,2CFMK,D
10897205,357439e324b4f2204ebfce0e6d0608c828fd7d45f754573b3682827f3a57e0ab,26/05/2007,H,M,3162077488,2CFMB,D
10699672,a01974bb6d9394eea30e6c9d7e8aeeafa5fbdf05cc475619b7fe5767afa65710,13/05/2005,M,M,3162076098,2CFSD,D
13460547,3b89c7b9baea7a3a55e0ef75127ab9f16434d15347fbff9f89cd20f341a96047,04/10/1976,H,M,3228413382,1CFSL,S
10689201,4eac63773fb2c38f409a7e0dac0cac5e05e16530be31a151b18b7dbdd5db3ad8,07/10/2005,H,M,3228406545,1CFSI,D
10489583,2b4c383e1ae913752708a05ae192971886db7b855ff983154cf2d974dce3267c,09/08/2003,H,M,3162079957,2CFSH,D
11089472,508d1e8c81c6df6678799ddb4f6d6a035e105424c3fcad17da07b573b54b2487,03/07/2004,M,M,3228406931,1CFSB,D
13031606,cb5c2576f1302881c2a49e9203e326fdc0ec821e1e0d3b5936ce4167ffac2ec9,05/03/1981,H,M,3162079936,2CFMI,S
10822926,e110db0fb0ae10ee9bdee1612d32e173be1c6d1de01cde191dd58002c2201fdf,11/08/2006,M,B,3228406931,1CFSP,S
10488332,eb1833f00376b1b83fee0ac63ba895b603cc7d398d0950646400a6f031db93b0,16/02/2004,H,M,3228410748,1CFSN,S
10785321,0f4337c900282e69324f876a38aa26a6e686842778c2a44a62998bf47763ac5f,23/12/2003,H,B,3162079874,1CESIAB,D
11335638,f93a2e52129a0a4f21c4f21ed2b88310d044236e3a1dffa2edf933da8e7886ea,17/12/1987,M,M,3162079790,2CFSA,D
10826567,f3ccfc1665679b6f468f8f4f23bbfc040d8b05b621410a9a0936dd1759f9c7f2,28/09/2006,M,B,3228406931,1CFSB,D
10650730,051b8e2bcc5283b01b9ba87e20d5642db046ff19c21d32a44c9d91519827a3e7,28/08/1991,M,M,3228379385,1CFMG,S
10885724,16026216c26305ff8fccf054156eaee2efdfb14ea91eeac0e12675d83dce200b,06/04/2007,H,B,3162079936, ,D
10885724,16026216c26305ff8fccf054156eaee2efdfb14ea91eeac0e12675d83dce200b,06/04/2007,H,M,3162079936,2CFMC,D
10945672,e38b5c827519a03cfcb3ca11bb6b232593045d1334ffaed3c3c16d38829c3efb,07/12/1987,M,M,3162079957,2CFSH,D
10699044,839858b096ee21f604b7d5e4cfd733b459c00128a221dae897d8141bfc11b5c6,17/01/2004,M,B,3162076119, ,D
10643328,da1e2692ba9e6a594b38478fb8e50abbc0e06c4b653152db2d8cee9f1c778e6b,10/08/2002,H,M,3228413382,1CFSQ,D
10906957,02aec79ca8cb4e061e908c316154312626c2d5963148b3f9dc91eabd8e59fcfd,13/07/2006,M,M,3228404816,1CFSA,D
10687382,b90554eb57d9b757f50a38e76108bacfa9f78f57e42a85b5af00c037f12f8ddb,30/06/2003,H,M,3162080071,2CFSC,D
13288446,369722c444e817a2e3d20ba6d17a248337ee7f82a48a2e890d6a80941bdfb408,28/06/1997,H,M,3162077551,2CFSI,D
12424432,4b749ab09a370e0cbc3e588b56624877c9bafe6d250491f821e094511a54a258,10/11/1989,H,M,3162077600,2CFSS,S
10826701,f793404d7f92bc6f20196bfffe3497909b105775c894bf8ff3d359477355ede5,18/11/2005,M,B,3228415772,1CFSS,D
13038149,37ff7e86f63b6558aa022068d4a2c3cee5e4b77b9e5d890d82aca842fe000fef,03/08/1995,H,M,3162079993,2CFSR,S
13249466,20b1d2006d16ca21157d4a5d15ad95c35153410496e79bdbb0fc22de010fbffd,26/10/1976,M,M,3162077600,2CFSS,S
10967233,3a8e5b657a91109537c2e3bfa10693b9af29cb5eaa395c80acfd1d62de95bd85,13/10/1995,M,M,3162079790,2CFSP,S
13287506,52697b915dd846ce0462e1b5582a329089a8f2d8b92a0ae3f18bfa73504813b3,28/04/1978,M,M,3162075411,1CFME,D
10279159,2e3bd4de0336ce6adbda99b73a85263ab1c5bbe61a7c02917790533f2245ef4f,31/05/2001,H,M,3162079790,2CFSP,S
11263266,ec08f455abba6df87fd1babc5d7bdd6c169045b2f9509854e67f6e4d41ca7167,26/12/1998,H,M,3162079860,1CESCIB,D
13240658,d9102165c86be4f033b648443dc4b65131cb3b3dfb38f44dc8fa0b6d14a3de17,22/11/1977,M,M,3162075418,2CFMK,D
11667242,25e6c96bfdd07f78677612d6bedef1873754adee8c3a6652f53502cbadc2f1ac,16/08/2006,M,M,3162077488,2CFMB,D
10678320,9ca8213888001a40cda2456816d0031ac01e255d4c6a70c62d5141d7850b22da,22/05/2003,M,M,3228415772,1CFSO,D
11664133,6c630705d5fe3041abfa37bd3b48f43d38f174f7920189df5782924b0c0e027d,12/07/2007,M,M,3162075411,1CFME,D
13255314,203710bd7b22342621fe87cc408c8ad15d546b2c62fe13635dd4e2e837de839c,14/11/1991,M,M,3162075418,2CFMF,D
12938752,eefdf9e4e9db74882f6bb2a12371a57780a71998df64b8e6c2fb37817591dfa8,02/05/1966,M,M,3162075418,2CFMF,D
12719809,7194121950d78aabe4b2f5de8646eccefcbe33437201d97fe329543b6ce56740,30/01/2005,M,M,3162077600,2CFSB,D
13459090,f8d90cac74c75489c28c226a24808ada47ce8b74b654550e097360c69cc348f0,20/05/1977,M,M,3162075411,1CFMI,S
10661639,71abfd0d9487da8e63f61309ae9a5970775b842da93f9f731c3ade25e0838bcb,11/10/1991,M,M,3228404816,1CFST,S
11349452,a8d63a794c6b08a797fea16c70168b8f31d0e8ee856b27bd4a12dda48aef6fff,10/10/1979,H,M,3162079713,2CFMD,S
13461591,d1dd25cf7d35ed254dc70084af9046722e253b316371c0636e4639d6a18a65d2,01/07/2004,M,M,3228406931,1CFSB,D
10411178,a4b5c188bf8acad9bd6c9985086986e844e650a228653771275513e63218e9b3,15/08/2001,M,M,3162076098,2CFSD,D
10435060,435b67e55bad428e0d07595a5b17f50c2d6d8ab2bbe433c15bf4ca0aaa3e5849,16/03/1992,H,M,3228379385,1CFMG,S
10978459,8178617ac64677f1b8cfa9ece79e572bfeb5ee2ab04dc79cbc13ec0705d4ff74,23/02/1980,M,M,3162079936,2CFMI,S
13461512,64b43c65e398c00f41be84c6679fcb53fb88b6a693fc4d790af599eff160ccae,05/01/1987,M,M,3162075411,1CFMI,S
10431067,0b0740f89786da89b7bb3782c8a15cf3513e9dea7cc3c5bc8c26f5dcd0dd9f84,23/04/1998,M,M,3162077600,2CFSS,S
13040510,10a3a3188134f58eabe91dd2167f99a4a805f844f1a2553fc0ed262324831aac,16/10/1979,M,M,3162077600,2CFSS,S
11524102,298da1bba5c605acdac5eda7840fbee770bc44604e196a3999cea617214e0ee1,29/07/2002,H,B,3162079790, ,D
11524102,298da1bba5c605acdac5eda7840fbee770bc44604e196a3999cea617214e0ee1,29/07/2002,H,M,3162079790,2CFSA,D
10390554,5f94690141da789ba484a018ad21eddff9dbb5e1c30e264d44647bf9f197dc4e,03/08/2000,H,M,3162079936,2CFMC,D
11066151,99abdd3e95fb6e2c49fdcf1687f8ab811d2613cb043cf20b79713c0e0aaba139,29/10/1987,M,M,3162078584,1CFSG,D
10287348,08776ddab1ccca79382eb80d073118c55c9927929110364267b3214deb35d61d,11/09/2000,M,M,3162078584,1CFSG,D
10420607,8e8fb6f404770d722fabcd0becf34072c79d4a0228f3f136aed54e12e6243049,11/06/1996,M,M,3162075418,2CFME,D
11831183,271b860cf61abf276d9e3679e9084a33deab63299a5842a74cc695b33e99a17a,16/06/2005,H,M,3162075539,2CFSK,D
12558926,205352a5c10738aa819e052f7416bce9d9c684f20c213d04b2106e05e62cc0f4,29/05/2001,M,M,3228415772,1CFSO,D
10468121,d5a069a24f39eea8f0a52dff2dc69209aede23266c77c1b1c438034ddea9c14a,02/08/2001,H,M,3228379385,1CFMG,S
13038756,f678a355e7b3c508355ce8dca3598ff543a0ad8688fc8b3f1eddc785ddaa340c,03/04/1975,M,M,3162079790,2CFSP,S
10360184,146e71db2ff3c979aca639af0178e742744503ac7bea2afad886f36d0ac22fe7,01/09/1991,H,B,3162079993,2CFSR,S
10952090,eb1ce7b655a756c6c01994889357aa575a7e033f7ea87fa49948779d23c12df0,03/11/1972,M,M,3162075411,1CFMI,S
10410324,eb338b4bb05f8a8ad696c16212b22e909e130ae70b4ffb19c4c876cbf4469b71,19/03/1998,M,M,3162079713,2CFMD,S
13455101,797dc551c92123c557629dac7f2627a90c3cf0677cae46ffb62747acc09a6ec4,11/05/2003,H,B,3228390016,1CFMH,D
11619741,51861b1e90612ba5a62e99ed554fce5d3eedbf4e7342ab4b7b80a015924df7d7,24/12/1988,M,M,3162075418,2CFMK,D
11572769,57af4f8dfc6a73c12dd20ad581d192d2b34a567e18b1d859d0f7831c3ec89e71,20/12/1984,H,M,3162075411,1CFMI,S
10442321,60d2cdb572427c92b35afa2993e464124175a3e71bc2d660ebf5a939bca49e96,20/07/1992,M,M,3162079713,2CFMD,S
11148339,eb494c2bd3b35ea0fce569a409d7596d043dd63ac9b32c44a89f9ce4095545ff,17/04/1981,M,M,3162079936,2CFMI,S
10940616,476bd28387530bfcdaf84763a52141ccd4221c6c51df56745ff30fc287f852b0,25/02/1989,M,M,3228406931,1CFSP,S
12878698,c2a40a0ba2bd6ef5daea7c5324c142d0e18d9c4e6eeb2f93c777f081b3bdee58,24/10/1989,M,M,3162075411,1CFMI,S
13095056,280b16f193c99d9271a1ff878f59458b0fd96a020d773e8f3e958bd49697f198,25/04/1983,M,B,3162075411,1CFMF,D
12739113,8447693be37a526bcf7400172b829c4f40aeec0de38916aa73b78d3d8534ee60,14/10/1991,M,M,3162075418,2CFMF,D
10652405,9d605434a367166666f13801402fd5a1b5ffdfdf1944965e261c7bc3ade8b73d,17/02/2005,H,M,3162075539,2CFSK,D
11230530,3ebd0190b893a3666c9ed82a9e52b88c0632b5eae84a12ad07c271fce25ebe38,09/07/1996,M,M,3162079790,2CFSP,S
11170823,01459e0eb13ad499ef963a1e021be5d940b029c360e1884ff9186adc51433f68,26/09/1988,M,M,3162079790,2CFSP,S
13248215,74bad58d61842f88bdcf94e2b16274d5945d6ebc0f904622e5703f177fdf066b,05/05/1979,M,M,3162079790,2CFSP,S
10347923,0039b826d2f9f7f28e677db471d8ea0ca092b6bfd2b1de1324636fd421bc9f42,29/10/2000,M,M,3162078584,1CFSG,D
10991112,82ec0e4362f0175b615aa6897197333ce8e923def03f740c7c0a8373aca79c74,30/09/1998,M,M,3228404816,1CFSA,D
13075443,34a2b671cdce052fef442e2ba3f4391fc6afa088c583f641c39592701b8b2c73,29/12/1994,M,M,3228404816,1CFST,S
10279575,579e0d220c325323403af6f4f8e4776885cf90ddbee60ada0e74cf647d62d57e,25/08/2000,M,B,3228410892,1CFSE,D
10436905,1ac2a784c0db3882ebecfa191dc0eb980896b9b2c66d6ed1feaaa1f8fd2b9ef7,13/10/1998,M,M,3162075418,2CFMF,D
13455833,62931df0132a33633bc1cdb0cff815ef920ed95f5e6981bbad1b9744f1fec586,19/11/1977,M,B,3228410748,1CFSN,S
10678827,4ec5c02ca9831ea38dd0f74dd2775546439799db632e5fe54f7aca28fd9899ad,28/05/1998,H,M,3162075539,2CFSF,D
10269408,ec73d00fffa1cc0edd69f31b34b1f61f7e6015b0352b96ee8867d70d12b53114,26/04/1993,H,M,3228413382,1CFSQ,D
13470345,7f42b667a462360587c860000fe056801b7fdc8024d9e5090c63f28032f880e6,27/09/2001,H,M,3228406545,1CFSI,D
10380889,3e173125b14487ad0ecd341145a5164877359f0218847301be2bbde5d92c465d,20/03/1996,H,M,3162079860,1CESCIB,D
12879841,ce6931a1b0efc2d56c28dc0e317a3ed1789ad1d04fec1da2c3c5773ac549e619,27/10/1969,M,M,3162075411,1CFMF,D
10388125,564f5c62249d4c244070dbfbd74f247cd11a323fdef9fb4c9eace68dcffc966d,11/10/2000,M,M,3162075411,1CFMF,D
10323951,4dd6765cbe12c7a541fc805272e1d535ea42c3025d357cd649ca5ddf4b192c70,19/08/1991,M,M,3162077551,2CFSI,D
10471125,f2a907454e78d7c9ccb3b18f30dbde28936dd1f878927ed5f18402e56a43af36,09/12/1994,H,M,3228413382,1CFSL,S
13458066,0dc78aa1cca0e87eec60cd3d871b547d0e15f9feeab0b7da826399e471bf665b,14/11/1983,M,M,3228379385,1CFMG,S
13459588,59ebbd466a14b81ac7ef7463af5c9dfd9870c04ac9e1f8a91cb955bc84d53f85,26/10/1989,M,M,3228379385,1CFMG,S
10377895,859e03d2e452a7ae54035e0c664f621cb3508990f2ecd8a141eec1c7a4f3432c,24/06/2000,M,M,3228404816,1CFST,S
13242362,b3d7eec7c4619a5a07e7828f921620d25d68f103bc497c276ef751ed014c8d4c,17/09/1975,M,M,3162079790,2CFSP,S
11146316,05a7527c983b568ce72e06a44f16b10696d2f03ccccdb3200a3e21123d319b63,05/05/1994,M,B,3228390016,1CFMD,S
13459444,455dd0ee0806f206ad6b1f3ba51066eaaec59b68b8110f2ab28a70125009e0c6,06/12/1986,M,M,3162079713,2CFMD,S
12736641,a2f5246ec78a5e23c5d01e399ff21ee8d7a84ba29fcb5cd2c9e8c73d06e66477,22/01/1989,H,M,3228390016,1CFMD,S
11487403,9f1ffc839ede33da7013373f361d7caa629799a579dd88be3745bf25f7cdee4f,04/06/1968,M,M,3162075418,2CFMF,D
10283255,32c8263741581a30097c6461e19195fbe8ca76850b410482ecd5cedd11199a4c,28/07/1999,H,M,3162079936,2CFMI,S
11264068,515c7f419bec3724cc87b0e5aa8eb1bfd1cdb1312fb0dbb79a5c153439fd5c7b,30/09/2003,M,M,3162076035,2CFSQ,S
13006039,03afaf7c45eb66a378969dd5d249f1b889af44aff68bf7b1aac0cdce43d203a4,14/09/1985,H,B,3162075411,1CFMI,S
12647763,c133276a2101c357bfe7963d71b60aaf530800f69ba4203af260db431b796125,01/12/1978,M,M,3228390016,1CFMD,S
11790917,4d6bc9b64391572129873fc03dcd33f58e55d55d26b8d07f8e0e429a66aef873,06/05/2006,M,M,3228406545,1CFSI,D
10027669,bb879c513928b3d89a0cf34e406ec5fb8d969396bc7e6e197aa3dc3d10a6cb15,20/03/2002,H,M,3162079936,2CFMC,D
11261849,7165b93a1417058cc4eac74fba714370aeb2f71ebb28a9ba4d0bec2f72c16f04,11/09/2003,M,M,3162075418,2CFME,D
10812899,650cc8a39943e38c06b2ac7547497941cb9ebca0128f1eac6d8368788b83b1e8,27/04/2006,H,M,3228390016,1CFMH,D
12832437,5ae7a67322dffab325ec62f58abd61d8721d4509f697125f86f02b259af0a085,10/07/1985,M,M,3162079713,2CFMD,S
11705090,64a0a549ebb0bd0ce33bccffe8e0bc8ebe2a730bc39580717f7cef686b0c72ea,31/07/1977,M,B,3228410748,1CFSN,S
10509253,dc948763c282e17ecf914dcc816bf9566405df2a8b31cc08a8fcb5c99416a5ac,10/03/2002,M,M,3228410748,1CFSN,S
10726154,1c748bdebdc8beb22cb25f707073b4277dce3811ee39fcf85e4509aa9dc4a238,14/05/2004,H,M,3162079874,1CESIAB,D
11324910,c0dcc5ff6e9995b490980f67a0abaf3c4277cc4f9f4cfd13a4b7ff1ad036e568,26/07/1989,H,M,3162078591,2CFSG,D
13281830,baa47724ac81637805c3f4527e9475301b48ad539e8e98c9e0a08e2112a7b82d,24/05/2004,M,M,3162075539,2CFSK,D
12837351,a629d2030385db5248757af79e6bff46731884ae63a79cc8cbafda9d950afb5c,28/05/1978,M,M,3162075418,2CFME,D
11262097,754cad083ca85ab372b851384dd990d5674c95fd976547873485f51ce994fd79,22/09/2003,M,M,3162079790,2CFSA,D
13451031,f8eeae58de76fe6fae909a9c229c0e7d90fac926010887e8b8133382a9432aa8,21/06/1986,M,M,3162075411,1CFMI,S
13245317,d023f424c653d70df3121bb2dac3b7bf2f7a5bc8b4391ad2432deef3ed356ecd,07/02/1987,M,M,3162075418,2CFME,D
13456219,3d798ddde04c9cf1ff53d8083d33e6c75c6aa7d9f7923fd5803bcd92e1f813b1,21/05/1990,M,M,3162075411,1CFMI,S
10965828,217d1872dd21176669d5158763211719fc4076b645af1b9f50f351c52edf30b1,06/03/1993,H,M,3162079993,2CFSR,S
11549816,4e0f34c1e071669007a869532fb691e8eb54dee3ec43238d05aff8f543bbc11e,17/12/1980,M,M,3162075418,2CFMK,D
10664778,b1908b08e0f5dc19d9f417b59a8edcdb203c27490132e9e6ce9330c9b7e781f1,17/12/2003,M,M,3162077600,2CFSB,D
11805803,601b08c4ca08656ea439f2dddca8ad6c497df05038d63e3fde4890f46cb8411d,12/06/2007,H,M,3228379385,1CFMA,D
11433224,73a4b0abf1c834d67adb7759fb9c3903e877d3d6204761780cb3f6e3cc9dfcb9,03/05/2003,H,M,3228406545,1CFSI,D
13473425,839fd066d7a3e89cc43e03b7941752e822838f0b013ba3b9db7c8adcd35a0866,01/07/1997,H,M,3228406545,1CFSI,D
11825237,50229af4e03564bb3aa4a01d5b1eb091601d762d6a424d51e655599d6c768528,19/07/2004,H,M,3162079790,2CFSA,D
11074029,16760f572e5e4c1ea4b0a392ed0c51fa6004035f3b227f692929faf1e65082da,23/08/2004,H,M,3162077551,2CFSI,D
10123639,2c21f763ad87c86f834dfe0bcbcffefd0a360dc08a850d7539198a926edcf624,24/10/1994,M,M,3162077600,2CFSB,D
12941115,b9419c4971191cd776592387b451b329484703cf161d02e51b47de8ba0843e4c,13/08/2006,M,M,3162075411,1CFME,D
11782717,d196d563f765fea44a77d77764bd0107b513c8d15d95aabd28925ebfb25602ff,11/02/2006,M,M,3228410748,1CFSR,D
13318817,7d9e03d389e7f520fe1621ab16d734ee7c7dde055a830308c78eb4f3b9670ba7,02/05/1979,M,B,3228404816,1CFST,S
11798264,506c49744a3967106f12f9fc575f3ddea67e495e61d9979c51d0cdc578e9ced6,22/12/2007,H,M,3228381273,1CFMB,D
12636671,6bb65497bbebbc55a5737d814ecc2dfaab1f8280e27918dc74af6e33c88c461f,10/08/1999,H,M,3162077600,2CFSS,S
13471337,7970413cb3409b30280d0d19c7f5737981af7c0ad529a58a8269349c0ed77737,26/04/2006,M,B,3228410892,1CFSE,D
13099124,3e2d2ed3f1bf5ee83bfb3f07bffba9a8926c5cd3f231fae7a844d1d2dc2dd03e,11/07/2006,M,M,3228381273,1CFMB,D
13282224,2cc9e8b78108d62d6031f0d0ad97cba339e8f2392dde70e8e5c1491bd74b781c,31/12/2003,H,M,3162079790,2CFSA,D
11632133,ffd10a999e9a8adb2cbf7984c8472e9ea3642c610281d14195d76ff030e3c264,06/04/2005,M,M,3162076119,2CFSE,D
12852892,84d32f50f0d416b7a0202b7ae8c3915ac4876f236c25e35831e2b86e90193f84,16/02/2004,M,M,3162076119,2CFSE,D
13453640,9708cf2a5a6f1e6233cc5e35d025a4602e68872045e1cb58b0368a2f6ac6b083,04/02/1996,M,M,3228410748,1CFSR,D
11649640,1b4a360bddd8799d8f70738b64320c09736e4c039796aae5b21e6b049904f963,02/09/2006,M,M,3228415772,1CFSO,D
11649375,fa0971fc89e52a4131d8f3584e952d7cf277820e3a0db0c178fdd61e19d843de,06/01/2005,M,M,3228415772,1CFSO,D
11802825,f1349faaa975056cbc99ddeceab92a5540588743a3aad5600fdd9eb04c804789,17/08/2006,M,M,3162079713,2CFMA,D
11569845,ee159e93597d50ce66d5d7607853b89544b9ec95606c6f00e45b79a52404d88e,15/04/1997,M,M,3228413382,1CFSL,S
13455127,9d3bd40e6ff34ead8f6ae35b3b72396219587151ef3f5a42005b17ebfb6d7cf3,25/03/1997,M,M,3228404816,1CFST,S
13458419,8411d150543983faac6b23cf163cd5f8b4152b39f4272618b58e628d9d93174c,29/07/1984,M,M,3162075411,1CFMI,S
12270997,5aa4b29ab6afa0a7c59a71a3ec5f65a92528eb8d32cbc7e29ba325dc8f9542eb,11/12/2003,H,M,3228390016,1CFMD,S
12875318,ffb0ccb6c6de09cc63dd7a2def06936339da5fb11dcb7fde85a14c0d459ea14e,06/12/2006,H,M,3228390016,1CFMD,S
10995299,57dfe691b68098923e5bde9bc5fbc5bdd697091dfddd99220e6cdbbb813b4fce,20/08/2008,M,M,3228379385,1CFMA,D
13487222,d4b8b7764157e589a42fb28ee594546d6a0bfa9c76581abd86f5d96a54fb00c1,12/07/2000,M,M,3228410357,1CFSD,D
13475599,f30c7d9ad43424f0d00a96179f56e5b866763091b509d48f28aa17dfa35a3d05,11/06/1999,M,M,3228410892,1CFSE,D
13475662,4f7df508b954b7add650c76de3222b6940465164b744ced303c14a3121996fa1,01/09/1999,H,M,3228410892,1CFSE,D
13455702,5908c272ceaf7513459f1aa020f99c3c36235c37acd6f5d841bf1ef492849b60,17/08/2004,M,M,3228410357,1CFSD,D
11629523,fa3859850fe4945733924a278bdbb8699b941b373c5f1f1bfd65f9357fe6c187,06/08/2003,M,M,3228406931,1CFSP,S
11744036,84b12c361730dd5f2c3f3c898c68e1d03cb2abe9e8843d6e9c41ed4941d60baa,12/10/2005,M,M,3162077488,2CFMB,D
12561996,eb9730bb0276b3bbf1b33a2545a59892608fd896633fedc8e8e3adb40bbe5b9f,29/03/1999,M,M,3162076119,2CFSE,D
13133521,4174de711b313d2f3cbb663c4890d0d66e2a60aa33f6d88ed1797705612cabbc,17/07/1965,M,M,3228379385,1CFMG,S
13011023,3c6c335b308cf360260e48cc2be8447a4715ad6d7ec613882a4730c3bca4bd6d,13/10/2001,M,M,3162075539,2CFSK,D
10929469,7b34b4384a3edbdd14d76b63efcbeb4cd559068968b99acb6582ffe286b9310b,25/10/2007,H,M,3228390016,1CFMH,D
11088604,260627a923e11f16d168d69837e8417c54a6007b28716e751b6170a2d7184aca,24/03/2007,H,M,3162079936,2CFMC,D
13448029,1078ae4c02b3a095d870d1a0388a067a5d0dfb9b77662c3340a6d755f6311d38,30/12/1969,M,M,3162078584,1CFSG,D
11104411,ff70b4eb3ef528baf5e2708ffa23ef8b27b794f64c50ca9d365d57c96aa2c9cf,19/10/2006,M,M,3228415772,1CFSS,D
10817332,d8ca6d209eb223dcc1b0ca5d6066416ca06cb80445c81b9d1901bd37fc419c6b,25/02/2004,H,M,3162079957,2CFSH,D
10991644,465a451452041e63b17841ee24bcaa7f7b6230973d69ddefcec460c85774384d,27/03/1995,M,M,3162079713,2CFMD,S
12907793,a4a911da08a8f17784c476c9933490316c2ba6c75b002d0d7a46ebbde8bc59b8,18/04/2005,M,M,3162077488,2CFMB,D
12320496,4f6502a5ad2dbac4237a40c57a908ebad039aaaf5bd9069670daf1f9a9432985,26/05/2004,H,M,3162079713,2CFMD,S
12912453,e9fac4bb8c3a443ffd81ad2803341f29e29b8a85cd150f458f16da093627cb0b,26/01/2004,M,M,3228410892,1CFSE,D
13447274,2159074874df30088a6b07797f40a53589a0b393c5a79ad3d6bce78a33c3d177,30/03/1982,H,M,3162078584,1CFSG,D
13447284,90ef740f47756fe72c9c455ff37f2acf431949eca826c66576297e9a86221985,01/06/2007,M,M,3162078584,1CFSG,D
13467527,d00cfdab34d1b2448f9cee7dd2cd9b25212afc98c9fcc40b9c63c6c2b6107a7c,03/08/2002,M,M,3162078584,1CFSG,D
12921679,05a2cb94976fbf75caf7ff6f8389360e0e7dd9c13fc284d187773351e08f9cb9,20/09/2007,M,M,3162075411,1CFMF,D
13001804,5550c93070b6b03efedbdd45817602452c9c21b86a60ec4bb5f6568fce4da2a3,08/05/1981,M,M,3162075418,2CFME,D
10831149,274cfbf5c8f9bac7ca38e74fe7f9068342ccda071b2c13638e8d52a47f96e64f,22/03/2005,H,M,3162075539,2CFSK,D
12478386,af5565e5e6d0a0b56db38fa39e428445ec8c6c90262e709c9a0df24eac57ad40,05/03/2004,M,B,3228415772,1CFSS,D
11514753,e601902a5213d6f898d03b58c5d289b3e349f86ad16e6f7c037738fc846c6bce,10/07/2003,M,M,3228415772,1CFSS,D
12890835,4215b129349997f8d052d69149da14cb7a7dfd350c1273edfbbd991502cf801f,09/01/2006,M,M,3162079713,2CFMA,D
13078687,2f256329fda46ab8b21e7455e790913cbe50364e4cc53340f2bc7af4c7482409,04/08/1994,M,M,3228404816,1CFST,S
12685301,a321c2bbbf5bb3ce208683b1b5326d01792fbe0f524fc4945ca8ecc499194297,23/07/2003,M,M,3162079790,2CFSP,S
13472424,0e66924320492ef4f685ac2aa8934e339f6ee3169723cbb5d7458fea9cc16bbd,06/12/2006,M,M,3228410892,1CFSE,D
11898422,6975a75b152642a12c344eb8935fc0e93d8d48d39d9697b61cfb43c6befccb75,17/03/2001,H,M,3228413382,1CFSQ,D
13459168,874232571f8e97545df90308ca705742bb91f199b8e5ac0c4998b90728dae10f,01/05/1987,H,M,3228413382,1CFSL,S
10405270,2eefdfab44f25883ceb4b68e1d4aafc6978ddac0a0961614462c880a0cc3e782,24/12/1999,H,M,3162079874,1CESIAB,D
13281768,12d6bee55dec353c2569aac99baceeb7ffc3c84febc1bdb550a0af26b4d7995c,12/08/2002,M,M,3228415772,1CFSS,D
12651696,6fba9a59b7b2aca76730c37fb7d6c5d45f367030b6a5d8b31972346ef708237b,21/09/1995,H,M,3228390016,1CFMD,S
11176344,5e7ce778302ba4c5403696923351cd1f48a244402a2a41c7fe007794b1d684aa,11/05/2007,H,M,3162075411,1CFME,D
10729579,2b11dadc225699091d0bf8a9b9759b3d7b3b8a08f665698dd8e346128d497dcd,15/04/2005,M,M,3162077551,2CFSI,D
10083896,72d93c8867102a69435573011cf6a4b03cfeae9ccb4a3cedc12f04ca28a91e3c,23/05/2001,M,M,3162079790,2CFSP,S
13350879,7cfcb5591b267983b3876131625a3c95c2b40cb63b37fc0a3e594cb4ca309cac,21/04/1980,H,B,3228410748,1CFSR,D
12737929,13e7ca56741c3ca50cd9b884c34739e4ed4895bdaa70a1f49a33caa03d92c6da,27/07/1989,M,M,3162079993,2CFSR,S
11800453,888fd1a566f5db921a90a4cdefe95873a0ede085e1dddf89b39040501a592e54,02/10/2004,M,M,3228406931,1CFSP,S
11186762,0b5957bbe80d098ab7f0d055e1b05b023385006ccf10bed5dabe59803173523e,11/12/2001,H,M,3162076035,2CFSJ,D
10677163,ad0d0e26c175cf7aa07f290b180ae9ce99593c40347fa38525fdc12cef26dae3,22/07/2005,M,M,3162076098,2CFSD,D
12398431,99811b3e9ad9f25b214dea70999cd097dee5b8446149c571b86c84a5f3b4cd1f,02/01/2001,M,M,3162076098,2CFSD,D
11341745,f9c3fa8ca8bc23f773218333e9c76d8b0f4718ea6f5f9c5b93de496a016c6c39,21/07/2004,M,M,3228415772,1CFSO,D
12618601,b1579eff45c9bcea02cda91cafab775fbcaa12cd32019f02011027428e24764b,11/10/2001,H,M,3162075411,1CFMI,S
13242369,f83cbbafd8c5c546660d968b5cfdb59d30def0fe3306b628abd9125d378a0e9e,26/06/1989,M,M,3162077600,2CFSS,S
13035877,97e95aa0aac00f8fc309d88e99195ef17348d83ab76ebc9dc892bd9c58fcd4f2,16/03/1996,M,M,3162078584,1CFSG,D
13475004,4d654cada9353fda45d749fc3ad97b20fef4c8f4a72790e05f40b9af25e2bea0,11/01/2006,M,M,3162078584,1CFSG,D
12869703,49758907b3f470295bbdc8f030749915807bc59d5459fc1455c75762299a636b,28/11/2006,M,M,3162075411,1CFME,D
11671982,d35670bb385301bfab7c0b429b08aafb8f58f6f5e0083a1b98dc89a3d3a106f4,31/03/2008,M,M,3228379385,1CFMA,D
10737949,7ed9f7067ee1db8e9609caac9d1ec2bb2537bec499a3223ff62ec099b2c4dd9a,28/03/2005,H,M,3228413080,1CFSC,D
12854002,cb366a9399fee7bdb372e76bf0d7b28951bc5b55c3b7796c8ade1e530b7fb89d,31/03/2006,H,M,3228413080,1CFSC,D
12744964,5bb83c2c3c4e3b7ebb1e77a011149b6173af82ee2046097bddd0197bc3dfe2da,04/05/2007,H,M,3228381273,1CFMB,D
12722174,2ed3f6755e81b8d725a57f64c1969033a449eb5e4ee191c1deda7e05a7347f0b,08/02/2005,M,M,3162080071,2CFSC,D
13038797,8f99c5ed0d66f61ec8af673744eb3c44341fa08affb7c862eaa4eba0a2022988,23/11/1992,M,M,3162079790,2CFSP,S
12743886,fc4dd0df3ebb7387bc2e5ab5c3f9d49802d92c0df9486585fe26ae79017e73a3,19/12/2003,M,M,3162077600,2CFSS,S
10978127,08b643927178103aeb9c17ff27fcb45e4f0c8308d93ccea1ce3902d1bafcbae5,07/07/2001,M,B,3228415772,1CFSO,D
11635385,4561e184204683cfd5e451a4966b916d34e80ef4fe079619dfd6f1746dc8ceb8,13/07/2004,H,M,3162080071,2CFSC,D
13476760,1d8fcf3d4e760fc80d16c75ae379d77bc58cbfd88bef0f74545f23730144a760,09/03/2004,H,M,3228404816,1CFSA,D
13264942,e1b7c6aeb40edf50abe6b07e2dab69d91d46f397eb9cd74daee0effd2c1e91d6,02/01/2002,H,M,3228404816,1CFSA,D
13468753,140b5a4cc785f227a42caa1344c769e8f2c64303dedf388e4ba645a990f07b37,25/10/1996,M,B,3228410357,1CFSD,D
13245158,5315f34a7308e12908fe3f2b19f4ed0e7e2ef2ad2d05a45880750a1b2d9f9d42,22/04/2003,M,M,3162076035,2CFSJ,D
12942888,64d084162b033b543df57efe4d1c0eddfafd6355ccb11b4f779fbffc313b8ddc,30/07/2006,M,B,3228381273,1CFMB,D
13170004,7ace3c4f6e758843c1d60da4e9caa440f751316c2de0457b3cff2c6adc0f4892,15/02/2002,H,B,3228406545,1CFSI,D
13170472,323d277e03760fac72ede2e03d20865b43e801025b2dce6b9a04f8a4305e2927,08/05/2003,H,M,3228406545,1CFSI,D
13250043,492f07b4de4eeb3b241920e9f20a4c0b776c7d247d5713310dc3c3d1ebe6aa48,15/08/2003,M,M,3162078584,1CFSG,D
13095162,3271ad0519e4c1b66b06162ea83b1285231b41a1c4ce8c3711e69d8cb1fb4066,30/08/1977,M,M,3162075418,2CFMK,D
13450902,2c9d0798feb2b863811c48c85b99d62429fb0df27f391930aaf551eade7c5498,03/06/1997,M,B,3228410748,1CFSR,D
13487267,bf903a2d6cc7475d96fb84b4eb10d48d5bbb49aceecab143c095a13250c5f8eb,21/11/2003,M,B,3228410748,1CFSR,D
13455184,8af248c993f97a4b7e948eccbae694e8a24f08bbbda22b2d4e6fafe9cce60657,07/07/1992,M,B,3228410748,1CFSR,D
13456058,0ddb894873ea9751b58f0bf670630896826c7da9c1ac972ca80494c8f35662b0,31/03/1997,H,M,3228410748,1CFSR,D
13052104,7abf9a2c8200973c822e12358284b434a0b560910e85773de72afe21e2221c9d,02/12/2001,M,B,3228415772,1CFSO,D
13273466,8b2483d71103c53ac93f209e0bd7e5b66072d59d23c0399cbd9349f6eb490a53,07/06/2003,M,M,3228415772,1CFSS,D
11254695,2e2bbad283d70f7cb262e22f9eb4c6d8eed708e381ec08d6c9bce7a5005c74b4,28/03/1992,M,M,3228404816,1CFST,S
13038791,6190ae106abd7c81ee4160af0a812a9a8ebceeaf68548e775e8b8840ca722dfa,16/08/1990,M,M,3162079790,2CFSP,S
10985551,3414f410ede258b88799788c9550b11a9df789d711516a2158a24a3d952b0404,22/11/2006,M,M,3228415772,1CFSS,D
11082671,6de5527ec1b445e79d96120c652eda96ad65b502d30503bc036bcb515dbe5bd9,11/09/2006,H,M,3228413080,1CFSC,D
11316049,2f1489eedcb355705917ed837dc80261cdde8da97773f0e7739eedb660ec3190,27/04/2002,M,M,3162078584,1CFSG,D
11316053,2a62aa8a44fabd2d359b23fab5bc65837187fc69846af41d8e81441ea28161df,29/03/2005,M,M,3162078584,1CFSG,D
11837806,2af3ccf5426b8cf43e8532e8db18c13d18394fb8af79b2d99dd624758a0bf602,29/08/2004,M,M,3162079790,2CFSA,D
13450442,5f5ab9a359d8f211ff039cab57dae8aabced0894a333ec751fc554711313e9a3,20/07/1993,M,M,3228404816,1CFST,S
11251993,80e06d75d7e98487a9d55f52b7e47b49cf415e8e787623c0b39f33472dd7bc33,10/11/2003,H,B,3228390016,1CFMD,S
10742128,08aa1379496a1cea9c5007b1c74143e0e1045a01008ade9e5bae6c352e287d35,28/10/2003,M,M,3228410892,1CFSE,D
12923163,d42b1bb5a48557f5bcd020b9765b69a3e5fd6f43537fc7c68673e75f36859c55,03/05/2004,H,M,3162079874,1CESIAB,D
13235855,ef464bbeac74b99a3b539dd16d2450c11378fe39e260ee1595d7f21f6b198dcd,20/05/1992,M,M,3162079790,2CFSP,S
13248312,fba02780cf698f62c94ef586e9f00b00cc56c31b4dec70b142ddec1b80d2ee89,13/10/1995,M,M,3162079790,2CFSP,S
11342694,68b23f4baea4cd96703909402c120ec9e806460341a748b062044d84569359a1,03/08/2000,M,B,3228406931,1CFSP,S
10129831,4c336c1c17a97807fc516b8b699b05f46e9d96a6f37435202a60f0181f480ec3,29/03/1997,M,M,3228404816,1CFST,S
11409670,cdc8ff7428dff5b0cf38bd4e25066cb2a539795f5e9279d278ea17f9fbaa33a4,30/09/2001,M,M,3162079790,2CFSP,S
10635003,5cd6b7c684639f0b5b3b5cb24c3732bfcbb083f03d5fb4a9fa6d9c793ba9d857,13/02/2005,H,M,3228413080,1CFSC,D
10724809,b627cd1a1020a732580b52258893b4d27833ba1685de7ee50bc58d00235dc5d1,13/07/2003,H,B,3228410357,1CFSD,D
11024352,505cb1baa5ffdb63af1790985d1a944728f9e100f5312ea6490326202b49ca39,25/06/2008,M,M,3228381273,1CFMB,D
10837080,a1a1833a3bf2dc7146b9a51986323b0387881a026555f37328e35f8eacaade66,26/08/2007,M,M,3162079936,2CFMC,D
11806221,9a4a72afeac784ead4be817156c9b75ef74af02e5fdd317e5ec3bffe5bcd1ea0,18/09/2004,H,M,3228404816,1CFSA,D
10718934,369df289fec94512f14eb8bf94ff12ce43bd853a525f236db61be90cbd348c1c,30/01/2004,H,M,3228413382,1CFSQ,D
10410077,f9c483ef9b402e0b8efd748f5f1c710d036af2617a089a79fc1b6f2137dcff66,18/01/2001,H,M,3228410357,1CFSD,D
11026339,d0ae1aabc0ac10e25f76671827e82ffe2c975f5f244af8dd9c02e95b7f3cd78e,21/11/2008,M,M,3228379385,1CFMA,D
10652411,43daa55ee7e6e7ff71d038efc2a190b84cca7bd131bf311b71e9ba21876e9223,28/07/2005,M,M,3162079790,2CFSA,D
11084757,4af0904fbb89acc1999c77458d5f2c9f4c8ae2bd2c9e0ba3d52fad36aeb5fb62,30/09/2003,H,M,3162079790,2CFSA,D
11430890,15c505f62bd4a2b63c9f4242b1eaadd9a84cedc803bea180c1c2cb8c6d88ab51,15/06/2000,M,M,3162079860,1CESCIB,D
11564293,f450d58fb910fc64a69c5283dda705edee3bd0a65631f209cadf62bfae22b4b4,18/09/1997,M,M,3162078584,1CFSG,D
11485242,ffadac1f861498cc640f60d4e273393f7a95c5326826b55af16bc6361be59960,03/11/1982,M,M,3162075418,2CFMK,D
11507257,41c455911b6f2ed87c3025a7ad99f7c37bd4d285e08e540e42bb5252ca63ecc2,15/02/1986,M,M,3162075418,2CFMF,D
13288501,1832f6ff59f705fc3392003abb7e293b40a665ce1b9355dfa72f8a2c419abdea,11/03/1987,M,B,3162076098,2CFSD,D
12468964,7a38e5e79e1b4513e7489a7f866938ff0217e6a2612d72de117539b9110f3962,02/07/1967,M,M,3162076098,2CFSD,D
10401376,7a411813a468da91d78b08057b73978ff4482128bc9eecc625231990c9a18aae,08/01/1999,M,M,3228413382,1CFSL,S
11507257,41c455911b6f2ed87c3025a7ad99f7c37bd4d285e08e540e42bb5252ca63ecc2,15/02/1986,M,M,3228379385,1CFMG,S
13035060,7cc64a0a55cb333b14aacca1a9e238d35bf327e875e47616f2e9c5e5a8a01fb2,02/07/1987,M,M,3228404816,1CFST,S
13523913,863df7b68ac9041e156a457a11f65d1d7c61c641d1a0c180bd199bcdac55fa71,29/07/1994,H,M,3228406931,1CFSP,S
10636290,1b194bd0235e2056c13c324afdf692376fa05ec980d0d76b55e06d919e3dca07,25/07/2003,M,M,3162077600,2CFSS,S
11903090,22120cbfad4dc798cb3d143d6c5f6145abaabb3e5f9a5414ecdc1aeec8622a6c,12/11/1981,M,M,3162075418,2CFMF,D
11330085,4f749c8d403533ab5cea347512395e270eceb1795aca42fdb8563498a5fe7f37,03/10/2005,M,M,3228410892,1CFSE,D
13097118,4f3744484a832a195e8c7e39aeaad6e5d5fd676140bf7c5d425300aff61990a5,14/09/1993,H,M,3162076035,2CFSJ,D
12932662,c9bc6161ecaf5531c10363ec948aa5569d12f8361b5cd9c4c976a08421ca7485,02/09/2005,M,M,3162077488,2CFMB,D
13455996,676bd9ea5b00cf23494815737f89712c22f36468c957fc99ebd310bd941f9ee2,24/10/2006,M,B,3228410357,1CFSD,D
13293379,0920ca47b7adf9661a1a74d14d20f6f45965843ea562bc3377b264fcb270265d,11/11/2002,H,M,3162077551,2CFSI,D
12734916,7d70b7bc65e825416d891e8ca71db22d550c0f122675421a039cd18b5e8e262f,08/03/2000,M,M,3162076119,2CFSE,D
13006056,0a998d2d37b1064bb85e9cdac3cc05b17bc68ce0a34d7f699b76f912f4d25b64,24/08/1989,M,M,3228390016,1CFMD,S
10414061,09accaa44dfa38dc992d3b170e085eb49fedecc802ca915ed8faf9b12246637f,22/02/2001,M,M,3228406931,1CFSP,S
12495481,879728304ea0f41eb97a53777ae437924032e793047dd99859040214cabb15d7,25/08/2005,H,B,3228381273,1CFMB,D
13265220,1224bc6a2b78de4757826f979cc64370a439c128b419fa298c05af434585416b,12/06/2005,M,B,3228406931,1CFSB,D
13291541,e7e601db831281412b74f9186c00f6b8650b42852739c2e3762569532e5ceb7d,06/03/2007,M,M,3228381273,1CFMB,D
13450196,65db39366052031f27246c01423e1770a5ee53800d041df01bce0cbf539a6115,13/10/2004,M,M,3228410892,1CFSE,D
13472420,a6d1e924d07738b1b84561f9bdb19e71dcf34219236575ce3df02d953d572423,07/07/1993,M,B,3228410357,1CFSD,D
12607119,24a6f0e68850dcd05f367762a0b468d0259455278fdce0e7accd2c04f069a864,03/02/2008,M,M,3228381273,1CFMB,D
12912678,a17ba98c56fcf88ef8875fa8a12c62b245d5e730627b003f564a5f7da12c6b7a,25/09/2006,M,M,3228406545,1CFSI,D
12561661,885d1adc3beddeadd2abbdda223568e47991bacf72bc28450358746dd6cb056f,19/04/2003,M,M,3228406931,1CFSB,D
13112701,4bcc341a2ee1e7acf4828b15c4ccc8400e944c27f54cef2f1ed12bf2c20d712d,06/08/2006,M,M,3162077488,2CFMB,D
12058330,70de2288b104d8f36225caf9eed2c8fe94c29467549a45ff8ab1e4c9fc8a0856,17/09/2000,M,M,3162076119,2CFSE,D
11664368,a1a8007be5beebb356a8d84ef882e0703c07366d07b9120bde47eca418d4932b,20/03/2004,M,M,3228404816,1CFST,S
11811552,1ccaf89148cc0f308e94358c071a68cf79e8ab2c3712573d404e0013932df632,16/07/2005,H,M,3228406931,1CFSP,S
12576881,23f288c19c029063da1d74cc7b4f22dcb95178e5df1952a0a09725228d594cd8,15/09/1993,H,M,3228390016,1CFMD,S
13455012,6cd5e27182f5edf9c45abd2028e0b4fc68000a6d0768bdf8436359c14602026b,22/03/1967,H,M,3228410892,1CFSE,D
13454999,bfdbeee68cf5aa6466c43daa3a9815d194f7c71d15c5d448e94082221418972c,24/03/1980,M,M,3228410892,1CFSE,D
12679099,af98ca702962af12c17066f02f77ba36de54f86acd99b12382a1ab764ccad88a,29/08/1994,M,M,3162076035,2CFSQ,S
13298754,924e371aacd51873e7e86bca6b28c61fe58dac3f3f4c447a2ccb7d0c75eb83c3,18/05/1993,M,M,3162079790,2CFSP,S
13455805,60c653150ebd3a44b3d90b4edc89ccc6890f7a86f572f4d950455e2e3581c5ab,03/01/2000,M,B,3228410748,1CFSR,D
13454473,c292b4c4738986592c399c301b0475df74bb5036c932c40a4eddc002ed650bda,27/06/1999,M,B,3228410748,1CFSR,D
13075373,b85b4d126509a9ea7dd27ff728952df0fccb83485648a2d3cba99c0bd24dcb0c,04/06/2003,M,B,3228410357,1CFSD,D
12465550,96c3b576002bb3a65a787f31d008bcd0518928660dccc78277abd9cecacc2fb2,28/06/2007,H,M,3228381273,1CFMB,D
13239736,aa5964ee0674d0497ca9f5dddfaffdaa3ae70ebaab2223d8f02e4645e82a9793,05/07/1995,M,M,3162075418,2CFMF,D
13127380,22fe81996c9a842add7749d6c846dc034de5ef0252608cb81c56fcc1e1e28b08,02/11/2004,M,M,3162076098,2CFSD,D
12910035,bc86fbece7242a8d98c06e0a331b737a934c231ec7b5323fa757863e1a08971f,16/02/1989,M,B,3228410748,1CFSR,D
13281547,3030fca1ecb25bcd539f05c95e11ebe198de4525238e528e170774d429b14e05,31/08/1996,M,M,3162075418,2CFMF,D
11604486,c70d5c603515368e5eed49e4bc41b8a6fd15ba3c3922891e95175a544d452913,12/10/2006,H,M,3228379385,1CFMA,D
10505116,734187ca51e22a31d0b0bf9292835aadf23b367a577116951400273300122bca,23/11/2002,M,M,3162075539,2CFSK,D
10264508,4c6000989f79e93d6b2be83cdc02f7345a0a0636a9fb293fbcf54847d52c7867,10/01/1998,M,M,3162076035,2CFSQ,S
12840433,4a4e7d31c2a7bd275a47adeeae8ccca6b0a6a75b727cf8f7251d94b8f50cc50a,04/11/2005,H,M,3162079790,2CFSA,D
13221347,8cfc7f09dd1fe27e39a86feeecf2419a81bb52b808128bbd6c5508cf8ad9324b,22/07/1986,M,M,3228379385,1CFMG,S
12853739,d80e276a5d2b93ded16b5b198a4186fb2e2a49a86956a176fbc9d7242f685af3,21/03/1988,M,M,3162079713,2CFMD,S
11666166,22260d5f3856366710550782a40b94564e43725b894fea0fadc3c3121332da2b,26/09/2007,M,M,3228379385,1CFMA,D
13510554,2c405684edacc993f2afeeff05ef5e8523236abec333ba81f2b294073fa9f844,28/08/1998,M,B,3228410357,1CFSD,D
