id_alumno,documento_hash,fecha_nac,sexo,estado_matricula,curso,grupo,turno
13124409,6723b659d44b01a02097054b2df8dfc4c4070d3627be218bfed814fb9e341425,24/05/1962,M,M,3306170528,2CFM_CAES,D
10332148,f59d78818883360b7ca3f9fcec88737a21f2dd009682e0735976ea5aa501552f,27/12/2000,M,M,3306169702,2CFSR,S
10379063,cefffe339deca79d3591ff85a68d5de58c32bfc63fa2196db9c313d01159dcc4,02/10/1997,M,M,3306172484,1CFS_GATS,S
11738860,633a34be3f4aaa3aec263924fdcf922917f2e9336478f4ed84f638d1b23b4fb4,06/11/1978,M,M,3306173995,2CFM_GAS,S
11173156,5a7dddf91924385cca844570f240cadf7b9965b946c9c8beb00b9d8d9994321a,20/11/1990,M,B,3306170521,1CFM_CAES,S
11173156,5a7dddf91924385cca844570f240cadf7b9965b946c9c8beb00b9d8d9994321a,20/11/1990,M,M,3306170528,2CFM_CAEA,D
13156002,22781c7e8760952d618aae9b0303e79463992431582e04cdb917721d5197512f,06/05/1975,M,M,3306170521,1CFM_CAES,S
11620907,61bd6f26fc991bf414b36a9112a248e65aa7a7d35c9a7cf407d1801ef5bd525c,24/08/2006,H,M,3306170619,1CFS_LCBB,D
13506504,ebb64f3806f2c7210bb3b2d744592a7b47bb56fee5e0fa947066b511d5feaad1,27/02/2006,M,M,3306172167,1CFS_MP,D
12473697,71845c087f5ebd846889512f8186da3e898535b94f7809d8ce62d15771137933,29/10/2004,M,M,3315802123,1CES_CIBS,S
11708808,1940f0feb81cb99c75b4028dd36a6ecbff949677bf8eaa4f723f5b3c5415e204,06/03/2008,H,M,3306169591,2CFM_SMR,D
13537130,00d658856b6f27685946db8d5545947a50b9d92423a290a9fceb3eec18af79b7,25/09/1987,M,M,3306174048,1CFS_AFS,S
13596825,a6869f093688e3d31ba7d38647a2c0a3957639df2c566beda829f20d5ac8e28f,22/06/1991,M,M,3306170521,1CFM_CAES,S
10509392,a036493840cb12c95d636495a28767374abfa8231e8023551c861fbfd5c9ac96,29/12/2002,M,M,3306174048,1CFS_AFS,S
11318443,3d019aba2422a6815fa21c3ea207a99d14d576325e7d24a5e45fdb80ef480acc,03/09/1983,M,M,3306170528,2CFM_CAES,D
10382918,c3c501de867437fe681a12d5d29def3010b1b3eaf3d51fe4aea6b818bdbacd28,05/10/2001,M,M,3306170528,2CFM_CAEB,D
11904882,2555288843e5880dff39294ef643a58adf9a1d07583f716b34d44aec164c5a60,31/10/2002,H,B,3306169635, ,S
11904882,2555288843e5880dff39294ef643a58adf9a1d07583f716b34d44aec164c5a60,31/10/2002,H,M,3306169702,2CFSR,S
12491074,aeda08ee0161080449e023c0bf03bc8cf4cdc9fffd9ce4110b0195f0b8114bc4,23/05/1986,M,B,3306174099,2CFS_AFS,S
12491074,aeda08ee0161080449e023c0bf03bc8cf4cdc9fffd9ce4110b0195f0b8114bc4,23/05/1986,M,M,3306174099,2CFSP,S
13595716,6eb3abe1cd53345f8f9eaf1d2bfa074fe8ff87bd57abff7de92a2a99eb558c1c,23/07/1991,M,M,3306172167,1CFS_MPS,S
13466647,e468d343da98f039648f8fb4d7fca318efad4fddb3083d2208e80f595bb96b6f,19/12/1988,M,M,3306173995,2CFM_GAS,S
13466647,e468d343da98f039648f8fb4d7fca318efad4fddb3083d2208e80f595bb96b6f,19/12/1988,M,B,3306173995, ,S
11567443,f17dc04668ec7e212405f55c5400207712de94edb4b7e9748330b1f395187bd7,15/10/1998,M,M,3306172482,2CFS_GATS,S
13360681,8aa1c47cc17993085c62e13cfb20ff8968a0fbf551d09fa390993e9fe99f4ddd,05/11/1985,M,M,3306169593,1CFM_SMRS,S
12839144,8b4db0d6c2c4448fc7f47ae43db20b8911ce3aacce066ecf07317e50826416d8,09/11/2004,H,M,3306174099,2CFSA,D
11061166,0893cbf795305de29a861f512ed43c9f3e14a3b75e92c03634ac069cca49f020,21/09/1992,H,M,3306169651,1CFS_DAWS,S
10982502,d3790b8d961c87ba74f2ed23374cbc2dea7052c8dfc718f27f745753b325662b,15/01/1976,H,M,3306169593,1CFM_SMRS,S
10938365,3cefc7ffb853f5d44bf709ea23e4085c38681d0546f5d3c9d2aca454bf0fdd9e,04/12/1976,M,M,3306173997,1CFM_GAS,S
10984790,7c0e34068ecf3d717bc82b41130f1cee0ef51f0b732730890d63e3c4925d96e6,16/02/1972,M,B,3306169635, ,S
10984790,7c0e34068ecf3d717bc82b41130f1cee0ef51f0b732730890d63e3c4925d96e6,16/02/1972,M,M,3306169635,2CFS_DAMS,S
10487336,1872586be8321f4344092b9acc2685033bdacaceea08e3889eafe6ca58625948,08/01/2005,H,M,3306172133,2CFS_CI,D
12731794,e4139166d0c93005b5223355f7032200ccd1b8b2605cb1911941252bcf805626,28/09/2004,M,B,3306169433,1CFSG,D
13071991,29e530a925a29e889e86aa0c3d9b1bd6b903a75fe1b4b7013ae9cb2ec4ed3779,15/10/1968,M,M,3306170528,2CFM_CAEB,D
13487291,e9073e7246fb838f196736701f65b5af61ef833c1927b57f763d3f2ea98a6c62,08/07/2001,M,M,3306170719,2CFSK,D
12736231,f8579fff3e8e2df589473f62dc16d9841f008226317b2e1cdbd476278dea889f,28/02/1992,M,M,3306174048,1CFS_AFS,S
10648032,c5887ccacb07e9693e15e64105219f49f730a3d9ac72419b8fa2923775bcd444,22/02/2005,M,M,3306172330,2CFS_AVGE,D
10726936,6570ad532c208ce67bbf2af8e2386107ac06e61b16e4b2b297575c2df709502b,21/08/2004,H,M,3306172165,2CFS_MP,D
10042816,fb488b9b13895c8cc78fc45576fa7760326f148c9a404bebb4bb40cff7cb6598,27/12/2000,M,M,3306172165,2CFS_MPS,S
13364778,91f326266968d5ed26cc290d419208ea53bf9685d09424b248c59fbcc7b3ca45,16/07/1984,M,M,3306170528,2CFM_CAEA,D
12690668,40bf99870a7d0f445c72097f49dff9d139b757388fc618fe98e11228728a42cd,11/06/2004,H,M,3306174046,2CFS_AFS,S
10611327,e9c53c2535c34336ec555100a668dabf3a30ad94d76251e7cfcbe9e9cb59dba9,09/01/2004,H,M,3306169730,2CFSC,D
10660627,c98109e7049a169bfe92e892e47fed6d5857583539cc38c36d3e6acfb48ed12f,20/04/2004,H,M,3306169433,1CFSG,D
10672707,18e34a6e7de0fbaf904f5df01c703f8a224fdf333ac692e2cd6d3b819baac5d3,29/01/2004,H,M,3315804631,1CES_IABD,D
11407770,a6c79bb2535884a33b4ca425e1ce8311f6ab63f87471035fe2fc6b7c482cd678,03/01/1981,H,M,3315802123,1CES_CIBS,S
12379379,18612f89d3cb5211af04613d6871ddfdbf69fbaefcaccefc4f3e8ffb649ca733,28/04/1987,H,M,3306170521,1CFM_CAEA,D
10122344,2e961674c8c0cd7c62ae3f6034d74dae4aaa51887c788e9d66b3a33bc32d9bd6,12/11/1996,M,M,3306170617,2CFS_LCBB,D
11415744,d8f326b065529dd44105294b42d3eb3c3d4d28e8bea2436c066ba8c6d501e4f0,21/05/1990,M,M,3306173995,2CFM_GAS,S
10284028,477b0c2ed3160a3cf87b1da174590241056c8009e8d925ea62616cf05e88cec9,08/08/2000,M,B,3306170521,1CFM_CAES,S
12691602,f914d32d4959884fc5a548ca01bf8c8917ea29339274bd9f9153c316597b29ba,13/04/1975,M,M,3306170521,1CFM_CAES,S
10694675,80c5b6c64f766c7cc963e6d6734c4c42be5439b8b23e0d9bbea658ec4a6321b0,09/04/2004,H,M,3306169433,1CFSG,D
13593119,ce76cbcd85818b42a495c4917e6d158df1b655844cc1a41c170bad409b821f00,16/10/1975,M,M,3306172484,1CFS_GATS,S
12380827,e1f671c31a00d3c4a27f576f72c8c6313dceda0d9351298d7aadbc71d8a5a992,25/04/1989,M,M,3306174018,2CFMD,S
10805078,e98f5142c5a569c5598dad251e588285681afeaa38f6254a842d0f0da1be1ec8,07/01/2006,H,B,3306169723, ,D
10805078,e98f5142c5a569c5598dad251e588285681afeaa38f6254a842d0f0da1be1ec8,07/01/2006,H,M,3306169744,1CFS_ASIR,D
13598683,b15d2328df2c3d42f2f9331c4b6305b26798471fd1a2f602708cdf5daea90fd2,09/03/2007,H,B,3306172167,1CFS_MPS,S
12735228,d9d24b0c6df41e7ccba0eb26617322015999d06a0ee7530bb7614da04b194bb9,18/06/1986,H,B,3306169635, ,S
13243465,72314b1fc78d97db44198a22b1b6c0030faa263c66e6131dc1578f4e518b1b5d,21/02/1989,M,M,3306169635,2CFS_DAMS,S
11891674,9175592091707a21b261c314b6dae03369fa586b673d297195473440da87d73b,12/06/1984,H,M,3306169635,2CFS_DAMS,S
12735228,d9d24b0c6df41e7ccba0eb26617322015999d06a0ee7530bb7614da04b194bb9,18/06/1986,H,B,3306169702,2CFSR,S
11891674,9175592091707a21b261c314b6dae03369fa586b673d297195473440da87d73b,12/06/1984,H,B,3306169702,2CFSR,S
11519407,8d641bc5ad1791a9494d955c7eb4b0fba957b3baf4789cd8e79ad367144611a8,14/09/1971,M,M,3306170521,1CFM_CAES,S
13596973,7d9c204a92c79af3247d87815e384147d1182ffe9bb7a33dd388cc6eb94dd54f,04/02/2007,M,M,3306174048,1CFS_AFS,S
13246193,18b1d0c20b865b102a9d3cbcb8716962bf8c46b9233c5b900fcca5af99892077,24/07/1973,M,M,3306170521,1CFM_CAES,S
10772056,78ff1050f16784b8d41539d9797d94d32ae7b3499fb5fb9615bc3efedb7a0eae,22/12/2005,M,M,3306169440,2CFSG,D
13162439,ed36b9939fdf57ce6eb660030b0e623ec5cc10ed341b4e30f6f68f9c4218c5c5,09/05/1981,M,M,3306170521,1CFM_CAES,S
10832166,2d6ebbb0771e667303d428dda232684c19e9feb8c8ecb41dba231aa3d1d28d29,29/10/2005,M,M,3306169651,1CFS_DAW,D
11407222,b59f6c50e54bf2590e82adfa30e9dc75ecb7254f677d98c8f8099a37023f74a1,29/07/1988,H,M,3306169593,1CFM_SMRS,S
10323484,088fbbfdbfaef14f1a2674563bb98746f49271b827f9c3c31b4f89a7e9a3db87,20/09/1997,H,M,3306169651,1CFS_DAWS,S
13542655,d51e3b43174bf0113fa9733702bc18bbffeacd3ff2c8c63789ee8b4a1da81526,25/09/1978,H,M,3306174048,1CFS_AFS,S
11627062,3fbfa54f5777b67b6df60d3f7d46dab0b08a96501ff4ae0aa390b95ccbeae10b,08/03/2006,M,M,3306172330,2CFS_AVGE,D
11095070,e14aded8441708413379cbba0971b291570cf093433608af8a98239620460ddc,20/06/2009,M,M,3306172053,1CFM_AC,D
12132171,901bc7c2b272a49d23e09133e1ba79c09c0e0307658b5e3ed9087ebce917aca2,15/09/2006,H,M,3306172403,1CFS_GIAT,D
12433428,8be84c0f789dd175f88ce2c6f221aa819e5b3fa5a5f2778f54e656cd34a9fe9c,08/12/1995,H,M,3306169635,2CFS_DAMS,S
12433428,8be84c0f789dd175f88ce2c6f221aa819e5b3fa5a5f2778f54e656cd34a9fe9c,08/12/1995,H,B,3306169651, ,S
10197921,dd0c93a0fd5818386e359be46c48ee7c016c3a9a0b1b41b6785689391533a871,29/10/1996,M,M,3306172167,1CFS_MPS,S
10214849,e714ddee6742f50a57a6a10119ff3994ba9259151d19056eb60f39a50d8e0bfb,25/09/2000,M,M,3306172167,1CFS_MPS,S
10025712,802025cd16ad73dbed22c6abeb63a7a97248acd04fec75cfa61ba8b4a75148a4,31/03/2005,M,M,3306172403,1CFS_GIAT,D
11076600,62693734c5dcb8b572402443f677b3807b34e443bf2658eb852428325a89e8f6,12/10/1986,H,M,3315802123,1CES_CIBS,S
10754604,3b860febfe0832f2c32b39d292ad5ea7981e1a20928b13b67c059c3a8a0a2d31,24/10/2006,M,M,3306172165,2CFS_MP,D
10633944,33149328fde066a68a8ce05b28b61618d7f41224c421995eaff5c3d573634ab3,01/09/2005,M,M,3306173997,1CFM_GAS,S
11432717,5b196b6018c2cce220155556f782676efd49766251bef4847202880267139a42,19/06/2009,H,M,3306169593,1CFM_SMRS,S
11234453,26bce427c0b8f62e123652cadbc4205d4e600925b2bb0145492683741e9df845,08/08/1981,H,M,3315802123,1CES_CIBS,S
12730900,afc4cb74a8c5c75b991ea3b053fe939da71fc99224c2353a907332aeffb4f8b9,15/06/1995,M,M,3306172482,2CFS_GATS,S
13593115,588024b813bab809d175b53f0ae748ca020af3443f7452582d098dcfe145be11,31/10/2007,M,B,3306169433,1CFSG,D
10866566,8a10a7d1a3220ddfcd4566857ea068beda1d33ed22f0f83915415a08fb9abdf0,07/07/2006,M,M,3306170528,2CFM_CAEB,D
13502717,e0d9930a013b6de8bd7a1688fd9f959d9539b07e08c27739f39c7ebfb98eca1d,15/01/1997,H,M,3306172167,1CFS_MPS,S
11622314,ba43db272c96525d1d09158beb41df41acab42c9c35a00e6150dd2d5a14efb32,11/12/2007,H,M,3306169591,2CFM_SMR,D
10865901,b1f176bdff21da0791ce689df6a0196f252e89877b4f0ccf67673ffc59684adb,20/09/1987,M,M,3306169635,2CFS_DAMS,S
13269119,12ed79d1f3688d702f7d07921a55bf7968ddf11236937e0f66eff12cf53519f6,07/08/1987,M,M,3306170521,1CFM_CAES,S
10989676,ddd85a92229112fc2e55ea86b433ac9a2b4ff33b237da4c2bb00516fa6438edd,02/01/2005,H,M,3306172484,1CFS_GAT,D
10645924,a43db1a094560a1cd3d532eabd407c49e8cb98352d7e6d7ccb3355d139cdf6d1,11/08/2005,M,M,3306169433,1CFSG,D
12730232,07d7f828bc67b44270f4e879989fbc7521751639ae49ad8f098497d1d6f62aea,13/12/2004,M,M,3306172165,2CFS_MPS,S
12607926,c6823b97d8490d99d15ddfe3383c1133f8209cec0718ef4e58e3de87cb8ac377,13/07/2006,M,M,3306172133,2CFS_CI,D
11136005,4db6fa4c1bab16a82ca629d01eb9c3d7667216656c5c8214de25899e8c5e31f4,04/10/2005,M,M,3306172135,1CFS_CI,D
11571094,26af2ffb8a1a5383325aabd37b37d69d6597a997d86930e9f3189ceff079ad99,26/05/1986,H,M,3306169635,2CFS_DAMS,S
11571094,26af2ffb8a1a5383325aabd37b37d69d6597a997d86930e9f3189ceff079ad99,26/05/1986,H,B,3306169651, ,S
11055595,24c3c1adb1ff7008cd0faad5b22122e099ac943a1dd8826f70fff9a333d11ce6,18/03/1975,H,M,3306170528,2CFM_CAEA,D
10308422,5fd3a5c55ca66915c0282771c7a960c0dd1e08e3395aeb75ff4e230f6e9d533c,23/02/1998,H,M,3306169651,1CFS_DAWS,S
13074723,161c9705311432d073238607ccc6c06e4ea7bebfe69559549e32308231990a25,20/11/1987,M,B,3315802123,1CES_CIBS,S
12116573,8bc7e8e7d81fe6ac713a34f5504e42459bb77f51a1f2c5d2ef123796a48f89f9,07/12/1967,M,M,3306174048,1CFS_AFS,S
13597951,ee4813849bd1f174000e27e9e59bc4080a4ce94eadb839d0bf7a85cf275155bf,01/01/2005,M,B,3306174048,1CFS_AF,D
13462544,5f9c4b548b3e6c2f6c98a9399eff9f5aa4ed23063e12635b096d7c14dc5a35f4,05/11/2006,M,M,3306170617,2CFS_LCBA,D
13456011,0d71f9739d91fc557d0adb6514506c286f6a33dcb19a8d39a18d1872634a942f,25/03/2004,H,M,3306169751,2CFS_ASIR,D
13456007,a717326457540262a80bf233081b37d8f0339c0d79e62fcc771df38334796f9b,29/03/2004,M,M,3306172165,2CFS_MP,D
12739645,7290514ab523792b175dc8d43ec1eab8db8e18cb83e70dd3377aca40487bed33,30/09/1999,H,M,3306169591,2CFM_SMRS,S
13282254,11eda7efa680d8130edd12905587210e1b22bdb95d88dcbb25272b2d4927aeaf,04/06/2002,M,M,3306172247,2CFSB,D
12649264,4d0893c1a7fb2281a4462adf8f277a483478c1bee98f7dd9dbd6e24c5e0f994a,10/10/2006,M,M,3306170619,1CFS_LCBB,D
11251967,a1783069dbb580fd46f717ab927cbb3feacf7059b8ec2e6088d4df4e41857673,28/11/2003,H,M,3306170617,2CFS_LCBA,D
13446594,6caa1e3e1d78a724698f260d4b8c1cacf380c5c87ee069230b93d924b050c222,10/12/2006,M,M,3306169440,2CFSG,D
10862205,fbde40e3d3431ec9623cd5e9324e322a527035bce8bf7cfc3d4550b0efce699c,04/08/2005,M,M,3306169440,2CFSG,D
12637126,1438644fb462b428beb06704aa8f2a6a91ebd60ea3d05e6750ccafb4cdd30ae2,24/04/1981,M,B,3306174046,2CFS_AFS,S
13064420,4cd0b717a0e53634bd6dc18a7f91f00359a966b57da85ffcfc390aaa6dbb707a,22/10/1978,M,M,3306174046,2CFS_AFS,S
10377321,818d1a206b45a7d26ce51542d840c2d97c72d25ca813075491beaf921367e17d,06/02/1999,H,M,3306172468,2CFSE,D
10070165,caf9743db820ec0f91c2cc26cea2cc990ef7c87a223c58d0b9224789c8e12c46,09/08/1997,H,M,3306169591,2CFM_SMRS,S
13167869,c74ec3f6685a56d2afa81ab55f8d347ac442addbb09c275e5a6f373f774a73b1,18/05/2004,M,B,3306170617,2CFS_LCBB,D
10652580,a37fc6b6648358e1629d3bf5387947094e516ce84821e49c42a9d136018b7adb,16/08/2005,M,M,3306170617,2CFS_LCBB,D
12564456,f4b463195472e907e3bfee949b83e343fcf1e032d6b7234e82370255368708fa,21/05/2005,M,B,3306172403,1CFS_GIAT,D
11259014,40f82169719c54c0be5a1c2002d272c8946ec7bce7b96f9702165e4a8713bbc9,30/10/2004,M,M,3306174048,1CFS_AFS,S
13593116,f1b9990b6d935422f6171b3ff96a736c5c0c960020e15502fb72b4cacd3c0a5b,19/10/2004,M,M,3306169433,1CFSG,D
13605569,885fbc7feaaee77e48cf7fda849ec7868f9a9cdd4165ed8ada332d4fa356478f,16/06/2004,H,M,3315804631,1CES_IABD,D
10986800,244fcd41a80f37f19b28dd6d3182149008eab288e5c97cf0322cacffbdb7fdcb,05/03/1988,H,B,3306172133,2CFS_CI,D
10618356,cf0682dd38c7633b05bb3bf995d719eac0b4fdd9ccb4f4bb15fd72dfe7480ed9,19/04/2001,H,M,3306169635,2CFS_DAMS,S
11802023,9215c2606852e50b6d47432f13706425ffd0f0ef5ba9d84608c7a7ca1ed7fe4f,11/04/2006,M,M,3306170521,1CFM_CAEB,D
13455952,219f5d311920453b68e04d67f89f4f6fd767fd9ff07345c00c7259e387afa637,27/12/2006,M,M,3306172482,2CFS_GAT,D
11271861,9fb47cbbf62d3bc42cc9e9d31ebdfd175c1708045166dead05a3721d80e0675d,16/04/2004,H,M,3306169635,2CFS_DAMS,S
12363608,516c308c081bde718b10716889f4aa13986b7d72bb2ac8153b607f800f5e6ce9,17/03/1994,H,B,3306169593,1CFM_SMR,D
13251013,8b5eed853455aa72f107877e13ac285c97bb8819e916020fbb58f6744095d194,22/01/2004,M,M,3306172330,2CFS_AVGE,D
10964358,bfa031c4e873c12c7bb10f1c20e665e35fd1892024214f9d469b70400b1fe54e,01/12/2007,M,B,3306170619,1CFS_LCBA,D
13170302,f834aa7fe4657d98fbb4c1e09dc69d73531b6bf5a70eab06e33f7a9c32d2c336,22/01/1990,M,M,3306169651,1CFS_DAWS,S
10333114,3cca3a58b29de8160b3fcb636595a5eb4f62a853e5d09d7376fc556976b4fb06,11/09/1997,M,M,3306173997,1CFM_GAS,S
10996773,f8d722781fe9daf0eaee870c9ba24d7ed8f3e554f0315e1ca4647a82870ddb7b,15/11/2008,H,M,3306173997,1CFM_GA,D
10745573,e4a610e40d2c9667f45ee69515596085b33411e04e746864b2aaa6e8299d257a,03/06/2005,M,M,3306172330,2CFS_AVGE,D
10645102,a36db26cdd410f71ae10416c7a93e628d3d070cb7db87d331994f4a8bff35583,22/05/2005,M,M,3306172330,2CFS_AVGE,D
10654915,fc4b79abbdbc52f9b86f9db1f1c0224ea7e371e4ef157642b08a28b9d89841dd,20/04/2005,M,M,3306172053,1CFM_AC,D
10924004,06f52c67541d103541fc9d0dab3b7dfaa7662be5bf1477a3114de144ea56a8f1,03/01/2007,H,M,3306172053,1CFM_AC,D
10776755,6a67096700413a371c6bc8c78c445ce7f9a474d32bd283cdb063c69fa7820c10,15/05/2006,H,M,3306172060,2CFM_AC,D
11073751,5efd624ca1a53b3937ef4a67fd006466ec54a72664d3e07dff15afc555d834a3,25/07/2006,M,M,3306172133,2CFS_CI,D
11388211,976dc9c8fb0f082f644cddc5bc19b84bf0a6ea3323cf3b7b2b910711ba6757c2,28/12/2005,H,M,3306172133,2CFS_CI,D
10308750,c9f15ee9a88b323878fbf0f59f7f1a06d6b97978466f982473023a7450037efe,21/11/1998,H,M,3306169651,1CFS_DAWS,S
11633991,c4de56dbed638a5e02707a2593c713782d62144aee143c4e6aa43f12b9bdde82,18/03/1972,H,B,3306169591,2CFM_SMRS,S
10837560,1cede7edc79493a1a1071b6bcf51fa97d7e923b8e9386e28a52b697759c24624,07/12/2005,M,M,3315802123,1CES_CIB,D
10513851,cf9123ba9c515d8631e899b22e258fb904eeca1328201fe4c82cd2415bfeb0bc,03/02/2002,M,M,3306172447,2CFSD,D
10199483,c9f607e6e891d774bed2208c1c31cee106e6d2490bbd86b6fccc77c853e7b5f6,14/03/2001,M,M,3306172468,2CFSE,D
10652365,f333adfe740bb2ca9f258b986ef1a4b6b7f56a7fadd9f28f6e3fa9dce3658263,16/06/2005,M,M,3306172484,1CFS_GAT,D
11013828,5766673668593bb78199ae22c5c258167bc0270a95aae4c81e77ef3695e9fafb,09/08/2008,M,M,3306169591,2CFM_SMR,D
10796752,d7a241815ae4c798c193ad9f62f9faaae58a8c2eb6f6173f5167010e6c34e900,19/06/2006,H,M,3306169593,1CFM_SMR,D
11134533,7e52317ab531618c9049f520987fc12177124337b047f26efbcef8d74cd57340,08/03/2009,H,M,3306169593,1CFM_SMR,D
11113596,2969ff2b7c21b2ff74909c27a5184d267426eeef45b280799c95676d2be38062,22/04/2009,H,M,3306169593,1CFM_SMR,D
10904569,0bbc9e66b3308166d48e5f30f9fe99e42c7a1132a94e167a82dc5eb9d46de0fb,06/03/2007,H,M,3306169651,1CFS_DAW,D
10931085,68d4ecfd5b8a12d5276f8e68a2cba9cebe21bb1ce780c64457004a7f253f228c,30/11/2007,H,M,3306169651,1CFS_DAW,D
10772126,518763f95ac0183e16ed0633d127da706ba9751fa7885825a9644111a00fe2f7,17/02/2006,H,M,3306169658,2CFS_DAW,D
10635513,b1f430463487438601e3dd4cdf166981049a2f6f4843e6fe4db488cc2d96f363,23/07/2003,H,M,3306169658,2CFS_DAW,D
10910600,9f89a50d25ba3df386de130aa5a2352577edfdfbd1580f53fa64dc0bbd648603,23/01/2006,H,M,3306169751,2CFS_ASIR,D
10799789,93dd132989e191211e65b612d3428fede3b2e2364b0e4c75a8f54a7b5ef7e231,22/05/2006,H,M,3306169751,2CFS_ASIR,D
10762023,62919ca735e674055b0042270f83860b3786ba381a8e6c1b89b3b2a38a10bbaa,14/08/2006,H,M,3306169751,2CFS_ASIR,D
10780756,43e652e6e422ac7b08e51e50928b453d55f7e8a3d9bf79aea98788517194e19a,25/06/2006,M,M,3306169751,2CFS_ASIR,D
10823807,ea0891dfeba1a17d1dffca61bdd5febaf16472d07fae5df1cb1dbd2111676ade,18/12/2006,H,M,3306169751,2CFS_ASIR,D
11133386,ac9b07cac50d77e4d3cb3e437d8dd142b1df673137045bc4611b71dce9cab12c,25/11/2009,M,M,3306173997,1CFM_GA,D
10024578,ce1c02abbd6e20febaefd5870eb01b97bcc909bcf0ca55f55bd3a6e7e602fd3c,12/07/2005,M,M,3306174046,2CFS_AF,D
10698482,3e208bc7196cd8f880ba970a993df1c89a7899250a478e0ce5f4a429e14d1b77,19/03/2004,H,M,3306174048,1CFS_AF,D
10787713,c5cf745343e864c3ecbd7dfe3508759f2684f1f2375cbd7c2b27ec41d5462fda,07/05/2006,H,M,3306174048,1CFS_AF,D
13275272,aea5a991cbfb3a1ee87fdbcc868eef668dfaed368a82d9a2be375f45635a2da8,10/12/1980,M,B,3306170521,1CFM_CAEB,D
10932027,0adb349f91973ac9ce7a0fd2c6387e9b003876bc8cd6cd0e918b3d7b0d1df187,04/12/2007,M,M,3306170521,1CFM_CAEB,D
11101503,608962ee016387aa48601e4989a477803d3c0cb4ec4fbc2f2eb75c48c84c630b,11/09/2009,M,M,3306170521,1CFM_CAEA,D
10702316,c2f7ebe2f3af0d4f5c9d4670454d87b85094fc6d825afada2b5a073e18abbd24,08/02/2003,M,M,3306170521,1CFM_CAEA,D
10931651,7e4c290cdc27c565919c01694bcf782b4d808114dcedc93738477a1b478f0588,07/07/2007,M,M,3306170528,2CFM_CAEA,D
10926900,90a36693283c09ac5447bdc957ffe82a06c8e49b3dcd51d5bafd1382c8ad1466,16/09/2007,M,M,3306170528,2CFM_CAEA,D
10824027,1ad6123a989e0869d8663fac61e4463f04b1c7733c6b7a9cab4f4d1e8fb18096,11/10/2005,M,M,3306170528,2CFM_CAES,D
11006716,1a5cdac2114fd6f9fa3a61dc0ae08097e3459324dfc34860f4c66dbfac61e3e1,22/06/2008,M,M,3306170528,2CFM_CAEA,D
12510297,6dbbe5c921e7fbb73c5df1dfcd5faa56dacfda16afd47f2bcccce8a209fd2869,21/02/1967,M,M,3306170528,2CFM_CAES,D
10384941,5054b98b1cc8ebf18ade1666a12c4babb4c7424f6ab8d10511010fbd2a5686d9,15/01/1992,M,M,3306170528,2CFM_CAEA,D
10675936,64e5589e2d6c953971b9daaf535e41042c9cdb2cb50751ae846955693deaf93f,28/10/2003,H,M,3306172330,2CFS_AVGE,D
10719000,33220b16f28e4ac2f0794553f6dbb200f05a976b6d6b8d6e07938273b5976034,28/08/2005,M,M,3306172330,2CFS_AVGE,D
10583520,d41d5c9f20d11ee1db028f77550fd3b37d82f4121ce04268a1834e96a1c83dac,19/07/2002,M,M,3306172332,1CFS_AVGE,D
10026298,4fcd217d6ff93ee23f77168448567e69de3f36706deb5ce5b96f2224c63814ba,16/08/2005,M,M,3306170617,2CFS_LCBB,D
10865703,b2c80e350fb0195944b93d1b56b6ba2a39a0035d1d0db273a72cd33ec23496e9,10/02/2005,M,M,3306170617,2CFS_LCBA,D
10282118,c35666604d2ac38a69fd699127350825c13c21780f7ac3ec5dfcc52c4a07aef5,19/01/1993,H,M,3306170617,2CFS_LCBA,D
13242092,8b1cc80b174e5ea60a5a89a44c18a3d42840e85d5d7e192284139263d54a52ad,13/09/1979,M,M,3306170617,2CFS_LCBA,D
10851445,9c517b086afc1b92fdfdf13febdb019329cb80c27dd486bede82f938801fd092,13/09/2006,M,M,3306170617,2CFS_LCBB,D
10918696,6e20a7379c9099ca05a1cdc12903e4b7d3ba047ec3d7baf323a3f27a930cd300,15/01/2007,M,B,3306170619,1CFS_LCBB,D
10301015,9d01ee808a301157bae2fb3b0d5a9e2034b44223141d98e997f1d8bdefe45c17,25/04/2001,M,M,3306170619,1CFS_LCBB,D
10928805,1830debbc9bd7f758a7c722927446dd110095d005c14897f28adbb039c435701,13/08/2007,M,M,3306170619,1CFS_LCBB,D
10758727,b6355114bbe671295a64f8d046efc786a5424b769b50350f1b0e230996dae75d,17/05/2006,M,M,3306170619,1CFS_LCBA,D
10923040,03be7dba752517f556a1bcf73cc7709ebffbb55b48a234df7accde714f962c10,09/05/2007,M,M,3306172053,1CFM_AC,D
11001838,dee88bf9e04fcaea79190ae1f9ad2096bea1456ddc0bf4e50145129ed1686c64,26/03/2008,H,M,3306172053,1CFM_AC,D
11121167,647575f0492ffb78723e6c8dcedad81b6ac882bf5fa46860641fd76801cfa13f,22/12/2009,H,M,3306172053,1CFM_AC,D
11433993,3017b637e50f9b4ef6c23b8e378a409d164fbca22ae92a2b16a5d12f0e94a2e6,08/03/2009,M,M,3306172053,1CFM_AC,D
10891213,6c61116d5afea64a937ed6a29b310e333615f359de774755742ae512ebaa61ce,19/11/2007,M,B,3306172060,2CFM_AC,D
10805336,dc03e3db50ab46022a0da48d989f443a691780f8109316dfe0a3838b08063661,04/08/2003,H,M,3306172373,2CFSJ,D
10783504,846fe88173f4b8426032097b879a14274f62567df610bf1a6b6c41d8c42ef511,23/05/2006,H,B,3306172403,1CFS_GIAT,D
10311896,6550d2852cc149ee7e2718916631a530f8f2e71847cfe4806cd943f989e0a9ed,04/11/1995,H,M,3306172403,1CFS_GIAT,D
10514139,30897be7f152bcc05e18acb5464a7cb3588795c8b437f930f351c43486704680,08/07/2002,H,M,3306172410,2CFS_GIAT,D
13043456,81f64474b56cdbbfeea78680cef441b3809db82ca07566758d6a119fe96ca6c6,12/07/2006,M,M,3306169433,1CFSG,D
10698470,a7524f470cc58131519d4a103f29dc356adf80169b2c6454ca210ecf8aa47f30,13/06/2004,M,M,3306169440,2CFSG,D
11285049,4eb6341a249e37bfa3c5f566c78b548f9c6e39ce9f7ac23d851fde747af86d7d,27/03/2006,M,M,3306169440,2CFSG,D
10287428,85b9d4ec383e7616d489ab63a1f027f8e10c8c197cd4a9620710033934d11b16,18/04/2000,M,M,3306169440,2CFSG,D
10486854,5ea6de17fff6f05d9a49841dfe2e41dd88fe5f387edb39cf7184112cdb0a836c,18/07/2003,M,M,3306170719,2CFSK,D
10845796,f4701a1f405df499e3c3202088a5790c72eb58a1f905b92802c5570d459f3e25,19/05/2005,M,M,3306170719,2CFSF,D
10283150,d11509e708ae7cc8a5982040cb30a31475b857e64bb61cb24eba60d4e456ecd0,19/02/2000,M,B,3306172135,1CFS_CI,D
10900075,70d7c70f0402d42a2e4acfc007f0d19140aefcf29e88be61d20747ed3b371089,23/12/2007,M,B,3306172135,1CFS_CI,D
10793458,264798630b37854f1724856bdf8a0ca232d26e34c7b724314ef85265d022c3b1,29/08/2006,M,M,3306172135,1CFS_CI,D
10916125,7a74f6c9072330d2a168e7f939decdc95f27531e83f8c05b77125e56d1a0bcba,17/05/2007,H,M,3306172135,1CFS_CI,D
10365221,63b3582baaafa21853c83e085a06cabdc8f05d413a65187a92dda52550816d48,10/09/2001,M,M,3306172165,2CFS_MP,D
10813126,24efacdef895ae6e887d5ba8ba36b17df1d4e60678a702fd9f520a7885783c35,09/07/2006,M,M,3306172165,2CFS_MP,D
10918602,5b3bdd7dbd0c08bc3d6d6847c2278a9e159d5b61ec8448ff17924f10992bad1f,20/09/2006,M,M,3306172165,2CFS_MP,D
10888828,1b715bad98c16b67e95b4aa26c1c8f6c1ee0b1573f42c5029542645fdff37607,15/10/2007,H,B,3306172167,1CFS_MP,D
10699266,5bf423f2e13ace93d1ec81266666b9b5454bc3565b96b340430b15d262c95317,16/08/2005,H,M,3306172167,1CFS_MP,D
10835229,37318a9f827647336445e11c986d1479ce1571d7c298cab46e441c330629f406,15/04/2005,M,M,3306172167,1CFS_MP,D
10883924,1716920f8246b77ddcbb10236fd06f311a0c371cff4e9f0aaded9113f9675b1e,05/02/2007,M,M,3306172167,1CFS_MP,D
10698002,d6348f32fec589b76f12a4b1222db875450dd2157caf7bd4c8c6d8ece7778094,10/02/2003,H,M,3315804631,1CES_IABD,D
10698085,67bd70e885025ab041e5bdb27da976980ecc865db7771403b01aa10a5bf51ef5,20/09/2005,H,M,3315804631,1CES_IABD,D
10865104,37b44d6d5e47297ee499a537f0cd8965a91c3ba6ba3bc3def5204bc26172313f,29/08/2005,H,M,3315802123,1CES_CIBS,S
10837507,9e2c8dbaf217b9ebc936f3eae3f9644e24a7fad537edab2b1ef877814991739d,03/04/2004,H,M,3315802123,1CES_CIBS,S
10751471,2d43073132fa0ad8b11592b0a1831505119d05bcd7cfcaf684c3ae7f778e58ad,13/10/1986,H,M,3315802123,1CES_CIBS,S
10469585,2bfe537d598fcd0872e010e01cc8744f55fa6e300d5e5cb1ea2b60ac69eddc63,20/11/1998,M,M,3306172482,2CFS_GATS,S
10305806,1249dc4e3fda2c5d61811323f89b039cb22041c0305c3d0197c2164b5ae1c85d,15/05/1997,H,M,3306172484,1CFS_GATS,S
13598634,54adfbd4c53a09b1058c1b2e64fd2bb4fc6b96be23e6e5c2c1b75a3cda24c928,19/12/1968,H,M,3306169591,2CFM_SMRS,S
10405869,9825ed5b02e9eec7ed1394a197961025c264a7abc361cc8fa42dd70e72ba2d2c,13/07/1999,H,M,3306169593,1CFM_SMRS,S
11504295,73e99fe326539329ea4ba72a79d643d826b074323130abe45e9fda3dee2af0f6,02/10/1964,M,M,3306169593,1CFM_SMRS,S
10437587,7a7857edc1ba0a5e2f0237a0ea43bfe7c99e3a00d6703486060cb7ffe5a11677,18/10/1996,H,M,3306169593,1CFM_SMRS,S
10307929,2611eaa3637538db5904f66c3bad4d5a035eca59f2ebdf9847691a6ef20a52bc,16/11/1994,M,B,3306169635, ,S
10323451,09fb2962c2878159ddff1e20b52267854b72fc585ae4fa4a10b065f98064c85f,04/02/1998,H,M,3306169635,2CFS_DAMS,S
11710473,20aed1dd71299861955f2b1d0024ae41a702ba6c07a8e4ec475c429f6eda5a70,27/03/1987,H,M,3306169635,2CFS_DAMS,S
10454462,5faaf5db19a905161a5669b78a5850d98f5f18549a567fbf3ff2afbe4029e18c,12/02/1994,M,M,3306169651,1CFS_DAWS,S
13593175,06cd6ae2a3142e7ef30ede241057f387fad231ecbb1ad8f299207e2b63e54b9c,05/12/1972,H,M,3306169651,1CFS_DAWS,S
10381670,c0cf12de1e5aeaaed1ea293eaffcbfd71574ac2e3beed9cce6c86fc69f68dc4e,11/07/1998,M,M,3306169651,1CFS_DAWS,S
10283093,be2db56e6a0c7a5d26cea00a82187d30cf92872f50b819ce1411eae76d976727,02/10/1998,M,M,3306169651,1CFS_DAWS,S
10279313,ba8fdada8c53eb68f4211dfbe2b2411f9f78f3a7e6abd1f98430758ab8fa9f48,28/03/1999,H,M,3306169702,2CFSR,S
13248857,a66715a6a54f154c3716e1a2bf4f07fc102bc799c69030bd4f6f41900240852b,03/06/1980,H,M,3306169702,2CFSR,S
10307929,2611eaa3637538db5904f66c3bad4d5a035eca59f2ebdf9847691a6ef20a52bc,16/11/1994,M,M,3306169702,2CFSR,S
11430449,869f57a423f150e05f658ced732e224547ad0e776040d7f4a7e0ef2b3314893a,11/05/1978,M,M,3306169702,2CFSR,S
11254010,d5bfb22e77d8cc56b081ed690f15a7085459470e7aba1b06b1c92e7ab46b4e49,01/04/1976,M,M,3306169702,2CFSR,S
11240615,30103484427f5dadd0ddd4634a601b3023080cdf91d11c9b0823eb04bbd79407,26/02/1986,M,M,3306173995,2CFM_GAS,S
13594861,ed64f7c14c742a61e2029d7c190556c4971b2e19ab9d8bd58025a0d5fa02b576,23/06/1986,M,M,3306173997,1CFM_GAS,S
10421015,e05569a7d4cd3a5e7b00f9e795a785f824f2dad4366ad325a23ba1d87c3f0ff9,11/09/2000,M,M,3306173997,1CFM_GAS,S
13479949,5925b2fadc524525759abf012dae7ccbd09e381f02497165b316ebb7d945baaf,20/06/1975,H,M,3306170521,1CFM_CAES,S
10992542,80d57510ee91cba04b2d8e10b8a9bd721b36a8685e0ed3c40b55287f8047b019,09/11/1972,M,M,3306170521,1CFM_CAES,S
10507995,0e86a4b97afb004c89bfc834654bb219da0a5e2ce7c4d7f4d64af0704eecfffc,09/10/2002,H,M,3306172373,2CFSQ,S
13458161,3a863df0d7e21c9642f6cdb792236a31a2ff0a0b4119b622e9494958810d3a27,03/04/1986,M,B,3306172165,2CFS_MPS,S
10349498,38c2810e98b603d548365861e9ad39a511ac94b962826b2fa2adbbcbfc9a3798,09/01/1998,H,M,3306172165,2CFS_MPS,S
13458161,3a863df0d7e21c9642f6cdb792236a31a2ff0a0b4119b622e9494958810d3a27,03/04/1986,M,M,3306172165,2CFS_MPS,S
10199483,c9f607e6e891d774bed2208c1c31cee106e6d2490bbd86b6fccc77c853e7b5f6,14/03/2001,M,M,3306172167,1CFS_MPS,S
10932819,78bcff2e66b33eb93fa37d3cfac4fdbda1ffbec6c499b3bc27acee347178ca2c,27/02/2007,H,M,3306172167,1CFS_MPS,S
12500676,c46fb479c9e18a8e4b50343f399881e8742d493d5b52197894f22b921f7cc893,04/05/1990,M,M,3306172167,1CFS_MPS,S
11242827,e0cd531b320deecfc1e8dba9d155e9980cc6dc92730da093f0a97c75cb0f594d,17/11/1982,M,M,3306172167,1CFS_MPS,S
10892734,dadfd856d15970d432906902642222d360e22827f7683033480205a7f85924ce,19/04/2007,M,M,3306172167,1CFS_MPS,S
10999069,dc2a39924cc64dca679d9786b12ab1e66fce8daeac6aab8e9c2d8141f0fb991f,12/08/2008,H,M,3306169593,1CFM_SMR,D
10919565,5557f0e520760dd712af305913c971876cd6c4b960678652ff23ae3bdceb5950,25/01/2007,M,M,3306172053,1CFM_AC,D
10382149,137bac9af28c4382f2d74fcc4ee9718c2d31ea1cbe8bc2978d401652fc76b149,14/07/1996,H,M,3306169651,1CFS_DAWS,S
10652371,2da277c60dda691d78413ed111293cfb3ebbda73152c9c308c13331b06a2c7d7,27/06/2005,H,M,3306169751,2CFS_ASIR,D
10892583,d48b1dab3b2720ccc1693ebb79c7c3a381945b5bbbfc8d260b976ec4e0fcb1cb,29/11/2007,M,M,3306170521,1CFM_CAEA,D
10729539,9fc160824b4663c9b8d5536f95c800fd2ff6ab472d21a2e411cfe74008778642,05/07/2004,M,M,3306172330,2CFS_AVGE,D
11013480,9f1c6aab749c64e5f1d9f7efda62e3832fa37fcc3d3be7ae014b878074ca5082,25/09/2008,H,M,3306172053,1CFM_AC,D
10241444,d75cdc577f9b85d63cf3df51bf72ab08a185e210ad76b5f1b4055cdd36ec0eb6,06/10/2000,M,M,3306170521,1CFM_CAES,S
13598094,a93a6ddfdfc4b84cd75687af06f28bf0bedc5338a710563fcce1db3a969a5480,28/03/2009,H,B,3306169593,1CFM_SMR,D
13459021,9e2b25d569fa19c2f804e4c69b18d1c9a21d25f75abae19ed2b080b2dd6a3416,03/10/2007,H,M,3306169593,1CFM_SMR,D
13378290,06b3ac0dc10aac9b8b164b9635ba953535016ad34d99c920995b355caa3a9619,19/05/1983,H,M,3315802123,1CES_CIB,D
10371150,acb74a7e2b1dc8299b8fa262db45dad0615abc9d0a4206f026ffef76717134f1,13/04/1994,H,M,3315802123,1CES_CIB,D
11032451,379004a8504cb02dadc525f9a6df91c0d684bdd6a095899a9ff10f29b9c58764,18/10/2005,H,M,3315802123,1CES_CIB,D
10332972,1fbfbfb3e983242e2c39704eefc00784703ef8f7a9a22369e978d92ca0932659,14/08/1995,H,M,3315802123,1CES_CIB,D
10734353,8c9a2d3a517e4c25871710bbdfb3b27c95a6f052a7c37f54c72d6e8d7af6548e,03/11/2004,H,M,3315802123,1CES_CIB,D
13264560,1f034bb14f6235e2d2683bc8f89940c33c551bcf2ce0726c1cf98d08a2999e85,11/02/1977,H,M,3315802123,1CES_CIB,D
10518004,218a0a31cf6f5b37f014bf60e2decb0061a955f97ec9c6098e4d3ffdbb24ee59,08/05/2002,H,M,3315802123,1CES_CIB,D
10724327,381860063849e09029c99c875d49bfa4ed80ed33ebc3b2837dc9a760364ee496,19/06/2004,H,M,3315802123,1CES_CIB,D
10742501,dc3e06bcf665f8a23fdbc1fffca2911aed49addc13fa04363f5cc110f9ce6ff2,23/03/2004,H,M,3315802123,1CES_CIB,D
10705651,63d950eef88dde46ff85ab39dd1048b6b7c078c1f3e9167ca5ae7051115a36ef,08/02/2005,H,M,3315802123,1CES_CIB,D
11088843,d8b92c7b042c0775c2ce1c14827f3e4508b63aa6c9a271493a00a5a889f477cf,05/12/2005,H,M,3315802123,1CES_CIB,D
10848137,37e4de42ba0a635c445757f8d77409dfb6459edcb1f01eaad6fac12499e968a6,03/03/2005,H,M,3315802123,1CES_CIB,D
10963354,94ae1fa9c5531cfdd14e5b82edbba8cc97a9546939bedf9da28e445374c1feea,19/05/2005,H,M,3315802123,1CES_CIB,D
10657573,d88c45665e4a2f0949aadb86551d606f81e04197870edffea26ff6a3de98029a,13/06/2003,H,M,3315802123,1CES_CIB,D
10813410,b4ad6798c6d3a31ebc78c931b72db9a6b13c0616419aeac0b5c917444930e98d,22/06/2005,H,M,3315802123,1CES_CIB,D
10810094,46d16677ef22c40fe80d34da9b9d7ee0c7e4251f3e70dda6ca2aaa283e1a1688,27/10/2004,H,M,3315802123,1CES_CIB,D
10866312,75415033993b90b8f9f188827218dab8effbbf89bd64c47153792781a023e553,10/06/2006,M,B,3306172240, ,D
10279046,ccc4d783089b255ea15869666f256ec8f137ac3139ba756685d8c224423a9b48,31/05/2001,H,M,3306172247,2CFSB,D
10282475,29e4a3b52835ea7ee673086eec63d9702843ad1f80d448fb46242a313080c85c,05/12/1999,M,M,3306172447,2CFSD,D
10305439,9d9e11c219496bbd156c8610d330f1ded576344c59317cbd5f4dbffb7201cc0e,20/06/2000,M,M,3306172447,2CFSD,D
10254373,4b9d2d7cbc8dfd0a6d2c7b598ad2923c1358cf6f5111f52f7268366db7ce9880,28/08/1999,H,M,3306172482,2CFS_GAT,D
10688815,26cfe86763e7d7ea8fc828ae32ba3fcfe4733af30e7108ffa1e5aa5a75dcf551,11/05/2003,M,M,3306172482,2CFS_GAT,D
10798065,64d9af31e6b08206fac36f2b92e32395b3cc148893e03727bb05c057668db1aa,20/07/2006,M,M,3306172484,1CFS_GAT,D
10581374,311f1fa3f0296f8362f7792d78bf8e863452ad0ffc1a1d956bd39c6b18a05aa0,16/09/2002,M,M,3306172484,1CFS_GAT,D
10917865,a5ec3b8bae62afd0377854c985f67dba5aabefd71ec264dd73366f5db6cd61a0,12/10/2007,H,M,3306169591,2CFM_SMR,D
10708167,81b4344e3b1b90751154a12805e644e1ff4e12d79070fe8edb410b2535d918a0,18/11/2005,H,M,3306169591,2CFM_SMR,D
11002913,01afdd9b561cc4004cb5f06d9409969c911eb448eb4f6d6f4a91b2f8603fa3b5,08/08/2008,H,M,3306169591,2CFM_SMR,D
11146537,744e8b3f29f346d537337baadbb2ea1101e4eb0bd1dee5520050aef733b46d18,15/04/1985,H,M,3306169591,2CFM_SMR,D
10893131,e249d1dc72c7d05f65868cadba38b7642c053a9c58735ff96b52d68950c0cd11,13/07/2007,H,M,3306169591,2CFM_SMR,D
10885064,dc812559152cf3b5bde2cab7f5a3765102d945198a82c32ac756f80f8f001cd9,15/11/2007,H,M,3306169591,2CFM_SMR,D
11011197,c83046065b90415a165d8a91123df63be984c27ea47c42908fa0239d93f558a9,28/03/2008,H,M,3306169591,2CFM_SMR,D
10776723,a4ea01119ac651de513735c4128a8b8258bbc835397bd2f2ff57306cc3c70429,19/07/2006,M,M,3306169591,2CFM_SMR,D
10903261,d0c8b386b2c41fe0ab14b1720419e7e122f143190e17d4034c69f8f40d410e8e,04/06/2007,H,M,3306169591,2CFM_SMR,D
11002807,d9089c41c27d8231d136f0eff5e83a9043ba69d1c17a639aaf3ec1e0dff904a3,05/11/2008,H,M,3306169591,2CFM_SMR,D
11009276,8710bc5ae6212e0ac98c7bffab827faf12afd32f6963bb1855fa72a5e4da4d0b,24/12/2008,H,M,3306169591,2CFM_SMR,D
11020732,8aecd46ac2d8ebf9e448d05d5bbe18fb576e0726ecb2c5388a7e46fde878c384,25/04/2008,H,M,3306169591,2CFM_SMR,D
11029392,c41e2c36016cb3bcc506ef430f81cf87300572f3e03f9d523815aa47d583eeba,17/09/2008,H,M,3306169591,2CFM_SMR,D
11000271,33bea70785ceceb0763f56c93997af70c601cfa59edcb18c40c3f5e9374350e8,26/02/2008,H,M,3306169591,2CFM_SMR,D
11035843,ebb709f5df6408e929191fb662a08d8689d5c38d2f22b6d58bc6e3813baae381,19/08/2008,H,M,3306169591,2CFM_SMR,D
11126483,c07504f4b6a3b0708dc01722448185053a3c0be869509ce171ca5e2af72286b2,31/12/2009,H,M,3306169593,1CFM_SMR,D
11100333,f6142381f56470d9da91898ddda26a5155af737921dc86218b93f7e07a2ae950,02/04/2009,H,M,3306169593,1CFM_SMR,D
10996376,5fdac0f1890ba0b5a97da04f364b0b5c5e06f63d8ab8077b1d7690b4ab566113,28/01/2008,H,M,3306169593,1CFM_SMR,D
10805591,bd508c5998d399713ef83def8219eb6054d4b1535bd4cee72e149623e3984485,29/06/2006,H,M,3306169593,1CFM_SMR,D
10308852,dd26924e446481419be294b77ca5e923498a62233dd8944f4615db554af57dd0,09/09/1996,H,M,3306169593,1CFM_SMR,D
10891681,8d77ccc30e365c7e9ef2ab520d4ed10aa3e963b7e66fb5a70ac85e1607fd1b84,26/07/2007,H,M,3306169593,1CFM_SMR,D
11115680,dd92c046667e328a5862ff07ccaff76e31591e64633d07d04182450f6c40834b,21/05/2009,H,M,3306169593,1CFM_SMR,D
10762391,a44573fee26b787dff987ce20bed79dabc0bf7d4d666d203f829909fbecec527,18/07/2006,H,M,3306169593,1CFM_SMR,D
10906556,a67734d958c526f682802412473c2529598ecb3bd28d287ce133211dc07bcb43,25/08/2007,H,M,3306169614,2CFMC,D
10910841,56f6eb2f10a5b81c097ea655e63b3d7abeb0cf2cc4a8bad219900347e2a1de19,24/04/2007,H,B,3306169651,1CFS_DAW,D
10679710,4749f61c3975bb8c63185f4fc0b3c04e94fd0d87c3ce927076364b1273d48550,27/09/2005,H,M,3306169651,1CFS_DAW,D
10803070,e9febdce03da9f2f8f5f418bf93da8045088e4db214528c7d84f3f70c055ed3c,24/10/2006,H,M,3306169651,1CFS_DAW,D
10901180,ee2bf24598714516df47a95c92e048bcb63f52674a6fc26685f7540bfcf704a3,28/02/2007,M,M,3306169651,1CFS_DAW,D
11049333,ae9fd22bc18a6e0a9aebe00af8d1f689526355fbb9fc2b972c63a3197410a1df,31/07/1988,H,M,3306169651,1CFS_DAW,D
10891759,536ba9f8df43b635e00fb32fd139c788358e3727c44aa1f7e9e4fd2cea58f433,29/12/2007,H,M,3306169651,1CFS_DAW,D
10398479,69695bbf3dd03790c69ff3aa75731edc57e5828d8002f1152febf913a7b94c2d,19/12/2001,H,M,3306169651,1CFS_DAW,D
10900201,bbfe856550f6255e5e09bcb40d96bc10ae216f9240d59875bafe0979449440c1,15/02/2007,H,M,3306169651,1CFS_DAW,D
10756981,92bcbf26742a9212f205ec80e51ed577655327ac7be48b97792404219d4b1acc,22/06/2006,H,M,3306169651,1CFS_DAW,D
10900298,0620b74c690aa2f7530a08793b60bd9d6952bf5cdb636442d1944f7f2760baaf,25/11/2005,H,M,3306169651,1CFS_DAW,D
10888617,e961a7dd2b58aefbd662978c309af205cd799b195ea87a97346bcb7fc23bd620,06/02/2007,M,M,3306169651,1CFS_DAW,D
10909591,ed35f669792f448d0b76219b8eec2a974a62c5447baf7b25702c79c7a6637520,20/10/2007,M,M,3306169651,1CFS_DAW,D
10904666,1ab5e37c97bd620a3f489fe5cc7c04869bb32a8b00da21cacec9b94c40c5975b,03/11/2007,H,M,3306169651,1CFS_DAW,D
11014915,fc7d0914fce761c5fb17beb59ec5227e03dad94a6ba94d12c63e2bfa80324e3a,06/03/1990,H,M,3306169651,1CFS_DAW,D
10819052,f4f1f0a5c5aa26f1044532a8cea2bc38bb38d09337a063f0a5b5ac7fba9c8038,21/06/2005,H,M,3306169651,1CFS_DAW,D
10511870,ce931d59808304b032ae613df7719e6874615dcc398110216f7eb101d29853dd,10/01/2002,H,B,3306169658,2CFS_DAW,D
10611084,f3cc5b2ab39788d22a24fde9ac4b55f71ca50548d9478a0a3943101382179a95,16/01/2005,H,M,3306169658,2CFS_DAW,D
10282899,78d88f1b10a6d142752a66c9aabb4d2a04f9e9397baaaac1fa778f0cd9314f7e,26/01/1998,H,M,3306169658,2CFS_DAW,D
10797348,2824c812c47bfe64db0c3383d3e544a6c75a9ed59dd0b15fe5bed1d5bcb376a1,13/02/2006,H,M,3306169658,2CFS_DAW,D
10770657,6eb547f1493585f1dc15085a08d40504b44d79fe8129c708fb395a6533a03779,20/02/2006,H,M,3306169658,2CFS_DAW,D
10856605,33160d6a7ef4e94691ace2830a73ef5e8524261218427d5202887af4bb4a3573,24/12/2006,H,M,3306169658,2CFS_DAW,D
10807600,b2d3288f84e2e97a304b5e68ced1c367e7652da8cc09823ec98fe1a4f80f3773,16/11/2006,H,M,3306169658,2CFS_DAW,D
10709604,bd1294f1a5d39b260f9cbf43a53c5e9645eb82f4e954f7d2d58c5b6233b3cfd7,14/11/2003,H,M,3306169658,2CFS_DAW,D
10770964,5f92bd8f05171f4087faa8e765cb8c6ad538ef0cc50d60a56ad348e43ee6fdda,15/07/2006,H,M,3306169658,2CFS_DAW,D
10810051,7bdb5781606e1371d57465f45aea2ea7e79b2081bde23b32c78e4b1f50802b97,27/06/2006,H,M,3306169658,2CFS_DAW,D
10757001,4caf7b721092bf5dab7033e64b5a649a645e0c22b037ff7657b02f9502686644,29/12/2006,M,M,3306169658,2CFS_DAW,D
10828387,df3556f8a8aab10ea750fa1b28ac165711d23f06c4b965756986cd4f4e850ace,24/02/2006,M,M,3306169658,2CFS_DAW,D
10758419,6ba1bd6e56417bff20cd6d81d2252b33ca167ad8c67a7ffa3f27d3137a16188d,27/03/2006,H,M,3306169658,2CFS_DAW,D
10736277,69d8753a64643ccdfba9fd049469d7713b88f9ae5a3e4c46ff8ee8259fdeda3e,17/07/2004,H,M,3306169658,2CFS_DAW,D
10688878,836a2ff9eb3f4c87ce3467ce6a675b7991bb385e54c181b8d8821b36ade5966d,22/07/2004,H,M,3306169658,2CFS_DAW,D
10635824,a87d50d2d4d19db8e0be1fae3ad00f3983d18f31c47bf0f02e07f67849b0e9a5,10/07/2005,H,M,3306169658,2CFS_DAW,D
10797980,19092213245bf967cc86c24369aa7ee0bb38ca802d8c0d708f44928518bc75c2,02/12/2006,H,M,3306169658,2CFS_DAW,D
10882393,742e3c9255e814e30032a18014f414a28c39391e141b378754a108b9c8a448b6,08/07/2005,H,M,3306169658,2CFS_DAW,D
10711924,85f0da0ee8752b68e9f5850a097f95364e1f97d21c1fe5a15f64910f1aa3b7f7,23/05/2005,H,M,3306169658,2CFS_DAW,D
10748092,daaba2c6516741a36742f949bb18063f9bf313b08274c4d6a7cace1401012ff3,12/09/2003,H,M,3306169730,2CFSC,D
10832097,f12ec0e242277f48e71448014a7aa5174d04f495160615ff2e0ae48dca693470,23/02/2001,H,M,3306169730,2CFSC,D
10317207,0d4bc7b4543010e03c533f1f5c1d24daffddb438d559907aaaa6c84ad1db313f,14/03/1997,M,B,3306169744,1CFS_ASIR,D
10328549,59c6fc1b215023fdaaa463a5906bd14db24e3ca7788ebd514c554c3a6cb7decd,25/09/2001,M,B,3306169744,1CFS_ASIR,D
10805501,7eeea4932125653d794a92a128c7f139aaef1c34d50fc600104d240565f7f1f6,14/04/2006,H,M,3306169744,1CFS_ASIR,D
10915302,3fbe4f7a3e361fa775b7ebe2afd490c2edad614f769da15b0ebaf8a893b1627c,27/06/2007,H,M,3306169744,1CFS_ASIR,D
10928705,76a4a548c9113a6fe7fe849d3bb5841b02de60a418f614234c984601e6bbea81,28/12/2007,H,M,3306169744,1CFS_ASIR,D
10681199,55b81f6c264ef24fc579b7d3e23aa4ae60a11b738bf2913464f23540fdce9c59,16/11/1992,H,M,3306169744,1CFS_ASIR,D
10898640,0b767f9a8c1773ab74395b440ca6c6630a1d73f84af1c2e1db6e1b68c0a5ca8a,20/08/2007,H,M,3306169744,1CFS_ASIR,D
10896459,3719b4bb929101f27bdc7ce32dbae4391927588f941155b960fb943c53203faf,23/07/2007,H,M,3306169744,1CFS_ASIR,D
10904793,89b4fe2d922c518980c8943b883fdf53a8bf334a6c09a6fbe81ec5b0ead7c705,20/06/2007,H,M,3306169744,1CFS_ASIR,D
10910205,753ad4ac27063f2f87c5873f6d4e3ae2758bf484cf29acf3b86404ee6b5e8711,21/11/2007,H,M,3306169744,1CFS_ASIR,D
10900148,66dc52930bc2fa62f3bfd9dbe160169299b59b9c15fd9c7e64a9bb6fd62b6a09,17/04/2007,H,M,3306169744,1CFS_ASIR,D
10784937,786cfd3db038eeff7564cb330a84a15c5eddf590de94a3248486e06ed73f1179,08/05/2006,H,M,3306169744,1CFS_ASIR,D
10914721,a5332f843a7a0ebf992c985d8884e8fbfca23d12830b7b270cfa7e903dd15c74,11/06/2007,H,M,3306169744,1CFS_ASIR,D
10912223,067050461d8979708d8d9a1e9a9ae4dbbcf0842a0cbd6e3419911c7ecc710d76,16/05/2007,H,M,3306169744,1CFS_ASIR,D
10911373,a33e1a5707b0405679cfba81efd01d56613c2e1b944eb8398fef75f72804f6a2,22/07/2007,H,M,3306169744,1CFS_ASIR,D
10734142,4791db2d897401728c30adb1ec72d6d8ff9406fed433dc232a14751b4533f4c6,11/04/2004,H,M,3306169744,1CFS_ASIR,D
10910799,4eac94830c152028c96bdd3419ab8b0bb6c2c7ca0b8f86a8eea90df612e4329d,18/10/2007,H,M,3306169744,1CFS_ASIR,D
10912321,f4003d4a6d624afcf1d5098e0d85023d11b504c9ae64bd42e5d5249b9113bac9,16/01/2007,H,M,3306169744,1CFS_ASIR,D
10895404,d9bbc389017fc910c65665f155c393bb5995f62810a07f19bc7db0fd5de3fc98,16/08/2007,H,M,3306169744,1CFS_ASIR,D
10500950,8dcad7cef897be382ebd578c77855567d6b208d71d43fbc8ff5d915872803ffc,14/06/2002,H,M,3306169751,2CFS_ASIR,D
10796295,d7388f691c4fc199e695de687b2443c092093e248df688db897ed714a6b88123,21/06/2006,H,M,3306169751,2CFS_ASIR,D
10762343,34a1801051ef7f60c74871d6879769d8cd1d5adb22ada1969c75e50cdd736d67,12/04/2006,H,M,3306169751,2CFS_ASIR,D
10757735,e3efd6cf2653eb2b21860aa6b655323774f451775f50086b091eaf5339aaee9e,19/08/2006,H,M,3306169751,2CFS_ASIR,D
10849397,ec485650bc06939b46a9a4147602e229271c973e2ed4796dbca83212a51e8ea1,23/01/2006,H,M,3306169751,2CFS_ASIR,D
10840811,38fbe518f55678c16eeb31bc77040c2f30f1d1a8a74de7defbf3627f078b0a58,24/01/2006,H,M,3306169751,2CFS_ASIR,D
10783280,4e67b3fda9f96bf7f0d59d831383393f4ea8b121758b2f449a6a397208c25e42,04/11/2005,H,M,3306169751,2CFS_ASIR,D
10764453,bdb588c468eb7f1d83a1af27a6c28fd6a426d151d5a3f9360234c82dc1807c37,01/09/2006,H,M,3306169751,2CFS_ASIR,D
10813139,eb6a56b373df0b406050777c2cabd25ab1c97c2494923440408acef7cf932b74,31/07/2006,H,M,3306169751,2CFS_ASIR,D
10756607,06f085a27db4fd1af3ca2cd258cf79629e1f78de1c6b3be75d591ec6fd25b3f7,14/07/2006,H,M,3306169751,2CFS_ASIR,D
10762338,808d545f2b3e2fa12465618a8d001d806424f64ea445196ab7b4eedc228b247f,02/09/2006,H,M,3306169751,2CFS_ASIR,D
10823812,7731c863abcf8acd9a99d9fa8a33600155eface7aa678f305200dd839d6c6a2f,24/07/2006,H,M,3306169751,2CFS_ASIR,D
10911568,617d0ad8497a93171a5434caa0cb6e06396357db3d6d961339c67c83983cd574,17/08/2007,M,M,3306173995,2CFM_GA,D
10929912,4a64485c2abb48f552451b8735a0bc82caafe93f6b3eb886a8aee3c899f3e5d5,09/07/2007,M,M,3306173995,2CFM_GA,D
11029440,7a6ea16617d93cf77ae0aeb14132c763b4cb24c7dceab73c797047682904b692,13/02/2008,M,M,3306173995,2CFM_GA,D
11028742,5a4b59bd1366e11a3ed341153e396c47dc140d6dc57b2fe102333f232d058bb7,04/01/2008,M,M,3306173995,2CFM_GA,D
10911748,977aba794d072da8f251ee6c72aaf2ebf1848ed41887d0d6eb74b697f3ff2b64,11/05/2007,H,M,3306173995,2CFM_GA,D
10787257,fbc0aec6f44677b0db2a6fe4251c878bb98a86cb8d0ae448aad36dc44124f06c,01/10/2006,M,M,3306173995,2CFM_GA,D
10929818,8dc3c255a9e531c5463a2ed16fc4b0429688d0fc0962d77e69ec69958197f223,21/08/2007,M,M,3306173995,2CFM_GA,D
11033515,5e22f736dc999630609f615914812d74ceea569002527bc0e61d406796da634e,24/10/2008,M,M,3306173995,2CFM_GA,D
11004716,e155879b2a181cd021a116791ec4feed8f0bbb36eb34d528b51bc444f87f0518,09/05/2008,M,M,3306173995,2CFM_GA,D
11004486,e8e6a8a8c00fc135d79ec42cc53c4a4984d651138aa73336ed284cb40e8deb24,03/04/2008,M,M,3306173995,2CFM_GA,D
10960990,9826f65bed47106a615f8d18b38511aa68129cb63b42a9f9f4e6b383f44a7502,20/04/2007,M,M,3306173995,2CFM_GA,D
11043785,4719096feb943d19310402b5124587b7427e087f064b206c60d4b070001d9bc8,28/01/2008,H,M,3306173995,2CFM_GA,D
11039273,6d4c32657f9eb3c88155d586da0d251508ff35cebf5b89c3d3ecea6b1adcd834,24/11/2008,M,M,3306173995,2CFM_GA,D
10835299,bc7b30b7c18093c0cb6c39d08b1ef3d9563770d7354b46565e573677d7538eae,21/10/2006,H,M,3306173995,2CFM_GA,D
10905782,d189df2770b98e2d64e0828a21a774c9fa9b7dbb9c45b0a324b53cd8163691b4,05/11/2007,H,M,3306173995,2CFM_GA,D
11024457,ffd491f5f7166bf41ae30d12974bffba296b47704c97fe87f3c0c01480a88314,14/04/2008,H,M,3306173995,2CFM_GA,D
10787655,4dae3448767ab8eea6f48e6a58dfac328e6067814c5332f32dcdb8aa764499fb,26/04/2006,H,M,3306173995,2CFM_GA,D
10911000,4c0a7c1c8e641b182aa2ec2e7b190884d4505b8d899e98ccdda5e6e9719ee09f,10/01/2007,H,M,3306173995,2CFM_GA,D
11130963,202adb9a0392280b293a18bde636cbc531030754d7494245e1022bcd32fb51e7,03/09/2009,M,B,3306173997,1CFM_GA,D
11099540,5901c9f4ab8239b7acd72fc3b17e9c00c29a98fb372fe94fc89e2ad144ec2146,22/12/2009,H,B,3306173997,1CFM_GA,D
10906307,3f76d9f77e89966b1f58700b8389d1d86c71b442f467740544a6ec1592f09e10,30/11/2007,M,M,3306173997,1CFM_GA,D
10706021,0d3ce4db0df62a344b664d238783b466059d8ef40dc39e1d2ac8f76d709f5c12,24/01/2003,H,M,3306173997,1CFM_GA,D
11038609,29db13414f6156a4b64cb4609831a5422d28789e37727767b86e9f69f2b0d0a6,21/08/2008,M,M,3306173997,1CFM_GA,D
10899529,5af1a5f073b2109891955e1f00cb2ad2c7a42499e499857fe578c8d2e4fc9e80,19/12/2007,H,M,3306173997,1CFM_GA,D
10835148,4a345f176aaa7aea31315f8bbb3708eee3506757813e1dcc3f5878833aa3ed29,13/09/2006,M,M,3306173997,1CFM_GA,D
11138087,4446da392740774c1c5fa6374be1fb899ed5ff16681f92dea4d8ce7e25da4d25,28/11/2009,H,M,3306173997,1CFM_GA,D
10806257,7b537fae321a377817b62bdf0539a7b602be151cc117e20cfc8203b5e9d698d3,26/02/2006,M,M,3306173997,1CFM_GA,D
10907141,2ad76c6bcdab851cd192f6448a6600fa4a49981df402de9dd67d48c9deb13733,25/08/2007,H,M,3306173997,1CFM_GA,D
10747126,78fe7848e72be6b5b851da9c11aa448df0339a051cbef391f540b0dea52ea013,01/06/2005,M,M,3306173997,1CFM_GA,D
10931052,ce478b0c163de100ccd2a0947e178a300a4fe0785b1d7bb2db2dc151ef8d3ec0,23/03/2007,H,M,3306173997,1CFM_GA,D
11168289,d302ce69439804a04c1297a4e455c04ae4ebca0fca1d21cb918daba92dbe3c64,18/05/2008,H,M,3306173997,1CFM_GA,D
11132240,4d1adcee9ccc8e92ffbc415ff1fdb444cd941b9475a6f189e7e62c64b064ceee,23/10/2009,M,M,3306173997,1CFM_GA,D
11008351,76a0cd7b743d49d4075b473c6a7632e4bb368b13b9062aadbb9f2aee184a7704,12/12/2008,H,M,3306173997,1CFM_GA,D
11086666,79a3a457b3f6b9503ac713729ce405cbad38f60e86fe691dac123d3543637028,12/02/2008,M,M,3306173997,1CFM_GA,D
11136115,f1bc5525152790b52255d6ce6ccf1482d3931c43e2fa7beb41da4146abc22d4d,31/12/2009,H,M,3306173997,1CFM_GA,D
11143320,830bf32d269fd4ab5eac90845656c62e3ebec2b8158c56a2b2f963b8ae3df2f4,28/02/2009,H,M,3306173997,1CFM_GA,D
11041555,1a918000936a4facf1a966c753d043012f145f6bdf5b76d7c9273777493d111b,25/04/2008,H,M,3306173997,1CFM_GA,D
10244048,4b8eb15b73a3c9f8c82e16372d4c5b44085efe0480aea8ea4d5e57aaec97b48b,12/07/2001,M,M,3306174046,2CFS_AF,D
10679723,b69481300bd9757e8cea458981bf32f950178c128795d2793773992cf8053f2a,03/11/2005,H,M,3306174046,2CFS_AF,D
10677900,34dfc0316af042293ff6b14924e67457dcb52e57aa8dca0100ac29997608c50d,23/05/2005,H,M,3306174046,2CFS_AF,D
10819061,9030577635180b7d85b8f1d9801295e14c98f6cef024e6df074fe28c50ea9adb,28/12/2005,M,M,3306174046,2CFS_AF,D
10679722,2d57fa301a5c26f9216d40e090554d72c0e5b3665ebc4014dbe6ddda8df3360f,03/11/2005,M,M,3306174046,2CFS_AF,D
10802285,7d288cb835f794f640cce9591a5f1658bcb23539fd323334c39ed2d34096e37c,24/03/2006,M,M,3306174046,2CFS_AF,D
10961892,5c82666d143352d26344f160d96d50f263fd6ed300cd955b41f570a3e8bd9fa5,18/09/2006,M,M,3306174046,2CFS_AF,D
10824617,d713227ba1ba527c7462b9183a9fc5e64903076c58303ebad8c90b7632afb511,24/07/2005,H,M,3306174046,2CFS_AF,D
10017455,09ca25aa07834d05180154869fb9e0426189db06b926d5b266d274676611f07e,05/05/2005,H,M,3306174046,2CFS_AF,D
10789628,a3ae9bff9053d4b46265266ed59b7c9b694f115b18e335875a27b59100e1dcf7,04/04/2006,H,M,3306174046,2CFS_AF,D
10679709,26263d7fe88050b937b0ea8f30d6730171b4922c2eee39bca6f4b898c80e8f3d,01/12/2005,H,M,3306174046,2CFS_AF,D
10025295,9033cc1a6e82738a0c4fece0cf274e74315a1324155ba9e6b8ba1c1ef231060c,11/08/2005,H,M,3306174046,2CFS_AF,D
12332046,4951c278cdd7d91eef98cb34771eeebc7b7b9e48c92e19ddcfaf9ea489c521fe,19/12/1973,H,M,3306174046,2CFS_AF,D
10742998,cd81fb5398df31e0e254e3a50b9234c6f2738e9b6956a0233272eb87b3e18009,14/04/2002,M,M,3306174046,2CFS_AF,D
10840138,834577608be0fa90a111cceb0a4c15d239cf33d3183e0ae1e462275b0b4869e5,02/04/2006,M,M,3306174046,2CFS_AF,D
10835676,3f11e738a662cb5f70aa086fc8a816f60bb52258fea538501ab357e443c4f73e,03/02/2006,H,M,3306174046,2CFS_AF,D
10711948,220409c4888be076536dccc78bf14511a0f0706476e6c138fb6e0abbcc84fe2c,07/07/2005,M,M,3306174046,2CFS_AF,D
10895723,aceccba5a854d2852fb6b9990b0bc08b987f5ec77a7413b35ac1eefa76e80aa2,26/04/2007,M,M,3306174048,1CFS_AF,D
10925424,b1359f03667cebd924505de98622410d2b6d7a5386c0b109914fbb2c733a4b6a,28/01/2006,M,M,3306174048,1CFS_AF,D
10840996,cc5341323be16c1f0d22678a6edabd872635551055e9de8ebef1703e4128d38a,10/09/2005,M,M,3306174048,1CFS_AF,D
10707710,0802e82a4ef217140d95d220224dc5d2223623efbce870cc70613caddf17023e,27/09/2004,M,M,3306174048,1CFS_AF,D
10926432,bb4914a57601d7b6e74b949e808483261207fc572ef0d14f6536f6b33b535f5c,20/08/2007,M,M,3306174048,1CFS_AF,D
10254912,3a26da05f9f9fc53f432c06e1fb7e4f68eda6ad999cda2100ca5f9dda7d4896a,09/10/2000,M,M,3306174048,1CFS_AF,D
10832907,e814ed7c6e229b1b6d07d73e366e796966d2e473e644512cd0475ee757472caa,11/09/2006,M,M,3306174048,1CFS_AF,D
10840806,c5b8e3c327a41bb1f7d6c1daf4492793b49132202d245b2b9c4597888f047269,01/07/2006,H,M,3306174048,1CFS_AF,D
10737176,a48a2a3226d10c257055d56909292b059b6f9ffad7936312d422250406c5ea89,02/12/2005,M,M,3306174048,1CFS_AF,D
12788547,11f9aa4159112ef73db00943bbb5e4876684ea9f083e254f9a0b26b0fcff2abc,30/07/2005,M,M,3306174048,1CFS_AF,D
10793462,fe455b8831f682f1b6273ace56e4b5486802a45caf41b8e94f0620b97358dfed,09/12/2006,M,M,3306174048,1CFS_AF,D
10762396,f489a0c6f449f79716c2375126e78d8eb71abbff07f05248d8a0713c1be82b1b,05/10/2006,H,M,3306174048,1CFS_AF,D
10924358,2114930a969b75611e3516a217c3df47aec24ea140c8e8755c03fb8d7150431d,03/06/2007,H,M,3306174048,1CFS_AF,D
10698049,a97722fa5079cd93d867b8a808e4b6cf799565a03f03f985ebbc2a46851198b7,17/09/2004,M,M,3306174048,1CFS_AF,D
10904320,02670e13073c67b00e8bfd4528359af6f9658f852087a81040923451bb773fd6,27/12/2007,M,M,3306174048,1CFS_AF,D
10709630,f99e205d9f9f249083320ce2a1a38e6e50393515847a26066f161877d064687f,20/04/2005,M,M,3306174048,1CFS_AF,D
10699015,c313c81033ad419cc14d0e5819d5e3361f33c822253657bb36b758f23a7a70f8,13/04/2004,M,B,3306174099,2CFSA,D
11070659,3a4c790e5bd0c604d54ac7c99e6c4ba9be8b797e61c3e5e803c1a636cf4c1cda,04/09/2009,M,B,3306170521, ,D
11070659,3a4c790e5bd0c604d54ac7c99e6c4ba9be8b797e61c3e5e803c1a636cf4c1cda,04/09/2009,M,B,3306170521,1CFM_CAEB,D
11113793,3b3226a15752021d9392553f23ae8967d9dc61d53b89b2f697e78350727b9939,02/07/2009,M,B,3306170521,1CFM_CAEB,D
10706065,d42051d3d8fdaa7ed7d5569669f361abd2e042d885267be9a7609bb137b20772,30/11/2004,M,M,3306170521,1CFM_CAEB,D
11019862,9fa296f234134766411e6b29ae7225c40463074958b672097bf7f5d5ded8b918,28/12/2007,M,M,3306170521,1CFM_CAEB,D
10964248,be1241b697ed738c0408fa55a871d439ce31b136ce43c116cde6ed57729c79e0,26/03/1990,H,M,3306170521,1CFM_CAEA,D
13532312,4c753a08381d3f73f3d8441d93e17fc7f909980b757b4dd123267102fcd280aa,25/03/1976,M,M,3306170521,1CFM_CAEB,D
11103695,396ce1c99cee076feaf3b9ca65cbd3e6c493a615fdd4505e2a62eb0baee595cf,07/09/2009,M,M,3306170521,1CFM_CAEB,D
10322995,d58bef4335efbf74e53dd5a9e3adc212cad29ce419bc8a6759cd4a0bf0ad3e78,26/07/2000,H,M,3306170521,1CFM_CAEB,D
11123109,6fec9648c5cb0c80a5074d5ff4717856c123b09e5b9aa59aa4382dd7ba0c1266,21/09/2009,M,M,3306170521,1CFM_CAEB,D
11025178,69c1b56adb0aa4570e34b4169164352960623b140b715ddac808eeba23194bc5,13/03/2008,H,M,3306170521,1CFM_CAEA,D
10906500,f6ef1256e129988600e26bb64afd232f50d96507ffd673a12b1aa726636093d6,23/03/2007,M,M,3306170521,1CFM_CAEB,D
11574134,67481199ea8496e858f077127e5207d5e416f712be4728a2e07eff34bdb5a225,14/11/1980,M,M,3306170521,1CFM_CAEA,D
11106423,b4d7107cc16f2b6655481fc87101c82fe82de0a0914cba3ab5cfd8ab3dbbb921,17/04/2009,M,M,3306170521,1CFM_CAEB,D
11135046,c064ecb4796a752b5d79c339a742d47d65e6d438820ba86f565c8f9a76db18ef,04/09/2009,H,M,3306170521,1CFM_CAEA,D
10762395,7e47940d42a7f330cd1f7a1bc05d6fe1154c56653adc8797d8cfbe81e29e4087,29/07/2006,M,M,3306170521,1CFM_CAEB,D
11119010,927c7a62ed86648e35ac8b72d92b7a5063bb28b2dcfd6b422a531dc5794cda19,19/01/2009,M,M,3306170521,1CFM_CAEA,D
10914786,31f4d4532f038b6a280facea24e608534d222cf2c6021db3344dba3f24bca0de,01/07/2007,M,M,3306170521,1CFM_CAEA,D
11128032,ee345630bdaac4d2d9705749acdb214788b458e3d312cc2e1627185171ee8ca6,04/05/2009,M,M,3306170521,1CFM_CAEA,D
10839018,20b33330a118666715b95338d6304160ca1310aaffed33ee0bc89bfa06e64c67,11/06/2004,M,M,3306170521,1CFM_CAEA,D
11010717,6b8ab87d55db733dc62f4e3224ce308b5427baef9c27d4056e591493e7c2f50d,10/12/2008,H,M,3306170521,1CFM_CAEA,D
11000348,9bff5bbc05633e1fdd5824f895a8450bffc62d9b13edbca99fc15b01e2b9d513,26/04/2008,M,M,3306170521,1CFM_CAEB,D
10897940,beb86e7fd4c05b804e1b3674312aa90f6b3b800f57815b0ad93146295e3f2ef9,23/03/2007,M,M,3306170521,1CFM_CAEA,D
11014535,344db3670684b4c1d49bf4eae58f4c131c9c119ed82c0311264bb287cfdf9119,17/12/2008,M,M,3306170521,1CFM_CAEA,D
10912191,b54221d0a7c6dc3a453d21eac529585fef882c42a4926aa5477bbabf1b792b02,11/01/2007,M,M,3306170521,1CFM_CAEB,D
11017524,ee97ee944df6108b995116be5832dd1ac5fcfa282c56e2955f414542e2b4a84d,30/04/2008,M,M,3306170521,1CFM_CAEA,D
11030604,5a8211754ec64f2d99521a45d1ceb9d65a962ea112665729c4142e1bf36bcff7,16/12/2008,M,M,3306170521,1CFM_CAEA,D
10885488,a6185f69b321afe4a8ccf02b7c31cd49e45911c5e712e32660e149eeb799d55c,24/10/2007,M,M,3306170521,1CFM_CAEB,D
10893206,fae8a1ed29361e947f2b7c7fba5cb4d0473e9f8a0a05046054ed192e6708087e,31/01/2007,M,M,3306170521,1CFM_CAEB,D
10407158,399886ba07598d998209d2c245cf0f5fa4fe08e984681b93114570acc87b7da2,23/05/1996,M,M,3306170521,1CFM_CAEB,D
11116523,4871247500bf3a23d87bedeec437e0c7d95c8718e21fcc02894ce099b6a1fd28,30/05/2009,M,M,3306170521,1CFM_CAEB,D
10885786,160000bb4fda5f4b541006de206faf3d75e6eb589cedf7377a860d33ceb0247a,20/11/2007,H,M,3306170521,1CFM_CAEB,D
11028307,01d1ac8c4e7b5670123ee1f6ce01fea708bd053b654717cb7409047ffae8e9f8,26/07/2008,M,M,3306170521,1CFM_CAEB,D
10916309,2fa11b76b94a93b33c452f3bfb43eb77de8e981bf3f2cb495fec50ea55b8ee96,08/12/2007,M,M,3306170521,1CFM_CAEA,D
11906482,f8ff923f10fabdfcae1ad34c2eaed9f222db53e73472623b27b6b728e32fefcc,13/01/1969,M,M,3306170521,1CFM_CAEB,D
10897219,f84bb803a747e254d8725d4f7ba3de78b0c1b6583f8dd317bc6fafd1eb58ce49,28/03/2007,M,M,3306170521,1CFM_CAEA,D
11043164,c62b7817deacc511002cf1191a00fa82ec98e4a56c57299534f98da4dbd78fc6,04/12/2008,H,M,3306170521,1CFM_CAEB,D
11096252,f7c391dd0ce677298914c79c93fae72bfef5b32fcfe12f521d306a6c4c4968c7,06/03/2009,M,M,3306170521,1CFM_CAEB,D
10803834,692abb08c6fc694a3d5bf99c2f414648eb2486ca1f30826d0b5c742b0dd52cf7,14/11/2006,M,M,3306170521,1CFM_CAEA,D
11103555,471a0cdf0f4c51d582707d205456ba8a433b4b00d75e768b25c14ab0088551a7,18/11/2009,M,M,3306170521,1CFM_CAEA,D
11013996,00b29618fe731c264688ddbaea8ac9f9e0308bc05197e187ad3198a8dfb2bc35,13/05/2008,M,M,3306170528,2CFM_CAEA,D
10698491,47e075f8391979ee2c2227f04f40f9532242acc535ce3b47919780bda91a0846,11/04/2005,M,M,3306170528,2CFM_CAES,D
10906346,f89d0fef5c07e273f0d4c310dcbe57f2dc86d3f9f06764ad8cf287cd6b4b53fd,11/10/2007,M,M,3306170528,2CFM_CAES,D
11004261,39f2a28edee8f1ce3039776c7dda7d14c79497126eab66115f0ed0b425bcbc34,12/02/2008,M,M,3306170528,2CFM_CAES,D
10895653,4bf3c3f92c6b8a0105aa9c893b52ca51dc5b724096e319195006e8f96ea86aa6,10/11/2007,H,M,3306170528,2CFM_CAEA,D
10506539,a6d9454ca95594fa319195a1ff223633ef3f3c397655444641c1424a9a794481,27/08/2002,M,M,3306170528,2CFM_CAES,D
10767533,2c227b2f230152a1cc0c56860a827826b5921cdc189cdbb160e56eed8e922be8,23/11/2006,M,M,3306170528,2CFM_CAEB,D
10894182,68a9c0c77baff2ea5711193d84fb108e6922c6adc88b824e1923534e86d73d8b,30/03/2007,M,M,3306170528,2CFM_CAEA,D
10260898,f5e1564a41aad8006af9de19aa0015eea806d32cdaf18ea1d87e55c805161251,04/09/1997,M,M,3306170528,2CFM_CAEA,D
11027241,e8ec04457f08a71e126beb4e7ac767462bf980c26dd26395c90a3792d98fd625,15/08/2008,M,M,3306170528,2CFM_CAEB,D
11001548,2b1277c15eec70ee8c865cfedf9529aa27e4d2261a1c0c05c468f48f6a847775,22/11/2008,M,M,3306170528,2CFM_CAES,D
10927446,61adbc4bc1b6fc707935a7c212319e848e32b0b42917fb0dda8809af08623e7c,17/03/2007,M,M,3306170528,2CFM_CAES,D
10308806,63fd3062e15131011cd82e96e5d00eb543ca9a366efba2c14fa3b66ed284d9b1,25/12/2001,M,M,3306170528,2CFM_CAES,D
10901871,c91b3028ae74f151bd47d3daab50fb914a47d17fc01865f9b8a76b7217b680db,08/12/2007,M,M,3306170528,2CFM_CAES,D
10783770,ac6d655ba5522c11bd09079d66620b4bbc16c1428edd3ee74654c7ae8e2ba61e,19/03/2006,M,M,3306170528,2CFM_CAEA,D
10924060,9c554598c9cfb42b45964efc5e091af176e6abe04a94d779005f77249ec6d022,10/12/2007,M,M,3306170528,2CFM_CAES,D
10464351,a75745d0f0f96905cc749ea387a49cccfb6d11f2220a1710250d6a858065ab6e,09/08/1995,M,M,3306170528,2CFM_CAEB,D
10801002,fe864cd604827a553b55b44bac19c00807e931ed74719b892b67055abaccdb52,10/03/2006,M,M,3306170528,2CFM_CAES,D
10904182,fc6831ef23fdca161556992118d310d9ea9d76e15bf36e8afe43d9910d5ded9c,20/02/2007,M,M,3306170528,2CFM_CAEA,D
11735453,2e560b4bfe9fd7723125f3038c32690ee554a264cb0656bbbf201569996ae420,17/03/2002,M,M,3306170528,2CFM_CAEB,D
11328075,bda886c4c334f1c94468563a32be4c8e722c2c205264331d347ce6bca5ddd24e,22/08/2007,M,M,3306170528,2CFM_CAEB,D
10017418,b7f57af1ab989e8d061c404017b73e52b51fb89e4a7a9a12a7becd1e6b8fad72,03/01/2005,M,M,3306170528,2CFM_CAEA,D
10913310,8bcf5ddc7aae6925054d9a7db60a4fb72af1404f7d7d745b3bf0636fe20b606d,18/10/2007,M,M,3306170528,2CFM_CAEB,D
10777684,854242cf1be9050e64b2c5d7aa5cee919fcb6b3c06c3f55452ad4539238c1d3b,07/01/2006,H,M,3306170528,2CFM_CAES,D
10793625,b05e5dbd54f15a9a7689018b1e6cef3cdd476c631dd184fa8098ad10438ebc44,23/03/2006,M,M,3306170528,2CFM_CAEA,D
13452193,22ace721b2025c986eca0067939eab5441b4951434aca4723335fbd31fae2370,27/06/1975,M,M,3306170528,2CFM_CAES,D
10471049,ce4a9eefb194690821f1a1739dfd5524b21ad95814dcaa917bcb8bf095e39f29,09/12/1995,M,M,3306170528,2CFM_CAEB,D
10904286,5048b35ae189ce6e9cb6e388513315fb4e59bcb651f2fca1b2f2d343d9722f03,15/07/2007,H,M,3306170528,2CFM_CAEA,D
11032717,8147670a1b498337203378def4c51bb13e2f26ff4b5a9a287335f4cf519e3406,14/04/2008,M,M,3306170528,2CFM_CAEA,D
11048215,90f267e045eb09a89530afb453003f5657588e257ede905356b38c531ab28159,28/12/1990,H,M,3306170528,2CFM_CAEB,D
10681066,0b6c032fe4b4d05a9a6a01650e97a033d48cce73f5a93cf0dc660645c1757543,03/01/1989,M,M,3306170528,2CFM_CAEB,D
12630701,5bed74b3faa9341b070cc5021322452fbca66cf73f4d3e506046c0343e22137c,19/04/1978,M,M,3306170528,2CFM_CAEB,D
10718947,aad730a4271d0c89e4fb15c0a7a6d846fd1a428e5b4e8af4744c28b85f994cb2,10/07/2004,M,M,3306170528,2CFM_CAEB,D
13246042,7b0a7de4fe72edf051f7218b8d2d5b294894ffe32dba5b817ac6549c97ba6e4f,16/11/1975,M,M,3306170528,2CFM_CAEA,D
12373449,df7d150c5fa1b58d6acec325f000787e66a52ac52bd2ef54c78fb35a2d788872,07/02/1974,M,M,3306170528,2CFM_CAES,D
10724616,af9679573824235efdd46d2a7f7e817fa5c0890d116ac8af590fcfc8f18eeba5,30/07/2003,M,M,3306170528,2CFM_CAEB,D
10428502,1e16e01171891f0dd96ad7d0f4b494fb854ff0db760d4ff272b872d813ad8caf,23/03/1996,M,M,3306170528,2CFM_CAES,D
10401257,dba246edc9d197f7c793f25cba53bda4887fa131c51d7d246e16e4bc6a643d9b,28/09/1999,M,M,3306170528,2CFM_CAEA,D
12151166,4ae47b5320efbb63e97daa1b853249c9f399868f8c2dde1267ec6d10aa7d59cf,29/06/1992,M,M,3306170528,2CFM_CAES,D
12451319,bda68961849c9bf6e3c1ffb1e57aad97ecaf89f699556f8c5b354a74bf6470fe,21/06/1982,M,M,3306170528,2CFMI,D
10491541,5f42c3c034b995311b1f4e67918dd6ddf1ab530e05b93a4f0c26fdc6f8e2db72,23/04/2002,M,M,3306170528,2CFM_CAEB,D
10333832,e6f1442052f33fa3f86cc6695140f39e3a7bec24cdd7d40827cef8089330a621,06/07/2001,M,M,3306170528,2CFM_CAEA,D
13124410,a1c372176b65f61d5565d8fc3a1d7aa3ad0e7def1b8a7a8c51b9a580824a9dab,21/02/1971,M,M,3306170528,2CFM_CAES,D
10244186,aa754bd99fe1ad5e2ed689b4361aea01f22585bde68bec4392855bb5c1e47b9c,30/06/1995,M,M,3306170528,2CFM_CAEA,D
10496467,ba1b94dbd4dd171d0d41c11919584e31002169b05617384a80adb7c581944542,22/08/2002,M,M,3306170528,2CFM_CAES,D
13289936,2432a7573e5c6bd5164f2f391bdd0990d552e7e91c490fa7d5c254889d9648f5,08/08/1981,M,M,3306170528,2CFM_CAEB,D
13365806,1841cc4b4509f68455a45902b8ff7acae959dc58e44a277aa40ecc3da97a80a4,09/09/1972,M,M,3306170528,2CFM_CAES,D
13458439,577603556d8d271e9b8629004d8e4c8734a4d9ee18b7400df7d4232f01f57f00,05/06/1983,M,M,3306170528,2CFM_CAEB,D
13514018,0435e7119f9a0b6cf745c2d819e5e9d104dbbb791344c5ad0c2b102d1bf0f507,24/02/1978,M,M,3306170528,2CFM_CAES,D
10585531,8d38fc4b059aceed45005f5abe5d65c764764f9d9d00f59d748084716aa11fbd,12/07/2002,M,M,3306172330,2CFS_AVGE,D
10835750,570324a3f4f13f5cb39be89cb56b4a631b87699d977cb7e7e50d81e503992f5a,15/07/2004,M,M,3306172330,2CFS_AVGE,D
10766449,5815ae76c52dc96670a43ada0bef3fca26e0a9cf3642e1f32462888e5b29a92d,08/08/2006,H,M,3306172330,2CFS_AVGE,D
10820272,cf3b2437c4a78849a14d576bd8e9aadc44d5584ce0b5e13ea07d41bee335e585,09/01/2004,M,M,3306172330,2CFS_AVGE,D
10698109,d59828c8858a8aa6e4bfdf9de219dda94829aea58bba23c832973ad4b0f2ac91,20/09/2005,M,M,3306172330,2CFS_AVGE,D
10415316,a864fa96e415c51cea8c7872ca7a2b927468e86fca7d0292f4221c1c23c995ca,04/09/1999,M,M,3306172330,2CFS_AVGE,D
10698462,f38bfbaf7d363779997e6645a874cf04e1e238dc18a381fd704ac3c96c74a6ba,17/07/2004,M,M,3306172330,2CFS_AVGE,D
13456027,92ea44c56017ddf88eed125988771732709a4ab514365615cbd630dbbbfcfcc2,17/03/2005,M,M,3306172330,2CFS_AVGE,D
10699044,839858b096ee21f604b7d5e4cfd733b459c00128a221dae897d8141bfc11b5c6,17/01/2004,M,B,3306172332,1CFS_AVGE,D
10761972,7c43abd1c637e9e07d491c7e521dc70853021a29e72c7a683e5a51df1a2fa043,09/05/2006,M,B,3306172332,1CFS_AVGE,D
10679844,6b22009d67835187af1946b815946f213a3bce3f0910e5bce9d1124986b51b77,30/01/2003,M,B,3306172332,1CFS_AVGE,D
10901620,6257a9a59df0c17736a239be2fb31a3af20780ea71c24f6c69ac0ac4b64a18f8,06/02/2007,H,B,3306172332,1CFS_AVGE,D
10761918,9a594284a624f005c9a0bbf33f8cc35dad8d514dc02550e2989f6e73c69afddd,24/10/2006,M,B,3306172332,1CFS_AVGE,D
10792793,7ea803ad066cfe449d52bb15e0662bbee4471e325fd09514bb3420f086a2d165,20/11/2003,M,B,3306172332,1CFS_AVGE,D
10895710,358864eb7f880650a3d9c0b046748460a87eec511f182db8f2c968536dbdec15,27/12/2007,M,M,3306172332,1CFS_AVGE,D
10780778,c2869fdd120f23b2daf756564ca58c75edaf7b636470ec554984ec163ebbd985,11/06/2006,M,M,3306172332,1CFS_AVGE,D
10725092,0712c4dcd62a3c3ed1c9249582a71b62e627da885ef611ef5a373c0cd1f97355,25/02/2005,M,B,3306170617,2CFS_LCBA,D
10862678,f78928cabef44a00a6a6bcbf6b3d8db736fbc2ba322090484dbb86de4fc52c01,03/08/2005,M,B,3306170617,2CFS_LCBA,D
10737223,6f5d23bcb299d479b29b2de8b3c5ee1ff1e1d72a94243a023c014a93fb6195e4,25/03/2004,M,B,3306170617,2CFS_LCBB,D
10799612,5a3956f3a428c235fc77599280749b4471722221130c2a2bccb7b0ae0f51d074,07/10/2006,M,M,3306170617,2CFS_LCBA,D
10781492,08ce953e98907c10f69345df8871860e5747d18f72e0f26bd5169ae5aaa5794d,14/02/2003,M,M,3306170617,2CFS_LCBA,D
10835968,26d8f5af69ce43a77bcc86169caaed820b010168b49e7d3cdc17d0981feed164,01/09/2006,M,M,3306170617,2CFS_LCBA,D
10834174,9c837b64975135f1c90f69e25c22218be22a268f131342211376f738dfc6cbd1,15/02/2006,H,M,3306170617,2CFS_LCBA,D
10742238,6d4791a64cbeee4acc6b7eb98156ae355876c06c50bcdaf7678896e641fdd461,09/04/2005,M,M,3306170617,2CFS_LCBA,D
10378823,851790de7bf75b1d02d6a1d07613c25fd739030d80c81748b9ae1e173b0370c3,07/07/1991,H,M,3306170617,2CFS_LCBA,D
10944114,0b5816ac6d75c2b891690a04c28bfea7e0662a7f9209a00339870385b62324d4,21/06/1983,M,M,3306170617,2CFS_LCBA,D
10666170,535e9292bb50da752e63f5019bb94b096bb9bead335f40fe8dc30f8e56d8898c,16/11/2005,M,M,3306170617,2CFS_LCBA,D
10803120,20b68553616b7b0d0d41ad60fbf894b4294f200acfbf64ef41fd50b7b420fbba,04/01/2003,M,M,3306170617,2CFS_LCBB,D
10827153,6b785a60956772faf9223a4c1651ae5af2b6302b621906384750d3ca50811299,03/03/2006,M,M,3306170617,2CFS_LCBB,D
10993836,029d780d17443d2c3822a8e63005491eeed9c27720b0e33afe9a57b9e789c426,27/04/2006,M,M,3306170617,2CFS_LCBB,D
10809557,bb7ebd4ccdd546ed6971dd488d5bd7972a14dde0d7af7d6061c64ccd05baf3a9,10/11/2004,M,M,3306170617,2CFS_LCBB,D
10793376,1030c544617c20a7d921d2b1b3e8d6cbd79310e8a1a47ef010e1b89c4a93692d,03/04/2006,M,M,3306170617,2CFS_LCBB,D
10819488,c51432dba34a6116dddceef23dd86f44ec3d620fe461f4c8138bba51b411484a,18/05/2005,M,M,3306170617,2CFS_LCBB,D
10786004,63750ee3386fb84f4df950411409a25fff07f632375785f5b04717385461ff76,10/07/2003,M,M,3306170617,2CFS_LCBB,D
10711950,66f31625065a5442b4dfba65daf95e9658cc4c0b8e02d171fa0bb59a24a2f565,05/05/2005,M,M,3306170617,2CFS_LCBA,D
10776515,b621a5414941d2c28d916b6a0ef5855caa97573069c568323261ace392527f29,18/10/2006,M,M,3306170617,2CFS_LCBB,D
10725869,254f3a594abcfb509c130c53a81247097fa1ebef4b297f11e0c79ef1bc7a965b,28/11/2003,M,M,3306170617,2CFS_LCBB,D
10413312,c1ddfc419a6caeeefdcab125d336f6fbc6ef3b80d2cfc1a9fe7403a9903e2059,08/08/1992,M,M,3306170617,2CFS_LCBA,D
10687463,e7cc39041cf02bc5e27f481a0c3feed6fa5dce44d79325df12b8dc91d7cc8e63,22/06/2004,M,M,3306170617,2CFS_LCBA,D
10770501,3f6d002dfefd3cedff6517bad262a3208b1769da33ed067f7266776f4452a66c,12/10/2006,M,M,3306170617,2CFS_LCBA,D
10729560,1a4c625f083a9b7b35001cb79bbaba2f72689d3daee8e6d6c3d3fa2bff658aee,17/12/2003,M,M,3306170617,2CFS_LCBA,D
10780789,521176c9c26473c62dbc6ed16282cbdf2bd5d822b0dfe6dce39fdc768bd38b00,08/03/2006,M,M,3306170617,2CFS_LCBB,D
10842025,714c83187ddf2df7b496ab2654cc3e9ddbc9d6eec7fca2065fd179b166125110,10/02/2006,M,M,3306170617,2CFS_LCBB,D
10798915,28a4bdc7b432c513a79e2d5d47efd8eb4bdf1e6b47444bbf11fc95f65e91e8af,18/06/2006,M,M,3306170617,2CFS_LCBB,D
10809667,9d68d4ad5320824d79349e53e6dc03574c9f4db678c84512de96314ed04247c1,21/12/2006,H,M,3306170617,2CFS_LCBB,D
10515381,89eca5b02f3fb7238e278b9796e5e7eb953e8a82dab3ae09647954aad29dce53,30/09/2002,M,M,3306170617,2CFS_LCBB,D
10546650,4cf0c8c7d9a51d1a3aee3b36eac93b7d056f94fc8da43ee6c3930c4d97207988,04/05/2002,H,M,3306170617,2CFS_LCBA,D
12731717,043158826f23ad00b84d91ba0676a8c52f869e7b7c86294ce43bff95181fc0c9,25/02/1977,M,B,3306170619,1CFS_LCBB,D
10765621,1683cf3380d4c38c5ef099f352a2aac4dacc4fb021c88d84cee039402ebc67a4,22/12/2006,M,B,3306170619,1CFS_LCBB,D
10883253,55d0f1c10bbe32b01dfdef69f8eb452d89479b7d04309956249cc805a349be0d,10/04/2007,H,B,3306170619,1CFS_LCBB,D
10646210,151abdb66e6c2ae0a903f9fe936983c1763c2b91651568d40dc72f9a0b46b5b3,07/03/2005,H,B,3306170619,1CFS_LCBB,D
10911758,b5a9ad7ff6abcaac73bb2bbf40c10df21065e47f9a19f5ee493620bfe3a4ef09,11/12/2007,H,B,3306170619,1CFS_LCBB,D
10887837,82bbfa2a6e03769660a32a35983820f4bba23030c1e121733ac58f90f6575444,25/02/2007,M,B,3306170619,1CFS_LCBA,D
10921104,d510922c898812a3dba1793129446dde37049d9a325af0621a5ef317c3093d20,03/01/2007,M,B,3306170619,1CFS_LCBB,D
10823861,0c5b7c0f019936adc18e1aeff482d0a5232356780bc4f73d3d3b4936cfe617bc,16/04/2007,M,B,3306170619,1CFS_LCBB,D
10027392,a9cd26123f94837b6b6581513c4e83f283a390a4928ea1ca1d86a005f5a03379,11/08/2002,M,M,3306170619,1CFS_LCBA,D
10807595,54cb1daf59c93b2ef5b82fa6a26eadcae2003219e9a38d332152f65594ca6d74,16/11/2006,M,M,3306170619,1CFS_LCBB,D
10730519,129ff5074a9d8963914312306169cef9ec6e50014df59b596103b34a14fe0f2b,20/12/2005,M,M,3306170619,1CFS_LCBB,D
11082700,f106cd911390b807411ec07586c893c4e414e518c5c79ce254beeb5c9d711dd9,30/09/2007,M,M,3306170619,1CFS_LCBA,D
10913687,285c90facc01ce2cc44a71dfc2f6be6a30326809a4c6841ad8c4b953562ffc7f,28/06/2007,M,M,3306170619,1CFS_LCBB,D
10889150,04bd6aca5e55504a54c1e8225054c020313805e341a57c723d2f246f9f12bf3b,06/07/2007,M,M,3306170619,1CFS_LCBB,D
10769318,51ae794f362325c7b455afe3b55e0ccf166d267a01161435b22b15ccead0a10e,30/05/2006,H,M,3306170619,1CFS_LCBB,D
10702473,c7f2b97af821c3970f2fb9f9ceeb516daa73fd4d0dc4c443f3d1666a3e94aef0,13/07/2005,M,M,3306170619,1CFS_LCBA,D
10736761,e5fcd6e0caf0b6480bb6727f448dbb99be3c71516dba3f54a5dc43f23ac92d91,04/03/2005,M,M,3306170619,1CFS_LCBA,D
10834105,9601794e21eee8d4e9340830c55531199fdff21bf4bf150dda209505d7edcd44,20/08/2006,M,M,3306170619,1CFS_LCBB,D
10709739,77bf68cf7d10765b88cacaf6f1466ed3ee95d9fc73ef4d92b26783caef8aff64,09/09/2005,H,M,3306170619,1CFS_LCBB,D
10914260,a4d621e0da2180da8093ff196edd735dc60dfc835528941f2075329ce8fb394e,05/03/2007,M,M,3306170619,1CFS_LCBB,D
11790026,944d90961828db4b8f4982fdb85f881d31a2de3db0d2e0ac47a57f7dfb2a51e8,16/11/1983,H,M,3306170619,1CFS_LCBA,D
10884022,86d3f4b365111766bbf73a2a75c86ef96c16ea0729d6672bde9bdb8eed971889,04/05/2007,M,M,3306170619,1CFS_LCBA,D
10706077,0dd8dbae78ae37a738ac8703a1513c9efa8fc2f89ab8495efc9c5272430ce72e,20/10/2004,H,M,3306170619,1CFS_LCBB,D
10784831,e361b507d601e7ad40d5517081772ed4abbc67d3fed192c210464541e84b7e4b,01/07/2006,H,M,3306170619,1CFS_LCBA,D
10931524,8cbd859642b4c5c87a36caf2481f495378f46d530ee1d00305df75c26ff07f5d,03/07/2007,M,M,3306170619,1CFS_LCBA,D
10636216,4f35c43815ac6e5e7abca04660cde103d2c1aecb208fd1d8df2d50767f58f170,28/11/2004,M,M,3306170619,1CFS_LCBB,D
10892991,b1ced39da414f80121e29660a59912bca8f7eb8f9e670df57de4d4a1b81561a9,10/05/2007,M,M,3306170619,1CFS_LCBB,D
10714135,7fab9710312d22bd5563b554839875c8e24351daaf8ea28ef4c26d28aa268cbf,22/03/2005,M,M,3306170619,1CFS_LCBA,D
10786265,a50945ad98684ed69729dd88507a1bc5a91514ba2b2e013c98c96c79c757008f,21/09/2006,M,M,3306170619,1CFS_LCBB,D
11337604,fd1917618aaf388658685d5c7b2585920f0fe9a33eeefb744da96c35450b8159,04/12/1971,M,M,3306170619,1CFS_LCBA,D
10918418,c97d7f46eb12f3cbab6491bbb40062850b680be932580b580975e8723cc22013,30/01/2007,M,M,3306170619,1CFS_LCBA,D
10515804,cd4200f53d9f75a804c62be27a899cd74df42ed8b35947001b8aed8b4c9b0abb,06/03/2002,H,M,3306170619,1CFS_LCBA,D
10678151,f406aa99c06362d8a7029b489d3b69558a915f596dec573d1a642541a56c4f82,21/07/2003,M,M,3306170619,1CFS_LCBA,D
10711961,90422416acfdf42efb04033f8a6ca704ad0fad27e4a329bacd25d9240b9fe283,17/04/2005,M,M,3306170619,1CFS_LCBA,D
10677457,8023acf230e0c1de033228349cb74e1306a19abf733ed6a89845b227e42da9ed,02/12/2005,H,M,3306170619,1CFS_LCBB,D
10927613,e24675c0c15a7b2c16a089e9999cddec8a310948b51e31ef41f2640c1566ee14,30/06/2007,H,M,3306170619,1CFS_LCBA,D
10918779,c5dd76e1041cd0947e47e2157799e449da80f2c3075def10595c0c3d08b2051c,16/08/2007,M,M,3306170619,1CFS_LCBA,D
10903526,c40a2d16c01d4ccb273c2e7d1492b03ecf9c02dc0266309bc6a2b0ed55743c6f,18/06/2007,M,M,3306170619,1CFS_LCBA,D
10920136,125423ebfbf7c0a6ddeb15614efafbcee1c16cc75b5ac22e57deb42715462661,08/07/2007,M,M,3306170619,1CFS_LCBB,D
10911185,8447addaf4374460635f4bebada92d23ebf48573bd8331ef95e6075543e6f6a4,11/04/2007,M,M,3306170619,1CFS_LCBA,D
10610022,a3c657165223c22f44a362608defa1a0902e7eb8d86ccf04a762699e947a58ac,21/10/2004,M,M,3306170619,1CFS_LCBA,D
10762965,87d7714fbc49660e7fb6f9d67b4864a3212fe7724bbfc4d9bf6da9c4a875b9a4,08/11/2006,M,M,3306170619,1CFS_LCBA,D
10899960,3275d8508ffb2a4b81ff33120f11c476173454aec7beb06419c30cff160ec13c,18/12/2007,M,M,3306170619,1CFS_LCBA,D
10814469,9b960f2dd1c8e9d74227c2a2d7932fc786805d7ddc21ab0f75ac8d7782477e45,08/03/2006,H,M,3306170619,1CFS_LCBA,D
10914452,1569dc5c91343d42cbb6583e7cbf45071bdbd5b38322602caeddaab7e94b1735,09/09/2007,M,M,3306170619,1CFS_LCBB,D
10659496,fc3051ec8c877d6e7028bdea7766cd9e5a1574fd1efb0ae246b8f1e3de74b236,15/08/2005,M,M,3306170619,1CFS_LCBA,D
10678410,e45f018b4a8016adfc4f225d73159afea02fe67d3aa4d3bd855608b50eda30a1,08/10/2004,M,B,3306172053,1CFM_AC,D
10787493,66b530dd3f951b832ba2011d9cdfdbbf91cececdd1371620f8cea0eb4bca180a,04/06/2006,M,B,3306172053,1CFM_AC,D
10912710,4f50ccc6ad7e54a8a4dbe72a3121bc27955e6b31f069217760661021234f6205,05/09/2007,H,M,3306172053,1CFM_AC,D
10698000,c2b2b3a3de55d8938a42612b60f4832c0a844feb42a02285301c2b6e2d0159ca,10/07/2003,M,M,3306172053,1CFM_AC,D
11106237,f55d009d4a82d991bf7680aa0c85222c31ddd01b75253e8bad2ff4dec68d9a83,19/02/2009,H,M,3306172053,1CFM_AC,D
11120345,1d55cdcb7353b630030ddc59b24e4f3c977bd0aed093716d4d242bcef4fa7488,30/04/2009,H,M,3306172053,1CFM_AC,D
10803891,1c124d2f423179dba7b8b27df14d4aa56d9063e47057f931e43cf2460803b169,01/06/2006,H,M,3306172053,1CFM_AC,D
11116442,8ce38fdfbea998fb4c9344e461d582ba341ec77d759e1ebea748ca7b97b217fc,30/06/2009,M,M,3306172053,1CFM_AC,D
11099468,09de0a01e0ce301c39adc317af10da2a5e4836caca9dbd0aad507774dd704352,24/03/2009,M,M,3306172053,1CFM_AC,D
10905076,7f06582be9eb92fb5712e2cc4b2d6cdee7d586ceb8354d2660068c391dcd1ef9,17/12/2007,M,M,3306172053,1CFM_AC,D
11117078,5baa0c8b9c6183905d611e85b04640ac7c881024746e05738d7a6fb2c9a61083,30/09/2009,H,M,3306172053,1CFM_AC,D
11036037,b929ad722dc74d19c36ffcdb92840ffcc19d803e9fa4083a2e83bc3a1feda273,10/10/2008,H,M,3306172053,1CFM_AC,D
11114298,fef47defe6a89b9f372c2f336ef16a0a6f902e24b80330191732aa9242a798ae,19/05/2009,M,M,3306172053,1CFM_AC,D
10803879,86a46527f2689f745ffc8da237733cd4e0684bc34066d2aaaff0fad3b23198de,29/09/2006,H,M,3306172053,1CFM_AC,D
10915769,2d684d72506d9dc74ce74417c1ef20e613798520fc71ccf11f8e4dfe0005011d,09/11/2007,M,M,3306172053,1CFM_AC,D
10931235,9ab723b4019f3e16ad5c10d1ab5de06f1792288f7305e456e918765408ca7734,21/12/2007,H,M,3306172060,2CFM_AC,D
10924853,3d60261a4ac1f22fe75c273a5f8431a2ff3edfa5613cf633db6e7599e5e9e253,04/01/2007,M,M,3306172060,2CFM_AC,D
10776722,30c213d4f2a60b35c5230a52be2c3282e29a7caa290f1bfe097e25f6faf72451,02/10/2006,H,M,3306172060,2CFM_AC,D
10899896,f82a505e3dcf5ed15ddbce2d460a6c87feee9ad91dff0dbc4efe28b4d86b0987,16/04/2007,M,M,3306172060,2CFM_AC,D
10904203,84f394186cf8b5baf08e8611eda96a23956d6557b8bccf2c3f0860a0f4f8c86a,22/03/2007,H,M,3306172060,2CFM_AC,D
11184512,e11165d5ae4887ac8431443a9221c2fc040ed79f9c50af11d09bb9a410885324,07/10/2008,H,M,3306172060,2CFM_AC,D
11040995,15d83697f0d0547a10f8baa53fd9f539462169724d97d28c0ada2a1bdced2a71,10/09/2008,M,M,3306172060,2CFM_AC,D
10805007,f9483a783da47e92143aba7d344b80bdf6e619d92bd6f1e742be66f26ba19aa0,15/12/2006,H,M,3306172060,2CFM_AC,D
11004108,fa812961e6e4b0f76464efdfaf3e4d6cd45a0888ca545501c8e1bc468926e9c3,21/07/2008,H,M,3306172060,2CFM_AC,D
10889537,b11523a518a41d2566d7462bf552aa81a8ab3f22f9860300b7e15d5e327a6764,28/12/2007,H,M,3306172060,2CFM_AC,D
10838901,cb2ff889d23797c619b4a8fbe5038cb8b7a2820e560107c786e439cf156898ed,09/08/2005,M,M,3306172373,2CFSJ,D
13263308,970338bceaa6b3d8aa0d6418d69291f0e47027576c410ed9ae68a5dc9e927b79,24/08/1971,M,M,3306172373,2CFSJ,D
10852104,5a1334d9cbebbf72ce61d0fe138d8dc5e5c42bff14e0b253d20b75976dc86c28,04/05/2006,H,B,3306172403,1CFS_GIAT,D
10790662,d2d8d5f90c70af0cc497ca6d70aa8339a3604d64b3903152ccff744fbfecab6c,03/06/1998,M,M,3306172403,1CFS_GIAT,D
10755482,6ee2fda7a04be55e0e46846dca164e013ce0d129a9d272af628ce50e0886caf9,03/02/2006,M,M,3306172403,1CFS_GIAT,D
10911448,93d2ee87131f0af65bd6ac5f74e5fbe510796e9f80b2ee1c7fe996e59bbe41ef,01/11/2007,M,M,3306172403,1CFS_GIAT,D
10610202,4d519af56d61be7920e576dfb8507412994116bef97c4ff819078193d648355d,03/11/2005,M,M,3306172403,1CFS_GIAT,D
10724848,b702963d2b1d056a88c084094979a8ecdde3352eb9440b1233b3a399c151e0a9,20/11/2003,H,M,3306172403,1CFS_GIAT,D
10690363,9574b5e307feb6d7ea907e76f05db92f0bb9b4ce10400b9ba88d4d41ffe9f794,31/08/2004,H,M,3306172403,1CFS_GIAT,D
10652392,c8aaa394e7c611227be81d38465299e25f7bd68112a037579c3edf3970542da4,01/06/2005,H,M,3306172403,1CFS_GIAT,D
10790903,1d56c1aba21c2e4e945844cff1c9e078bf6aea25ff3578888fc48c0f620d3616,07/09/2006,M,M,3306172403,1CFS_GIAT,D
10687498,4473776d8550f0e26ea69f970c395ad12262a73ed21caf928a6ae0a5838407e0,21/02/2005,M,M,3306172410,2CFS_GIAT,D
10759237,a8a6c95f9c3e4c4d71b42ae05595dbbd4b70c72bdbbc89e9f1b4c1eed6ebed66,01/06/2006,M,M,3306172410,2CFS_GIAT,D
10749811,e09201fb3a05502e757976a0bdf3194d3199d1c72be0904f641f8dfe005cfd63,12/05/2004,H,M,3306172410,2CFS_GIAT,D
10320497,b622c320bb716e24ec6149cdc84eab59af9b33377acaf1c687cb6a29e50f0012,13/02/1992,M,M,3306172410,2CFS_GIAT,D
10808311,a3e8152dd79ff03d19ae28893f65a39eeb7245790780b3c11f50a40b246fc912,20/02/2006,M,M,3306172410,2CFS_GIAT,D
10761594,5ac0ccf7b03c925e90a7cdc78c484156c9925ff97cd55f1f69cc0bd15f9f097a,15/12/2005,H,M,3306172410,2CFS_GIAT,D
10736502,0e09e63a480968b2b9de29c23205ccf13439835c187fb64b4e4a4fa5385bb380,26/02/2004,M,M,3306172410,2CFS_GIAT,D
10676318,44b98d99f297a377342edf9874ceeee401c67145edbda8f0eb43dbd9c90a4db5,29/03/2005,H,M,3306172410,2CFS_GIAT,D
10733702,85cde823c8fd3d605670bdb8ed42030bd34cfc12d3aa952659e2b28f3aef7a5a,07/01/2004,M,B,3306169433,1CFSG,D
10924797,99bec420ee10a2dfb812ee0609d204a3ac76748f462169669847044ea16486fd,16/01/2007,H,M,3306169433,1CFSG,D
10321931,7e7615cd121a4b7624a0cf847ba3253060610bdd12c430acafbe5716dfd06416,24/08/1999,M,M,3306169433,1CFSG,D
10835151,b87661b10668e624455bcb48497ad6ea464e886e4c442c1e374ec00edcb54e49,04/07/2006,M,M,3306169433,1CFSG,D
10680218,b467c1753742445d1b0f330e23a1fbd0977d99d2cca63bc3d636e8fbfe531620,06/10/2003,M,M,3306169433,1CFSG,D
10696608,cc11f393588fc05e7d79f835888217f23bc313eed0dbb706cdb83a420ed6f471,13/06/2005,M,M,3306169433,1CFSG,D
10024790,a7de47893bf83031a49ca1889ef6a831f3c194efe054378dc06449f5cecef870,26/05/2005,M,M,3306169433,1CFSG,D
10783295,4726c140b4394b5f898fedf1949c0ef7caf96fccced6de0b749a979c55b22c2c,13/08/2006,M,M,3306169433,1CFSG,D
10757281,b3c677992393f50ef55fbea88a514911eec2207a26bbaa94ebe33a365397f666,31/05/2006,M,M,3306169433,1CFSG,D
10780813,bdd966a1887746e03c2c32e316599fb37651fb08293bbb5a81f7678da086082f,21/08/2006,H,M,3306169433,1CFSG,D
10802935,5423c56039fa03498f672bb26412a38e48acd6fc3a03f3e974758afdbe74d4c9,04/12/2006,M,M,3306169433,1CFSG,D
10837040,0f36f69ce2f4649b219dc0941646f860580e64fa7d25179a2afc2829c6b4d271,07/10/2005,M,M,3306169433,1CFSG,D
10657391,0dd888d59d0cb30b4ee2cadd86c0095786be136097e6dfeba339baabb638c078,24/08/2004,M,M,3306169433,1CFSG,D
10745463,cb5cea1f7e89902392a1f991bd057052eacce6a36363e89ab07ca40f1ff0289a,13/02/2003,M,M,3306169433,1CFSG,D
10799399,02dba95fe5e4f29e7ecb8702f2743016d9bcc5bd06656315bb75c503d432abf1,01/11/2006,M,M,3306169433,1CFSG,D
10827161,c81d04cd795d7c6ce06df361ff38d7ae3b4def9cebb2c155a2cb69778407cdcf,01/12/2006,H,M,3306169433,1CFSG,D
10758378,fecd44dae0e2057d994f6391068b9dc7cb669cbf82c6b62b9a3ab15a22811886,28/07/2006,H,M,3306169440,2CFSG,D
10791102,276e96a1c3e1a2ce763a9c7eae7365e25c158fd7c9502c7d544e302de1b0bda3,31/03/2006,M,M,3306169440,2CFSG,D
10783224,19c0fa8f745aa9d891c5dce470b219e35963266e00271c3cf5babb2ac20b5368,06/08/2006,M,M,3306169440,2CFSG,D
10699108,e49a0f5ebff5e5b315aed7ee00eb75446028c098c02974570bb6f1c83f04b09b,28/04/2005,M,M,3306169440,2CFSG,D
10814418,e7b8d4ec16489bd0a0a6d7740e74d6bced0f66b45e1d0e99e91f4262bedaeccd,17/11/2006,M,M,3306169440,2CFSG,D
10705571,b92b4f6327a23d2b8a87412de53a8794e58e0ea5c90366995d1580a4617f942f,29/11/2005,M,M,3306169440,2CFSG,D
10745557,1621e7f75b7758495ca2c8217a0ff39a3ab4d284d06870adcf228ab18aa87bcc,04/01/2005,H,M,3306169440,2CFSG,D
10242875,e57f3d18a2a8b7cab15692b1a6e814b841a869fadec137fe0b78509194db8c52,04/01/2000,M,M,3306169440,2CFSG,D
11568799,f95cc6be589ac72be03b0c1032cb6f3c971789bc0014b2dd3f04de02d13c19ad,22/12/1980,M,M,3306170719,2CFSF,D
10590166,aac29d7043a064669c4934272a066a03b5f52ffba7fa19f830ee87b271fd0b26,23/09/2002,M,M,3306170719,2CFSF,D
10635766,6e5ac8ec8135e99b0e3629608389e4b0e6ca5a89a70634fda9d5b3a99d57c6d9,12/10/2005,M,M,3306170719,2CFSF,D
10776959,db40624b5d15584ccb6027d03b4ed3c2921dc4c2477f74c3a7a1910386c48111,10/03/2003,H,M,3306170719,2CFSK,D
10593810,84175270009c235f6787d7987f17af7d8b9f485a91efa7b1572a00509060b889,04/06/2002,M,B,3306172133,2CFS_CI,D
10729793,daea6ea55a43ddc097a5fa659f84bd5575fbb29ebcf871fd985fcabb654c64f7,21/11/2004,M,B,3306172133,2CFS_CI,D
10766452,6c5146035e8432bc5013260eb6ca168af631a6810e36f9119591ab7ed2842bcb,09/03/2006,M,M,3306172133,2CFS_CI,D
10835673,0983ab7ed7f11fd7e25f1362dac622b611f2e49635dc6247444da1723b2b6bbc,10/10/2005,H,M,3306172133,2CFS_CI,D
10856038,8fd7baa10954f3831ca7956232be4751c5a38da0c1f7c83e46f3c1b904a0f497,01/06/2006,H,M,3306172133,2CFS_CI,D
10711954,ced3ca60284891cb81caac08b6fca31ada293d09084a5c941013469e630f72b3,20/12/2005,H,M,3306172133,2CFS_CI,D
10734184,72b9a89731ee6bd52c7de567e8c8fe2efa00858e1848e1c6977f98e362345e24,23/07/2005,M,M,3306172133,2CFS_CI,D
10804606,e46a6ece06226dcacd34d513cd9beaefeb0126cd78115c4921298d4446db0cb8,22/12/2006,H,M,3306172133,2CFS_CI,D
10707892,6a32e7b47c8a972cb5a125a4d60d02f87476322acf10d67c854b66a88a6b727b,17/05/2005,H,M,3306172133,2CFS_CI,D
10857816,e9f9c451a9ae4b6b8393dcb050854a07647f006af3de1413bd76a538d16c5c87,26/07/2006,H,M,3306172133,2CFS_CI,D
10847609,c765c3fca00c8598555e6ff489b06f38c9c922f5d239c0912629dc03033c8652,09/07/2004,H,M,3306172133,2CFS_CI,D
10842213,3af56a79b2a567a7e95946af164ccb45c15c071c949f0a35dd91e1da8edcad22,18/11/2006,H,B,3306172135,1CFS_CI,D
10701878,6ea36c952f4a8348e0872d0a50c3efa61b133a8dade77df758a8034fce09120c,22/07/2003,M,B,3306172135,1CFS_CI,D
10752031,1e0dceaa8e0f3b0e1356b4816d44354183ed983917bdcbd502c316a3947fea30,02/11/2005,H,B,3306172135,1CFS_CI,D
10917836,f8f65bb32014cbada5dbcfcf755a8a309d7838ac516635f494594268fa0ebf22,30/05/2007,H,B,3306172135,1CFS_CI,D
10761942,7b7f53ba07d2889ea09e018c7c3460eebe70fbb6448fc8d748c3b3a6758b75eb,04/03/2006,M,M,3306172135,1CFS_CI,D
10805487,b564830b91f4516748a30e1a2ad7ffefdaf3011b55efd8340873a02220179c95,14/11/2006,M,M,3306172135,1CFS_CI,D
10772198,e467ffca1a1982ab398cead92cd410e240f350dbe307e277f8a087155a690f75,24/04/2006,H,M,3306172135,1CFS_CI,D
10889204,d49ae5cbf1dc5f143d32f25f095f682c01bc7796948fdfe73dce2132ad0af370,27/11/2006,M,M,3306172135,1CFS_CI,D
10921012,e36be44e967b48915b81b48c77b4b3be2997a58e70d36558061233719fb8df98,30/07/2007,H,M,3306172135,1CFS_CI,D
10767809,4ab702c08fabae5c2371dd83b67a983a6c145ad3dacb67b03a366ab9f5b4aba9,11/06/2006,H,M,3306172135,1CFS_CI,D
11336367,b1c91ee4b5c94f7768943a8362b168abaf2c2d91dbad2dfa8a537b5155bb4532,18/03/2007,H,M,3306172135,1CFS_CI,D
10762386,99f92c94685d931ade5b892b4c0ce040ae896adcfe426f90d379aafd5a5ba6b7,17/05/2006,M,M,3306172135,1CFS_CI,D
10920099,bc7dfa71d3f28ddc46437cc629bab4e8ebca01308a29b7ab324e3e5dca469c4f,15/04/2007,M,M,3306172135,1CFS_CI,D
10884465,5c12d7c2eb2b5db5d004e2d2a589c3257e00f4c7738b455bd6ea5d0a1fcc33b2,16/12/2007,H,M,3306172135,1CFS_CI,D
10630337,5df73d8d066c951653ac736f15e8204795b09218e409e3bae5a39beec923a6db,28/02/2005,M,M,3306172165,2CFS_MP,D
10764144,d054654506eda70213cf7441c8d618651637137d4799629a9db8a61d09eb932f,27/12/2006,H,M,3306172165,2CFS_MP,D
10776549,2f3dfd867e1a551fe407ca4908bbcfef381bb6811be0d488ef7290b23ca1a705,27/01/2006,M,M,3306172165,2CFS_MP,D
10819684,c90c8d4403360401f15355dd88b6da284bfb9afb39838a46171bcd344ec21f18,24/09/2004,M,M,3306172165,2CFS_MP,D
10796065,d434f14dc32507b11e8a2be876b2995337ab7e7240d4bb4c39cc32214901a853,09/11/2006,M,M,3306172165,2CFS_MP,D
10852161,ae49762664ddce9f9a4d72d305513a3c3d520a6775d8865bef737e08e9db2b45,12/08/2005,M,M,3306172165,2CFS_MP,D
10824007,3775badc9956388bb07dde1659e56d3b38e117f18d65a9e9e2fe796b6dd2c89b,20/12/2005,M,M,3306172165,2CFS_MP,D
10270640,df4530ed683fcf1360f70735e3cc361865880e1e5d76928183932b4b24cedf60,09/08/1995,H,M,3306172165,2CFS_MP,D
10530803,a04d148081f8114770016f14d1688f181a993ef7597e64bee19a65b8d21b6788,17/03/2004,M,M,3306172165,2CFS_MP,D
10263154,c6a147d19d7109c79b95fca17e21f4adf5115e7c462e124787829ac1de111571,01/06/2001,H,M,3306172165,2CFS_MP,D
10630363,8e6f4d10b587afbf0b5102a1e86ef9853bad1c1441233755542bbf77bf095a29,08/05/2005,H,M,3306172165,2CFS_MP,D
10805294,dd811a298e4b25b9a6de4da1a6865d70e60a76bb8aade736ce978c9153a8e973,31/05/2006,H,M,3306172165,2CFS_MP,D
10610084,10c431b0365048149543bfe82a3037fa00b617641274ecf6438a21ccc9b3527e,22/06/2005,M,M,3306172165,2CFS_MP,D
10810052,20e29858bb46d1277f86baeec6a3b9e0259a41d36ec81c54ef90b605c9b9ebe8,31/08/2006,H,B,3306172167,1CFS_MP,D
10866312,75415033993b90b8f9f188827218dab8effbbf89bd64c47153792781a023e553,10/06/2006,M,M,3306172167,1CFS_MP,D
10894753,f057a7bc34ed912ca5f9e6e83b80f65870d276e6250807da2b517d7216b4bf77,06/06/2007,H,M,3306172167,1CFS_MP,D
10798287,e606998366877c376825682e8e49934d72013419535ddf1340aa01fbce8003dd,21/09/2006,M,M,3306172167,1CFS_MP,D
10560755,cc02e9777170a36a893d79cb70eccd2a7bc9217173411b45e2abe449ca39030f,02/06/2002,M,M,3306172167,1CFS_MP,D
10904904,2cc994dfeeeb3dac63f726812f9cf20514728558d40de0d27a9d979198aa5429,03/04/2007,M,M,3306172167,1CFS_MP,D
10883675,85b7cf43b490e9adf56357b5f2b06938b1bc0bebe187e9edc608df17f142e7c7,10/09/2007,M,M,3306172167,1CFS_MP,D
10894622,231d8b34b6eb975a728bce287f666fc5accfb8c8b52a6199316fb48cf3790a6e,11/09/2007,H,M,3306172167,1CFS_MP,D
10895836,0f39295124555e16d55ae6486127c1c592c6be37b65ac361669f43d4b7e86b9f,27/09/2007,M,M,3306172167,1CFS_MP,D
10895114,b1239db44fb6166b550ea18e7ad1b39f1236cfc7f486b6121c876b61a89eabfd,17/10/2007,M,M,3306172167,1CFS_MP,D
10487345,d5df52bb33ba125511e2d2a55c20a6266f0f3dc5919175d7858a6ae62c9a298d,17/11/2005,H,M,3306172167,1CFS_MP,D
10919736,ce9abcac3df574606ba33090080c0cf273427c055e0748ff33eda6ad4e0de9bb,18/07/2007,M,M,3306172167,1CFS_MP,D
10351884,48454076b927fbf8fa57ef7ce667715686ee34bf0acf2ebf3534af115fe3b867,23/02/1996,H,M,3306172167,1CFS_MP,D
10837412,3361ea7c5008c42a0abe34798a5d3674d405ee8393f5b2456408aa417ef0f0a1,13/10/2006,H,M,3306172167,1CFS_MP,D
10833008,ac8d9d66df4965ad067fd9dbfb3d94276a3c03484b3e942a89f7a16e47f7bf73,29/10/2006,M,M,3306172167,1CFS_MP,D
10893829,f26221bffafafeddb8a230aefb56558e869fbcc93cc0e69bb00f27f58898da05,15/03/2007,H,M,3306172167,1CFS_MP,D
10928697,2e1d86b45a579d9cda10b8449655d26c3bae884aef4675c7f507a00848575309,21/12/2007,M,M,3306172167,1CFS_MP,D
10932250,35d211db495b1b4a08582391bb163ce15b1fcfc0e9585159dab86fb22bd493b7,18/02/2007,M,M,3306172167,1CFS_MP,D
10634609,7a6f5fd81f49d2490778bec971b28d9e36fefd7a5f4a18c562ccabb5cf736dae,31/07/2005,H,M,3315804631,1CES_IABD,D
10737211,7697fee91f1c98cf2f2c5db08af1dc97ed6fc560feaa035684090dda338c8a3f,01/05/2005,H,M,3315804631,1CES_IABD,D
10403933,32e8f7b2ed2e3f9445a7694bed4c62b1b59025a8a20b12e369ecf66eef98bb1a,03/11/1999,H,M,3315804631,1CES_IABD,D
10698064,d162721c323bd5335e6d8c4fc41a106477637ca7a3d0141a881de903faf41628,14/12/2004,H,M,3315804631,1CES_IABD,D
10401341,5b6d3eab39060dca9e514b097522680687c38053dfd65a46953a3a5c7c1babac,27/02/2001,H,M,3315804631,1CES_IABD,D
10328167,35934bd43168a59d4c6f3b50366da028d7b38cc9e429f47ca1ce8b0527c1db12,17/03/1999,H,M,3315804631,1CES_IABD,D
12562520,a5c95a36105c99fd8c7e2deaf0649f08c66704a8cade7ab5ed5a425919ab7c81,15/07/1974,H,M,3315804631,1CES_IABD,D
10328600,7916737209d06e5ce961c0d6e4aee1323ecf603acb4be8e3ba4b05dfc894595a,03/03/2000,H,M,3315804631,1CES_IABD,D
11321987,5e8ae6854190fad42c68fa3eedbefe96221c07086f1cf7746111282c3c9b5c6b,16/03/1980,H,M,3315804631,1CES_IABD,D
10403968,77d4808fd7c172dc99b69c78708982cc3bf61a47e6f5675d86f6c38a2a47b11f,14/03/1998,H,M,3315804631,1CES_IABD,D
10666145,41e1daa8ec336799cf168dde9fe790282e0a2584b7fad775c5f087bb7dad3ad3,29/03/2005,H,M,3315804631,1CES_IABD,D
10707783,42e66c5d9d3faebede9d124de955c5b0da29951ac0cb203846d80b1be6a7e907,14/06/2003,H,M,3315804631,1CES_IABD,D
10453783,92ab14dd7b3d1975f296d890f1aa3469edaf1aaab6ce23a0ef3ea93ff4a0aa98,14/12/1993,M,M,3315804631,1CES_IABD,D
13038750,0147902de36326863be21dd756cd59264d5b2f5fdd6ec985d06b76f2212b0978,05/07/1983,H,M,3315804631,1CES_IABD,D
12416366,24b40518c62a72f7b8c87c0a3ee7ce0fb1ee602e4badb74b71adceedac2fbce1,07/10/1979,M,M,3315802123,1CES_CIBS,S
10836602,628955082ad314397aa0bca3e9085847410a8dc5e8c541b3c0ee5fa861542984,24/01/2005,H,M,3315802123,1CES_CIBS,S
10260657,0f80c1d144ec44a743295c8ac42ce3f8024bf4f00f01cdaddfa2f358ee8f812c,08/05/1999,H,M,3315802123,1CES_CIBS,S
11782852,03a0179e485a478ac1c6a908259c41e7fc29ed0201e2631e8652bb043cdf08fc,26/01/1975,M,M,3315802123,1CES_CIBS,S
10837451,33d032d03428c47b5d9dc98cb1a0e6d74f7fc26cd40b1d18224019537ce2137d,09/06/2005,H,M,3315802123,1CES_CIBS,S
10659375,a856df205501348ab3b4c20b8cacee3e5ef58f57b71d16f03a2f89b9cea40adb,25/10/2003,H,M,3315802123,1CES_CIBS,S
10736098,ea71952a8403dac1a4afaf77907933d7338896e5e11f2ddf5a776319b65c74a3,19/11/2005,M,M,3315802123,1CES_CIBS,S
12035583,bea643086088e93c826c7b211643a3907eb05a03dd6990053b9b5dd6791cc616,27/01/1974,H,M,3315802123,1CES_CIBS,S
11317872,629774f92dfde8fee5d5714c7b6804710c3df7a5d1f83790a1665ad760163a24,26/07/1990,H,M,3315802123,1CES_CIBS,S
10748018,890f310bf253283a9e23166b11250b15d734d345ceeb5b280bb267ed594a385f,12/06/2002,H,M,3315802123,1CES_CIBS,S
10399819,180e367aea3ba00c4ce14579b250c09172c1f9666934739493c94991c969ecbe,16/03/1996,H,M,3315802123,1CES_CIBS,S
10355632,3cb92d904a31d8435ba349b34f924b44cd85b9f4a4c6f6031a4e4311fc2b6328,17/01/1995,H,M,3315802123,1CES_CIBS,S
10709008,c6684034180e1b63e84622c5a7e2c7ce7fe26a1287fc31254f387b1141ed2ad8,07/06/2003,H,M,3315802123,1CES_CIBS,S
10019402,2f75936595d47462477bddd72f7636db9830f7728b725c8405824e711e54c5f3,30/10/2005,H,M,3315802123,1CES_CIBS,S
10259264,fcb7ae537ba6b1aee8827b050cc2d02443d6397b65db0ef197870360330d70f5,04/01/1999,M,B,3306172247,2CFS_MPS,S
10259264,fcb7ae537ba6b1aee8827b050cc2d02443d6397b65db0ef197870360330d70f5,04/01/1999,M,M,3306172247,2CFSS,S
10378770,1edc10f59c17b63df2db47288b8540782eac8ddd046b50612deaf15c13f546b3,14/07/2000,H,M,3306172247,2CFSS,S
10354121,88d06ffd2cec7707cc0044d8819adafee6b5fad458046c57279cbb76aad85113,08/08/2001,M,M,3306172247,2CFSS,S
11058751,bb28825ad5d6744143e3651232756ad4968482d7b9abfa2d6ca5d3b2bdf55cdb,26/03/1982,H,M,3306172482,2CFS_GATS,S
13034960,01f4b2c6883ecb0a7db82b1945321be4e3ce8846e7ded76e268089f88e041617,16/07/1970,M,M,3306172482,2CFS_GATS,S
13154960,07e19e482f25aa9fce0d3a0c810e5005766f2b82e038a4b4ba6421f81b55943b,17/03/1975,M,M,3306172482,2CFS_GATS,S
10392181,e0a6ae2ad326baa28431da587e4cbbac36707869bf28bfc5819da1607bbd244a,24/12/2001,H,M,3306172482,2CFS_GATS,S
13480000,fa0f7f118fdbb384219f4519540e4efd35b3cf9bdc32cd58db39f80030d535ae,11/03/1989,M,M,3306172482,2CFS_GATS,S
10843404,375694f1cc423624ad264f02a02abc2d20ab1584c22b52f0e317b288175ece41,21/04/2001,M,M,3306172482,2CFS_GATS,S
11254651,9f25c179c312be301a588068cbfdc78fca17e6cfa5ef46ffb766d6754cfd7025,02/05/1976,M,M,3306172482,2CFS_GATS,S
10664909,24596f7108eac696c4e5905cd9baa468df14f0504624913d3da69acc0e9736d4,20/12/2004,H,M,3306172482,2CFS_GATS,S
10742990,a797b78515bd67bb6e54f40b2f723b0d218f476f78b6bd7fdc6f3ccf5e6f6b19,10/08/2005,M,B,3306172484,1CFS_GATS,S
10834439,b1a112d40c0f790019dd687649a4984f034ab5bf894883027c208cb9bb3d4d10,26/07/2006,H,B,3306172484,1CFS_GATS,S
12413318,a32782971e39268c3aceebef58b8841bad5d4dd1f24f24bc7cedbef12b014485,02/11/1985,M,B,3306172484,1CFS_GATS,S
12413993,38fcb74741ffe95e5843376572a67dfd9e8860701f7548a42bc5030fe1b2b21d,30/04/1974,M,M,3306172484,1CFS_GATS,S
10788322,9a5f08fbbfa6ccc306923e4cf6c9c281afb4c814b31566d687cd02ac4dbaded3,19/01/2003,H,M,3306172484,1CFS_GATS,S
12561340,f5670c3b16cef6d19aac777daa7757f61a53c2bdca9c95ab74d4633b9110931b,03/07/1990,H,M,3306172484,1CFS_GATS,S
10707659,d34593f94b88e84ea73119c051b4e5891e2865639a0e0132c0091288a4ec9805,20/05/2003,M,M,3306172484,1CFS_GATS,S
11420126,ba4d89df62432caadcf734d0d296cf4c130485b909ec0c747ad5efce3414fd58,15/09/1989,M,B,3306169591,2CFM_SMRS,S
13366127,a1d50e1af9c08d03c2e95f14b14338f968b068afc62ccf1ff71b0f7f7d3183ed,13/07/1980,H,M,3306169591,2CFM_SMRS,S
11009247,fa90388b3672a47224dfcdf8edb0939f02712601dda9082b620417561f5369c4,27/10/2008,H,M,3306169591,2CFM_SMRS,S
11088265,147831ddb1ad1e347fff6a8c9b5632efb2260e7d78f3cac9e812281927094562,23/11/1982,H,M,3306169591,2CFM_SMRS,S
13114371,ce13399c1425abc29d45b8527cf64d149af79cddd3c225ae0c60cde7dd146893,22/12/1976,H,M,3306169591,2CFM_SMRS,S
13302446,c28787c64c278c7a218cbdbfdcad74de9326d9cb9978ccd4608e950a01ef45c2,16/08/1982,H,M,3306169591,2CFM_SMRS,S
10803714,6ae0c7fabbf6e2b82ed836024f71144b4c0ed5373431db7b5df91a96608968b9,09/08/2003,H,M,3306169591,2CFM_SMRS,S
13316624,978cd6a4effe394cd2c4f1f86a4ed65645d31c2e741140df66c1e4c8dad278b1,04/01/1979,M,M,3306169591,2CFM_SMRS,S
11147153,c5340b754dc4e316cd7c3ff514a0fc2b9d3fdf427bed305889f3a9ffabdab1ac,26/06/1981,H,M,3306169591,2CFM_SMRS,S
10510472,578020d1e6201527510a32bf17e20581817df0d5db423d07fe6e3bec25140162,13/04/2002,H,M,3306169591,2CFM_SMRS,S
10515800,87f0032118e3ce2b9ce785ee2a3bd93350dd1c33ec6bbb2495d4cee38277bedd,22/05/2002,H,M,3306169591,2CFM_SMRS,S
10353865,f5819f9595730a5dd00df3e132c8f4bb7ccff2f4a46b69742dcec509a6fdba4b,17/08/1999,H,M,3306169591,2CFM_SMRS,S
11479705,9a5452c2ff9c2275ecc77e66e9775b50af65421fcc435e6985fd92af97f1ffbd,02/07/1983,H,M,3306169591,2CFM_SMRS,S
10404633,650840265b3e1156f798e0480bf814409e86bad274ecd11a127ba5e4338cebeb,22/01/1997,H,M,3306169593,1CFM_SMRS,S
13513975,b93a98f91f732673d2ae64c9db6bd6dec16303f4d17f77a8cffb086dfd99467a,20/09/1974,H,M,3306169593,1CFM_SMRS,S
10459629,8025e1e5150c65a72eeda11b5be7c32e9b60b401e0f437f4225f931d0e0d8815,27/04/1992,H,M,3306169593,1CFM_SMRS,S
10270606,e29846d1b0ae33c4431869ba85959ab436d320f66433d112a8babd309090d88a,29/12/2000,H,M,3306169593,1CFM_SMRS,S
11246288,7f5fab3fef0bca37b41179da18ea90528c54f0524399cb5000ebbfdb1d12fa16,19/05/1991,H,M,3306169593,1CFM_SMRS,S
12615991,3b1cea112246cd6261d35284b66a7257fbcae7f1eaf20aa0d2c4cc1743763367,31/10/1984,H,M,3306169593,1CFM_SMRS,S
10604690,eb2119ab013e6f68c511e41df7c8dc8ced3c05ee4f7af41da94c5a83ca34ce84,19/02/1990,M,M,3306169593,1CFM_SMRS,S
11248234,fae4236fdcbc9c16a2fe14af5f5fc3879456ead03fac55acd608c60abe2e34e6,18/07/2007,H,M,3306169593,1CFM_SMRS,S
10828132,1fd3b31a6a0ba071cd95a2261289ee50ab716b0bb8b971375421b49eb7d53368,22/06/2006,H,M,3306169593,1CFM_SMRS,S
10405932,39f92326173a80272a512d9d3edff8e936383441dbf973bd670d4cc7fd32cd5f,22/11/1996,H,M,3306169593,1CFM_SMRS,S
12452190,c197bfa0269eb55e1a3b75c0ff74df263d3eebdd96ae4917c27690b2597bf9ab,12/02/1977,M,M,3306169593,1CFM_SMRS,S
10705603,0ae3536cb9e4d0f9b0cb1bd5d375454c6bc357c21598d36f5e08f47395a9461d,18/03/2003,H,M,3306169593,1CFM_SMRS,S
10835716,127ff7aef0466ddc3de704d682fce7e6de0eb197e22b2e45407b5f99f51af4ad,28/03/2006,H,M,3306169593,1CFM_SMRS,S
13545139,02f7185ce3ccd05c987085a8b42ddb8af4caa4b6536e226ef9c00c2edcf3e302,12/12/1972,H,M,3306169593,1CFM_SMRS,S
10429996,d507f9f868d0f738982c45d703192b76452ce552e091537a958d8d981180a688,21/12/1991,M,M,3306169593,1CFM_SMRS,S
13546750,a246fffcc4170d431847909aef9741f1188e22eab8abb4d07979661dbfd29c5e,03/09/1988,H,M,3306169593,1CFM_SMRS,S
10705918,47b15e82cb878b696a21314efa1ba720508df275b831f3b881592357882052b8,10/08/2004,H,M,3306169593,1CFM_SMRS,S
10858044,5f3ed4ef906d08be5a60dce06beb2846c23cdf8aa3696f021d4344931603c715,01/09/2006,H,M,3306169593,1CFM_SMRS,S
10959803,2c11faff4e5f8b0531584e2b9b0df84f58901a16dd5977c3267e008f04dc84ca,08/09/1990,M,M,3306169593,1CFM_SMRS,S
10959217,19b48d9b52c1e7da9e4db26c63c2fd5d420615feb742b2ba872b3c8ca70e1adf,20/04/1991,M,M,3306169593,1CFM_SMRS,S
10679666,389a4bdbb5c7a66f36c1f3e0ea50add643485b10d2e8a1d89582f6597b06a3c2,30/12/2004,H,B,3306169614,2CFMI,S
11421089,549d81b242e78848bfe250f4849d1157c130363b32f771ce8bdfefdd03bcd34e,15/01/1987,H,B,3306169614,2CFM_SMRS,S
12603629,148eda8f9b3d6fcb2cc622d761af6e4b396b2dc452684f26b8a3b02fe99d5cd1,14/09/1976,M,B,3306169614,2CFM_SMRS,S
11420126,ba4d89df62432caadcf734d0d296cf4c130485b909ec0c747ad5efce3414fd58,15/09/1989,M,M,3306169614,2CFMI,S
12603629,148eda8f9b3d6fcb2cc622d761af6e4b396b2dc452684f26b8a3b02fe99d5cd1,14/09/1976,M,M,3306169614,2CFMI,S
11421089,549d81b242e78848bfe250f4849d1157c130363b32f771ce8bdfefdd03bcd34e,15/01/1987,H,M,3306169614,2CFMI,S
10679666,389a4bdbb5c7a66f36c1f3e0ea50add643485b10d2e8a1d89582f6597b06a3c2,30/12/2004,H,M,3306169614,2CFMI,S
13035114,94b8f972cc45fcc6628674a8bdde48ce0667e0d15c38937db9251b1d5ee2bf06,05/04/1983,H,B,3306169635,2CFS_DAMS,S
10905913,06289fe8ffa1ec9361bfaa69177c4719268c68c58b3499d5e0e3f8ba8ec49cdf,08/02/2004,H,B,3306169635, ,S
10525745,0c5169f8b28897c512e97288684a7cf994a2bce81c3c0c4991c80073b0ecaadf,24/08/2002,M,B,3306169635, ,S
11400429,e23faaa935faf5e961bc149c5ef5d1ad2a1fbf48eff3684fe9c868f2a0c28bee,30/05/2000,H,B,3306169635, ,S
10491630,6bdff8d60cbc0f4bd173ed0c1ca166060f8e99600a7489f47e9195a1a99be776,18/09/2004,H,B,3306169635,2CFS_DAMS,S
13455308,e2f16860009cfc266d94a74d996eb066533151132d7778277cdbcc481f19e3af,01/05/1987,H,M,3306169635,2CFS_DAMS,S
10814624,d40fb90c2676fdd3c2f00d87d3e9f961c715f1a7b9997882cfbf6494a747f61f,28/06/2004,H,M,3306169635,2CFS_DAMS,S
13169482,9935b7d0ef4ba815628613e9912af0db6dfaadb5d342deee7109899e609b66ae,27/08/1980,M,M,3306169635,2CFS_DAMS,S
12568762,e24b8e44849af73f7074ea76ecb7ac0af6db2bb716be70fe3a76f8d629bb8afd,10/03/1987,M,M,3306169635,2CFS_DAMS,S
10747320,8528d11eb1cabd7c5672a2e403e302c922085516a804ce27b47afbe3efb7cb8a,28/12/2004,H,M,3306169635,2CFS_DAMS,S
13245900,66010df1ec29ee2cdceab1b9f499d986a031e817f8c67324ef7ac820891d4e71,16/01/1986,H,M,3306169635,2CFS_DAMS,S
10905913,06289fe8ffa1ec9361bfaa69177c4719268c68c58b3499d5e0e3f8ba8ec49cdf,08/02/2004,H,M,3306169635,2CFS_DAMS,S
11158740,9ede7a08b19115d22138d2592bb0922a21c165a53bda3790fe955b72b28c1c5b,03/11/1982,M,B,3306169651,1CFS_DAWS,S
10263445,59ead131a5fdf9c792d9742ccb0d78e97ab5463d09c274620c012955863263d5,05/04/1997,H,M,3306169651,1CFS_DAWS,S
10462619,d3c41b72ec152414f3cda9d24eceb71a79801a0999bf1ad988e70a88350630a7,08/12/1993,H,M,3306169651,1CFS_DAWS,S
10308504,0e4f8ec4cd470ab00078ecab8a0015b7d001c78c28ed396ba50b3d5730d25c93,17/04/1996,M,M,3306169651,1CFS_DAWS,S
11231256,56faf06dcbf9cedd553f4be2e2f31445123e794ff14fc59aeca77e5708f2bf29,02/12/1988,M,M,3306169651,1CFS_DAWS,S
12730778,deef2a03014a7b56ae5077957ae182e8330e704ee6e01f216333be66283f39a4,28/06/1971,M,M,3306169651,1CFS_DAWS,S
10472185,6696869dd0043953d67b983c2f80e07124a580ca9b243d665b453734a9cf4b7d,02/04/1992,H,M,3306169651,1CFS_DAWS,S
10463301,bc3f2bd29a3b4f9c01ed115a8f3c2cc20fbe039db4c0fd76ee38e36e93aa2dfb,30/06/1992,H,M,3306169651,1CFS_DAWS,S
10814397,44e2c84a2216eeb49d4aadc4cdfeabcf2e190571d99e5ed9d5f8a4a8894bd4f1,26/07/2004,M,M,3306169651,1CFS_DAWS,S
10346246,fcb07d035d6cad075d48c370e5158352da0d9197a7aaabd760088bafc06e3724,14/06/1999,H,M,3306169651,1CFS_DAWS,S
10299132,f64e870ab39c32dca016765051118d31f0e396e68d7c46baaaf4e3d5ba438f1d,03/10/1996,M,M,3306169651,1CFS_DAWS,S
10310048,77889df91961813c9c3d1f3aa582011978859e17d9808bfa4c15df77405da826,03/08/2000,H,M,3306169651,1CFS_DAWS,S
11318786,6f6d8aebae409c0c8799d0ed3ffd9fa3344d977e611c88a82bba79143f95e048,27/07/1989,M,M,3306169651,1CFS_DAWS,S
12395762,30fdb26cca8dc6f3c4068991ac6fb7c486480bb954e1c1ef1872d98e098e76bc,18/06/1997,M,M,3306169651,1CFS_DAWS,S
10404419,755d8253c1b3255d2bbaf07fefbb28dafd95f6676886c49a8c47c70cfa61154d,26/04/1999,M,M,3306169651,1CFS_DAWS,S
11179481,bf01a6eb6b1d764cf6b22db19459369f468882fec7c7d1b344763719a06c416f,14/08/1989,M,M,3306169651,1CFS_DAWS,S
10595030,4dbbd64e5c4ed9bda81be85b522e4431aa0fe12d838eeba748975c9e156f52b9,14/09/1991,M,M,3306169651,1CFS_DAWS,S
10471020,345ea1c7d8c4a101667b82c0977e1efcb7f2b642a9e1a6511811c27db097c302,14/01/1993,H,M,3306169651,1CFS_DAWS,S
10440723,eecfa9eb89931f63d3905939432d3c39a9d0728125447b60f3cdfc845dd88b1f,22/08/2001,M,M,3306169651,1CFS_DAWS,S
10884600,c85cdd2a2cc08b02fd291feb3d1083f23cadd1b3feee0f04615d2119eadc7311,12/11/2007,H,M,3306169651,1CFS_DAWS,S
13458925,c381935985cf285a4c5e895450941f71a2f96d7a51394a43b250c20f68db5f6a,24/03/1983,M,M,3306169651,1CFS_DAWS,S
11147116,83e49b530f108d91e863db609e311fef91ecec8089b0816b7946ccfdd1e1055a,19/01/1988,H,M,3306169651,1CFS_DAWS,S
13163302,248d5403d60e41434badcf85f1b359862b2c3c2870f94c279f1d132a9e6e8576,04/06/1987,H,M,3306169702,2CFSR,S
10525745,0c5169f8b28897c512e97288684a7cf994a2bce81c3c0c4991c80073b0ecaadf,24/08/2002,M,M,3306169702,2CFSR,S
11059130,a1c8010b4f2b4b7aacfc59a427dd93052e239f4e65e3e0e28deaf1889fa06ffc,12/12/1980,H,M,3306169702,2CFSR,S
11400429,e23faaa935faf5e961bc149c5ef5d1ad2a1fbf48eff3684fe9c868f2a0c28bee,30/05/2000,H,M,3306169702,2CFSR,S
10352292,8511e619678383a4e2e8702e797e1012cc19535667009d755cf1073a653fe7d6,23/08/1997,M,B,3306173995,2CFM_GAS,S
10394837,4d01f455036cba2e735bbd81c7a2c045a7d74818f4733dc254058d1a806befc4,31/01/1995,M,B,3306173995,2CFM_GAS,S
13459194,581e4c5f74c4d80df2e7fc8e8912dbc0380ef2461dc3ac1124fd6391ac4f1aef,01/11/1980,M,B,3306173995,2CFM_GAS,S
10421015,e05569a7d4cd3a5e7b00f9e795a785f824f2dad4366ad325a23ba1d87c3f0ff9,11/09/2000,M,B,3306173995,2CFM_GAS,S
11026347,6bf3d3fea32dd73a4452c3f780168ae681fb32d2684ff70a89087015501a85a3,14/01/2008,H,M,3306173995,2CFM_GAS,S
10394837,4d01f455036cba2e735bbd81c7a2c045a7d74818f4733dc254058d1a806befc4,31/01/1995,M,M,3306173995,2CFM_GAS,S
10278634,e8f73fbd7e636121e33949a33f86ef1fffa03c4aa8a9e3fff1e5c93a3b1b85b8,14/05/1996,M,M,3306173995,2CFM_GAS,S
13450540,5c567173a39cfb8f8474663a5b4e7ab412438df635709f9b47bacccfd8480346,26/08/1978,M,M,3306173995,2CFM_GAS,S
12408177,fe447b194a8992bf502a665b3911121b343045b7700e829f2cd8bec4beea4265,15/03/1977,H,M,3306173995,2CFM_GAS,S
10420824,c8cf36ead22d95d4bbbeff08445a325332dd7fb741e4599f27c38f5bdc3a3cc4,30/10/1996,M,M,3306173995,2CFM_GAS,S
10640718,08cd95ee5a40472d6e563d0ace6a3f12ebf934cfdd820aed32c1101321d6f779,25/01/1984,M,M,3306173995,2CFM_GAS,S
13459194,581e4c5f74c4d80df2e7fc8e8912dbc0380ef2461dc3ac1124fd6391ac4f1aef,01/11/1980,M,M,3306173995,2CFM_GAS,S
11786393,47c2bdea78e69e47e8514c99a70e9abec64e40d5b03b5c68ecb3451dffaebc0b,19/08/1987,M,M,3306173995,2CFM_GAS,S
12731640,dc0bf4eb9b55f7d1c3c3be32492af69e4990bf2bac07c6465828c45c0908b939,26/07/1982,M,M,3306173995,2CFM_GAS,S
13500756,c6cae0640e71dc219aa3e553db9303edd1fddd9664b2fd9efd805bc173d657cc,28/07/1981,M,M,3306173995,2CFM_GAS,S
10332353,f45b1a681537b2f45675a0c8668905d78d533ac0184a72b6da4f87796fe0765d,04/02/1994,M,M,3306173995,2CFM_GAS,S
10284131,c5406a42472ef5e9f12ab5225dfb8c74a5680345f1f72b619934c04701610dc6,03/12/2000,M,M,3306173995,2CFM_GAS,S
12405387,120a768d7c602a9b2722ebea0ee2125c0526170826665cfc2bb96a258da0bdfe,22/01/1985,H,B,3306173997,1CFM_GAS,S
10751175,5a902dc38c7bce768d84785bafa80a4e59dd23377eeac143cd54566b82b37708,10/09/1984,M,B,3306173997,1CFM_GAS,S
10964608,377b37c31796029430f87342c4818570a02f09a9a485e42b8a3e819d3a453bf0,29/09/1989,H,B,3306173997,1CFM_GAS,S
10919974,9118d98642cdc64e867ca9aabe57554ef1abd65c098bd1c32eb105e9339b8316,26/10/2007,H,B,3306173997,1CFM_GAS,S
13594870,2f1a893e01c88f33cecca257f0d61dc41264ad63f1c12cfb1e36ebbbc440a126,17/08/1973,M,M,3306173997,1CFM_GAS,S
11170959,44df16912c212e855d8ec8091d902ff0f0033162e8f3583c96efe65be1a37905,25/01/1988,M,M,3306173997,1CFM_GAS,S
13594604,d646cf30511c8fe40140732d2aa4fe995c6ee2bd66240882233d54a5d28c9eef,10/07/1981,M,M,3306173997,1CFM_GAS,S
12257970,add9e5b1f6b338bf14d4656364f11cfbe2231e73d693142277a650034ddbb7f6,09/08/1968,M,M,3306173997,1CFM_GAS,S
13514838,231fa563fb63ce0f3b18151aaa2cb04f93c28ec72b4464ed68c800edea0f4827,25/08/1968,H,M,3306173997,1CFM_GAS,S
13289072,1f3a66214e0cbf2fd2ec002cd8713fd8c7da9b3db276d868234ce0519e772149,13/02/1982,M,M,3306173997,1CFM_GAS,S
12406107,5b2420b7d948b96b410393a0ee1c7e8e3a6b7ca349b1c51dbaa32f6e180be146,23/08/1989,M,M,3306173997,1CFM_GAS,S
11055715,7edd3e8a787315efcae91998eb925c8c3c7dcf1e743e853558ab3d42918cdfcf,10/03/1991,M,M,3306173997,1CFM_GAS,S
11336870,d1a3d867df16bd8d941282e82569e402cf95a128b39b53d5ed4c6b61c82eeb81,05/02/1987,H,M,3306173997,1CFM_GAS,S
13536269,bd49a5477dcad1410ef62bdc6b489f9a7e1e7403ce4f1b4ac57021b87524b31b,23/02/1986,M,M,3306173997,1CFM_GAS,S
13594777,73beada3dcf99c7a3c3a7ac1c1edd69f0fd6e485f2575136f7efd60b344ed769,03/07/1981,M,M,3306173997,1CFM_GAS,S
13529587,fb315094135d575e703786ab35b3c106f7a19596c6e54f16b11205abc4ba5006,24/07/1975,M,M,3306173997,1CFM_GAS,S
11899732,b30e29365361d41fee0248205989d617343c2dae43c25bbf338f4caa34dd29c8,06/03/1970,M,M,3306173997,1CFM_GAS,S
11896491,fc9fb498247b7e3198751829454d7e97c92f92b0815de13f8468898d801918c6,11/09/1972,H,M,3306173997,1CFM_GAS,S
10847700,aa014c07194a10a486773ba7542bb839aed30dfe9dd86cdd70fc9e68c762c5de,16/12/2003,M,M,3306173997,1CFM_GAS,S
10352292,8511e619678383a4e2e8702e797e1012cc19535667009d755cf1073a653fe7d6,23/08/1997,M,M,3306173997,1CFM_GAS,S
10728710,06a31d5da3380dad8644914e6f6a754d49c2f97b4082a6c204864378bf3a41bc,20/09/2005,M,B,3306174018,2CFMD,S
11171428,a6a40b2449a60754b1716f21b40671a80060ee58b60e67d5d72b5cab6dfa769b,27/10/1989,M,B,3306174018,2CFMD,S
10323662,a74a6036b0f32fd1f1bb662c8b28ca12cb99b95486b6ec5d83e6493847d83a1b,03/03/2000,M,M,3306174018,2CFMD,S
13457085,9f21459efc7d62de66223b463deeba1844c6375391906e3baa075015f44fef1d,24/11/1972,M,M,3306174018,2CFMD,S
11502410,f9f05db6ba1f1d96960cf517653f4209f6bd6e2211967f4657074b30bcb95c28,07/06/1984,M,M,3306174018,2CFMD,S
12839405,de6a52e519bf1b505e87d1c80aa122311af86a7a40e721d4f8d4f109903a1afd,29/03/1975,M,M,3306174018,2CFMD,S
12424801,e9035272c99662f9412bb58ea00fe8abf4829292054f1896173c6e4602a15bab,22/11/1977,M,M,3306174018,2CFMD,S
11236990,008d90605e00ba0a0b3735cf894d0aca0615c514b952e8578e5d82fa55e722c1,07/02/1989,M,M,3306174018,2CFMD,S
10416763,834f5cc4978fb40fd6b16d92081ab8861797bd8fcabecbce4994936dfa796d4a,13/09/1999,M,B,3306174046,2CFS_AFS,S
10601480,86e0e3e631fc9e2a3a8f47758fc9bdc2ee00be8921c4dfe8017b455252cc845c,08/02/1991,M,B,3306174046,2CFS_AFS,S
10350415,291dbbaee3bccc57afa079e92e52d465a72a2231a2149c5f0f5b8835eea672fd,23/09/1997,M,M,3306174046,2CFS_AFS,S
10357636,5a41ca1b6e509ca260897ade0ab3b78ffeb8bed51bcb9faef77ed679ce4b9907,11/12/1999,M,M,3306174046,2CFS_AFS,S
10509186,b478af0de632b0c3e4246fb744d8169801290a160c3e11de099ae2162712c8b2,24/12/2002,M,M,3306174046,2CFS_AFS,S
10414870,fe5afd229f8922ab7b6ab391a957ef72ea53640a1f5c2ef4fb9afd40e5c59031,21/12/1998,M,M,3306174046,2CFS_AFS,S
10416763,834f5cc4978fb40fd6b16d92081ab8861797bd8fcabecbce4994936dfa796d4a,13/09/1999,M,M,3306174046,2CFS_AFS,S
11875204,de88a746087cce72bcaeeee3ddd987d6888fadb0353696b0bb8e80f4d833442b,18/03/1988,M,M,3306174046,2CFS_AFS,S
11841982,fe366de4f4174fc7e4194e93e5d8985820c78def515facb702224b35aa253742,23/07/1983,M,M,3306174046,2CFS_AFS,S
12736324,11327ade31b8db22213a3209f4752aeeec4b954ff5b9e21a754b7efb945e08cf,19/09/1985,M,M,3306174046,2CFS_AFS,S
12735439,dca30a6d5021b6b8ea2f424f053616f6b0c044d658f426c74cfd9e32d3f38654,30/05/1982,M,M,3306174046,2CFS_AFS,S
10321102,a8ccd87581fc25a7b85bb2696133c12d3466a184c0252c56a30efad60fce708c,12/03/1993,M,M,3306174046,2CFS_AFS,S
10783588,1b4507a9ee9ae54c9dbd9243809b22728b4d7fe14ff8dac896677ab6c9801a48,07/10/2004,M,M,3306174046,2CFS_AFS,S
11241112,6b0ec3d89dd5eda5c5d258b722b2585e1258db84d8bfb233fe9fa821f794a4eb,14/09/1989,M,M,3306174046,2CFS_AFS,S
10953290,870bb5695a72f44ed824457b66585533fbcde9867d24b81bf5d364eabe351950,01/07/1970,H,M,3306174046,2CFS_AFS,S
11889122,8eccf3a0caf92ce437e21c2e0ef00ddc6a5ea4c74ba73539a265da10b294e1f5,24/06/1990,H,M,3306174046,2CFS_AFS,S
10819112,fa02ebc4b8a3f1d9cad09ae7562e1434cb7c8ae41e5f79309441dd3e3eaacbdb,23/02/2003,M,M,3306174046,2CFS_AFS,S
13035058,3ad54d9182eda47d414adfac06037ea5333917c38b6997fb74d5073073616a06,12/05/1980,M,M,3306174046,2CFS_AFS,S
10735143,500c8bebdc401833574ef1a6ed9e559750711b51749efdd4090b8ec941239a5c,02/12/2003,M,M,3306174046,2CFS_AFS,S
10451024,6307bf9262a1cf5e827a8a67cc3c84ee9eecefc2301a9348e220ba529dd18b1c,08/06/1994,M,M,3306174046,2CFS_AFS,S
10256435,9e7020b45a7e42a64647d001e043d92e012710294c23c4df0a679c6bb85c17f4,19/12/2001,H,M,3306174046,2CFS_AFS,S
10953575,f4d7ff8dce280f9fc54f96cc5eb42d25fd0f801441eb8c584fcbd28660e993d2,02/09/1989,M,M,3306174046,2CFS_AFS,S
10381846,d42f7a54815fafd0905de53d9bc6849579aaaa82aaaf2e6804c8eb47c374b5c6,28/10/1998,M,M,3306174046,2CFS_AFS,S
10980328,a77ef5b93f0e9cda7c6074cd830eeb95c620c478a2ccb963c7b8b606e37d4b00,23/02/1978,M,M,3306174046,2CFS_AFS,S
10452196,c2ecd2770518f9d3b129de38bee95c1d975224831f42b2455185d8242401ae0a,25/12/1995,H,M,3306174046,2CFS_AFS,S
11246656,58f00e666819a6b4315bd49f36293cd123ef6c22831204e7a38a73b4fd3679a1,28/11/1987,M,M,3306174046,2CFS_AFS,S
10279441,7d33fb3bb713671631b8c7e6ed2dadcf9edb40090f0d7005a8134235e8fce983,03/03/1996,H,M,3306174046,2CFS_AFS,S
12731696,8b135efa6f8be20bdd3051b04047b7c8666f22cd722b03bc36d9f0109ee3a90f,29/12/1981,H,B,3306174048,1CFS_AFS,S
10416752,502ae38ba6b26ae0915611ff30c6d1dfb6aa750b7f040ec8edafa1d3c780cc6e,21/11/1997,H,M,3306174048,1CFS_AFS,S
12565877,b150c35a35024586563ca1625c08eca5f8549f3a5b67838fedcc3b9a75561da4,31/01/1990,M,M,3306174048,1CFS_AFS,S
10243668,d5415541c308345690d41d6cb0bad359fe6a338283e3aded439141f4dde2c324,30/10/1998,M,M,3306174048,1CFS_AFS,S
13101838,2d93864094d1651404eef19472c7bde7da562433d89344801f38b6f29df83a7e,10/03/1983,M,M,3306174048,1CFS_AFS,S
13457085,9f21459efc7d62de66223b463deeba1844c6375391906e3baa075015f44fef1d,24/11/1972,M,M,3306174048,1CFS_AFS,S
10662076,3a382c6e367cc2d0d99b9e6915881ae389d3b1d955f81700cf1713b8a3c8630c,14/04/1991,H,M,3306174048,1CFS_AFS,S
13456235,5870321bbb1406776f4b19e7bb496bc065f83dfff25c35df7d822887e062f8f6,11/07/1978,M,M,3306174048,1CFS_AFS,S
10025322,b4b6d5dec455f1cb04c6147b35816bc66fd23dcc400ec3aba76d7eb7f6d5b6d7,26/08/2005,M,M,3306174048,1CFS_AFS,S
10243725,5adaf4721681a7944e66a08dadad730f593d43042709485a446a3219dd819a24,26/12/1999,M,M,3306174048,1CFS_AFS,S
10946112,002141734b32ee41d931706578ba784db0061f8eba951fc37972756c9234891a,05/01/1982,M,M,3306174048,1CFS_AFS,S
10657315,1ee47e6bfae53404ac74f4e02a00ed0654549b5ff96a850100e548e463a7577f,29/11/2004,H,M,3306174048,1CFS_AFS,S
10835742,c18c7538d75c23a357927d6c54ae55a2ec1ba19dfda0d111b1d4d357ad24b3bb,17/01/2004,M,M,3306174048,1CFS_AFS,S
10511438,74049958b776dfaad803dba7a1bfaee90f22103a7e869d7ade96d585e387704c,18/08/2002,M,M,3306174048,1CFS_AFS,S
10899530,3bcde14e5e59a4de15d6f8cdae28fb88ad729be92eb222ab2033e4bb49276e62,12/07/2007,H,M,3306174048,1CFS_AFS,S
13263684,f7f8a98c6c729c5ab3b9daae062119f5883127a14025dd4608d76dd5d189aaea,04/03/1986,H,M,3306174048,1CFS_AFS,S
10779855,d0ee58b7771d4cff501530dd2b723a1571073c9b7a607b275da179a7c55c653b,08/04/2003,H,M,3306174048,1CFS_AFS,S
13038681,ea4433d248b02f78218d5ab121b28551628fb75b0d17fd2a996fd2f2dcbeded8,27/03/1988,M,B,3306174099, ,S
11246656,58f00e666819a6b4315bd49f36293cd123ef6c22831204e7a38a73b4fd3679a1,28/11/1987,M,B,3306174099,2CFS_AFS,S
12020369,c8f21483ab8eb34c9f37accd336a3ed23ac7bd428a63bbd1a726a44d2b6fabe8,19/05/1993,M,B,3306174099,2CFS_AFS,S
13457203,dcca8f6c9d52f097b5f39519af36c03564b97c46360b2b03bea45239c7e211bc,27/01/1982,M,B,3306174099,2CFS_AFS,S
12731205,45d8294500d6ae2faf2dfba29121d9dceca7feeaec7946d45e085ade44663897,06/07/1973,M,B,3306174099,2CFS_AFS,S
11057251,a666873eb5cdbddff413f3bf22a04f01e6bd2551ec8a8d161f566a79e4dd4b97,28/07/1987,H,B,3306174099,2CFS_AFS,S
10323618,52f7c9856304d755bbbd58bde452848ef3d95dcad03051f72aa63516e92f4578,14/01/2000,H,M,3306174099,2CFSP,S
10283468,fa7c2f3f3a14a5bdad1e38d1edb1bd550406ae8860611754d760876ddac6bb03,10/10/1996,M,M,3306174099,2CFSP,S
10327143,06967f1f0bc68fef1c37692ecc5c1fae80576fd95bfc711b50f37a6df935881e,22/03/2000,H,M,3306174099,2CFSP,S
13457203,dcca8f6c9d52f097b5f39519af36c03564b97c46360b2b03bea45239c7e211bc,27/01/1982,M,M,3306174099,2CFSP,S
10434680,cb7ed5636e752002f2bea76abec74e435c6c578dc373dd6812175978dd637eb4,12/09/1991,M,M,3306174099,2CFSP,S
10601480,86e0e3e631fc9e2a3a8f47758fc9bdc2ee00be8921c4dfe8017b455252cc845c,08/02/1991,M,M,3306174099,2CFSP,S
12731205,45d8294500d6ae2faf2dfba29121d9dceca7feeaec7946d45e085ade44663897,06/07/1973,M,M,3306174099,2CFSP,S
13038681,ea4433d248b02f78218d5ab121b28551628fb75b0d17fd2a996fd2f2dcbeded8,27/03/1988,M,M,3306174099,2CFSP,S
11057251,a666873eb5cdbddff413f3bf22a04f01e6bd2551ec8a8d161f566a79e4dd4b97,28/07/1987,H,M,3306174099,2CFSP,S
10410551,efa5e6f377b8dabd33ccdeb4e9c3fdb83e04f7a455d94aef58a8fc3abb4a6b77,28/06/1996,M,M,3306174099,2CFSP,S
10382359,4157c7a2a837fe68ec312d2bdb106ada50445ebf9a03ea8f018dfd18848c6f66,03/09/2001,M,M,3306174099,2CFSP,S
10816926,0bdb05e48c29b62f1378dfa2ffb2640fb2c888cf6b1ae764406c2444b25db1f2,13/09/2002,M,M,3306174099,2CFSP,S
11312274,81d8288fecf90e022df98e7ff29858f0b318c86c9b8bb1705ce16cf1ab4a9af5,06/09/1980,M,M,3306174099,2CFSP,S
12020369,c8f21483ab8eb34c9f37accd336a3ed23ac7bd428a63bbd1a726a44d2b6fabe8,19/05/1993,M,M,3306174099,2CFSP,S
11486847,026bb8c2a199d94004a3f05f44f54cce0df1f4100a726970bd758bde63bd115e,04/01/1974,M,M,3306174099,2CFSP,S
10652283,a7e5bf2ced84aa8f6024e4d434131e95bc70ae242893c4fb84199b1409399225,02/12/2003,M,B,3306170521,1CFM_CAES,S
13285325,eaf0a3db78787773519e7048f06c2e9a3a63deb63d2e39f43e614f582e596271,06/11/1972,M,B,3306170521,1CFM_CAES,S
10325758,efab5c7e6685dd3bd75c4c6f60d5b70714ebd6f142d5dfdaafec9fa1548d1a8a,20/08/1997,M,M,3306170521,1CFM_CAES,S
12237928,cae017f416645f143fc79ac4fae8048b977c7b47e8ac3fe7ace0b76971ea3a50,10/09/1973,M,M,3306170521,1CFM_CAES,S
10407199,6088c97d555203ad2f44bc39962296ac815db4cec783ac521016d9722678f44b,21/12/1996,M,M,3306170521,1CFM_CAES,S
11321038,656f58f74738b32850f8611afd63471faa209d57334b0976655a167ef5dbff2e,19/07/1990,M,M,3306170521,1CFM_CAES,S
11026033,2a8679a029c0ffaac0050aae5c2abb865947c3cf7c5d77c78ae34423d5864624,08/07/2008,H,M,3306170521,1CFM_CAES,S
12059467,5bc0fca5d5843c5ade582e5d8a7c0d6f671244c43fe1f8a8712084c7695c6027,24/11/1990,H,M,3306170521,1CFM_CAES,S
11896934,55e6151e5537e933a3210a37f2f02536edc43059b60232d7bf2e58adda7202e8,14/04/1980,M,M,3306170521,1CFM_CAES,S
13484181,a80272115ab335b433d183c417a3ab6845e30136ab6ef390d9e2f6bdc09086c2,20/10/1982,M,M,3306170521,1CFM_CAES,S
13456990,06a17ec832686128ce093f03ee2cd4fccaf599d870acee0fbde1197893b62f00,10/06/1983,M,M,3306170521,1CFM_CAES,S
11787662,0183151e552b2c9a6ec82d5e47b9bdb058c139e73aeb6edfb20b8996e3c8b3dd,01/08/2005,H,M,3306170521,1CFM_CAES,S
11232270,2dfad307d963b57e2fe290d8b91f4994884e9ec67c8f866049294ce690f371a0,30/12/1988,M,M,3306170521,1CFM_CAES,S
13289086,b4fbd25922f48a3a5ead6e2ab4f92d7a23cbbd71a4ff700da0afba78737f4778,06/08/1987,M,M,3306170521,1CFM_CAES,S
13518965,18f6089815754085085988be91c92e6c73ac0913fbe3b987dadc7bb90a3fe5a9,13/10/1981,H,M,3306170521,1CFM_CAES,S
13122237,a01f28dea18fc7b7f9440711126560a97050be7499c6cf9e9ed78b955cc2cf62,24/11/1979,H,M,3306170521,1CFM_CAES,S
12051056,c30eb9f4b1ad347ca38d48480cf61ce273528ed56087c43ee387095b8456eda2,22/01/1987,M,M,3306170521,1CFM_CAES,S
10913618,721958586889bdecb379845d2a9813f89a4034c70716587a278ba4877e59b470,09/08/2007,H,M,3306170521,1CFM_CAES,S
12848026,378b5647ad175bf127befc05e888d4650397ac789f259de1a16068b54cdccdba,14/10/1985,H,M,3306170521,1CFM_CAES,S
13598561,38312618699bc0511d92c95afe1ceda1da54d1ace211d8bcbe73c9fb138ed901,28/02/1979,H,M,3306170521,1CFM_CAES,S
13160174,56f6bfcdbde83879787a77e14a5dd375f41ad8080edfdb6f113a5b33aed4b227,22/09/1983,H,M,3306170521,1CFM_CAES,S
11899562,a0acbc87f688ea9d4ea5505ade63bc2469464295508784ab9f9444ab4adac6da,06/11/1983,M,M,3306170521,1CFM_CAES,S
10782041,0b3a6ea858d8d3ca9d615de775ce9dfd881be56b5ce7f3bee0117c51e4dbb55c,16/12/2003,M,M,3306170521,1CFM_CAES,S
11236141,d24f420c0281836ed568d8a28e24d56ced05e596438f673f9ce244d27c6fdb42,28/06/1983,H,M,3306170521,1CFM_CAES,S
12451319,bda68961849c9bf6e3c1ffb1e57aad97ecaf89f699556f8c5b354a74bf6470fe,21/06/1982,M,M,3306170521,1CFM_CAES,S
10743008,138eecf8f436107758fc31124af6e8c500b2c500ddb9e87e076bdbd6297bf9f1,24/04/2003,M,M,3306170521,1CFM_CAES,S
10795396,83f3ab40817e60b803d5d976cb91882110c06e6818c8dad4fdd7b7c78d09717b,15/04/2003,M,M,3306170521,1CFM_CAES,S
12587578,ed912c9ec0cb7ac30e1c410cc30204d180bb7701754270f441815f2ecf765c56,24/08/1987,M,M,3306170521,1CFM_CAES,S
13297080,7124892165f2d2c12aac0de3780d3ec40eac5afc10251a2b716f93f01f7f54df,10/07/1979,M,M,3306170521,1CFM_CAES,S
10699271,f46f94263c0bf44a4b7be735f08c1d269c02346ab2282772353ba55770b1ab21,08/07/2005,H,B,3306172165,2CFS_MPS,S
10249410,be3ca39d8137b9bb3f0a968bd13c3eac39fe9c9fca007f936c4e9f58dca52a78,15/11/1997,M,B,3306172165,2CFS_MPS,S
10404684,a764600507ea0ca6b8e64826956610b910db9934fbf52b8da43e5962f39d34d6,23/01/2001,M,B,3306172165,2CFS_MPS,S
11059841,7f973501ba1d2ddd5a45f8c14feed12dff7ec16d27f239a3cf6f412eb54bcd04,27/10/1988,M,B,3306172165,2CFS_MPS,S
10807830,3ac0e04a9aefe6416ceefdfbf2daef9ea04a201ee8c01674d75db786a1379c20,28/11/2003,H,B,3306172165,2CFS_MPS,S
10303628,8afc57f0cb1776c216de22c9156cf159a398e87999f1c1de98a95366fda352c4,11/02/1993,M,B,3306172165,2CFS_MPS,S
10817903,c42eead7fbfca1d8bacfee27f5c3d5f44e8a655e7d76324e3a751dcb65dea645,20/03/2004,M,B,3306172165,2CFS_MPS,S
10499331,d35358e4b902bc8986df49557818def10b01f1a0deb584cd8200f82868ecd8bd,09/04/2002,M,B,3306172165,2CFS_MPS,S
10479899,7f1d9ec0e3daf716bb4a178c7fda57ee94d867d4227c9436a645783cbbd8627c,28/10/1997,M,B,3306172165,2CFS_MPS,S
10635026,8262608a70ea24a4abf3b2dc61c1634e895d26a025d5d271c1323cb1cbdadf6d,11/08/2005,H,M,3306172165,2CFS_MPS,S
10330111,f5b5aa4b09ddfe1c02481be00c0c44577887af357caec523548e1acf9db0ea0f,15/07/2000,M,M,3306172165,2CFS_MPS,S
10699271,f46f94263c0bf44a4b7be735f08c1d269c02346ab2282772353ba55770b1ab21,08/07/2005,H,M,3306172165,2CFS_MPS,S
10499331,d35358e4b902bc8986df49557818def10b01f1a0deb584cd8200f82868ecd8bd,09/04/2002,M,M,3306172165,2CFS_MPS,S
13290996,be3f3670fc4c0cdab38e98c71033a327b775edc7345880edb01ccb763c4bf559,14/05/1977,M,M,3306172165,2CFS_MPS,S
10807830,3ac0e04a9aefe6416ceefdfbf2daef9ea04a201ee8c01674d75db786a1379c20,28/11/2003,H,M,3306172165,2CFS_MPS,S
11059841,7f973501ba1d2ddd5a45f8c14feed12dff7ec16d27f239a3cf6f412eb54bcd04,27/10/1988,M,M,3306172165,2CFS_MPS,S
10404684,a764600507ea0ca6b8e64826956610b910db9934fbf52b8da43e5962f39d34d6,23/01/2001,M,M,3306172165,2CFS_MPS,S
10479899,7f1d9ec0e3daf716bb4a178c7fda57ee94d867d4227c9436a645783cbbd8627c,28/10/1997,M,M,3306172165,2CFS_MPS,S
10303628,8afc57f0cb1776c216de22c9156cf159a398e87999f1c1de98a95366fda352c4,11/02/1993,M,M,3306172165,2CFS_MPS,S
10456297,a21b664c94453aa80a19f28c7580860982f00ae849b85d904abbcf2c050508a4,06/08/1992,H,M,3306172165,2CFS_MPS,S
10474175,083015370c1693e88e9dd64c870673b7cf692822f2526bc29d2b4a0f6a31914d,04/04/1996,M,M,3306172165,2CFS_MPS,S
10705891,ace29fb8f8294900e3f953d1d9e2e2f5ba5262011b1615e1289081dbccf38d2c,08/11/2004,M,M,3306172165,2CFS_MPS,S
10404384,23be11a908a259f4639d663d86e68a50b482d989bc7d480d439237ea66657dd0,23/12/1996,H,M,3306172165,2CFS_MPS,S
10249410,be3ca39d8137b9bb3f0a968bd13c3eac39fe9c9fca007f936c4e9f58dca52a78,15/11/1997,M,M,3306172165,2CFS_MPS,S
11254975,dbc186e75c8daf3340d89f83670f34304af3896bb241424060c17268019a6cc3,08/08/1982,M,M,3306172165,2CFS_MPS,S
10817903,c42eead7fbfca1d8bacfee27f5c3d5f44e8a655e7d76324e3a751dcb65dea645,20/03/2004,M,M,3306172165,2CFS_MPS,S
10397687,b13cf3be1cccfdc2b85054fb6f077d541f781ea80c3e96c009f3a10f4add5479,06/05/1999,M,M,3306172165,2CFS_MPS,S
10411056,ac599a0dd8993574c7f1d5ea6270183ae3ddaffa48906f3e3d55f49c9d8b7d45,10/06/1997,M,B,3306172167,1CFS_MPS,S
11245068,f0d519f9c5c959a1e7d516b21a38966fe0c5303b2a84d41ac8c59003e33964ff,20/12/1986,H,B,3306172167,1CFS_MPS,S
10510136,4b0c9f89ebea160e3a5c2d1e805ef80b8563ea8b509dfc57d9d22effefdff81b,30/04/2002,M,M,3306172167,1CFS_MPS,S
10015387,63206f2f7de67dcf6617fd2732021c3a6a3a8529d5e5463cb7a985f2acbbc387,19/02/2003,M,M,3306172167,1CFS_MPS,S
10303205,75e46bd30a802c59f79b64c36fcacda99aeaf78380511168dd6a8a4f52494a3e,24/10/2001,H,M,3306172167,1CFS_MPS,S
10250031,e383954ee6c0305871a2a0f10d345da369d9cde06d36e59812899d6e6399da69,22/01/1999,M,M,3306172167,1CFS_MPS,S
12565921,6f270cd57f15800d04541da8a8b70896cb70caa7a19270b64e1b5e639db12b07,29/10/1982,M,M,3306172167,1CFS_MPS,S
10929310,dccb8651dc819eb95d26b922324fade80af546795c749e0fbfdeba66859ab02a,03/09/2007,M,M,3306172167,1CFS_MPS,S
10463434,d8d5541d5ca75169c898067117f5c7625f65e15cd615a5c6d3e18a3dda09dfe6,13/08/1994,H,M,3306172167,1CFS_MPS,S
10792537,fc8918baf8455d22265f6b6143bbc5e57049700ca1ead32a7b5aa0507d56d02c,23/09/2003,H,M,3306172167,1CFS_MPS,S
10476265,cd48d8f1e541f06b050746fb27399b5da49753fbe902add8af9d5f97cb7f91eb,27/01/2000,M,M,3306172167,1CFS_MPS,S
10730721,7a082f985a6d56a08e9aa715405d7e9cec1c5c2a2eed80d72b7246e8077f7f34,06/03/2002,M,M,3306172167,1CFS_MPS,S
10436333,4d1014de0fb78e3a61ecf70e0c5b0a9d937aad78ad60b66ba147c35f6e741eb1,17/04/2001,H,M,3306172167,1CFS_MPS,S
10904796,c3d1c2ff4b6f19c27ee102e7900e127674622955f95956eece17b5552d4e387b,24/07/2007,M,M,3306172167,1CFS_MPS,S
10790209,a7f73a23b6532fa34b344508e97e880cd55de5fee950817ceeee3b80393bc4a1,24/01/2006,M,M,3306172167,1CFS_MPS,S
10735482,40c8ee2ffa70c6e9c42b5ca371d5f924533eff493b52bc6b1979d56e85befc47,08/10/2005,M,M,3306172167,1CFS_MPS,S
12557620,7a6d0e04cf3f300b3dbaf9679740d59e81307dacca267cf06c51fad7b1a4f5c6,05/03/1977,H,M,3306172167,1CFS_MPS,S
10416632,712edc816714d7eb5bf623057e6e7fc5c9def01802f8c8d522ce8159c10ffd02,29/12/1999,H,M,3306172167,1CFS_MPS,S
11313275,dd34421532445fec23c7750f359609499ae16708760d35f305299511989e78be,02/10/1994,M,M,3306172167,1CFS_MPS,S
10730207,f2fae5971b4ec5903b17f18ff52263a50bad6d94ecf997658261ffd4b7aa93a1,21/04/2005,M,M,3306172167,1CFS_MPS,S
10344032,0cc5f21bae11fec3445a358573cb5b7eeba3e0c6766ddec29c5c5aea05a09eb7,23/11/2000,M,M,3306172167,1CFS_MPS,S
10526778,d7d80fbd9ff642d0f7b69327745f4ccb09d5cb0617271616a958cfc1a676242e,16/05/2002,H,M,3306172167,1CFS_MPS,S
10792044,eded4f3f6bf9334c27029794ac214cc0ce76cf48e33283006077de5aed3ad966,18/02/2002,M,M,3306172167,1CFS_MPS,S
12731640,dc0bf4eb9b55f7d1c3c3be32492af69e4990bf2bac07c6465828c45c0908b939,26/07/1982,M,B,3306173995, ,S
10278634,e8f73fbd7e636121e33949a33f86ef1fffa03c4aa8a9e3fff1e5c93a3b1b85b8,14/05/1996,M,B,3306173995, ,S
10490475,e59a2ce33b80ce78e0504ca42c7104c60c292a6288df0ba306f647e2137c822d,12/03/2004,M,M,3306170619,1CFS_LCBB,D
10735916,7457c09413efe71c1089ff8f4de9d9958df745b96bb915539a22bc25713dd903,24/09/2003,H,M,3315804631,1CES_IABD,D
10516442,ba8a7b533bc8a2ba612c109d157a65cb7662a2022bdc6f74e26b391d928cfff9,16/07/2002,H,M,3306172167,1CFS_MPS,S
13095949,b9a2923a445802a6b95fc13a39ddb7695654a9cdc4fc7bcf780802963be99b8d,04/10/1979,M,M,3306170528,2CFM_CAEB,D
10530795,986641da744c49e29f17971c35ce208dd2942d61d01d12fa304a6ad091dbc6e3,27/08/2005,M,M,3306172330,2CFS_AVGE,D
10787502,0d9f8fb6314abf5cc170468845a289fdd4c8fb0a42c961108cd9a1636478e2fe,24/05/2006,M,M,3306172060,2CFM_AC,D
10836046,5b49c6a5a69a1f3fab1e19969cc32cf82c4e13b5bc419cee75f3ced56ed0aef3,14/06/2006,H,M,3306169651,1CFS_DAW,D
10823890,96c02ef5e4bf64c170c82ccf25d42f01b796cfcd132c4c2be5b4c1e2844f89dc,08/04/2006,H,M,3306169744,1CFS_ASIR,D
10819378,3e5931bc003bbe9d408839cd13739c8a716b5936e2eb60832ed7b1a339768032,30/04/2004,M,M,3306170617,2CFS_LCBB,D
10892469,49d42ec8e57301a792d960ffe1cf612215c8224c455aeaeb367e6b69eb783ae9,30/10/2007,H,M,3306169433,1CFSG,D
10800028,2417ac65411f528964ceee7c580a031a066e7414ded844359beba06e43b0010a,22/08/2006,M,M,3306172165,2CFS_MP,D
10801931,f6716fc99353433038db7f12998738748f60fb0eca6d252c96d9f2609a0cf068,18/05/2006,H,M,3306172484,1CFS_GATS,S
10887720,a60412989ab98dfa9423957d073704f87ad1840f8781af36ac94cbed02683817,14/01/2007,M,M,3306173995,2CFM_GA,D
10808862,4995f49de69ff0eb21b17a214a2d23454b3839252a0cc6b92aec0fa8a6265978,17/01/2006,M,M,3306174048,1CFS_AF,D
10805472,ed3b1af372a71f6ab1224a81542df1935f37c3534fedb6b882f09d8b2aaebbf0,16/05/2006,M,M,3306170521,1CFM_CAEA,D
10734128,4febf9344549271296e9d0af50dc50db1ad3899a93e23f6ca3c0d53feb02575a,04/10/2004,M,M,3306170617,2CFS_LCBA,D
10916992,7930a8ce21f91ef46cc900d75b559135b48555bb14a13561d3034e13f0677210,15/07/2007,M,M,3306170619,1CFS_LCBB,D
10770893,95f4b53583eae28c1d7337db9b6a0f9e40593208a8f643dd299c8a8b37ebd837,31/03/2006,H,M,3306172112,2CFMB,D
10766414,dac16061fd2cacfee655fdda188fcd1d88cf66c326476a76c111ddbaff59041e,06/01/2006,M,M,3306172133,2CFS_CI,D
10676509,079a5083862c5519d9600db3fdf399d5f3cc2a3045fa886522df13fad3fcc173,08/12/2004,M,M,3306172167,1CFS_MP,D
10783707,89bd1b3c7fbb016b10e909efe4eee704c8f8edc72a46b41a1192921d70090689,22/12/2006,M,M,3306170617,2CFS_LCBA,D
13452408,80ef03e2ae19d258c7d659b2f9bbe3551ea5b26980dcfa6f251d5d707b10dfc3,23/06/2008,M,M,3306169591,2CFM_SMR,D
10737175,9bf681c043c4a13bfa39642431178ba4612133ac202495fb5b91b43bb7b3a464,05/12/2005,M,M,3306173995,2CFM_GA,D
10699142,c3e48475e435fbcc42236f7d5aad64e73844df87115f85a9b21741d4ed1f720b,29/04/2005,M,M,3306169440,2CFSG,D
12877007,e3b962632d17f85a3cb1baaf24085c09175f8f21acadf1ef5eba56a56e839943,16/12/1977,M,M,3306170528,2CFM_CAEB,D
10735252,5df0e550cd85ef31b2e52906c16aebc46d1b97f32bf413234cc8b6405006ba27,20/06/2005,M,M,3306170619,1CFS_LCBB,D
10886973,0704cb390285b5ccfd39c6cd6f577cc19a49334e9a72c7babf7439039eab817d,28/11/2007,M,M,3306170619,1CFS_LCBA,D
10919245,bd1567685f4c12fe1441c6033be8b229aaa679e879a78a48e1d6e2861460f63a,05/04/2007,M,M,3306172053,1CFM_AC,D
10869145,8064b6e099b5fd78aec9cc2c8ca7c3c285862de4fde6a90d492384ebad45c5bc,02/04/2006,M,M,3306169440,2CFSG,D
10321979,e93a02d301a7247dec6ae3cab1a708b43164628082a63cf648282e25f69fa500,12/05/2000,M,M,3306174046,2CFS_AFS,S
10787451,1c660adc4b9986901e53697b4464c7cf49484bc51b76a808d738ef5db93a4e65,20/09/2006,M,M,3306172484,1CFS_GAT,D
10916495,635c8552ed3dedd4b27fa33440e71ea315bd65e25ebde5e204827b62bc37cc4c,21/06/2007,M,M,3306170619,1CFS_LCBA,D
10909929,5b547108aee2334b7c8027bf4a45f4377b98853a592f614c4d2050bb9df4b769,06/10/2007,M,M,3306170619,1CFS_LCBA,D
10679677,56402946b38d32203d3afd82b50f9d4ef964c618cf5a50ae2aa75eeb31eaee90,10/01/2004,H,M,3306169667,2CFSH,D
11019069,abdb027955e73d8d9faaaf4a63c02a0f69d7ea6084f61fd0bc221a5cf591aab5,16/05/2008,H,M,3306173997,1CFM_GA,D
10910705,3a918b81d31ea6dc04a10f8321e5f76f50b08f53d72a02c68acb1ce11ad17dad,02/08/2007,M,M,3306174048,1CFS_AF,D
10358166,741c6bc56ac4fe87278ceb8ac52e54e029a467280e2cdeb7ecd202c6be23eeb8,16/11/2000,M,M,3306170528,2CFM_CAEB,D
10996182,8e5c533192f6208a5b02f71e86ec5dca3abd57d25f2af6b0937067f2a4bf7905,13/10/2008,H,M,3306172053,1CFM_AC,D
10427570,f2b20d158f3a827f9ee77793a67cb974a6f774f64f8ea55d6a074666169ce88a,17/04/2001,M,M,3306169651,1CFS_DAWS,S
11053348,e0c887c4e81f75ed26b55b6063dba2741a86ae8acaa696eda77fe4e05908d7aa,04/04/1985,M,M,3306173997,1CFM_GAS,S
12404225,0d06f7450bf4afacf1f6b168be186de81b1f1813bcde3e5e24c9097e205f7ff4,03/02/1973,M,M,3306172167,1CFS_MPS,S
10841979,09941bb79094042aa3698d7809efcbf497cca2c6dca36de086996077b0cd929c,02/12/2004,H,M,3306169635,2CFS_DAMS,S
10664602,b0b09d98484c4e5559afbe93fb9d55f6cfeecd90fdf9868fff6dc86b597399a3,09/08/2003,H,M,3315802123,1CES_CIB,D
10832107,20b15128d8ac0bb7cdead804cb8e2178241b5dc6d4397923d76b2c926dadad9e,19/01/2004,H,M,3315802123,1CES_CIB,D
10892119,2b07dfeedfc1e5e522c271e78a0ca01b20d95d0a0fe5ae1e81077fb661769ac2,10/02/2007,H,M,3306169593,1CFM_SMR,D
10897212,a6788dd977046c2e428228f3874b90327677a111820d19ea6a9d32c4a6b30f31,22/11/2007,H,M,3306169593,1CFM_SMR,D
10418675,b8c3f0e7e2a357c30fc1bb7836831304cdc2adb1767d51bc9cbbaf6815f6a678,11/10/1993,H,M,3306169651,1CFS_DAW,D
11197655,dc010a1ba5b5b41943a5cd952265f61b12c1303d3090f19664251c499b8b466f,03/03/2007,H,M,3306169651,1CFS_DAW,D
10711977,86903f08bf76bb590b66d26ddfb39c6248cecb6564669e36ff54970147d1ca19,12/09/2005,H,M,3306169658,2CFS_DAW,D
10762368,6946904429632b20f47114885440ee398390817a9b64650d35c99bad900321b7,27/11/2006,H,M,3306169751,2CFS_ASIR,D
11044309,38a4190f6e594c8411253fd4419644b3ca0210b39d47f195802467965c3fe7e8,26/09/2008,M,M,3306173995,2CFM_GA,D
11006204,67f55501edf85e398e0304b0f49c928cc7a79b218fb97f946f6b49dfef5e0eb3,10/02/2008,H,B,3306173997,1CFM_GA,D
10925591,5aa278c606a6ae6e170b497405d1e08b4887323305fe887c0a5442ff92474d34,16/11/2007,H,M,3306173997,1CFM_GA,D
10679695,121924d813486917c574a9481b2bdfe4f44d2dc4fec948247b2c84e96386909c,16/03/2005,H,M,3306174046,2CFS_AF,D
10780784,543d36b0e800542f9ab66c132138356dd0e4f711817ed2dc27efe5aa078a8f9f,18/03/2006,H,M,3306174046,2CFS_AF,D
10730016,75cf882bf9abf278b9b31869210d06e03f1e4d9390ccf3506caa0684a093137b,19/10/2005,H,M,3306174048,1CFS_AF,D
13323096,cbb1b9f98ce09bb9c3360fd091a825d2103b73eb4763f383d80099d3135e38b3,15/09/1987,M,M,3306170521,1CFM_CAEB,D
11110518,3c442ee31ac360d370ce371b7e075a1023d47ef8d4b91c80cabc70a230ae82c8,07/07/2009,M,M,3306170521,1CFM_CAEA,D
11321787,7ba7bc0c515071455a976e952dc942c9d3c24d9db6df21891d99684854ec5337,08/12/1977,M,M,3306170528,2CFM_CAEB,D
13035254,21dfe757cb1f1fb4ad6611c03bce5a9414095d6d1189e23b8d9187d5967c0fa8,28/09/1978,M,M,3306170528,2CFM_CAEB,D
10707825,28bb1c390dd86ddfb62d49195d73ac3c7e882bf6fd1f76d9de55d71470e6bafc,15/12/2004,M,M,3306172330,2CFS_AVGE,D
10688361,7cad894d02ecac15195d146fdc2c51d5d1da236a23ca583c4a0c2620b5971847,05/03/2005,M,M,3306170617,2CFS_LCBB,D
10912726,6d8fe044f9593a77e0385254bcba0657350075d9d97572f6c49d4f73a8172bd7,19/12/2007,H,M,3306172060,2CFM_AC,D
10892142,2e77bd97879ad97deae7b96a4977491674bafeb96a9573d787b3da28b6fecbf2,12/08/2007,H,M,3306172403,1CFS_GIAT,D
10709718,31fc71f408d138a9e097ea974e3cd4f512b926d855c77e663f243f0b482a3898,20/04/2004,M,M,3306169440,2CFSG,D
10698052,e45e9a10fabf908612f53d4a400ff7b6a3323eab1a33c2f2349e40d2cebe04a0,15/05/2004,H,M,3306170719,2CFSF,D
10392520,c9f46582291461df27f0ab8aff73fb4d126bdb1e59e439ef6fea51bcaba5dfa6,17/03/2000,M,M,3306170719,2CFSF,D
10742994,86b571d61a2051286f21e0be40a3c93be5f8e54650b5c47cc6ba6fbc1e4832e4,20/03/2005,M,M,3306172133,2CFS_CI,D
10773542,9cc4711e8b0e86f1f69c838ecfcb73353758cd09d9b29bfdcc814150bb078582,07/11/2006,H,B,3306172135,1CFS_CI,D
10885568,da3b83d43305853a3d5c7d2ba79aab010194bad3566ed46c46106c0835d8850d,15/06/2007,H,M,3306172135,1CFS_CI,D
10806298,43fce546e734ae4d41e4f6625e9da55bf5b742c85edab14177b0d4a54cb34322,12/05/2006,M,M,3306172165,2CFS_MP,D
10797573,e9c556aa94e16a87ec7176f9bd64b6b7d9eea5df59dee9cdded44c7d90f433fb,21/06/2003,M,M,3306172165,2CFS_MP,D
10487928,e8cccd39568763115a9f6d83bf301f3c10c26414478a424018a17eca5ec5303e,28/07/2005,H,B,3315804631,1CES_IABD,D
11153568,8db280ff898a7873b977cc4680e90974cf5d4841214db49ca96ddc7470208af4,21/02/1978,H,M,3315802123,1CES_CIBS,S
11735611,f2f5243695b9b49104a82d41bc50658cc74a705a773a316b36ae2bcef5ad8a54,15/09/1982,M,B,3306172484,1CFS_GATS,S
10843015,878fe90fcd026ce3e7c93a994333fe9393a319bea087d0c0da4bac2a037b9e67,11/06/1990,M,M,3306172484,1CFS_GATS,S
10311349,0a189e815a35f5c30501542410983228c35fd207f56f9c283c9a7d6668196638,19/05/1996,H,M,3306169651,1CFS_DAWS,S
13594622,54838a19e5c6e12d4d242f0ff9813c8fd0106577186ce7889d41afe7c53e718c,27/12/1977,M,M,3306173995,2CFM_GAS,S
11241256,d0f74dac8ee07fc7fdd1d0c23d2801feb3175a695c162096afa27be03ddc9196,05/02/1987,M,M,3306173997,1CFM_GAS,S
10404730,081933714665fb791f8b756d0b563c0bcb3ac7d23b761d84701932362fcbe403,01/05/2000,M,M,3306173997,1CFM_GAS,S
11594116,934958de4310d90b0b9367420991f37970a32d93bed3eb3d2b7dce1d2d13b84e,12/12/1973,M,M,3306174018,2CFMD,S
10431853,2fd39fa041dd8bc34a635b3a64df04df7a29496f884d9f1484a0b0d11af03ff3,07/09/1990,M,M,3306174018,2CFMD,S
11800476,b685c700aa999ccecb72cd89b1194585d222993c1928087c2ec4a2b28c9a9dfe,14/09/1978,M,M,3306174018,2CFMD,S
11338343,68a6ec25c0d5d12ed53e1565ef2a056f586040a541dd472f303bda9d6a45b81d,14/01/1986,M,M,3306174046,2CFS_AFS,S
13035179,ec910372ee068b458f78a533f1bd8d300f65d44f3ecf420a729868bf459d90d3,06/09/2005,M,M,3306174046,2CFS_AFS,S
10431853,2fd39fa041dd8bc34a635b3a64df04df7a29496f884d9f1484a0b0d11af03ff3,07/09/1990,M,M,3306174048,1CFS_AFS,S
10349643,535e4c500e070f72e0ea0e2f01a42bb36a601b194f352e4a13c583ef4f397bd6,02/04/2000,M,M,3306174099,2CFSP,S
10616148,d8bd1a846d5dda9a21b0b9fca4b327414141cb20bc77d7a9d612aab0ef6b169a,18/03/1991,M,M,3306170521,1CFM_CAES,S
10304385,ab471e1954401b2a9c1d070abaabe4c255f2fbfdebc502e7af6ed2f2afbbeca5,13/02/2001,M,B,3306172165,2CFS_MPS,S
10022321,a3d1df0c21339fef112044c706fd6d8e6637285aac4b0a53c14bb6dc0f2c2aa6,01/12/2003,M,M,3306172165,2CFS_MPS,S
10736212,c026de84181f948c78a0f74216774fd306772b00c0a9c362fb82b1aef2955d01,30/11/2005,M,M,3306172165,2CFS_MPS,S
11991540,2bb62ea7eb149eb0ce40c7d48b6454c404c735be49253997c586e759ccc3b15d,25/11/1977,M,M,3306172165,2CFS_MPS,S
10296770,879b23f92cdde02b05f3cc9b3c672efdf3ca4d11a7865da082a159c2c6675be0,23/01/1996,M,M,3306172165,2CFS_MPS,S
10304385,ab471e1954401b2a9c1d070abaabe4c255f2fbfdebc502e7af6ed2f2afbbeca5,13/02/2001,M,M,3306172165,2CFS_MPS,S
11027361,6d8879610dd5727016a0c3ba5ff3a286804a455cc21067be37c202872e0b2666,20/02/2008,H,M,3306173995,2CFM_GA,D
11109924,de0d6af94608e4991c4d65945ee0503be6d10b9a4ef3298730a76458dd4e8313,20/02/2009,M,M,3306173997,1CFM_GA,D
10689201,4eac63773fb2c38f409a7e0dac0cac5e05e16530be31a151b18b7dbdd5db3ad8,07/10/2005,H,M,3306172133,2CFS_CI,D
11089472,508d1e8c81c6df6678799ddb4f6d6a035e105424c3fcad17da07b573b54b2487,03/07/2004,M,M,3306172165,2CFS_MP,D
10901471,dca5a9837e552088932dc2fdcec356de771a90d4d6f30a9663590bdf8ddd5ba8,05/02/2007,H,B,3306172167,1CFS_MP,D
10488332,eb1833f00376b1b83fee0ac63ba895b603cc7d398d0950646400a6f031db93b0,16/02/2004,H,M,3306172482,2CFS_GATS,S
10832115,a2d4af8e9f363285861d450eef83523bd6bdf71aad9c8ded984fe102a98e795e,16/11/2004,M,M,3306173997,1CFM_GAS,S
10425558,0f64f0470ba8b5257ede7753418528fb2c07d86a51c2a5bf5642d95d05293aa0,13/03/1999,M,M,3306172167,1CFS_MPS,S
13450294,fb1eb677532e6092266702f5a34ed5af6a761b4576f309787f3eb85d0d391349,13/07/1979,H,B,3315804631,1CES_IABD,D
10650730,051b8e2bcc5283b01b9ba87e20d5642db046ff19c21d32a44c9d91519827a3e7,28/08/1991,M,M,3306173995,2CFM_GAS,S
11052950,0859151f9b56b9eda42672c7ed77ede4bed555c071de4520157d5029aedf190c,12/06/1983,M,M,3306170528,2CFM_CAEA,D
13603917,0737ac4c4e1efec9770636d3a75a3565a5023b3323e561825c9302aca1d35007,12/03/1976,H,M,3315802123,1CES_CIBS,S
13615958,e30a1d8f232116eebab5498110aa35bf8bc52377bc39e7b13f1379c39b722b85,29/09/1979,H,M,3315802123,1CES_CIBS,S
13603933,4633549d93807be26ae93a2d68800d7a137df97532323d8ae62e76711b40902c,26/10/1978,H,M,3315802123,1CES_CIBS,S
12649874,36847db86d268acb9f0a26ec41405e406f48d41b8fa3c3d29762bd90d2e7803d,07/12/1993,H,M,3306169635,2CFS_DAMS,S
13615239,088b484ff839e1b6a7f057e42df7f7e75a448b52cbf052a8d3c33963fc3dc917,22/12/1979,M,M,3306173997,1CFM_GAS,S
13626945,6920660bd14a121f750c632c347392c26382082e3d15d833b71dbb8ab7bd3cb3,05/05/1988,H,M,3306173997,1CFM_GAS,S
10643328,da1e2692ba9e6a594b38478fb8e50abbc0e06c4b653152db2d8cee9f1c778e6b,10/08/2002,H,M,3306169658,2CFS_DAW,D
10906957,02aec79ca8cb4e061e908c316154312626c2d5963148b3f9dc91eabd8e59fcfd,13/07/2006,M,M,3306174046,2CFS_AF,D
13595058,8c805f6aac152c59b593c2e885ffd01944c0757165a14c1c5ac4a81d4668d63b,10/06/2006,M,M,3306170619,1CFS_LCBB,D
10687382,b90554eb57d9b757f50a38e76108bacfa9f78f57e42a85b5af00c037f12f8ddb,30/06/2003,H,M,3306169730,2CFSC,D
13446969,8c25340d42715d81dd649fb8b420509fd975f2b0fd5e4c63e8b20da7557c9243,26/08/1991,M,M,3306170521,1CFM_CAES,S
13038149,37ff7e86f63b6558aa022068d4a2c3cee5e4b77b9e5d890d82aca842fe000fef,03/08/1995,H,M,3306169702,2CFSR,S
13606037,a1ade25018017d530c7526c1c2a37ba018984c5e8ba165d7be49dcfd1e004bd3,08/01/1982,M,B,3306170521,1CFM_CAES,S
13287506,52697b915dd846ce0462e1b5582a329089a8f2d8b92a0ae3f18bfa73504813b3,28/04/1978,M,M,3306170528,2CFM_CAES,D
10279159,2e3bd4de0336ce6adbda99b73a85263ab1c5bbe61a7c02917790533f2245ef4f,31/05/2001,H,M,3306174099,2CFSP,S
10379062,bb41381a82083de9675897347f3d7b4b7cc7c911b4db7451dbbafcb453c13e70,13/10/1999,M,M,3306172484,1CFS_GATS,S
11347134,e66439635d3e25ab3d106abbb5485e5bf529964a985e6bb5bf9f3938aa3234c8,07/08/1987,M,M,3306173997,1CFM_GAS,S
10678320,9ca8213888001a40cda2456816d0031ac01e255d4c6a70c62d5141d7850b22da,22/05/2003,M,B,3306170619,1CFS_LCBA,D
11415977,baecb014391f81e57cf56046d6e8f7c61523ce3f60d84be1916f790b8d5ed11a,18/07/2003,M,M,3315802123,1CES_CIBS,S
10806737,6bdeeb664782abcc5109ef1276785f356c3a75f31c63f5e13b6519eff82f2357,12/12/2003,M,M,3306174048,1CFS_AFS,S
11664133,6c630705d5fe3041abfa37bd3b48f43d38f174f7920189df5782924b0c0e027d,12/07/2007,M,M,3306170528,2CFM_CAES,D
13459090,f8d90cac74c75489c28c226a24808ada47ce8b74b654550e097360c69cc348f0,20/05/1977,M,M,3306170528,2CFM_CAEB,D
12151924,77c5e78d917fbca4946d0056b7f65b0cff52587f2642f626921282150306da79,20/02/2004,H,M,3306172332,1CFS_AVGE,D
11449756,fe5aca5b83fdf95329e23a8eac15554be803a8976527235bc67af4ddc25dbc53,08/02/2006,M,B,3306170617,2CFS_LCBB,D
11416033,1861da8e407abe289ab67582b0a4b76bd2670b3791e3a683214e9be6e0c9f8f9,01/02/2007,M,M,3306172135,1CFS_CI,D
13009073,eed4c7ba98a55a5a4cd38ab37062255cdbc3f42f7dc02a54a3478b2d8c9eaa7f,09/04/2000,M,M,3306174048,1CFS_AFS,S
11690583,cd3146e95e4b2b2a536c3e845f877cef73c9fdaaf152f3a4c8544478d2272029,22/07/2000,M,M,3306174048,1CFS_AFS,S
11552430,ecf2db1768db3144b995bf3ea4ac79d9cdb2006e5a3f6b2092b18dba4a06371f,04/08/1997,M,M,3306174048,1CFS_AFS,S
10661639,71abfd0d9487da8e63f61309ae9a5970775b842da93f9f731c3ade25e0838bcb,11/10/1991,M,M,3306174046,2CFS_AFS,S
13461591,d1dd25cf7d35ed254dc70084af9046722e253b316371c0636e4639d6a18a65d2,01/07/2004,M,M,3306172165,2CFS_MP,D
12908126,c1c75433dd0f4c1b3079a09ce1b93ad9a77426206e43d5b0197104a76d76fc70,27/12/2007,M,M,3306172403,1CFS_GIAT,D
13461512,64b43c65e398c00f41be84c6679fcb53fb88b6a693fc4d790af599eff160ccae,05/01/1987,M,M,3306170528,2CFM_CAEB,D
10431067,0b0740f89786da89b7bb3782c8a15cf3513e9dea7cc3c5bc8c26f5dcd0dd9f84,23/04/1998,M,M,3306172247,2CFSS,S
10978459,8178617ac64677f1b8cfa9ece79e572bfeb5ee2ab04dc79cbc13ec0705d4ff74,23/02/1980,M,B,3306169591,2CFM_SMRS,S
10978459,8178617ac64677f1b8cfa9ece79e572bfeb5ee2ab04dc79cbc13ec0705d4ff74,23/02/1980,M,M,3306169614,2CFMI,S
11877392,25a182a0780c4e2b1ab5b6ad02a889cf19ced06683c3ff95f872ef952e1d989f,01/10/1994,M,M,3306174046,2CFS_AFS,S
13596949,86d5c9134ddc1500cbff50b11c90a6ec126ffa90ad0af948f93ba3dfc683e8c3,11/02/1986,M,M,3306174048,1CFS_AFS,S
13598555,98c14ade76e59f85f3b1a4c4150f29f897e59658d27b2c9c90c3ee7fb034e68c,09/06/1978,H,M,3306170521,1CFM_CAES,S
10952090,eb1ce7b655a756c6c01994889357aa575a7e033f7ea87fa49948779d23c12df0,03/11/1972,M,M,3306170528,2CFM_CAEB,D
11515797,2358fd89dd37b16894f3d654af98b930f2ba880a4b050e55f1ed39be85616fec,15/08/2000,M,M,3306172332,1CFS_AVGE,D
11258786,3a759186742de588f1e8bb4c50f85dad647acd78a8cccb0786d472e459d7cc77,03/06/2004,M,M,3306172403,1CFS_GIAT,D
10307643,c5140c8454b23aeb28f71e1f3499441787ee27c87860a89e09dd1498f08ed110,02/08/1997,H,M,3306169433,1CFSG,D
11066151,99abdd3e95fb6e2c49fdcf1687f8ab811d2613cb043cf20b79713c0e0aaba139,29/10/1987,M,M,3306169440,2CFSG,D
10287348,08776ddab1ccca79382eb80d073118c55c9927929110364267b3214deb35d61d,11/09/2000,M,M,3306169440,2CFSG,D
10841718,fcba9a464a5a196233b3418c891e79a624cf559c7af1f10accebc243f34fffbc,17/11/1997,M,M,3306172482,2CFS_GATS,S
10399842,fb56a4a59edf2ecf3f6b3adbdffe6330d97f1880e003732f4ffe348dfe2beae9,11/12/1999,M,M,3306169651,1CFS_DAWS,S
10468121,d5a069a24f39eea8f0a52dff2dc69209aede23266c77c1b1c438034ddea9c14a,02/08/2001,H,M,3306173995,2CFM_GAS,S
13038756,f678a355e7b3c508355ce8dca3598ff543a0ad8688fc8b3f1eddc785ddaa340c,03/04/1975,M,M,3306174046,2CFS_AFS,S
11481305,f88790b07a3fb757cfe80c7f95f18e307cff71b57eab5178da5f6de01603466a,28/01/2003,M,B,3306170521,1CFM_CAES,S
12406893,1a39e476840ef0cf32d4e4188448d73a8b26114e54d4a451ef529108cb52f5bf,17/12/1985,M,M,3306170521,1CFM_CAES,S
11905649,2b59f647c40283e158c965a86325270db366791f5052cc1f144067334adadded,25/10/2006,H,M,3306169651,1CFS_DAW,D
11572769,57af4f8dfc6a73c12dd20ad581d192d2b34a567e18b1d859d0f7831c3ec89e71,20/12/1984,H,M,3306170521,1CFM_CAES,S
10589581,00ef89446ba6a65183f9f29751f30c74afb4ffe172ea28a29dfb275beb3f040b,04/02/2002,M,M,3306172165,2CFS_MPS,S
11071688,c8e5026e84e9bdd2719bb56243a5fc42ff607d05269bc1717e20e202a772961c,28/05/2000,M,M,3306174048,1CFS_AFS,S
13388119,70896e9ba8722d4704066cc3f871f2dcb05ab1b6d8f91e2f1abac2e00bfcc7fe,19/05/1979,M,M,3306170521,1CFM_CAEB,D
10993558,34b1dc23032030bc205124d7026d604f88a1c7e8b3904242982eb34362d87488,03/08/1996,H,M,3306170617,2CFS_LCBA,D
10366184,2dce0053a3cf6b2231c392bdde85295b09a56ce4efa12b1cbc46f0fb1751d8e2,25/02/2000,H,M,3306169433,1CFSG,D
10742412,76d163b00c1a33c0a88cdd03a0d30e56d68e883e8c7126b477ea96d2a972b8af,11/02/2004,M,M,3306172167,1CFS_MP,D
13593107,18c702d390d5776afa65d05aab232f92b1595ff9e109c8db2270b3e2af60b832,05/04/2000,M,B,3306169651,1CFS_DAWS,S
13596536,db3e987e437ac5f3d1fce80fe7d3614d77f3a7cc6571003e5222e794809feaa1,08/01/1970,M,M,3306174048,1CFS_AFS,S
13248215,74bad58d61842f88bdcf94e2b16274d5945d6ebc0f904622e5703f177fdf066b,05/05/1979,M,M,3306174099,2CFSP,S
10347923,0039b826d2f9f7f28e677db471d8ea0ca092b6bfd2b1de1324636fd421bc9f42,29/10/2000,M,M,3306169440,2CFSG,D
13075443,34a2b671cdce052fef442e2ba3f4391fc6afa088c583f641c39592701b8b2c73,29/12/1994,M,M,3306174046,2CFS_AFS,S
12081920,f02220aa9d2790f0805f55de13c709598cd7c39958d6973eb1e328dd1e2660f3,03/07/1978,M,M,3306170521,1CFM_CAES,S
11810109,0fbb5b52391fad060a9633f193ec47c4b1d500fd87d674d6066d18f06f2fb129,27/10/2004,H,M,3315804631,1CES_IABD,D
10388125,564f5c62249d4c244070dbfbd74f247cd11a323fdef9fb4c9eace68dcffc966d,11/10/2000,M,M,3306170528,2CFM_CAEB,D
10436121,fa81123336dd1d385c9bd3e08112419d9ffe5b68bdb323e204517aee6a4514d2,18/08/1997,M,M,3315804631,1CES_IABD,D
11489740,7f7611d8312a313c06b41354aebd13fb6b1cb694a5b29017dcff104cae075380,07/10/1989,H,M,3315802123,1CES_CIBS,S
10471125,f2a907454e78d7c9ccb3b18f30dbde28936dd1f878927ed5f18402e56a43af36,09/12/1994,H,M,3306169651,1CFS_DAWS,S
13458066,0dc78aa1cca0e87eec60cd3d871b547d0e15f9feeab0b7da826399e471bf665b,14/11/1983,M,B,3306173995,2CFM_GAS,S
13458066,0dc78aa1cca0e87eec60cd3d871b547d0e15f9feeab0b7da826399e471bf665b,14/11/1983,M,M,3306173995,2CFM_GAS,S
13242362,b3d7eec7c4619a5a07e7828f921620d25d68f103bc497c276ef751ed014c8d4c,17/09/1975,M,B,3306174099,2CFS_AFS,S
13242362,b3d7eec7c4619a5a07e7828f921620d25d68f103bc497c276ef751ed014c8d4c,17/09/1975,M,M,3306174099,2CFSP,S
12736641,a2f5246ec78a5e23c5d01e399ff21ee8d7a84ba29fcb5cd2c9e8c73d06e66477,22/01/1989,H,M,3306169593,1CFM_SMRS,S
10921245,78df3c5843e853154b7ae2b8db374c33f0e7b38b61a29cc08db5f56a99a2d691,26/08/2007,H,M,3306169744,1CFS_ASIR,D
10902331,886856aa1b181c0ed6754d4e2bfbfa7141eb425f3e5e278768ce6b8bd548f785,04/05/2007,M,B,3306172332,1CFS_AVGE,D
10902331,886856aa1b181c0ed6754d4e2bfbfa7141eb425f3e5e278768ce6b8bd548f785,04/05/2007,M,B,3306172403,1CFS_GIAT,D
10902331,886856aa1b181c0ed6754d4e2bfbfa7141eb425f3e5e278768ce6b8bd548f785,04/05/2007,M,M,3306172403,1CFS_GIAT,D
13598530,99053e66fb6be35b5ae68da890b5f08f1004a0ab52251fff64e84215a44d9a69,16/04/1988,M,M,3306169593,1CFM_SMRS,S
11051785,92420788b9e597621124aecf259ef7ea4eff96f0cd852c2685fa93db5a379595,13/11/1978,M,M,3306172484,1CFS_GATS,S
12647763,c133276a2101c357bfe7963d71b60aaf530800f69ba4203af260db431b796125,01/12/1978,M,M,3306173997,1CFM_GAS,S
10812899,650cc8a39943e38c06b2ac7547497941cb9ebca0128f1eac6d8368788b83b1e8,27/04/2006,H,M,3306169591,2CFM_SMR,D
11790917,4d6bc9b64391572129873fc03dcd33f58e55d55d26b8d07f8e0e429a66aef873,06/05/2006,M,M,3306172133,2CFS_CI,D
12832437,5ae7a67322dffab325ec62f58abd61d8721d4509f697125f86f02b259af0a085,10/07/1985,M,M,3306174018,2CFMD,S
13596966,a0cc7d205bf65da69b44c0a93d6bc2e2eca61fb70b57c02f2f95c9bfc78f112d,14/10/1984,M,M,3306174048,1CFS_AFS,S
11095340,27c714e379cc3010b971b9887738c74477fac7521ff9ff6ec5a51a7f5d892a9b,10/05/2009,H,M,3306170521,1CFM_CAEA,D
11702324,f6491ad09c290be85b7890255b222b986550ca8ed06488a052d4157dbd47bf4a,11/04/2003,M,M,3306172403,1CFS_GIAT,D
13228273,bcd738a660b9f67eb10064df4e4f249bf6cfa81a111c0ddf66e6b8b150fd87f4,22/03/1989,M,M,3306172484,1CFS_GATS,S
11247904,ad2c26e5f50763f906a195e438234edc7d8787171873376ee4995c2fae793807,10/10/2004,H,M,3315804631,1CES_IABD,D
13451031,f8eeae58de76fe6fae909a9c229c0e7d90fac926010887e8b8133382a9432aa8,21/06/1986,M,M,3306170528,2CFM_CAEA,D
13538314,e8bc1aadf1dc837c2c5563d9d6810e70023c382dda2dfb20e82fcf2bcc5c0beb,04/03/2002,M,M,3306170521,1CFM_CAES,S
13456219,3d798ddde04c9cf1ff53d8083d33e6c75c6aa7d9f7923fd5803bcd92e1f813b1,21/05/1990,M,M,3306170528,2CFM_CAEB,D
13593152,b838d7bbc49e935179c357b9b4d2258814564aab69352a5eb639dc254c3136db,04/04/1978,M,B,3306172484,1CFS_GATS,S
10246766,9dfe94dfafb9b9901b9a2f92bed64942d885670ee56cb43635e879f004f67709,02/08/2001,H,M,3306169651,1CFS_DAWS,S
10961331,85fcdd11b3bff3093e92dd45b5ff251000f203c4add2aa9cddf34f5ba535a3c4,16/11/2007,M,M,3306172135,1CFS_CI,D
10933605,dd9e9502dfa37301ddfb775d2bad54b590891544b81aecc85ff1d6a0d8532f1b,28/02/2007,H,M,3306169593,1CFM_SMR,D
10648909,63f1fed7bbd77ad5be9856a5ed4e096243427f711a03e745bd1dfd1b0c2a04c0,18/01/2004,H,M,3306172060,2CFM_AC,D
12563453,c55ab2cfc2f4808cbbf1d328d90907299fb7181111426ba7e9b4221722a8e02e,07/08/2006,H,M,3306169593,1CFM_SMR,D
10864476,c953dd69d47e612dc965bba2b5bc1bb10e0bc5796f9c5226ed993615e52d00f2,10/02/2004,H,M,3315802123,1CES_CIBS,S
10639978,9ef4ba2e1247af31b6bb2ac1c71b0532482afb62e66164d4749b1276582bbeac,07/06/2003,M,M,3306172482,2CFS_GATS,S
12040403,4f3fd149eb2347b1423f921eae4a9b37e421fde7ad5f9a6cad39833d54f8b45b,30/03/1988,M,B,3306169635, ,S
12040403,4f3fd149eb2347b1423f921eae4a9b37e421fde7ad5f9a6cad39833d54f8b45b,30/03/1988,M,M,3306169702,2CFSR,S
10835368,10f1e8168a97f664298dbeb31c9c96eaeb878b878cbee6b92a9d659de07dcd9a,18/06/2004,H,B,3315802123,1CES_CIB,D
10304355,e39204edd32a8841c8b717cad3558379b0464aca1cf005572c48a130faa2b1e0,18/09/1999,H,M,3306172484,1CFS_GAT,D
10630162,25f3b909b49eab5b33b4856029b5e29c12c4ef0104685c586dad9d2f3c016e22,25/01/2003,M,B,3306170521,1CFM_CAEB,D
10740697,6576e655ed9d65b9e8cbd15ba8bb37d04d9062b5ac5430e5357b067b6a4b1d86,17/09/2003,H,M,3306172332,1CFS_AVGE,D
10675598,403114673ea9a7257d7efc9f9c8319067b8ae3cb856f65fb3585ae749374e593,12/08/2003,M,M,3306169440,2CFSG,D
10301350,256f8262ed07ddc5f7eb5a0fe88421bd5e9e22f0bba2cf8307bb0ca2af558113,26/09/2000,M,M,3306169651,1CFS_DAWS,S
11479322,4cb68217dda969758e455c14d294a92080e31f0e5d46995dd0b88f7673197e8b,29/06/1987,H,M,3306174018,2CFMD,S
12795258,24327eab64520f368ff7eae76f8793472b6c89dfba0608f5134381887cdf774d,04/03/1990,M,M,3306170521,1CFM_CAES,S
10657923,1c46b569235d8b3d4618e1c739aba22e5ce34ebc23ba450e376b22bafef032e2,30/01/2005,M,M,3306172332,1CFS_AVGE,D
10938612,3a32670339b2b87e49c131902289d82c887c87e511e37cec06d8b98db37358cd,06/03/1988,M,M,3306170521,1CFM_CAES,S
12745122,028a9ba9b6cf22c3fb497003813258dd1b85c9e16914bc10f04ac089c6aaf46a,18/08/2006,H,M,3306174048,1CFS_AF,D
12558926,205352a5c10738aa819e052f7416bce9d9c684f20c213d04b2106e05e62cc0f4,29/05/2001,M,B,3306170617,2CFS_LCBA,D
10991112,82ec0e4362f0175b615aa6897197333ce8e923def03f740c7c0a8373aca79c74,30/09/1998,M,M,3306174046,2CFS_AFS,S
11904167,32964c57ed07e64aa2a8a6f3b9e65dd4896343299ac5142a3e471ad0f4a1bf01,29/10/2006,M,M,3306174048,1CFS_AF,D
13604836,f755ca39f7d01b9e056761de719856d039a3d49097654d5df2e95517ff8938f3,05/07/1974,H,M,3315802123,1CES_CIBS,S
11405737,1708eb7c98a435769d21ab233240bfe5937a17abbc3f047897d2a1c49aa15aaf,14/09/2006,M,M,3306172403,1CFS_GIAT,D
13129964,3f4b57eb275ca80ab106071b5ae833b5c246beecca2c887333002e7bcad10e7e,15/12/1990,M,M,3306170521,1CFM_CAES,S
10965828,217d1872dd21176669d5158763211719fc4076b645af1b9f50f351c52edf30b1,06/03/1993,H,M,3306169702,2CFSR,S
10965828,217d1872dd21176669d5158763211719fc4076b645af1b9f50f351c52edf30b1,06/03/1993,H,B,3306169635, ,S
10687998,547a34b5dfb44afa50d473c248c05e83e34124370490c8e0b13283636f05a0d5,30/08/2005,M,M,3306169433,1CFSG,D
13500949,1d25c62166c2b27e5a7dc8445d80d3ef6770ba1901d1f381908e756a94cff3a2,16/11/2002,H,M,3306172165,2CFS_MP,D
10996327,c7b5706dfefedbef41adf275f8142a78ef39ded8a14a16fb1cff551c54c34086,28/04/2007,H,M,3306169744,1CFS_ASIR,D
11035468,52522e403c07b26dd34b76b9b763dffcfd77998f0f078b248c655548ca421832,22/11/2008,H,B,3306172053,1CFM_AC,D
11100435,a107e136875c081817e1a223b35d02b994ee4316647bbb54a7602e672227961b,12/01/2009,H,M,3306172053,1CFM_AC,D
12472787,cf4a088c321f0a14c3c14f51aad015a60a966a760a5243e033cd70112065e622,21/06/2006,H,M,3306169591,2CFM_SMR,D
12948963,f24cc9fd7171d167b2866abfa3a6a052d1b721db627da1afae6d47c1552ba5af,21/11/2008,H,M,3306169593,1CFM_SMR,D
11805803,601b08c4ca08656ea439f2dddca8ad6c497df05038d63e3fde4890f46cb8411d,12/06/2007,H,M,3306173995,2CFM_GA,D
13332555,179ee5a0ab5d5a4598c9c1d9282ff88f8d5adf2c9c2806fa97491686a50c7fe3,17/10/1986,M,M,3306173997,1CFM_GA,D
13510854,b3d33850b88418b826ab73d0c8713f2f6a19873e9b65a5fcc02fb4c162815819,09/05/2007,M,M,3306174048,1CFS_AF,D
12953439,f9f130adf42831a48c0d24a5cb59eb7d5af492201ae5293221c8546171886211,04/05/2008,M,M,3306172053,1CFM_AC,D
11433224,73a4b0abf1c834d67adb7759fb9c3903e877d3d6204761780cb3f6e3cc9dfcb9,03/05/2003,H,B,3306172133,2CFS_CI,D
13473425,839fd066d7a3e89cc43e03b7941752e822838f0b013ba3b9db7c8adcd35a0866,01/07/1997,H,M,3306172133,2CFS_CI,D
12610265,decb40634c6dd5b602248a5fefcb0b4d14d260740898e4134ad4168247a81157,08/08/2008,M,M,3306169593,1CFM_SMRS,S
13288296,55155c0128f49615bbbd88b3b3affb8bb64d8aa91d34f63115451a40d1c06403,15/09/1995,H,M,3306169593,1CFM_SMRS,S
12941115,b9419c4971191cd776592387b451b329484703cf161d02e51b47de8ba0843e4c,13/08/2006,M,M,3306170528,2CFM_CAES,D
13605770,2cbfb9afcc4585134c5b76a810bac6759aab86ff5ad2985cb9256f8e2771d03d,19/03/2008,M,M,3306172484,1CFS_GAT,D
10027352,fb8c24e79d0a9d27c37a6a4177fd8c6d0719f6d90cf6433b816acea2b1427518,20/10/2005,M,M,3306172135,1CFS_CI,D
11782717,d196d563f765fea44a77d77764bd0107b513c8d15d95aabd28925ebfb25602ff,11/02/2006,M,M,3306172482,2CFS_GAT,D
11798264,506c49744a3967106f12f9fc575f3ddea67e495e61d9979c51d0cdc578e9ced6,22/12/2007,H,M,3306172060,2CFM_AC,D
12636671,6bb65497bbebbc55a5737d814ecc2dfaab1f8280e27918dc74af6e33c88c461f,10/08/1999,H,M,3306172247,2CFSS,S
13303646,33d6496792f87269752ca1d46609e1f4bff68378e28e855fc1366f89d8ec6ec2,14/10/1994,M,M,3306169651,1CFS_DAWS,S
13121813,a166037c49bab1ea4208af87dc11ae5470113a94a3278dfbb03ec33021409c82,02/01/2007,M,B,3306172484,1CFS_GAT,D
11829256,63e1191f22e6cd86a47aa9ecf2b6c8d123ff6397ca2c8e4eccee7b24d46a7ca7,16/04/2009,H,M,3306169593,1CFM_SMR,D
13134429,bdc23eec39a0f2120c0eedc8508ca0bbae47074933592d14637fe9496f1fd248,08/08/2007,H,M,3306173997,1CFM_GA,D
11802825,f1349faaa975056cbc99ddeceab92a5540588743a3aad5600fdd9eb04c804789,17/08/2006,M,M,3306174048,1CFS_AF,D
13458419,8411d150543983faac6b23cf163cd5f8b4152b39f4272618b58e628d9d93174c,29/07/1984,M,M,3306170528,2CFM_CAEA,D
13593741,fa1f5f4323916af04fb622dae24eb6e49ed49ac8606a103ebef8b5b932803d3a,15/04/2003,M,B,3306172332,1CFS_AVGE,D
11649375,fa0971fc89e52a4131d8f3584e952d7cf277820e3a0db0c178fdd61e19d843de,06/01/2005,M,M,3306170617,2CFS_LCBA,D
11649640,1b4a360bddd8799d8f70738b64320c09736e4c039796aae5b21e6b049904f963,02/09/2006,M,B,3306170619,1CFS_LCBA,D
13594581,0a192688878032552c70c5f546d250dc15b8233ec0b52415f6361649787bdec3,20/10/2001,M,M,3306170619,1CFS_LCBA,D
13099124,3e2d2ed3f1bf5ee83bfb3f07bffba9a8926c5cd3f231fae7a844d1d2dc2dd03e,11/07/2006,M,M,3306172060,2CFM_AC,D
13510278,4cd51fc907cea80c33214865215980562c0e97a20314db0e509601c941cf8578,13/09/2003,M,B,3306169433,1CFSG,D
13453640,9708cf2a5a6f1e6233cc5e35d025a4602e68872045e1cb58b0368a2f6ac6b083,04/02/1996,M,M,3306172482,2CFS_GATS,S
12875318,ffb0ccb6c6de09cc63dd7a2def06936339da5fb11dcb7fde85a14c0d459ea14e,06/12/2006,H,M,3306169591,2CFM_SMRS,S
13455127,9d3bd40e6ff34ead8f6ae35b3b72396219587151ef3f5a42005b17ebfb6d7cf3,25/03/1997,M,M,3306174046,2CFS_AFS,S
13597020,a1356d51721a7a523213b5835d90c2824d1d28212f7eb0ce9af09dd27600d44a,02/06/1988,M,M,3306174048,1CFS_AFS,S
13455395,b21d37831897294070ff4e17a2de9250adeeb9421208295c4621043593085620,27/01/1991,M,M,3306174048,1CFS_AFS,S
11080250,910ceb8f7f285a28067e9e66cbe1addd0c1ba3985d64bee85b819243ecd9f579,04/06/1984,M,M,3306170521,1CFM_CAES,S
13278454,6da4159a36385a2959efe48a12279d80bee07ec84125ef1a168cdf8d1a9babb8,10/02/1998,M,M,3306170521,1CFM_CAEA,D
13345475,1e481245be70dc057b6c4fca67d7e7895b4edff9dd1632cfeab5d206d2c6c74d,27/06/2003,H,M,3306169751,2CFS_ASIR,D
13598941,2fe6282faeec98f495af6a576cf73b53a840629c79868cc7ca8d36a2ad17b614,18/01/2005,H,M,3306172332,1CFS_AVGE,D
10995299,57dfe691b68098923e5bde9bc5fbc5bdd697091dfddd99220e6cdbbb813b4fce,20/08/2008,M,M,3306173995,2CFM_GA,D
13074463,6100a946876a9550dcdc73bc12b7edd3b6583dc7be2d13e7f3413b9733bbec2e,08/06/1996,M,M,3306170521,1CFM_CAEA,D
13506891,2cc6c62bacea467a04bcb24dbe8f704af62eb4499ae3112c5e8ea225c84e3784,06/04/1980,M,M,3306170521,1CFM_CAES,S
13487222,d4b8b7764157e589a42fb28ee594546d6a0bfa9c76581abd86f5d96a54fb00c1,12/07/2000,M,M,3306172330,2CFS_AVGE,D
13455702,5908c272ceaf7513459f1aa020f99c3c36235c37acd6f5d841bf1ef492849b60,17/08/2004,M,M,3306172330,2CFS_AVGE,D
13475599,f30c7d9ad43424f0d00a96179f56e5b866763091b509d48f28aa17dfa35a3d05,11/06/1999,M,M,3306172410,2CFS_GIAT,D
13475662,4f7df508b954b7add650c76de3222b6940465164b744ced303c14a3121996fa1,01/09/1999,H,M,3306172410,2CFS_GIAT,D
13525343,fe75f00e65b495520957875d873ec4a7ed62793920904dfdd0b631543f9d0673,12/02/1985,H,M,3306172165,2CFS_MP,D
13598681,c4d7949898b44f8288e6f018c14ecab2b681ba674580cbb05d14273d628f3626,09/02/2000,M,M,3306172167,1CFS_MPS,S
13054040,6729c454a2a275038ac8f7961b604a26ff71fe2c9013fe89b1f43aa0301e40b9,14/05/2000,M,M,3306172165,2CFS_MP,D
12461270,201849ae4f56ced526b6aa1d693d8834da80ece6b447e9a1e5233d10aad97e4d,19/06/1986,M,M,3306173997,1CFM_GAS,S
13623963,c1a370f66664fdd1f4b18b65d4222e9c58d3b90d10269119081a6b767747edfc,25/11/2004,H,M,3306172484,1CFS_GATS,S
11075020,803fb08cfc4f25a44b8272fbebf696a739a8df571139bcf305e493cbcd3eddc2,20/07/2007,M,M,3306172135,1CFS_CI,D
11744036,84b12c361730dd5f2c3f3c898c68e1d03cb2abe9e8843d6e9c41ed4941d60baa,12/10/2005,M,M,3306172135,1CFS_CI,D
11744037,970c7c8e4c71091d0598a9bbf6910228a53721c0f25c2f47fb0b5e1ce9e7f7e3,05/04/2004,H,M,3306172167,1CFS_MP,D
13133521,4174de711b313d2f3cbb663c4890d0d66e2a60aa33f6d88ed1797705612cabbc,17/07/1965,M,M,3306173995,2CFM_GAS,S
13133521,4174de711b313d2f3cbb663c4890d0d66e2a60aa33f6d88ed1797705612cabbc,17/07/1965,M,B,3306173995, ,S
13598677,6cdf45bae8831212be0b0e833a08806744e8dd648a80514fd5a5c400832ad8a9,02/12/1989,M,M,3306172167,1CFS_MPS,S
13304340,ef5d7cdf813f283ca6765cf58a139126f8498032d34d14f4588545f0a29b2fe4,18/09/1985,H,M,3306174048,1CFS_AFS,S
11088604,260627a923e11f16d168d69837e8417c54a6007b28716e751b6170a2d7184aca,24/03/2007,H,M,3306169744,1CFS_ASIR,D
11070542,629b0dfde9c6402e64d8d5f70a94c0c61270530ab84380d1bd5097390ce5a404,17/06/2008,M,B,3306172053,1CFM_AC,D
10974769,a349d40ef03913537ff3e87419c3d981b51f8f2be07ed8855278a594ee238a45,26/11/2007,M,M,3306170521,1CFM_CAEB,D
11340144,7e0b17e23178c8f061d795a716c43951135efec6cccdfb6947b4fc4e7e18da6b,25/06/2004,H,M,3306172167,1CFS_MP,D
10834125,c2769e902f26d6166735727e7913751ec5497c8582724fc82d9ec7937f496fcc,10/10/2005,H,M,3315802123,1CES_CIB,D
13598131,ec6f23ac3795d4a7f64906b9c82d6ae1aa33c44c9bbd34368d1a7bd8f3458212,15/01/1986,M,M,3306172484,1CFS_GATS,S
13448029,1078ae4c02b3a095d870d1a0388a067a5d0dfb9b77662c3340a6d755f6311d38,30/12/1969,M,M,3306169440,2CFSG,D
11104411,ff70b4eb3ef528baf5e2708ffa23ef8b27b794f64c50ca9d365d57c96aa2c9cf,19/10/2006,M,M,3306170617,2CFS_LCBB,D
10908386,57783070ca819e498f3ec49d0ce884e7e90547a23e92ec68cac29b557c11f311,23/10/2007,H,M,3306169593,1CFM_SMRS,S
10991644,465a451452041e63b17841ee24bcaa7f7b6230973d69ddefcec460c85774384d,27/03/1995,M,M,3306174048,1CFS_AFS,S
13593151,efbbb70a87a041bf3c881b1313198d0ea90e45f5c84865c0f62503b071a9cd7e,12/03/1991,M,M,3306169651,1CFS_DAWS,S
13356546,3b87ca9c32549d19afb6cadb87f92be15981ade6b9fcc0af9d8a1c8cf02721bf,30/08/2008,M,M,3306173997,1CFM_GA,D
12921679,05a2cb94976fbf75caf7ff6f8389360e0e7dd9c13fc284d187773351e08f9cb9,20/09/2007,M,M,3306170528,2CFM_CAES,D
11514753,e601902a5213d6f898d03b58c5d289b3e349f86ad16e6f7c037738fc846c6bce,10/07/2003,M,M,3306170617,2CFS_LCBB,D
13167864,f6f4049978c3a6eed58ed1a07c67bbfc2ba4cb89ae6446e8c26b5be5f4273621,02/01/2001,M,M,3306170617,2CFS_LCBB,D
12912453,e9fac4bb8c3a443ffd81ad2803341f29e29b8a85cd150f458f16da093627cb0b,26/01/2004,M,M,3306172410,2CFS_GIAT,D
13447284,90ef740f47756fe72c9c455ff37f2acf431949eca826c66576297e9a86221985,01/06/2007,M,M,3306169440,2CFSG,D
13467527,d00cfdab34d1b2448f9cee7dd2cd9b25212afc98c9fcc40b9c63c6c2b6107a7c,03/08/2002,M,M,3306169440,2CFSG,D
13447274,2159074874df30088a6b07797f40a53589a0b393c5a79ad3d6bce78a33c3d177,30/03/1982,H,M,3306169440,2CFSG,D
12907793,a4a911da08a8f17784c476c9933490316c2ba6c75b002d0d7a46ebbde8bc59b8,18/04/2005,M,B,3306172167,1CFS_MP,D
13375819,519a17f76248b1dcbf73bda2957f1150044213650b21632cd5c375375f7c74be,27/03/1979,M,M,3306169651,1CFS_DAWS,S
13078687,2f256329fda46ab8b21e7455e790913cbe50364e4cc53340f2bc7af4c7482409,04/08/1994,M,M,3306174046,2CFS_AFS,S
12900452,8ae911612bd24d7301a216e663596eddb2ad46fa46cfe9f18f16c27f8bf37044,18/08/2005,M,M,3306172167,1CFS_MPS,S
13472424,0e66924320492ef4f685ac2aa8934e339f6ee3169723cbb5d7458fea9cc16bbd,06/12/2006,M,M,3306172410,2CFS_GIAT,D
11898422,6975a75b152642a12c344eb8935fc0e93d8d48d39d9697b61cfb43c6befccb75,17/03/2001,H,M,3306169651,1CFS_DAW,D
13600344,33b3ddc227dcca2d5710f0757d142735087e45bc0042f4f5899bec4f4ca059cc,31/05/2002,H,B,3306172403,1CFS_GIAT,D
13459168,874232571f8e97545df90308ca705742bb91f199b8e5ac0c4998b90728dae10f,01/05/1987,H,M,3306169635,2CFS_DAMS,S
12687088,dd862a9650d0e646418e35a4675693cf90f616d6abf9c03bb7a01584f9b4552e,25/04/2006,M,M,3306169433,1CFSG,D
13592958,9db9542eacf76129a704fceee0176e7d1b7451e3e098df9a05f94cc781a110d1,22/10/2004,H,M,3306169651,1CFS_DAW,D
13281768,12d6bee55dec353c2569aac99baceeb7ffc3c84febc1bdb550a0af26b4d7995c,12/08/2002,M,M,3306170617,2CFS_LCBB,D
12651696,6fba9a59b7b2aca76730c37fb7d6c5d45f367030b6a5d8b31972346ef708237b,21/09/1995,H,M,3306169593,1CFM_SMRS,S
11176344,5e7ce778302ba4c5403696923351cd1f48a244402a2a41c7fe007794b1d684aa,11/05/2007,H,M,3306170528,2CFM_CAEA,D
13615979,82bbf419ccc498b033bb545928c0205d19a099290ab6418a85abda7bdfcddd7f,10/10/2001,M,M,3306170619,1CFS_LCBB,D
11029676,d5a283f700cb0583b5840d1981936194bea7676cf4d555fc322dd23bad7ef1ed,23/12/2008,M,M,3306173997,1CFM_GA,D
12876207,da18e294cce96f07aba3d870f2f0edc222f248bbf960205f1f8d42ff38a6c533,08/06/1991,M,M,3306169651,1CFS_DAWS,S
13518817,c64b0e5b122c626a687576bb3fa6eab5eb27ccfa120efb1fa7268464d785c909,28/04/2000,M,M,3306170521,1CFM_CAEA,D
13232436,8379da4baa7a6f86218d695cd6f66a065ac39849a7be7841579444807cfb445a,19/01/2005,H,M,3306169651,1CFS_DAW,D
13056115,90ee102232fc8a65e8dbd75eefa20678ff2fde595ec55a366a0cb531a3facb15,24/05/1974,M,M,3306173997,1CFM_GA,D
12859504,b6023cc76e60a30c0ed89ba2e3a057a1b740348c052e4a1e60e0113edffa1c37,30/08/1988,M,M,3306174048,1CFS_AF,D
12623376,ca3b20a93fa496bba77915e9455fd44a77ec0fa204e3619a3f4b79f0f1214aab,16/03/1985,M,M,3306170521,1CFM_CAEA,D
12813996,a0488b621ccf1dbeea141369a1599a4d2ae6c64d1d41295340cc552ac33a7b41,05/03/1981,M,M,3306172403,1CFS_GIAT,D
13593226,46e5ed5a3bea23ef2f96ea1f5d94d4ecdeea5a48c5b0d8fca5bf1c6fae283f10,03/09/2005,M,M,3306172135,1CFS_CI,D
12737929,13e7ca56741c3ca50cd9b884c34739e4ed4895bdaa70a1f49a33caa03d92c6da,27/07/1989,M,B,3306169635,2CFS_DAMS,S
12737929,13e7ca56741c3ca50cd9b884c34739e4ed4895bdaa70a1f49a33caa03d92c6da,27/07/1989,M,M,3306169635,2CFS_DAMS,S
10315581,cf1e2000d1bc5857a367829d8d15efbefac047ebccfb8b408a7d269a060209ff,29/05/1993,H,M,3306172167,1CFS_MPS,S
11709509,5a54d8363d393a0bf8de458db8fb36a85fa5431095b233bcc7147b360682c6bf,19/12/2006,H,M,3306172135,1CFS_CI,D
11341745,f9c3fa8ca8bc23f773218333e9c76d8b0f4718ea6f5f9c5b93de496a016c6c39,21/07/2004,M,M,3306170617,2CFS_LCBA,D
13242369,f83cbbafd8c5c546660d968b5cfdb59d30def0fe3306b628abd9125d378a0e9e,26/06/1989,M,M,3306172165,2CFS_MPS,S
12869703,49758907b3f470295bbdc8f030749915807bc59d5459fc1455c75762299a636b,28/11/2006,M,M,3306170521,1CFM_CAEA,D
11434889,e3f421a790dd632158a2116d8ad23b6d773e0734aebf5a209360608d31b8a86c,11/05/2007,M,M,3306172053,1CFM_AC,D
13035877,97e95aa0aac00f8fc309d88e99195ef17348d83ab76ebc9dc892bd9c58fcd4f2,16/03/1996,M,M,3306169440,2CFSG,D
13475004,4d654cada9353fda45d749fc3ad97b20fef4c8f4a72790e05f40b9af25e2bea0,11/01/2006,M,M,3306169440,2CFSG,D
13358627,f47f1a5b690a0fe91b78327b6f1d7a14852a98e0ff09304dda0bedaaad6c7c69,25/05/2007,M,M,3306169593,1CFM_SMRS,S
13597031,ebc44a46fca10d02f152c418c88ad212d773ef71c098c9c05a3e121d97bf9ac1,27/12/1997,M,M,3306174048,1CFS_AFS,S
11671982,d35670bb385301bfab7c0b429b08aafb8f58f6f5e0083a1b98dc89a3d3a106f4,31/03/2008,M,M,3306173995,2CFM_GA,D
13024171,758fd606b3d25a59d0361ecb369b2c9172271e8c77daa7c0f1803970a38b9e38,07/01/2009,M,M,3306173997,1CFM_GA,D
11837899,5aaa844d78805ce321ad79b8158c0209d6ca22f1ae9305100363215dc74d5994,23/10/2008,M,M,3306170521,1CFM_CAEB,D
11816291,d71044cfc622bb74661be0f64647988aefe64ef971dbf7c3f5ae07ca5c7fbd6d,28/11/2006,H,M,3306172135,1CFS_CI,D
10737949,7ed9f7067ee1db8e9609caac9d1ec2bb2537bec499a3223ff62ec099b2c4dd9a,28/03/2005,H,M,3306169751,2CFS_ASIR,D
13539452,d2f268adc13f46d865be3a52da4ce6b90edfcd29ed1d51d9b0ddc1ad76bb6f4f,21/09/2006,M,B,3306172332,1CFS_AVGE,D
12854002,cb366a9399fee7bdb372e76bf0d7b28951bc5b55c3b7796c8ade1e530b7fb89d,31/03/2006,H,M,3306169751,2CFS_ASIR,D
10839683,ae4aa72bbbbd2e49bcd2294a2b261864edc441687eb089fba68f7805de9fbb78,26/09/2003,H,M,3306169651,1CFS_DAWS,S
11417915,426db08dae68298cb07ea5d6d0f1c9508615db671e45204da6904627abf61b3e,16/01/2009,H,M,3306169593,1CFM_SMR,D
13592648,671fb210aed33ba2fef3433c855577f50603dbe9f684608bdaa9d9117e8b3225,24/09/2008,M,M,3306173997,1CFM_GA,D
12564253,16812e4256b35677435939d5e2cb58565e94121756360629bdd2be995745da3b,26/02/2008,H,B,3306172060,2CFM_AC,D
12722909,98452623b24921bda11c14762e857e78585b7320b9753b1fea4264afe081a624,13/03/2007,M,M,3306172135,1CFS_CI,D
13376042,c8790c361dba4bd79e18182d973369fe3305f60e15b488157d1347298f9b8695,01/03/1978,M,B,3306169651,1CFS_DAWS,S
13594957,0ec5e56b74380ba0d50e382c7ce0b5a7b1ffba12558394257ee5c9c6191625b6,12/08/2003,H,M,3306172403,1CFS_GIAT,D
12152515,124c6cc34452e43fb9ff5f02f0fb87fdf5a2bd631ba15aab9efb17afc20ef145,31/08/2007,M,M,3306172167,1CFS_MP,D
12744964,5bb83c2c3c4e3b7ebb1e77a011149b6173af82ee2046097bddd0197bc3dfe2da,04/05/2007,H,M,3306172060,2CFM_AC,D
13561737,5ee250404eb67c2be14ab8d2fdf7e7bed8271081334ca55f31c196366dbb7ef0,03/11/2007,H,M,3306172484,1CFS_GAT,D
11635385,4561e184204683cfd5e451a4966b916d34e80ef4fe079619dfd6f1746dc8ceb8,13/07/2004,H,B,3315802123,1CES_CIB,D
13593122,ebe84b0183b3b1cb435a3d05834399bab7e3cc0b9725d8b4f2e671bf38120ce7,24/01/2004,M,M,3306172484,1CFS_GAT,D
13593117,802ae122e2c69aa6db3c558cd61b3f86486dc17e991f8ef31f928366cd128888,06/06/2004,M,M,3306172484,1CFS_GAT,D
13602203,b3aba3c90a62d3f73e282e960e1252613c88142e3ae908d660a02c3e0c660a17,03/02/2003,M,M,3306172484,1CFS_GAT,D
13593121,6b74cae617eae440334180bfd456dc3e2ec66145c0e3a9cb82548b0b69c8f9a2,30/11/2006,H,M,3306172484,1CFS_GAT,D
13602219,b91bb1ffaad5e2a086d9d7c6f66a77a23bf80c8b79690efe880f2197a411716e,06/08/2002,H,M,3306172484,1CFS_GAT,D
13460187,6a8d2496faaf8041e0961c9913841b88a7effcb969ec25ffe86fcc416f3994ed,10/03/2004,H,M,3306172332,1CFS_AVGE,D
13445476,c3fdb848ff8c85f018ba7a35e4cbf26da7d4dbfeb9744b0a8fe6ee9032694634,31/10/2005,H,M,3306172332,1CFS_AVGE,D
13593106,ea277e3971d6df6f6f89507f06656ee88ea1928bc61651e772609f948c68965e,12/06/1997,M,M,3306172332,1CFS_AVGE,D
13273466,8b2483d71103c53ac93f209e0bd7e5b66072d59d23c0399cbd9349f6eb490a53,07/06/2003,M,M,3306170617,2CFS_LCBB,D
12667179,0f0888492a4db1862019d4d8d397579b1dc5c0613156ea45f5a0bb7b969131e4,03/04/2002,M,M,3306170619,1CFS_LCBB,D
13598749,831f924e5865bcd199a50c3cddec2288c5faf1c163c2265dbaf7db35f4b896b0,10/10/2006,M,M,3306170619,1CFS_LCBB,D
13134254,a20954cb05ac7ad57ea31fdc835d2c69584310c44228325fcb8e68fbd154b597,25/05/2005,M,M,3306172112,2CFMB,D
13170472,323d277e03760fac72ede2e03d20865b43e801025b2dce6b9a04f8a4305e2927,08/05/2003,H,M,3306172135,1CFS_CI,D
13597950,ad9c6123f41597cdbfc27aba95852634e92e46314f035f0f825471878bc92de3,22/01/2006,H,M,3306174048,1CFS_AF,D
13458379,e9629c8462d454859b44c8f4059632c0b992413fb0e8bc6f41400f9a5ccdca61,28/09/2003,H,M,3306172332,1CFS_AVGE,D
13608584,d712631a0915f3fb5263a7c0f908062b157b4f7e2a04ff22e7099e358571a1d4,27/11/2004,M,M,3306172484,1CFS_GAT,D
13608590,f20393973d9a8c8581e2978138ed35dff0fe4d2fae98e8eabd5f0c896d632cfc,01/03/1999,M,M,3306172484,1CFS_GAT,D
13609532,fa990db30238ff64b619462de6edd82b7dd6e3c3264cf7635e7680db165384b7,18/11/1996,M,M,3306172403,1CFS_GIAT,D
13608577,1c2511ab6a2025e8014635f4df73d456d4a5ea1d96de19b61681883899e51921,23/10/1991,M,M,3306172484,1CFS_GATS,S
10985551,3414f410ede258b88799788c9550b11a9df789d711516a2158a24a3d952b0404,22/11/2006,M,M,3306170617,2CFS_LCBB,D
11082671,6de5527ec1b445e79d96120c652eda96ad65b502d30503bc036bcb515dbe5bd9,11/09/2006,H,M,3306169751,2CFS_ASIR,D
11316049,2f1489eedcb355705917ed837dc80261cdde8da97773f0e7739eedb660ec3190,27/04/2002,M,M,3306169440,2CFSG,D
11316053,2a62aa8a44fabd2d359b23fab5bc65837187fc69846af41d8e81441ea28161df,29/03/2005,M,M,3306169440,2CFSG,D
11453697,ae05d347cff566c4ecb908fb0882da7420b167ac8899857dbfcdc842b1fb63b7,20/12/2007,H,M,3306169593,1CFM_SMR,D
11312003,d39b6bd0758300a83a53e085ff56d5dbe2d3dc0a6c415c56711b1227d5dd3676,10/10/2007,H,M,3306170619,1CFS_LCBB,D
11251993,80e06d75d7e98487a9d55f52b7e47b49cf415e8e787623c0b39f33472dd7bc33,10/11/2003,H,M,3306169593,1CFM_SMRS,S
13596553,6fd6ae0e9088dd98dfc66ffd826cdb3b58188978d23764356e2db6a181c6daa2,05/04/2001,M,M,3306174048,1CFS_AFS,S
13593239,349eea5f8646974acdb1468ee7440727b00dc36334479ce8dda8b694d8c0bddc,30/03/2008,H,M,3306174048,1CFS_AF,D
10742128,08aa1379496a1cea9c5007b1c74143e0e1045a01008ade9e5bae6c352e287d35,28/10/2003,M,M,3306172410,2CFS_GIAT,D
13598449,21cc5a48bd92c8cc11557bee3d4b865060db3dda2ed5f8fb0ab2070a89bc2212,08/08/2000,M,M,3306170521,1CFM_CAES,S
13598103,653aaa4e2a4169d2bc1bf3c15520943819a38b4e4221a614ff7fb391c393bf90,08/03/1994,M,M,3306172167,1CFS_MPS,S
10054086,1f570da24e2b3ff011e850b7c2322bc0ae574677a13e41add5d26983d1d894d3,21/02/2001,M,B,3306172165,2CFS_MPS,S
13248312,fba02780cf698f62c94ef586e9f00b00cc56c31b4dec70b142ddec1b80d2ee89,13/10/1995,M,M,3306174046,2CFS_AFS,S
13611445,0a82837956a8f8bf8f940c1c9ec2d8118dd2a9fd20c99aebf463df0de2ebb221,27/03/1991,M,M,3306172167,1CFS_MPS,S
10740566,5933e98e29d2ca9aed6bfb5e0bad8cbe44f01641c133a427f32bc473db2efbad,07/05/2004,M,M,3306170619,1CFS_LCBA,D
10129831,4c336c1c17a97807fc516b8b699b05f46e9d96a6f37435202a60f0181f480ec3,29/03/1997,M,M,3306174046,2CFS_AFS,S
10734539,3f1bb4e98bb1396410a90460f2a75d02c724b579db8627c106b3cd5ed0819121,16/03/2004,M,M,3306169635,2CFS_DAMS,S
11512589,00b6e7db3a169da3bd3a15247f958568025defd0a28e26471b478b12616931d2,14/10/2008,M,M,3306170521,1CFM_CAEA,D
10635003,5cd6b7c684639f0b5b3b5cb24c3732bfcbb083f03d5fb4a9fa6d9c793ba9d857,13/02/2005,H,M,3306169751,2CFS_ASIR,D
11248638,eecd5b3b1a51e91d2d236f3815bbd10da0002103668dd6d67237cbf9b741bd54,24/11/2009,M,M,3306170521,1CFM_CAEB,D
11110260,0b11f59de546e7a0d14248bfa0354a49075e09a013ba4cb9e140b5a031d23a55,21/09/2009,M,M,3306172053,1CFM_AC,D
11024352,505cb1baa5ffdb63af1790985d1a944728f9e100f5312ea6490326202b49ca39,25/06/2008,M,M,3306172060,2CFM_AC,D
10796413,1cbbb18b750316f6b2e60fd41c26e599c532a1902a67ec3f1c8fbe2b991e9084,11/02/2006,M,M,3306172403,1CFS_GIAT,D
10837080,a1a1833a3bf2dc7146b9a51986323b0387881a026555f37328e35f8eacaade66,26/08/2007,M,M,3306169651,1CFS_DAW,D
11226702,6522485798de27343be16047842b41b9c25365db8762a0795ade8b33ea29418c,01/04/2007,H,M,3306169744,1CFS_ASIR,D
11806221,9a4a72afeac784ead4be817156c9b75ef74af02e5fdd317e5ec3bffe5bcd1ea0,18/09/2004,H,B,3306174046,2CFS_AF,D
10238744,7aceab4bcdd8232d86598dda33e18a1319667c649baf7a537e81b28f0e28b46d,26/07/1994,M,M,3315802123,1CES_CIBS,S
10635383,38e0e190db36f90ea0920408515792593da07a28fe691c33d7229f45a4ffcb90,24/12/2004,H,M,3306170617,2CFS_LCBA,D
10718934,369df289fec94512f14eb8bf94ff12ce43bd853a525f236db61be90cbd348c1c,30/01/2004,H,M,3306169658,2CFS_DAW,D
11026339,d0ae1aabc0ac10e25f76671827e82ffe2c975f5f244af8dd9c02e95b7f3cd78e,21/11/2008,M,M,3306173995,2CFM_GA,D
10410077,f9c483ef9b402e0b8efd748f5f1c710d036af2617a089a79fc1b6f2137dcff66,18/01/2001,H,M,3306172330,2CFS_AVGE,D
11564293,f450d58fb910fc64a69c5283dda705edee3bd0a65631f209cadf62bfae22b4b4,18/09/1997,M,M,3306169440,2CFSG,D
11507257,41c455911b6f2ed87c3025a7ad99f7c37bd4d285e08e540e42bb5252ca63ecc2,15/02/1986,M,M,3306173995,2CFM_GAS,S
13035060,7cc64a0a55cb333b14aacca1a9e238d35bf327e875e47616f2e9c5e5a8a01fb2,02/07/1987,M,M,3306174046,2CFS_AFS,S
11507257,41c455911b6f2ed87c3025a7ad99f7c37bd4d285e08e540e42bb5252ca63ecc2,15/02/1986,M,B,3306173995, ,S
11336403,6b80e8e42bde59eb357cd1d60a0cb491fb506916019014bd359543b29c1d77e1,31/08/2004,M,B,3306172332,1CFS_AVGE,D
11330085,4f749c8d403533ab5cea347512395e270eceb1795aca42fdb8563498a5fe7f37,03/10/2005,M,M,3306172410,2CFS_GIAT,D
13551232,0fa45e96534eb077542db295e3be632ae0bcfab1ad40a94341750e25852495e8,13/08/2005,M,M,3306172484,1CFS_GATS,S
13352871,e696ef89ea80e959d6c69523feb391a48f3f28df139f954fc1fa7249f2cc7136,26/06/1969,M,M,3306169651,1CFS_DAWS,S
13604001,a2ed649d3baa79384c0dce59b44bfff4e90071724e644fa604b7f7365dfb74b3,05/07/2004,M,M,3306172403,1CFS_GIAT,D
12919510,599cb775f963bd284f34b1a1ff70481eb2a1308cde16dde53edd8fb3678aba47,04/12/2007,H,M,3306169593,1CFM_SMR,D
13006056,0a998d2d37b1064bb85e9cdac3cc05b17bc68ce0a34d7f699b76f912f4d25b64,24/08/1989,M,M,3306169591,2CFM_SMRS,S
13114812,e4535a4e4a6f62dec5b9dd9252e3e630fcf48e715d29b97bbac6bb2998c143d9,05/06/1995,M,M,3306174048,1CFS_AFS,S
13291541,e7e601db831281412b74f9186c00f6b8650b42852739c2e3762569532e5ceb7d,06/03/2007,M,M,3306172060,2CFM_AC,D
13162455,33aa91f8950f298ddd885c473f722da6c490a5ca0770daeeea1737da23be8db6,13/07/2008,M,M,3306173997,1CFM_GA,D
12607119,24a6f0e68850dcd05f367762a0b468d0259455278fdce0e7accd2c04f069a864,03/02/2008,M,M,3306172060,2CFM_AC,D
13450196,65db39366052031f27246c01423e1770a5ee53800d041df01bce0cbf539a6115,13/10/2004,M,M,3306172410,2CFS_GIAT,D
12912678,a17ba98c56fcf88ef8875fa8a12c62b245d5e730627b003f564a5f7da12c6b7a,25/09/2006,M,M,3306172133,2CFS_CI,D
13112701,4bcc341a2ee1e7acf4828b15c4ccc8400e944c27f54cef2f1ed12bf2c20d712d,06/08/2006,M,M,3306172135,1CFS_CI,D
11664368,a1a8007be5beebb356a8d84ef882e0703c07366d07b9120bde47eca418d4932b,20/03/2004,M,M,3306174048,1CFS_AFS,S
13608890,7dfa1cee16396974504d2491f7a7529f7c4e9eaeea6c83ac8ae2f5daeacf766b,06/01/2004,M,M,3306172332,1CFS_AVGE,D
13607126,1f06d371833f73b9bed98eb4d217a2bbfd7a80f29d591a0f7bde6bf04cd12682,23/11/2005,M,M,3306172484,1CFS_GATS,S
13607577,3658be4443e400f2543be20cb9854104f38cc8db7bf10b3f07066ed40238a3b3,02/10/1987,M,B,3306174048,1CFS_AFS,S
12561661,885d1adc3beddeadd2abbdda223568e47991bacf72bc28450358746dd6cb056f,19/04/2003,M,M,3306172167,1CFS_MP,D
13455012,6cd5e27182f5edf9c45abd2028e0b4fc68000a6d0768bdf8436359c14602026b,22/03/1967,H,M,3306172403,1CFS_GIAT,D
13454999,bfdbeee68cf5aa6466c43daa3a9815d194f7c71d15c5d448e94082221418972c,24/03/1980,M,M,3306172410,2CFS_GIAT,D
13486970,6ad8a27aa0000cc531d05ca8fc62062c0f19c91781ce4f59021bd65e5d6d03de,19/04/1994,M,M,3306174048,1CFS_AFS,S
13298754,924e371aacd51873e7e86bca6b28c61fe58dac3f3f4c447a2ccb7d0c75eb83c3,18/05/1993,M,M,3306174048,1CFS_AFS,S
13377168,9fb4b20f286f4e0c8e97896fbc7ff68e69aa0b8cbb7518c549d4cc63b4d2ddff,13/03/1993,M,M,3306170521,1CFM_CAES,S
13593120,5f98e449473d025d6270c59d01480cc9b33dd0f1ac4ab3cd135341be9d38d9ef,14/09/1999,H,M,3306172484,1CFS_GAT,D
13102538,e081a94de9df0b93ec32692694d843bb0dad574907fdee3103e1f36fa0e55e97,01/08/2002,M,B,3306172165,2CFS_MP,D
13500909,0a552a37a731d456adc85424c0a464dee3d3b51ed401f30162e7e09081213495,07/10/2004,H,M,3306172165,2CFS_MP,D
13593493,42de65f239604dc3aaeab62780407f2fe40f872c6bbfd593b03d45094c3fae78,21/09/1993,M,M,3306172332,1CFS_AVGE,D
12465550,96c3b576002bb3a65a787f31d008bcd0518928660dccc78277abd9cecacc2fb2,28/06/2007,H,M,3306172060,2CFM_AC,D
13127380,22fe81996c9a842add7749d6c846dc034de5ef0252608cb81c56fcc1e1e28b08,02/11/2004,M,M,3306172447,2CFSD,D
13593118,5b864c5b2a19ce6c413929836ceb0d872dd85800e05762a2e1895b80b3a0aac5,03/07/1986,M,B,3306172484,1CFS_GAT,D
13593251,9315cc7d2ec2a66dd3909bfaf8d6b27d046af9a35b9124a30483391a45cff925,04/06/2004,M,M,3306172484,1CFS_GAT,D
13239736,aa5964ee0674d0497ca9f5dddfaffdaa3ae70ebaab2223d8f02e4645e82a9793,05/07/1995,M,M,3306170528,2CFM_CAES,D
13275939,0ee93622d8c02b23246dffbf005f09b94766e4e9f5d7d8516046d97cd7ee9638,25/02/1975,H,M,3306169635,2CFS_DAMS,S
13281547,3030fca1ecb25bcd539f05c95e11ebe198de4525238e528e170774d429b14e05,31/08/1996,M,M,3306170528,2CFM_CAES,D
13597527,8f8f292a37179ac34fb0bbc50bf71081a37437afae00cbd40866d7dda5fedf35,22/02/2007,M,M,3306174048,1CFS_AF,D
13090097,12600a5fb5551a1f4c762a0c39a01d58b19d753b0192906dbb8e66f2dad96456,17/12/2002,M,M,3306170719,2CFSK,D
10264508,4c6000989f79e93d6b2be83cdc02f7345a0a0636a9fb293fbcf54847d52c7867,10/01/1998,M,M,3306172482,2CFS_GATS,S
12478421,a5daea3a4eb363d0b2db5894e08822d414419e8ce00ffb6cbc0c439305459d07,11/10/2006,M,M,3306174048,1CFS_AF,D
10416958,c20901091e1dcc896d55e04f70995234c103c0ab7f9c1b6a6bbbe3aaa362c89c,11/04/1996,M,M,3306174046,2CFS_AFS,S
12885212,36f428a5c8a207060b639e463562d1ee8104c6b666698cdb15e1040a13005245,11/12/2006,M,M,3306170619,1CFS_LCBB,D
11666166,22260d5f3856366710550782a40b94564e43725b894fea0fadc3c3121332da2b,26/09/2007,M,M,3306173995,2CFM_GA,D
13364648,88b2db925eebf7ed3d67176dfecb30cafc5552dddb95fd1377443be51a3fe590,15/08/1987,H,M,3306169591,2CFM_SMRS,S
10679964,328afa8bd30064d123018e528f83708a862581e1c5454bcb7c8f8f65f221b070,08/05/2003,M,M,3306172330,2CFS_AVGE,D
12327885,,19/11/2005,,B,3306169593,1CFM_SMRS,S
