id_alumno,documento_hash,fecha_nac,sexo,estado_matricula,curso,grupo,turno
13288467,711426f3bbc28f3caca10f39f47f1816a7bbf1131884dbc191d393b0415d0000,15/08/2003,H,M,3003822414,1CFSI,D
13288233,3c3d05e78555f67375f1283d5ced2a568baa8c347affbf45537e81719be9311e,10/10/1978,M,B,3003822414,1CFSI,D
13294635,f214106a09a8f0944e7a5c34aac1d98c913dacd99c03dc53da3e222c823cbaf8,29/01/2003,H,M,3003828795,1CFSH,D
10332148,f59d78818883360b7ca3f9fcec88737a21f2dd009682e0735976ea5aa501552f,27/12/2000,M,M,3003828795,1CFSL,S
11738860,633a34be3f4aaa3aec263924fdcf922917f2e9336478f4ed84f638d1b23b4fb4,06/11/1978,M,M,3003827233,1CFMG,S
12300236,9e6fd716f3d58aac37a72c10d888d7f8eaf8956f021431269e3015a83d6295e3,09/01/1993,H,M,3003822449,1CFSP,S
13297112,d44a5737b7960273daae5a4cf1af37243f87271a6c9acd0e1bc6b53611664833,24/06/1999,H,M,3003828705,1CESIAB,D
13257199,2b04e0feba2d050fefea309c04f37888f6aa5d19ac8f9b5f96466794b9e2459e,03/10/1966,H,M,3003828893,1CFSC,D
12491074,aeda08ee0161080449e023c0bf03bc8cf4cdc9fffd9ce4110b0195f0b8114bc4,23/05/1986,M,M,3003827317,2CFSL,S
11567443,f17dc04668ec7e212405f55c5400207712de94edb4b7e9748330b1f395187bd7,15/10/1998,M,M,3003827240,2CFMG,S
12839144,8b4db0d6c2c4448fc7f47ae43db20b8911ce3aacce066ecf07317e50826416d8,09/11/2004,H,M,3003827324,1CFSA,D
10388745,529315a996785e14016802babced70e48735142d86f1c70a30134c1835b662f5,31/07/1999,M,M,3003829517,2CFMF,D
10984790,7c0e34068ecf3d717bc82b41130f1cee0ef51f0b732730890d63e3c4925d96e6,16/02/1972,M,M,3003828816,2CFSN,S
12736448,cdfdea28ad31b3b4893f43b3e25c33c8dd182827263a8b93d0e9d4554b5ace51,04/09/1990,M,M,3003829517,2CFME,D
10696489,4ba1e58a3854de0120feac763d363d7847a7487318a0a633426fd937897d3cc5,03/04/2003,H,B,3003828893,1CFSC,D
11895957,007e523d73e0b2ff1a7c3b9eb02423d3d5eaad48f88e27ec817a4036f9457376,19/04/1981,M,M,3003829510,1CFMI,S
11494374,afdf0fe870b6209fafeb723f43b59f3f9bfa4e10a8b916c2a464089f3c48e1be,06/07/1987,M,M,3003822456,2CFSO,S
12736231,f8579fff3e8e2df589473f62dc16d9841f008226317b2e1cdbd476278dea889f,28/02/1992,M,M,3003827233,1CFMG,S
12730573,8f40e54b17ff8aaa39f99c785749e536f98d72823a52edd91f5038b6aaa1a924,07/11/1986,H,M,3003827240,2CFMG,S
10454428,347e51d1637b1d9a4dc1e2095317b947102456abc996071ec43dcc37abae268b,14/08/1992,M,M,3003828795,1CFSL,S
12826253,cf54389da41ad81846392f27bf37066cc808ee5d0d0208d1b6e2c53d518db364,16/03/2003,H,M,3003829636,2CFSF,D
10743797,f0e5669c13e4dd4f26bad18f3ddb78536c417ffc25bc35131a1263428512bc39,02/04/2003,H,M,3003827317,2CFSA,D
10489725,cb0fabbde63027184ff1ecf486f3998e335b41ee700f12a948deb8d9f683cace,07/11/2003,M,M,3003826541,1CFSN,S
10174516,3bfb50119e1460d1a4ed9650c95220b67eadf2dc048924711a1b4da7ebcc02b9,13/01/1993,M,M,3003827240,2CFMG,S
10041748,49b978c22900b511fa1dd81b7f963254a0c01d5595a14e334821181f1513c757,09/12/1999,M,M,3003826632,2CFSE,D
10146282,eb35bc7e84dacb14a3d204d7e36088d895efed49750052979bccf926590696e9,08/07/1996,M,M,3003828691,1CESCIB,D
10611327,e9c53c2535c34336ec555100a668dabf3a30ad94d76251e7cfcbe9e9cb59dba9,09/01/2004,H,M,3003828893,1CFSC,D
13072131,bfedd7d6f6e4eea6d0c09b9aad9afa1bc35ae534934d899e9837566993adbbf9,27/01/1968,M,B,3003829510,1CFMF,D
12557890,c96efce365a6aa8ba047a8c28306704c4342e7217c31165cf79ddd63c0c2bf8a,08/11/1982,M,M,3003829517,2CFMF,D
13248669,5bc5f261d0ebb68b4da2c75d9ff6192999c58490804173f9de7d62128507d47c,04/08/1982,H,B,3003828760,1CFMD,S
11060283,a1c138476b77f5095c1ce3f0f6e8bcc48fc2218aa0f60926216dd6edf35c9a1e,15/04/1986,M,B,3003828823,2CFSN,S
10863174,6ad8e0f092a61272ee5faad346824a09de68465477d9c0424aff415ed1897de1,29/07/2004,H,M,3003828767,2CFMC,D
12380827,e1f671c31a00d3c4a27f576f72c8c6313dceda0d9351298d7aadbc71d8a5a992,25/04/1989,M,M,3003827233,1CFMG,S
10910803,31d6256dcd7974643e04b84f56d0898e46719cf94c46b5c34e4237290768fc84,06/09/2005,H,B,3003829629,1CFSF,D
10594447,af71845a3bc2ef7407c8538f9822cf5cafb44769d83a105402e6729ce80bc314,08/07/1989,M,M,3003822456,2CFSO,S
12868237,81a5cde4520c0d40d0a99e61c4fb0a38beda73b610fabc6d04c6d00763761481,10/11/1971,M,M,3003829510,1CFMI,S
11254522,52ca1ef81cda3beb2dafe7b2d66fbde7ef75e0ec11ffae42178998bd4be21eaf,17/07/1987,H,M,3003827240,2CFMG,S
11780595,6bf76af612f14214a521c87a01ff4a4a6b403a89cf205dd05418547f61015aea,23/09/2006,M,M,3003822344,2CFMB,D
13245586,b9ee03ba34cf76d509bce616b4404753ba8d8ee206aac7fadb8603c22efeefaa,02/06/2004,M,M,3003827324,1CFSA,D
12485328,2c4f12f77464e6fac440774956cf785c6e96b623e85a039cc9148e6cc72b3a8e,01/08/1987,M,M,3003827240,2CFMG,S
12735228,d9d24b0c6df41e7ccba0eb26617322015999d06a0ee7530bb7614da04b194bb9,18/06/1986,H,M,3003828795,1CFSL,S
13243465,72314b1fc78d97db44198a22b1b6c0030faa263c66e6131dc1578f4e518b1b5d,21/02/1989,M,B,3003827317,2CFSL,S
11891674,9175592091707a21b261c314b6dae03369fa586b673d297195473440da87d73b,12/06/1984,H,M,3003828823,2CFSN,S
13297404,65f0fede3979a29a21bbc1210564c128ed0b5f6253899a935d1523fcebb0defd,19/12/2001,H,M,3003828691,1CESCIB,D
10772056,78ff1050f16784b8d41539d9797d94d32ae7b3499fb5fb9615bc3efedb7a0eae,22/12/2005,M,M,3003822872,1CFSG,D
11763179,a3a57daf85b0b263a1cca3df11fb89cc966df6049f05f179e16168dd4e206420,06/12/1985,H,M,3003828760,1CFMD,S
11248561,3dc62e38cd673246402bda1e343c793f80870701e74fa86a67986ce8dd53ab3b,10/03/2001,M,M,3003827233,1CFMG,S
13039503,112633942b067467f25688041fc620274e339fc7016071b3611ac604946a008b,12/06/1974,M,M,3003829517,2CFMK,D
11407222,b59f6c50e54bf2590e82adfa30e9dc75ecb7254f677d98c8f8099a37023f74a1,29/07/1988,H,M,3003828760,1CFMD,S
10781254,ddeee30536feeff2ce5d4415aae53d630a88e3aa7ced90f4e5269c837a561f0f,03/09/2003,H,M,3003829629,1CFSF,D
11329159,02e799d602cc1b11d46cfeebed3c88e0ca12161c9abec758836bb8113a4e51ed,08/09/2000,H,M,3003826548,2CFSJ,D
10593808,ba38fdece140968d049bcb33ca4df5a1528417f98af43544f4ac5b985d40eb77,09/05/2002,M,M,3003829510,1CFMI,S
10718081,ccd5484db016ffa503274e94c809b6eeb7df14662dbff88ac51ce07de2d08c64,28/06/2004,H,M,3003822449,1CFSB,D
10201417,657d0f3ed7adbc0bbe2c71edb538899401cb982e84ed2f80f8548f50366205ba,17/09/1999,M,M,3003828795,1CFSH,D
10014485,2486b5f9d26f12a3b4fdb59e64923e7d854c01c3fdfa5b288a214b998389a08e,02/03/2004,M,M,3003826548,2CFSJ,D
12003293,539ff9fd8b8254e331d16710d59e38015fde750d3b147ffc0d53722bdb2d2ad5,23/12/1991,M,M,3003826548,2CFSM,S
10211605,c6ec7ea667f98e7621b0d08659a44aba15d8764ca9cd088912811b9900ba45e5,23/08/1996,H,M,3003822456,2CFSO,S
10750448,3e536407a5ad181989a5223a8e23ef976a627123063f2e618a1a379efd7cc302,06/09/1986,H,M,3003828795,1CFSL,S
10281379,99ac4683690eb9951084906479f6a4ce30e5cd64a606000da6c2644f220927bc,24/10/2000,M,M,3003822456,2CFSB,D
10586308,3eeed0a25da1a04bba78f8c0f28994177fc1e9a9b6297d74356298fb07c3be7b,04/12/2002,M,M,3003828900,2CFSC,D
13248573,2c486412ddbd1a30e7f3e00aaad899fa62f084602f2e0858462730a98bdbc206,06/05/1986,M,B,3003829510,1CFMI,S
10208350,b05402c00e19dbdb5dbbe475848d7dcdfe2be5768a3b174611f6048307cb25bf,27/09/2000,M,B,3003826541,1CFSN,S
10663493,843323d4cf2cf83d2ecd8edffd5db39e25aa5121e8f4b58bd7ec47791b2f4f8b,27/12/1991,M,M,3003828788,2CFSH,D
12730900,afc4cb74a8c5c75b991ea3b053fe939da71fc99224c2353a907332aeffb4f8b9,15/06/1995,M,M,3003826541,1CFSN,S
10866566,8a10a7d1a3220ddfcd4566857ea068beda1d33ed22f0f83915415a08fb9abdf0,07/07/2006,M,M,3003829510,1CFME,D
10500664,f95cd5978b5f9b3db6b2bd3f0b04e06d69bcb2110a1b4ca0c1b438414143332e,05/06/1993,M,B,3003828760,1CFMD,S
10324085,3e1f92849f8ea5a2b1d5978f2a8db86ec689dbb6d16e9fbf977ca1e001fa5311,07/07/1994,H,B,3003828795,1CFSL,S
12736124,b77b22972cde5e7143f0d08bae93355350e62b291ac2ad21adafb89ce4e7864f,28/03/2002,M,M,3003828795,1CFSH,D
13256847,badcf3d33d03ef1bdf926b49b8dc94a51edd673ce6356ad4e51513f03b6ed01c,18/09/1987,H,M,3003829629,1CFSF,D
13250485,ad01a790a720c22311a7e048b28d798a9fcd0834569f4fd44566b048d7d2413f,10/02/1992,M,B,3003828795,1CFSL,S
12558196,f031db7486c14d1858013dec4885e6010e8643b66b8b101f3ad1c2b5e76f2fc6,20/08/1966,M,M,3003828795,1CFSL,S
10865901,b1f176bdff21da0791ce689df6a0196f252e89877b4f0ccf67673ffc59684adb,20/09/1987,M,M,3003828823,2CFSN,S
12739203,431a69b1e86bd5df53b86982f047feb294cefa2bee6c0bd2dcd1e414b1715e7b,06/04/2002,M,M,3003829629,1CFSF,D
13246215,f3479afbcfd59d7d0208c218b1e6c080eaf010c27fa9cc2a6134178fa08061c4,21/06/2004,H,M,3003827324,1CFSA,D
13332666,ea5e8e7f9fe26de6d8875423202aeb99cf60fdda656475ca69471146d996b68f,17/09/2001,H,M,3003826625,1CFSE,D
12734604,299432d8d50291204591413a740fd3a43649c13dc0d65ab3ff1cf05fb97822de,07/06/2001,H,M,3003828691,1CESCIB,D
13274066,ee19e45fa014010b38974bceaf11e991f30708c09f00b84dbbfc5bd35e008859,01/07/1988,M,M,3003829510,1CFMI,S
11398648,bb4e5cf198620a6ff477feda6fafbef781238fdbef6f5ddbf683df317f19a170,26/01/1982,M,M,3003822456,2CFSO,S
13242365,a6010db162ce4370c9c2a1a22391dd752bf7e140a4043dcdbb62cb0a1227888f,06/04/1982,M,B,3003828795,1CFSL,S
11055595,24c3c1adb1ff7008cd0faad5b22122e099ac943a1dd8826f70fff9a333d11ce6,18/03/1975,H,M,3003829510,1CFMI,S
12584277,0a437dee52c05d165b04808d34b0e8e4f9c2836d7765a2041ab71b5cc04ba6a4,11/01/1998,M,M,3003827324,1CFSM,S
11402080,18da4766adcf3f33edd9efa411ec9524d5be70c33a080d3cfc0a058ef3edc20f,01/10/1998,M,M,3003826548,2CFSJ,D
12116573,8bc7e8e7d81fe6ac713a34f5504e42459bb77f51a1f2c5d2ef123796a48f89f9,07/12/1967,M,M,3003827233,1CFMG,S
13245350,3e6c525f19920aa363028d69816cda3d820d379e02de01bf4095c9f8f35e53a3,03/04/1990,H,M,3003828795,1CFSL,S
10174423,a20deaa171d7517da5665a5e16814b54ae90d12a77c16f02bdc361101cc3d731,01/02/1995,M,M,3003829636,2CFSF,D
12634107,a6c94c355e3785c1bdb6a1ca7df9b45e51160b83eb09bf86ce35f3dae2d21fa5,14/12/1974,M,M,3003826548,2CFSM,S
11512394,265aa965d8b54460f245384390e9b0f1649188062afbf8824e9162744ab7144d,01/04/2002,M,M,3003822456,2CFSB,D
12557047,905b5b8cc0da3771802258de444d4a1d87650529487a930e2d9145e645e10445,30/10/1972,H,M,3003828767,2CFMH,S
13160376,e9f0fd3d5926b10541ff37107d4cf5b255460140ad92dc1aa4b2920fab81d2b8,09/11/1973,H,B,3003828760,1CFMD,S
10711622,1797322610aaee518edfde22551eca99d8e966f0af0fd68028765ab25a0dfa52,04/12/2003,H,B,3003828893,1CFSC,D
10302214,b0b20044ee081a7731bb1e900b89a35fd71653a6963b38068654accc0567b684,31/07/2000,H,M,3003827233,1CFMG,S
11480547,02d57de77cad6157183a249605c598dab941f252814f5da15ee61d798c5bc54b,01/10/1981,M,M,3003827233,1CFMG,S
11573289,d28be557087d194454e5cafee0339215ea9df6135225527f3f20f1ba225ef320,15/05/1977,H,M,3003826548,2CFSM,S
10506770,21fccea79490ef4c894ca734ad6dc5ef39718e26802b2a2e276fa35485980074,21/06/2002,H,M,3003822449,1CFSB,D
13282254,11eda7efa680d8130edd12905587210e1b22bdb95d88dcbb25272b2d4927aeaf,04/06/2002,M,M,3003822449,1CFSB,D
12250190,7565dd6847bb85e19896d37365c3adac5dfbc95ad5abd51d70453841505e9d02,08/04/1970,M,M,3003828767,2CFMH,S
10784833,0319160760841b73656c05f73502acc31b2bb6535ce46765a066fa7c3bc7ed14,05/04/2006,M,M,3003829510,1CFMF,D
10708207,31843cc78b2fb507428a655d6f2113709f2ac1a68e21f20923f32b005575ecb3,18/07/2004,H,B,3003829629,1CFSF,D
11639589,e67c85b6aee6a5815e7ba3c0aca699570d1e3e1284ce8fae8340c025604981e6,27/10/1971,M,B,3003829629,1CFSK,D
10949781,8b6b608ef2c9b663b789e9a99e838c4c9a152030fc1015d286bf87bc969653ba,31/07/1988,H,M,3003828691,1CESCIB,D
10645465,56dabba863f17927623408d019e2d03526e27809f2e763c266cf310693d30cea,04/04/2003,M,M,3003827240,2CFMA,D
13034194,5ae58183cfc3a14996eeeae8ca3d781a88ab0407c02e0f5fa7dfc17aa4c960a8,06/12/1988,M,M,3003829510,1CFMI,S
11402624,393dd50f5048ae8c97601dedba1fe4018ef745a66c3ca7bd943749e247803d5d,08/09/1984,M,M,3003827233,1CFMG,S
12731167,a3d5a681bb258c51527091dd9e7a631a7033c103464ccbfc53c7eedfebeb628e,28/07/1993,H,M,3003828760,1CFMD,S
13038809,cf019ba1641ef42b02317a09be5b18997c3a4422d0ee396598a0449386821567,04/07/1986,M,M,3003827317,2CFSL,S
11316431,a55d6f67dfe13676f4f866dc1524318996c2a5e96a91be8f41909ddcf00d5b5a,20/11/2001,M,M,3003826541,1CFSN,S
10377321,818d1a206b45a7d26ce51542d840c2d97c72d25ca813075491beaf921367e17d,06/02/1999,H,M,3003826632,2CFSE,D
11512963,925eed915837513422bb36d18611c91a7029680270ebbe98287309fa69023d55,07/10/2003,H,M,3003828900,2CFSC,D
10759106,8c8a2b4f1460d721a7eacc430905ff7e8b1304e383bcb8093efa2da32a43b870,21/11/2004,M,M,3003826548,2CFSJ,D
13038288,38ed22dfcc98135d42c0c8fd7c8222ff3542049cf87370aa5ce06e8874813944,19/01/1995,M,M,3003822879,2CFSG,D
13242368,c8464c6e1addf752f4e923416ecd00ec7518033452e524f504221863a2cca920,03/12/1996,H,B,3003828795,1CFSL,S
12563774,6fd5e7aaf6ca06690dcd32afee16b9b24e8c75e7e60faddc8ee487ff3d91dcdb,05/01/1987,H,M,3003828823,2CFSN,S
10837048,7a241853899ffcd70bf5d7b5b79a15570c6368a3202193f2e502bb9d74abcde2,13/08/2005,M,B,3003828767,2CFMC,D
10784679,61370b4eb17f5e687ceb4383d820565d8733c882f4195b299fe9e7ae2f8cbb98,25/12/2004,M,M,3003829636,2CFSK,D
13245876,d85533553fe3daf7ec183f467b4b573ab32b8056fe86f7af3aa0b4e55aa7ef0c,28/05/1981,H,M,3003828795,1CFSL,S
13242130,a1c5211c0783cabf2273866abbe618b625705570d56cee3dfac1f111e41658a9,28/04/1980,H,M,3003829629,1CFSF,D
11488090,34ca21dda1bd2aa37f4d932a8eea5c4ddb71e9b0a03cda70a1a87568260c1afd,20/10/1980,M,M,3003822456,2CFSO,S
11885210,063958f01fa930baafa0d870d585c6bd5f5338f4eefdfeafe28154d99a2c679f,01/09/1996,M,M,3003827317,2CFSL,S
10394942,562d55499954ab2347df40efac5c4cb40ba84f14b8c9256307121d150817d799,20/12/1991,H,M,3003828823,2CFSN,S
13250784,b44c28531a3325e94a971f390b809ce78fc6b0b50a8aa55cdaca755a5fd8b79a,16/04/2002,H,B,3003822407,2CFSI,D
10282698,21b9bacb308b1313604df9dc89ffd746e1e4f8253cd78ca0240a43c16570fb2c,24/06/1996,H,M,3003822456,2CFSO,S
10248785,c80fb65ab46f32080a66c75c5441823114578996f982211f94cea5a090ace446,20/03/2001,M,M,3003827240,2CFMG,S
11520867,bc55444c58a1d03381baca884ccfc8da5150449ce1d09c1958830491a016aa79,13/12/2004,H,M,3003822344,2CFMB,D
11484277,0c97e2328a1ef103e5fb4b11393cb27b905db042436b7c9501d521606f85d308,18/12/1972,H,M,3003828691,1CESCIB,D
10707734,2e146f2431b87490332981d5acf138fc08b65b3b3dba06790ca930318ea32b80,25/07/2005,H,M,3003822344,2CFMB,D
13245936,96c4bf44633d3a38588d1850935b9d00054e8c73d0c301943049b786e8e968bc,12/03/2001,M,M,3003828795,1CFSL,S
10804683,2d888cc284b8a85bd5a0dbab0ed8009e5d4d714100674b32acd5d4f1b64c6ec5,11/04/2003,H,M,3003822414,1CFSI,D
10805222,745f7a92a770f83c3b63a8ce108ea7a75a848dbd92d3d03663d79c755d31a044,09/01/2006,H,M,3003827240,2CFMA,D
10737209,500eac0ac9bdaa6eb36031f4b765aa86a9db78529f0691766dd3cf0f2d636d41,27/11/2005,M,B,3003829510, ,D
10884628,2fa970655c03743d798f37028e9deead7dbfaddbcdde88929f990edd159945b4,29/04/2007,M,M,3003829510,1CFME,D
12426107,90d52dbe27eb01a35d9875a57e73a80c11d81c5494050922d004e6484ae877aa,23/01/1971,M,M,3003829510,1CFMF,D
10788057,f1b0e771d4216104302be7beab9f3106ce78be82e601dc081989dc5d44b02d83,26/04/2006,M,M,3003829510,1CFME,D
10615480,17c5b114e5986d764916898a662f68ee409d611b4565e88569b6b5830dd1a934,12/09/1991,M,M,3003829510,1CFME,D
10898139,6043538a7dbbe951cef9c64eb78da27cace5745d5979541c7db1af9a0fe74896,11/01/2007,M,M,3003829510,1CFME,D
10574437,8d983565b8fd4365bc1f4048fba2b9dae544e8b3a143b840da3e95044b6ffb6d,08/02/2002,M,M,3003829510,1CFMF,D
10787438,fb2f7aeb3f21b9becc83da84b78edba2a02e8fa607868eb2983f19ddbc5488f9,28/11/2006,M,M,3003829510,1CFMF,D
12166232,b2ac2134cd3a4c5f68abf1d542ec655f9399c9ee4dcfd740e0cce53388e0d259,11/04/1971,M,M,3003829517,2CFMK,D
10458861,c23fa843cbe496524087a88937e1ec382ef27605c0bd2a9547c33e02922c4462,03/01/1992,M,M,3003829517,2CFMF,D
13034262,49d3cb11c11ecc273b1b6e25a66ac553ff4781049530e61fd315d5cf2fc10ca3,04/07/1970,M,M,3003829517,2CFME,D
10780791,458575c026dfe7b716404bfa758544c2bbf07ba72235687368c2895964c6f0de,16/05/2006,M,M,3003829517,2CFME,D
10803735,7a847cae04c28e9a281755deb03b5e6e8d87b1ff404e532c6869a4f5b86eaf12,05/02/2006,H,M,3003829517,2CFME,D
12620481,b6be254dd26965722580738e152adfc76dac5ca150e58f652eed4f8e96932ed2,14/06/1979,M,M,3003829517,2CFMK,D
10822990,30d259cdebcc48d91bfb02fa9c5011ed3fa8f19fb4d4fde9936359555c3c4ac1,29/10/2004,H,M,3003829517,2CFMK,D
10839272,b64aed5a3c086c631386467e30d610c109f796189d98e6cae5a46951d77892e3,31/10/2004,M,M,3003829517,2CFMK,D
10486854,5ea6de17fff6f05d9a49841dfe2e41dd88fe5f387edb39cf7184112cdb0a836c,18/07/2003,M,M,3003829629,1CFSK,D
10698110,a17f3cb0c575de04a9d7c4bcc71b8b5069d6d03a2dbc148a079cecbfad851263,23/09/2005,M,M,3003829629,1CFSF,D
10707767,e3577aa8c5f056f2fe4d08c8c2e04d21a30e5e6e8a68af5b0088946f2f20d68d,01/07/2005,M,M,3003829629,1CFSF,D
13242092,8b1cc80b174e5ea60a5a89a44c18a3d42840e85d5d7e192284139263d54a52ad,13/09/1979,M,M,3003829629,1CFSF,D
10324078,aa0f475796a812800bbccc627c1b27634e1a7e28c7ec7c53e1a4053d29597def,21/08/1994,H,M,3003829629,1CFSF,D
10792613,d327bb2bc529091d2f309ff2ce984ece9e701909dfd462d8c6eaf73c342ecb32,18/04/2003,M,M,3003829636,2CFSF,D
10709570,138dd4d508d2970b5154f0a5084ba6bce85b128daafa3b69b05f97397c725819,23/12/2004,M,M,3003829636,2CFSK,D
10805336,dc03e3db50ab46022a0da48d989f443a691780f8109316dfe0a3838b08063661,04/08/2003,H,M,3003826541,1CFSJ,D
10809478,16085ba6582301f8af9aa4135d89b72d0d5d973bcd3871b669eb13e482a77ffa,27/02/2005,H,B,3003826604,1CFSD,D
10513851,cf9123ba9c515d8631e899b22e258fb904eeca1328201fe4c82cd2415bfeb0bc,03/02/2002,M,M,3003826604,1CFSD,D
10662959,ff8b97a18e13644e32cb8c9cfc64e276e06a086cc6a2a05ccbe840831973afdf,23/08/2003,H,B,3003826611,2CFSD,D
10248447,be4a43b3ac8ac0757275ed406559f575456107a259c0dd95a339488cd8ec0778,11/05/1998,M,M,3003826611,2CFSD,D
10837523,7986d608e1246aef08215160d593f38fb00ca23f4bd2dee5e748ffbefa83a5e1,18/01/2004,H,M,3003826611,2CFSD,D
10696634,0e58d0347fa828ade049a20551121786f303afeabe822e3d4a7427c468688ff6,10/10/2005,M,M,3003826625,1CFSE,D
10199483,c9f607e6e891d774bed2208c1c31cee106e6d2490bbd86b6fccc77c853e7b5f6,14/03/2001,M,M,3003826632,2CFSE,D
10850808,5968a7d1a4f9786a2d126a30f5adb35baa2a9dcf5830c7a5c6d2007eecb88d75,09/10/2004,M,M,3003826632,2CFSE,D
10758506,9d51855dd15e25efe9a84a06b010d0a95f8074184e1a9f10b57ad92f84819345,31/03/2006,H,B,3003822337,1CFMB,D
10932819,78bcff2e66b33eb93fa37d3cfac4fdbda1ffbec6c499b3bc27acee347178ca2c,27/02/2007,H,M,3003822337,1CFMB,D
10789649,da887b9510081aae3932564847c5295be17c642067c50219a2071a549c6cdf42,19/02/2006,H,M,3003822337,1CFMB,D
10787504,2f2467abbb4b52e13e890bac0ca087b0fd00e0a5917b2942d72e05c6f9f579ee,11/01/2006,H,M,3003822344,2CFMB,D
10780823,1c0126f2363bf0326c3fbdaf744ff3a9268c7a133a2e75d7da9f26e447638b97,26/06/2006,H,M,3003822344,2CFMB,D
10813126,24efacdef895ae6e887d5ba8ba36b17df1d4e60678a702fd9f520a7885783c35,09/07/2006,M,M,3003822344,2CFMB,D
10700138,4bde3cbc1b91ddb7fb9ccef81d3b48791b1fec837e908002f2ead72849d91f72,18/02/2004,M,M,3003822414,1CFSI,D
10770133,e9dacf79117ab7ea8cc81cee2fa6e204542085b44aef6d7adce831eb7b4bb4e6,12/12/2002,H,M,3003822414,1CFSI,D
13242108,8d2e70f51e9851978403e8bfb75bcb6c91919f9c7af0d2abb4775c72ff8ef861,10/09/2000,H,B,3003822449,1CFSB,D
10737190,fd4491d629ad02385bc27eec0fa38bc87d56569a8d328297baa0eb678a088d09,21/04/2005,M,M,3003822449,1CFSB,D
10833265,2590cc1b9973b91336b500d23f0669ad7d7e40fb18cb72a66ce66dfc82cde62a,18/06/2004,M,M,3003822449,1CFSB,D
10852071,cf21ee999eba52f7d5fca5d0901ed887e1c878d8540737a74a6529223a13f7c5,18/12/2005,M,M,3003822449,1CFSB,D
10734337,f7bce05a2f9490d3b072e843f95ee42c2de80891e5dfd891052a620926bab99a,03/03/2004,M,M,3003822456,2CFSB,D
10747088,76f9c3a89d53bbdcb268367d80490d94c032190e8891cab83b9a857482b0ae85,15/09/2003,H,M,3003828691,1CESCIB,D
10700769,e8fde4a7c0260971bfd23cfaaed3b109b9b2f4a57ee63e92bcda9edb0473be3c,17/05/2003,H,M,3003828705,1CESIAB,D
10789928,fc9da42343da7045fff5684e4341f3fc3526708c4886e997727b666c9f653bc8,22/12/2003,H,M,3003828705,1CESIAB,D
10254384,337e8734f7a97080be2d469f89999192727f538ac098132b5d35b036029f4338,25/09/1995,H,M,3003828705,1CESIAB,D
10278806,dbe0c1f1064822376acea81f9f13eb2e4ba28568a23a6075fe4dc0f86f2008f2,15/09/1997,H,M,3003828705,1CESIAB,D
10924358,2114930a969b75611e3516a217c3df47aec24ea140c8e8755c03fb8d7150431d,03/06/2007,H,M,3003827233,1CFMA,D
10787713,c5cf745343e864c3ecbd7dfe3508759f2684f1f2375cbd7c2b27ec41d5462fda,07/05/2006,H,M,3003827233,1CFMA,D
10509186,b478af0de632b0c3e4246fb744d8169801290a160c3e11de099ae2162712c8b2,24/12/2002,M,M,3003827240,2CFMA,D
10707705,91d32ae28015aac86fe9d6ea05930fa2dccc6249aa9eb9d2078021df1398526a,31/10/2004,H,M,3003827240,2CFMA,D
10698482,3e208bc7196cd8f880ba970a993df1c89a7899250a478e0ce5f4a429e14d1b77,19/03/2004,H,M,3003827240,2CFMA,D
10904569,0bbc9e66b3308166d48e5f30f9fe99e42c7a1132a94e167a82dc5eb9d46de0fb,06/03/2007,H,M,3003828760,1CFMC,D
10762023,62919ca735e674055b0042270f83860b3786ba381a8e6c1b89b3b2a38a10bbaa,14/08/2006,H,M,3003828767,2CFMC,D
10814487,8657a294a5168832d9385d5b5c2ef4da5a7eec95bd5821f7b4e63f65f3e43159,18/01/2006,H,M,3003828767,2CFMC,D
10512738,127ae7ba966ac0d0e285b948c4bd6bcd75c8d451d98d97614be5b80fecb875d1,23/08/2002,H,M,3003828788,2CFSH,D
10730670,e7f6d1ec6ba5ae0887f7bb90e347a747cdb3fc0916cc96aba20b46559384c55e,10/06/2002,M,M,3003828795,1CFSH,D
10610021,7c884a2ea10533803c8dd28e0f41a93859d9914d1735991c051e4cfa46369982,27/07/2004,M,M,3003822872,1CFSG,D
10689283,dba6ec393dda5328d80bb56718d3b48688d995720cb9c40556e77aeb07a38f02,01/03/2004,M,M,3003822872,1CFSG,D
10850218,7378253052472b86a9eb5dd609f629ea9eb707ffe968678a3dc2402f22127136,22/03/2005,M,M,3003822872,1CFSG,D
10711820,3d9f1627abf6ff5d78fb1603a83c4fceccb26593b12090313a6f4fddd0a842db,27/12/2003,H,M,3003822872,1CFSG,D
10366490,355086e4eb9fc43cf90fd63740b5401a49f7dfbeb758a5628c43be201985597d,07/03/2000,M,M,3003827317,2CFSA,D
10711877,45394675d29217c5984bfdbe835192cdc0d08bed2b7cdb9fce3cd2af4e6fe117,01/12/2004,H,M,3003827317,2CFSA,D
10817599,847724017e5b90885a9c03f7488698433ab498b30c3d30dd0c8262193f1ca97e,17/11/2004,M,M,3003822879,2CFSG,D
10315233,5fa1781c8ace1ee4203f407f60c329fa04ed155dc912d806143ec103157861be,10/01/2001,M,M,3003822879,2CFSG,D
10409945,3ef603a07c9ecb216679ee283e74b71f2cbfeab416607a59e021a2dbc77c5a43,12/06/1996,H,B,3003828893,1CFSC,D
10864476,c953dd69d47e612dc965bba2b5bc1bb10e0bc5796f9c5226ed993615e52d00f2,10/02/2004,H,M,3003828893,1CFSC,D
10707901,a7dee821bf4af31e1d83545d1e1e2296c8e4a0b6d8a3b2b7da7ff356ff7f42de,19/12/2005,H,M,3003828893,1CFSC,D
10691654,3ac6dd06c44b87fb0a065d00ce924f78267c2792a3cd5942a20aba2102fa2140,08/07/2005,H,M,3003828893,1CFSC,D
10707654,d39206daac56dbec02a419a49e64fed5db395a2d5cd48d1ae7baaf17d11e224e,09/03/2003,M,M,3003828893,1CFSC,D
10837560,1cede7edc79493a1a1071b6bcf51fa97d7e923b8e9386e28a52b697759c24624,07/12/2005,M,M,3003828893,1CFSC,D
10819337,bc00ca2a5a1bc3acf5fca3f679eaa4a984b9761d1fb76df9dcc4a063d85d725b,04/08/2004,H,M,3003828900,2CFSC,D
10711859,73c6acff76dddd5a34c074a962ae476d35273e01f44e52c55c07231287fcdf99,08/05/2004,H,M,3003828900,2CFSC,D
10851128,748a923cc6fb618e414065540ca5d64ac41af00c4f01c0d1512894b040fbb232,07/06/2004,H,M,3003828900,2CFSC,D
11407450,e889a91d3e39f8dedc79785640bb7f970d488f8e38fa6bffc1d9b4ed52029cb0,22/11/1979,M,M,3003829510,1CFMI,S
11921786,e92e3f32ade34b34bee82ec1e828117b382a0e3e1488000b13f2f7cefab6ff69,02/12/1993,M,M,3003826541,1CFSN,S
10507995,0e86a4b97afb004c89bfc834654bb219da0a5e2ce7c4d7f4d64af0704eecfffc,09/10/2002,H,M,3003826541,1CFSN,S
10485801,27d1817dd9d39f20b68e50aab0915277e74be4ac76681cecc752b45ddc2986cb,24/06/2004,H,B,3003822449,1CFSP,S
13243061,0a7d1f818d624233ee2877c15aab282129b267714090ce367cfb1815126d024f,22/06/1983,H,M,3003822449,1CFSP,S
10244882,c7b1ffbe2a8299558d58816eed5219898635018872232bb8a281d1bb2c892b9e,15/08/1997,M,M,3003822456,2CFSO,S
10354186,21e23e9a9ba49748a3c465efeb8f6e8598fcbf2deaa1d69e0699d4e11dd5d0f8,17/01/1994,M,M,3003822456,2CFSO,S
10689289,20101c9283a8ba5ee25fb57ba4e7eef5fbdd1d3ba44a6548b46e0c0fb21405e0,05/10/2004,M,M,3003822456,2CFSO,S
10688794,34dc089c9375241a5d9ad142438c642d134de1cdcc18db682f92ad08ef91944a,21/11/2003,M,M,3003822456,2CFSO,S
11240615,30103484427f5dadd0ddd4634a601b3023080cdf91d11c9b0823eb04bbd79407,26/02/1986,M,M,3003827233,1CFMG,S
12402217,055a0c91030bdad8ea517b2749362ff17680a885dccd23b831fdb26374dcd1d9,26/05/1972,H,M,3003827233,1CFMG,S
11540321,7f924dea9239216cd05a47cb57c19268936fdbfbb05b822939da982c3d882fb6,15/03/1980,M,M,3003827240,2CFMG,S
10439178,2c516dd60ff4f8b6226775bc7dacf91b6d823e455b84b1f6b27aa05fd870c8d4,26/10/1991,M,M,3003827240,2CFMG,S
10603770,00c5502b54c20eb143775ce945dc197591069359e85c265491acc9dd8c45a9de,02/12/1991,M,M,3003827240,2CFMG,S
10352638,d9ae250bed187441b9b7f68ce6d60ed0ae196401a5df6fb2ade22a434e4c1e3e,21/03/1994,M,M,3003827240,2CFMG,S
10411560,66eea9be6819ffc0177dc72e49acc5efabb7cea94ab356bd7e63da50bf13bfb4,03/11/1998,M,M,3003827240,2CFMG,S
11325287,f2c51da61479cda09f71b2ca9bb85697a4f6812449fe02eec3613364b75381ca,25/05/1982,M,M,3003827240,2CFMG,S
10325203,a6ed5eddb2f762f255e0fe4a6392860ef8c7749b802c0f5606839d7516757a47,04/12/1995,H,M,3003828760,1CFMD,S
10466174,7c9715b1c0ad191a59a310756c4a3ebcf22819268218b9e0db284f12c8179815,20/08/1991,H,M,3003828760,1CFMD,S
10291860,ab64c4605f6bb690e0658d6617b663d3f2d06c3ed47190a4192651ef57244fb7,28/08/1999,M,B,3003828795,1CFSL,S
11696687,c794ff619593dce23b58ed093764856f03dce882361eb19b7dd8f9df2c00d812,21/04/1972,H,B,3003828795,1CFSL,S
10307929,2611eaa3637538db5904f66c3bad4d5a035eca59f2ebdf9847691a6ef20a52bc,16/11/1994,M,M,3003828795,1CFSL,S
10279258,7b9455fcf76fbd4399b87bef99ef6612789f730f46a015e3641dc7ef21e6a7f3,17/04/1998,H,M,3003828795,1CFSL,S
13248857,a66715a6a54f154c3716e1a2bf4f07fc102bc799c69030bd4f6f41900240852b,03/06/1980,H,M,3003828795,1CFSL,S
10365185,4f7f02e7c5fd953bcf86684261bae7e01ec48d27ac3022990454c73ff10a34bd,03/06/1999,H,M,3003828795,1CFSL,S
12040403,4f3fd149eb2347b1423f921eae4a9b37e421fde7ad5f9a6cad39833d54f8b45b,30/03/1988,M,M,3003828795,1CFSL,S
10323451,09fb2962c2878159ddff1e20b52267854b72fc585ae4fa4a10b065f98064c85f,04/02/1998,H,M,3003828795,1CFSL,S
10412777,7e125c0f3da09996cbb59abc2b70257492db309c90fd2ed1df9eaa1159e473c7,18/01/1992,M,M,3003827317,2CFSL,S
10433556,46d5fd01c0e96c03ce670cebbe71b56256d321bed7f455575071c4a6d045666c,06/03/1995,M,M,3003827317,2CFSL,S
10268999,ff1af00ea8945f9721c088e4a154786e2cbf1ce31e72960a436d08c5cf28286d,18/09/1993,M,M,3003827317,2CFSL,S
12739273,bd17e02f254d5d124a7145d618170b86cd15e4e69261592d08f1987e782de412,16/02/1980,M,M,3003827317,2CFSL,S
10622299,8d39d7b3b2c9122c81c7077672bd26fc0e21fdc85498a0004f7d223150f4b480,17/08/1990,M,M,3003827317,2CFSL,S
12739825,9d4078b005c4d9f105ab817201db0192bf6600daa45978d8707204fccfe482c2,30/11/1975,H,M,3003827317,2CFSL,S
12020369,c8f21483ab8eb34c9f37accd336a3ed23ac7bd428a63bbd1a726a44d2b6fabe8,19/05/1993,M,M,3003827317,2CFSL,S
11339999,5bad42ebd2e0d91b44f333361e0a7f2f36685e8e0e48a1bed5e8796e366a1814,24/11/1981,H,B,3003827324,1CFSM,S
10283680,05bc52310a6b7cabcaa2c81cd06fa15a3d25f5fa3bee7d9987961bfc51d1b4df,29/07/1998,M,M,3003827324,1CFSM,S
10470524,0db941142676374fc8ed1abeee8f70efe6daae37a4e3558159b7e662847a79cc,06/10/1995,M,M,3003827324,1CFSM,S
10256545,55f7a0bfdcdb12268667e3fff321a2e13d48dffb1459ee6edfbd60f6a5965f22,26/09/2000,M,M,3003827324,1CFSM,S
13320897,a432ee71daf9c1ce254ee63addf28019b5e8aa9959200313138aeb2cdb858354,05/06/1986,M,M,3003827324,1CFSM,S
12427040,7df816a2bbf13d69706892155c0d1ba78ea237c84b3a209575a12c2b874c91ec,11/09/1975,M,M,3003828823,2CFSN,S
10979745,ba9211383551222c2e98587fb2692d60b0c070aa87d768c9536e465a066db81e,01/06/1983,H,M,3003828823,2CFSN,S
12737108,aaa5d16abe3c85a664ca341edea3eea033c8f1b19e4d33e04ed5ab8f38d9833f,01/06/1975,H,M,3003828823,2CFSN,S
11254010,d5bfb22e77d8cc56b081ed690f15a7085459470e7aba1b06b1c92e7ab46b4e49,01/04/1976,M,M,3003828823,2CFSN,S
11430449,869f57a423f150e05f658ced732e224547ad0e776040d7f4a7e0ef2b3314893a,11/05/1978,M,M,3003828823,2CFSN,S
12636620,12c663d60ba891d83b1a4b291f43f6f6b3ed7eb0a188ab0414e99543a8f1288e,30/05/1971,H,M,3003828823,2CFSN,S
10700954,4250655a0c47d2de979f97197bf442da2dc3cf5f02d9dd6b1d5c8eaa284c5437,07/11/2004,M,M,3003822456,2CFSB,D
10753476,5f0fdda5cb28de259b8e3b247a1f543db8b9859e9899c874527ef2024e9befcb,04/01/2004,M,M,3003829517,2CFMF,D
13060003,3eca07c976dad96f075d284fbd385277436df730bcb2e20cb45f694ea421cb49,18/06/2006,H,B,3003828760,1CFMC,D
10514706,401d8ed7a46381c9e33255e74f98d2e27ee97240670604931a3d3319e5617667,18/03/2002,H,M,3003826611,2CFSD,D
13035179,ec910372ee068b458f78a533f1bd8d300f65d44f3ecf420a729868bf459d90d3,06/09/2005,M,M,3003827240,2CFMA,D
10634348,d8b7a9e7ef88c968b53bf386331a6a40275ef1518f2a941c8be525b77759e37e,27/02/2005,H,M,3003828893,1CFSC,D
10496577,8f3ffa329212ebf21045a98d43baa64beccbe43d05981ac9174debeb4040fdec,16/09/2002,H,M,3003828900,2CFSC,D
13032787,f173dbb881206a2539f910aa06a2edd64fa94d96e4fb5fcfdfc568d1b665a575,29/03/2003,M,M,3003829517,2CFME,D
10718089,210e50f8050beecc1953f6cf21ef181a4a00b70ca45c4fb2ace00d80cfc2b69d,25/06/2004,M,M,3003826604,1CFSD,D
11400429,e23faaa935faf5e961bc149c5ef5d1ad2a1fbf48eff3684fe9c868f2a0c28bee,30/05/2000,H,M,3003828823,2CFSN,S
12108857,2947d09134efcc138a458dded2e954e1ee29ac4dc4e90dba93dd8e7cacd8956c,18/06/1992,M,B,3003826541,1CFSN,S
10679641,1fca1794f8e7ebbdf2c95e7b26e048bbe477aa260e14c8790ee3b72a19ae5c59,07/04/2003,H,B,3003829510,1CFMF,D
10675115,e8559f7a4509a407db66ad6df4c403ac1e96d1d9eb735965cb2a05ac0e6623d0,19/01/2003,H,B,3003829510,1CFMF,D
10791679,e0de37c1efbc5f83677661b755e9253cdd8fb0229bb343c40203a084b7c9dfdc,31/05/2006,M,B,3003829510,1CFMF,D
10699491,29106164a09e70a0388740f14d53c99f61ce0ea14d18f957fdd19b8d688b5f33,21/08/2005,M,B,3003829510,1CFME,D
10954963,fca68ec888a0378e28bf34e28024f5b8f670d1127558609bbb08f42020019a75,21/02/1988,M,B,3003829510,1CFMF,D
10379204,44ee91c46512468c73c3e5017924e1616635e7372e9c9d56d04e8b1fbcafe495,04/10/1999,H,B,3003829510,1CFMF,D
10894547,886778788baa5fdf545140bea5c8524ce5fa7b95fbe706745e7627524b8d72d5,17/05/2007,M,M,3003829510,1CFMF,D
11735453,2e560b4bfe9fd7723125f3038c32690ee554a264cb0656bbbf201569996ae420,17/03/2002,M,M,3003829510,1CFME,D
10891407,9d97c3c4ca35faf0fe6fcc21995a2f5962ba88e1abd251f523647d4ebbe945ce,03/12/2007,M,M,3003829510,1CFME,D
11830567,a7a277cddf8fa7b3dab1a6b05a1098cca6e4aac0ba643d2e4e6e12a132ab36d4,17/10/1972,M,M,3003829510,1CFMF,D
10927479,138ca63e592c980354be089c7c2065c9b029d2b5a7e78832671d680f6a80ef6e,03/08/2007,M,M,3003829510,1CFME,D
10333869,4d95f91cdaf6f2ccc33e129695af041fc1bcd8f2bd935d72ffee4d1ce52489c1,04/02/1997,M,M,3003829510,1CFMF,D
10786265,a50945ad98684ed69729dd88507a1bc5a91514ba2b2e013c98c96c79c757008f,21/09/2006,M,M,3003829510,1CFMF,D
10802283,8677cf21ab707c90e1e8364f8043c330556b8d0c7baa6efeb120a64be2a665d2,03/07/2006,M,M,3003829510,1CFME,D
10511909,96cb3a07294526f5b599e3769b4afdf01b2abdd8da14f961b86283000c64ac1d,19/07/2002,M,M,3003829510,1CFMF,D
10737199,7e1d34f5bc82d9ad3638691d5c232910cf3fa13a03a5a8b0af6c00892a448926,12/04/2005,M,M,3003829510,1CFMF,D
10907341,d3368c28bedf035aa4f4450ff898880fa1d8b1f5d9c6c3f88798d45476a6e861,12/09/2007,M,M,3003829510,1CFMF,D
10762349,6335dcba9b4fcb3d29fd01ea1e1ef9636d865d99ec4e78ae4baf5a0256fd0bb5,07/08/2006,M,M,3003829510,1CFMF,D
11573208,ca6f1ed7e5d6ebe37b2a24c3bd170bd3207a7d59a5c31add7147a7569de903a2,10/03/1979,M,M,3003829510,1CFME,D
10783722,15671cf8e10bc1c6d9ccb3f4509b2c1533a92d34333cb83b967a0011543f5db8,09/11/2006,M,M,3003829510,1CFMF,D
10899221,93dd636c19749cc855b914ed8895dbb325261e74b65572f24bcbdca005473529,30/01/2007,M,M,3003829510,1CFME,D
10323990,ee8ba9d275d3954cc6b20f9ca3f239e635ccfa2512a64f25756a2c2423d8ffce,21/02/1992,M,M,3003829510,1CFME,D
12873247,4713d8a2eaa5ceb05b02f62cd6955660c4d6af93c683dfedf96aed322d327954,06/12/1971,M,M,3003829510,1CFMF,D
10279654,2268b941e6b6ad0066ad0a27fae1c46af237981686f15a6e3b12409af6bf64ed,03/10/1999,H,M,3003829510,1CFME,D
10823864,40b402480ac7233d74e15124cd3e891d7623363989f91fd241e350725997fe6d,28/02/2007,M,M,3003829510,1CFME,D
13246090,d37d5684406f70780370aa1f0e73a8a8b695031e4a93ae3df859df6c07ff47ff,26/08/1987,M,M,3003829510,1CFME,D
10893181,3037a656ff527bc02bed95b720ac97ab64484bf964b14d2be26108f0396fc41b,02/06/2007,M,M,3003829510,1CFME,D
13281688,4ccff6ed83be6ff231359bbf1d53cf70352ae626dcb4a492d1f57f33f42b3138,11/09/1973,M,M,3003829510,1CFMF,D
10835151,b87661b10668e624455bcb48497ad6ea464e886e4c442c1e374ec00edcb54e49,04/07/2006,M,M,3003829510,1CFME,D
10804587,9b3820a6da044046b75753ad7fbb0b499f753cbdb0766a07e4fd3cf72e34662e,10/12/2006,M,M,3003829510,1CFME,D
13281520,5f774b305a0e9c50eac744bdfad2397f46401334e47601c5bf9128be7fa05f3d,14/06/1976,M,M,3003829510,1CFMF,D
10819064,95b6f3be681e5f803ab05f1ba0360fe9e84cb0cc7eaab54de8002517fd7df1cf,09/10/2004,M,M,3003829510,1CFME,D
10904286,5048b35ae189ce6e9cb6e388513315fb4e59bcb651f2fca1b2f2d343d9722f03,15/07/2007,H,M,3003829510,1CFME,D
10020005,800cf1b1330b10781c74f4de1abc355c425c530868fe1cf7db8b36de745f9644,18/02/2002,M,M,3003829510,1CFMF,D
11158059,342380bdccbf97513977fb066ade84dd34721ee0b4ece89702c7cfd9dcaad7e4,30/11/1976,M,M,3003829517,2CFMK,D
10774192,465c58d1c3270155f623ad5a6753a598a8459f989aaa13e3c3ddbab8eee27571,18/05/2006,M,M,3003829517,2CFMK,D
10282570,930075bd651089e8a7e063dc49d7592df165146c66b39fa2391050e0c009eece,23/11/1999,M,M,3003829517,2CFMK,D
10436954,626ad61edf9e4f59257e8869f9623a0f969e0d46fb54c976864f0cc08cae9bee,17/03/1999,M,M,3003829517,2CFMK,D
11317211,5801771314ee9c44ad55cdd12ab86d219ae8ff3d2df4c539cf6f486e99c1fc6e,13/10/1986,H,M,3003829517,2CFMF,D
11148712,82fad187c685531688bed4b910181e572fbe29f5cb3e14a3aa8fdaa1e2e2dd08,06/11/1989,M,M,3003829517,2CFME,D
12737289,ca94a5bbac0d24f48328aa079bfb5a3d7de23e0a4993e73a8f250fb95813cc51,20/03/1985,M,M,3003829517,2CFME,D
11323846,d6997be453befe3f3fae0dd7b2b1f4b41e930fc7c2e99567e0610513faaf0e8b,18/08/1971,M,M,3003829517,2CFME,D
10762337,28dddb0a486d3bce7c5a0f0170c1f97102ac258f13cdef9e57833a2ca9891509,19/11/2006,M,M,3003829517,2CFME,D
10502301,9a3fe736ad3f3549d7c0fc8e218b192fed735741161cd64e8c2fd9f37106fb83,25/01/2002,H,M,3003829517,2CFMF,D
10282569,43c369d2f7dced40eeb20ece32c492b148afdc0cd9ff8fce9678fec0a9309d38,11/03/1998,M,M,3003829517,2CFMF,D
12564291,7314c5be793fec07061b6ca87877ac86c9603c93511491ac7ebdee0b781a11b9,18/08/1974,M,M,3003829517,2CFME,D
13033928,135c66d5f7b556f71f9b9486d251ed06276c58f03dab8b78de765b2ddca0658b,03/01/1968,M,M,3003829517,2CFMF,D
12411612,a1e48a1f5d0e49de751c4d9241e46cf2920f9c853f4b65112effacf2d9d0554a,30/03/1976,M,M,3003829517,2CFMK,D
10278611,5e5cfad36e2b034d37dfd9c70deba0829d7fb73839a08f5de09be5d7f2d34792,18/08/1996,M,M,3003829517,2CFME,D
10491676,be6b4c76934bc709b186c4f90cb9223c591eb13ea4e501e5bc9c454d74982935,07/07/2005,M,M,3003829517,2CFMK,D
10664939,cd799ed547c0bf491adadd757685d38fdcb14fbea85168b5e82fbabcf28c321e,15/10/2003,M,M,3003829517,2CFME,D
10308806,63fd3062e15131011cd82e96e5d00eb543ca9a366efba2c14fa3b66ed284d9b1,25/12/2001,M,M,3003829517,2CFMK,D
10354052,e70ddffec97e87cf79b9276b7dc982142c5909904a8073361506b2dd4a44ea12,18/03/1992,M,M,3003829517,2CFME,D
10364955,44dd43548ac8282ab5e9ee34c91097484a959aa20a4ceadad5d5743357b9f249,09/01/2001,M,M,3003829517,2CFME,D
10618379,af3d798862aa50c813f4809ea33ab25338cefd8ca776d9ec38fcb154e447070f,29/08/2002,M,M,3003829517,2CFME,D
10699142,c3e48475e435fbcc42236f7d5aad64e73844df87115f85a9b21741d4ed1f720b,29/04/2005,M,M,3003829517,2CFMK,D
10706189,479ba4ca51fa1b1909962cf8e8798a0f1dcfb38e160a6f558ab80b4d4be5c506,02/09/2003,M,M,3003829517,2CFME,D
10730519,129ff5074a9d8963914312306169cef9ec6e50014df59b596103b34a14fe0f2b,20/12/2005,M,M,3003829517,2CFMF,D
10761927,14385426e9c8744a7d91bc53fd797f4272c3dba4b6cad3b6b78e356f29dbac4e,14/11/2006,M,M,3003829517,2CFME,D
10804705,ef6d8ae43c6e18bb361ee3fd6b291fee9d686c616072573327f436e81bbdaade,24/05/2006,M,M,3003829517,2CFMF,D
10819705,93973c66f75c923757cc8f6a00e64eddebc2d4cd23dc70989c304a27ac28cd00,28/03/2005,M,M,3003829517,2CFMF,D
10828380,222317910ee18cfd320722f298c14e86a41a511ad6a93f584d66864daef5373f,13/01/2006,M,M,3003829517,2CFMK,D
10830110,9fbdd381d6d510ebcdc42ac6016771319efd60ef8c47bbb7832feade91e2c6a0,08/04/2006,M,M,3003829517,2CFMK,D
10856603,4eaad21e58f16a0222901f5c7e9879aca29a4708e5d587377dde5f2c9203c1bc,26/11/2006,M,M,3003829517,2CFMF,D
12807372,da272c6d1f9317b9bfe90ae7430fc4bc7476c04cbc67a51458a6df70dccfa904,06/01/1969,M,M,3003829517,2CFMF,D
13063115,a11299ad31d268f86bbf9620e1c0957656aff42b57a0f0e8cfb29d519bce612b,07/08/2005,M,M,3003829517,2CFMK,D
11150672,1c47667b364570941a3c2fde3d014ab51adffac48021f66f2f95f7a16263235c,05/06/1992,M,M,3003829517,2CFMF,D
10799612,5a3956f3a428c235fc77599280749b4471722221130c2a2bccb7b0ae0f51d074,07/10/2006,M,M,3003829517,2CFMK,D
10864919,6188e3bd9a97467bbeec803b277c43571e0e9d741ada21ee6db0725a38662a12,20/01/2005,M,M,3003829517,2CFME,D
10278875,fcf3aab65d1c8b0ff2f003d105cc8cca9df39eecc645d1f0aeee0bb045127404,19/08/1999,M,M,3003829517,2CFMF,D
11079351,9b42c72cfc8fa3717512658b2cbeb66a0ab841e66a035d4488d9de0771105c03,02/04/1985,M,M,3003829517,2CFMF,D
10762345,7d3a251568d17ccb39d3a7fdca5afb717e6d6f3c9a8e8f1b7820942801d40c9f,31/07/2006,M,M,3003829517,2CFME,D
10382563,b7d30b4a4367c16300d2a91ff381d2df9f446c19b52f840a09ced22f66d61e7f,10/04/2000,M,M,3003829517,2CFME,D
11396281,ab62c50b6713c10c0ac81c553b2be5c2706a04e9001a83eb2a4663e926973a8f,09/03/1986,M,M,3003829517,2CFMF,D
12571896,48126f1e88b75133e42be8f2e9f0e3372c0af078b7776f1d50bd9f2d44b21125,21/07/1975,M,M,3003829517,2CFMF,D
13032796,508a03db3c424186a976b6675e9fe03d24268e35f724d70db10454ffbb32fbc0,14/05/1984,M,M,3003829517,2CFMK,D
10729713,c1efbf49d6e03c17eeef58039746c372e3684141d972818f552905c029a4a2a5,13/04/2005,M,M,3003829517,2CFMK,D
12644651,5680f147f9c5eb4d89c3bea7e0ac7da02cb091bb37b767cbc73fa322e7e12dae,07/09/1974,M,B,3003829629,1CFSK,D
10734182,3bda75c56d6f816d7c20d3f3ac58398661c21f57a4c5a395fe05d213449ad8ef,22/12/2005,M,B,3003829629,1CFSK,D
11480071,8e3e94ab8172942ca2fe6ce582f758649d7633cc5650fd63bd936cee66cd9844,24/06/1991,M,B,3003829629,1CFSF,D
10470707,01e5a0abe35d6d161751f14dc50be9f94f1427e59c98517169ead2dc1c340107,21/04/1995,M,B,3003829629,1CFSK,D
12087614,9a7b586f69ef202210cdd6ecf30133289b168d7edfa5a96091ee199f9601d98e,12/10/1976,M,B,3003829629,1CFSK,D
11925796,74bb49269c6c9aeef39c34d639d4ddb364e7d3baa8feb6ca8e2a7cd331e48422,01/02/2005,M,B,3003829629,1CFSF,D
10836588,02f36e27a4ba3f13aace3be39cabb14d7ef56683b2ad90f727444469c7365d32,01/11/2005,M,B,3003829629,1CFSF,D
10027372,dac3f83c6493f7efcc864b7b81806219eff8c5386f003223de9f53067a8e2b62,02/03/2005,H,M,3003829629,1CFSF,D
10657224,82eb27dc0ffbc450b56242d6908a8a4128d2845523833da5097a4c025929c53a,30/08/2004,M,M,3003829629,1CFSF,D
10689174,31e1b4e8fc4d432ddc3ce508c7cb34cd1fa1b60b841f836eb111ea7a2ebb1e98,10/08/2005,M,M,3003829629,1CFSF,D
10735610,a52c0e35aa2c840bf3a10998a1d8f5f94a00fee614a1c2071bb71e0a179fc0a9,25/10/2005,M,M,3003829629,1CFSF,D
10839832,34e7a89c5ae2eff2c3f6852e0da75f07d40c01d3c5227149911fdab02b692b8c,02/08/2005,M,M,3003829629,1CFSF,D
10698929,27610d85614ea9c4b43455b7a832177dec321629f5b7f6db038788fbd7693fb7,23/08/2003,M,M,3003829629,1CFSF,D
10814218,66ec257d7ea27137fc723542cac05e217f017437b58d149cb9100c715bdde613,17/08/2004,M,M,3003829629,1CFSF,D
10734168,8e31b2dbab092c77b5d672955c135648535414f877b4fb0fce6d6e6e870a4bb8,13/02/2005,M,M,3003829629,1CFSK,D
10817396,8df8cde075788f9dd9b67d4824597d83df30e9bde2e916b6ec9db571db93aca5,02/03/2005,H,M,3003829629,1CFSF,D
10834203,127b0f2d0272fb8a6fa369ca95a1a5fc3289a65b6c1410d8912a561e2a650c68,01/05/2003,M,M,3003829629,1CFSK,D
10707900,3a40962d44dd23714bed189ade3bc275b2c19251bdb43f306466386165afce22,03/03/2005,H,M,3003829629,1CFSK,D
10742955,fd94ffcf0a2f4d5d454a7f915d4af734811622f763a8ef848868836add1d091b,17/04/2005,H,M,3003829629,1CFSF,D
10396024,5ea7e325fd8b77a81787e96eb127ea525c3e6d0e28d208761f5babb5e3c62a5c,27/10/1994,H,M,3003829629,1CFSK,D
10635766,6e5ac8ec8135e99b0e3629608389e4b0e6ca5a89a70634fda9d5b3a99d57c6d9,12/10/2005,M,M,3003829629,1CFSF,D
10620831,f3c5ea83ac5d470f2676087734b92f97e7b9eb634d41f498a21bd123acd664e4,04/04/2002,H,M,3003829629,1CFSK,D
10017422,e31202add52dac2aa63ba147b3fe7da28645b2ac32406f3cabf1d3215afa26d7,16/09/2005,M,M,3003829629,1CFSK,D
10319363,a1655bef097c20a0009324a3b65c7cae934a64d5e4a7caab447bedeae44b5f78,20/09/2001,M,M,3003829629,1CFSF,D
10678151,f406aa99c06362d8a7029b489d3b69558a915f596dec573d1a642541a56c4f82,21/07/2003,M,M,3003829629,1CFSF,D
10701794,adf7daa71771f9e7ee356d8cd347653ef9ba56e09b03c4d58b2ae634f176435d,27/12/2005,M,M,3003829629,1CFSK,D
10678799,f8fc34f7c1f0cbf1a546b1ee9d0bda03ff6987f70be5a562d487b038da852db5,20/10/2003,M,M,3003829629,1CFSK,D
10729710,0224f4c4a81ce6080de3b6df00dea6dfee6abebad1c937f88e1fad3983d986b6,09/01/2005,M,M,3003829629,1CFSK,D
10687463,e7cc39041cf02bc5e27f481a0c3feed6fa5dce44d79325df12b8dc91d7cc8e63,22/06/2004,M,M,3003829629,1CFSF,D
10822528,33c4b75efca09d0ed07823372217796d4fac47de0d85f070f85fdb263710c43f,14/07/2005,M,M,3003829629,1CFSK,D
10679716,f051ac92878d5236e252a04bc4e6e967242a8d61fba8d16043efaa6d4b671b0e,23/06/2005,M,M,3003829629,1CFSF,D
10859549,1f64e9fa5ef67e5e6ba20eaee0c04e230ac206273ceb7d69af36c4dee7348f29,04/02/2005,M,M,3003829629,1CFSF,D
10657734,50242c069e54ec813599760427dd339d5611ed8004e49590e8665f50b6c9e7f8,04/01/2005,M,M,3003829629,1CFSK,D
11316204,a1668e1114024fbb142c090bbeda832841b60a498d903455e7d1b03aef05eb11,23/08/2002,H,M,3003829629,1CFSK,D
10711968,4ace4c0d65c93f024537abaf07c66061f5a0ef6398abe1d896b3ee2959626c80,13/09/2005,H,M,3003829629,1CFSF,D
10513391,43cb203febc49e7c30de3f75a51bcf743f3053d6a6f8315b62f3d0174edc144b,22/06/2002,H,M,3003829636,2CFSK,D
10634289,0977be959bdeee61ad0e2f389908706fe5593cdae4569c2cec23c16d40cf5f52,07/12/2004,M,M,3003829636,2CFSF,D
10634969,19694485e6658c89625f16733bbfee65f3e2a4d772466e6c969e6306f2899039,15/10/2004,M,M,3003829636,2CFSF,D
10657266,bbb3cbca9d8c11be414492c23105e51b852027550d230754b16d79cc05e348cc,09/05/2004,M,M,3003829636,2CFSF,D
10411129,bd9a47bd976356f23f8583e1cf4759f053d65062d8685119ac957a63e3960bd2,24/02/1997,H,M,3003829636,2CFSF,D
10462592,eabd310f8b19a2ef6100f6542a1a22827c49b93471ee9414ff06c4dda9f2698a,11/12/1993,M,M,3003829636,2CFSF,D
10678949,94d0b4833e0edf4dfe2ceedc67fa91d00db0d29c65d47c88e2e6bd9a976a79dd,12/12/2003,H,M,3003829636,2CFSF,D
10691096,2b5fa1790d4b3995cb78208d2a0139eca94505b39b0b39e42b75ccef7411ce2b,31/03/2004,M,M,3003829636,2CFSF,D
10696544,e4628ec9b2375f85726f0187a146b8f0898f54fb8f59015ad6af2711409740a1,10/02/2004,M,M,3003829636,2CFSF,D
10705842,2a43b2971b682c66c98ba6838aa850e6caaaac0f14d478274f0ddcee6e139791,12/06/2003,M,M,3003829636,2CFSF,D
10706057,6a7e58275f835d3bbe0985bd3859b73733e2f0584c171316b9db01aa171ac75a,05/09/2004,M,M,3003829636,2CFSF,D
10816497,15d8a6ffd9795fe2dd8063ef9cefa8fb5550b1e0d1a1f891765c12767be187b3,12/08/2004,M,M,3003829636,2CFSF,D
10829974,ec70e6f7d015ab67893fe439343058ea5b5b9df790347ae48b080f991264255e,06/07/2004,M,M,3003829636,2CFSF,D
10830272,ddab1ae375666c5b8614accbc52b59fcd74cc78e443036b4d41e806aa91179bf,11/11/2004,M,M,3003829636,2CFSF,D
10836592,0c3d9b53eec5fce306610ebcce5c7a96d6a5a42801cc24ae2bf2b364eea790cb,28/01/2004,M,M,3003829636,2CFSF,D
13056692,30a2f8efedd03e600cc1c96bba7d4bfd4a7b739fea987614d27590eaa19416f9,14/08/1980,M,M,3003829636,2CFSF,D
10013793,a73cb49f3ea0819f17d4b1a0ffe4c1dac7313916b084e8e5d9e9ade5baefdd12,14/01/2003,M,M,3003829636,2CFSF,D
10399963,fb2120c2b573ad22697e2c773f7ab68cb2380a31defb5440a2b15d3624583604,06/08/1997,M,M,3003829636,2CFSK,D
10025975,a9bbfdd4bd85c7ee37e01b9b678646231337ad113c219b7c575d078e031fe234,10/03/2004,M,M,3003829636,2CFSK,D
10024512,693f02bb0c9b53fac3ecf4b3a7fddcd558757569ca86d4a99c608b9bef4337a5,23/01/2004,M,M,3003829636,2CFSK,D
10636299,bd22649f5f4fee26c2e40ce2d88851ec7db44416598739a106b17c5a620b057a,28/04/2004,H,M,3003829636,2CFSK,D
10307743,62820b7efa0725769e4beccd0641de9a0719bcb68be0d6f3974cf2f48bc50044,29/02/2000,H,M,3003829636,2CFSK,D
10381433,109e0eef7e3f60e841c572150ba46e637139863a3f6c01717febce5703e37a9e,15/04/1995,M,M,3003829636,2CFSK,D
10691132,9c84a6e51492dbe82d41f4f012ffe42c26f7af34a29689e5fbcebfec5263241d,13/12/2004,M,M,3003829636,2CFSK,D
10700544,8da115cb52f3b59c93383f9aec84884f02b7e041f52acf018aec9c575360d999,10/08/2003,M,M,3003829636,2CFSK,D
10700981,a38a87e6337b3059a77bca709f80701e4c8e5cc6e1c0abc37a68d3a3f5a5fb56,23/12/2004,M,M,3003829636,2CFSK,D
10734359,ebd17bf29e0bb8d6f696d4bdc5b4a52defe35a9be83a7a79110bcd4f5ddd86c8,17/10/2003,M,M,3003829636,2CFSK,D
10737469,7205487847ba9a9b5714e837ee17303f720dbdb03a41c30e8fac9d0fe45a5fb8,15/11/2004,M,M,3003829636,2CFSK,D
10753893,e21aa02e01a4de977c5496c49f5e6ea86e453eec9f0dd6e7207c0931f19317f1,15/05/2004,H,M,3003829636,2CFSK,D
10819896,7c7daeb578487602aa739957c927f340137f6e43b0accaf1a52bcc946589f595,15/11/2004,M,M,3003829636,2CFSK,D
10852053,71beb1949dbecdf20f8d43b39efa5c0f3fa3871300e644edc1d8c683af8a40c5,02/11/2004,M,M,3003829636,2CFSK,D
11069919,fae9519e649657578c2afae21930ad03e8133826af8b6fde7fa757cf1a93cac1,04/05/1988,H,M,3003829636,2CFSK,D
13030911,194ec467e4852c9a53bb6445e33b398a66066f473921ede03820699d344086be,28/07/1990,M,M,3003829636,2CFSK,D
10590166,aac29d7043a064669c4934272a066a03b5f52ffba7fa19f830ee87b271fd0b26,23/09/2002,M,M,3003829636,2CFSF,D
10689544,3e311ccdc26e5f0bd80d3de7f7a1ef1d7b301cd5a7eaf7bf2e49decacfc095f1,28/03/2003,M,M,3003829636,2CFSF,D
10319161,f6dc59579a9ec2c3a5983ff404b8ad17bba1e68690320a3e30bd56418507e3cb,30/09/2001,M,M,3003829636,2CFSK,D
10418860,edfc2ca807aa94029cf25d2f0f3f665202a2600ae0d7202130e56a614dfaf3a2,19/09/2000,H,M,3003829636,2CFSK,D
10320009,3a9933fbe1e495f639628cd1a1976e5d792f9d6f48f60ddcabd137367b494268,13/02/2001,M,M,3003829636,2CFSK,D
10355756,c421c8d8e1b53f5df26363c2f251156ac475ee5aae2707b67f9c89966c4ba861,21/08/2000,H,M,3003829636,2CFSK,D
10243955,c55a1fa27e21d02ffa048bd811c0ecd1ec8cf2e48fb40cfe2e603493c2e4b690,06/05/1999,M,M,3003829636,2CFSK,D
10328898,21eca3f8365447c12332fa63ea092c0ca54cb3d8046c43e48a18edbb8d94fc31,25/10/2000,M,M,3003829636,2CFSK,D
10776959,db40624b5d15584ccb6027d03b4ed3c2921dc4c2477f74c3a7a1910386c48111,10/03/2003,H,M,3003829636,2CFSF,D
10691028,a27124c0b76046010efc1b6d26ddbe4411eebef326865cc363d68854d1ba6051,04/04/2003,M,M,3003829636,2CFSF,D
11316122,51f24e9034fc8d8fdcf295d46f95debfedf0b635a883a09ac0196b958acb8682,03/06/2002,M,M,3003829636,2CFSK,D
11568799,f95cc6be589ac72be03b0c1032cb6f3c971789bc0014b2dd3f04de02d13c19ad,22/12/1980,M,M,3003829636,2CFSF,D
10460605,f12cd018f7c04e20bc4b961b9aa618a01e1be9aecfe636782e8ac6fb5d48f5f5,27/07/1994,M,M,3003829636,2CFSK,D
10861334,dda8672bdb715a86848b11f276a3263cc35c2e3a9642f7aa69c5d7f620ca4dae,05/01/2005,M,B,3003826541, ,D
10254453,34bf40477046c435051fdca34322d6220ec34768ab6850f171611550c3d73de5,25/10/2000,M,B,3003826541,1CFSJ,D
10267099,8b5186b60432ff416e81bff74436b44d47da6b28f3af16b9cb2cbe7edf0fd423,20/02/2001,H,B,3003826541,1CFSJ,D
13263308,970338bceaa6b3d8aa0d6418d69291f0e47027576c410ed9ae68a5dc9e927b79,24/08/1971,M,M,3003826541,1CFSJ,D
11568873,c0cfe10a09ac5b81301d671145b96069a68cb87f3c01dfdfff0e272930347d2f,30/03/2002,H,M,3003826541,1CFSJ,D
10742422,9da224c3556132d2cbde37246f2713d90865f0beed9afbf69906583c0a6d89d5,03/05/2005,H,M,3003826541,1CFSJ,D
10838901,cb2ff889d23797c619b4a8fbe5038cb8b7a2820e560107c786e439cf156898ed,09/08/2005,M,M,3003826541,1CFSJ,D
10487908,2adccabec6dba7f026c248098f81fc3e145f20bf1f1082ad4a7f5394d6a3d1e1,03/08/2005,H,M,3003826541,1CFSJ,D
10581335,4b849c27f31cbbe5229939df8084f223daedf2295a2daa84b0b48a39101e115a,21/11/2002,M,M,3003826541,1CFSJ,D
10421505,fab607c5275a3c538145c5eb8e2695f5a4f5934e17f80a713bf157bd2be0de76,19/07/2000,H,M,3003826541,1CFSJ,D
10610451,8a67a357306ca1c1727d300668f5bdb065ce4d20b4d282d87c3db6780cb587a5,26/12/2003,M,M,3003826541,1CFSJ,D
10706770,31f7ae77504c99e6be51b2c715b3216683c4112a5971ad6c736cad51a8e371ea,05/06/2004,H,M,3003826541,1CFSJ,D
10849475,b05a2adc5bd9d9b1fe83b61d1d07d4b9c9f5fd97d28bcf5e76393bf2c6d1c443,06/09/2004,H,M,3003826541,1CFSJ,D
10468091,f13b0d8e380f3cdbcaf6bbecd708ea142aa67e1c8fa8017527a162b0ed0978ae,28/06/2001,M,M,3003826541,1CFSJ,D
10814531,1914da03363cb284d2623efaf1aaa805fc02128e04fb4448725bd862a1dfa089,30/12/2005,H,M,3003826541,1CFSJ,D
10466089,9ab267591b2c73a938994867ec2f335bf4495376cd268deeb8da30056cdbb50e,10/06/1993,M,M,3003826548,2CFSJ,D
10636300,ca1c65a0fe600c6c1c943fe9976a7f65cb636f22af287af4843750d6231d51c1,27/11/2004,M,M,3003826548,2CFSJ,D
10304560,1fe3b34df6dcfebf579e9ea42bd208b11e52bced4c8592a6f7b3a767273458ef,30/08/2001,M,M,3003826548,2CFSJ,D
10691401,28a1033291147a99a466f5c3f4267188338b73a3d297467f6afac6e8343f2cf5,06/08/2003,H,M,3003826548,2CFSJ,D
10640379,7638c8f379918d70e3e9a073186ed0df0cd90ff6802afa292e664dc8750f6d18,06/09/2004,H,M,3003826548,2CFSJ,D
10357602,c70d7e6b5bae0ae84c90c70f9920d2e7fe75446d06ae79bc72337094002764ed,05/02/2000,H,M,3003826548,2CFSJ,D
10376639,342b1696029d7f3b25ecefa62bf3fa899b781fd9564117a7fe7bd2354d6a2a66,21/11/2000,H,M,3003826548,2CFSJ,D
10734117,3aaea797710c4f0532ae0519267a764a0674b444a2b9122e988cbd7c2312ea08,02/06/2004,M,M,3003826548,2CFSJ,D
10803272,7e9b7010215e502a48724ac03008fe008190144fbba910df9daeae24efaae667,22/09/2003,M,M,3003826604,1CFSD,D
10837553,76fe875878dac9384d0a46901a77cc7b67110768b03cef5e4e7f00a279a65e30,29/09/2005,M,M,3003826604,1CFSD,D
10305439,9d9e11c219496bbd156c8610d330f1ded576344c59317cbd5f4dbffb7201cc0e,20/06/2000,M,M,3003826604,1CFSD,D
10700883,37a9e4eff85f8bfa31879adfa20fde09d25e7e8691e67fff22a573862883bade,03/05/2005,M,M,3003826604,1CFSD,D
10778000,efe356bfade0a6e1b81f3f5f85c999013cca3ca76e80ebc7d709e05c87e41b1c,22/11/2003,M,M,3003826604,1CFSD,D
10506767,5a607f2c05a41b78c0a163548c126c5a6a0d3c6149cab783b0cb7afe9ea61542,20/05/2002,M,M,3003826604,1CFSD,D
10282475,29e4a3b52835ea7ee673086eec63d9702843ad1f80d448fb46242a313080c85c,05/12/1999,M,M,3003826604,1CFSD,D
10698462,f38bfbaf7d363779997e6645a874cf04e1e238dc18a381fd704ac3c96c74a6ba,17/07/2004,M,M,3003826604,1CFSD,D
10675919,3880b761b6a34faef9134140b728882b193d525cd5a6bdfb5064fe20306096e9,15/06/2003,M,M,3003826604,1CFSD,D
10709639,b145277babf4c6277d94f3ac75fdad4a94876e48e27054cc4bed80d6c0a7b0a2,21/07/2005,M,M,3003826604,1CFSD,D
10348121,75789d9f4581bf0cd0a49571747fe8e6f282beb0704ba12ef89a14c356ad6bea,05/07/2000,H,M,3003826604,1CFSD,D
10406731,2c14fd35a20af2a525958845a068f4675f829908490a404a69f88581b7eed39d,12/08/1999,M,M,3003826611,2CFSD,D
10434284,4b5e4aa556c77076a3aea3ac9ed8383557102b5c314c70bb6db7965639559816,09/09/1994,H,M,3003826611,2CFSD,D
12142369,f6a24f6c6ec171f46575bf1a68e0d2c9f925366993486346bd1c9913937a8a4a,17/11/1990,H,M,3003826611,2CFSD,D
10017101,58091632f8417f732d4559e59f677c4e118f9257c99ee724da816324ff884702,01/09/2003,M,M,3003826611,2CFSD,D
10428229,42296da3a7dac399b8092bc2131ee30603af64dab0ba7a9ea72fd8a938df31bc,27/03/2001,H,M,3003826611,2CFSD,D
10420911,50272536f7c25108471971ec814ce8890606a000c56dce90c6cdf640cdcda757,06/09/1998,M,M,3003826611,2CFSD,D
10306049,9ccedae6a540f380d527206254204a54d930eda58b0f058bce0c4bfdbcf05d24,10/03/2000,M,M,3003826611,2CFSD,D
10496638,3d88c9d6ad9c54b6f864116959e4403b090baf7b84ff3c5d75b304e7b4e31050,09/10/2002,M,M,3003826611,2CFSD,D
10574372,c62e48fcda19fbae5d76a916ad88dc58c3147882f83eb778f671c7accb4c36da,17/11/2002,M,M,3003826611,2CFSD,D
10364858,a17383d76644b7f9006fc6c17468c33ed3a613a196e90bddfd4e7dbc64347b54,25/09/1995,M,M,3003826611,2CFSD,D
10511432,7cb33dad28205c1e311f5a9c1c112571ecd9016f88119eeb4aa9ebd38fe3e6b5,16/01/2002,H,M,3003826611,2CFSD,D
10432798,8d059aa1c9f37e53ee7f440c7fa67363c4b87ef17458ff7b2679d6fedc814155,28/01/1998,M,M,3003826611,2CFSD,D
10691269,1b14bb3a375a5c2cc917db44e1a2df3b4284f28ff69d1851d112c2b0e06b3538,30/12/2004,H,M,3003826611,2CFSD,D
10699154,349ab6c3aa88f4b27c645aaa1a2d319983098e3e337fa08db4d02f50eee73671,30/05/2003,M,M,3003826611,2CFSD,D
10507538,d3e9a80dc06d83e806a4ab0070902fd1af226a5aa5643a45a078b80ccf75a72c,14/06/2002,M,M,3003826611,2CFSD,D
10786213,05e72c1be695c340a11d53a796787296900537f0f962bcb6ec71e4e910b734fe,20/03/2003,M,M,3003826611,2CFSD,D
10810890,ea422c3cb66e20941debd1b5510d0efb2ad94129f294f007836c9ba0ea862205,07/09/2004,H,M,3003826611,2CFSD,D
12734875,af145064b647e28db75ee9d977bdee072797a62e607c6cf9015debc817912208,02/03/1969,M,M,3003826611,2CFSD,D
10729615,7c8681511378b5c9ec16a3e340e0489f3d55c8970839d093f9224664873020de,23/03/2005,M,B,3003826625,1CFSE,D
10737242,32924ea3c6566edb78cef34000c3328d497e29a6499ab5e10790cf45a276ae35,03/05/2005,M,B,3003826625,1CFSE,D
10664986,b05cff0a17e41bc38336ab09168a60e5e49882e8af75a3d0e4d90ccb4fd96feb,04/12/2005,M,M,3003826625,1CFSE,D
10277303,ab19177e552c77ccf7f660366a0450a9c3cef133ace391a38c800820992c0bcf,15/08/2001,M,M,3003826625,1CFSE,D
10700990,52d002db41e3c826ae1baeeba0d0074a55e21f4bcf01698d2ad5240181d82b66,28/08/2004,M,M,3003826625,1CFSE,D
10690446,d050de0546270ec090775e96942c47bf624e3329b2e6a9b71ec7d53da3780f17,27/06/2004,M,M,3003826625,1CFSE,D
10512569,75d5bbdcc9f47049ddf54a319c2f3fc1821ab6b123c0fb62d1c2014416eacfbc,28/09/2002,M,M,3003826625,1CFSE,D
10486936,160de14e1f536140148c7ff3131242665359ba90d497c2f1d0a5346413f58dff,28/12/2004,H,M,3003826625,1CFSE,D
10742990,a797b78515bd67bb6e54f40b2f723b0d218f476f78b6bd7fdc6f3ccf5e6f6b19,10/08/2005,M,M,3003826625,1CFSE,D
10610383,18694f10dddae5c7c8a7a8c06b4fbcc9867f112a093e370d4c7dfe2e59e9c552,10/12/2005,H,M,3003826625,1CFSE,D
10270455,bee0c00a28dc32cc595fb16e6f51abd0e90eb84a47700daa2fec847e2d951b91,26/11/2000,H,B,3003826632,2CFSE,D
10506040,41b24410e9196beee3c7163ff939ad946abe0790026bb688069c9a507683a94f,06/05/2002,M,M,3003826632,2CFSE,D
10321371,9145b826a8b35ac78bb2d8a572d0c26deb16f34513bf0759ab8db6eac2a0fda7,05/10/2001,M,M,3003826632,2CFSE,D
10735016,16617d476dedce7cfc2fec7113c66e4ba5b41ba8773107f1d89cbc07c25e891b,06/01/2003,H,M,3003826632,2CFSE,D
10365373,84246b4da5ef957085d75e1e7deed741ca48849e7999e95dd309e05f37b39847,10/10/1999,M,M,3003826632,2CFSE,D
10516555,4192ecec5a60fc810308dc36124f5a9efe55b1d152c6eb6ee8f78a8a4184980e,16/03/2002,M,M,3003826632,2CFSE,D
10263087,32caeb52b985e1e59dcf7fae8c7b244dfe3e0fd2c82325f33ecdf3b7eac74e3d,28/01/1996,H,M,3003826632,2CFSE,D
10303279,649ab8d9dbb1483e6b7b934e806a46d06ca9293fac0c27f1b5acaed1a7a02555,30/01/2001,H,M,3003826632,2CFSE,D
10382178,4e87c0d604f7f5993bb1462d59b73ea17a1e043bf5cfb5afebf2e27772efd4f2,10/03/1997,M,M,3003826632,2CFSE,D
10270975,8363f0c75d052a2c4997b0bef305a3d5f09f25b658a43bdef5d207bf31236f0a,08/12/1998,M,M,3003826632,2CFSE,D
10308866,59d9621b01666690f4130f1a3e95a796e0873ce75c839770fe1ea7f921257ba1,01/11/1997,M,M,3003826632,2CFSE,D
10713872,13ca2287f374e525efdb92486c5354a4927cca68bcee85f0ad654b3f64177012,10/06/2004,M,M,3003826632,2CFSE,D
10730159,acd4a7f97afdb4becd259e0cecfb73d8327163b5b9464aaf0a9dbb8f031abbfe,17/03/2003,M,M,3003826632,2CFSE,D
10780309,efb568511cb4a275f68520af741dbeac9ec56f35ca481871d5a2a3c5c6b40f41,17/12/2003,H,M,3003826632,2CFSE,D
10707407,fba5480f3b0959e44c782c823ae5f128408357dc45919f89264b922e113e89e3,11/04/2004,M,M,3003826632,2CFSE,D
10428047,3978ee2d8dc5e3ac128e9a0e1935b14eaf097c9ec4eb08e4f3952e520e7b616f,17/10/2001,M,M,3003826632,2CFSE,D
10664909,24596f7108eac696c4e5905cd9baa468df14f0504624913d3da69acc0e9736d4,20/12/2004,H,M,3003826632,2CFSE,D
10664924,6ac1e32e9225d73841e29c5a8038c8be898759b5ffd7f06b42aa35c03a0af652,07/01/2004,M,M,3003826632,2CFSE,D
10303294,4c3bc27f37a93851dc2ce7e9ad4f2c57fbaaba5bb1979cd525efb96bf15c5346,05/06/2001,M,M,3003826632,2CFSE,D
10513718,d43860fa1c9c49855f6b15859b52f1116feb5ea7f9cd105dccf08d28e89893ed,26/01/2002,M,M,3003826632,2CFSE,D
10815375,7c924c6bbae9d9142e9cca9422f4149c7084c4167e480f1a1de3309b8ce0272c,05/10/2004,M,M,3003826632,2CFSE,D
10832522,2cbd60b7f90b94c4f26dd02af06c952cedc229e27fd4b0ebc2acf26ca893c87f,23/01/2006,H,B,3003822337,1CFMB,D
11925262,95f65d2a5bdd97f155a8dbf13b7b02e71516f31381be4dfcf7d315fea22b563f,03/07/1993,M,B,3003822337,1CFMB,D
10923192,6f2714cdf7d2b6aa7d5d9a359005f30d9783620d050c4eb42023b8ca7cd404ce,11/08/2007,H,B,3003822337,1CFMB,D
10895114,b1239db44fb6166b550ea18e7ad1b39f1236cfc7f486b6121c876b61a89eabfd,17/10/2007,M,M,3003822337,1CFMB,D
10766806,6dcf41c0fb83237d7f3f615443c98c9b8b6b82871548102ebbfad6970eb64b90,19/09/2006,M,M,3003822337,1CFMB,D
10909605,7fb5d4331b27278c72b10dd27e910f5da8ef82ee1eb7ccd93e6cd3c445cfa5d3,11/01/2007,H,M,3003822337,1CFMB,D
11336367,b1c91ee4b5c94f7768943a8362b168abaf2c2d91dbad2dfa8a537b5155bb4532,18/03/2007,H,M,3003822337,1CFMB,D
10688314,6ee1d8bba21afde51adbd0cc6a9e91f981a4608edb7bd50751274acc27e15a27,18/01/2003,H,M,3003822337,1CFMB,D
10761942,7b7f53ba07d2889ea09e018c7c3460eebe70fbb6448fc8d748c3b3a6758b75eb,04/03/2006,M,M,3003822337,1CFMB,D
10889204,d49ae5cbf1dc5f143d32f25f095f682c01bc7796948fdfe73dce2132ad0af370,27/11/2006,M,M,3003822337,1CFMB,D
10762386,99f92c94685d931ade5b892b4c0ce040ae896adcfe426f90d379aafd5a5ba6b7,17/05/2006,M,M,3003822337,1CFMB,D
10920099,bc7dfa71d3f28ddc46437cc629bab4e8ebca01308a29b7ab324e3e5dca469c4f,15/04/2007,M,M,3003822337,1CFMB,D
10805487,b564830b91f4516748a30e1a2ad7ffefdaf3011b55efd8340873a02220179c95,14/11/2006,M,M,3003822337,1CFMB,D
10858044,5f3ed4ef906d08be5a60dce06beb2846c23cdf8aa3696f021d4344931603c715,01/09/2006,H,M,3003822337,1CFMB,D
10852104,5a1334d9cbebbf72ce61d0fe138d8dc5e5c42bff14e0b253d20b75976dc86c28,04/05/2006,H,M,3003822337,1CFMB,D
10887844,918a0e6fa9df2bb4783bbff5a3f398e99d7f927312899bbf57006ad6f0c085e2,03/05/2007,M,M,3003822337,1CFMB,D
10776722,30c213d4f2a60b35c5230a52be2c3282e29a7caa290f1bfe097e25f6faf72451,02/10/2006,H,M,3003822337,1CFMB,D
10791133,3480243365f435b1479ca963216c4d25372172055a6b54028a17424d167ec12f,04/11/2006,H,M,3003822337,1CFMB,D
10690355,d0009f9b6234b4fc40228ad9cad07ef5635aa55a0b22060ba19f3a1b8593d7f4,01/03/2004,M,B,3003822344,2CFMB,D
10622314,b67f078f8200ef3ac1ea181bccde39f3045fbe7d3ad52406319723c5f00c06d6,24/04/2002,H,M,3003822344,2CFMB,D
10706115,7e6151ad6ffa6a4d4fad581005bb6edc006452c6382e0aa9439e7dee7cd53904,21/09/2005,H,M,3003822344,2CFMB,D
10707819,9401c5c88b3167556dcd8f74ed8ac1b88d8159937d6c21983e5519ee92831213,16/01/2004,M,M,3003822344,2CFMB,D
10714134,a12a1b12c80a43d985cdf763b04000628d3125f7c6f4bc6c057d945a88e57de6,09/08/2005,H,M,3003822344,2CFMB,D
10770425,a555020200fbdf8f0bbf21ff9bca2eb67fcda39bd6a38c91ac9678d88dce684e,11/09/2006,H,M,3003822344,2CFMB,D
10787523,10a5140bc1412d405cb5e45cdba82016210344da2b9e01d16b407c0a94e69251,10/04/2006,M,M,3003822344,2CFMB,D
10836565,902bb3b4e4ac66489a5747186bea2791a73fa004015b92c02d7cbb62faa621e8,16/11/2004,M,M,3003822344,2CFMB,D
10641026,be9ef5fd76c0fe54e11f85290af732e37fb4b22a387464d1efbcb27d918f524c,20/02/2005,M,M,3003822344,2CFMB,D
10646180,af3852de06022cfa64f5768d50a845fb6b9baa6accebda9027840e417bc1e88d,27/02/2003,H,M,3003822344,2CFMB,D
10761897,d251018f6bb59e55bf178e78ef7eb3ff09adf30cc604d6e7fab84c2c5bca00ef,26/09/2006,H,M,3003822344,2CFMB,D
10783762,58e33c2f9b9131ed0a6dc72491908a27c59a965baacf489f8803601f7e562955,19/04/2006,H,M,3003822344,2CFMB,D
10787491,b7ad9ed09cd460c6094779ed81c3fd6be238a491b0526a5bac7f8c42147df2e0,01/11/2006,H,M,3003822344,2CFMB,D
10835701,1e1b02d236ed5a984344d5d203841bea66e7c84b6f4a4f51c30d81d43f84db3f,21/09/2004,H,M,3003822344,2CFMB,D
10706808,7efd9bf71d9a80d4173bc045f7a9c6677b2cf843abb18ffa5f4d300a6c99e73b,19/01/2005,H,M,3003822344,2CFMB,D
10800025,c40e9b8929d1b38fa1306244cd9d565c78244c42f529ffb459fe505445831d3b,18/04/2006,M,M,3003822344,2CFMB,D
10679722,2d57fa301a5c26f9216d40e090554d72c0e5b3665ebc4014dbe6ddda8df3360f,03/11/2005,M,M,3003822344,2CFMB,D
10766414,dac16061fd2cacfee655fdda188fcd1d88cf66c326476a76c111ddbaff59041e,06/01/2006,M,M,3003822344,2CFMB,D
10330442,43da83be4252ba6b0f6af805d67f11bc9f9c6710772173e7f205da9e39657963,01/10/1999,M,B,3003822407,2CFSI,D
10745922,80edc53405542d0fc37d7f7e35f645daae259ec4d2639c49ad9d505c13dac09d,31/10/2004,H,M,3003822407,2CFSI,D
10014058,cf41c10889028270a5b2bae99b67ec880b1f59dfbf5b2bbff270ce3f97c73bbb,27/01/2003,M,M,3003822407,2CFSI,D
10652514,55e3c44e78fd6b7871506ca24348332aca0642d4bcf5076853487aab22beed13,13/05/2004,H,M,3003822407,2CFSI,D
10485798,83192c066b2883db048fcff82aad6013b1d7b5b2e39beb3a4b38a45fc7ea402e,16/02/2004,M,M,3003822407,2CFSI,D
10706084,ec5bab9390b311c02cdcbc45d38d3e4bb6d0109afd98e4d3af77f92b70e3c75d,17/02/2004,H,M,3003822407,2CFSI,D
10017341,0435a1209812f9c5e8439c6b5c49460c31e06a9899761d21845977b5653d3bea,19/02/2004,M,M,3003822407,2CFSI,D
13054156,49e3093b42ef94bcfb45ba7765c4696960527835308d1bf02f7089a36c821b02,26/02/1978,H,M,3003822407,2CFSI,D
10657675,f17c0b3a9fb490027ebbb38fae8743c5397a012a969e9e4c59ab532e23e089b3,24/01/2004,H,M,3003822407,2CFSI,D
10870759,43aec8f7240ae61951e4f38a1bdf1c26ba442b1993868412a0c6df7732a645aa,05/02/2003,H,M,3003822407,2CFSI,D
10515930,8b6430c9d16fbdb14f63e4c01290b2bd689a54b2ff380d6f8fea4e3d94c72b70,16/01/2002,H,M,3003822407,2CFSI,D
10304028,b90955ceea2a72ce937580d77473123b9e80080edd5a0928febc39697fe61abf,16/03/2001,M,B,3003822414,1CFSI,D
10021896,432afd273ecebfa48a26f6ad3d88960e17b4c9f9f70b18fc509f116c57b6c16e,06/02/2004,H,B,3003822414,1CFSI,D
12073578,175e33c33a57f4fdc07fbafb3bcca0a9035b08b7698fd311d6d4b8516ebbc255,02/05/1992,H,B,3003822414,1CFSI,D
10677679,aef6f06b7e31a6cc54583ec928bcc759a693a573c68465ee6036b971bef0499f,09/09/2003,H,B,3003822414,1CFSI,D
10819080,5fd779fbb8f6a42e5c0e688667262f9cf5c5cae4661429fa7bd2deaca1a82a11,20/08/2003,M,B,3003822414,1CFSI,D
10707898,49dc3b1d914aa87564002cfbf48118c65c9f074e007a3117fc0887c6e6d8408b,17/02/2005,M,B,3003822414,1CFSI,D
10713535,954d9290dccb8bea5b8a33f20ac88aa8e0db42a4498e31ddb9ea497d5c746feb,13/04/2005,M,M,3003822414,1CFSI,D
10819112,fa02ebc4b8a3f1d9cad09ae7562e1434cb7c8ae41e5f79309441dd3e3eaacbdb,23/02/2003,M,M,3003822414,1CFSI,D
10748318,fe338f57189e3db486e6ee1cf4439a86ffd178561585b3d807607f6ced519345,17/10/2003,H,M,3003822414,1CFSI,D
10839333,041598cc3744b452b49eefa0ef9d994207463fec4a4f5f2e5268721df075869c,07/06/2005,H,M,3003822414,1CFSI,D
11059622,9c15567ba325129a1db693eb02862e0d41da166a98ff8fd5e23f57c9ceda48fc,04/02/1972,H,M,3003822414,1CFSI,D
10752122,79d4c34deec749069ecae5972395a2f5bb9e4050a2a2d93e7541643b4d78ad88,18/08/2005,M,M,3003822414,1CFSI,D
10706042,3de2d9dd47fda1d87cb0dde6147b4debd4d27a42b1a847c0ed014b6e0abb98f2,28/06/2003,M,M,3003822414,1CFSI,D
10808796,9a0fab11bff365853cb0cfc27eb52449d6b88c4e7afc39d54264e73e6d98b2f0,11/01/2003,H,M,3003822414,1CFSI,D
10819055,3d23bb90e9b8fd811dae540481863778fe9976bc6de6658bb5502a50ecce71d5,05/11/2004,H,M,3003822414,1CFSI,D
10308372,64c7cd392f5051c127b6e45729dab074aaf032045fc5563b055a0f33e7b53ac7,25/04/1998,H,M,3003822414,1CFSI,D
10923122,e42c95dc128e172bc81c82565e3ef1ed8a8c1e9b585b737370eed1f9333bb06c,23/03/2005,M,B,3003822449,1CFSB,D
10688905,409fe4e038e0aa3f2f52e0a663688198343a6352b0dbcf585a26d51c5af829bb,17/03/2005,M,B,3003822449,1CFSB,D
11089472,508d1e8c81c6df6678799ddb4f6d6a035e105424c3fcad17da07b573b54b2487,03/07/2004,M,B,3003822449,1CFSB,D
10792537,fc8918baf8455d22265f6b6143bbc5e57049700ca1ead32a7b5aa0507d56d02c,23/09/2003,H,B,3003822449,1CFSB,D
12617327,196afa7fe1c5adcc89bc8ffe99794afdc42d6bf714deadec2c8b7202c649ef31,08/11/1982,M,B,3003822449,1CFSB,D
10364939,a68973325c2e77778bc7cfb779c4d2562bde26c1492c716d41733c2b2b13a4a6,28/07/2001,H,B,3003822449,1CFSB,D
10466022,309ac1d958aa5e6a97bfd243e3b187c741d381fa0d86fa0d453818635a578ff9,23/04/1999,H,M,3003822449,1CFSB,D
10689153,c5b89335ee16ad550a31b97563d82d42ddcec35ca78b4f0ebe73fb7c8a0927f3,29/10/2004,M,M,3003822449,1CFSB,D
10826692,3c81701b61ba46a953f9ce47cfb7f7b99d4afa696a0855d41cac51165c54a361,03/08/2005,M,M,3003822449,1CFSB,D
10795882,b21f21d34b6938bb0714930ac812d6c21afd0ac2677e5ed162de78733075203d,04/05/2003,M,M,3003822449,1CFSB,D
10584902,92dad3337b5b3f6562f55dd5b39bc4049af99eee54d5180414e9ae9cac1a5b96,30/04/2002,M,M,3003822449,1CFSB,D
10768351,90a9efc351d6e66c5cfc9839d66c6abbd31ef147176d1337f461ec1ea2fd22a3,16/01/2003,H,M,3003822449,1CFSB,D
10426520,fd4a409399f1b9b8c350c09d1c0934b28134e4b5b9a9dd2fb863add27175d123,04/01/2001,M,M,3003822449,1CFSB,D
10809481,da0b4adc5d71d33e7e03ae2633a5b6acb74bd7ea618331298b41711b4a25a4e8,19/10/2005,M,M,3003822449,1CFSB,D
10432949,d13539ae6f1459284f19d1421a72608bb2ec387472838f96fff0a6780750fb69,25/09/1999,M,M,3003822449,1CFSB,D
10270640,df4530ed683fcf1360f70735e3cc361865880e1e5d76928183932b4b24cedf60,09/08/1995,H,M,3003822449,1CFSB,D
10718886,7d54484bb31c130f698ab8812ed643491fd321b55e005602fed086b90548d7f8,20/10/2003,M,M,3003822449,1CFSB,D
10723795,5157dd6e143949b1112293c69bd46447593317804d47ce33cdb74e65a7e8b634,28/02/2003,M,M,3003822449,1CFSB,D
10279046,ccc4d783089b255ea15869666f256ec8f137ac3139ba756685d8c224423a9b48,31/05/2001,H,M,3003822449,1CFSB,D
10375121,d683a2bd7410ae99e3f2b6bab51ada1e17d70de2d3f5f2cb19747b6499646cea,05/04/2001,H,M,3003822449,1CFSB,D
10820754,cfb83d704cc87cb02e1c2b284021ea557f57b9980a79a21e62cb05c7b808921f,30/08/2003,H,M,3003822449,1CFSB,D
10690358,af668d536a8993069044a2907c5695d4133f6e26194e2a5f4fb8b537ad9f3161,15/03/2004,M,M,3003822449,1CFSB,D
10698475,b2cb12e39d79629fef448b3cc7a0b1f88357e8c93edadabc6be9a5e8251fe971,08/02/2004,H,M,3003822449,1CFSB,D
10698475,b2cb12e39d79629fef448b3cc7a0b1f88357e8c93edadabc6be9a5e8251fe971,08/02/2004,H,M,3003822449, ,D
10700384,c29a69d46f47abfca99e4adbe97081c0ed9b608c4e5cb2a6c41eaf054222c1d6,07/06/2004,M,M,3003822456,2CFSB,D
10427710,454bc2dfce9655692b35d9d2b603d77991ffee5f08d991139ecbd7376043ed27,15/11/2001,H,M,3003822456,2CFSB,D
10468190,fe8b659282c9107553152995dee1683f9439fcfdfb44fc972e6508efe5adebdd,13/01/1999,H,M,3003822456,2CFSB,D
10017272,2665867a7ca40731c049f2c31050103507b453b5456e96c8c7a465485056990b,27/03/2003,M,M,3003822456,2CFSB,D
10339026,063bc21501f43bad9f5a6dbb065db5e0546e597c445b2111096c7b52bb5c4ccf,04/11/2001,M,M,3003822456,2CFSB,D
10630518,fb335d7ff63350b3f18e9d84ae6fd159263470a3ad25833ee5f1f1346e921891,17/02/2004,H,M,3003822456,2CFSB,D
10420734,6ad894ae2a1931e631561dcc700292426fc0347c7d96780284b46df675d539d8,20/09/1999,H,M,3003822456,2CFSB,D
10256577,30c27f38d4f6fc6af90834586a4f5f42e66197d2500ce8d1fe2b8379e294a08c,23/11/1999,M,M,3003822456,2CFSB,D
10279200,46288c758a00875f9542e36b53300bfc3ee14161f88b19e852664c4a24facfbf,18/09/2001,H,M,3003822456,2CFSB,D
10338918,da8d157dca7ef8de50c9981abc52fd844acfd20bcf89f29e7504e998f1010e33,19/09/1998,M,M,3003822456,2CFSB,D
10344807,8eace5f512d37b99a1be2ac52262e72e8d820ce328e443edd148571d133d3b23,07/08/2000,H,M,3003822456,2CFSB,D
10377143,b0b5765fa4c9d59b119920c3fa40d3328fd7c9549ee5a902184e13d54e59b47f,22/01/2000,H,M,3003822456,2CFSB,D
10375529,ea2a58a1369456f0a34c30c59abe62ca23fb7bb99f2f160b96a1bccb84ab4304,07/05/2001,H,M,3003822456,2CFSB,D
10414557,c3e1b39c147caa84efc62ff4c067b45fc81b3b64b6aee0e0e04941c6e7ad31ab,10/09/1999,M,M,3003822456,2CFSB,D
10679644,882005a6182e85334fe0a9b02c2aec76346e0164d13a4edc0d1d6bbe604bb0dd,18/02/2004,M,M,3003822456,2CFSB,D
10835663,a586bb94446c8bca234208b38483592a5d6ff94a96ca907c0e7d4d193f7c05b4,16/04/2004,M,M,3003822456,2CFSB,D
10839854,6eff32cf1fbe529b1a39b25de2b1263bc48c2ba7000ed5fd18b78d68b5ced71e,05/11/2004,H,M,3003822456,2CFSB,D
11329660,f8c4e76330e63f060e22356fe92d55adb91b04a008157435606fc8383fe11545,21/08/1995,H,M,3003822456,2CFSB,D
10352236,b8236d43f876d05bec26525b0386da37d0df215707d0d9897c0e10f1508e6ff0,25/10/1999,H,M,3003828691,1CESCIB,D
10293577,3941f609675046ad81779b90e206501e570a4aa0168ff129ef1c2bcb8cb1760b,31/01/1994,H,M,3003828691,1CESCIB,D
10352528,a31247758c9431ec4d7e487b31871294992c7d91707ad918d73be26b5fb6090a,23/06/2000,H,M,3003828691,1CESCIB,D
10428862,803ff703557af4f602119cd8ca9ee0fcafe71889e401167ca142c88ba81960b1,26/06/1997,H,M,3003828691,1CESCIB,D
12430202,c478203aafd085021c4888cd0efba0abb5b234bfe166e419ff8b0bf1672e6187,14/05/1979,H,M,3003828691,1CESCIB,D
10400378,bbb1b0f470804176abddc43bf4fe433924c46b3e4c71a8f00592469d7aee8f55,01/08/2001,H,M,3003828691,1CESCIB,D
10514340,4a1df1d3baa1020693f30a2b16d90250f27b72aa97fcbf93d5c77a9ea9778512,05/03/2002,H,M,3003828691,1CESCIB,D
10376123,227e2699afef7da5630689c3764671a046490de6aa8b41c4df491404b93541d9,31/10/2001,H,M,3003828691,1CESCIB,D
10398753,607f330cc266f8955989c29ec607bdc1e73acc1ce7a169c40747425b0196c206,06/10/2000,H,M,3003828691,1CESCIB,D
10432545,45f3759f69e292ad857d2d66ad19ef5a02113baa090c86acf9ce08e8509988d9,17/01/1999,M,M,3003828691,1CESCIB,D
10698939,135fe6b6b8535c0dcb9b2ff0103a35721cb259a25e63544ed55417bf52f5fc9b,23/03/2003,H,M,3003828691,1CESCIB,D
10254544,e555e8a93c9880e16cee29d96a48c681ce74de90e3af5f493d90f6dab25b74ce,08/10/1996,H,M,3003828691,1CESCIB,D
10652460,4493dc393d0694e2989d57be82f671eb9436572d68c9202148ceeed0b4c20962,07/08/2003,H,M,3003828691,1CESCIB,D
10635513,b1f430463487438601e3dd4cdf166981049a2f6f4843e6fe4db488cc2d96f363,23/07/2003,H,B,3003828705,1CESIAB,D
13297140,bcbdf6fd2f6566c696a45d2548e47684ce078ad71e3d00867b5e03b690a229ef,09/12/1983,H,B,3003828705,1CESIAB,D
10328167,35934bd43168a59d4c6f3b50366da028d7b38cc9e429f47ca1ce8b0527c1db12,17/03/1999,H,M,3003828705,1CESIAB,D
11406626,b4e1f6011c9123314c900255749ce561f7472a3b7c4bc122f27b41d3e7674d13,08/08/1984,H,M,3003828705,1CESIAB,D
10304881,4ae33b007e37ec3020fd8ef5b75f079f4b20d56a4b08f3ca80fcf0d24433f773,09/04/1997,H,M,3003828705,1CESIAB,D
10688139,6973d5bbfb52b8e56a75d791760af991b214b9a937e1614c5c545929133ff267,30/09/2003,H,M,3003828705,1CESIAB,D
10646249,6f29c8f2eaca1e1f16af35e011bdb5d4f4668e783c4f73c78aaf8565b10ecd8f,05/04/2003,H,M,3003828705,1CESIAB,D
10352435,16544197b6f0bbd3eaccbca07363076876f1b586e9be57928d3127fe1d9d64da,12/11/1999,H,M,3003828705,1CESIAB,D
10276576,93eec4c23064d7a09ec3205579ea7c765aebb5927d989fc175fd3e79752d3df8,09/11/2001,H,M,3003828705,1CESIAB,D
11167622,da4ac52ded4f2ad4e21b56fad685057ad2cdc2bacd928c5d5d7b3a13f81ad804,05/11/1985,H,M,3003828705,1CESIAB,D
11407481,244e4d0effaf30ef2971818d509dc6b68201822005fc0da2e89bfea9b68affb5,18/11/1975,H,M,3003828705,1CESIAB,D
10018367,4049e520cabd28dc768111783b31a5116f75b14b10eb516169ea898ce28fb33a,27/03/2002,H,M,3003828705,1CESIAB,D
10496141,093f05dc22bf537023cb9268926c09ffce7f58fb2c8fcdcd39786036cae21272,02/11/2002,H,M,3003828705,1CESIAB,D
10525957,a349589c67c9f4308c8e49920f92c81d03aec47bb3fb29b59dcc030c678ee0de,02/02/2002,H,M,3003828705,1CESIAB,D
10657748,95bc7e68687faba781a00e0448033d799255eddafe9446416e0545037e3077c5,17/06/2005,H,B,3003827233,1CFMA,D
10697139,961a3d8fc8fcfb5573913aa409ce5d4b130d8d9b2c2a4746779c53a3217fb64d,11/04/2005,M,B,3003827233,1CFMA,D
10834011,3835d5a5a91906f25264de524b8fdb77758b3f0aa233c7a00672df3258dda192,20/07/2006,H,B,3003827233,1CFMA,D
12200618,fd4f5973e9009d89a9a45716c61c897ef5a480cde00e4626866c22ec7951f0e4,02/09/1990,M,B,3003827233,1CFMA,D
10916753,c5090ea3256a422de139a89a44dc9484ebb4d68ebf94bbee379447fbcc8be86a,26/04/2007,M,M,3003827233,1CFMA,D
10840996,cc5341323be16c1f0d22678a6edabd872635551055e9de8ebef1703e4128d38a,10/09/2005,M,M,3003827233,1CFMA,D
10926432,bb4914a57601d7b6e74b949e808483261207fc572ef0d14f6536f6b33b535f5c,20/08/2007,M,M,3003827233,1CFMA,D
10888026,bb5769b6d3b1a41bf56cb837aae169bb1833c888f229a258cd45aff53cf9591f,13/05/2007,H,M,3003827233,1CFMA,D
12788547,11f9aa4159112ef73db00943bbb5e4876684ea9f083e254f9a0b26b0fcff2abc,30/07/2005,M,M,3003827233,1CFMA,D
10737176,a48a2a3226d10c257055d56909292b059b6f9ffad7936312d422250406c5ea89,02/12/2005,M,M,3003827233,1CFMA,D
10887591,1fbd2823909e2f70965217ac9a2503a54eb240135d6f2e5622c895d8f2b152e1,07/03/2007,M,M,3003827233,1CFMA,D
10899530,3bcde14e5e59a4de15d6f8cdae28fb88ad729be92eb222ab2033e4bb49276e62,12/07/2007,H,M,3003827233,1CFMA,D
10793477,e24fc8d89903ad9ac3925b89bb267ebf077096bdadd4a1ae27a94bd4e97db2d8,09/12/2006,M,M,3003827233,1CFMA,D
10793462,fe455b8831f682f1b6273ace56e4b5486802a45caf41b8e94f0620b97358dfed,09/12/2006,M,M,3003827233,1CFMA,D
10925424,b1359f03667cebd924505de98622410d2b6d7a5386c0b109914fbb2c733a4b6a,28/01/2006,M,M,3003827233,1CFMA,D
10805007,f9483a783da47e92143aba7d344b80bdf6e619d92bd6f1e742be66f26ba19aa0,15/12/2006,H,M,3003827233,1CFMA,D
10688886,398a2c8c5dbed05909f99c50890d921e348e5a2b4ec60450df9a0505869ec72f,16/02/2004,M,M,3003827233,1CFMA,D
10857947,849efe40ae5777ff79857534bf82ee5809348c769d37304d7e42e6ac7a0ec8ee,04/08/2006,H,M,3003827233,1CFMA,D
10707891,74debc6969c121030d890054c41042bffa2fdaa35fe2b74e7bfd75e66e333760,25/09/2005,H,M,3003827233,1CFMA,D
10798521,058326e35b334fad6f8a4d2bae992868cddae2d133dccaa766259e308eb225ce,21/07/2006,M,M,3003827233,1CFMA,D
10679709,26263d7fe88050b937b0ea8f30d6730171b4922c2eee39bca6f4b898c80e8f3d,01/12/2005,H,M,3003827233,1CFMA,D
11010026,9900d8cfe027c0d913528ae337bcbb74c30b8e66fe9a6a5250bb7359ddff0caa,16/01/2005,M,M,3003827240,2CFMA,D
10496592,483808e560423199a5610fe76d3e7970060c882d0340a8a92506451c20011abc,07/03/2002,M,M,3003827240,2CFMA,D
10832154,d3ad68abcf7f5c3e883ff4023f925fd91c9f739bfaed7ca03e6d9175c27c78a0,11/11/2005,H,M,3003827240,2CFMA,D
10361518,a5d8457e0dcc3a5464b92fc8f9446378481655f009c9220c8aa73fb9b5845fe6,31/01/1994,M,M,3003827240,2CFMA,D
10244048,4b8eb15b73a3c9f8c82e16372d4c5b44085efe0480aea8ea4d5e57aaec97b48b,12/07/2001,M,M,3003827240,2CFMA,D
10017455,09ca25aa07834d05180154869fb9e0426189db06b926d5b266d274676611f07e,05/05/2005,H,M,3003827240,2CFMA,D
10742998,cd81fb5398df31e0e254e3a50b9234c6f2738e9b6956a0233272eb87b3e18009,14/04/2002,M,M,3003827240,2CFMA,D
10679723,b69481300bd9757e8cea458981bf32f950178c128795d2793773992cf8053f2a,03/11/2005,H,M,3003827240,2CFMA,D
10852107,7ff54f073107da3a64de46b4d7114433fe107ec2a55a0ea69aa710fcea4b5068,07/05/2006,H,M,3003827240,2CFMA,D
10819040,1162be435e962221802212ef404c79416c4d747eff05f9b9838de93a3d94acd4,05/08/2005,H,B,3003828760,1CFMC,D
10364423,027b26a8e023db33192f39c904130fad7181e6861ebfe6b8ede580b8df8aa2c0,15/04/1999,H,B,3003828760,1CFMC,D
10773025,54c72127fea5fe32d8acfa81b28be1793cc2e2dbc5d3a8cd34fc23157236f899,04/04/2006,H,B,3003828760,1CFMC,D
11847570,d96976c29ce02cdc88b6650eb5db3f1a80aaeb0b641a9ca5601029bd4be753a1,25/11/1975,H,M,3003828760,1CFMC,D
10833893,30469ca509db904d20f7c70f3258b46d920c2a8703452defe6dd26df626e544d,16/10/2006,H,M,3003828760,1CFMC,D
10910799,4eac94830c152028c96bdd3419ab8b0bb6c2c7ca0b8f86a8eea90df612e4329d,18/10/2007,H,M,3003828760,1CFMC,D
10789656,67f5fd8b1b57606b911378873a23cf108df4023dde682df3a617f46ba977fc90,01/12/2006,H,M,3003828760,1CFMC,D
10911373,a33e1a5707b0405679cfba81efd01d56613c2e1b944eb8398fef75f72804f6a2,22/07/2007,H,M,3003828760,1CFMC,D
10909591,ed35f669792f448d0b76219b8eec2a974a62c5447baf7b25702c79c7a6637520,20/10/2007,M,M,3003828760,1CFMC,D
10017433,004cdc571586eacb9048fbbff3d53aafe176b85c0f7249060c3ec5223184d659,12/01/2005,H,M,3003828760,1CFMC,D
10906556,a67734d958c526f682802412473c2529598ecb3bd28d287ce133211dc07bcb43,25/08/2007,H,M,3003828760,1CFMC,D
10912321,f4003d4a6d624afcf1d5098e0d85023d11b504c9ae64bd42e5d5249b9113bac9,16/01/2007,H,M,3003828760,1CFMC,D
10762391,a44573fee26b787dff987ce20bed79dabc0bf7d4d666d203f829909fbecec527,18/07/2006,H,M,3003828760,1CFMC,D
10911129,0329c1ee154cf52124383f4093d37ce0e3e199f3688f21299760b022034c7c6b,25/07/2007,H,M,3003828760,1CFMC,D
12510469,b796ff9e5649117645f2b45ca23d554d1612ea88072445048c8e0b2a4a496e9d,07/03/2003,H,M,3003828760,1CFMC,D
10819052,f4f1f0a5c5aa26f1044532a8cea2bc38bb38d09337a063f0a5b5ac7fba9c8038,21/06/2005,H,M,3003828760,1CFMC,D
10888617,e961a7dd2b58aefbd662978c309af205cd799b195ea87a97346bcb7fc23bd620,06/02/2007,M,M,3003828760,1CFMC,D
10885064,dc812559152cf3b5bde2cab7f5a3765102d945198a82c32ac756f80f8f001cd9,15/11/2007,H,M,3003828760,1CFMC,D
10895404,d9bbc389017fc910c65665f155c393bb5995f62810a07f19bc7db0fd5de3fc98,16/08/2007,H,M,3003828760,1CFMC,D
10758419,6ba1bd6e56417bff20cd6d81d2252b33ca167ad8c67a7ffa3f27d3137a16188d,27/03/2006,H,M,3003828767,2CFMC,D
10655227,992b14ffc4ee0d87c87f91daae0a88f5b4f5d515304a6fa9b2210c62cbe34497,26/08/2005,H,M,3003828767,2CFMC,D
10679662,5ee4fa81f3a91798aab957a6474447e223c4950279a9e3d6e8aeb5e0988f6358,24/07/2004,H,M,3003828767,2CFMC,D
10756607,06f085a27db4fd1af3ca2cd258cf79629e1f78de1c6b3be75d591ec6fd25b3f7,14/07/2006,H,M,3003828767,2CFMC,D
10757001,4caf7b721092bf5dab7033e64b5a649a645e0c22b037ff7657b02f9502686644,29/12/2006,M,M,3003828767,2CFMC,D
10882466,39a0d5148df7299e0edfef62dbef685cdf7f1545cf681e098b56b94dac51ae1b,13/07/2006,H,M,3003828767,2CFMC,D
10410140,04bf31e59781d0ae5028d43ef879f8a8ec343d967046d9763370442696aac65c,14/10/2000,H,M,3003828767,2CFMC,D
10679710,4749f61c3975bb8c63185f4fc0b3c04e94fd0d87c3ce927076364b1273d48550,27/09/2005,H,M,3003828767,2CFMC,D
10770657,6eb547f1493585f1dc15085a08d40504b44d79fe8129c708fb395a6533a03779,20/02/2006,H,M,3003828767,2CFMC,D
10805501,7eeea4932125653d794a92a128c7f139aaef1c34d50fc600104d240565f7f1f6,14/04/2006,H,M,3003828767,2CFMC,D
10807600,b2d3288f84e2e97a304b5e68ced1c367e7652da8cc09823ec98fe1a4f80f3773,16/11/2006,H,M,3003828767,2CFMC,D
10856605,33160d6a7ef4e94691ace2830a73ef5e8524261218427d5202887af4bb4a3573,24/12/2006,H,M,3003828767,2CFMC,D
13046184,3ffc8743ae33fd33279c94aa00997bcceb82c1a8cc85de1e99da67b23b90e64b,22/06/2006,H,M,3003828767,2CFMC,D
10828387,df3556f8a8aab10ea750fa1b28ac165711d23f06c4b965756986cd4f4e850ace,24/02/2006,M,M,3003828767,2CFMC,D
10437714,2eb3465afcf012984e93be28774f33a84111c6a846b670000ffc3f8447565181,12/06/2000,M,M,3003828788,2CFSH,D
10308120,3a8b249f6a1f3964ca70c3a8adc89f03a5c3c58e9fe205d6e249347a234aef25,03/04/1995,H,M,3003828788,2CFSH,D
10634225,4834895e1326f4cbf060d0cedfc8b855bb9da7a3b5c866bf5127160637d1795e,17/09/2003,H,M,3003828788,2CFSH,D
10261771,d9618fec36e3caefc466c665fd26bc983a1ad3a3ec09387cf88b6fb26ce54e3b,06/05/1999,H,M,3003828788,2CFSH,D
10707841,4b52f3729b1c82a780afc7c51eb3643c8872377192c60af0320943194777871e,06/04/2004,H,M,3003828788,2CFSH,D
10319905,3696df22b75ec905891ea75d9c819d68a6ccd3f3ce666bc08c7130bf0c428cf3,27/05/1997,H,M,3003828788,2CFSH,D
10403933,32e8f7b2ed2e3f9445a7694bed4c62b1b59025a8a20b12e369ecf66eef98bb1a,03/11/1999,H,M,3003828788,2CFSH,D
10269568,95227417f4f9db533be67f0ac017ff12ca4d738a60699cb074fc2d3306b49f25,24/07/2000,H,M,3003828788,2CFSH,D
10308808,b32e2192db653a32c0ad35a777398144057d0ba2a4462e541012016cb1496589,05/01/2000,H,M,3003828788,2CFSH,D
10604775,2877001c708c7e1b9f7c45dcd775bcb14711d00a484180abd09374e198a6bd7f,25/07/2002,H,M,3003828788,2CFSH,D
10797554,b5bc7cf8e3d9cc9ecf86cf17c68e49580f7d72dcdafe890825f24dff23d5f039,07/08/2003,H,M,3003828788,2CFSH,D
13038828,e82d8ae12b13dbd616186a683f0d23812813506c1ff61092b52e35d69b2fa878,18/08/1987,H,M,3003828788,2CFSH,D
12571287,ea0d01746cf9cf9baa9b5c985765f957e525d5b5e4d0c253d340cba166985007,16/06/1991,H,M,3003828788,2CFSH,D
10852273,8601411e623f92b2934fffb1e93bb1463bc42d68fd799b47679c94d46a89911a,13/11/2003,H,M,3003828788,2CFSH,D
10304867,d9386cef7acee6cb84a6af597c6fb8e8351b0438f3734d988cfb12013fede0a9,13/03/1996,H,M,3003828788,2CFSH,D
10407215,df3d090a5eaa4290a605888241867942a37c71a6e572529770bca7dfbc8ffd79,20/06/1999,H,M,3003828788,2CFSH,D
10708221,f11c561d8f6017f99247044ec748010615432a0d7ab81ad50c8ffecd321c872d,23/04/2004,H,M,3003828788,2CFSH,D
10837069,b2e7da4759d976080f8e046a0432e17d9afa6e9310d25e22e91bee83f50bd8ec,27/09/2005,H,M,3003828795,1CFSH,D
10736098,ea71952a8403dac1a4afaf77907933d7338896e5e11f2ddf5a776319b65c74a3,19/11/2005,M,M,3003828795,1CFSH,D
10820972,6dd8b585bfec2f97a350f194e5ca2d61a1d3fde6767d59f08c7d230b7f048d63,09/08/2005,H,M,3003828795,1CFSH,D
10635824,a87d50d2d4d19db8e0be1fae3ad00f3983d18f31c47bf0f02e07f67849b0e9a5,10/07/2005,H,M,3003828795,1CFSH,D
11736342,2e26d550139971d4826b52942f9f9508803be8e3a6597d8fedffda8a2636cc0f,28/02/1983,H,M,3003828795,1CFSH,D
10663063,c916ea6cd6be58b4785adb0bce919ded8e4091325700e2201b901eb2bb9d9a30,18/09/2005,H,M,3003828795,1CFSH,D
10689194,fe2dbddfbba19ba2fc0ec3eacfdaa4de5942079432eb607841b30d164f95fd9e,12/12/2005,H,M,3003828795,1CFSH,D
10013834,fe1229b62b6014f1c4cef11596bf41e63554fbef535e5ca2b2771be4199c674f,28/07/2003,H,M,3003828795,1CFSH,D
10282899,78d88f1b10a6d142752a66c9aabb4d2a04f9e9397baaaac1fa778f0cd9314f7e,26/01/1998,H,M,3003828795,1CFSH,D
10304827,f32868abbe56e3317c5a97c4ed1dae3c5c7d0936f39438574fc74cd4a5df3ccb,12/12/2000,H,M,3003828795,1CFSH,D
10392051,de87fb2c5287629a7915f0bba8edfc0db011cf41d1db30eadb89fd4969744ae0,29/06/2001,H,M,3003828795,1CFSH,D
10851164,15ab0e575283dcb31b0c169bea4f7f6264f9082647ded8bf6481ec48d45fc340,27/07/2005,H,M,3003828795,1CFSH,D
10308646,9e58f27bfc7230173e645cefb9e255b8ab5307e0e92cce79b76493b14c00acf9,16/10/2000,M,M,3003828795,1CFSH,D
10666129,654489387246b23c8c48d4a1b19a9c993285d10b3c686f43c4c1dca85782cd20,15/11/2004,H,M,3003828795,1CFSH,D
10675783,52b244056a31cb3ac79e6c06d530b9a29f971ceea9e5d8ed61ce5b9d0a73f167,18/05/2004,M,B,3003822872,1CFSG,D
10809466,0deb57885c0ab0825b2c7d6e1daf2549f9f4594898c02bda175c917f336c2464,02/12/2005,M,B,3003822872,1CFSG,D
10590153,03a6448f14d128dfe287a3b87bb0d666831c8224767aabf21ba4d98844266397,17/05/2002,M,B,3003822872,1CFSG,D
10652240,1afc5d62dd5ff1dade722d8ce9fdb6623eb2ea23c564a19512aef4ebe3686017,15/04/2004,M,B,3003822872,1CFSG,D
10810706,46002146286db3895554351ae8931a209c99f08506829e28e1376f98ab8ee954,21/05/2005,M,B,3003822872,1CFSG,D
10276253,d211eaf63d518c5449cf6abe5d8f87abb8cf458ee63255fb8e964d6e20c30132,13/04/2000,M,B,3003822872,1CFSG,D
10499298,c39f7a655ca56d397db9108eaafc35183ede5037d2181bbcf328d2714e9f331f,28/12/2002,M,M,3003822872,1CFSG,D
10723900,499e708d8b27739e055e8087ee25d5a5dc4c4afc7d007b6549f8344afbcdc851,02/10/2003,H,M,3003822872,1CFSG,D
10697594,6d3173011c10351b0ea2e2bb8bad7f9c9d6169d0534b35f6a99d532b21d06cfa,20/10/2004,H,M,3003822872,1CFSG,D
10242875,e57f3d18a2a8b7cab15692b1a6e814b841a869fadec137fe0b78509194db8c52,04/01/2000,M,M,3003822872,1CFSG,D
10697823,d985b8f4cc69a7297348018dc8119cf790213bef34430d6212f6c043aa0c5a10,20/05/2004,H,M,3003822872,1CFSG,D
10862844,512a92329bf9feb9a7eef93ac5c5868d9c45ff4cab11440fbe64b66f11feab5b,06/02/2004,H,M,3003822872,1CFSG,D
10706060,4827dcb373d008086acb12f195220148b36691f532abf628146890b9e0d4e52a,23/12/2004,M,M,3003822872,1CFSG,D
10697613,a21229f8f4366b88708e24a53a3a0d9f9c54786516e9ef08e802b38fd6c49e79,01/10/2005,M,M,3003822872,1CFSG,D
10352409,0f025d8fec6c63626a9a12c09901a0dff15beabdf611fb95d73a9a0ee4ded634,03/08/2000,M,M,3003822872,1CFSG,D
10515204,b93868ace87f6b6ca767cdbb72a987ec996512eea2e38cc542bd1f959937f138,13/05/2002,H,M,3003822872,1CFSG,D
10645661,c9567ad55376c702b234ce336bc71b3df7dff4da2daa09bcf3876b31d3354ee6,11/01/2005,M,M,3003822872,1CFSG,D
10697595,7263dab36e097377aaea7378f55607b22e0581ab6ef653f89c2a9b37f59e3833,20/10/2004,M,M,3003822872,1CFSG,D
10689702,c3bfc5c0319fb7b36fa1100ea495a2847119471d0d360cd11407499db396e47f,11/01/2005,H,M,3003822872,1CFSG,D
10714036,9c65f03e6c28809f0db856ff5b210c215cb4dbb7a0030cd380e1c24d7d452d92,14/01/2005,M,M,3003822872,1CFSG,D
10382359,4157c7a2a837fe68ec312d2bdb106ada50445ebf9a03ea8f018dfd18848c6f66,03/09/2001,M,M,3003827317,2CFSA,D
10406699,3e46fdb0d50e09b1ea0709907c9c5b81bcc724f2048bbf543b60ae7e9569e43d,02/03/2001,M,M,3003827317,2CFSA,D
10797565,ee06daae7b294c16efe4eb66aed517ba3b432004e4316c5c5409d6b1a458d744,29/09/2003,H,M,3003827317,2CFSA,D
10792497,d1c9577696b3ec1f87c1adf8bd6b36e65636bffad42d0949733f3835c539b7f1,24/03/2003,M,M,3003827317,2CFSA,D
10706049,ada9d1911d6a4899935b8264e7a75af837cbc486da8759c5e3e733a774c22be0,26/11/2003,H,M,3003827317,2CFSA,D
10832134,95ed50e4cbfd78a7013589ff5f4f7f4b34f9f905df6bfaa1cc5f58932961cac1,06/04/2004,H,M,3003827317,2CFSA,D
10246117,384475860097e9b99ba3a8cb731b185c896b639fbc209b6b3084d3f85b2b7aba,18/03/1996,M,M,3003827317,2CFSA,D
10698000,c2b2b3a3de55d8938a42612b60f4832c0a844feb42a02285301c2b6e2d0159ca,10/07/2003,M,M,3003827317,2CFSA,D
10657739,b69d044b61c6b4a1a10d567235798cea08b752454b3a9c80e227df053d1e09ff,01/08/2005,M,B,3003827324,1CFSA,D
10953575,f4d7ff8dce280f9fc54f96cc5eb42d25fd0f801441eb8c584fcbd28660e993d2,02/09/1989,M,B,3003827324,1CFSA,D
10304386,9e54d7add25ea1c7b34061591a4f943c52e5c78f443375bc8658c63f93c7b98b,02/03/1998,H,B,3003827324,1CFSA,D
10816926,0bdb05e48c29b62f1378dfa2ffb2640fb2c888cf6b1ae764406c2444b25db1f2,13/09/2002,M,B,3003827324,1CFSA,D
10707732,9f858a4dde9af0dfd0c7a63cce555b413ed91033634d13af1a29a26ddedb6f38,25/04/2005,M,M,3003827324,1CFSA,D
10679661,d5d19f60558092d253693fcaaa93773019725570cb1211292eff70707988d737,29/03/2004,H,M,3003827324,1CFSA,D
10437711,dcba6df4bfcb74a57adaae2ed850106a0479e6aad009405384c2fc2ccd8178cd,12/04/1999,H,M,3003827324,1CFSA,D
10862522,1acf8b4473828150520954060d9d929a521d0f567c494897938ca9ef3b8b5e22,04/08/2004,H,M,3003827324,1CFSA,D
10792061,6cadfb08e0bdd3f600fefc732ad09a759af80beaeaafb24c7903d074658f35fc,31/01/2002,H,M,3003827324,1CFSA,D
10835661,006eb2c4f04c346d3f8000ca37ab361632ddf634036bd5a77fac9688112800f9,14/11/2005,M,M,3003827324,1CFSA,D
10500611,0c6a34d73bb31f5740cc08b624b417544a4c712abaac04acea1d4559e2c69c87,08/12/2002,H,M,3003827324,1CFSA,D
10819298,07fef376a48c43c37caacea1b51557c86d0b34a5ececc4cf8c3c03b367f0bf30,14/11/2003,H,M,3003827324,1CFSA,D
12567860,a6d5d80418343920e330ddc985c50e673064a550ec5b13336fd76c7b88c1a939,15/11/1972,H,M,3003827324,1CFSA,D
11144559,484315ece50e0287fa5dcd8106acc56e8ef771e267daeb1030ecc5d52b9e8508,14/05/1990,M,M,3003827324,1CFSA,D
10679690,baa533c3f5e1d2de21e290d0e532affdc7e91de79d4830f4497d561de4af995b,24/11/2005,M,M,3003827324,1CFSA,D
10689191,974b7d4f70b7a0344d30f401e8e0371deca7527e1a1605cdb2cfe1eec3afdd78,06/11/2005,M,M,3003827324,1CFSA,D
10657739,b69d044b61c6b4a1a10d567235798cea08b752454b3a9c80e227df053d1e09ff,01/08/2005,M,M,3003827324,1CFSA,D
10282511,d250fdfc6d907e746d5792509116d17209a2cf39d8f75c050bf71f92ab377210,19/09/2001,M,B,3003822879,2CFSG,D
11697875,1f5a1f2dc3f6445b03f4ff91c15f52061087cfca96222455b2098eeb0ca56bd7,14/02/1982,M,M,3003822879,2CFSG,D
10272332,9bc883f93e85f510b606dcc5d332d4fdcbf203d9032601210134b1b6c9fcc8d4,17/05/2000,H,M,3003822879,2CFSG,D
10297347,9ea4e07533d7a06eb0130559f0b7088b6a1925c425f208f1b99725b84b04cadd,16/03/1997,H,M,3003822879,2CFSG,D
10329155,58ea85855741d8362c7d3c0973e7bca4e5f330aaa651cd7cb555ba784c55347e,19/05/2000,M,M,3003822879,2CFSG,D
10364934,ec9de35e39b7b130d6b6eef723a3a8a21202c085be11b3143ba722e477e48096,22/11/2000,H,M,3003822879,2CFSG,D
10378335,2f04e1de2184edf1ad3aa57e2de4f00d00db02025e8922750c007ebd000319b2,20/08/1998,M,M,3003822879,2CFSG,D
10402136,fbb1948f31c0c33747843e690d03bbdef81861aea518e8d676c0982e86de6db2,25/03/2001,M,M,3003822879,2CFSG,D
10518216,efdbe9eb821200ec74726d4a72169e06ca4ecd1d5448dc94f6b52c6caf78c72c,15/06/2002,M,M,3003822879,2CFSG,D
10711901,fef910bda06b468c4d11cf2ecab28090a3f139bbf315ba3696f85d4ad7cc9db2,18/05/2003,M,M,3003822879,2CFSG,D
10724605,1a6af002012d07319e35905630ab8ba0ad78706bfb503574aef77d454bbba152,29/12/2003,H,M,3003822879,2CFSG,D
10729178,4417c85d49b27a24fe682d1e94badd486a4036cfdba23108b91fd4c070044ad1,26/11/2004,M,M,3003822879,2CFSG,D
10745527,84e2b9ab7a4ceebca4fb03157d6c05b8cd85c6f2f6759268a9c92a8b232ba2bd,31/07/2004,M,M,3003822879,2CFSG,D
10786598,56a9415e7d8423300c6399e5b8c32742764eda0c69fb1af21174964783acf659,21/10/2003,H,M,3003822879,2CFSG,D
12061489,7b105aa0d94345ff35b7a399910bc6cc760e924945623cdff69d8927902ab69e,29/04/1989,H,M,3003822879,2CFSG,D
11348992,43825c28e73f440bb7ea8bda586640895c075f7ea9d5959906b30256f5b9b5e0,02/04/1987,M,M,3003822879,2CFSG,D
13038380,444f02aa3842704116bbc45ec36d397add30c742648f53b4cab1bd9826d76488,18/12/1982,M,M,3003822879,2CFSG,D
10364565,eb07dfba7d6a3fe010b760b5c793987524e47894a1fa3ea9e1eea3afddc60396,10/09/2000,H,M,3003822879,2CFSG,D
10855729,0df9f925261ab9d30abd3621285b90266112800505eef0f9d6041ecbd11327d2,18/01/2005,H,M,3003828893,1CFSC,D
10832097,f12ec0e242277f48e71448014a7aa5174d04f495160615ff2e0ae48dca693470,23/02/2001,H,M,3003828893,1CFSC,D
11242377,909f852f2a591e5fa58d066432fddc73a1883d24819f5e8151092f7c5c681554,20/09/1986,H,M,3003828893,1CFSC,D
10332972,1fbfbfb3e983242e2c39704eefc00784703ef8f7a9a22369e978d92ca0932659,14/08/1995,H,M,3003828893,1CFSC,D
10267085,2396b6734303b655ee9f0fc141833177db7adcb4e6158f297e444b37b70feb82,10/10/1999,H,M,3003828893,1CFSC,D
10837451,33d032d03428c47b5d9dc98cb1a0e6d74f7fc26cd40b1d18224019537ce2137d,09/06/2005,H,M,3003828893,1CFSC,D
10963354,94ae1fa9c5531cfdd14e5b82edbba8cc97a9546939bedf9da28e445374c1feea,19/05/2005,H,M,3003828893,1CFSC,D
10748092,daaba2c6516741a36742f949bb18063f9bf313b08274c4d6a7cace1401012ff3,12/09/2003,H,M,3003828893,1CFSC,D
10679688,f18ea5cf8e6eaa544879cdefb109b88c9e8f8ddae91e2a1fcc8a23e9d94c9027,18/11/2005,H,M,3003828893,1CFSC,D
10676228,4f56edda5911d9b4d80bbf06b0c0d78fcf34daac8603ff14d0f2f87b24084cbb,28/10/2004,H,M,3003828893,1CFSC,D
10303547,fe614c80cf190bbc705f44894d66cd23805937b00da54f6ae9ec9a94ddd0ba1b,07/11/1995,H,M,3003828900,2CFSC,D
10500950,8dcad7cef897be382ebd578c77855567d6b208d71d43fbc8ff5d915872803ffc,14/06/2002,H,M,3003828900,2CFSC,D
10409990,a6f4013b5df4adb0d4cae1f782c0689203cdb1d1059466b869fe93c4b61b54a6,27/03/2001,H,M,3003828900,2CFSC,D
10652552,b78adf88a92013c7d53c36669a00d6c862e57b32894af37ebbc1022db2a77ccf,18/11/2004,H,M,3003828900,2CFSC,D
10797555,a1fe31df812c0bb26278bc472b902e577ad7273502ed06732358ad0e55032ed4,07/08/2003,H,M,3003828900,2CFSC,D
12211081,84c2a708b6c843acc3a08a0ec96dec35827becd6bcb549d1ce492d1ba0c4c66e,12/11/1991,H,M,3003828900,2CFSC,D
10017378,ff4b698950d81643253000e0cb0ee4baa7c1534c5d0dd1f1cd93d304a61de595,24/06/2004,H,M,3003828900,2CFSC,D
10294470,0eaebe8d7c06812a0519e4b83d99627af7dd926704a727dd7274e2c060e20c58,30/11/2001,M,M,3003828900,2CFSC,D
10427819,021df168a6811820bbbe2843483a79638be3438704eebdcdad105e1b13712089,28/12/2001,H,M,3003828900,2CFSC,D
10799062,a21fbc7f6423c93f55348d2e70c61b8c3a02f482ab4778b164f834eab8283862,19/11/2003,H,M,3003828900,2CFSC,D
12587578,ed912c9ec0cb7ac30e1c410cc30204d180bb7701754270f441815f2ecf765c56,24/08/1987,M,B,3003829510,1CFMI,S
13246038,259f6e381ed3593cb6dea0d6205c9e4ac8eafb56b31060346522082b85d20905,20/06/1984,M,B,3003829510,1CFMI,S
10724323,a6ad12cfdeccb429452d41f698a5e6569d92301264d19a75c77a15445530cbe4,01/04/2004,M,B,3003829510,1CFMI,S
11320679,14a7b97144d14fbfd2bb27b9cdea576aa4c99150096cc7a9500c3498f19a971b,01/06/1984,M,M,3003829510,1CFMI,S
10281596,ed8825798f9c1a04660382159c443208fdbe3bb21869b8c3595c94b09b1a95db,15/06/2000,H,M,3003829510,1CFMI,S
11234733,eb5681ebb472cc518f036db280490cc5483c18520cc38281de4f791d31078dcb,29/01/1988,H,M,3003829510,1CFMI,S
11048215,90f267e045eb09a89530afb453003f5657588e257ede905356b38c531ab28159,28/12/1990,H,M,3003829510,1CFMI,S
10678956,654a0ee16fac232dc0d0f0e17e82c25b814ad6854d726f84c17551733fccac07,24/08/2003,M,M,3003829510,1CFMI,S
11572959,04efb0b0cf876f09a44b9c334ab0d8881f6fc98c299f4e5499c655e27794860e,19/10/1984,M,M,3003829510,1CFMI,S
13105352,bdcd1025d72e9b5766a028ca17e047f91e670cb98cbf265f321baa0c158cb6be,03/07/1978,M,M,3003829510,1CFMI,S
12569296,d450c8b9abe78048575267620ebf0be198e8bff33215adc96362176ce69e33dc,16/07/1992,M,M,3003829510,1CFMI,S
13033829,6144aaafa603dfe803b0cf8af872e70d29445b70d4eaa9326919f99296b0c31c,19/05/1970,M,M,3003829510,1CFMI,S
10244186,aa754bd99fe1ad5e2ed689b4361aea01f22585bde68bec4392855bb5c1e47b9c,30/06/1995,M,M,3003829510,1CFMI,S
10525708,be3ac76efd13f1af71508ff3eb77ee582aa400118d6ceeb56312a9625ce08617,13/04/2002,M,M,3003829510,1CFMI,S
10438200,a0b00988737d530bab0d196ba9093fc47493da384056964d3630b284e562be32,10/12/1998,M,M,3003829510,1CFMI,S
10244802,b893e05a9c2c293c4e3936306064c9a8f6c9d101c464b230b6e7fef1f567322e,17/09/1997,M,M,3003829510,1CFMI,S
12695436,4a6c725e4657ae2456b0a13d8d51e327a1faa1a24c90d88fd9aab3ce930ea638,28/04/1972,M,M,3003829510,1CFMI,S
10027392,a9cd26123f94837b6b6581513c4e83f283a390a4928ea1ca1d86a005f5a03379,11/08/2002,M,M,3003829510,1CFMI,S
12623151,dd2e99b51617f7d7f08d4da5a9e5a1eecc7433613dec4cb29613b5d1f1d6a808,25/09/1979,M,M,3003829510,1CFMI,S
10630162,25f3b909b49eab5b33b4856029b5e29c12c4ef0104685c586dad9d2f3c016e22,25/01/2003,M,M,3003829510,1CFMI,S
12738447,54873ccf07fedeb8b3e26aa49144f0dfe28252c662a37316decd0f7d1bb17040,14/09/1986,M,M,3003829510,1CFMI,S
10476696,0cb0e9b14fba5196496b510d822d3c63eacd16bb081dc945ef5413d2499570ac,27/03/2001,M,M,3003829510,1CFMI,S
10380752,c68d14575e8fb3efaef882a8595439b67639056b05d4be8540d65c1b95185fb0,28/06/1997,M,M,3003829510,1CFMI,S
12656419,4e1a99586b04f5c59b6e13d84526f630f7f79e9a3eb37adef44483b53c326bad,12/02/1982,M,M,3003829510,1CFMI,S
13053163,69f716549c94bb2b63b48f3937b393e187d24de94d0244f15d2ff66643c4f6ee,30/04/1979,M,M,3003829510,1CFMI,S
11318786,6f6d8aebae409c0c8799d0ed3ffd9fa3344d977e611c88a82bba79143f95e048,27/07/1989,M,M,3003829510,1CFMI,S
13246042,7b0a7de4fe72edf051f7218b8d2d5b294894ffe32dba5b817ac6549c97ba6e4f,16/11/1975,M,M,3003829510,1CFMI,S
12858788,3a3f852c21a9004fdf895a3d329d64fcecd7f5cc7d6b67912a3de67efda217ef,28/12/1976,M,M,3003829510,1CFMI,S
12419064,cc43146e0d2d5ba6d5d632be0c75e68a02518209a90c8c78019ac841caefceb2,03/04/1982,M,M,3003829510,1CFMI,S
13034042,1281268437d721a6044820e5c6727bb56b821465f0fe55f1796ac7749ff061f3,06/11/1979,M,M,3003829510,1CFMI,S
10615680,281a9509f6857a65ff8957627e78cb80fd4bb84687f8b9fc37000ebe1a8f9742,08/02/1991,H,B,3003826541,1CFSN,S
10392821,513e8eb78958a0fc33c8dc88c275451ff0fd81104be51f854e393c5821c44fff,24/12/1998,M,B,3003826541,1CFSN,S
12413993,38fcb74741ffe95e5843376572a67dfd9e8860701f7548a42bc5030fe1b2b21d,30/04/1974,M,M,3003826541,1CFSN,S
13249462,3ea81a829d959b1fa3cee19b4b755f93ddc6fc1be8e7de7b1f7e38cb6bf59613,27/12/1983,M,M,3003826541,1CFSN,S
10392821,513e8eb78958a0fc33c8dc88c275451ff0fd81104be51f854e393c5821c44fff,24/12/1998,M,M,3003826541,1CFSN,S
11495548,ba310ae17ea7bb024e437c1ed8af686ca93246b8f3f999f27d4938b8b0ad3a8c,30/07/1999,H,M,3003826541,1CFSN,S
10664803,53fc65125736685aee8c690e22392ae4c41ae8c518011998a4cf15a2465babb5,22/11/2004,M,M,3003826541,1CFSN,S
10301350,256f8262ed07ddc5f7eb5a0fe88421bd5e9e22f0bba2cf8307bb0ca2af558113,26/09/2000,M,M,3003826541,1CFSN,S
11564256,d9b63f389f848d472ab4c308ccdf1b45469a5f8c448fefd663f9a868582f7efc,21/11/1978,H,M,3003826541,1CFSN,S
10244719,871cf54977887727ab199ab6c7084cc800b300e97d0d8f563b770dfc8e6cd790,12/06/2000,H,M,3003826548,2CFSM,S
12708907,c4efb4a30277f7730598b1187974c03483b9261e0ee72d951b7391923d6e9d21,04/11/1986,M,M,3003826548,2CFSM,S
10267575,b208526e54e62efb6d5bde672dbc45a53600a0a6ed792c5b2cae784ef8676896,20/04/2001,H,M,3003826548,2CFSM,S
10935906,5393775880fcd88cc6d5042cee3990ed53766ade71d872e91bb20faa5992997f,05/11/1987,M,M,3003826548,2CFSM,S
10406692,d5b72d8c04de8daa9298e8e08c95150b650cbb180c00e804c1b67448a450b5b1,04/11/2001,H,M,3003826548,2CFSM,S
13034960,01f4b2c6883ecb0a7db82b1945321be4e3ce8846e7ded76e268089f88e041617,16/07/1970,M,M,3003826548,2CFSM,S
10134445,fc0a11a4a9c4d51abb2bb361beace5d8718906a816681313dad84ee2ac1a124c,07/06/1998,M,M,3003826548,2CFSM,S
12637322,ff687362b45b2b1098cda3e168dc8cc3dfcbc5e082a583faaeee6f77a23cf211,09/10/1976,M,M,3003826548,2CFSM,S
12708713,cffffbd26c80900fbac1b370b511d8e5e8cda3b3ad874ddf2b0157bc089b8810,02/02/1996,H,B,3003822449,1CFSP,S
10306604,646e626e128bf964eea2a7f0f40b9a895f39a0aff15479f359db9495236e3913,26/04/1993,H,B,3003822449,1CFSP,S
10420078,ee898daa073ea03325bf0cc4430ba3c917fe789b658574a284c5615eb907ff78,07/08/1998,M,B,3003822449,1CFSP,S
10318774,1265d16bf3c65409fcdacc90edfe814aac6a8cee0d3f2a26f030e19cfd5c7117,02/10/1995,H,M,3003822449,1CFSP,S
10278035,b9e4f9d1725438afe8a89885e6411942def3d292dd869f5390400bc629ceaa55,18/09/1999,M,M,3003822449,1CFSP,S
10411578,ea4042ece5618b101226d9a030c540526f1b7ac12ae980212dc70615ddadc921,29/09/1996,M,M,3003822449,1CFSP,S
11502177,8033dd5fff109226391061880f74ef3900ef442ce0df18f8098ff4d9b3e791a2,23/05/1989,H,M,3003822449,1CFSP,S
10398706,577d80bb55eafa82f09ef107c642f1b7eee3d9589d7c03a808d56844feb601b5,25/05/2000,H,M,3003822449,1CFSP,S
10320697,43b5b7bf740c2f6b150fc473ec041075f49908aeb8458cefb4b158874c8a3c4c,19/10/1993,M,M,3003822449,1CFSP,S
13261750,7db67a376ac106d1dce4868775250e169f7cae71e28694a4ac08a3539397a6fc,25/09/1987,H,M,3003822449,1CFSP,S
10604170,9d21ad792549221dfbd9abdf40c500b31e4cd8f459610a6742aa2b08855887ce,16/01/1991,H,M,3003822449,1CFSP,S
10242636,b96d331ccccff56c1a5cccdae4b2a62af51c9702548b00ec958724ea85d13844,28/12/1995,M,M,3003822449,1CFSP,S
10375621,fe50fc9ba421b4b3ba892a3c93b4152550ead2a890e66a2ffbad0fe2368adfd6,25/02/1996,M,M,3003822449,1CFSP,S
12735439,dca30a6d5021b6b8ea2f424f053616f6b0c044d658f426c74cfd9e32d3f38654,30/05/1982,M,M,3003822449,1CFSP,S
10318925,3be5478553d6de74c3e7a3599c0dcdc785c22f23fb08696edf3725dcddcfa971,27/10/1999,M,M,3003822449,1CFSP,S
11330270,8ff68913ee856f77d949725b8bd1326457d6db7650dda57e7712287dfd06b72e,13/03/1980,M,M,3003822449,1CFSP,S
10434495,897cbb15d50ea1d778a9d68fd4ee6554e53ee3a975014225f1a2b14d4aefaa51,04/08/1992,M,M,3003822449,1CFSP,S
10354121,88d06ffd2cec7707cc0044d8819adafee6b5fad458046c57279cbb76aad85113,08/08/2001,M,M,3003822449,1CFSP,S
10404684,a764600507ea0ca6b8e64826956610b910db9934fbf52b8da43e5962f39d34d6,23/01/2001,M,M,3003822449,1CFSP,S
10816484,f6e230984de0b90e35fb2471450c1fda27b1041d6a8b3ba62f3b666c3f441698,08/10/2004,M,M,3003822449,1CFSP,S
10691616,005922fc585e32ed07cf5a579a8f2269b6c390e24f940e8ea13676d51a796fa4,23/01/2005,M,M,3003822449,1CFSP,S
13242370,ab47ae505c584378fefa53f77c26f342f44f7fc3d497b0882a838b18af5527ac,10/03/1978,H,M,3003822449,1CFSP,S
12480365,a5c16f0caa1af62e2a0441f3d4bf217c70cf28ec993bc155ae44f136075f9d22,22/06/1993,H,M,3003822449,1CFSP,S
10378871,8649bd7c9f89d0f1b4326f934d37e27df3d990fd07e984aaa91acd0e22c09315,13/09/2001,H,B,3003822456,2CFSO,S
10017290,a0fe5002dfd1a29a0245cce90ee2aaa1c58f369d2ced54e5af5e50bfa7a2756a,12/11/2003,M,M,3003822456,2CFSO,S
10688987,3f6eb03f47c793b1907a802fca949b56a6a5ec802ea7f9b39d767a076b99f21b,05/02/2003,M,M,3003822456,2CFSO,S
10382660,4f09198a4a45b243fe8be16a5605def2db53fe17c9d772b073b6a2eb75d590d8,11/04/2001,H,M,3003822456,2CFSO,S
13040787,2ee1bc8ea974d497a85b3faac9d519785a01eb263d5d1efce9b4bc13a19fe31c,27/02/1983,M,M,3003822456,2CFSO,S
11074562,bf04381d282d6beb04faa05689916636af8b401c034e7e9b0c6daff45b719b70,05/02/2000,M,M,3003822456,2CFSO,S
10255058,86865f3813af45a5d56862a21597a321d5aef0bcf89d0e317575bf0a5e8f5632,26/09/2001,M,M,3003822456,2CFSO,S
10786442,067f0f5a3b66e3a7a9dcf4adfb608e2307164eabafb98b7b433ba4236c0603a1,06/10/2003,H,M,3003822456,2CFSO,S
10322908,c0d0ca50329677161798b9dbdf24975d0f499d9bc1dd566050e475315b4ccc57,02/12/1999,M,M,3003822456,2CFSO,S
10349083,a075e4380d3323626e6253fe6053bc00f4746489a68521ffcab46e29b3940515,23/06/1998,H,M,3003822456,2CFSO,S
10837518,c7350456496131c002f7c7d2cc9fbec89d3d8f5db11d1c0c3ca4c067955d773a,11/12/2004,M,M,3003822456,2CFSO,S
10378770,1edc10f59c17b63df2db47288b8540782eac8ddd046b50612deaf15c13f546b3,14/07/2000,H,M,3003822456,2CFSO,S
10248012,4ad1b23da6dafa0d41eeb9b30bf82ea5722932d867639bdd575ec4566befde85,17/05/1999,M,M,3003822456,2CFSO,S
10339317,b610e2e81ce1aa46f9f60e41e95c0aa07423840553d511edec4f145bdb621e2d,22/08/1992,M,M,3003822456,2CFSO,S
10410306,94011bab6e5d7c80064839438e09588e0b0a7bd43237a21daf247acc39297d7f,16/12/2000,H,M,3003822456,2CFSO,S
10792522,3a042d36b93d66ee53e980c22fc438bd89dfeca1bd408b3557e5f96532cdf858,11/03/2003,H,M,3003822456,2CFSO,S
10422697,12706ebfd955d1040d1932000d6825d2c14c282bc023972649ccdf0e97321ac5,23/11/1995,H,M,3003822456,2CFSO,S
10467115,d2419c3602f936fdf7c6436f710f43b752732c2a429a343fbde55c6dd3ed294f,04/06/1993,M,M,3003822456,2CFSO,S
11237596,c5a5f4fb246dcfc125121c73a5f5773515bd1dc1be61749c6bd843825bf14a80,29/03/1978,M,B,3003827233,1CFMG,S
12220300,2d3a1354ccc4c0bc14638b592da38a4466ae5b79495bc13d04364755cf483907,08/04/1986,H,B,3003827233,1CFMG,S
12340506,8555e014e5da6680f5ff3a9be257a1619451f84f21c7549970bbfe3280d96699,21/01/1984,M,B,3003827233,1CFMG,S
12731696,8b135efa6f8be20bdd3051b04047b7c8666f22cd722b03bc36d9f0109ee3a90f,29/12/1981,H,M,3003827233,1CFMG,S
13116617,14f3d0f2e36d9cf247e552ab4951cd17268616e029d225ed486f14bfb5b6b2c8,24/12/1974,M,M,3003827233,1CFMG,S
10416752,502ae38ba6b26ae0915611ff30c6d1dfb6aa750b7f040ec8edafa1d3c780cc6e,21/11/1997,H,M,3003827233,1CFMG,S
12839405,de6a52e519bf1b505e87d1c80aa122311af86a7a40e721d4f8d4f109903a1afd,29/03/1975,M,M,3003827233,1CFMG,S
10308441,cd3fb005a28aec9130b2dea8596b1ee33451bd3c07f0c5446a9ccf5c33503811,01/10/1997,M,M,3003827233,1CFMG,S
13101838,2d93864094d1651404eef19472c7bde7da562433d89344801f38b6f29df83a7e,10/03/1983,M,M,3003827233,1CFMG,S
12561461,7a43329f89b31928b9164d74f8f2a1ae075211651b355610b51ec584277879df,19/03/1977,M,M,3003827233,1CFMG,S
13263652,93c04c672f693d2f1e218dfde49af094100914542a045380b3d56e198550d6a6,28/02/1981,M,M,3003827233,1CFMG,S
12424801,e9035272c99662f9412bb58ea00fe8abf4829292054f1896173c6e4602a15bab,22/11/1977,M,M,3003827233,1CFMG,S
13263684,f7f8a98c6c729c5ab3b9daae062119f5883127a14025dd4608d76dd5d189aaea,04/03/1986,H,M,3003827233,1CFMG,S
10942424,77b20a02452c8a5228fa487e2f19fd7bb7c8c769170dd4e87edc7a2707601e83,01/10/1986,M,M,3003827233,1CFMG,S
11068958,b82cad090a5f704a4668544d20056368d1a214f7d74f19397869e121008e7b80,04/09/1976,M,M,3003827233,1CFMG,S
13249406,8285dac0d1af1685e1d3e53e1e06491325763a853726fbcec1004e2992151869,15/04/1984,M,M,3003827233,1CFMG,S
10325396,4a83708695c3952a5ba065098add71fdc0bade65ab9f94fd06b40dedbbffa2b7,20/07/1997,M,M,3003827233,1CFMG,S
11780432,7b755f9fcfedcbd6400c2fa5d9ba0222e92b357c99f3b2339aad811c473c05f0,18/06/1968,H,M,3003827233,1CFMG,S
11998646,b059b31f4c896947a4e502a9bca287eb15a7d198ea217dd7dc00f8b9289fc838,25/09/1997,M,M,3003827233,1CFMG,S
10453160,2299a54994aeaa3442d9f9dc578254f99f45ba2f84aa34cc98dd9b6aa977697a,06/01/1995,M,M,3003827233,1CFMG,S
10657315,1ee47e6bfae53404ac74f4e02a00ed0654549b5ff96a850100e548e463a7577f,29/11/2004,H,M,3003827233,1CFMG,S
10940185,d6b38b45286400580193130973caea79262fc1531c89de3de7d2eb7fbc7fc703,13/04/1986,M,M,3003827233,1CFMG,S
11504482,6cecaaea0773f711c6b2b5b0aa6139ec05a683194b55df6461079ea2de9167ea,01/06/1979,M,M,3003827233,1CFMG,S
10728710,06a31d5da3380dad8644914e6f6a754d49c2f97b4082a6c204864378bf3a41bc,20/09/2005,M,M,3003827233,1CFMG,S
10268408,85e06360c093925539a9d72dc5c0a4ac928595832ce93f22da392446160ea44e,16/09/1995,H,M,3003827233,1CFMG,S
12571872,476fcd22a3f0a9c78833c3cd2cb00e66175a42c0daf96ff895ac8b192d6f1103,05/10/1982,M,M,3003827233,1CFMG,S
10512979,529459f0573fa4b3ce9dadd5e601678284e7d0503da5d0665adf8e3b01b58c10,26/12/1992,M,B,3003827240,2CFMG,S
10707679,f6510bf53123522fd51282c4b151e007cd312e0675b03c072d19605bdb7a0c13,27/11/2003,H,M,3003827240,2CFMG,S
12623647,765ee3ed06ea79422b4b9fcfa8f8349f78e612cad1c21241eca5ee66f33d9731,22/04/1976,M,M,3003827240,2CFMG,S
13040607,cf873061b8c13b977763a1c28bd8c4275a83e6cdc4157c015e35fbba3616a228,17/07/1981,M,M,3003827240,2CFMG,S
11739905,00c1059a2f2e7e2e7a1a4bc592adc8daf8ebf8067c17681e8687cdbb59da3797,08/11/1969,M,M,3003827240,2CFMG,S
11235555,274233a423f376dfc5689958dde8306a17e2cc947ccc0c1dcb569b82599b8792,29/06/1985,M,M,3003827240,2CFMG,S
10333064,db411b2c0108ad3be89f5ed7c041ab22db336d823cc6a1fe558e5f283b7309b0,20/03/1997,M,M,3003827240,2CFMG,S
11576165,4a3bc968654042a64294df17fbb0d5e5dd5340066de55fabfc5ab402af9991f9,12/01/1990,H,M,3003827240,2CFMG,S
13035100,ed9ef707327377b5865b2f62e113045b1ce903319fefdde68c241ff6ad1937f0,07/03/1981,M,M,3003827240,2CFMG,S
11569044,48dfb10f1885d75e11a5b01095d5c1444e6ce16183522c6ffafa0459ab695bbd,15/12/1990,M,M,3003827240,2CFMG,S
13041457,867d700f9f05a01190be757770c0ccd1b511bc31076364d767c00026f76c87af,28/07/1985,M,M,3003827240,2CFMG,S
11502410,f9f05db6ba1f1d96960cf517653f4209f6bd6e2211967f4657074b30bcb95c28,07/06/1984,M,M,3003827240,2CFMG,S
12096343,97b6fb262a415594a27795890e2b0c2a3624c77a8d3c61b1ce603ce721273da7,19/03/1990,M,M,3003827240,2CFMG,S
10451024,6307bf9262a1cf5e827a8a67cc3c84ee9eecefc2301a9348e220ba529dd18b1c,08/06/1994,M,M,3003827240,2CFMG,S
11350133,6ce94b31646e4001e03137bb951e258c74cc3ac2d766f23d8ca6dbe568df309d,20/08/1986,M,M,3003827240,2CFMG,S
11236365,e3c6bd0bdf412cec8a896e0a0bc1f2de82c4335e763b56ef1b0bfae4552f7f12,08/10/1978,M,M,3003827240,2CFMG,S
11241112,6b0ec3d89dd5eda5c5d258b722b2585e1258db84d8bfb233fe9fa821f794a4eb,14/09/1989,M,M,3003827240,2CFMG,S
12414112,2144f4ed442ca31231e64b7223d7704f17c6754cc6048be1f585f50f8a0a56bf,09/10/1971,M,M,3003827240,2CFMG,S
10357636,5a41ca1b6e509ca260897ade0ab3b78ffeb8bed51bcb9faef77ed679ce4b9907,11/12/1999,M,M,3003827240,2CFMG,S
11479322,4cb68217dda969758e455c14d294a92080e31f0e5d46995dd0b88f7673197e8b,29/06/1987,H,M,3003827240,2CFMG,S
10323662,a74a6036b0f32fd1f1bb662c8b28ca12cb99b95486b6ec5d83e6493847d83a1b,03/03/2000,M,M,3003827240,2CFMG,S
13035058,3ad54d9182eda47d414adfac06037ea5333917c38b6997fb74d5073073616a06,12/05/1980,M,M,3003827240,2CFMG,S
10935661,2476d218522222709c5b93bdf79788824863034f9e18c183fcbe4a48e59999e6,06/11/2022,H,B,3003828760,1CFMD,S
11242165,3dd5b51245a13363bbfef6564b69cfb984ee6b4ab0d20a49f7ffac9ea6cba014,25/05/1990,H,B,3003828760,1CFMD,S
12737825,cb5ad2102570d675ac4834f53425c601fc77d2e4a705797e0dd23bcd2eb4cffe,19/02/1983,H,B,3003828760,1CFMD,S
13097401,97063f09984883a50450dac1740cf29a0a144702389875ebad1fce1694bb29c9,29/09/1973,M,B,3003828760,1CFMD,S
10938543,f8dfd664cebce227e27b3b4e3692dccda7e0eb7b7e2100d2f2fa772f1ef9ad23,13/04/1985,H,M,3003828760,1CFMD,S
11312205,75b7aa13b43881464b6c751d87080605479495e66c24aef1adc30df02acf940a,08/06/1989,H,M,3003828760,1CFMD,S
11567531,18427c913a624aa50b560181f6f02ed4098c5e40e18f5ea1cc6c10ea84b66066,20/07/1983,H,M,3003828760,1CFMD,S
12736633,1ed7396121797ec71b0d9263841118987ac01f959b89bb4f185bf165a734f80d,10/10/1978,M,M,3003828760,1CFMD,S
10305237,1079deae68a57e77e0d4e27297d04a78c1a493537988049cdff8e367f07fb1b2,22/05/1994,H,M,3003828760,1CFMD,S
11421089,549d81b242e78848bfe250f4849d1157c130363b32f771ce8bdfefdd03bcd34e,15/01/1987,H,M,3003828760,1CFMD,S
12865232,e8e0319a53e5712f6728d7d2a61255c13d75537d82b222edc083a6145416c5f8,01/12/1988,H,M,3003828760,1CFMD,S
11337364,c2caff8aab2e042aa87ab558e5fd0fef5334623f1439ca03a697d61565b4860b,15/01/1976,M,M,3003828760,1CFMD,S
10416745,67c0ce6d5170bb4be60965f9f815d551607333b66a628e9d8afef05bdf9be733,23/09/1997,H,M,3003828760,1CFMD,S
10713860,0fc27c6fed16a5f52b32a3556cefd73691fb777438968a91f7af96d7880c4536,15/07/2004,H,M,3003828760,1CFMD,S
12505624,d868a8e2ac152ff3c93100cf41339a5f19bf97c97750663476654d94c701da4e,15/01/1989,H,M,3003828760,1CFMD,S
13250561,4061ccb114e6462a069c791f123fe3f02da3dd16a3f20194ef21e477ac6c8af1,04/12/1984,H,M,3003828760,1CFMD,S
13086978,15d1d86c7e2fc8b84fce570bf95cd75af6ec2bcc523bca37684c801cba43aba8,23/02/1971,H,M,3003828760,1CFMD,S
12609908,6fb263f6e046b100331571c90035ce70dd70d8e6ab580fb19a42da3daeb2f8f3,31/01/1986,H,M,3003828760,1CFMD,S
10937956,c8dfb6d54199dd5824a1e089aa39e5fe26f63f999232ae3c842b3c0502c372e2,17/10/1988,H,M,3003828760,1CFMD,S
12636621,d7291676cbf5d4147b0d04e615dda33ef804a89d2bbc5d89ca5a0ee6da4db33e,06/07/1979,H,M,3003828767,2CFMH,S
12717192,bb01bb3707d03f8f7dfd9fd5574c2d74a778774f787180f2e0cf35eed4c2c8da,11/07/1979,H,M,3003828767,2CFMH,S
13031068,ec6bb572164a2ed522e480d3637c968d084397270ffe6b816455418d2eb712c8,03/09/1978,H,M,3003828767,2CFMH,S
12730601,fc2cb91e6b926db3ec9ac099d1151c23471bf10ec4e91547e2571ccca7b65652,31/07/1983,H,M,3003828767,2CFMH,S
10679666,389a4bdbb5c7a66f36c1f3e0ea50add643485b10d2e8a1d89582f6597b06a3c2,30/12/2004,H,M,3003828767,2CFMH,S
10452196,c2ecd2770518f9d3b129de38bee95c1d975224831f42b2455185d8242401ae0a,25/12/1995,H,M,3003828767,2CFMH,S
12730778,deef2a03014a7b56ae5077957ae182e8330e704ee6e01f216333be66283f39a4,28/06/1971,M,M,3003828767,2CFMH,S
10427584,bf9583515519119dd5a1de70ae1e2469dae1c5380b4c156cd7b12a17a04f6ee4,15/07/2000,H,M,3003828767,2CFMH,S
12730553,3948d2d4ff7f170189924fd8edbbcba97741c58351b60d1f2cbadb20aec011ad,08/02/1989,H,M,3003828767,2CFMH,S
11825745,eac8bad909efe89773af784ac70b48d7dfee3f2042b28ab1f6e3fa1c04a28a80,24/08/1976,H,M,3003828767,2CFMH,S
10851163,c38a967e1cb8409200c8083120d2b3c8e3c700be2a050b5dfde1d4bbc816d991,23/11/2005,H,M,3003828767,2CFMH,S
11804013,287a4a058a67fc5348617b5c9fb8ff4c41e7e6613209a7e1f9cfe69a98abcc60,15/04/1989,H,M,3003828767,2CFMH,S
12430299,487d237e899ac8eae8359ad3bdd60fc9411b0a78c4bd8e2f44b62a8a64fdf89f,12/03/1976,H,B,3003828795, ,S
10348945,3cce7bab854b78664b46e8bbc488425ac4abb7f589da1dc3e156ba49e51296ee,07/03/1997,H,B,3003828795,1CFSL,S
10454441,0894a69a2a9cb135a5915a388550539b7ee7e2b5b9da8977f378de5e906bf320,29/08/1994,M,B,3003828795,1CFSL,S
10585523,3d41f3c311ff9ba3d01b9d413e7a4c69df21c068df999f83ccf12d6b042a4307,21/11/2002,M,M,3003828795,1CFSL,S
10441204,de56554f8db2ded55088ac18608519bc518ba0dfe45a387d87e0ffb8245fb4c7,08/02/1995,H,M,3003828795,1CFSL,S
10604661,ae5ac03e479670bc1ab26a21e12e80a77b8dff35a5793db2c5ae3a9d27e5e317,03/01/1991,H,M,3003828795,1CFSL,S
13245942,90b0c52b7ca16cba8525fa063a5e3d0539435a0de1638d7e598eab8e6540410c,04/02/1985,M,M,3003828795,1CFSL,S
11729566,b5cf2d521c2fc39faffe2b061163632da07a494eed8dd49374b2c431461af128,15/07/1977,H,M,3003828795,1CFSL,S
10255828,de1787944852e368c54f173643b0f90667f981a2c562f30a9b951851b9b47f83,25/09/1997,M,M,3003828795,1CFSL,S
13245900,66010df1ec29ee2cdceab1b9f499d986a031e817f8c67324ef7ac820891d4e71,16/01/1986,H,M,3003828795,1CFSL,S
10375230,4a120ea90d58e958663f9034c9e77d0f9e86058d91d299c8fc7c61c58a48cfa6,17/03/1999,H,M,3003828795,1CFSL,S
10364384,5158382fafe0750d72f8b98201e6fc08d387f8fb2c2a0f407d4b9e0374f4ca28,20/01/1998,M,M,3003828795,1CFSL,S
10304488,88fa6cd75d8ce0e891d8b7d588831f64c5331d89f2ada93ad7b2786820f5fdd5,09/06/1998,H,M,3003828795,1CFSL,S
11234996,9fb41e62d33709293c58e51d397f1f267486ef7ef78660bbe83c5a311040b40e,22/09/1977,H,M,3003828795,1CFSL,S
11231256,56faf06dcbf9cedd553f4be2e2f31445123e794ff14fc59aeca77e5708f2bf29,02/12/1988,M,M,3003828795,1CFSL,S
10392227,a8b66f8772e8024657eaad7248a24b6fe4cd6f7254208373ecff825a62b6cc96,02/04/1997,H,M,3003828795,1CFSL,S
11240348,16df57fc925f4a2f18ec24a5cc5a5518e51822b7c28badde393c7499f04d7e5e,21/07/1987,H,M,3003828795,1CFSL,S
10278578,aa977dd89b86d294908432565f90956881ea65161f5721d48750e17a6e8b3176,09/01/1996,H,M,3003828795,1CFSL,S
10660134,53ddcbc9f0f9b7147cbbc5589c0a4f7f7a72f09418436a6fb67ec9fbb4781e9f,16/10/1991,H,B,3003827317,2CFSL,S
10512581,1bb4739558a529632cc02aa0a3c00363048f464fd7250d7fcbd1b9856c9d5480,27/12/2002,M,B,3003827317,2CFSL,S
10434680,cb7ed5636e752002f2bea76abec74e435c6c578dc373dd6812175978dd637eb4,12/09/1991,M,M,3003827317,2CFSL,S
12735122,394c14d0e4360a6407efe25c96ef99fc603a576f793a73bd54e5583a807c0303,16/02/1980,H,M,3003827317,2CFSL,S
10410551,efa5e6f377b8dabd33ccdeb4e9c3fdb83e04f7a455d94aef58a8fc3abb4a6b77,28/06/1996,M,M,3003827317,2CFSL,S
10263726,4700633e2d87c97b38a8e7e4992d24cd39ce90ce3446290b9a322659abd51990,11/01/1999,M,M,3003827317,2CFSL,S
12731503,df8706b2401e036b4e5b56d003d31d2f1209a994862f2be24e8845dfa998b5cb,05/08/1988,M,M,3003827317,2CFSL,S
10327143,06967f1f0bc68fef1c37692ecc5c1fae80576fd95bfc711b50f37a6df935881e,22/03/2000,H,M,3003827317,2CFSL,S
11741280,c417b0adaabbce28ab12cdb536161e389a84b0aa645dd9c153d3d57b6f09ac1c,01/09/1984,M,M,3003827317,2CFSL,S
11407602,a5ca72f6c206ac1c78ab519c366e4d9ffd41987ab22cbc9a6a4dfe9d42fee008,14/10/1984,M,M,3003827317,2CFSL,S
12815844,c91fa2bd6824ede3c9c896eb392a90307c9ce3c7e2754da33591bb98d5bd4e53,20/09/1978,M,M,3003827317,2CFSL,S
13038681,ea4433d248b02f78218d5ab121b28551628fb75b0d17fd2a996fd2f2dcbeded8,27/03/1988,M,M,3003827317,2CFSL,S
10621683,9d36eefc972ec9f6d3fca94ffbf7789310f14f70a32366327f74b7d75615a570,26/07/1992,M,M,3003827317,2CFSL,S
11312274,81d8288fecf90e022df98e7ff29858f0b318c86c9b8bb1705ce16cf1ab4a9af5,06/09/1980,M,M,3003827317,2CFSL,S
12734235,b2e8b0b57a7a5d072aac9a2835b5f6c194d4e59c17b11224c56b450feacea771,03/06/1991,M,M,3003827317,2CFSL,S
10421574,68c7975bb1b6b28e8da98f129a3b672dbd1803fefb813b38ef42c2828839b365,28/01/1997,M,M,3003827317,2CFSL,S
10300393,883fe55dc6ef4aca4e66ade9c3b01dd050f6e7a80990cd46ab40a15807153d69,23/01/1994,M,M,3003827317,2CFSL,S
10413017,e6e7f72e47e848ee141b941bec192224545053f9eb7f4515f88330de9a8169da,30/01/1992,M,M,3003827317,2CFSL,S
10391035,be059b66c81bcfe0f1a7dbd55ac233ce65e5d9ea72499c38cf8c444d24251f8a,24/08/1996,M,M,3003827317,2CFSL,S
11235081,38c003e54851d8f341ea090f1b59550918d3ec702f48ba2ee836f21159c51f28,12/02/1989,M,M,3003827317,2CFSL,S
11892673,bc4bc166ac34a5336f257ac515c202d549cad0ff443e305b47af8f7bc53461c3,23/03/1981,M,M,3003827317,2CFSL,S
11838297,b13f6787f9c2ba960394c0aa195e6d64bf70e23f1178934b8705dabc17c839dc,25/04/1982,M,M,3003827317,2CFSL,S
11321557,e45c7a92d73b32a658e98efb75fecf3bfd1779dbbc94c6cfb23468344f12a467,27/04/1976,M,M,3003827317,2CFSL,S
10416763,834f5cc4978fb40fd6b16d92081ab8861797bd8fcabecbce4994936dfa796d4a,13/09/1999,M,M,3003827317,2CFSL,S
11158351,1d0f1f0d058b0f0d76b413b3200af84426d875133bffc4d2905331a64105b0e1,24/02/1988,M,M,3003827317,2CFSL,S
11877051,3b72e7a021353ea948e8bc118c7abb13279698125ab5587f17c6623278091d58,12/06/1987,M,M,3003827317,2CFSL,S
11399278,a10edb163f0162ea60d273451136522a8f949fd036ddd96d1fd28a636a033dbb,18/05/1987,M,M,3003827317,2CFSL,S
11419138,fef29b43aea03f9ea3e0472eb7aa37a2ab958e6b2cebac547950db9df45ab951,26/03/1988,M,M,3003827317,2CFSL,S
10360919,856902ce180027a2e36f1b1d3c3d51b28860e675ae6efd79a86ab1ebf88d03eb,07/08/2000,H,M,3003827317,2CFSL,S
10323618,52f7c9856304d755bbbd58bde452848ef3d95dcad03051f72aa63516e92f4578,14/01/2000,H,M,3003827317,2CFSL,S
10963934,cc1de5dd9d86d0f15dd51af3edfa690fd4293a7e363211796710b2bbed633262,05/01/1989,M,M,3003827317,2CFSL,S
11319435,5f2dd3f0922849f2fee67a64dc31700d0226705ae77d7c3724a9183e76c4f283,11/02/1977,M,M,3003827317,2CFSL,S
10653326,7977dcca176ea1e811d4399eaa1cd92ded320739a157867fd418a1cd8fea7143,23/03/1990,M,M,3003827317,2CFSL,S
10443245,6443f91c92df96f075d9357bdfa8d8063871b4a6765ce7aae8de49533f43f2f9,08/10/1997,M,M,3003827317,2CFSL,S
10596940,6362a2e6a4fc5a56fde34b8266b9cf5c017bf17c6221f222d60c0ce14b671b1e,12/05/1990,M,M,3003827317,2CFSL,S
11155614,3e9577a6f324503842fe126f132b56a5348c7afa92c3fb67ddc8370713846d30,16/05/1970,M,B,3003827324,1CFSM,S
10254647,fe36e99f9531213d9f405ad3126bbd11d4af9eeddba31d1fe4b8913edc3cb64b,06/08/1993,M,B,3003827324,1CFSM,S
11573223,88149921bd23f5306b13a1faa8f41ae6f9df1d8c0271adc2b9a78faf90c6f382,20/10/1989,M,B,3003827324,1CFSM,S
10354855,bf546ad8774cde4c74dfdec2fa688e5c7de159d1486e980652c5961cc6e1ba29,25/11/1993,M,M,3003827324,1CFSM,S
11875204,de88a746087cce72bcaeeee3ddd987d6888fadb0353696b0bb8e80f4d833442b,18/03/1988,M,M,3003827324,1CFSM,S
13248595,71acc038f42c6c25087f419e2776f3dac8103ef4249bf8c56f9a3d2c5dc53bf4,06/10/1977,M,M,3003827324,1CFSM,S
10419461,089b0d4b99e281a821c15fcad07eed956e7c39623a425357f5dbf091dbf50a37,08/05/1992,M,M,3003827324,1CFSM,S
12737880,84f4bf0c8cb68232e88ab3993cdcb1d4b90653a2e980708b9063b7d364d710c2,02/10/1978,M,M,3003827324,1CFSM,S
10454503,ef833de0cb19f6481b4d1aa0f7ce9e87321d342026b8bb598a92872bbc9623c6,04/01/1992,M,M,3003827324,1CFSM,S
10980328,a77ef5b93f0e9cda7c6074cd830eeb95c620c478a2ccb963c7b8b606e37d4b00,23/02/1978,M,M,3003827324,1CFSM,S
12568905,eef8d0f04448062534de7e0e9debffae4c61a62214c5772ff4958c023e6e0114,21/11/1984,H,M,3003827324,1CFSM,S
11572297,dc3844267e6f02cc9c0427f65a593bbfb0a7fa09ebb03dc77c40438f88053f7c,26/07/1971,H,M,3003827324,1CFSM,S
12731205,45d8294500d6ae2faf2dfba29121d9dceca7feeaec7946d45e085ade44663897,06/07/1973,M,M,3003827324,1CFSM,S
10735143,500c8bebdc401833574ef1a6ed9e559750711b51749efdd4090b8ec941239a5c,02/12/2003,M,M,3003827324,1CFSM,S
10816926,0bdb05e48c29b62f1378dfa2ffb2640fb2c888cf6b1ae764406c2444b25db1f2,13/09/2002,M,M,3003827324,1CFSM,S
10615696,ec398318d152077243e6967e8ac5467c39d3ae57b8d5218a0f01110a415daabc,16/07/1991,M,M,3003827324,1CFSM,S
10403903,a642dc1884a967e594959899f6acd0b38c57dfeba82107c60be3ac02a90aba32,16/08/1999,H,M,3003827324,1CFSM,S
11057251,a666873eb5cdbddff413f3bf22a04f01e6bd2551ec8a8d161f566a79e4dd4b97,28/07/1987,H,M,3003827324,1CFSM,S
11583817,a3d6ac3dc70fae52c74e37a9e099176a11275f94aa6169088b8861c9a95d3e01,17/01/1982,M,M,3003827324,1CFSM,S
12736324,11327ade31b8db22213a3209f4752aeeec4b954ff5b9e21a754b7efb945e08cf,19/09/1985,M,M,3003827324,1CFSM,S
10601480,86e0e3e631fc9e2a3a8f47758fc9bdc2ee00be8921c4dfe8017b455252cc845c,08/02/1991,M,M,3003827324,1CFSM,S
12058217,db8c5e4e1f0e04b17918b9a5123a8b42350f6348e8264357ec39dd8c534440e8,13/09/1991,H,B,3003828823,2CFSN,S
11254914,5e269ac706c2e793d2f7a6cf0bcbda469deb928acb4155f0278d944eaede7315,30/03/1973,H,M,3003828823,2CFSN,S
12433973,aa1052ee12f1042fdbf6c9770cbd0854aba6f94dacc06a97007615d2f4418d67,04/09/1971,M,M,3003828823,2CFSN,S
13163302,248d5403d60e41434badcf85f1b359862b2c3c2870f94c279f1d132a9e6e8576,04/06/1987,H,M,3003828823,2CFSN,S
10417697,55bd150c75346cb479d5ea119c5383c935acee4d3a02540d6e99145f4f9ffe29,25/03/1992,H,M,3003828823,2CFSN,S
10279324,f6a39ab49485c8e078fdcbe4f8b6e2d4d894103be0e884b4da377618e180d940,11/11/1996,H,M,3003828823,2CFSN,S
10277644,f0fcb8815784180cb5a92babe56cbe70b632fedcf7f6553c0bf9a4d57607c388,30/03/1995,H,M,3003828823,2CFSN,S
10293307,a6751271f8436f251929b3d25d3185903c9747e3b62122ae1be2fd398399d2db,14/10/1999,M,M,3003828823,2CFSN,S
10292823,7d5e52628e3294670ae5cd3d67f9cb682a7f783ae7a67466ed77701550937f01,01/08/1994,H,M,3003828823,2CFSN,S
13038074,50df896cad4c23f88261dccb96415261555921d9b3615dc443559b71290dfc65,24/03/1975,H,M,3003828823,2CFSN,S
10707674,2331bce64a1e1c1676c5b06b89b9071361dff91d7e5e9a469706d36fe809854e,25/11/2003,H,M,3003828823,2CFSN,S
10664873,3704283c8411dc38de21d1d13d182522d73285b7c48dc636ddbc5a4cfc06d0a6,24/11/2003,H,M,3003828823,2CFSN,S
10279526,b450415cfb23e41959506047b4d3b358523e8aabe8e8668a32449f3f42e78be6,10/07/1999,H,M,3003828823,2CFSN,S
10525745,0c5169f8b28897c512e97288684a7cf994a2bce81c3c0c4991c80073b0ecaadf,24/08/2002,M,M,3003828823,2CFSN,S
10264374,a4bdd170748f2f5cdece767752f1c20a266d0c02574ed9d8fa5d70ad46dd6837,18/04/1997,M,M,3003828823,2CFSN,S
11572662,f54f8e923cd0561f40eafa2219a7deb9a524e95028a3b07f6ef1f60a4cebf5ff,15/06/1977,M,M,3003828823,2CFSN,S
10943078,294b57d1636e7f2b591a73e0dcfeea1eaafcb421d227062e8ff32e84725caffa,17/01/1988,H,M,3003828823,2CFSN,S
10254372,bad79ee03f6ef564d3b962fed25eab81e6503197c1fd9bcd3c1ed74f2b82857f,23/05/1999,H,M,3003828823,2CFSN,S
10399819,180e367aea3ba00c4ce14579b250c09172c1f9666934739493c94991c969ecbe,16/03/1996,H,M,3003828823,2CFSN,S
12636390,ed0bfdd482fadcba2bcbef0d4c551f306ab11e15bf36f41247d9932dd5578392,10/11/1967,M,M,3003828823,2CFSN,S
10243350,6a292e0b44bff0dc9f43bfed9fd2bd7d3931501857bd0e5f6966dbbb798b9344,28/06/2000,H,M,3003827324,1CFSM,S
12717811,27a54bbf7b2d272cb9f53f1127d9a34a8eb13968e0973073e22bbdd7560bb18b,15/07/1980,H,M,3003828823,2CFSN,S
12459446,b57bfaeb06ba65babce05d4c0739a31c8513064a49d778846e96c3f568c7d96c,06/07/1970,M,M,3003829510,1CFMI,S
11158088,58f19db8a942f6879324aa03bb596c19709f29fab6141f864ce5db65b2331bde,31/08/1989,M,M,3003827317,2CFSL,S
10808367,53eadf21ab06a698795fbfeb06ff50ced5cb2c9a6d37bfc4c4e72d15798ed144,15/10/2006,M,M,3003829510,1CFMF,D
10428325,3982e536fcd9f30ddce016dc92a4bcb565c96305f4b2678c04115904c39b7ec8,22/07/2001,M,B,3003826611,2CFSD,D
10663109,2bcfb704e8d671c903b81b82897d3831eec9f9192c1eee806c1a10a8e7708107,24/07/2004,H,M,3003828767,2CFMC,D
10702296,f3f0145517358553c24bc7efb4b4a6ecd8ab4ffe2f0b1a0b8bba131e0b765dc6,30/08/2003,M,M,3003827317,2CFSA,D
10470240,7e02f682f857a21dd2de405b83dabecf63f2360676210e389f615b785409dcc1,22/10/1999,M,M,3003828900,2CFSC,D
10433643,2f817e2a1ce9a884a0685c3a9c288043dbb45228ab09e80006adf49a1542efa9,03/06/1994,H,M,3003822456,2CFSO,S
10805472,ed3b1af372a71f6ab1224a81542df1935f37c3534fedb6b882f09d8b2aaebbf0,16/05/2006,M,M,3003829510,1CFME,D
10510771,852edbbc4a7fe16867720056f5725323f2e45c86f6f7d671499883e62f3ce263,07/02/2002,H,M,3003822872,1CFSG,D
10819306,9666474eb9af9ac28d1cc831675f390f0c4c603a444d1fb3e004787abc438298,11/09/2003,H,B,3003827233,1CFMA,D
10533446,14a5d51270ed96125fb594421c6a17f9a1d4137978e2fef498f433f0f7ef2166,22/03/2002,H,M,3003828795,1CFSL,S
10485831,35a9220f3b855418fe8ade2ccbd4121691946254834c93c94771d924f80dd8cb,11/07/2005,M,M,3003822344,2CFMB,D
10689201,4eac63773fb2c38f409a7e0dac0cac5e05e16530be31a151b18b7dbdd5db3ad8,07/10/2005,H,M,3003822344,2CFMB,D
10247323,0b7b319838d39c037242bbf5277ea4a772abce145aa3a8db402c7e21957eb74a,09/01/1992,M,M,3003828788,2CFSH,D
10420918,eafbd6b47465d4b338c643d22d0d8770dd0264297003dbfac8c50b91ab3f851a,20/06/2000,M,M,3003826541,1CFSN,S
10344575,7c7222b105e0e75741b65614833da45a877ec93bb483a04c11bb092bda400550,29/07/1992,H,M,3003828760,1CFMD,S
10713910,0f0b51ddf5034ad7e797be9563acd8d2acc16dd57e7c2021752c42b36bea7780,12/10/2005,M,M,3003826541,1CFSJ,D
10321979,e93a02d301a7247dec6ae3cab1a708b43164628082a63cf648282e25f69fa500,12/05/2000,M,M,3003827324,1CFSM,S
10640914,c3dfa03c03b4360056392af8b7872acc00ab233c035c1f2159d59d13a167b2f9,20/04/2003,H,M,3003828788,2CFSH,D
10679700,999836b0b38e9780da3d1c2d3df28713b333b1a0e4950a4bbdcf4447116ffa69,21/07/2005,H,B,3003829629, ,D
10518298,36d88649288241e34ae9252cb360cb4ccba5f7c494219fbd5122a5ca2e5fbe08,25/09/2002,H,M,3003826611,2CFSD,D
10640431,f372ae9bf9b437d40f7b67360210475c76673fc9fdaddc75f5d7c92c6d0b0bd6,11/02/2005,M,B,3003822449,1CFSB,D
10679677,56402946b38d32203d3afd82b50f9d4ef964c618cf5a50ae2aa75eeb31eaee90,10/01/2004,H,M,3003828795,1CFSH,D
10358166,741c6bc56ac4fe87278ceb8ac52e54e029a467280e2cdeb7ecd202c6be23eeb8,16/11/2000,M,M,3003829510,1CFMI,S
10303629,b1f1c12374cd0e2f6549f2e7791dc3631d3ff917927215eb1018024c5adae68f,25/12/1995,M,M,3003822456,2CFSO,S
10707780,63f7cdacdcbea1a41aea056919d173448d4afef18acff1d2ef001e2330457da1,16/12/2003,M,M,3003829510,1CFME,D
10905442,4ba6aa6f933356e231153a0e3a4c7103ea6ade73ca73a3a4e0048c86a5d4e752,20/03/2007,H,M,3003829510,1CFME,D
10849040,426761f5a4d8340bb7f40bf7bc7d63e93070cf832fecbb85e92d1959941c417f,11/04/2006,M,M,3003829517,2CFMF,D
10698052,e45e9a10fabf908612f53d4a400ff7b6a3323eab1a33c2f2349e40d2cebe04a0,15/05/2004,H,M,3003829629,1CFSF,D
10640931,ebda3d2a82187892bc07f4e4f138472535d5fc9b68d28a9abc36d835bdca7920,21/01/2003,M,B,3003829636, ,D
10392520,c9f46582291461df27f0ab8aff73fb4d126bdb1e59e439ef6fea51bcaba5dfa6,17/03/2000,M,M,3003829636,2CFSF,D
10792560,d9c940c81936a88ca16922405797dad2b8d9e7dd77ccf1ebb1a5b62438d7ba79,02/05/2003,M,M,3003829636,2CFSF,D
10706031,6512fd5e4380694c5115db56b5954cb17fa363e9a8e838403c8da19b92d4eedb,27/04/2003,M,M,3003829636,2CFSF,D
10842144,9f06b9246565886eccc157e27862f030095c38ef61c4de4771ca7ab1ac28b313,27/05/2004,M,M,3003826611,2CFSD,D
10707825,28bb1c390dd86ddfb62d49195d73ac3c7e882bf6fd1f76d9de55d71470e6bafc,15/12/2004,M,M,3003826625,1CFSE,D
10780758,28495c0d4a526bdee0c0b73b4da23713cc52f2e4b061a6ef1d7c572ad508ff6d,07/01/2006,M,M,3003826625,1CFSE,D
10851064,4a0714a42a654182f1163b73f0adc779e67ace2e1a44f631cd8a9f5d83466c78,20/02/2006,H,M,3003822337,1CFMB,D
10799147,bcf01e0ce3e928846f404b80c7ff1d9f9b4aac94f1775146fbecf231b4e57f37,10/10/2006,M,M,3003822344,2CFMB,D
10766479,6866f5c0c3750f79c0e5d5e30f747b4be8a051569136c7952485417eb19dc109,11/10/2006,H,M,3003822344,2CFMB,D
10742994,86b571d61a2051286f21e0be40a3c93be5f8e54650b5c47cc6ba6fbc1e4832e4,20/03/2005,M,M,3003822344,2CFMB,D
10022321,a3d1df0c21339fef112044c706fd6d8e6637285aac4b0a53c14bb6dc0f2c2aa6,01/12/2003,M,M,3003822407,2CFSI,D
10397145,53bf4d312b8479ade0ae36a9f7edff51b7d5fbe6e8b23d285480266fae31c34e,25/05/1990,M,M,3003822414,1CFSI,D
10707845,31620927e9996c64777dc17da6898c2ff3d6c5c0449f6a57b75761408ae76ed9,23/04/2004,M,M,3003822449,1CFSB,D
10850813,529131dc986c6259209f078523f135c9824832c3121ba440874d8d3ab97c6ea2,18/02/2004,H,M,3003822456,2CFSB,D
10353205,66a19c9f8045081148b3c690f32191f121376473581a4e2d9999c036c2dfc464,26/04/2001,H,M,3003828705,1CESIAB,D
10706145,c6afbde36cb852389f29a570819191e2731eee54c1fb6ec0663f3e13389f4ddd,09/05/2005,H,B,3003827233,1CFMA,D
10762343,34a1801051ef7f60c74871d6879769d8cd1d5adb22ada1969c75e50cdd736d67,12/04/2006,H,M,3003828767,2CFMC,D
10574443,4a75eb60c681710d181e9723f72611918c26f74d04cdf8c0807afeb5b08900a9,02/06/2002,H,M,3003828788,2CFSH,D
10249394,d94500b470919e987e407fff7594fb2562f40026920a3ea9f0284ac28a76d9be,19/07/2000,H,M,3003828788,2CFSH,D
10676208,1b98b3a34b0af2846633afae341c421d7c45dd27a87a66c2d5fa00ddf183b375,30/12/2003,H,M,3003828788,2CFSH,D
13038816,ce1133426cb892e00adaea0f33cdf1ab2332f796c9d40ef0ecafd8b178e18fde,02/10/1986,H,M,3003828788,2CFSH,D
10254986,8b6f018db1a6eeb0c688db96d879d39ce0c8c4a0ee00f3cd7707bc96baf9a391,06/05/1996,H,M,3003828795,1CFSH,D
10679054,2d2525a79b4567a6eabf91f341b43c8fbaf8b840aaa9f50575e80dd4a8585bc8,01/04/2004,M,B,3003822872,1CFSG,D
10635795,139dd6ff37ff4f79cd4c00db75a7a9c7fb5fed138ae67fb348919f3f75838b7e,16/05/2005,M,B,3003822872,1CFSG,D
11251858,b9243a06abe514e939db831016268e175a95920f449a00cbbfc71d7bb67268bf,05/12/2000,M,M,3003822872,1CFSG,D
10709718,31fc71f408d138a9e097ea974e3cd4f512b926d855c77e663f243f0b482a3898,20/04/2004,M,M,3003822872,1CFSG,D
10779826,7c1bdf404cce3deb3fbc15cf419e07698f931908eb93b7fe612b5efe096f8d85,19/02/2003,H,M,3003827317,2CFSA,D
10308888,4cad5b2c41c9cdd00b77186f090813cd6f293b0578862b0d34f5f0d38346440b,10/01/1999,H,M,3003827317,2CFSA,D
10707834,150d9f1df548eecefbf68bdc6d6a6e2dd58f05903b22518ad2b9e1df7beeb5ff,29/07/2004,M,M,3003827317,2CFSA,D
10018398,d2d7ed3c260db0d854302f6a36174bc614fa38a407072e8907a001b045358de5,26/11/2003,H,M,3003827317,2CFSA,D
10705909,7241c183b9784b2143d9c2fca1fa5d8faeb609d1117d45184a8468f38529cdab,26/06/2004,M,M,3003827317,2CFSA,D
10832107,20b15128d8ac0bb7cdead804cb8e2178241b5dc6d4397923d76b2c926dadad9e,19/01/2004,H,M,3003828893,1CFSC,D
10707778,d8f2a94a7e9e9a95be72715c9e8006d76ad26690d58a364b662046938830f634,02/03/2003,H,M,3003828900,2CFSC,D
10279375,dc31303c2c91235a3195d5eecd87fc24b51df48fc4cc018013e4eb8248379778,29/09/2001,H,M,3003828900,2CFSC,D
10640918,efae4963c45d8b4543119f6ab903e22f12992c9527e2e4a32fe8932f2258d59f,26/04/2003,H,M,3003828900,2CFSC,D
10597404,21e17f67c4dc7153c0b361590f95787626e0b1144ea31a02df6544d858c0cbed,21/08/1989,M,M,3003829510,1CFMI,S
10736212,c026de84181f948c78a0f74216774fd306772b00c0a9c362fb82b1aef2955d01,30/11/2005,M,M,3003822449,1CFSP,S
10296770,879b23f92cdde02b05f3cc9b3c672efdf3ca4d11a7865da082a159c2c6675be0,23/01/1996,M,M,3003822449,1CFSP,S
10818173,560d05f69ad09aaff6488d484603229aea4268ac812d3f27e0054214b194d171,02/10/2004,M,B,3003822456,2CFSO,S
10431853,2fd39fa041dd8bc34a635b3a64df04df7a29496f884d9f1484a0b0d11af03ff3,07/09/1990,M,M,3003827233,1CFMG,S
12936130,999e826100f5bd989c581caf0bdfb0fb68a31c8909f81319a2dac3599342e744,06/05/1967,H,M,3003828767,2CFMH,S
13031141,60b0a4d572f1d572c998e10d94b2f10d4aca25b21826a1e59e5297b02ca8f212,14/07/1972,H,M,3003828767,2CFMH,S
10351465,5382d5a9790eef40c6870bbd0b13a4c458a2d66f4277e2feb2b32a2c152a818e,01/10/1991,H,M,3003828767,2CFMH,S
10942415,78f64a96419744ebb690182cfc0e54d7acbdfa903a4a23bcc43d31384e88c051,27/05/1989,M,M,3003827317,2CFSL,S
10434391,93dc3ffd847bab1f7e288050e35d4a24765f1c502991e9c1d850a308202dbf0b,10/05/1993,M,M,3003827317,2CFSL,S
10358712,c2b82a6c0a76c17e2aa06cc97d036480a7bb4881e8de40ce0e743fee85343f24,03/04/1998,M,B,3003827324,1CFSM,S
10326385,467d4032af0fdf2dd925692141c0a32e23134e68d97f1f6ae2dde2c8620990b3,01/01/1996,H,M,3003828823,2CFSN,S
10470608,3c63a5676cd4d6a0efc855eb5941bf14ec6780c07e79cac5e96b40a00aa05593,24/08/1994,M,M,3003828823,2CFSN,S
11495623,bf8f65a36c412035361cd4dc01779c4f5198e7fcdff1205b53b1aeea6ff33901,03/06/1978,M,M,3003829510,1CFMF,D
10897205,357439e324b4f2204ebfce0e6d0608c828fd7d45f754573b3682827f3a57e0ab,26/05/2007,H,M,3003822337,1CFMB,D
10509826,56175f9469eda1db07e51ff1a4c02736dd92f9deb7a1ec37ea1c2a5bb24e4b40,09/03/2002,H,M,3003827324,1CFSA,D
10699672,a01974bb6d9394eea30e6c9d7e8aeeafa5fbdf05cc475619b7fe5767afa65710,13/05/2005,M,M,3003826604,1CFSD,D
10662076,3a382c6e367cc2d0d99b9e6915881ae389d3b1d955f81700cf1713b8a3c8630c,14/04/1991,H,M,3003827324,1CFSM,S
11782852,03a0179e485a478ac1c6a908259c41e7fc29ed0201e2631e8652bb043cdf08fc,26/01/1975,M,M,3003828788,2CFSH,D
10857822,4cc994246748b17eed4dc171a717899022109cfe405c21dab1900d95557af39a,29/09/2006,M,M,3003829517,2CFMF,D
10017144,c2c9a9c2ab2992c3f0cba990544fa9b4300259899536b375f502504847216cf6,29/03/2005,M,B,3003829629,1CFSK,D
10274804,35d490524998c3d1f6534dae5499ea1ef39ccdd6a77b4582c88ba2a1be1e9ff2,13/10/1997,M,M,3003826611,2CFSD,D
10488332,eb1833f00376b1b83fee0ac63ba895b603cc7d398d0950646400a6f031db93b0,16/02/2004,H,M,3003826632,2CFSE,D
10489583,2b4c383e1ae913752708a05ae192971886db7b855ff983154cf2d974dce3267c,09/08/2003,H,M,3003828795,1CFSH,D
11237080,ddaa4a0f471daa32eb1d1537b894e75e3a5a4f5b1d47beb83040d4505ddd12ce,17/03/1979,M,M,3003829510,1CFMI,S
13031606,cb5c2576f1302881c2a49e9203e326fdc0ec821e1e0d3b5936ce4167ffac2ec9,05/03/1981,H,M,3003828767,2CFMH,S
11335638,f93a2e52129a0a4f21c4f21ed2b88310d044236e3a1dffa2edf933da8e7886ea,17/12/1987,M,M,3003827324,1CFSA,D
10021939,ce74d517031b06fb2a681f5a5c1e32c1a79d7429cdf92bd898add3941c85453d,04/04/2003,H,M,3003828795,1CFSL,S
10852247,6f41bb7e1d5d9bd8008e3016f2b0ee1d33771b68bc78c48c2cd8dc3302a9a025,06/09/2002,H,M,3003828795,1CFSL,S
10699260,f3c22e95d7cc80721ceed585946999ddf9f05ec7dd1600ae86d25f99290429de,19/06/2005,M,M,3003829517,2CFMK,D
10705935,9feb839a50d01fc90962a8cb0555d3f6661cffc9067405c0b2c954b53a82416c,15/06/2005,M,B,3003829629, ,D
12447243,cff2a0b38de83eed3587bce5a26f0eba156fa74408499919ebf5e189f32baf11,08/12/2002,H,M,3003828705,1CESIAB,D
10362119,a3621af0eac0ad1affebb4d632f319b7bf72c58f93d7e876c870ba443c01a607,02/03/2001,H,M,3003828795,1CFSH,D
12095826,f9605cd6ed90ef4ddf67f58e95cb38d618545cb6e7abad6d8edb30e5ed3365da,20/05/1977,M,M,3003827317,2CFSL,S
10906957,02aec79ca8cb4e061e908c316154312626c2d5963148b3f9dc91eabd8e59fcfd,13/07/2006,M,M,3003827240,2CFMA,D
13288446,369722c444e817a2e3d20ba6d17a248337ee7f82a48a2e890d6a80941bdfb408,28/06/1997,H,M,3003822414,1CFSI,D
10687382,b90554eb57d9b757f50a38e76108bacfa9f78f57e42a85b5af00c037f12f8ddb,30/06/2003,H,M,3003828893,1CFSC,D
12424432,4b749ab09a370e0cbc3e588b56624877c9bafe6d250491f821e094511a54a258,10/11/1989,H,M,3003822449,1CFSP,S
13249466,20b1d2006d16ca21157d4a5d15ad95c35153410496e79bdbb0fc22de010fbffd,26/10/1976,M,M,3003822449,1CFSP,S
13038149,37ff7e86f63b6558aa022068d4a2c3cee5e4b77b9e5d890d82aca842fe000fef,03/08/1995,H,M,3003828823,2CFSN,S
11744370,c353e7968a996fd555895d3f7c3bb0f28d56ae52a165d469a790e5fffd2e3415,03/09/1978,H,M,3003822879,2CFSG,D
10967233,3a8e5b657a91109537c2e3bfa10693b9af29cb5eaa395c80acfd1d62de95bd85,13/10/1995,M,M,3003827317,2CFSL,S
10279159,2e3bd4de0336ce6adbda99b73a85263ab1c5bbe61a7c02917790533f2245ef4f,31/05/2001,H,M,3003827324,1CFSM,S
13240658,d9102165c86be4f033b648443dc4b65131cb3b3dfb38f44dc8fa0b6d14a3de17,22/11/1977,M,M,3003829510,1CFME,D
10678320,9ca8213888001a40cda2456816d0031ac01e255d4c6a70c62d5141d7850b22da,22/05/2003,M,M,3003829517,2CFME,D
11667242,25e6c96bfdd07f78677612d6bedef1873754adee8c3a6652f53502cbadc2f1ac,16/08/2006,M,M,3003822337,1CFMB,D
11415977,baecb014391f81e57cf56046d6e8f7c61523ce3f60d84be1916f790b8d5ed11a,18/07/2003,M,M,3003828900,2CFSC,D
12938752,eefdf9e4e9db74882f6bb2a12371a57780a71998df64b8e6c2fb37817591dfa8,02/05/1966,M,M,3003829510,1CFME,D
10862231,23eaff176d061c8227ff74cc5f2a3d443fdb785dd547e9a87620651db660e9da,15/05/2004,M,M,3003826632,2CFSE,D
12719809,7194121950d78aabe4b2f5de8646eccefcbe33437201d97fe329543b6ce56740,30/01/2005,M,M,3003822449,1CFSB,D
13038386,d3900b44ea81bdcd0d6915b03f553fa05265f170c7d211963020faf3d2c4fc64,14/09/1999,H,M,3003822879,2CFSG,D
13255314,203710bd7b22342621fe87cc408c8ad15d546b2c62fe13635dd4e2e837de839c,14/11/1991,M,M,3003829510,1CFMI,S
13034970,98d77a9928e19ed918086885e8b87c9fb70f4911d52105a47aed66ec779634ed,20/12/1991,H,M,3003826548,2CFSM,S
12587239,85beeb5f1a83bae66fa25fc0be05864bedebfbefc95f271939a40e3bd2b2621e,30/04/1992,H,M,3003828795,1CFSL,S
11894954,23ba30004ae88ea9e21523c1f4c6994ec0b5e3354ebf7006ed38fa602852c056,16/07/1994,M,M,3003827317,2CFSL,S
11765219,b495435dd05d796f2323a71565a0f62b26b17693f271279ff80212aae52b1504,10/06/1980,M,B,3003829636,2CFSF,D
11349452,a8d63a794c6b08a797fea16c70168b8f31d0e8ee856b27bd4a12dda48aef6fff,10/10/1979,H,M,3003827233,1CFMG,S
12737895,262afae3315445afd4cadbe9c60aff151a041f8f498042089904532335b751a0,23/12/1983,H,M,3003829517,2CFMF,D
11672699,2f5254a79ac1bd1f25551645e199f20cb5a9256293cd0b5598baae80e0d906d0,04/05/2001,H,M,3003827317,2CFSA,D
12608298,f2c90e8be63cd59c155db209dbe3c9dd6cd49277c22bb6bdbd78c5f031212801,24/06/2003,M,M,3003829636,2CFSK,D
12675110,770f8cbf449c360065afb287ff93cc13a11ee5fe19086428bddc3d2ca4cea4c3,27/11/1970,M,M,3003826548,2CFSJ,D
10411178,a4b5c188bf8acad9bd6c9985086986e844e650a228653771275513e63218e9b3,15/08/2001,M,M,3003826604,1CFSD,D
10431067,0b0740f89786da89b7bb3782c8a15cf3513e9dea7cc3c5bc8c26f5dcd0dd9f84,23/04/1998,M,M,3003822449,1CFSP,S
11877392,25a182a0780c4e2b1ab5b6ad02a889cf19ced06683c3ff95f872ef952e1d989f,01/10/1994,M,M,3003827317,2CFSL,S
10394874,cd67c1a54485f0934b3ed434eb0812cb5ae88a9482155fd74f5973951df5cc22,04/05/1995,H,M,3003822879,2CFSG,D
12615337,d715c8c36af78391dd9cbf96739c0c47f1dc8e158f243ad31b78ee954711fe30,27/09/2001,H,B,3003822414,1CFSI,D
13040510,10a3a3188134f58eabe91dd2167f99a4a805f844f1a2553fc0ed262324831aac,16/10/1979,M,M,3003822456,2CFSO,S
13035483,5967a9328ca049c962f691f2297f42d4da2e2e8ee8bb76a7d6a762e9bac07a46,01/05/2003,M,M,3003826611,2CFSD,D
11831183,271b860cf61abf276d9e3679e9084a33deab63299a5842a74cc695b33e99a17a,16/06/2005,H,M,3003829629,1CFSK,D
12558926,205352a5c10738aa819e052f7416bce9d9c684f20c213d04b2106e05e62cc0f4,29/05/2001,M,M,3003829629,1CFSK,D
10386780,7790fab2f8e50cd4c0f1af149d20ac87a7a535d770a77dc6219b637ef0680247,19/01/1998,M,M,3003829636,2CFSF,D
11032354,42dd3a28da67f846b4307c4d277ce43e1772c0cf4654fc8933afd7f692ed6106,09/05/2003,M,M,3003829636,2CFSF,D
13055004,1f54e40ed1b342390fe665cae988e747249636b01e693b22459c117e9739772d,26/04/1987,M,M,3003826611,2CFSD,D
10713451,25a450da8e08fb3e4227e49793575c7349b07f117660569536dd930487357402,05/02/2003,M,M,3003826632,2CFSE,D
13009966,73746f8ee168b93211f9a8ea10a75b72f8c96314c35b86eb86751976e9312757,05/11/1998,M,M,3003822407,2CFSI,D
10390554,5f94690141da789ba484a018ad21eddff9dbb5e1c30e264d44647bf9f197dc4e,03/08/2000,H,M,3003828760,1CFMC,D
10266898,4a504a55e2af6a7eaea1cc7afd2750bd8e9d0362fec82dc7eec9bfa76b1f6a3c,09/08/1994,M,M,3003822872,1CFSG,D
10688217,f07d2d75dd513f692bceb6cc94905a2cbf1f61c4c7d56f721e902008b003a0b0,12/11/2003,M,M,3003827317,2CFSA,D
10420607,8e8fb6f404770d722fabcd0becf34072c79d4a0228f3f136aed54e12e6243049,11/06/1996,M,M,3003829510,1CFMI,S
10410324,eb338b4bb05f8a8ad696c16212b22e909e130ae70b4ffb19c4c876cbf4469b71,19/03/1998,M,M,3003827240,2CFMG,S
10399842,fb56a4a59edf2ecf3f6b3adbdffe6330d97f1880e003732f4ffe348dfe2beae9,11/12/1999,M,M,3003828795,1CFSL,S
13038756,f678a355e7b3c508355ce8dca3598ff543a0ad8688fc8b3f1eddc785ddaa340c,03/04/1975,M,M,3003827317,2CFSL,S
11619741,51861b1e90612ba5a62e99ed554fce5d3eedbf4e7342ab4b7b80a015924df7d7,24/12/1988,M,M,3003829510,1CFMI,S
11148339,eb494c2bd3b35ea0fce569a409d7596d043dd63ac9b32c44a89f9ce4095545ff,17/04/1981,M,M,3003828767,2CFMH,S
10794192,356a74d79265a5d5439b009a1a8353cb80ba3455707dd9edd7ce1ff4eb10b1af,12/03/2003,M,B,3003826604,1CFSD,D
11170823,01459e0eb13ad499ef963a1e021be5d940b029c360e1884ff9186adc51433f68,26/09/1988,M,M,3003827324,1CFSM,S
11797683,897cc72c46b8e06132d6629f185d8a341e5c63769143bdeb9479b8a045ea903f,22/01/1982,M,B,3003829629,1CFSK,D
10652405,9d605434a367166666f13801402fd5a1b5ffdfdf1944965e261c7bc3ade8b73d,17/02/2005,H,M,3003829629,1CFSK,D
11645686,bf24539069333f9e02af6b9138200106f2d0c5794ca92a201e081ede96f3ba1c,11/07/2003,M,M,3003822456,2CFSB,D
12739113,8447693be37a526bcf7400172b829c4f40aeec0de38916aa73b78d3d8534ee60,14/10/1991,M,M,3003829510,1CFMI,S
10314841,64923e20d1633bf939a1bb35445d691c8fb6b24b131f06bc6d95a8565c449293,01/04/1995,M,M,3003827240,2CFMG,S
13263612,c0fe436ab48af1fdada95f3e3766ce78d5a781fa3f999527456be39d28c23bf5,23/05/1990,M,M,3003827240,2CFMG,S
13263634,10eca7042c506e8bcdd0823039936d807360944a143437c173b82abc6be5b995,13/11/1988,H,M,3003827240,2CFMG,S
11237273,2ee62933478c82653cd2589d55e2a980f681d82ba5b27291a20f3b5e0b481b35,07/11/1977,H,B,3003828760,1CFMD,S
11436762,48f0afd22c48cffae3a8d36907ff22e78f5f8114355104a9ca14999cf0fa7860,18/09/1987,M,B,3003828767,2CFMH,S
11230530,3ebd0190b893a3666c9ed82a9e52b88c0632b5eae84a12ad07c271fce25ebe38,09/07/1996,M,M,3003827317,2CFSL,S
11489632,cf1c31857cb1fb26e08b4b68ea43ca540a9cb0231eceef4784d5e89dcfbdbd9d,06/06/1988,M,M,3003827317,2CFSL,S
13248215,74bad58d61842f88bdcf94e2b16274d5945d6ebc0f904622e5703f177fdf066b,05/05/1979,M,M,3003827324,1CFSM,S
11166752,8dd293068f501eeef7c8ed1387468d94ded51f9f46a581c840fc1ac7da387d19,04/06/1992,M,M,3003829517,2CFMF,D
10932086,56927550047e1d93c4fd40fdd0304c4dfe5cae6f971e581e09e016c5ab764876,06/10/2006,M,M,3003827233,1CFMA,D
10436905,1ac2a784c0db3882ebecfa191dc0eb980896b9b2c66d6ed1feaaa1f8fd2b9ef7,13/10/1998,M,M,3003829510,1CFME,D
12736051,0f9dce867bf42a89f1827623cd7d65c8adb2da0c88080d1cc1261790ab8e982b,11/04/1990,M,M,3003829636,2CFSK,D
11896089,05500ee478e2b8da591de42e49f91200f5a26168c5a5cebf0edf3305d9388a91,05/05/1998,M,M,3003829636,2CFSK,D
10414797,6b254b69fb661f691be03cd050e585982b50d9a9af36a2483ff30bf51b4b0d3d,29/12/1999,M,M,3003822456,2CFSB,D
10439782,3504127f63b075c711de243d3e8956bb893e3c030585b6dc26bf568a95050caa,12/12/1992,H,M,3003822879,2CFSG,D
12857786,091b7f7ae42596956f9e525a66a3fd91398bcc416402a7caca94b851a339016f,29/07/1992,M,M,3003822449,1CFSP,S
10678827,4ec5c02ca9831ea38dd0f74dd2775546439799db632e5fe54f7aca28fd9899ad,28/05/1998,H,M,3003829636,2CFSF,D
10691103,018e39631e8b8e6e71dbc02257692f153a074d882402f6f2231989a2fb0a0712,05/10/2004,M,M,3003829636,2CFSF,D
11784894,74383c2d3486059fab235cc4363296448ed4634c0b25bb0e18393d98d4304e53,02/09/1999,M,B,3003826625,1CFSE,D
12731818,b3afc2eed7678fdda1eabb060a825495784e91fea9ced08eeb4c42809efe994a,23/07/1980,M,B,3003822337,1CFMB,D
10323951,4dd6765cbe12c7a541fc805272e1d535ea42c3025d357cd649ca5ddf4b192c70,19/08/1991,M,M,3003822414,1CFSI,D
11088015,46da82499544159046d25dbee492e49f39ca54cfb42c335210648f672e7a4a47,03/09/2004,H,M,3003828788,2CFSH,D
10380889,3e173125b14487ad0ecd341145a5164877359f0218847301be2bbde5d92c465d,20/03/1996,H,M,3003828900,2CFSC,D
12475891,8a96e8a639fb2e823d07221e4b36a08a52aec53f6a135e6ab5b643a075e5c1db,02/12/1976,M,B,3003826541,1CFSN,S
10320146,3e3cc11f17541a7ac33df653fdd8888f0f9e677dfc69b7c768588f436f7aaca8,27/11/1997,M,M,3003822456,2CFSO,S
12736376,8877d0f1afb606d1fae2e25d7b548306a22f446f97f747cf4ce2355480cc5cfd,05/08/1980,H,M,3003827240,2CFMG,S
11639721,7bd97db6828db22c94a9473a2f88a0bbe2d7237d7d5838986c1b0cf4c4bc0788,23/12/2001,M,B,3003827324,1CFSM,S
13242362,b3d7eec7c4619a5a07e7828f921620d25d68f103bc497c276ef751ed014c8d4c,17/09/1975,M,M,3003827324,1CFSM,S
12736641,a2f5246ec78a5e23c5d01e399ff21ee8d7a84ba29fcb5cd2c9e8c73d06e66477,22/01/1989,H,M,3003828767,2CFMH,S
11791043,3d18238d1da092f9f7b92342dc08fba35e7826e3542f3f3a18556cd7924cfdf9,13/06/1978,M,M,3003829517,2CFME,D
10976329,7ae0e83cd7f510e7bb1b5e1e99bfa92db77301d2b97e85f76a19032e7ed2b0b8,06/10/1994,M,M,3003828823,2CFSN,S
12736492,c63d7ac71a092fb7d23f54eae62eb34c573eb289d20f65d58df3a2a2450a1a5a,28/07/1972,M,M,3003829517,2CFMF,D
11487403,9f1ffc839ede33da7013373f361d7caa629799a579dd88be3745bf25f7cdee4f,04/06/1968,M,M,3003829510,1CFMI,S
11569585,ab171ace385143b3fe3eefa57cff39ef4285b79c3ddb39ab0ff33570c55d7462,11/07/1984,M,M,3003827240,2CFMG,S
10283255,32c8263741581a30097c6461e19195fbe8ca76850b410482ecd5cedd11199a4c,28/07/1999,H,M,3003828760,1CFMD,S
12066525,2d9f1b59b6976fad92c068f08894b1c11f14aa8435e3fe0abb1688d1709b9e41,29/06/1971,M,M,3003822407,2CFSI,D
11342693,c172d6ea7a7615466c6ae2222729727c85b5aee4666281eaaf2edde15dbb793d,24/09/1999,M,M,3003826611,2CFSD,D
11088071,0cbbf6a786ed5ebb39df44ffe6287713716bec71900b2420679e155d423431ec,01/11/2004,H,M,3003828767,2CFMC,D
11261849,7165b93a1417058cc4eac74fba714370aeb2f71ebb28a9ba4d0bec2f72c16f04,11/09/2003,M,M,3003829510,1CFMF,D
10027669,bb879c513928b3d89a0cf34e406ec5fb8d969396bc7e6e197aa3dc3d10a6cb15,20/03/2002,H,M,3003828767,2CFMC,D
11569504,0491ff84edb7c8e55d6a14170b71fff65032b1b790ab39d10fcddc01fd276fe4,28/11/1995,M,M,3003827317,2CFSA,D
12832437,5ae7a67322dffab325ec62f58abd61d8721d4509f697125f86f02b259af0a085,10/07/1985,M,M,3003827233,1CFMG,S
11092655,ee7a6ba62d2e851c087b304ba553b4ae97aef3f07b5676b7a2b584dc4d3eef95,16/07/2004,M,M,3003829517,2CFMK,D
11702324,f6491ad09c290be85b7890255b222b986550ca8ed06488a052d4157dbd47bf4a,11/04/2003,M,M,3003822879,2CFSG,D
12736451,cde1ecf530653133237240d28d94b5b18d89ef3f3078937d2bf738eb88de2e95,11/11/2001,H,M,3003822344,2CFMB,D
13281830,baa47724ac81637805c3f4527e9475301b48ad539e8e98c9e0a08e2112a7b82d,24/05/2004,M,M,3003829629,1CFSK,D
11167937,0011bdacb6fe6c27fb271fe7a3d929b61a972d5373480a51e2ad0135c95841a0,28/10/1978,M,M,3003829636,2CFSK,D
10654890,df08dd234e8c8299fdef6a3393ec4c2a624781b6bf55a57a08a1872b7e3e2d02,12/07/2004,M,M,3003826632,2CFSE,D
10514849,d32d14abcaffc27dd22a6c7e733a0446de6b2ab878cf521a1370d496dcacc04b,15/05/2002,M,M,3003822879,2CFSG,D
11324910,c0dcc5ff6e9995b490980f67a0abaf3c4277cc4f9f4cfd13a4b7ff1ad036e568,26/07/1989,H,M,3003822879,2CFSG,D
11084633,1507cc52b4de794441a64305b1371331c5e16d64b2725a246919af8f64bbc46a,07/04/2002,H,B,3003828691,1CESCIB,D
12837351,a629d2030385db5248757af79e6bff46731884ae63a79cc8cbafda9d950afb5c,28/05/1978,M,M,3003829510,1CFME,D
11262097,754cad083ca85ab372b851384dd990d5674c95fd976547873485f51ce994fd79,22/09/2003,M,M,3003827324,1CFSA,D
10392662,203c2b1e479d0deeed3d4cfd2ea9eee08b7ee45a78915e5e1aeac721c82a7b73,29/05/2001,H,M,3003828760,1CFMD,S
13245317,d023f424c653d70df3121bb2dac3b7bf2f7a5bc8b4391ad2432deef3ed356ecd,07/02/1987,M,M,3003829510,1CFMI,S
11778439,e4e356b4da28686702fe4b433233857791dbbcd36d669bd90942a2cd131bd150,27/02/1995,H,M,3003828795,1CFSL,S
11906470,1a6f4aa9a86391bc52763bbfda37dcff1861f6e40f88243d7e7f382996ffc55d,20/03/1987,M,M,3003829517,2CFME,D
12731434,898d364236876a04571f93ddff48e46e815312fd1af88943dbfce1d172f11978,06/01/1976,M,M,3003829517,2CFMF,D
11490170,a1e55e143083239062cd7d9dfb5910953796e1bee6fda8dfb94cbe9c5371cb7e,08/09/1978,M,M,3003829517,2CFMK,D
10865461,b4c6894712fc0c59c55510fa24134425850bfea2f424ed585b6fa6a79eb0dc87,27/02/2004,M,M,3003829636,2CFSK,D
12472350,09b5e52b08cd7ea20898793de6a2dbbe46f38a81b0a7a32614bae467f3fd0749,28/04/2005,H,M,3003826625,1CFSE,D
13242371,882b17d9263aa27aa495561c564b7a95da9d67f325819ceaa624a08a6092d831,01/11/1992,M,M,3003822449,1CFSP,S
11571793,1fa8652a7503b8ad043a10b35dd266a1ce68ed63709fcfdb46fc826f0ce22bfc,12/06/1985,H,M,3003828760,1CFMD,S
10313709,035aa2588894ecc5d8b8169f67e4d7faf3a49df0a9ad2e5a56e0a1e9b9141933,11/07/1997,H,M,3003822456,2CFSO,S
12739162,7287ae2ff039d9de221dff717424797fa63ad9343af48392802dccf3f011d4af,15/04/1984,M,M,3003826548,2CFSM,S
11232435,5c57e18704ba294b32ea6500e69584e45750a0d90eb434cd3a3478705e691b81,18/06/1976,M,B,3003827324,1CFSM,S
10495929,c172d6ea7a7615466c6ae2222729727c85b5aee4666281eaaf2edde15dbb793d,09/07/2002,M,M,3003826611,2CFSD,D
10312908,acd017c165831e7da8e98c91162a0acfa2ec418d7b2860726873d04477604757,11/05/1998,M,M,3003826548,2CFSJ,D
10965828,217d1872dd21176669d5158763211719fc4076b645af1b9f50f351c52edf30b1,06/03/1993,H,M,3003828795,1CFSL,S
10863602,627d239e2dcdd8cbda7fa12409a748ca8a20e25eab3d2a24c4ce55662876a802,13/10/2005,M,B,3003826604,1CFSD,D
10664778,b1908b08e0f5dc19d9f417b59a8edcdb203c27490132e9e6ce9330c9b7e781f1,17/12/2003,M,M,3003822449,1CFSB,D
11549816,4e0f34c1e071669007a869532fb691e8eb54dee3ec43238d05aff8f543bbc11e,17/12/1980,M,M,3003829510,1CFMI,S
12738950,ab4cbdcb17bcf505fe868fde8ea188803eea2f247842bf68fbeb6cbc058f46e1,19/07/1991,M,M,3003826548,2CFSM,S
13297778,950eee733e6df03a435646c689dba3c2f347380387f712c680e0c11e8b334d9e,03/01/2004,H,M,3003822414,1CFSI,D
11074029,16760f572e5e4c1ea4b0a392ed0c51fa6004035f3b227f692929faf1e65082da,23/08/2004,H,M,3003822414,1CFSI,D
10123639,2c21f763ad87c86f834dfe0bcbcffefd0a360dc08a850d7539198a926edcf624,24/10/1994,M,M,3003822456,2CFSB,D
11825237,50229af4e03564bb3aa4a01d5b1eb091601d762d6a424d51e655599d6c768528,19/07/2004,H,M,3003827324,1CFSA,D
12400744,256e4c9e6af00b6d0015b228162c75c549a44984b927000b99bd5dfb1d85ba66,31/01/1982,M,M,3003827317,2CFSL,S
12793270,2ea9f9777ac89a845aa92b0dbb235554b6fcbd8f191412939c9de57b3a8d4c5c,16/04/1965,M,M,3003826548,2CFSM,S
12636671,6bb65497bbebbc55a5737d814ecc2dfaab1f8280e27918dc74af6e33c88c461f,10/08/1999,H,M,3003822456,2CFSO,S
11832836,58ac13f634c3d5055d3f55a73234dc856ff559e07cccbcf02f7a8c8585937a67,13/07/2005,M,B,3003826625,1CFSE,D
11632133,ffd10a999e9a8adb2cbf7984c8472e9ea3642c610281d14195d76ff030e3c264,06/04/2005,M,M,3003826625,1CFSE,D
12852892,84d32f50f0d416b7a0202b7ae8c3915ac4876f236c25e35831e2b86e90193f84,16/02/2004,M,M,3003826632,2CFSE,D
11802825,f1349faaa975056cbc99ddeceab92a5540588743a3aad5600fdd9eb04c804789,17/08/2006,M,M,3003827233,1CFMA,D
13282224,2cc9e8b78108d62d6031f0d0ad97cba339e8f2392dde70e8e5c1491bd74b781c,31/12/2003,H,M,3003827324,1CFSA,D
11501644,daf3297612b299f4c8ba166118008bfc7cdb76078e123ed9f4ecbb4ebc1218f9,09/03/2003,M,M,3003822879,2CFSG,D
11646742,692902d6b268477d63bb004245e7d9165a74667e0952bdf8fe88dfbc1f820a9b,15/11/2004,H,M,3003828900,2CFSC,D
13261894,604ea2f473debdbd53090cd91c83955ac006593ef66e4f2b4f94fc874425397a,20/03/2001,M,M,3003822449,1CFSP,S
12270997,5aa4b29ab6afa0a7c59a71a3ec5f65a92528eb8d32cbc7e29ba325dc8f9542eb,11/12/2003,H,M,3003828760,1CFMD,S
13245903,83322942ce2ac04527b99e61d3931cd1ca04f1e0eb399392fdc6fff1f563ac05,08/01/2002,H,M,3003828795,1CFSL,S
11569845,ee159e93597d50ce66d5d7607853b89544b9ec95606c6f00e45b79a52404d88e,15/04/1997,M,M,3003828795,1CFSL,S
12496767,b930df2acc5f1b9e3fe595e8e138d909eeef98a8d71558607d33b8826bca00a9,01/10/1995,H,B,3003828760,1CFMD,S
12905546,7b92590adcabc5cc41fb89ae6101044c2ff10519f548bd1e1167525c8635f353,20/10/1973,H,M,3003826541,1CFSN,S
13040521,316ef584e834fb17b32ceb6ba9f60a16b45ad2ababac59c45dc98467a0130747,07/02/1974,M,M,3003822456,2CFSO,S
13040829,3b91e8da535cffad325793aaa2a7e41b6fd8d90ece0bae628035be91d43091e0,10/12/1997,M,M,3003822456,2CFSO,S
13326344,2a665faee19abcf4c86ac7b01be567a88bda44e40900781247c3d16c1b87d5d2,13/09/1984,M,M,3003822449,1CFSP,S
11744036,84b12c361730dd5f2c3f3c898c68e1d03cb2abe9e8843d6e9c41ed4941d60baa,12/10/2005,M,M,3003822337,1CFMB,D
11744037,970c7c8e4c71091d0598a9bbf6910228a53721c0f25c2f47fb0b5e1ce9e7f7e3,05/04/2004,H,M,3003822344,2CFMB,D
12561996,eb9730bb0276b3bbf1b33a2545a59892608fd896633fedc8e8e3adb40bbe5b9f,29/03/1999,M,M,3003826632,2CFSE,D
10514789,71f9dbb041b7ccb218dcc29c02968e5d7b4df42d16971bb6749c930dafa35ad2,30/08/2002,H,M,3003822456,2CFSO,S
10241522,43deeeede0012d5e62f2941d999e54ed0315e3171ae30507e5a80d355d7098af,02/04/2001,M,M,3003828788,2CFSH,D
13256504,f24f55b9e495c15783785db49a1c33db35c978dc8396b7a637630be5c4df3ac0,04/10/2002,M,B,3003822872,1CFSG,D
11248528,8e047a0184425381e4eb54a58dae2fd44d097374f71372d96e0b9368bcc57a31,01/09/2004,M,M,3003827317,2CFSA,D
13011023,3c6c335b308cf360260e48cc2be8447a4715ad6d7ec613882a4730c3bca4bd6d,13/10/2001,M,M,3003829629,1CFSK,D
11671593,ecaa5bb3b632dd961204b68a3f46c262f0a34444e41613028ade6b54c57aeb84,14/09/2004,M,M,3003827324,1CFSM,S
11088604,260627a923e11f16d168d69837e8417c54a6007b28716e751b6170a2d7184aca,24/03/2007,H,M,3003828760,1CFMC,D
12725314,9880f77a34d26786d06228a99958ec45783f92582ee24ac58bdb711a5b4960ce,10/07/1985,M,M,3003829517,2CFMF,D
13245671,ac3694124267b1378efda80611236076c9dae257efcb5100e50aac2d11b77e02,15/10/1993,H,B,3003822407,2CFSI,D
10513334,6ae0d2da9b0965c98e9fefe09a8a93577b900fe50f391b73f5db5cf6dfc1d27f,08/03/2002,H,M,3003822407,2CFSI,D
12559471,c234b28dde8eab0212d71e1c2c3c2aa8a9c032ae18b66bcc1e5c3ce91803e3ca,16/07/2003,H,M,3003828767,2CFMC,D
10817332,d8ca6d209eb223dcc1b0ca5d6066416ca06cb80445c81b9d1901bd37fc419c6b,25/02/2004,H,M,3003828795,1CFSH,D
10991644,465a451452041e63b17841ee24bcaa7f7b6230973d69ddefcec460c85774384d,27/03/1995,M,M,3003827233,1CFMG,S
12907793,a4a911da08a8f17784c476c9933490316c2ba6c75b002d0d7a46ebbde8bc59b8,18/04/2005,M,M,3003822337,1CFMB,D
12320496,4f6502a5ad2dbac4237a40c57a908ebad039aaaf5bd9069670daf1f9a9432985,26/05/2004,H,M,3003827240,2CFMA,D
13034983,075b0086bf481fb1f385dcd9363bdc749c94d460d9a55b0b46272d4296be4afe,27/12/1978,H,M,3003826541,1CFSN,S
13001804,5550c93070b6b03efedbdd45817602452c9c21b86a60ec4bb5f6568fce4da2a3,08/05/1981,M,M,3003829510,1CFMF,D
13034053,05d8437bc6a129f5a5ffe288093e51eecf8ae0a7229dbf75955d1c1d8508dcb6,12/04/2004,M,M,3003829517,2CFME,D
12478386,af5565e5e6d0a0b56db38fa39e428445ec8c6c90262e709c9a0df24eac57ad40,05/03/2004,M,M,3003829629,1CFSK,D
12695609,9d8214c516afd40ef7eb4ddd0bdf27da60dbdf68ea46253b18101fe281ecaa39,12/01/2006,H,M,3003822337,1CFMB,D
12890835,4215b129349997f8d052d69149da14cb7a7dfd350c1273edfbbd991502cf801f,09/01/2006,M,M,3003827233,1CFMA,D
12287443,52b023bde9b599c6568ac698d1e0240e0b44bc89d6bcb903b0bcc3928ce05f59,20/01/2001,H,M,3003827240,2CFMA,D
13171092,d739dcc1fc97530e9653d6ee34476b9e1a257fc10c90d43eaea3f70d0c33f2f0,29/12/2003,M,B,3003826541,1CFSN,S
13245229,43214fd8581382057734de077499b548ba2a3b9cd8e1e0e70e11d320e4963673,03/05/1987,H,M,3003822449,1CFSP,S
13245291,ea7c7092075281c9004686ba6bd1edf3f7da315bf4a12db8f6eb156bc8b197b3,13/06/1979,H,M,3003828795,1CFSL,S
13281768,12d6bee55dec353c2569aac99baceeb7ffc3c84febc1bdb550a0af26b4d7995c,12/08/2002,M,M,3003829629,1CFSK,D
10729579,2b11dadc225699091d0bf8a9b9759b3d7b3b8a08f665698dd8e346128d497dcd,15/04/2005,M,M,3003822414,1CFSI,D
10083896,72d93c8867102a69435573011cf6a4b03cfeae9ccb4a3cedc12f04ca28a91e3c,23/05/2001,M,M,3003827317,2CFSL,S
10182546,f321e96a88d4c002997e885b265591545edcdc33540ad24b7684f98ffc3c70ef,06/10/1999,H,M,3003828705,1CESIAB,D
12737929,13e7ca56741c3ca50cd9b884c34739e4ed4895bdaa70a1f49a33caa03d92c6da,27/07/1989,M,M,3003828823,2CFSN,S
11186762,0b5957bbe80d098ab7f0d055e1b05b023385006ccf10bed5dabe59803173523e,11/12/2001,H,M,3003826548,2CFSJ,D
10677163,ad0d0e26c175cf7aa07f290b180ae9ce99593c40347fa38525fdc12cef26dae3,22/07/2005,M,M,3003826604,1CFSD,D
12398431,99811b3e9ad9f25b214dea70999cd097dee5b8446149c571b86c84a5f3b4cd1f,02/01/2001,M,M,3003826604,1CFSD,D
13240343,33572f0fbb6a3472c0b3253a1a6f85c0c1fab33983848aa5619b78142ccd27b8,10/08/2003,H,M,3003822456,2CFSB,D
13242369,f83cbbafd8c5c546660d968b5cfdb59d30def0fe3306b628abd9125d378a0e9e,26/06/1989,M,M,3003822449,1CFSP,S
13263382,fde929b15ea7ba9fa17b280c20078285e11f551facd2e45583586804b17307b8,05/04/1994,M,M,3003829510,1CFME,D
12465189,6cff41b26e36f777baefd28197b25cf7932168e1ca9ff837a7c028994ed639c0,04/02/2003,M,M,3003829517,2CFMF,D
11423065,15f2967e55c4ab63cbdc24c9f7892dda1e1e90f266bc7c1f3cd896ece369dc05,18/05/2002,H,B,3003822337,1CFMB,D
12746359,28ce3e58d3da56312ddb73e6e4829dd65532ae92d190511ea55bb970a056feef,21/01/2003,M,M,3003827317,2CFSA,D
11490214,c26604c2d23a8f1de8a972167a12741361f44b4ebcc4580f4773be234388db8b,08/11/1998,M,M,3003827317,2CFSL,S
12388861,1080895afa16210c1b668cdd5616086366cc31acbb541bc55c1213040c3d35ec,14/04/2001,M,B,3003829629,1CFSK,D
11830264,7a0caefc727be56a3a05efe30cfe0f4f04210b6d5c518d578b7bc99b0fd4cdba,18/04/2004,M,M,3003822456,2CFSB,D
12743886,fc4dd0df3ebb7387bc2e5ab5c3f9d49802d92c0df9486585fe26ae79017e73a3,19/12/2003,M,M,3003822456,2CFSB,D
10308205,70d9982c5ac723f2336066ac0b0b0557e4abe8fa26fc0acf09843fb66ec2aa06,11/10/1999,M,M,3003822456,2CFSB,D
12722174,2ed3f6755e81b8d725a57f64c1969033a449eb5e4ee191c1deda7e05a7347f0b,08/02/2005,M,M,3003828893,1CFSC,D
10277738,d69cb075db97766f0577636297a1328d2627ae075f9817799d87b756bf2042c6,24/08/1998,M,M,3003822449,1CFSP,S
11244122,d87e2c1f08bf59667c0786e00030faf83af3d4eee4be568814fa06c2eecc334d,12/06/1982,H,M,3003822449,1CFSP,S
13245871,f96b6fe8fdc11a7c78000576bfd088bacd36c9f3324c8c5735713cf258cb815f,16/12/1989,M,B,3003828795,1CFSL,S
13038772,b837109f9fd967d40ebe540cd93b7ab09fc6e91842b2bc8854da311568793a7e,05/02/1977,M,M,3003827317,2CFSL,S
13038797,8f99c5ed0d66f61ec8af673744eb3c44341fa08affb7c862eaa4eba0a2022988,23/11/1992,M,M,3003827317,2CFSL,S
10978127,08b643927178103aeb9c17ff27fcb45e4f0c8308d93ccea1ce3902d1bafcbae5,07/07/2001,M,M,3003829629,1CFSF,D
13035643,b9d1378959aedc84095261c3e9e76c6e9bb18bf5944efdd15928985e3149a775,01/10/1993,M,M,3003826548,2CFSM,S
11635385,4561e184204683cfd5e451a4966b916d34e80ef4fe079619dfd6f1746dc8ceb8,13/07/2004,H,M,3003828893,1CFSC,D
13301526,a3dd0439e4c1d9bfde7e5f7ce6ed1c6af1166ec37c483c07dedf5f26b07de3bb,17/03/1999,H,B,3003826604,1CFSD,D
13240820,474b3023fdcde3a309b938ecf30c6114bfd6d58a9f9725bf99a60ef4c80a602f,14/12/2004,M,M,3003826541,1CFSJ,D
13242114,caf61f315c9f8cdb1e2dd621faa72c250e66f3305599f352ab3325da80b996c9,15/03/1994,M,M,3003826604,1CFSD,D
13257407,eab749e1d2f04be839e163c5c54e94db23fecd54f30ac566c7b6e0c3c7f103f3,29/08/1998,M,M,3003826604,1CFSD,D
13245158,5315f34a7308e12908fe3f2b19f4ed0e7e2ef2ad2d05a45880750a1b2d9f9d42,22/04/2003,M,M,3003826541,1CFSJ,D
13095162,3271ad0519e4c1b66b06162ea83b1285231b41a1c4ce8c3711e69d8cb1fb4066,30/08/1977,M,M,3003829510,1CFME,D
13096999,c1a2e185e888828bf311c127638e9a234399c5ba3d857e4a8cc22e26cda06a88,11/07/1988,M,M,3003829517,2CFME,D
13273466,8b2483d71103c53ac93f209e0bd7e5b66072d59d23c0399cbd9349f6eb490a53,07/06/2003,M,M,3003829629,1CFSK,D
13257485,605c804500a61f6f8600e1fde14979fb75c1dd9a6b9a22a7eece94e08b982127,04/06/1999,H,M,3003826604,1CFSD,D
13078715,7a596d26307f925593f6d284c16c41634dd0f328277e6899ab66c336052d1120,12/09/1995,M,B,3003822872,1CFSG,D
13285058,6b5a053290ba291fa6b680679ff7bf8190b989ad8f94b7880462a63dca0a71fa,19/08/2003,M,M,3003822872,1CFSG,D
13062870,707c640169a2dcb556f651a3e07f57765e26a3642169211b7154c545f802196c,12/11/1996,H,M,3003826541,1CFSN,S
13038791,6190ae106abd7c81ee4160af0a812a9a8ebceeaf68548e775e8b8840ca722dfa,16/08/1990,M,M,3003827317,2CFSL,S
11517872,388f75045499f2a5935ec2add2cb37d3f21e475e73cb577646c7ea85e6513f17,26/04/2003,M,B,3003827324,1CFSA,D
11837806,2af3ccf5426b8cf43e8532e8db18c13d18394fb8af79b2d99dd624758a0bf602,29/08/2004,M,M,3003827324,1CFSA,D
11177748,82014ebadf209bce4816ab8710a96c586dbe0f0c8eb6a20a1750277b681b4f71,27/12/1998,M,M,3003827240,2CFMG,S
11251993,80e06d75d7e98487a9d55f52b7e47b49cf415e8e787623c0b39f33472dd7bc33,10/11/2003,H,B,3003828760,1CFMD,S
12214961,a28b47ac07914979ef7ea1571860ace85d71e1456677225754c30a54633e6777,29/01/2004,M,B,3003822872,1CFSG,D
12870301,042f6abe930dca2dbe643ec8c0cb088228213dc06a017dd048c6c03b97ac4e2a,19/02/1989,H,M,3003826541,1CFSN,S
13249420,8c8e536768e3ca6cd40830129162419177649a1f7cc64dec4977d129e1fcd8e2,18/01/1992,H,B,3003826541,1CFSN,S
13248312,fba02780cf698f62c94ef586e9f00b00cc56c31b4dec70b142ddec1b80d2ee89,13/10/1995,M,M,3003827324,1CFSM,S
11319699,1097b59b491f7ce7454f4749db055427a7aa4ef67c97073a1c39f2fc8b294538,07/06/1969,M,B,3003829510,1CFMI,S
10129831,4c336c1c17a97807fc516b8b699b05f46e9d96a6f37435202a60f0181f480ec3,29/03/1997,M,M,3003827240,2CFMG,S
10837080,a1a1833a3bf2dc7146b9a51986323b0387881a026555f37328e35f8eacaade66,26/08/2007,M,M,3003828760,1CFMC,D
10792555,6d1708b0335748eef47cdb4f0692b169e9751e8ebef06dee95537b69b0e04917,02/10/2003,H,M,3003828900,2CFSC,D
12468964,7a38e5e79e1b4513e7489a7f866938ff0217e6a2612d72de117539b9110f3962,02/07/1967,M,M,3003826604,1CFSD,D
13288501,1832f6ff59f705fc3392003abb7e293b40a665ce1b9355dfa72f8a2c419abdea,11/03/1987,M,M,3003826604,1CFSD,D
10636290,1b194bd0235e2056c13c324afdf692376fa05ec980d0d76b55e06d919e3dca07,25/07/2003,M,M,3003822456,2CFSB,D
10697215,2a1d807a1bb39450e70cbbb115dac415ec57134b62656d740729341c7d8fa4d0,29/01/2003,H,M,3003827240,2CFMA,D
11084757,4af0904fbb89acc1999c77458d5f2c9f4c8ae2bd2c9e0ba3d52fad36aeb5fb62,30/09/2003,H,M,3003827317,2CFSA,D
11507257,41c455911b6f2ed87c3025a7ad99f7c37bd4d285e08e540e42bb5252ca63ecc2,15/02/1986,M,M,3003829510,1CFMI,S
11485242,ffadac1f861498cc640f60d4e273393f7a95c5326826b55af16bc6361be59960,03/11/1982,M,M,3003829510,1CFMI,S
11903090,22120cbfad4dc798cb3d143d6c5f6145abaabb3e5f9a5414ecdc1aeec8622a6c,12/11/1981,M,M,3003829510,1CFMI,S
13035060,7cc64a0a55cb333b14aacca1a9e238d35bf327e875e47616f2e9c5e5a8a01fb2,02/07/1987,M,M,3003827240,2CFMG,S
13291004,59d7aa2a7c1b8391d16ae0630503abb8d63ee6c948cdde2c4a1ff37ce20e07ab,03/11/2006,H,M,3003822414,1CFSI,D
11343605,81c18fffc978ffe3eecd714e6edcf40634b1a0a1c8ffa93eb1ecf0fe3ebfe2e0,24/04/2001,M,M,3003829517,2CFME,D
13097118,4f3744484a832a195e8c7e39aeaad6e5d5fd676140bf7c5d425300aff61990a5,14/09/1993,H,M,3003826548,2CFSM,S
12932662,c9bc6161ecaf5531c10363ec948aa5569d12f8361b5cd9c4c976a08421ca7485,02/09/2005,M,M,3003822337,1CFMB,D
13321692,b9972da3e4fa23cf4844dcc96faa32ff7591189e071a94f41a87deef6151d6b6,26/05/1985,M,M,3003828760,1CFMD,S
12734916,7d70b7bc65e825416d891e8ca71db22d550c0f122675421a039cd18b5e8e262f,08/03/2000,M,M,3003826611,2CFSD,D
13245356,e0da274c58c4663cb10e916acf5c18531aa8e708cbc66fc612b156a33946ffae,30/03/2004,H,B,3003826625,1CFSE,D
13293379,0920ca47b7adf9661a1a74d14d20f6f45965843ea562bc3377b264fcb270265d,11/11/2002,H,M,3003822414,1CFSI,D
13006056,0a998d2d37b1064bb85e9cdac3cc05b17bc68ce0a34d7f699b76f912f4d25b64,24/08/1989,M,M,3003828760,1CFMD,S
12058330,70de2288b104d8f36225caf9eed2c8fe94c29467549a45ff8ab1e4c9fc8a0856,17/09/2000,M,M,3003826625,1CFSE,D
13112701,4bcc341a2ee1e7acf4828b15c4ccc8400e944c27f54cef2f1ed12bf2c20d712d,06/08/2006,M,M,3003822337,1CFMB,D
11616775,1e14bf781e55e1de07c1b193582890400a059f4a225361c179e11330ccd1fb3b,25/03/2003,M,M,3003827240,2CFMA,D
11664368,a1a8007be5beebb356a8d84ef882e0703c07366d07b9120bde47eca418d4932b,20/03/2004,M,M,3003827240,2CFMA,D
13242358,bdd4b77999f6201a1f1d0fbe06e8e910f5d787181bd86a0b76024de150642b90,29/06/1989,M,M,3003827324,1CFSM,S
13284314,521a107db61055f770b2ed01842de1d37260ed8a540c0194b0682fe91da68af2,30/03/2000,M,B,3003822414,1CFSI,D
12679099,af98ca702962af12c17066f02f77ba36de54f86acd99b12382a1ab764ccad88a,29/08/1994,M,M,3003826541,1CFSN,S
13263531,c7ec56f2883bfda59ea4e6f2089cbce00ff0cc7273da317f3194bc84ab2a9b0c,31/10/1999,M,M,3003827317,2CFSL,S
13298754,924e371aacd51873e7e86bca6b28c61fe58dac3f3f4c447a2ccb7d0c75eb83c3,18/05/1993,M,M,3003827324,1CFSM,S
13242085,c08db6bbde6a177a794afcf86a86a4d5b1949df7e91c02e9d40113fcaf23ce2f,21/04/2000,H,B,3003826541,1CFSJ,D
13250810,f002150bce11d8b6ee21bea96908a233a1c10c54ffd292610c5a83ad3b727617,02/02/1995,M,B,3003826625,1CFSE,D
13170875,1a94315ba688bf15cb924b23849f0b104b80dc32abebff7aabc6880b15a654ac,14/09/1994,M,M,3003828795,1CFSL,S
13239736,aa5964ee0674d0497ca9f5dddfaffdaa3ae70ebaab2223d8f02e4645e82a9793,05/07/1995,M,M,3003829510,1CFMF,D
13127380,22fe81996c9a842add7749d6c846dc034de5ef0252608cb81c56fcc1e1e28b08,02/11/2004,M,M,3003826604,1CFSD,D
13281547,3030fca1ecb25bcd539f05c95e11ebe198de4525238e528e170774d429b14e05,31/08/1996,M,M,3003829510,1CFMF,D
10264508,4c6000989f79e93d6b2be83cdc02f7345a0a0636a9fb293fbcf54847d52c7867,10/01/1998,M,M,3003826541,1CFSN,S
10954424,b3dd54b7fedfccde4acb2907d91088c8660aa55cf4a49e550e07762c7990fad6,20/03/1976,M,B,3003827324,1CFSM,S
12840433,4a4e7d31c2a7bd275a47adeeae8ccca6b0a6a75b727cf8f7251d94b8f50cc50a,04/11/2005,H,M,3003827324,1CFSA,D
11770012,3fb14161843a874a3c3fb4fdc35f123b1c96312ca32c86d6ee1dc34f8a6a44aa,27/08/2001,M,M,3003822879,2CFSG,D
12853739,d80e276a5d2b93ded16b5b198a4186fb2e2a49a86956a176fbc9d7242f685af3,21/03/1988,M,M,3003827233,1CFMG,S
11205447,7130feed06d4d88ca5829cd97e4d85e41f801c5ada38a588a8fecbc95a96d57f,05/10/2003,H,M,3003822407,2CFSI,D
12736834,d7a63086d33661a8b2ecb834224fa11aaccf5fc246306fa6684c4e964023346d,18/03/2001,M,M,3003829636,2CFSK,D
11799933,3dd942c87f00749e67fb87b8d71d879fc2fdc02f91399f3dd270034e09140771,29/01/2005,M,B,3003822872,1CFSG,D
13262390,3ac5c050e6e39bda1fdcd05a322e9c35244f21436138db08b622a1a02a07f178,02/04/2002,H,B,3003827324,1CFSA,D
10708070,2f334fe688cc1a593e04ea30ada4236d7dc579824260be3d67aba55003d56120,15/12/2003,M,M,3003826632,2CFSE,D
