alumno,curso,contenido,nota_numerica,evaluacion
10706065,3306170521,028502,0,01
10706065,3306170521,028100,0,01
10762395,3306170521,028502,4,01
11000348,3306170521,028502,4,01
11116523,3306170521,028100,4,01
13615979,3306170619,0179,6,01
11802023,3306170521,028505,7,01
10932027,3306170521,028505,3,01
12237928,3306170521,028501,3,01
10795396,3306170521,028501,6,01
10964248,3306170521,028501,0,01
10914786,3306170521,028501,8,01
11128032,3306170521,028501,9,01
13377168,3306170521,028100,1,01
13598561,3306170521,028100,9,01
12691602,3306170521,028100,7,01
11106423,3306170521,028503,7,01
11512589,3306170521,028504,9,01
10839018,3306170521,028504,5,01
12379379,3306170521,028504,7,01
12623376,3306170521,028504,9,01
10914786,3306170521,028001,7,01
11014535,3306170521,028001,8,01
11030604,3306170521,028001,8,01
13598449,3306170521,028502,8,01
13598555,3306170521,028502,4,01
12623376,3306170521,028505,8,01
11014535,3306170521,028505,8,01
13518965,3306170521,028504,0,01
12051056,3306170521,028505,8,01
12795258,3306170521,028505,8,01
13446969,3306170521,028505,8,01
12451319,3306170521,028503,8,01
12649264,3306170619,1370,4,01
10920136,3306170619,1370,4,01
10914452,3306170619,1370,7,01
11082700,3306170619,1367,8,01
10889150,3306170619,0179,9,01
11312003,3306170619,0179,9,01
10301015,3306170619,0179,4,01
10892991,3306170619,0179,8,01
10916992,3306170619,0179,4,01
10769318,3306170619,1367,4,01
10301015,3306170619,1367,7,01
10786265,3306170619,1367,7,01
13595058,3306170619,1367,7,01
13594581,3306170619,1369,6,01
11620907,3306170619,1369,7,01
10884022,3306170619,1709,9,01
10884022,3306170619,0179,10,01
10909929,3306170619,0179,8,01
10884022,3306170619,1368,9,01
10784831,3306170619,1368,3,01
10714135,3306170619,1368,4,01
10735252,3306170619,1368,6,01
10706077,3306170619,1370,6,01
10784831,3306170619,1375p,0,01
11337604,3306170619,1375p,10,01
10911185,3306170619,1370,8,01
13615979,3306170619,1370,4,01
13598749,3306170619,1369,4,01
10659496,3306170619,1375p,10,01
12413993,3306172484,0171,1,01
13551232,3306172484,0181p,0,01
12561340,3306172484,0172,3,01
10843015,3306172484,0172,9,01
13593119,3306172484,0172,8,01
13598131,3306172484,1709,0,01
13598131,3306172484,0173,0,01
13593122,3306172484,0172,9,01
10843015,3306172484,0179,5,01
10581374,3306172484,0177,10,01
10895710,3306172332,0384,7,01
13460187,3306172332,0400p,0,01
10801931,3306172484,0174,4,01
10843015,3306172484,0174,4,01
13445476,3306172332,0179,6,01
11515797,3306172332,0173,8,01
10902331,3306172403,0171,9,01
10892142,3306172403,0171,9,01
10025712,3306172403,0179,8,01
10892142,3306172403,0179,6,01
10652392,3306172403,0179,0,01
11702324,3306172403,0388p,7,01
10790903,3306172403,0388p,8,01
11702324,3306172403,0172,7,01
10790903,3306172403,0172,9,01
12813996,3306172403,0173,0,01
10790903,3306172403,0173,8,01
13604001,3306172403,0383,4,01
10654915,3306172053,1231,0,01
11120345,3306172053,1231,3,01
11001838,3306172053,0156,0,01
10996182,3306172053,1233,6,01
11120345,3306172053,1232,3,01
11036037,3306172053,1232,3,01
11433993,3306172053,1232,0,01
11114298,3306172053,1709,6,01
11433993,3306172053,1709,7,01
10866312,3306172167,1010,4,01
10894622,3306172167,1010,8,01
12561661,3306172167,1010,4,01
10883924,3306172167,1010,7,01
13598677,3306172167,0179,0,01
13598103,3306172167,0179,0,01
10197921,3306172167,0623,0,01
10436333,3306172167,0623,2,01
10526778,3306172167,0623,9,01
10250031,3306172167,1012p,9,01
10932819,3306172167,1010,0,01
10315581,3306172167,1010,0,01
10730207,3306172167,1010,6,01
10526778,3306172167,1010,7,01
10883675,3306172167,1012p,9,01
10730721,3306172167,0930,7,01
10835229,3306172167,0930,2,01
10487345,3306172167,0930,4,01
12500676,3306172167,0623,5,01
10742412,3306172167,0179,4,01
12152515,3306172167,0179,10,01
10932250,3306172167,0179,7,01
12557620,3306172167,0931,9,01
11313275,3306172167,0931,9,01
10416632,3306172167,0931,8,01
10893829,3306172167,0930,7,01
10961331,3306172135,0622,8,01
13593226,3306172135,0622,4,01
10885568,3306172135,0622,6,01
10884465,3306172135,0622,6,01
10761942,3306172135,0627,6,01
11744036,3306172135,0627,8,01
13593226,3306172135,0627,3,01
11744036,3306172135,0828p,7,01
13593226,3306172135,0828p,7,01
10027352,3306172135,0828p,6,01
11709509,3306172135,0623,8,01
10762386,3306172135,0623,3,01
10885568,3306172135,0623,7,01
10027352,3306172135,0623,8,01
12722909,3306172135,0179,9,01
10687998,3306169433,243264,7,01
10680218,3306169433,243266,9,01
10837040,3306169433,243266,0,01
10366184,3306169433,243267,0,01
10645924,3306169433,243265,4,01
13448029,3306169440,243602,8,01
13467527,3306169440,243604,6,01
13447274,3306169440,243271,9,01
10925591,3306173997,1709,5,01
13594604,3306173997,0438,9,01
12257970,3306173997,0438,7,01
11109924,3306173997,1709,9,01
10270606,3306169593,0156,9,01
10679709,3306174046,1665001,7,01
10711948,3306174046,1665001,7,01
11388211,3306172133,CVOPT,7,01
12406107,3306173997,1709,6,01
13626945,3306173997,1709,8,01
10847700,3306173997,1709,8,01
10730721,3306172167,1709,8,01
10730207,3306172167,1012p,8,01
10214849,3306172167,0931,0,01
11029676,3306173997,0156,10,01
10899529,3306173997,0156,7,01
11138087,3306173997,0156,8,01
11168289,3306173997,0156,5,01
11336870,3306173997,0441,9,01
11347134,3306173997,0156,4,01
10421015,3306173997,0156,0,01
10747126,3306173997,0441,10,01
10931052,3306173997,0441,9,01
13134429,3306173997,0438,7,01
10633944,3306173997,0439,7,01
10352292,3306173997,0439,0,01
12647763,3306173997,0437,0,02
10352292,3306173997,0437,0,01
11041555,3306173997,0438,7,01
11041555,3306173997,0440,7,01
13510854,3306174048,0650,9,01
13593239,3306174048,0650,4,01
13597020,3306174048,0648,0,01
12859504,3306174048,0647,8,01
10926432,3306174048,0647,8,01
13597527,3306174048,0647,4,01
12788547,3306174048,0647,6,01
11802825,3306174048,0651,6,01
13455395,3306174048,0651,6,01
11664368,3306174048,0651,6,01
10243668,3306174048,0649,7,01
10730016,3306174048,1709,0,01
10730016,3306174048,0649,2,01
12788547,3306174048,0649,6,01
10840996,3306174048,0657p,8,01
10793462,3306174048,0657p,8,01
10904320,3306174048,0657p,7,01
13596949,3306174048,0651,0,01
10662076,3306174048,0657p,7,01
13298754,3306174048,0657p,0,01
10511438,3306174048,0657p,0,01
10991644,3306174048,0657p,7,01
10707710,3306174048,0648,8,01
10904320,3306174048,0648,6,01
10025322,3306174048,1709,0,01
11552430,3306174048,0651,6,01
13597527,3306174048,0648,4,01
13542655,3306174048,0179,10,01
13542655,3306174048,0649,9,01
10511438,3306174048,0179,0,01
10840806,3306174048,0179,7,01
10924358,3306174048,0179,4,01
10762396,3306174048,1709,9,01
10709630,3306174048,1709,8,01
10779855,3306174048,0179,8,01
10928705,3306169744,0179,9,01
10896459,3306169744,0179,9,01
10921245,3306169744,0370,8,01
10900148,3306169744,0379p,10,01
10912321,3306169744,0379p,9,01
11226702,3306169744,0371,8,01
10912223,3306169744,0371,8,01
10914721,3306169744,0373,6,01
10679710,3306169651,0487,7,01
11898422,3306169651,0487,0,01
13232436,3306169651,0487,2,01
10418675,3306169651,0484,9,01
10803070,3306169651,0484,8,01
10904666,3306169651,0484,7,01
10427570,3306169651,1709,0,01
10440723,3306169651,1709,0,01
13593151,3306169651,0487,6,01
10382149,3306169651,0487,10,01
10472185,3306169651,0487,10,01
10246766,3306169651,0484,4,01
10382149,3306169651,0484,6,01
11061166,3306169651,0484,0,01
10308422,3306169651,0485,7,01
10382149,3306169651,0485,4,01
13458925,3306169651,0485,7,01
11049333,3306169651,0485,7,01
10398479,3306169651,0485,9,01
10837080,3306169651,0483,9,01
10888617,3306169651,0483,9,01
12876207,3306169651,0483,0,01
10299132,3306169651,0483,0,01
10310048,3306169651,0483,9,01
13593175,3306169651,0373,0,01
10463301,3306169651,0616p,9,01
10310048,3306169651,0616p,9,01
11318786,3306169651,0616p,0,01
12395762,3306169651,0616p,7,01
10709604,3306169658,1708190,10,01
10718934,3306169658,1708190,9,01
10635824,3306169658,1708190,8,01
10635513,3306169658,1708190,4,01
13232436,3306169651,0373,4,01
10398479,3306169651,0373,8,01
10832166,3306169651,0373,8,01
10756981,3306169651,0179,7,01
10888617,3306169651,0616p,10,01
13360681,3306169593,0223,8,01
13288296,3306169593,0223,9,01
13546750,3306169593,0223,7,01
10705918,3306169593,0223,7,01
10437587,3306169593,0223,4,01
13513975,3306169593,0225,9,01
13358627,3306169593,0225,0,01
11134533,3306169593,1709,10,01
11134533,3306169593,0156,9,01
11113596,3306169593,0221,7,01
10705603,3306169593,1709,8,01
13598530,3306169593,1709,7,01
10437587,3306169593,1709,8,01
10705918,3306169593,0222,4,01
12651696,3306169593,0221,0,01
10917865,3306169591,0227,7,01
11622314,3306169591,0227,7,01
11020732,3306169591,0227,4,01
10812899,3306169591,1710,8,01
10708167,3306169591,0228,8,01
11035843,3306169591,0228,1,01
11002913,3306169591,CVOPT,10,01
10903261,3306169591,CVOPT,8,01
11146537,3306169591,0224,10,01
11000271,3306169591,0224,8,01
11622314,3306169591,1664190,9,01
11011197,3306169591,1664190,10,01
10776723,3306169591,1664190,8,01
10903261,3306169591,1664190,10,01
12472787,3306169591,1664190,7,01
11029392,3306169591,1708190,8,01
10762368,3306169751,0376,9,01
10652371,3306169751,0376,7,01
10910600,3306169751,0377,6,01
13456011,3306169751,0377,8,01
10757735,3306169751,0379s,8,01
10783280,3306169751,0379s,10,01
12744964,3306172060,1664020,5,01
10805007,3306172060,1664020,5,01
10757735,3306169751,1710,8,01
10737949,3306169751,1708190,8,01
10849397,3306169751,1665190,10,01
10783280,3306169751,1665190,9,01
10813139,3306169751,1665190,9,01
10849397,3306169751,0378,8,01
10840811,3306169751,0378,7,01
10783280,3306169751,0378,6,01
10840811,3306169751,0374,9,01
10764453,3306169751,CVOPT,9,01
10282899,3306169658,1665190,7,01
10282899,3306169658,1710,8,01
10772126,3306169658,1710,7,01
10797348,3306169658,0616s,9,01
10772126,3306169658,0616s,7,01
10711924,3306169658,0616s,5,01
10770657,3306169658,0614,6,01
10772126,3306169658,0614,8,01
10807600,3306169658,0615,6,01
10709604,3306169658,0615,1,01
10688878,3306169658,0615,8,01
10797980,3306169658,0615,4,01
10711924,3306169658,0615,4,01
10770964,3306169658,CVOPT,8,01
10688878,3306169658,CVOPT,9,01
10770964,3306169658,0612,10,01
10810051,3306169658,0612,1,01
10635513,3306169658,0613,5,01
10882393,3306169658,0613,6,01
10799612,3306170617,CVOPT,10,01
10799612,3306170617,1375s,10,01
10770501,3306170617,1375s,9,01
10026298,3306170617,1708061,10,01
10688361,3306170617,1708061,10,01
10819488,3306170617,1708061,10,01
10026298,3306170617,1374,6,01
10515381,3306170617,1374,6,01
10783707,3306170617,1373,9,01
10413312,3306170617,1373,8,01
10687463,3306170617,1373,7,01
11649375,3306170617,1373,9,01
10835968,3306170617,1372,7,01
10734128,3306170617,1372,10,01
10666170,3306170617,1372,8,01
13242092,3306170617,1372,8,01
10742238,3306170617,1708061,7,01
10865703,3306170617,1374,4,01
10282118,3306170617,1374,10,01
10666170,3306170617,1374,7,01
10687463,3306170617,1374,8,01
10122344,3306170617,1373,10,01
10842025,3306170617,1373,8,01
10786004,3306170617,1371,4,01
13242092,3306170617,1371,8,01
13273466,3306170617,CVOPT,8,01
10776515,3306170617,1375s,5,01
11104411,3306170617,1375s,5,01
10652580,3306170617,1375s,5,01
10798915,3306170617,1375s,5,01
10515381,3306170617,1375s,5,01
10687463,3306170617,1665061,9,01
13462544,3306170617,1708061,7,01
11671982,3306173995,0442,7,01
11004486,3306173995,0442,10,01
10960990,3306173995,0442,9,01
11039273,3306173995,0442,8,01
11666166,3306173995,0442,7,01
10911748,3306173995,1708001,9,01
10787257,3306173995,CVOPT,7,01
11027361,3306173995,CVOPT,8,01
10929818,3306173995,CVOPT,10,01
10960990,3306173995,0443,7,01
11043785,3306173995,0443,5,01
10835299,3306173995,0448,3,01
10787655,3306173995,0448,3,01
11027361,3306173995,1664001,10,01
10787655,3306173995,1664001,8,01
10819061,3306174046,0654,9,01
10802285,3306174046,0657s,8,01
10024578,3306174046,0657s,6,01
10802285,3306174046,1710,7,01
10679709,3306174046,1710,6,01
10824617,3306174046,0652,4,01
10931235,3306172060,1234,4,01
10904203,3306172060,1234,9,01
10924853,3306172060,1228,6,01
10924853,3306172060,1235,8,01
10787502,3306172060,1230,8,01
12465550,3306172060,1230,4,01
10899896,3306172060,1713925,7,01
11024352,3306172060,1713925,7,01
10904203,3306172060,1227,9,01
13291541,3306172060,1708020,9,01
10766452,3306172133,1708020,7,01
11790917,3306172133,1708020,6,01
11790917,3306172133,0825,8,01
10734184,3306172133,0825,6,01
10711954,3306172133,0828s,6,01
10711954,3306172133,0827,6,01
10487336,3306172133,0824,7,01
10847609,3306172133,1665020,3,01
10800028,3306172165,1009,8,01
13456007,3306172165,1110,8,01
10805294,3306172165,1009,7,01
10808311,3306172410,1708039,8,01
10761594,3306172410,1708039,8,01
13285325,3306170521,028100,0,01
11019862,3306170521,028505,3,01
13323096,3306170521,028100,7,01
10964248,3306170521,028504,0,01
10407199,3306170521,028504,6,01
13129964,3306170521,028503,4,01
11110518,3306170521,028504,6,01
11106423,3306170521,028100,8,01
11026033,3306170521,028100,10,01
13598449,3306170521,028501,5,01
10938612,3306170521,028501,6,01
10897940,3306170521,028505,3,01
10897940,3306170521,028501,2,01
13289086,3306170521,028505,4,01
13074463,3306170521,028505,0,01
11017524,3306170521,028001,8,01
12051056,3306170521,028504,7,01
12051056,3306170521,028501,8,01
11899562,3306170521,028501,3,01
10803834,3306170521,028505,3,01
10805472,3306170521,028504,5,01
13446969,3306170521,028502,9,01
13506891,3306170521,028501,10,01
12587578,3306170521,028503,7,01
10730519,3306170619,1370,4,01
10740566,3306170619,1368,4,01
10889150,3306170619,1370,8,01
10916495,3306170619,1375p,10,01
10916495,3306170619,1367,8,01
10834105,3306170619,1368,8,01
10786265,3306170619,1370,4,01
10918418,3306170619,1375p,10,01
10515804,3306170619,0179,10,01
10928805,3306170619,0179,8,01
10677457,3306170619,0179,8,01
10927613,3306170619,1375p,9,01
10909929,3306170619,1709,8,01
10920136,3306170619,1369,8,01
10911185,3306170619,1369,8,01
10914452,3306170619,0179,9,01
10914452,3306170619,1367,7,01
10490475,3306170619,1367,4,01
10659496,3306170619,0179,9,01
13228273,3306172484,0174,0,01
10788322,3306172484,0181p,0,01
10798065,3306172484,0179,4,01
12561340,3306172484,0173,9,01
12561340,3306172484,0174,8,01
10379062,3306172484,0181p,0,01
10801931,3306172484,1709,0,01
10843015,3306172484,1709,5,01
10787451,3306172484,0177,5,01
10780778,3306172332,0179,8,01
10311896,3306172403,0383,10,01
13455012,3306172403,0172,8,01
10025712,3306172403,0383,9,01
10025712,3306172403,0173,4,01
13609532,3306172403,0388p,0,01
13609532,3306172403,0179,0,01
10911448,3306172403,0171,8,01
13594957,3306172403,0173,0,01
10652392,3306172403,0171,9,01
13604001,3306172403,0388p,7,01
10912710,3306172053,1231,6,01
10698000,3306172053,0156,5,01
11036037,3306172053,1231,6,01
11013480,3306172053,1232,6,01
10803879,3306172053,1231,4,01
13611445,3306172167,0623,9,01
13611445,3306172167,1010,8,01
10015387,3306172167,1010,5,01
10798287,3306172167,1012p,4,01
13598677,3306172167,0930,0,01
13598681,3306172167,1012p,6,01
10197921,3306172167,1010,6,01
10425558,3306172167,0931,8,01
10463434,3306172167,0623,0,01
10792537,3306172167,0179,4,01
10516442,3306172167,1010,2,01
10476265,3306172167,1010,3,01
10904904,3306172167,1010,8,01
10894622,3306172167,0930,7,01
10895114,3306172167,1012p,8,01
13595716,3306172167,1709,0,01
10436333,3306172167,1012p,0,01
10790209,3306172167,0623,7,01
13502717,3306172167,1709,0,01
11313275,3306172167,0930,4,01
11340144,3306172167,1012p,0,01
10526778,3306172167,0930,7,01
10772198,3306172135,0828p,4,01
10772198,3306172135,0179,7,01
10772198,3306172135,0622,8,01
10321931,3306169433,243264,6,01
10687998,3306169433,243267,9,01
10835151,3306169433,243267,8,01
10835151,3306169433,243264,5,01
10024790,3306169433,243265,8,01
13043456,3306169433,243266,6,01
10780813,3306169433,243266,4,01
10892469,3306169433,243267,8,01
10892469,3306169433,243264,9,01
10799399,3306169433,243266,8,01
10827161,3306169433,243266,6,01
13593116,3306169433,243266,8,01
10287428,3306169440,243602,9,01
10287428,3306169440,243271,8,01
10287348,3306169440,243602,9,01
10287348,3306169440,243604,8,01
10814418,3306169440,243604,5,01
13594870,3306173997,0441,8,01
13594861,3306173997,0439,7,01
13514838,3306173997,0439,7,01
12461270,3306173997,0437,10,01
13536269,3306173997,1709,3,01
13594777,3306173997,0439,8,01
10806257,3306173997,0156,8,01
10907141,3306173997,0156,6,01
10832115,3306173997,0439,8,01
10832115,3306173997,0156,4,01
10847700,3306173997,0437,9,02
13134429,3306173997,0441,7,01
10421015,3306173997,0441,0,01
11109924,3306173997,0438,7,01
10938365,3306173997,0439,5,01
10404730,3306173997,0439,6,01
10416752,3306174048,0657p,4,01
13537130,3306174048,1709,10,01
10895723,3306174048,0649,7,01
12745122,3306174048,0179,0,01
10910705,3306174048,0649,8,01
10730016,3306174048,0648,4,01
10925424,3306174048,0657p,9,01
11664368,3306174048,0648,5,01
10808862,3306174048,0650,6,01
10662076,3306174048,0179,0,01
13456235,3306174048,0649,7,01
10025322,3306174048,0657p,7,01
10762396,3306174048,0657p,7,01
10991644,3306174048,0649,4,01
12478421,3306174048,0647,8,01
10779855,3306174048,0648,3,01
10805078,3306169744,0373,5,01
10898640,3306169744,0371,7,01
10896459,3306169744,0371,8,01
10914721,3306169744,0371,8,01
10911373,3306169744,0379p,9,01
10734142,3306169744,0179,9,01
10910799,3306169744,0373,8,01
10910799,3306169744,0371,9,01
11088604,3306169744,0379p,9,01
10418675,3306169651,0373,9,01
10904569,3306169651,0485,9,01
10427570,3306169651,0616p,0,01
10931085,3306169651,0179,7,01
10454462,3306169651,0484,7,01
10308504,3306169651,0485,7,01
10308750,3306169651,0485,3,01
13232436,3306169651,0485,5,01
13592958,3306169651,0179,0,01
13352871,3306169651,0485,0,01
10909591,3306169651,0484,10,01
10299132,3306169651,0485,0,01
11318786,3306169651,1709,0,01
11061166,3306169651,0487,0,01
12395762,3306169651,0373,4,01
11014915,3306169651,0373,2,01
10595030,3306169651,0485,0,01
11147116,3306169651,0373,0,01
13513975,3306169593,0156,9,01
10459629,3306169593,0225,0,01
11246288,3306169593,0225,8,01
12615991,3306169593,0223,0,01
10999069,3306169593,0221,6,01
10828132,3306169593,0225,6,01
12452190,3306169593,0223,4,01
13545139,3306169593,0223,8,01
10891681,3306169593,0225,2,01
11146537,3306169591,1710,10,01
10893131,3306169591,1708190,6,01
10893131,3306169591,0228,6,01
10885064,3306169591,1708190,3,01
11011197,3306169591,0224,9,01
11011197,3306169591,1710,10,01
13452408,3306169591,1708190,9,01
11708808,3306169591,0227,9,01
10796295,3306169751,0377,9,01
10762343,3306169751,1708190,9,01
10910600,3306169751,1708190,9,01
10757735,3306169751,0374,4,01
11082671,3306169751,0374,9,01
10849397,3306169751,1710,9,01
12854002,3306169751,0374,3,01
10737949,3306169751,CVOPT,6,01
10652371,3306169751,1708190,8,01
10813139,3306169751,0377,6,01
10813139,3306169751,0374,4,01
13456011,3306169751,0378,8,01
10823807,3306169751,1708190,10,01
13345475,3306169751,CVOPT,9,01
13345475,3306169751,0377,7,01
10282899,3306169658,0612,2,01
10797348,3306169658,CVOPT,8,01
10770657,3306169658,CVOPT,3,01
10711977,3306169658,1665190,10,01
10711977,3306169658,0613,6,01
10856605,3306169658,0613,5,01
10718934,3306169658,0614,5,01
10810051,3306169658,0613,5,01
10757001,3306169658,0616s,5,01
10736277,3306169658,0614,10,01
10635824,3306169658,1665190,8,01
10635824,3306169658,0615,4,01
10882393,3306169658,0616s,6,01
10882393,3306169658,0614,1,01
10711924,3306169658,1710,1,01
10781492,3306170617,1374,4,01
10742238,3306170617,1372,4,01
10944114,3306170617,1665061,9,01
10944114,3306170617,1708061,9,01
10944114,3306170617,1375s,7,01
10827153,3306170617,1708061,9,01
10819488,3306170617,CVOPT,9,01
10786004,3306170617,CVOPT,9,01
10776515,3306170617,1372,8,01
10725869,3306170617,1374,6,01
10687463,3306170617,1708061,8,01
13462544,3306170617,1372,7,01
10851445,3306170617,CVOPT,8,01
10842025,3306170617,1372,7,01
10546650,3306170617,1373,7,01
10993558,3306170617,1373,4,01
10737175,3306173995,0448,4,01
11671982,3306173995,1708001,8,01
11029440,3306173995,0448,9,01
11028742,3306173995,1664001,10,01
11033515,3306173995,0448,7,01
11004486,3306173995,CVOPT,9,01
11039273,3306173995,0443,8,01
11026339,3306173995,0442,6,01
11666166,3306173995,0443,1,01
11024457,3306173995,1708001,4,01
10679723,3306174046,1708001,5,01
10780784,3306174046,0657s,6,01
10711948,3306174046,0652,3,01
10776755,3306172060,1235,8,01
10931235,3306172060,1227,7,01
10931235,3306172060,1235,4,01
10924853,3306172060,1234,4,01
10648909,3306172060,1664020,6,01
11004108,3306172060,1234,8,01
10766452,3306172133,0824,8,01
12607926,3306172133,CVOPT,6,01
12607926,3306172133,0827,7,01
12912678,3306172133,0828s,8,01
10857816,3306172133,0824,8,01
10766414,3306172133,CVOPT,8,01
10847609,3306172133,0828s,7,01
10819684,3306172165,1110,7,01
10796065,3306172165,1009,8,01
10796065,3306172165,1110,7,01
11782717,3306172482,1708039,7,01
11330085,3306172410,0385,6,01
10630337,3306172165,1012s,7,01
10530803,3306172165,1012s,9,01
10800028,3306172165,1012s,10,01
11089472,3306172165,1012s,8,01
10630337,3306172165,1109,6,01
10754604,3306172165,1109,8,01
10800028,3306172165,1109,8,01
10824007,3306172165,1109,7,01
10918602,3306172165,1109,7,01
10263154,3306172165,1109,8,01
13461591,3306172165,1109,8,01
10764144,3306172165,1007,7,01
10776549,3306172165,1007,9,01
10806298,3306172165,1007,7,01
10797573,3306172165,CVOPT,8,01
10365221,3306172165,CVOPT,8,01
10918602,3306172165,1708020,6,01
10918602,3306172165,1008,4,01
10530803,3306172165,CVOPT,9,01
13500949,3306172165,CVOPT,9,01
10263154,3306172165,1011,8,01
13500949,3306172165,1011,8,01
10805294,3306172165,1011,6,01
10745573,3306172330,1665039,10,01
10729539,3306172330,1665039,10,01
11627062,3306172330,1665039,8,01
10675936,3306172330,1665039,8,01
10745573,3306172330,0398,4,01
10707825,3306172330,0398,4,01
10679964,3306172330,0398,4,01
11627062,3306172330,0398,9,01
13455702,3306172330,0398,9,01
10745573,3306172330,1710,8,01
10679964,3306172330,1710,7,01
10585531,3306172330,1708039,7,01
13251013,3306172330,0400s,9,01
10729539,3306172330,0180,4,01
13455702,3306172330,0180,8,01
10415316,3306172330,0397,9,01
11627062,3306172330,0397,9,01
10675936,3306172330,0397,8,01
10687498,3306172410,0385,8,01
10808311,3306172410,0385,6,01
10761594,3306172410,0385,6,01
10687498,3306172410,0387,8,01
10808311,3306172410,0387,6,01
10742128,3306172410,0387,8,01
10742128,3306172410,0388s,7,01
13450196,3306172410,0388s,8,01
13450196,3306172410,1665039,9,01
13450196,3306172410,0386,8,01
10514139,3306172410,0386,9,01
10808311,3306172410,0386,7,01
11330085,3306172410,CVOPT,9,01
10514139,3306172410,CVOPT,9,01
10742128,3306172410,CVOPT,9,01
10736502,3306172410,CVOPT,10,01
11802023,3306170521,028504,7,01
11248638,3306170521,028504,8,01
13532312,3306170521,028001,9,01
11123109,3306170521,028001,3,01
11110518,3306170521,028100,7,01
11010717,3306170521,028100,9,01
11017524,3306170521,028100,7,01
11248638,3306170521,028501,8,01
10932027,3306170521,028501,1,01
10885786,3306170521,028501,1,01
13162439,3306170521,028001,10,01
10241444,3306170521,028001,8,01
13598555,3306170521,028001,9,01
11101503,3306170521,028503,4,01
10702316,3306170521,028503,4,01
10916309,3306170521,028503,4,01
10803834,3306170521,028503,4,01
10702316,3306170521,028502,8,01
11620907,3306170619,1375p,9,01
10305806,3306172484,0171,7,01
10379062,3306172484,0171,3,01
13607126,3306172484,0177,3,01
13593119,3306172484,0177,8,01
13593121,3306172484,0181p,9,01
13608590,3306172484,0181p,0,01
13593121,3306172484,0177,3,01
13602219,3306172484,0177,0,01
13608590,3306172484,1709,0,01
13605770,3306172484,0171,4,01
13458379,3306172332,0171,0,01
13460187,3306172332,1709,0,01
13593106,3306172332,0172,7,01
13455012,3306172403,0384,4,01
10892142,3306172403,0384,6,01
10698000,3306172053,1229,9,01
11099468,3306172053,1229,9,01
12404225,3306172167,1012p,0,01
10835229,3306172167,0623,6,01
10487345,3306172167,0931,7,01
10932250,3306172167,0931,7,01
10961331,3306172135,1709,8,01
10767809,3306172135,1709,8,01
10027352,3306172135,1709,8,01
10884465,3306172135,1709,8,01
10767809,3306172135,0625,7,01
11709509,3306172135,0625,6,01
10885568,3306172135,0625,4,01
10920099,3306172135,0625,8,01
13446594,3306169440,243270,8,01
11316053,3306169440,243270,9,01
10925591,3306173997,0439,6,01
13162455,3306173997,0439,6,01
13592648,3306173997,0439,7,01
13332555,3306173997,0439,8,01
10747126,3306173997,0439,8,01
12406107,3306173997,0437,7,01
13529587,3306173997,0437,7,01
10907141,3306173997,0437,6,01
11136115,3306173997,0437,7,01
13596973,3306174048,0650,7,01
10657315,3306174048,0650,9,01
10835742,3306174048,0650,0,01
13537130,3306174048,0647,3,01
11552430,3306174048,0647,5,01
12745122,3306174048,0649,6,01
12116573,3306174048,0179,9,01
10835742,3306174048,0649,0,01
10915302,3306169744,0369,7,01
10896459,3306169744,0369,8,01
10910205,3306169744,1709,8,01
11226702,3306169744,1709,9,01
10784937,3306169744,0372,9,01
10895404,3306169744,0372,10,01
13593151,3306169651,0179,9,01
10839683,3306169651,0179,0,01
10404419,3306169651,0179,9,01
10399842,3306169651,0373,8,01
13170302,3306169651,0373,0,01
11453697,3306169593,0156,8,01
11100333,3306169593,0223,8,01
13545139,3306169593,0222,9,01
10308852,3306169593,0222,4,01
11146537,3306169591,0226,9,01
13452408,3306169591,0226,10,01
11009276,3306169591,0226,3,01
11013828,3306169591,0226,6,01
11622314,3306169591,1713707,9,01
10993836,3306170617,1665061,10,01
10819488,3306170617,1665061,10,01
10122344,3306170617,1665061,10,01
10798915,3306170617,1665061,9,01
10809667,3306170617,1710,10,01
10635383,3306170617,1710,4,01
10546650,3306170617,CVOPT,8,01
10737175,3306173995,1713472,8,01
11004716,3306173995,1713472,9,01
11039273,3306173995,1713472,9,01
10737175,3306173995,1710,8,01
10929818,3306173995,1710,9,01
10960990,3306173995,1710,8,01
10929912,3306173995,0446,6,01
11029440,3306173995,0446,7,01
10244048,3306174046,0655,3,01
10679722,3306174046,0656,5,01
10679709,3306174046,0656,7,01
12332046,3306174046,0656,9,01
10802285,3306174046,0653,4,01
12465550,3306172060,CVOPT,6,01
13291541,3306172060,1710,9,01
12744964,3306172060,1710,6,01
10689201,3306172133,0823,6,01
10734184,3306172133,1710,10,01
10764144,3306172165,1665020,7,01
10819684,3306172165,1665020,8,01
10800028,3306172165,1665020,8,01
11782717,3306172482,1665039,7,01
11782717,3306172482,1710,7,01
10687498,3306172410,1710,7,01
13475662,3306172410,1665039,9,01
10514139,3306172410,0385,9,01
12912453,3306172410,1665039,7,01
12912453,3306172410,0385,9,01
12237928,3306170521,028001,10,01
10407199,3306170521,028505,4,01
13532312,3306170521,028502,8,01
11321038,3306170521,028100,0,01
13269119,3306170521,028504,9,01
11103695,3306170521,028505,4,01
10322995,3306170521,028502,5,01
10322995,3306170521,028504,0,01
11574134,3306170521,028505,7,01
11248638,3306170521,028502,7,01
11248638,3306170521,028505,8,01
10892583,3306170521,028505,7,01
10914786,3306170521,028505,4,01
13598449,3306170521,028100,10,01
12059467,3306170521,028501,0,01
12059467,3306170521,028100,0,01
11010717,3306170521,028503,8,01
10974769,3306170521,028505,8,01
13074463,3306170521,028100,0,01
11017524,3306170521,028505,8,01
11030604,3306170521,028100,7,01
13122237,3306170521,028501,0,01
11028307,3306170521,028505,7,01
10916309,3306170521,028001,6,01
13598561,3306170521,028505,7,01
13160174,3306170521,028505,0,01
11236141,3306170521,028504,7,01
11096252,3306170521,028501,7,01
11103555,3306170521,028505,8,01
10743008,3306170521,028100,10,01
12587578,3306170521,028502,7,01
13297080,3306170521,028504,7,01
10027392,3306170619,0179,0,01
10027392,3306170619,1369,0,01
10740566,3306170619,1367,8,01
12649264,3306170619,0179,7,01
11082700,3306170619,1375p,10,01
10736761,3306170619,1367,4,01
11620907,3306170619,1367,4,01
10784831,3306170619,1367,0,01
10892991,3306170619,1368,4,01
10916992,3306170619,1368,8,01
10886973,3306170619,1370,9,01
10918418,3306170619,0179,4,01
10918418,3306170619,1368,7,01
10515804,3306170619,1367,0,01
10711961,3306170619,1369,5,01
10927613,3306170619,1367,4,01
10758727,3306170619,1375p,10,01
10918779,3306170619,1370,9,01
12667179,3306170619,1375p,3,01
12667179,3306170619,1369,4,01
10920136,3306170619,1367,7,01
10610022,3306170619,0179,6,01
10762965,3306170619,0179,7,01
10762965,3306170619,1367,7,01
10899960,3306170619,1375p,10,01
10899960,3306170619,1369,8,01
10490475,3306170619,1375p,3,01
10490475,3306170619,1370,1,01
10490475,3306170619,1368,4,01
13623963,3306172484,0181p,5,01
13623963,3306172484,0179,9,01
13623963,3306172484,0174,1,01
13607126,3306172484,0174,4,01
10788322,3306172484,0174,0,01
13602203,3306172484,0177,0,01
10798065,3306172484,0181p,9,01
13593120,3306172484,0181p,9,01
13593120,3306172484,0173,5,01
13593121,3306172484,0179,4,01
13608577,3306172484,1709,0,01
13608577,3306172484,0179,0,01
12561340,3306172484,0179,7,01
12561340,3306172484,0171,8,01
11051785,3306172484,0173,6,01
10843015,3306172484,0171,5,01
13593117,3306172484,0181p,0,01
10581374,3306172484,1709,7,01
10581374,3306172484,0172,9,01
13458379,3306172332,0172,0,01
13593106,3306172332,0179,8,01
10780778,3306172332,0172,8,01
11515797,3306172332,0384,7,01
10740697,3306172332,0400p,8,01
10740697,3306172332,0172,10,01
13608890,3306172332,0171,8,01
10657923,3306172332,0171,9,01
10657923,3306172332,0172,9,01
10902331,3306172403,0179,7,01
10311896,3306172403,0171,7,01
10790662,3306172403,0171,7,01
10790662,3306172403,0383,9,01
10755482,3306172403,0179,6,01
10755482,3306172403,0384,4,01
11702324,3306172403,0383,8,01
11702324,3306172403,0173,4,01
10610202,3306172403,0383,8,01
11258786,3306172403,0179,6,01
10724848,3306172403,0384,4,01
10796413,3306172403,0384,3,01
12813996,3306172403,0179,0,01
10652392,3306172403,0172,9,01
10790903,3306172403,0384,4,01
13604001,3306172403,0171,5,01
13604001,3306172403,0173,4,01
10919245,3306172053,1232,5,01
11106237,3306172053,1233,7,01
11121167,3306172053,1709,6,01
11120345,3306172053,1709,6,01
11110260,3306172053,1709,5,01
10905076,3306172053,1229,5,01
11114298,3306172053,1233,7,01
10676509,3306172167,0930,6,01
13611445,3306172167,0931,10,01
10699266,3306172167,1010,6,01
10015387,3306172167,0623,4,01
12404225,3306172167,1709,0,01
13598677,3306172167,0623,0,01
10932819,3306172167,0623,0,01
10932819,3306172167,0931,0,01
10904904,3306172167,0931,9,01
10883675,3306172167,0930,7,01
10883675,3306172167,1010,7,01
10895836,3306172167,0179,9,01
13595716,3306172167,1010,0,01
10436333,3306172167,0930,4,01
13598103,3306172167,1709,0,01
10214849,3306172167,0930,0,01
10904796,3306172167,0930,6,01
13506504,3306172167,0931,8,01
10742412,3306172167,0931,8,01
10790209,3306172167,1012p,10,01
10416632,3306172167,0179,9,01
11313275,3306172167,1709,8,01
10526778,3306172167,0931,9,01
10892734,3306172167,0931,6,01
11416033,3306172135,0623,9,01
10805487,3306172135,0828p,5,01
10805487,3306172135,0627,5,01
10889204,3306172135,0622,6,01
10889204,3306172135,0625,6,01
11075020,3306172135,1709,9,01
10767809,3306172135,0627,6,01
13112701,3306172135,0179,6,01
12722909,3306172135,1709,9,01
10762386,3306172135,0179,4,01
10762386,3306172135,0622,7,01
10916125,3306172135,1709,9,01
10916125,3306172135,0623,7,01
10885568,3306172135,1709,7,01
10920099,3306172135,0627,8,01
10321931,3306169433,243267,4,01
10321931,3306169433,243266,7,01
10783295,3306169433,243264,9,01
10307643,3306169433,243264,7,01
12687088,3306169433,243264,9,01
10699142,3306169440,243271,7,01
10791102,3306169440,243602,7,01
10347923,3306169440,243602,8,01
10287428,3306169440,243270,8,01
13475004,3306169440,243602,9,01
10869145,3306169440,243271,7,01
10705571,3306169440,243271,9,01
13594870,3306173997,0439,8,01
13594604,3306173997,0441,9,01
13594604,3306173997,0156,9,01
13594861,3306173997,0437,6,02
13289072,3306173997,0439,8,01
12406107,3306173997,0156,5,01
11336870,3306173997,0437,9,02
13592648,3306173997,1709,9,01
13332555,3306173997,1709,9,01
10899529,3306173997,0438,7,01
11347134,3306173997,0438,7,01
11896491,3306173997,0441,7,01
11896491,3306173997,0439,8,01
10806257,3306173997,0438,9,01
10747126,3306173997,0438,10,01
10931052,3306173997,0437,7,01
11168289,3306173997,0437,6,01
13134429,3306173997,1709,9,01
11132240,3306173997,1709,9,01
11132240,3306173997,0439,6,01
11019069,3306173997,0439,7,01
11019069,3306173997,0156,6,01
13356546,3306173997,0437,7,01
11143320,3306173997,0437,8,01
11041555,3306173997,0441,10,01
11802825,3306174048,0657p,7,01
11802825,3306174048,0648,5,01
13455395,3306174048,0648,7,01
13486970,3306174048,0657p,8,01
13486970,3306174048,0647,8,01
10910705,3306174048,0179,4,01
10925424,3306174048,0179,8,01
10925424,3306174048,0651,8,01
13101838,3306174048,0657p,7,01
13457085,3306174048,0650,6,01
10840996,3306174048,0650,8,01
13596949,3306174048,0657p,0,01
10662076,3306174048,0649,7,01
10926432,3306174048,0651,9,01
13596536,3306174048,0647,7,01
10025322,3306174048,0649,0,01
11552430,3306174048,0649,6,01
13298754,3306174048,0650,0,01
13597950,3306174048,0650,8,01
10509392,3306174048,0648,6,01
13542655,3306174048,0647,9,01
10899530,3306174048,0648,6,01
10737176,3306174048,0650,9,01
12788547,3306174048,0651,7,01
10904320,3306174048,0650,8,01
10709630,3306174048,0657p,5,01
10709630,3306174048,0650,7,01
10709630,3306174048,0647,9,01
11690583,3306174048,0650,6,01
11690583,3306174048,0648,8,01
10805501,3306169744,0373,6,01
10928705,3306169744,0370,6,01
10823890,3306169744,1709,6,01
10823890,3306169744,0379p,9,01
10921245,3306169744,0379p,9,01
10681199,3306169744,0371,9,01
10898640,3306169744,0373,5,01
10784937,3306169744,0379p,10,01
10911373,3306169744,1709,9,01
10996327,3306169744,0372,10,01
10895404,3306169744,0179,10,01
10679710,3306169651,0485,8,01
11898422,3306169651,0483,5,01
10904569,3306169651,0179,9,01
10462619,3306169651,0179,10,01
10462619,3306169651,0484,8,01
13303646,3306169651,0179,3,01
13593151,3306169651,0484,6,01
10246766,3306169651,0373,10,01
10308422,3306169651,0616p,9,01
10454462,3306169651,0483,6,01
10472185,3306169651,0179,10,01
12876207,3306169651,0373,0,01
12876207,3306169651,0485,0,01
10463301,3306169651,0484,0,01
11905649,3306169651,0483,8,01
13592958,3306169651,0487,0,01
10900201,3306169651,0483,7,01
10832166,3306169651,0485,8,01
10832166,3306169651,0484,8,01
10756981,3306169651,0485,7,01
10301350,3306169651,0373,10,01
10301350,3306169651,0487,10,01
10301350,3306169651,0484,8,01
10836046,3306169651,0179,8,01
10283093,3306169651,0485,0,01
10299132,3306169651,0616p,0,01
10819052,3306169651,0373,9,01
10819052,3306169651,0485,8,01
10471020,3306169651,0485,7,01
11126483,3306169593,0222,4,01
10933605,3306169593,0223,8,01
10933605,3306169593,0221,8,01
11251993,3306169593,0222,0,01
12610265,3306169593,1709,7,01
12615991,3306169593,0222,0,01
12615991,3306169593,0156,0,01
10604690,3306169593,0223,9,01
10604690,3306169593,0156,9,01
11248234,3306169593,0222,4,01
11453697,3306169593,0225,4,01
10892119,3306169593,0223,7,01
11417915,3306169593,0221,6,01
11432717,3306169593,1709,5,01
10908386,3306169593,0221,3,01
11504295,3306169593,0225,3,01
13459021,3306169593,0222,0,01
10959217,3306169593,0221,7,01
10959217,3306169593,0156,0,01
12651696,3306169593,0223,0,01
10893131,3306169591,0226,8,01
10893131,3306169591,1710,6,01
11622314,3306169591,0228,9,01
13452408,3306169591,1710,9,01
11002807,3306169591,1708190,10,01
11013828,3306169591,1710,9,01
11708808,3306169591,1713707,9,01
11000271,3306169591,0227,10,01
11000271,3306169591,1710,8,01
10500950,3306169751,1708190,7,01
10635003,3306169751,CVOPT,10,01
10910600,3306169751,0376,9,01
10757735,3306169751,CVOPT,5,01
11082671,3306169751,0376,8,01
10737949,3306169751,0378,4,01
10762023,3306169751,0376,7,01
10762338,3306169751,1710,7,01
13456011,3306169751,0379s,10,01
13345475,3306169751,1710,7,01
10511870,3306169658,1665190,0,01
10511870,3306169658,0614,0,01
10511870,3306169658,0612,0,01
10611084,3306169658,0616s,7,01
10718934,3306169658,CVOPT,3,01
10757001,3306169658,1708190,9,01
10828387,3306169658,0612,1,01
10736277,3306169658,0616s,9,01
10688878,3306169658,0614,8,01
10711924,3306169658,0612,9,01
10799612,3306170617,1373,9,01
11514753,3306170617,1708061,10,01
11514753,3306170617,1371,9,01
10026298,3306170617,1665061,8,01
10026298,3306170617,1375s,5,01
10742238,3306170617,1710,7,01
10734128,3306170617,1708061,10,01
10282118,3306170617,CVOPT,10,01
10378823,3306170617,1665061,10,01
10688361,3306170617,1375s,5,01
10827153,3306170617,CVOPT,9,01
13281768,3306170617,1373,7,01
10819378,3306170617,1371,9,01
10786004,3306170617,1373,7,01
10711950,3306170617,1371,7,01
11104411,3306170617,1708061,10,01
11104411,3306170617,1372,8,01
10725869,3306170617,1710,7,01
10729560,3306170617,1375s,8,01
10780789,3306170617,1375s,5,01
10851445,3306170617,1371,8,01
10809667,3306170617,1375s,5,01
10635383,3306170617,1371,5,01
10635383,3306170617,1373,3,01
10993558,3306170617,1372,4,01
10887720,3306173995,0442,8,01
10929912,3306173995,0448,7,01
11029440,3306173995,CVOPT,9,01
11028742,3306173995,0448,6,01
10911748,3306173995,0442,7,01
10911748,3306173995,1710,8,01
11044309,3306173995,1708001,8,01
11044309,3306173995,1710,7,01
11033515,3306173995,CVOPT,7,01
11033515,3306173995,1708001,7,01
11004486,3306173995,0448,9,01
11043785,3306173995,CVOPT,8,01
10835299,3306173995,0442,4,01
11805803,3306173995,CVOPT,9,01
11026339,3306173995,CVOPT,7,01
11026339,3306173995,1664001,10,01
10905782,3306173995,1708001,7,01
10905782,3306173995,0446,6,01
11666166,3306173995,0446,2,01
11024457,3306173995,0446,8,01
10911000,3306173995,0443,1,01
10819061,3306174046,1708001,10,01
10819061,3306174046,0653,8,01
10679722,3306174046,1708001,5,01
10679722,3306174046,0653,2,01
10961892,3306174046,1708001,3,01
10024578,3306174046,1665001,7,01
10024578,3306174046,1708001,6,01
10824617,3306174046,0655,7,01
10017455,3306174046,1665001,9,01
10017455,3306174046,0655,10,01
10679695,3306174046,1710,6,01
10789628,3306174046,0654,6,01
10780784,3306174046,1665001,5,01
10835676,3306174046,0657s,8,01
10776755,3306172060,1230,8,01
10776755,3306172060,1710,7,01
11798264,3306172060,1234,7,01
11798264,3306172060,1235,4,01
10924853,3306172060,1710,8,01
10787502,3306172060,1710,8,01
10776722,3306172060,1713925,4,01
10776722,3306172060,1228,5,01
10899896,3306172060,1708020,8,01
10899896,3306172060,1230,8,01
10904203,3306172060,1228,9,01
10904203,3306172060,1710,9,01
12465550,3306172060,1708020,7,01
11024352,3306172060,1664020,7,01
11024352,3306172060,1227,4,01
13099124,3306172060,1708020,9,01
12607119,3306172060,1230,7,01
10912726,3306172060,1664020,5,01
10912726,3306172060,1230,9,01
11004108,3306172060,1227,9,01
10766452,3306172133,0827,7,01
10689201,3306172133,1708020,8,01
10835673,3306172133,0825,5,01
11073751,3306172133,0823,7,01
12912678,3306172133,1708020,8,01
13473425,3306172133,CVOPT,10,01
10707892,3306172133,CVOPT,7,01
10707892,3306172133,0827,6,01
10766414,3306172133,0825,8,01
10847609,3306172133,0824,5,01
10630337,3306172165,1011,5,01
10764144,3306172165,CVOPT,7,01
10776549,3306172165,CVOPT,9,01
10726936,3306172165,1011,6,01
10726936,3306172165,1110,7,01
11089472,3306172165,1007,6,01
10365221,3306172165,1110,8,01
10852161,3306172165,1708020,8,01
10852161,3306172165,1007,10,01
10852161,3306172165,1110,8,01
10270640,3306172165,1110,3,01
10263154,3306172165,1008,7,01
10263154,3306172165,1009,8,01
13461591,3306172165,1012s,8,01
10630363,3306172165,CVOPT,8,01
10805294,3306172165,1110,6,01
13500949,3306172165,1708020,6,01
13500949,3306172165,1009,7,01
13500949,3306172165,1109,6,01
13525343,3306172165,1008,8,01
13525343,3306172165,1011,8,01
10585531,3306172330,1665039,7,01
10766449,3306172330,0398,4,01
10766449,3306172330,1710,8,01
10707825,3306172330,0397,4,01
10729539,3306172330,0398,9,01
10530795,3306172330,0180,4,01
13455702,3306172330,0397,9,01
10415316,3306172330,0399,9,01
10415316,3306172330,1710,9,01
10679964,3306172330,0400s,8,01
10679964,3306172330,0397,8,01
10698462,3306172330,0400s,8,01
10698462,3306172330,1710,7,01
10749811,3306172410,0385,7,01
10749811,3306172410,1710,6,01
10320497,3306172410,1665039,9,01
10320497,3306172410,0386,8,01
13450196,3306172410,1710,9,01
13472424,3306172410,CVOPT,7,01
13475599,3306172410,CVOPT,9,01
13475599,3306172410,1710,7,01
13479949,3306170521,028501,7,01
10706065,3306170521,028501,0,01
13323096,3306170521,028504,7,01
10407199,3306170521,028501,4,01
13377168,3306170521,028001,10,01
13377168,3306170521,028503,4,01
13129964,3306170521,028504,6,01
11123109,3306170521,028502,4,01
11135046,3306170521,028001,6,01
11135046,3306170521,028100,8,01
11026033,3306170521,028503,4,01
10762395,3306170521,028001,4,01
10762395,3306170521,028100,3,01
10932027,3306170521,028502,4,01
10932027,3306170521,028100,1,01
10914786,3306170521,028100,7,01
13246193,3306170521,028504,6,01
11010717,3306170521,028001,7,01
13156002,3306170521,028502,9,01
10241444,3306170521,028505,6,01
13289086,3306170521,028502,7,01
11095340,3306170521,028504,7,01
11095340,3306170521,028001,7,01
11095340,3306170521,028503,4,01
12623376,3306170521,028503,8,01
13538314,3306170521,028504,0,01
13538314,3306170521,028505,0,01
13538314,3306170521,028503,0,01
13518965,3306170521,028505,0,01
10885488,3306170521,028501,4,01
10407158,3306170521,028502,4,01
11116523,3306170521,028503,4,01
11101503,3306170521,028501,7,01
11028307,3306170521,028503,4,01
10913618,3306170521,028505,0,01
10913618,3306170521,028001,0,01
10913618,3306170521,028503,0,01
11906482,3306170521,028001,9,01
11906482,3306170521,028503,8,01
13598561,3306170521,028501,8,01
13160174,3306170521,028502,0,01
11899562,3306170521,028502,6,01
10992542,3306170521,028505,0,01
10782041,3306170521,028505,4,01
10805472,3306170521,028502,7,01
13388119,3306170521,028505,0,01
13388119,3306170521,028001,3,01
11103555,3306170521,028100,8,01
10795396,3306170521,028100,10,01
13506891,3306170521,028505,9,01
12406893,3306170521,028503,6,01
13518817,3306170521,028100,6,01
10740566,3306170619,1369,8,01
12649264,3306170619,1375p,9,01
10913687,3306170619,1368,8,01
10736761,3306170619,1370,4,01
10834105,3306170619,1367,8,01
13594581,3306170619,1367,4,01
10914260,3306170619,0179,4,01
10931524,3306170619,1709,10,01
10931524,3306170619,1369,10,01
10636216,3306170619,1370,7,01
10714135,3306170619,0179,0,01
10678151,3306170619,1370,0,01
10711961,3306170619,1367,4,01
10677457,3306170619,1375p,4,01
10909929,3306170619,1367,7,01
10758727,3306170619,0179,4,01
10903526,3306170619,1370,8,01
10610022,3306170619,1367,7,01
12413993,3306172484,1709,0,01
13228273,3306172484,0177,0,01
13561737,3306172484,0172,3,01
10305806,3306172484,0177,5,01
13608584,3306172484,0179,4,01
10798065,3306172484,0172,9,01
10379063,3306172484,0174,2,01
13598131,3306172484,0174,0,01
13608590,3306172484,0177,0,01
10707659,3306172484,0173,0,01
13593119,3306172484,0179,10,01
10895710,3306172332,1709,6,01
13458379,3306172332,0384,0,01
13460187,3306172332,0172,0,01
10583520,3306172332,0179,9,01
13593106,3306172332,0400p,8,01
12151924,3306172332,0384,8,01
10780778,3306172332,0400p,8,01
13593493,3306172332,0400p,0,01
11515797,3306172332,0400p,8,01
11515797,3306172332,0172,10,01
10790662,3306172403,0384,3,01
11405737,3306172403,0179,0,01
10796413,3306172403,0172,5,01
10652392,3306172403,0173,9,01
13604001,3306172403,0384,3,01
10924004,3306172053,1709,5,01
10924004,3306172053,1229,4,01
10924004,3306172053,1231,4,01
10996182,3306172053,0156,6,01
12953439,3306172053,1233,8,01
10803891,3306172053,1709,5,01
11245068,3306172167,1709,0,01
10699266,3306172167,0623,5,01
12404225,3306172167,1010,0,01
10560755,3306172167,1010,7,01
10199483,3306172167,1012p,0,01
10425558,3306172167,1709,7,01
10425558,3306172167,0179,7,01
12565921,3306172167,1012p,9,01
10929310,3306172167,0179,9,01
10463434,3306172167,0931,0,01
10894622,3306172167,0179,8,01
10730721,3306172167,0179,9,01
10895836,3306172167,1012p,9,01
10895836,3306172167,0931,9,01
12500676,3306172167,0179,9,01
12561661,3306172167,0930,4,01
10919736,3306172167,0179,5,01
11242827,3306172167,0931,8,01
11313275,3306172167,0623,7,01
10351884,3306172167,1010,1,01
10792044,3306172167,0623,6,01
10833008,3306172167,0179,7,01
10893829,3306172167,1010,8,01
10928697,3306172167,1012p,8,01
12152515,3306172167,0930,4,01
10761942,3306172135,0828p,7,01
10761942,3306172135,0625,7,01
10889204,3306172135,0179,6,01
11744036,3306172135,0622,9,01
13593226,3306172135,0625,7,01
13593226,3306172135,0623,7,01
13112701,3306172135,0622,8,01
11336367,3306172135,0625,6,01
11336367,3306172135,0623,7,01
11709509,3306172135,0627,6,01
10762386,3306172135,0625,7,01
10884465,3306172135,0179,9,01
10757281,3306169433,243265,8,01
10307643,3306169433,243267,9,01
13043456,3306169433,243264,4,01
12687088,3306169433,243265,9,01
10645924,3306169433,243264,8,01
10745463,3306169433,243266,9,01
10745463,3306169433,243264,10,01
10827161,3306169433,243265,7,01
10827161,3306169433,243267,8,01
13593116,3306169433,243265,8,01
10698470,3306169440,243604,7,01
11285049,3306169440,243604,8,01
10347923,3306169440,243604,5,01
10783224,3306169440,243604,7,01
10783224,3306169440,243271,8,01
13467527,3306169440,243270,8,01
10869145,3306169440,243604,6,01
10925591,3306173997,0438,8,01
13594604,3306173997,1709,7,01
11241256,3306173997,0441,9,01
13514838,3306173997,0156,4,01
13162455,3306173997,0437,6,01
11055715,3306173997,0438,7,01
11038609,3306173997,0438,10,01
11899732,3306173997,0437,0,01
13626945,3306173997,0156,4,01
11896491,3306173997,1709,6,01
10907141,3306173997,0441,1,01
11168289,3306173997,0439,6,01
10832115,3306173997,1709,8,01
10847700,3306173997,0441,9,01
10996773,3306173997,0441,9,01
11132240,3306173997,0441,9,01
11008351,3306173997,0437,6,01
11019069,3306173997,1709,8,01
12647763,3306173997,0156,0,01
10352292,3306173997,0441,0,01
10352292,3306173997,0438,0,01
13356546,3306173997,0441,10,01
11041555,3306173997,0439,7,01
11259014,3306174048,0649,0,01
13304340,3306174048,0657p,7,01
13304340,3306174048,0179,1,01
12859504,3306174048,0179,8,01
11802825,3306174048,0179,4,01
10895723,3306174048,0647,4,01
10925424,3306174048,0649,7,01
13101838,3306174048,0650,9,01
11904167,3306174048,0648,7,01
10840996,3306174048,0648,4,01
13596949,3306174048,0647,0,01
13456235,3306174048,0647,9,01
10707710,3306174048,0657p,8,01
10243725,3306174048,0647,0,01
12116573,3306174048,0657p,9,01
12116573,3306174048,0647,10,01
11071688,3306174048,0647,4,01
10899530,3306174048,0650,5,01
10832907,3306174048,0650,8,01
10840806,3306174048,0657p,7,01
10840806,3306174048,0649,8,01
12788547,3306174048,0657p,8,01
12788547,3306174048,0179,4,01
10924358,3306174048,0657p,8,01
10924358,3306174048,0650,6,01
13263684,3306174048,0649,9,01
12736231,3306174048,0179,2,01
12736231,3306174048,0651,5,01
12736231,3306174048,0650,10,01
12478421,3306174048,0650,8,01
10779855,3306174048,0651,6,01
10779855,3306174048,0649,2,01
10928705,3306169744,0373,5,01
10921245,3306169744,1709,8,01
10681199,3306169744,0379p,9,01
10681199,3306169744,0369,8,01
10898640,3306169744,0379p,9,01
11226702,3306169744,0379p,9,01
10911373,3306169744,0371,9,01
10427570,3306169651,0179,0,01
10311349,3306169651,0373,0,01
10803070,3306169651,0487,9,01
10308422,3306169651,0483,9,01
10454462,3306169651,0487,5,01
10399842,3306169651,0483,4,01
10837080,3306169651,0485,6,01
10837080,3306169651,0484,9,01
10308750,3306169651,0373,8,01
10308750,3306169651,0487,7,01
12730778,3306169651,0487,0,01
10472185,3306169651,0485,10,01
10472185,3306169651,0484,9,01
12876207,3306169651,0179,0,01
12876207,3306169651,0487,0,01
13593175,3306169651,0485,0,01
11905649,3306169651,0373,8,01
13352871,3306169651,0373,0,01
11197655,3306169651,0483,9,01
10888617,3306169651,0179,7,01
10888617,3306169651,0487,7,01
10301350,3306169651,0483,8,01
10904666,3306169651,0485,8,01
10836046,3306169651,0487,5,01
10299132,3306169651,0484,0,01
10310048,3306169651,0485,7,01
10404419,3306169651,0616p,0,01
10404419,3306169651,0487,10,01
10819052,3306169651,0487,9,01
10884600,3306169651,0616p,9,01
10884600,3306169651,0487,9,01
13458925,3306169651,0616p,9,01
11126483,3306169593,0221,8,01
10405869,3306169593,0225,2,01
11829256,3306169593,0221,7,01
11829256,3306169593,0222,4,01
10270606,3306169593,0225,8,01
11251993,3306169593,0225,0,01
11453697,3306169593,1709,5,01
11134533,3306169593,0225,9,01
12919510,3306169593,0221,6,01
11100333,3306169593,0222,9,01
10405932,3306169593,1709,0,01
13288296,3306169593,0221,9,01
13288296,3306169593,0222,8,01
10897212,3306169593,0225,2,01
12651696,3306169593,0225,0,01
12651696,3306169593,0222,0,01
10982502,3306169593,0223,3,01
10812899,3306169591,1713707,8,01
11009276,3306169591,0224,3,01
12472787,3306169591,0228,7,01
11035843,3306169591,0227,2,01
10500950,3306169751,0376,4,01
10500950,3306169751,0374,1,01
10910600,3306169751,0379s,9,01
10849397,3306169751,CVOPT,10,01
10849397,3306169751,0374,8,01
12854002,3306169751,0376,6,01
10840811,3306169751,1665190,10,01
10823812,3306169751,1665190,9,01
13456011,3306169751,0376,8,01
13345475,3306169751,0376,8,01
10511870,3306169658,CVOPT,0,01
10770657,3306169658,0616s,6,01
10711977,3306169658,1710,7,01
10856605,3306169658,1665190,8,01
10856605,3306169658,0616s,6,01
10643328,3306169658,0616s,8,01
10810051,3306169658,1708190,8,01
10758419,3306169658,0615,3,01
10635824,3306169658,0614,8,01
10635513,3306169658,1665190,4,01
10635513,3306169658,CVOPT,5,01
10635513,3306169658,0616s,5,01
10635513,3306169658,0615,5,01
10799612,3306170617,1374,10,01
10834174,3306170617,CVOPT,8,01
10834174,3306170617,1371,9,01
10834174,3306170617,1373,7,01
10734128,3306170617,1710,9,01
10282118,3306170617,1372,9,01
10378823,3306170617,CVOPT,10,01
10944114,3306170617,1374,6,01
10803120,3306170617,1373,9,01
10827153,3306170617,1371,9,01
10809557,3306170617,1374,8,01
10793376,3306170617,1374,7,01
13281768,3306170617,1710,3,01
10122344,3306170617,1371,10,01
10819378,3306170617,1372,8,01
10819378,3306170617,1373,9,01
10819378,3306170617,1374,8,01
13273466,3306170617,1371,8,01
10776515,3306170617,1665061,6,01
10776515,3306170617,1371,9,01
10725869,3306170617,1373,7,01
13462544,3306170617,1710,7,01
10780789,3306170617,1372,7,01
10515381,3306170617,1372,7,01
13167864,3306170617,1373,8,01
11649375,3306170617,CVOPT,9,01
10737175,3306173995,0443,7,01
10911568,3306173995,0448,6,01
10911748,3306173995,1713472,6,01
11039273,3306173995,1664001,9,01
10835299,3306173995,CVOPT,6,01
10905782,3306173995,1713472,8,01
10905782,3306173995,0442,6,01
11024457,3306173995,0442,9,01
10679723,3306174046,0655,7,01
10679723,3306174046,0653,4,01
10677900,3306174046,0653,4,01
10677900,3306174046,0654,4,01
10819061,3306174046,0657s,10,01
10819061,3306174046,0655,7,01
10819061,3306174046,1710,7,01
10961892,3306174046,0654,6,01
10024578,3306174046,0654,6,01
10679709,3306174046,0654,5,01
10025295,3306174046,0656,6,01
10025295,3306174046,1710,4,01
12332046,3306174046,1708001,5,01
10906957,3306174046,0653,5,01
10840138,3306174046,0653,4,01
10835676,3306174046,1710,5,01
10711948,3306174046,0654,4,01
10931235,3306172060,1713925,4,01
11798264,3306172060,1713925,4,01
11798264,3306172060,1664020,5,01
10776722,3306172060,1230,6,01
10648909,3306172060,1234,5,01
13291541,3306172060,1228,7,01
13099124,3306172060,1235,8,01
10889537,3306172060,1230,7,01
12912678,3306172133,0823,8,01
12912678,3306172133,1710,9,01
10487336,3306172133,0825,8,01
10857816,3306172133,0827,9,01
11388211,3306172133,0828s,9,01
11388211,3306172133,0824,7,01
10806298,3306172165,1008,4,01
10806298,3306172165,1011,8,01
10754604,3306172165,1708020,5,01
10796065,3306172165,1008,4,01
10796065,3306172165,1011,6,01
11089472,3306172165,1110,8,01
10813126,3306172165,1007,8,01
10918602,3306172165,CVOPT,9,01
10852161,3306172165,CVOPT,9,01
10852161,3306172165,1665020,9,01
10270640,3306172165,1007,5,01
10270640,3306172165,1009,3,01
13054040,3306172165,1109,7,01
10630363,3306172165,1708020,8,01
13500909,3306172165,1008,3,01
13500909,3306172165,1011,6,01
13500909,3306172165,1110,8,01
10585531,3306172330,0397,4,01
10835750,3306172330,0398,4,01
10645102,3306172330,1708039,8,01
10820272,3306172330,0399,4,01
10707825,3306172330,0400s,6,01
10707825,3306172330,1665039,5,01
10698109,3306172330,0400s,9,01
10719000,3306172330,0180,5,01
10415316,3306172330,CVOPT,9,01
13487222,3306172330,CVOPT,8,01
10679964,3306172330,1708039,8,01
13455952,3306172482,1708039,7,01
13455952,3306172482,1710,6,01
10687498,3306172410,1708039,9,01
10687498,3306172410,0386,8,01
13450196,3306172410,CVOPT,9,01
13450196,3306172410,0385,8,01
10676318,3306172410,1665039,5,01
13472424,3306172410,1710,4,01
13475662,3306172410,0385,8,01
10514139,3306172410,1708039,8,01
10514139,3306172410,1710,7,01
11802023,3306170521,028501,6,01
13323096,3306170521,028501,3,01
13596825,3306170521,028503,7,01
13532312,3306170521,028504,9,01
13532312,3306170521,028505,8,01
11103695,3306170521,028001,6,01
11123109,3306170521,028501,1,01
10906500,3306170521,028505,8,01
11026033,3306170521,028001,10,01
10892583,3306170521,028502,7,01
11519407,3306170521,028501,6,01
13162439,3306170521,028503,7,01
13246193,3306170521,028505,4,01
11128032,3306170521,028504,9,01
13456990,3306170521,028503,7,01
12081920,3306170521,028100,8,01
10839018,3306170521,028501,3,01
11010717,3306170521,028504,8,01
13156002,3306170521,028504,8,01
10241444,3306170521,028504,5,01
10241444,3306170521,028503,6,01
10241444,3306170521,028501,6,01
13289086,3306170521,028100,9,01
11095340,3306170521,028100,8,01
10912191,3306170521,028501,3,01
11101503,3306170521,028001,7,01
12051056,3306170521,028503,7,01
10913618,3306170521,028501,0,01
12848026,3306170521,028502,0,01
12848026,3306170521,028501,0,01
12848026,3306170521,028100,6,01
10897219,3306170521,028505,4,01
10897219,3306170521,028501,9,01
13160174,3306170521,028501,0,01
11899562,3306170521,028503,4,01
10782041,3306170521,028503,5,01
10805472,3306170521,028501,2,01
10795396,3306170521,028504,9,01
13518817,3306170521,028501,8,01
12587578,3306170521,028001,9,01
11837899,3306170521,028502,0,01
10889150,3306170619,1369,9,01
10702473,3306170619,1370,8,01
10736761,3306170619,1369,8,01
11312003,3306170619,1370,8,01
11790026,3306170619,0179,0,01
10735252,3306170619,0179,8,01
10784831,3306170619,1369,0,01
10931524,3306170619,1367,8,01
11337604,3306170619,1368,4,01
10886973,3306170619,1375p,9,01
10928805,3306170619,1370,4,01
10927613,3306170619,1368,8,01
10911185,3306170619,1375p,10,01
10899960,3306170619,1367,8,01
13598749,3306170619,1368,4,01
10659496,3306170619,1370,10,01
10652365,3306172484,1709,6,01
13228273,3306172484,0172,0,01
13228273,3306172484,0173,0,01
10788322,3306172484,0172,0,01
13551232,3306172484,0177,0,01
13593121,3306172484,1709,3,01
13602219,3306172484,0172,0,01
13608590,3306172484,0172,3,01
13605770,3306172484,0181p,9,01
13605770,3306172484,0172,5,01
10843015,3306172484,0177,6,01
13593251,3306172484,0181p,9,01
13593117,3306172484,0179,0,01
13593119,3306172484,0174,8,01
10895710,3306172332,0171,8,01
10895710,3306172332,0172,8,01
13458379,3306172332,0400p,0,01
13460187,3306172332,0171,0,01
13598941,3306172332,0400p,8,01
13598941,3306172332,0172,8,01
13445476,3306172332,1709,5,01
10583520,3306172332,1709,7,01
12151924,3306172332,0400p,8,01
10780778,3306172332,0173,6,01
13593493,3306172332,0172,0,01
13608890,3306172332,0172,9,01
13608890,3306172332,0173,7,01
10025712,3306172403,0171,8,01
12908126,3306172403,0171,8,01
12908126,3306172403,0172,8,01
11405737,3306172403,0173,0,01
10724848,3306172403,0388p,10,01
10724848,3306172403,0171,8,01
10724848,3306172403,0172,7,01
10892142,3306172403,0172,8,01
10892142,3306172403,0173,8,01
10690363,3306172403,0384,6,01
10690363,3306172403,0173,9,01
10790903,3306172403,0179,6,01
10654915,3306172053,1709,0,01
10654915,3306172053,1229,0,01
10654915,3306172053,1233,0,01
10919245,3306172053,1231,4,01
11120345,3306172053,1233,7,01
10803891,3306172053,0156,5,01
10803891,3306172053,1229,5,01
11110260,3306172053,1229,5,01
11099468,3306172053,1231,9,01
11036037,3306172053,1709,5,01
11114298,3306172053,1229,4,01
10803879,3306172053,1229,2,01
11433993,3306172053,1229,7,01
13611445,3306172167,1709,8,01
10866312,3306172167,0931,7,01
10894753,3306172167,0623,2,01
13598677,3306172167,0931,0,01
10303205,3306172167,0930,0,01
10303205,3306172167,1010,0,01
12565921,3306172167,0930,5,01
12565921,3306172167,1010,6,01
10929310,3306172167,0930,9,01
10929310,3306172167,1010,8,01
10516442,3306172167,0931,7,01
10932819,3306172167,0930,0,01
10894622,3306172167,0931,8,01
13595716,3306172167,1012p,0,01
12500676,3306172167,0931,9,01
13598103,3306172167,0623,0,01
13598103,3306172167,0930,0,01
10904796,3306172167,0623,3,01
10904796,3306172167,1010,7,01
10790209,3306172167,0931,9,01
12900452,3306172167,1012p,7,01
10883924,3306172167,0931,3,01
10351884,3306172167,0931,4,01
10730207,3306172167,0623,5,01
10526778,3306172167,1012p,9,01
10833008,3306172167,0930,3,01
12152515,3306172167,1010,3,01
13170472,3306172135,0828p,6,01
11136005,3306172135,0622,3,01
11709509,3306172135,0622,7,01
10884465,3306172135,0828p,4,01
10687998,3306169433,243266,8,01
10780813,3306169433,243265,4,01
10780813,3306169433,243267,7,01
11066151,3306169440,243602,6,01
10791102,3306169440,243271,7,01
13467527,3306169440,243602,9,01
13467527,3306169440,243271,8,01
10287428,3306169440,243604,7,01
10287348,3306169440,243270,8,01
10814418,3306169440,243271,4,01
13447274,3306169440,243604,8,01
13594870,3306173997,0438,7,01
13594861,3306173997,0441,5,01
11241256,3306173997,0438,7,01
13514838,3306173997,1709,7,01
13289072,3306173997,0441,9,01
11336870,3306173997,0437,9,01
13529587,3306173997,0441,8,01
11347134,3306173997,0441,6,01
13615239,3306173997,0439,9,01
10835148,3306173997,0439,8,01
13626945,3306173997,0439,8,01
10931052,3306173997,0156,7,01
10832115,3306173997,0437,4,02
10832115,3306173997,0441,1,01
10996773,3306173997,0438,9,01
10996773,3306173997,0156,5,01
10633944,3306173997,0441,1,01
10633944,3306173997,0438,7,01
11109924,3306173997,0156,9,01
11133386,3306173997,1709,9,01
12647763,3306173997,0439,0,01
12647763,3306173997,0438,0,01
10938365,3306173997,0438,4,01
10404730,3306173997,0437,6,02
11053348,3306173997,0156,7,01
13596973,3306174048,0657p,6,01
13597020,3306174048,0657p,4,01
13537130,3306174048,0650,2,01
10243668,3306174048,0647,5,01
12745122,3306174048,0650,5,01
10910705,3306174048,0647,7,01
13457085,3306174048,0651,7,01
10840996,3306174048,0179,7,01
13596949,3306174048,0650,0,01
13596949,3306174048,0648,0,01
13472424,3306172410,0180,4,01
10320497,3306172410,0180,9,01
11101503,3306170521,028505,7,01
11103555,3306170521,028502,9,01
12885212,3306170619,1709,9,01
10914452,3306170619,1709,8,01
13598749,3306170619,1709,5,01
13090097,3306170719,1371,4,01
13593120,3306172484,0174,3,01
13593121,3306172484,0174,4,01
10989676,3306172484,0174,8,01
10311896,3306172403,1709,8,01
10892142,3306172403,1709,7,01
10652392,3306172403,1709,9,01
12953439,3306172053,1226,9,01
10803891,3306172053,1226,7,01
11036037,3306172053,1226,5,01
11433993,3306172053,1226,6,01
11114298,3306172053,1226,4,01
11433993,3306172053,0156,9,01
11114298,3306172053,0156,4,01
11120345,3306172053,0156,4,01
10895836,3306172167,1709,8,01
10883675,3306172167,1709,6,01
10919736,3306172167,1709,6,01
10893829,3306172167,1709,8,01
10833008,3306172167,1012p,4,01
11170959,3306173997,0440,9,01
11241256,3306173997,0440,9,01
12461270,3306173997,0440,0,01
13626945,3306173997,0440,9,01
10421015,3306173997,0440,7,01
13594777,3306173997,0440,10,01
13529587,3306173997,0440,7,01
11899732,3306173997,0440,0,01
10847700,3306173997,0440,9,01
10633944,3306173997,0440,8,01
11136115,3306173997,0440,7,01
10806257,3306173997,0440,7,01
11132240,3306173997,0440,9,01
13486970,3306174048,0648,6,01
13542655,3306174048,0648,9,01
10511438,3306174048,0648,0,01
12565877,3306174048,0648,0,01
13597950,3306174048,0651,5,01
13593239,3306174048,0651,6,01
13597527,3306174048,1709,6,01
13593239,3306174048,1709,7,01
10904320,3306174048,1709,7,01
13303646,3306169651,1709,5,01
10308750,3306169651,1709,7,01
10472185,3306169651,1709,7,01
10471020,3306169651,1709,5,01
13593151,3306169651,1709,6,01
10900298,3306169651,0616p,10,01
10836046,3306169651,0616p,10,01
13232436,3306169651,0616p,9,01
10813139,3306169751,0375,4,01
10737949,3306169751,0375,1,01
13456011,3306169751,0375,8,01
10679695,3306174046,CVOPT,9,01
10835676,3306174046,CVOPT,8,01
10711948,3306174046,CVOPT,8,01
10780784,3306174046,0655,6,01
10742998,3306174046,0655,10,01
10906957,3306174046,0655,8,01
10889537,3306172060,CVOPT,9,01
10776722,3306172060,CVOPT,5,01
10904203,3306172060,CVOPT,10,01
10766452,3306172133,0822,8,01
10734184,3306172133,0822,4,01
10707892,3306172133,0822,7,01
10648032,3306172330,CVOPT,6,01
10698109,3306172330,CVOPT,8,01
10679964,3306172330,CVOPT,8,01
10675936,3306172330,CVOPT,8,01
13454999,3306172410,1708039,8,01
12051056,3306170521,028502,9,01
10782041,3306170521,028502,7,01
10780778,3306172332,0383,7,01
11515797,3306172332,0383,8,01
13593493,3306172332,0179,0,01
10929310,3306172167,1012p,9,01
10735482,3306172167,1012p,9,01
10931052,3306173997,0438,7,01
10911748,3306173995,CVOPT,8,01
12607119,3306172060,CVOPT,8,01
10835673,3306172133,0826,6,01
11073751,3306172133,1665020,8,01
10745573,3306172330,0399,9,01
13455952,3306172482,0178,7,01
10845796,3306170719,1371,6,01
11100435,3306172053,1226,4,01
10487345,3306172167,0623,6,01
11138087,3306173997,0438,9,01
10931052,3306173997,0440,7,01
12859504,3306174048,1709,10,01
13596536,3306174048,0657p,7,01
13596536,3306174048,0650,7,01
10243725,3306174048,0650,0,01
13597950,3306174048,0179,7,01
13597527,3306174048,0657p,6,01
11071688,3306174048,0179,0,01
10509392,3306174048,0649,7,01
13542655,3306174048,0651,9,01
10835742,3306174048,0651,0,01
10511438,3306174048,0650,0,01
13009073,3306174048,0647,3,01
10254912,3306174048,0650,9,01
10832907,3306174048,0648,7,01
10737176,3306174048,0647,8,01
10698482,3306174048,0179,5,01
10805501,3306169744,0372,10,01
10915302,3306169744,1709,7,01
10921245,3306169744,0371,8,01
10898640,3306169744,0372,9,01
10904793,3306169744,0370,8,01
11226702,3306169744,0372,9,01
10910799,3306169744,0179,9,01
10912321,3306169744,0370,9,01
10904569,3306169651,0487,7,01
10263445,3306169651,0485,4,01
10263445,3306169651,0484,6,01
10901180,3306169651,0616p,9,01
10462619,3306169651,0616p,10,01
10931085,3306169651,0616p,10,01
10931085,3306169651,0487,5,01
10891759,3306169651,0616p,9,01
11905649,3306169651,0487,7,01
10832166,3306169651,0487,9,01
10900298,3306169651,0373,9,01
10909591,3306169651,0485,9,01
10814397,3306169651,0487,0,01
10381670,3306169651,1709,0,01
10904666,3306169651,0487,6,01
10283093,3306169651,0179,0,01
10346246,3306169651,0483,2,01
10310048,3306169651,0179,8,01
11318786,3306169651,0484,0,01
11061166,3306169651,0179,0,01
10404419,3306169651,1709,8,01
10796752,3306169593,0223,7,01
10404633,3306169593,0221,0,01
10270606,3306169593,0222,9,01
12610265,3306169593,0225,7,01
10999069,3306169593,0156,5,01
10892119,3306169593,1709,7,01
12736641,3306169593,0223,4,01
11417915,3306169593,0225,4,01
10996376,3306169593,0156,8,01
10705603,3306169593,0225,7,01
10835716,3306169593,0223,0,01
10897212,3306169593,0222,4,01
10429996,3306169593,0222,4,01
13546750,3306169593,1709,7,01
10308852,3306169593,0221,1,01
11432717,3306169593,0225,2,01
11432717,3306169593,0156,9,01
10858044,3306169593,0225,7,01
10982502,3306169593,0221,5,01
10917865,3306169591,0226,7,01
10812899,3306169591,0227,3,01
10776723,3306169591,0226,8,01
10776723,3306169591,1710,8,01
10903261,3306169591,1708190,10,01
10903261,3306169591,1713707,10,01
13452408,3306169591,CVOPT,10,01
11013828,3306169591,1708190,9,01
11029392,3306169591,0224,4,01
10762343,3306169751,1665190,10,01
10762343,3306169751,0379s,9,01
10910600,3306169751,0374,9,01
10757735,3306169751,0375,2,01
10840811,3306169751,1708190,10,01
10737949,3306169751,1665190,9,01
10799789,3306169751,0374,8,01
10652371,3306169751,1710,9,01
10762023,3306169751,CVOPT,10,01
10762023,3306169751,0375,8,01
10813139,3306169751,0379s,9,01
10762338,3306169751,0377,3,01
10762338,3306169751,0374,7,01
10823812,3306169751,0375,7,01
10823812,3306169751,0377,7,01
10823812,3306169751,0376,8,01
10511870,3306169658,1710,0,01
10797348,3306169658,0614,6,01
10797348,3306169658,0613,8,01
10770657,3306169658,1708190,9,01
10711977,3306169658,0614,3,01
10856605,3306169658,0615,8,01
10643328,3306169658,1665190,8,01
10718934,3306169658,0616s,3,01
10757001,3306169658,0613,3,01
10828387,3306169658,0616s,8,01
10828387,3306169658,0613,2,01
10758419,3306169658,0612,3,01
10688878,3306169658,0612,10,01
10797980,3306169658,CVOPT,3,01
10711924,3306169658,1708190,4,01
11251967,3306170617,1710,4,01
11341745,3306170617,1708061,8,01
10781492,3306170617,1371,3,01
10783707,3306170617,1372,9,01
10783707,3306170617,1374,9,01
10835968,3306170617,1665061,10,01
10282118,3306170617,1665061,9,01
10688361,3306170617,1371,7,01
10993836,3306170617,1375s,5,01
10809557,3306170617,1371,9,01
10819488,3306170617,1373,8,01
13281768,3306170617,1372,4,01
10819378,3306170617,1708061,10,01
13242092,3306170617,1374,8,01
10652580,3306170617,1373,9,01
10413312,3306170617,1710,8,01
10780789,3306170617,1665061,9,01
10515381,3306170617,1371,8,01
10993558,3306170617,1665061,6,01
10737175,3306173995,1664001,10,01
10737175,3306173995,0446,6,01
10737175,3306173995,0442,5,01
10929912,3306173995,1713472,9,01
11671982,3306173995,0448,6,01
11029440,3306173995,1664001,10,01
11029440,3306173995,1708001,9,01
11028742,3306173995,1713472,6,01
10911748,3306173995,1664001,9,01
10911748,3306173995,0448,8,01
10787257,3306173995,0448,4,01
10929818,3306173995,1664001,9,01
11033515,3306173995,0443,6,01
11004486,3306173995,0446,8,01
11043785,3306173995,0442,8,01
10995299,3306173995,CVOPT,10,01
10995299,3306173995,1664001,9,01
10995299,3306173995,1710,9,01
11805803,3306173995,1713472,6,01
11805803,3306173995,0442,8,01
11666166,3306173995,1708001,3,01
11666166,3306173995,1710,3,01
11027361,3306173995,0446,4,01
10787655,3306173995,1708001,4,01
10787655,3306173995,0442,5,01
10961892,3306174046,1665001,8,01
10017455,3306174046,CVOPT,10,01
10017455,3306174046,0653,9,01
10679695,3306174046,0656,9,01
10789628,3306174046,0653,6,01
10679709,3306174046,0657s,7,01
12332046,3306174046,0655,6,01
10742998,3306174046,CVOPT,10,01
10780784,3306174046,0656,7,01
10835676,3306174046,0654,4,01
10931235,3306172060,1664020,5,01
10924853,3306172060,1713925,8,01
10924853,3306172060,1664020,7,01
10787502,3306172060,1664020,7,01
10776722,3306172060,1235,4,01
10899896,3306172060,1228,7,01
10904203,3306172060,1230,9,01
12607119,3306172060,1713925,7,01
12607119,3306172060,1227,7,01
10805007,3306172060,1713925,5,01
10912726,3306172060,1713925,5,01
11004108,3306172060,CVOPT,8,01
10766452,3306172133,0823,8,01
10835673,3306172133,0823,5,01
10856038,3306172133,1665020,4,01
11073751,3306172133,0827,7,01
10707892,3306172133,1665020,8,01
10707892,3306172133,0825,7,01
10487336,3306172133,0822,8,01
10857816,3306172133,CVOPT,9,01
10630337,3306172165,1007,6,01
10630337,3306172165,1110,6,01
10365221,3306172165,1011,6,01
10813126,3306172165,1708020,8,01
10813126,3306172165,1008,4,01
10813126,3306172165,1109,8,01
10852161,3306172165,1009,9,01
10824007,3306172165,1110,7,01
10270640,3306172165,1109,6,01
10530803,3306172165,1665020,9,01
13054040,3306172165,1012s,7,01
13054040,3306172165,1011,6,01
10630363,3306172165,1009,8,01
10610084,3306172165,1008,8,01
11627062,3306172330,CVOPT,9,01
10835750,3306172330,0400s,8,01
10835750,3306172330,0399,4,01
10820272,3306172330,0397,8,01
10698109,3306172330,1665039,10,01
10719000,3306172330,1708039,8,01
13487222,3306172330,0399,9,01
13456027,3306172330,1710,5,01
10254373,3306172482,0180,8,01
10254373,3306172482,0176,8,01
13455952,3306172482,0180,8,01
10759237,3306172410,1665039,9,01
10759237,3306172410,0385,7,01
10742128,3306172410,0385,8,01
10761594,3306172410,0386,7,01
11330085,3306172410,1708039,5,01
11330085,3306172410,0388s,6,01
10676318,3306172410,0180,7,01
10514139,3306172410,0180,8,01
12912453,3306172410,1710,7,01
11019862,3306170521,028501,2,01
10964248,3306170521,028502,0,01
10407199,3306170521,028100,9,01
13377168,3306170521,028502,6,01
13278454,3306170521,028502,8,01
13278454,3306170521,028001,6,01
11574134,3306170521,028502,9,01
10762395,3306170521,028504,7,01
11080250,3306170521,028100,10,01
11572769,3306170521,028501,0,01
12059467,3306170521,028001,0,01
11896934,3306170521,028100,0,01
13484181,3306170521,028503,7,01
11128032,3306170521,028502,10,01
11128032,3306170521,028503,7,01
12081920,3306170521,028001,10,01
10897940,3306170521,028504,5,01
13156002,3306170521,028505,0,01
13289086,3306170521,028503,4,01
11017524,3306170521,028503,9,01
10885488,3306170521,028503,7,01
10893206,3306170521,028504,7,01
10913618,3306170521,028504,0,01
12848026,3306170521,028001,7,01
13160174,3306170521,028503,0,01
11043164,3306170521,028505,6,01
11899562,3306170521,028504,3,01
12691602,3306170521,028505,8,01
12691602,3306170521,028001,10,01
10782041,3306170521,028504,5,01
11096252,3306170521,028001,8,01
13388119,3306170521,028504,0,01
13506891,3306170521,028502,9,01
13518817,3306170521,028502,4,01
13518817,3306170521,028001,6,01
12587578,3306170521,028504,8,01
13297080,3306170521,028501,8,01
13297080,3306170521,028100,10,01
10913687,3306170619,1370,4,01
10916495,3306170619,1370,4,01
10769318,3306170619,1370,4,01
10709739,3306170619,1370,4,01
10301015,3306170619,1375p,9,01
10884022,3306170619,1375p,10,01
12885212,3306170619,1375p,9,01
12885212,3306170619,1369,8,01
10636216,3306170619,1369,8,01
10892991,3306170619,1367,4,01
10714135,3306170619,1370,4,01
10916992,3306170619,1375p,9,01
10916992,3306170619,1369,8,01
10786265,3306170619,1375p,8,01
10786265,3306170619,0179,6,01
10886973,3306170619,0179,9,01
10711961,3306170619,1370,4,01
10928805,3306170619,1369,8,01
10911185,3306170619,1368,9,01
10762965,3306170619,1369,6,01
13598749,3306170619,1375p,9,01
13623963,3306172484,0172,4,01
10652365,3306172484,0174,9,01
13561737,3306172484,0181p,9,01
10305806,3306172484,0179,7,01
13608584,3306172484,0172,7,01
13608584,3306172484,0177,4,01
13551232,3306172484,0171,0,01
11051785,3306172484,0172,8,01
10801931,3306172484,0171,6,01
10843015,3306172484,0181p,8,01
10989676,3306172484,0172,9,01
10707659,3306172484,0174,0,01
13593251,3306172484,0177,3,01
13593117,3306172484,0174,0,01
13593119,3306172484,0171,7,01
10581374,3306172484,0171,10,01
13598941,3306172332,0179,5,01
13445476,3306172332,0172,6,01
13593493,3306172332,0383,0,01
10311896,3306172403,0384,8,01
13455012,3306172403,1709,0,01
13455012,3306172403,0179,0,01
10025712,3306172403,0384,4,01
13609532,3306172403,0383,0,01
10755482,3306172403,0383,9,01
10755482,3306172403,0172,9,01
10755482,3306172403,0173,7,01
10911448,3306172403,0388p,10,01
12908126,3306172403,0179,9,01
12908126,3306172403,0384,5,01
10796413,3306172403,0179,3,01
13604001,3306172403,1709,2,01
10912710,3306172053,1232,5,01
10698000,3306172053,1231,7,01
10919245,3306172053,1709,6,01
10923040,3306172053,1233,0,01
11100435,3306172053,1232,6,01
11100435,3306172053,1233,8,01
10996182,3306172053,1231,4,01
10996182,3306172053,1232,3,01
10803891,3306172053,1231,5,01
10803891,3306172053,1233,4,01
11110260,3306172053,1232,6,01
11110260,3306172053,1233,7,01
11116442,3306172053,0156,10,01
10905076,3306172053,1232,5,01
11117078,3306172053,1231,6,01
11036037,3306172053,0156,8,01
11434889,3306172053,1709,7,01
11434889,3306172053,1229,7,01
11434889,3306172053,1233,7,01
11013480,3306172053,1231,7,01
10915769,3306172053,0156,7,01
10699266,3306172167,1012p,9,01
10699266,3306172167,0930,4,01
10476265,3306172167,0930,3,01
10730721,3306172167,0931,8,01
11744037,3306172167,1010,0,01
10895114,3306172167,0623,5,01
13595716,3306172167,0930,0,01
13598103,3306172167,0931,0,01
10214849,3306172167,1012p,0,01
10214849,3306172167,0623,0,01
10315581,3306172167,0931,0,01
12557620,3306172167,0623,7,01
12557620,3306172167,0930,6,01
10416632,3306172167,0930,8,01
11340144,3306172167,1010,0,01
10351884,3306172167,0179,0,01
10344032,3306172167,1709,7,01
10893829,3306172167,0179,9,01
10932250,3306172167,0623,6,01
10761942,3306172135,0623,8,01
10793458,3306172135,0622,6,01
10920099,3306172135,0179,8,01
10924797,3306169433,243267,6,01
10680218,3306169433,243264,7,01
10307643,3306169433,243266,9,01
10660627,3306169433,243265,4,01
10827161,3306169433,243264,5,01
13446594,3306169440,243602,9,01
13448029,3306169440,243271,9,01
13447284,3306169440,243604,6,01
13447284,3306169440,243270,8,01
11316053,3306169440,243602,8,01
10862205,3306169440,243602,8,01
13447274,3306169440,243270,9,01
10925591,3306173997,0437,6,01
10925591,3306173997,0156,6,01
13162455,3306173997,0156,4,01
12406107,3306173997,0439,4,01
11038609,3306173997,0437,4,01
13594777,3306173997,0441,8,01
13592648,3306173997,0441,9,01
13332555,3306173997,0438,10,01
11347134,3306173997,0437,5,01
13626945,3306173997,0438,8,01
13024171,3306173997,0441,7,01
11168289,3306173997,0441,8,01
13134429,3306173997,0440,7,01
10421015,3306173997,1709,0,01
11086666,3306173997,0439,4,01
11086666,3306173997,0440,8,01
11136115,3306173997,0156,8,01
10352292,3306173997,0437,0,02
10352292,3306173997,0156,4,01
10938365,3306173997,0156,4,01
10333114,3306173997,0437,9,01
11259014,3306174048,0657p,3,01
11259014,3306174048,0651,0,01
13596553,3306174048,0179,4,01
10806737,3306174048,0657p,8,01
12859504,3306174048,0657p,8,01
12565877,3306174048,0647,0,01
10243668,3306174048,0651,8,01
10243668,3306174048,0648,7,01
10730016,3306174048,0650,1,01
11904167,3306174048,0657p,9,01
11904167,3306174048,0651,8,01
11904167,3306174048,0650,9,01
13457085,3306174048,0648,8,01
13456235,3306174048,0657p,8,01
13456235,3306174048,0648,8,01
10025322,3306174048,0648,0,01
10657315,3306174048,0657p,10,01
11552430,3306174048,0648,7,01
13597031,3306174048,0647,6,01
10511438,3306174048,0651,0,01
10899530,3306174048,0651,7,01
10899530,3306174048,0649,7,01
10254912,3306174048,0657p,10,01
10832907,3306174048,0647,6,01
10737176,3306174048,0179,8,01
10793462,3306174048,0651,8,01
10924358,3306174048,0649,6,01
10698049,3306174048,0647,6,01
10991644,3306174048,0647,8,01
12478421,3306174048,0649,8,01
10928705,3306169744,0371,7,01
10805078,3306169744,0369,6,01
10900148,3306169744,0372,10,01
10911373,3306169744,0179,10,01
10911373,3306169744,0373,9,01
10996327,3306169744,1709,7,01
10996327,3306169744,0370,6,01
11088604,3306169744,0179,10,01
11088604,3306169744,0373,7,01
13376042,3306169651,0485,0,01
11898422,3306169651,0485,2,01
10904569,3306169651,0484,7,01
10901180,3306169651,0487,7,01
10901180,3306169651,0485,3,01
10462619,3306169651,0485,7,01
10931085,3306169651,0373,8,01
10308422,3306169651,0179,9,01
10454462,3306169651,0616p,9,01
10399842,3306169651,0485,0,01
10837080,3306169651,0373,8,01
10891759,3306169651,0483,7,01
11231256,3306169651,0616p,0,01
11231256,3306169651,0179,0,01
10472185,3306169651,0373,10,01
12876207,3306169651,1709,0,01
13593175,3306169651,0616p,9,01
10463301,3306169651,0485,1,01
13352871,3306169651,1709,0,01
13352871,3306169651,0484,0,01
13352871,3306169651,0483,0,01
10900201,3306169651,0373,9,01
10832166,3306169651,0179,9,01
11197655,3306169651,0485,6,01
10888617,3306169651,0484,9,01
10814397,3306169651,0179,4,01
10381670,3306169651,0373,9,01
10836046,3306169651,0483,8,01
10346246,3306169651,0485,1,01
12395762,3306169651,0485,0,01
10404419,3306169651,0485,10,01
11179481,3306169651,0373,9,01
10471020,3306169651,0179,9,01
10440723,3306169651,0179,0,01
13458925,3306169651,0483,7,01
11147116,3306169651,0179,0,01
11126483,3306169593,0223,8,01
10796752,3306169593,0156,6,01
10459629,3306169593,0222,0,01
10270606,3306169593,0223,9,01
11246288,3306169593,0221,8,01
11251993,3306169593,0223,0,01
12610265,3306169593,0221,6,01
10999069,3306169593,0225,4,01
11134533,3306169593,0221,9,01
11113596,3306169593,1709,8,01
10828132,3306169593,0221,7,01
10405932,3306169593,0225,0,01
13545139,3306169593,0156,6,01
10429996,3306169593,0225,4,01
11432717,3306169593,0223,6,01
10891681,3306169593,1709,7,01
11115680,3306169593,0222,7,01
10762391,3306169593,0156,0,01
13459021,3306169593,0225,1,01
10959217,3306169593,0225,8,01
10982502,3306169593,0225,8,01
10917865,3306169591,1713707,7,01
10917865,3306169591,1710,7,01
10812899,3306169591,0224,3,01
10708167,3306169591,CVOPT,7,01
10893131,3306169591,0224,9,01
11011197,3306169591,1708190,10,01
10776723,3306169591,1708190,8,01
10776723,3306169591,0228,8,01
13452408,3306169591,0228,9,01
11002807,3306169591,0227,9,01
11013828,3306169591,1664190,9,01
11013828,3306169591,0224,9,01
11035843,3306169591,0226,4,01
10500950,3306169751,1665190,9,01
10762368,3306169751,0375,4,01
10762368,3306169751,1710,8,01
10910600,3306169751,0375,4,01
11082671,3306169751,1665190,9,01
10737949,3306169751,0379s,9,01
10737949,3306169751,0374,2,01
10762023,3306169751,0377,7,01
10764453,3306169751,0376,7,01
10756607,3306169751,CVOPT,10,01
10756607,3306169751,0375,4,01
10823812,3306169751,0378,8,01
13345475,3306169751,0374,8,01
10282899,3306169658,0614,4,01
10282899,3306169658,0613,4,01
10807600,3306169658,1665190,10,01
10770964,3306169658,0614,4,01
10828387,3306169658,1665190,9,01
10758419,3306169658,1665190,9,01
10736277,3306169658,1708190,8,01
10736277,3306169658,0615,9,01
10635513,3306169658,0612,3,01
11251967,3306170617,1375s,8,01
11514753,3306170617,1710,10,01
10781492,3306170617,1665061,8,01
10783707,3306170617,1708061,9,01
10835968,3306170617,1708061,9,01
10865703,3306170617,1375s,9,01
10865703,3306170617,1373,7,01
10378823,3306170617,1372,10,01
10985551,3306170617,CVOPT,9,01
10803120,3306170617,1708061,10,01
10803120,3306170617,CVOPT,9,01
10809557,3306170617,1373,8,01
10711950,3306170617,1375s,9,01
10711950,3306170617,1374,5,01
10652580,3306170617,1372,8,01
10687463,3306170617,1371,8,01
10729560,3306170617,CVOPT,8,01
10729560,3306170617,1372,5,01
10729560,3306170617,1374,4,01
10851445,3306170617,1665061,10,01
10842025,3306170617,1374,5,01
10809667,3306170617,1371,9,01
10809667,3306170617,1372,8,01
13167864,3306170617,1372,7,01
10635383,3306170617,1665061,7,01
10993558,3306170617,CVOPT,0,01
11671982,3306173995,1713472,9,01
11671982,3306173995,CVOPT,7,01
11671982,3306173995,1664001,9,01
11029440,3306173995,0442,10,01
11028742,3306173995,0443,4,01
11028742,3306173995,1710,7,01
10911748,3306173995,0446,7,01
11033515,3306173995,0446,8,01
11004716,3306173995,1708001,9,01
11004716,3306173995,1710,8,01
11004486,3306173995,1664001,10,01
11039273,3306173995,1710,8,01
10835299,3306173995,1708001,6,01
11026339,3306173995,0446,6,01
11024457,3306173995,1713472,8,01
11027361,3306173995,0443,6,01
10911000,3306173995,0446,3,01
10679723,3306174046,0657s,6,01
10677900,3306174046,1708001,6,01
10819061,3306174046,1665001,8,01
10679722,3306174046,0655,7,01
10961892,3306174046,0652,4,01
10824617,3306174046,1708001,6,01
10017455,3306174046,1708001,10,01
10789628,3306174046,0655,8,01
12332046,3306174046,0653,0,01
10906957,3306174046,1665001,7,01
10906957,3306174046,0654,7,01
10780784,3306174046,0654,7,01
10711948,3306174046,0655,6,01
10711948,3306174046,0653,3,01
10776755,3306172060,1713925,7,01
10776755,3306172060,1227,8,01
10931235,3306172060,CVOPT,6,01
10924853,3306172060,CVOPT,7,01
10787502,3306172060,CVOPT,8,01
10899896,3306172060,1664020,7,01
10899896,3306172060,1235,8,01
10648909,3306172060,1713925,5,01
11040995,3306172060,CVOPT,9,01
11040995,3306172060,1227,9,01
13099124,3306172060,1664020,7,01
10805007,3306172060,1235,5,01
11004108,3306172060,1664020,7,01
10766452,3306172133,1710,9,01
10689201,3306172133,0822,8,01
10835673,3306172133,0822,7,01
11073751,3306172133,1708020,8,01
12912678,3306172133,1665020,8,01
12912678,3306172133,0827,7,01
13473425,3306172133,1665020,9,01
13473425,3306172133,0822,8,01
11388211,3306172133,0823,7,01
10806298,3306172165,1012s,6,01
10806298,3306172165,1110,8,01
10764144,3306172165,1009,8,01
10776549,3306172165,1008,9,01
13456007,3306172165,1009,8,01
10813126,3306172165,1665020,8,01
10270640,3306172165,1011,6,01
13461591,3306172165,1007,8,01
13461591,3306172165,1008,7,01
13500909,3306172165,1708020,6,01
10745573,3306172330,CVOPT,9,01
13251013,3306172330,0180,7,01
10835750,3306172330,CVOPT,7,01
10835750,3306172330,0180,6,01
10766449,3306172330,0397,8,01
10707825,3306172330,1708039,5,01
10729539,3306172330,0399,9,01
13455702,3306172330,0399,9,01
13455702,3306172330,1710,9,01
10719000,3306172330,0398,4,01
10415316,3306172330,1665039,10,01
13487222,3306172330,0400s,9,01
13487222,3306172330,1710,8,01
10679964,3306172330,1665039,8,01
10698462,3306172330,0399,4,01
10759237,3306172410,0386,8,01
10742128,3306172410,1665039,8,01
10320497,3306172410,CVOPT,9,01
10761594,3306172410,CVOPT,9,01
10761594,3306172410,0388s,6,01
10736502,3306172410,1708039,7,01
11330085,3306172410,0387,6,01
11330085,3306172410,0386,7,01
13472424,3306172410,0388s,6,01
13472424,3306172410,1665039,7,01
13472424,3306172410,0386,7,01
13475599,3306172410,0180,6,01
13475662,3306172410,0386,8,01
12912453,3306172410,CVOPT,8,01
13454999,3306172410,0385,7,01
13479949,3306170521,028504,7,01
11019862,3306170521,028100,1,01
12237928,3306170521,028505,7,01
12237928,3306170521,028503,7,01
13323096,3306170521,028505,4,01
13129964,3306170521,028505,4,01
11110518,3306170521,028503,4,01
11103695,3306170521,028502,4,01
11123109,3306170521,028505,2,01
11574134,3306170521,028504,8,01
13598449,3306170521,028504,3,01
11519407,3306170521,028502,8,01
13484181,3306170521,028502,7,01
13484181,3306170521,028501,6,01
13162439,3306170521,028100,10,01
13246193,3306170521,028100,7,01
10974769,3306170521,028502,5,01
13156002,3306170521,028501,8,01
13074463,3306170521,028501,0,01
12379379,3306170521,028503,4,01
11014535,3306170521,028503,8,01
10912191,3306170521,028504,3,01
13518965,3306170521,028502,0,01
11030604,3306170521,028503,4,01
10893206,3306170521,028001,6,01
10893206,3306170521,028503,6,01
10407158,3306170521,028504,6,01
10885786,3306170521,028100,2,01
10913618,3306170521,028100,0,01
10916309,3306170521,028100,6,01
11096252,3306170521,028502,7,01
11096252,3306170521,028505,9,01
13506891,3306170521,028001,10,01
13506891,3306170521,028503,9,01
12406893,3306170521,028505,7,01
13518817,3306170521,028504,9,01
11837899,3306170521,028503,6,01
10730519,3306170619,1368,4,01
12649264,3306170619,1709,8,01
11082700,3306170619,1370,9,01
11082700,3306170619,1368,10,01
10889150,3306170619,1375p,9,01
10916495,3306170619,0179,7,01
10834105,3306170619,1375p,9,01
10709739,3306170619,1369,8,01
11790026,3306170619,1375p,0,01
10884022,3306170619,1370,8,01
10884022,3306170619,1367,7,01
12885212,3306170619,1367,7,01
10931524,3306170619,1370,10,01
10786265,3306170619,1368,7,01
10918418,3306170619,1369,6,01
10711961,3306170619,1368,8,01
10677457,3306170619,1367,4,01
10927613,3306170619,1709,8,01
10918779,3306170619,1709,10,01
10610022,3306170619,1370,8,01
10762965,3306170619,1370,4,01
10814469,3306170619,1370,8,01
13598749,3306170619,1367,4,01
10845796,3306170719,1372,4,01
13561737,3306172484,0174,3,01
13607126,3306172484,0172,6,01
10798065,3306172484,0171,9,01
10798065,3306172484,0174,8,01
13608577,3306172484,0181p,0,01
13608577,3306172484,0177,0,01
10379062,3306172484,0174,4,01
10379062,3306172484,0177,1,01
10801931,3306172484,0179,7,01
10801931,3306172484,0173,8,01
10989676,3306172484,0173,7,01
10707659,3306172484,0181p,0,01
10304355,3306172484,0174,9,01
13593119,3306172484,0181p,5,01
13460187,3306172332,0383,0,01
13598941,3306172332,0173,7,01
10583520,3306172332,0384,9,01
12151924,3306172332,0179,9,01
10657923,3306172332,0179,10,01
13609532,3306172403,0171,0,01
13609532,3306172403,0384,0,01
10755482,3306172403,0171,9,01
11702324,3306172403,0171,8,01
10610202,3306172403,0173,4,01
12132171,3306172403,0171,8,01
10724848,3306172403,0383,9,01
13594957,3306172403,1709,0,01
13594957,3306172403,0171,0,01
13594957,3306172403,0172,0,01
13604001,3306172403,0172,2,01
10924004,3306172053,0156,9,01
10698000,3306172053,1233,6,01
11106237,3306172053,1229,5,01
11100435,3306172053,0156,8,01
10996182,3306172053,1229,2,01
12953439,3306172053,0156,8,01
11116442,3306172053,1233,9,01
10919565,3306172053,0156,4,01
10919565,3306172053,1231,4,01
10915769,3306172053,1709,7,01
10915769,3306172053,1233,9,01
10676509,3306172167,0623,5,01
12404225,3306172167,0930,0,01
10894753,3306172167,0179,7,01
10798287,3306172167,0623,4,01
13598677,3306172167,1709,0,01
13598677,3306172167,1010,0,01
10303205,3306172167,1012p,0,01
10199483,3306172167,0930,0,01
10250031,3306172167,1709,5,01
10792537,3306172167,1012p,5,01
10487345,3306172167,1012p,6,01
10487345,3306172167,1010,5,01
12500676,3306172167,1010,7,01
10214849,3306172167,1709,0,01
10214849,3306172167,0179,0,01
10315581,3306172167,1012p,0,01
13506504,3306172167,0930,6,01
13506504,3306172167,1010,7,01
10790209,3306172167,0179,8,01
10790209,3306172167,0930,9,01
10790209,3306172167,1010,8,01
12900452,3306172167,0179,6,01
10416632,3306172167,1010,7,01
10883924,3306172167,0623,7,01
10351884,3306172167,1012p,4,01
10730207,3306172167,0179,8,01
10792044,3306172167,0930,8,01
10837412,3306172167,1012p,8,01
10833008,3306172167,0931,8,01
10928697,3306172167,0179,9,01
10761942,3306172135,0622,6,01
10772198,3306172135,0623,7,01
10772198,3306172135,0627,4,01
11136005,3306172135,0828p,6,01
11816291,3306172135,0179,8,01
13112701,3306172135,0625,8,01
11336367,3306172135,0828p,5,01
10762386,3306172135,0828p,5,01
10924797,3306169433,243264,3,01
10321931,3306169433,243265,8,01
10687998,3306169433,243265,8,01
10645924,3306169433,243267,6,01
13593116,3306169433,243267,9,01
10783224,3306169440,243270,9,01
13447284,3306169440,243271,8,01
10699108,3306169440,243602,8,01
10699108,3306169440,243604,8,01
10814418,3306169440,243270,9,01
10772056,3306169440,243270,8,01
13447274,3306169440,243602,9,01
11170959,3306173997,0437,9,01
11241256,3306173997,0437,7,01
12461270,3306173997,0441,8,01
12461270,3306173997,0439,10,01
11029676,3306173997,0437,7,01
11336870,3306173997,1709,9,01
11336870,3306173997,0156,9,01
13592648,3306173997,0437,7,01
10899529,3306173997,0441,8,01
11347134,3306173997,1709,5,01
13626945,3306173997,0437,9,02
10806257,3306173997,0439,6,01
13024171,3306173997,0440,8,01
11133386,3306173997,0441,10,01
11133386,3306173997,0439,8,01
12647763,3306173997,1709,0,01
12647763,3306173997,0437,0,01
11041555,3306173997,1709,8,01
11259014,3306174048,0179,0,01
11259014,3306174048,0647,0,01
10806737,3306174048,0651,9,01
10416752,3306174048,0651,0,01
13597020,3306174048,0651,0,01
13537130,3306174048,0651,3,01
12745122,3306174048,0647,5,01
13596949,3306174048,0179,0,01
10707710,3306174048,0650,9,01
10025322,3306174048,0647,0,01
10946112,3306174048,0179,7,01
10946112,3306174048,0651,7,01
11552430,3306174048,0650,5,01
11071688,3306174048,1709,6,01
13542655,3306174048,0657p,9,01
10835742,3306174048,0657p,0,01
13009073,3306174048,0657p,5,01
10254912,3306174048,0179,0,01
13593239,3306174048,0648,4,01
10787713,3306174048,0650,8,01
12478421,3306174048,0651,8,01
10779855,3306174048,1709,4,01
10915302,3306169744,0373,8,01
10823890,3306169744,0179,10,01
10823890,3306169744,0370,8,01
10921245,3306169744,0372,10,01
10898640,3306169744,0370,7,01
10896459,3306169744,0373,7,01
10910205,3306169744,0379p,10,01
10910205,3306169744,0370,7,01
10734142,3306169744,0372,10,01
10910799,3306169744,0369,8,01
10912321,3306169744,0179,10,01
10912321,3306169744,0369,8,01
10996327,3306169744,0371,8,01
13376042,3306169651,0483,0,01
10418675,3306169651,0487,4,01
10418675,3306169651,0485,7,01
10311349,3306169651,0484,0,01
10803070,3306169651,0616p,9,01
10263445,3306169651,0179,8,01
10462619,3306169651,1709,7,01
13303646,3306169651,0485,2,01
13593151,3306169651,0616p,8,01
10837080,3306169651,0179,7,01
10323484,3306169651,0179,0,01
10839683,3306169651,0616p,0,01
10839683,3306169651,0484,0,01
12876207,3306169651,0484,0,01
13593175,3306169651,0179,0,01
13592958,3306169651,0485,0,01
10398479,3306169651,0484,9,01
10756981,3306169651,0373,4,01
10900298,3306169651,0485,9,01
10900298,3306169651,0484,9,01
13170302,3306169651,0483,0,01
10909591,3306169651,0487,8,01
10381670,3306169651,0487,9,01
10904666,3306169651,0616p,8,01
10904666,3306169651,0373,6,01
10836046,3306169651,0373,7,01
10283093,3306169651,0616p,0,01
10283093,3306169651,0373,0,01
10310048,3306169651,0373,9,01
10310048,3306169651,0487,9,01
11061166,3306169651,0483,0,01
13375819,3306169651,0487,9,01
12395762,3306169651,0484,3,01
11014915,3306169651,0483,4,01
10595030,3306169651,1709,0,01
10471020,3306169651,0373,10,01
10796752,3306169593,0222,5,01
12615991,3306169593,1709,0,01
10999069,3306169593,0223,6,01
12919510,3306169593,1709,7,01
12736641,3306169593,0222,4,01
11417915,3306169593,1709,7,01
11417915,3306169593,0222,4,01
10996376,3306169593,0221,5,01
10405932,3306169593,0222,0,01
10405932,3306169593,0156,0,01
10835716,3306169593,0221,0,01
10805591,3306169593,0221,6,01
13545139,3306169593,1709,7,01
10429996,3306169593,0223,7,01
13546750,3306169593,0221,6,01
10705918,3306169593,1709,4,01
10891681,3306169593,0221,6,01
10762391,3306169593,0225,1,01
13459021,3306169593,1709,1,01
13459021,3306169593,0223,1,01
10959803,3306169593,0222,9,01
11146537,3306169591,1713707,10,01
11146537,3306169591,0227,8,01
11622314,3306169591,1708190,9,01
10885064,3306169591,0226,4,01
10885064,3306169591,0227,3,01
10903261,3306169591,0227,8,01
11020732,3306169591,CVOPT,2,01
11013828,3306169591,0227,8,01
11000271,3306169591,CVOPT,10,01
10500950,3306169751,0378,7,01
10762368,3306169751,1708190,9,01
10762368,3306169751,0379s,8,01
10635003,3306169751,0378,10,01
10762343,3306169751,0374,9,01
11082671,3306169751,CVOPT,10,01
10840811,3306169751,1710,9,01
10783280,3306169751,CVOPT,5,01
10783280,3306169751,0374,4,01
10652371,3306169751,CVOPT,6,01
10652371,3306169751,0375,1,01
10762023,3306169751,1708190,9,01
10762023,3306169751,0379s,9,01
10764453,3306169751,1665190,7,01
10764453,3306169751,1708190,7,01
10762338,3306169751,0378,6,01
13456011,3306169751,CVOPT,5,01
10780756,3306169751,CVOPT,10,01
10780756,3306169751,1710,6,01
10823807,3306169751,0379s,10,01
10511870,3306169658,0615,0,01
10282899,3306169658,1708190,7,01
10797348,3306169658,0615,5,01
10856605,3306169658,CVOPT,5,01
10643328,3306169658,1710,9,01
10758419,3306169658,CVOPT,4,01
10772126,3306169658,CVOPT,8,01
10882393,3306169658,CVOPT,6,01
10711924,3306169658,0614,3,01
11251967,3306170617,1371,7,01
11514753,3306170617,1375s,5,01
10781492,3306170617,1372,3,01
10865703,3306170617,1708061,9,01
10865703,3306170617,1371,7,01
10944114,3306170617,CVOPT,7,01
10993836,3306170617,1374,8,01
10793376,3306170617,1708061,10,01
10122344,3306170617,1375s,5,01
10819378,3306170617,1375s,5,01
10786004,3306170617,1665061,7,01
10776515,3306170617,1374,9,01
11104411,3306170617,1665061,10,01
11104411,3306170617,1710,9,01
10652580,3306170617,1710,8,01
10725869,3306170617,CVOPT,9,01
13462544,3306170617,CVOPT,7,01
10729560,3306170617,1373,7,01
10780789,3306170617,1374,6,01
10851445,3306170617,1375s,5,01
10798915,3306170617,1374,8,01
13167864,3306170617,1371,9,01
10635383,3306170617,1372,1,01
10546650,3306170617,1372,8,01
10993558,3306170617,1371,3,01
10993558,3306170617,1374,4,01
10887720,3306173995,1664001,10,01
10887720,3306173995,0443,3,01
10787257,3306173995,0443,3,01
11033515,3306173995,1713472,7,01
10960990,3306173995,CVOPT,9,01
11043785,3306173995,1713472,8,01
10995299,3306173995,0448,9,01
10835299,3306173995,1710,6,01
11805803,3306173995,0448,9,01
10905782,3306173995,CVOPT,8,01
11666166,3306173995,1664001,9,01
10787655,3306173995,0443,3,01
10911000,3306173995,1710,5,01
10679723,3306174046,0652,4,01
10819061,3306174046,CVOPT,9,01
10679722,3306174046,0652,3,01
10679722,3306174046,0654,3,01
10802285,3306174046,0656,7,01
10961892,3306174046,0655,5,01
10024578,3306174046,0652,4,01
10824617,3306174046,0657s,6,01
10824617,3306174046,0653,4,01
10824617,3306174046,1710,4,01
10679695,3306174046,1665001,7,01
10789628,3306174046,0652,5,01
10025295,3306174046,1708001,3,01
10025295,3306174046,0655,4,01
12332046,3306174046,1710,5,01
10742998,3306174046,0657s,9,01
10906957,3306174046,1710,4,01
10711948,3306174046,0656,6,01
11798264,3306172060,CVOPT,8,01
10924853,3306172060,1230,8,01
10787502,3306172060,1713925,7,01
10787502,3306172060,1234,8,01
10904203,3306172060,1664020,7,01
11040995,3306172060,1708020,8,01
11040995,3306172060,1230,7,01
11040995,3306172060,1234,8,01
12744964,3306172060,1230,7,01
11024352,3306172060,1235,7,01
12607119,3306172060,1664020,7,01
12607119,3306172060,1708020,10,01
12607119,3306172060,1710,8,01
10805007,3306172060,1228,6,01
11004108,3306172060,1710,8,01
10889537,3306172060,1228,6,01
10889537,3306172060,1710,8,01
10742994,3306172133,1665020,8,01
10742994,3306172133,0823,7,01
10835673,3306172133,0828s,9,01
12607926,3306172133,0824,5,01
11790917,3306172133,0824,7,01
13473425,3306172133,1708020,8,01
13473425,3306172133,0825,9,01
10711954,3306172133,0823,3,01
10734184,3306172133,1708020,7,01
10804606,3306172133,CVOPT,6,01
10804606,3306172133,0823,4,01
10804606,3306172133,0824,5,01
10804606,3306172133,1710,8,01
10857816,3306172133,0822,7,01
11388211,3306172133,0822,7,01
10776549,3306172165,1011,9,01
10819684,3306172165,1708020,8,01
10797573,3306172165,1009,7,01
10797573,3306172165,1109,7,01
10754604,3306172165,1665020,8,01
10800028,3306172165,1008,8,01
11089472,3306172165,CVOPT,8,01
13456007,3306172165,CVOPT,9,01
10813126,3306172165,1012s,10,01
10852161,3306172165,1011,9,01
10824007,3306172165,1007,7,01
10270640,3306172165,1012s,4,01
10270640,3306172165,1708020,6,01
10530803,3306172165,1011,8,01
10263154,3306172165,1012s,10,01
10263154,3306172165,1007,8,01
10805294,3306172165,1708020,6,01
13500949,3306172165,1012s,9,01
10610084,3306172165,1708020,8,01
13525343,3306172165,1665020,9,01
10745573,3306172330,0180,8,01
10585531,3306172330,0400s,8,01
10648032,3306172330,0398,4,01
13251013,3306172330,0399,10,01
10835750,3306172330,1665039,6,01
10645102,3306172330,CVOPT,10,01
10698109,3306172330,0180,7,01
10729539,3306172330,0397,9,01
10410077,3306172330,CVOPT,7,01
10530795,3306172330,1708039,10,01
13455702,3306172330,CVOPT,10,01
10415316,3306172330,0180,8,01
13456027,3306172330,CVOPT,7,01
11782717,3306172482,0180,7,01
10254373,3306172482,1708039,8,01
10688815,3306172482,0178,7,01
13455952,3306172482,1665039,7,01
10759237,3306172410,1708039,8,01
10759237,3306172410,0388s,10,01
10320497,3306172410,0388s,10,01
13450196,3306172410,1708039,8,01
10676318,3306172410,0388s,3,01
13475599,3306172410,1708039,9,01
13475599,3306172410,0386,8,01
13454999,3306172410,0180,7,01
13454999,3306172410,0387,6,01
12869703,3306170521,028505,8,01
10706065,3306170521,028001,1,01
13377168,3306170521,028505,4,01
13596825,3306170521,028505,7,01
13596825,3306170521,028001,8,01
13532312,3306170521,028503,9,01
11321038,3306170521,028001,0,01
11574134,3306170521,028501,7,01
11106423,3306170521,028501,8,01
11512589,3306170521,028100,8,01
13598449,3306170521,028505,6,01
13162439,3306170521,028504,8,01
13162439,3306170521,028505,8,01
11000348,3306170521,028503,6,01
11232270,3306170521,028001,1,01
13598555,3306170521,028100,8,01
11095340,3306170521,028502,9,01
13538314,3306170521,028100,0,01
10912191,3306170521,028502,4,01
13518965,3306170521,028001,0,01
10885488,3306170521,028502,5,01
10885786,3306170521,028502,4,01
11028307,3306170521,028001,9,01
10916309,3306170521,028505,4,01
11906482,3306170521,028501,6,01
10897219,3306170521,028504,8,01
13388119,3306170521,028501,0,01
11837899,3306170521,028505,4,01
10027392,3306170619,1375p,0,01
10730519,3306170619,1367,4,01
10702473,3306170619,1367,8,01
13594581,3306170619,0179,8,01
11620907,3306170619,1370,4,01
10301015,3306170619,1368,8,01
10301015,3306170619,1369,8,01
11790026,3306170619,1367,0,01
11790026,3306170619,1369,0,01
10786265,3306170619,1369,6,01
10909929,3306170619,1370,8,01
10762965,3306170619,1375p,10,01
10762965,3306170619,1368,8,01
10814469,3306170619,1375p,10,01
10914452,3306170619,1368,8,01
13615979,3306170619,1369,8,01
10659496,3306170619,1369,9,01
13487291,3306170719,1371,0,01
10305806,3306172484,0174,6,01
13607126,3306172484,0171,3,01
13607126,3306172484,0173,5,01
13608584,3306172484,0174,4,01
13602203,3306172484,0181p,0,01
13602203,3306172484,0171,0,01
13602203,3306172484,0172,0,01
13593120,3306172484,0179,4,01
13593120,3306172484,0172,6,01
10379063,3306172484,0177,2,01
13598131,3306172484,0179,0,01
13602219,3306172484,1709,0,01
13602219,3306172484,0171,0,01
11051785,3306172484,0171,4,01
10989676,3306172484,0179,3,01
13593251,3306172484,0179,4,01
13460187,3306172332,0179,0,01
13460187,3306172332,0384,0,01
13598941,3306172332,0383,6,01
13445476,3306172332,0384,5,01
13593106,3306172332,1709,5,01
11515797,3306172332,0179,7,01
11515797,3306172332,0171,9,01
10740697,3306172332,0384,8,01
13608890,3306172332,0384,7,01
10311896,3306172403,0173,8,01
13455012,3306172403,0171,8,01
10610202,3306172403,0171,7,01
10610202,3306172403,0172,7,01
12132171,3306172403,0388p,10,01
10724848,3306172403,0179,6,01
10724848,3306172403,0173,7,01
10912710,3306172053,1229,5,01
11001838,3306172053,1229,2,01
10996182,3306172053,1709,4,01
11121167,3306172053,0156,5,01
11121167,3306172053,1231,5,01
11095070,3306172053,0156,7,01
11095070,3306172053,1229,6,01
10905076,3306172053,0156,8,01
10915769,3306172053,1231,7,01
13611445,3306172167,0930,8,01
10510136,3306172167,1709,0,01
10510136,3306172167,0179,0,01
10510136,3306172167,0623,0,01
10510136,3306172167,1010,0,01
10699266,3306172167,0179,6,01
10798287,3306172167,0930,4,01
13598681,3306172167,1010,5,01
10250031,3306172167,0179,9,01
10929310,3306172167,0623,8,01
10476265,3306172167,0179,4,01
10476265,3306172167,0623,2,01
10476265,3306172167,0931,8,01
10932819,3306172167,0179,0,01
10904904,3306172167,0930,8,01
10883675,3306172167,0623,6,01
10487345,3306172167,0179,7,01
13598103,3306172167,1012p,0,01
10742412,3306172167,1010,6,01
13502717,3306172167,1012p,0,01
13502717,3306172167,0179,0,01
10883924,3306172167,1012p,7,01
10837412,3306172167,0179,8,01
10837412,3306172167,0931,7,01
10892734,3306172167,0179,8,01
10893829,3306172167,0931,9,01
10932250,3306172167,1010,7,01
10805487,3306172135,0625,7,01
10793458,3306172135,0627,6,01
11075020,3306172135,0625,9,01
10921012,3306172135,0828p,6,01
10767809,3306172135,0179,7,01
11816291,3306172135,0828p,6,01
11336367,3306172135,0622,8,01
10916125,3306172135,0179,8,01
10916125,3306172135,0622,9,01
10916125,3306172135,0627,8,01
10024790,3306169433,243266,8,01
10366184,3306169433,243266,0,01
12687088,3306169433,243267,10,01
10799399,3306169433,243264,9,01
11066151,3306169440,243270,9,01
10791102,3306169440,243270,8,01
11285049,3306169440,243602,9,01
10675598,3306169440,243270,9,01
11316049,3306169440,243602,5,01
11316049,3306169440,243604,7,01
10869145,3306169440,243270,9,01
10906307,3306173997,0441,3,01
13594870,3306173997,1709,6,01
13594870,3306173997,0156,5,01
13594604,3306173997,0437,9,02
13162455,3306173997,1709,9,01
13162455,3306173997,0438,5,01
12406107,3306173997,0437,7,02
11029676,3306173997,0441,9,01
11336870,3306173997,0438,8,01
13529587,3306173997,0439,7,01
11347134,3306173997,0440,7,01
13615239,3306173997,0156,0,01
11138087,3306173997,0437,7,01
11138087,3306173997,0441,9,01
11168289,3306173997,0438,9,01
13134429,3306173997,0439,8,01
10996773,3306173997,0440,8,01
11008351,3306173997,1709,7,01
11109924,3306173997,0439,8,01
11086666,3306173997,0437,5,01
11086666,3306173997,0438,6,01
13356546,3306173997,1709,9,01
13056115,3306173997,0156,10,01
10333114,3306173997,0437,9,02
10333114,3306173997,0439,8,01
11259014,3306174048,0650,0,01
11259014,3306174048,0648,0,01
13304340,3306174048,0651,2,01
10806737,3306174048,0179,10,01
13597020,3306174048,0179,0,01
10895723,3306174048,0648,5,01
10808862,3306174048,0649,4,01
13456235,3306174048,0651,9,01
10946112,3306174048,0657p,7,01
10946112,3306174048,0650,8,01
13597950,3306174048,0647,5,01
10509392,3306174048,0651,6,01
10835742,3306174048,0647,0,01
10698482,3306174048,0657p,8,01
10793462,3306174048,0179,4,01
10762396,3306174048,0179,9,01
10924358,3306174048,0651,6,01
10709630,3306174048,0651,8,01
13263684,3306174048,0648,9,01
12736231,3306174048,0657p,7,01
12736231,3306174048,0648,8,01
10991644,3306174048,0648,8,01
11690583,3306174048,0651,5,01
10915302,3306169744,0372,10,01
10681199,3306169744,0370,9,01
10900148,3306169744,0371,7,01
10914721,3306169744,0369,8,01
10734142,3306169744,0373,8,01
10418675,3306169651,0483,8,01
11898422,3306169651,0484,3,01
10904569,3306169651,0616p,9,01
10803070,3306169651,0373,7,01
10803070,3306169651,0485,7,01
10263445,3306169651,0487,4,01
10308504,3306169651,0373,10,01
10308504,3306169651,0487,9,01
10472185,3306169651,0616p,10,01
10839683,3306169651,1709,0,01
10471125,3306169651,0179,0,01
10471125,3306169651,0485,0,01
10471125,3306169651,0483,0,01
12876207,3306169651,0616p,0,01
13593175,3306169651,1709,0,01
13593175,3306169651,0483,0,01
13232436,3306169651,0484,4,01
13352871,3306169651,0487,0,01
10900201,3306169651,0487,9,01
10900201,3306169651,0484,8,01
10832166,3306169651,0483,7,01
10756981,3306169651,0487,8,01
11197655,3306169651,0373,9,01
10909591,3306169651,0616p,10,01
10346246,3306169651,0179,6,01
11318786,3306169651,0483,0,01
11061166,3306169651,0373,0,01
13375819,3306169651,0483,8,01
11179481,3306169651,0484,6,01
10471020,3306169651,0616p,9,01
10471020,3306169651,0483,9,01
10884600,3306169651,0485,7,01
10884600,3306169651,0483,8,01
11407222,3306169593,0156,0,01
13513975,3306169593,0223,6,01
10604690,3306169593,0221,10,01
12919510,3306169593,0222,4,01
10892119,3306169593,0221,7,01
10828132,3306169593,0223,4,01
10705603,3306169593,0222,7,01
12563453,3306169593,1709,4,01
10308852,3306169593,0223,2,01
10908386,3306169593,1709,4,01
10908386,3306169593,0156,4,01
10959803,3306169593,0225,10,01
10812899,3306169591,1664190,8,01
10812899,3306169591,0228,8,01
10708167,3306169591,0226,7,01
10708167,3306169591,0224,9,01
11002913,3306169591,1664190,10,01
11622314,3306169591,0226,7,01
11622314,3306169591,0224,8,01
11622314,3306169591,1710,9,01
11002807,3306169591,1664190,10,01
11009276,3306169591,0227,2,01
12472787,3306169591,0227,4,01
10500950,3306169751,CVOPT,4,01
10500950,3306169751,0375,1,01
10796295,3306169751,1665190,10,01
10796295,3306169751,0374,9,01
10840811,3306169751,CVOPT,9,01
10840811,3306169751,0375,8,01
10799789,3306169751,CVOPT,10,01
10762023,3306169751,0378,10,01
10762023,3306169751,0374,9,01
10756607,3306169751,1708190,8,01
10762338,3306169751,1665190,9,01
10823812,3306169751,1708190,8,01
10643328,3306169658,0612,9,01
10709604,3306169658,1665190,10,01
10718934,3306169658,0613,3,01
10828387,3306169658,0615,2,01
10688878,3306169658,0613,9,01
10635824,3306169658,0613,4,01
10772126,3306169658,0615,7,01
10797980,3306169658,0616s,5,01
10635513,3306169658,0614,7,01
10711924,3306169658,1665190,4,01
11251967,3306170617,1373,4,01
11251967,3306170617,1374,4,01
11514753,3306170617,CVOPT,10,01
11514753,3306170617,1372,9,01
10783707,3306170617,CVOPT,10,01
10834174,3306170617,1374,7,01
10378823,3306170617,1371,10,01
10666170,3306170617,1708061,10,01
10985551,3306170617,1665061,10,01
10985551,3306170617,1708061,9,01
10985551,3306170617,1373,8,01
10688361,3306170617,1373,6,01
10688361,3306170617,1374,8,01
10827153,3306170617,1710,8,01
10993836,3306170617,1710,9,01
10793376,3306170617,1372,6,01
13281768,3306170617,1375s,5,01
10122344,3306170617,1372,10,01
10122344,3306170617,1374,9,01
10786004,3306170617,1708061,10,01
10786004,3306170617,1372,6,01
10711950,3306170617,1665061,9,01
10711950,3306170617,1708061,8,01
13242092,3306170617,1373,4,01
10652580,3306170617,1374,8,01
13462544,3306170617,1371,7,01
10851445,3306170617,1710,8,01
10798915,3306170617,1371,9,01
10635383,3306170617,1708061,4,01
10546650,3306170617,1374,7,01
11649375,3306170617,1665061,10,01
11649375,3306170617,1374,8,01
10993558,3306170617,1708061,7,01
10911568,3306173995,1710,7,01
10929912,3306173995,CVOPT,7,01
10929912,3306173995,1664001,9,01
11029440,3306173995,1713472,9,01
11044309,3306173995,CVOPT,9,01
11004716,3306173995,1664001,9,01
11004716,3306173995,0446,9,01
10995299,3306173995,1708001,8,01
10995299,3306173995,0443,7,01
10995299,3306173995,0442,7,01
10835299,3306173995,0446,6,01
11666166,3306173995,1713472,8,01
11024457,3306173995,0448,8,01
11024457,3306173995,1710,7,01
10911000,3306173995,CVOPT,6,01
10244048,3306174046,0656,6,01
10679722,3306174046,CVOPT,7,01
10679722,3306174046,0657s,6,01
10679722,3306174046,1665001,6,01
10802285,3306174046,0654,3,01
10024578,3306174046,0655,7,01
10017455,3306174046,0656,10,01
10679695,3306174046,0655,8,01
10789628,3306174046,0656,9,01
10679709,3306174046,CVOPT,8,01
10906957,3306174046,0652,4,01
10780784,3306174046,0653,5,01
10840138,3306174046,0655,8,01
10840138,3306174046,0654,3,01
10835676,3306174046,0655,7,01
10835676,3306174046,0656,9,01
10776755,3306172060,1664020,8,01
10776755,3306172060,1228,7,01
10931235,3306172060,1710,7,01
10776722,3306172060,1708020,7,01
12465550,3306172060,1234,7,01
13291541,3306172060,1227,9,01
11040995,3306172060,1228,7,01
13099124,3306172060,CVOPT,10,01
12607119,3306172060,1235,7,01
10912726,3306172060,1708020,8,01
10912726,3306172060,1234,7,01
10766452,3306172133,0825,0,01
10689201,3306172133,0825,8,01
10742994,3306172133,0827,6,01
10742994,3306172133,0824,7,01
12607926,3306172133,0826,7,01
11073751,3306172133,0828s,7,01
13473425,3306172133,0823,8,01
10487336,3306172133,0823,6,01
10847609,3306172133,0825,4,01
10764144,3306172165,1110,6,01
10776549,3306172165,1708020,9,01
10726936,3306172165,CVOPT,7,01
10726936,3306172165,1009,8,01
10726936,3306172165,1109,6,01
10797573,3306172165,1708020,8,01
10754604,3306172165,1011,6,01
10800028,3306172165,1007,7,01
10796065,3306172165,CVOPT,8,01
13054040,3306172165,1708020,8,01
10263154,3306172165,1665020,8,01
13461591,3306172165,CVOPT,9,01
13461591,3306172165,1011,7,01
10630363,3306172165,1011,6,01
10630363,3306172165,1110,8,01
10805294,3306172165,1665020,7,01
10805294,3306172165,1008,4,01
10610084,3306172165,1012s,10,01
13525343,3306172165,1708020,7,01
13525343,3306172165,1007,10,01
10585531,3306172330,0399,4,01
13251013,3306172330,0398,10,01
10766449,3306172330,CVOPT,8,01
10766449,3306172330,1665039,8,01
10820272,3306172330,1665039,8,01
10820272,3306172330,0180,6,01
10707825,3306172330,CVOPT,7,01
10698109,3306172330,1708039,10,01
10675936,3306172330,0398,4,01
10675936,3306172330,0399,8,01
10410077,3306172330,0397,7,01
13455702,3306172330,1708039,10,01
10719000,3306172330,0399,4,01
10415316,3306172330,0400s,9,01
10698462,3306172330,CVOPT,9,01
13456027,3306172330,1708039,6,01
13456027,3306172330,0180,3,01
10688815,3306172482,1708039,8,01
13455952,3306172482,0176,6,01
10749811,3306172410,0388s,9,01
10808311,3306172410,1665039,9,01
10761594,3306172410,0180,8,01
10761594,3306172410,1710,5,01
10736502,3306172410,0180,9,01
10676318,3306172410,0386,7,01
13475599,3306172410,0388s,10,01
13475662,3306172410,CVOPT,9,01
10514139,3306172410,0387,8,01
12912453,3306172410,1708039,6,01
12912453,3306172410,0180,5,01
13479949,3306170521,028505,7,01
11019862,3306170521,028001,3,01
13278454,3306170521,028501,4,01
11110518,3306170521,028502,4,01
13269119,3306170521,028100,9,01
10322995,3306170521,028505,3,01
10322995,3306170521,028503,4,01
11106423,3306170521,028502,7,01
11106423,3306170521,028504,8,01
11026033,3306170521,028504,2,01
10762395,3306170521,028505,4,01
10762395,3306170521,028503,4,01
11512589,3306170521,028001,8,01
10892583,3306170521,028501,4,01
10914786,3306170521,028503,4,01
11080250,3306170521,028502,7,01
11080250,3306170521,028001,9,01
12059467,3306170521,028505,0,01
11896934,3306170521,028001,0,01
11128032,3306170521,028505,9,01
13456990,3306170521,028505,7,01
12081920,3306170521,028501,3,01
10839018,3306170521,028503,0,01
11000348,3306170521,028505,6,01
11000348,3306170521,028100,7,01
10897940,3306170521,028503,4,01
11787662,3306170521,028100,0,01
10241444,3306170521,028100,6,01
13289086,3306170521,028501,7,01
12623376,3306170521,028100,8,01
11014535,3306170521,028100,6,01
13518965,3306170521,028501,0,01
11030604,3306170521,028504,9,01
10885488,3306170521,028505,6,01
13122237,3306170521,028502,0,01
13122237,3306170521,028001,0,01
13122237,3306170521,028503,0,01
10407158,3306170521,028501,4,01
10885786,3306170521,028001,5,01
10897219,3306170521,028001,8,01
13160174,3306170521,028504,0,01
11043164,3306170521,028001,7,01
10992542,3306170521,028504,0,01
10782041,3306170521,028001,8,01
10805472,3306170521,028505,4,01
11082700,3306170619,1369,8,01
10889150,3306170619,1367,7,01
10889150,3306170619,1368,8,01
10916495,3306170619,1369,9,01
10834105,3306170619,1709,9,01
11312003,3306170619,1368,9,01
10709739,3306170619,1375p,9,01
13594581,3306170619,1370,4,01
10706077,3306170619,1368,8,01
10784831,3306170619,1370,3,01
10892991,3306170619,1375p,9,01
10714135,3306170619,1709,0,01
10916992,3306170619,1370,4,01
13595058,3306170619,1375p,9,01
10918418,3306170619,1367,4,01
10758727,3306170619,1369,4,01
10918779,3306170619,1375p,10,01
10918779,3306170619,1368,9,01
10903526,3306170619,1367,7,01
10911185,3306170619,0179,4,01
10914452,3306170619,1369,9,01
13615979,3306170619,1367,4,01
13598749,3306170619,1370,3,01
10490475,3306170619,1369,4,01
10659496,3306170619,1709,10,01
10659496,3306170619,1368,9,01
13228273,3306172484,1709,0,01
13561737,3306172484,0177,1,01
10305806,3306172484,1709,4,01
10305806,3306172484,0173,9,01
13608584,3306172484,1709,4,01
13608584,3306172484,0173,6,01
10788322,3306172484,0173,0,01
13551232,3306172484,0174,1,01
12561340,3306172484,0177,2,01
13608590,3306172484,0179,0,01
13593122,3306172484,0181p,9,01
10304355,3306172484,0179,7,01
10304355,3306172484,0172,8,01
13593251,3306172484,0171,5,01
13593119,3306172484,0173,8,01
10581374,3306172484,0173,9,01
13458379,3306172332,0173,0,01
10583520,3306172332,0383,8,01
13593106,3306172332,0384,6,01
12151924,3306172332,0171,8,01
12151924,3306172332,0172,9,01
10780778,3306172332,0384,7,01
10740697,3306172332,0171,10,01
10657923,3306172332,1709,7,01
13609532,3306172403,1709,0,01
13609532,3306172403,0173,0,01
11258786,3306172403,0172,8,01
12813996,3306172403,1709,0,01
12813996,3306172403,0171,0,01
12813996,3306172403,0383,0,01
13594957,3306172403,0388p,0,01
13594957,3306172403,0383,0,01
10790903,3306172403,0171,7,01
10654915,3306172053,0156,0,01
10923040,3306172053,1232,0,01
11106237,3306172053,0156,9,01
11106237,3306172053,1232,6,01
11001838,3306172053,1233,0,01
11100435,3306172053,1231,6,01
11121167,3306172053,1226,4,01
12953439,3306172053,1229,8,01
11110260,3306172053,0156,9,01
11116442,3306172053,1231,9,01
11099468,3306172053,1709,7,01
11117078,3306172053,1233,8,01
11036037,3306172053,1229,5,01
11434889,3306172053,1231,7,01
10919565,3306172053,1232,2,01
10915769,3306172053,1232,6,01
13611445,3306172167,1012p,10,01
10894753,3306172167,1012p,7,01
13598681,3306172167,0930,4,01
10303205,3306172167,0623,0,01
10250031,3306172167,0623,7,01
10250031,3306172167,0931,9,01
12565921,3306172167,0179,0,01
10516442,3306172167,0179,7,01
10894622,3306172167,0623,6,01
11744037,3306172167,0931,7,01
10436333,3306172167,1709,0,01
12500676,3306172167,0930,5,01
10904796,3306172167,1709,7,01
10919736,3306172167,0623,6,01
13506504,3306172167,1709,7,01
13506504,3306172167,0623,6,01
12557620,3306172167,1010,6,01
11313275,3306172167,1012p,9,01
10526778,3306172167,1709,8,01
10792044,3306172167,1010,8,01
13170472,3306172135,0623,3,01
11416033,3306172135,0625,7,01
10772198,3306172135,0625,6,01
11075020,3306172135,0623,9,01
10767809,3306172135,0623,7,01
13593226,3306172135,0179,4,01
13112701,3306172135,0828p,7,01
12722909,3306172135,0622,8,01
10027352,3306172135,0179,9,01
10884465,3306172135,0627,6,01
10835151,3306169433,243266,7,01
10696608,3306169433,243266,7,01
10696608,3306169433,243264,7,01
10802935,3306169433,243267,7,01
12687088,3306169433,243266,9,01
10837040,3306169433,243264,0,01
10745463,3306169433,243265,10,01
13448029,3306169440,243604,8,01
13448029,3306169440,243270,9,01
10698470,3306169440,243271,8,01
11285049,3306169440,243270,9,01
10347923,3306169440,243270,4,01
11564293,3306169440,243271,7,01
10745557,3306169440,243270,9,01
10906307,3306173997,0440,5,01
13594870,3306173997,0437,7,02
11170959,3306173997,0441,6,01
13594604,3306173997,0437,9,01
12406107,3306173997,0438,8,01
11038609,3306173997,0439,7,01
11029676,3306173997,0440,8,01
11336870,3306173997,0439,8,01
13592648,3306173997,0438,8,01
13332555,3306173997,0441,10,01
13529587,3306173997,0156,6,01
10835148,3306173997,1709,8,01
10835148,3306173997,0441,7,01
11896491,3306173997,0156,4,01
10806257,3306173997,1709,8,01
10806257,3306173997,0437,6,01
13024171,3306173997,1709,8,01
10747126,3306173997,0437,8,01
10747126,3306173997,0156,10,01
10931052,3306173997,0439,7,01
10847700,3306173997,0439,9,01
10847700,3306173997,0438,8,01
13134429,3306173997,0437,6,01
10633944,3306173997,0437,7,01
10633944,3306173997,0437,7,02
11008351,3306173997,0438,8,01
11019069,3306173997,0437,5,01
11136115,3306173997,1709,8,01
11136115,3306173997,0438,9,01
10938365,3306173997,1709,4,01
10938365,3306173997,0441,5,01
10938365,3306173997,0440,4,01
13304340,3306174048,0650,4,01
13304340,3306174048,0649,4,01
13537130,3306174048,0648,6,01
11802825,3306174048,0649,4,01
12565877,3306174048,1709,0,01
12745122,3306174048,0657p,3,01
12745122,3306174048,0648,5,01
13114812,3306174048,1709,2,01
10925424,3306174048,0650,9,01
10925424,3306174048,0648,8,01
13101838,3306174048,0648,5,01
13101838,3306174048,0647,7,01
11904167,3306174048,0649,8,01
10808862,3306174048,0657p,8,01
10662076,3306174048,0651,6,01
13596536,3306174048,0649,4,01
10243725,3306174048,0657p,7,01
10243725,3306174048,0648,0,01
10946112,3306174048,0648,8,01
10657315,3306174048,0651,10,01
13298754,3306174048,1709,4,01
13597527,3306174048,0651,5,01
11071688,3306174048,0648,7,01
13597031,3306174048,0179,4,01
13542655,3306174048,1709,4,01
10254912,3306174048,0649,4,01
10832907,3306174048,0179,8,01
13593239,3306174048,0647,4,01
10737176,3306174048,0649,9,01
10698482,3306174048,0649,8,01
10904320,3306174048,0179,7,01
13263684,3306174048,0179,7,01
12736231,3306174048,0647,6,01
12478421,3306174048,0657p,9,01
10779855,3306174048,0647,3,01
10805078,3306169744,0179,10,01
10896459,3306169744,0379p,9,01
10896459,3306169744,0372,10,01
10910205,3306169744,0371,9,01
11226702,3306169744,0370,9,01
10784937,3306169744,0371,7,01
10914721,3306169744,0179,10,01
10912223,3306169744,0369,7,01
10734142,3306169744,0371,9,01
10895404,3306169744,0370,8,01
10895404,3306169744,0371,9,01
10895404,3306169744,0369,8,01
10904569,3306169651,0483,8,01
10311349,3306169651,0485,0,01
10901180,3306169651,0483,7,01
10931085,3306169651,0485,9,01
10931085,3306169651,0484,9,01
10454462,3306169651,1709,6,01
10837080,3306169651,0487,6,01
10891759,3306169651,0373,3,01
10308504,3306169651,0483,8,01
10308750,3306169651,0616p,5,01
10308750,3306169651,0179,8,01
10471125,3306169651,1709,0,01
13593175,3306169651,0487,0,01
11905649,3306169651,0179,8,01
11905649,3306169651,0484,8,01
13592958,3306169651,0483,1,01
10900201,3306169651,0616p,9,01
10756981,3306169651,0616p,6,01
11197655,3306169651,0179,7,01
10900298,3306169651,0487,10,01
13170302,3306169651,1709,0,01
10301350,3306169651,0485,6,01
10909591,3306169651,0483,9,01
10283093,3306169651,0484,0,01
10299132,3306169651,1709,0,01
11318786,3306169651,0179,0,01
11014915,3306169651,0485,1,01
10595030,3306169651,0483,0,01
10440723,3306169651,0487,0,01
10884600,3306169651,0179,8,01
11126483,3306169593,0225,6,01
10933605,3306169593,0222,0,01
11407222,3306169593,0222,0,01
10404633,3306169593,0225,0,01
11246288,3306169593,0222,8,01
12610265,3306169593,0222,3,01
12615991,3306169593,0221,0,01
13358627,3306169593,0222,0,01
12736641,3306169593,0225,0,01
11417915,3306169593,0156,9,01
11100333,3306169593,0221,8,01
10705603,3306169593,0223,9,01
13288296,3306169593,1709,8,01
11432717,3306169593,0222,7,01
13598530,3306169593,0156,10,01
10705918,3306169593,0221,6,01
13459021,3306169593,0221,3,01
12651696,3306169593,1709,0,01
12651696,3306169593,0156,0,01
10917865,3306169591,1664190,7,01
11002913,3306169591,0227,10,01
10893131,3306169591,1713707,6,01
10885064,3306169591,1713707,3,01
13452408,3306169591,0224,9,01
11002807,3306169591,0224,9,01
11020732,3306169591,1713707,5,01
11708808,3306169591,CVOPT,8,01
11708808,3306169591,1710,9,01
10762368,3306169751,0377,7,01
10635003,3306169751,1665190,10,01
10762343,3306169751,0375,8,01
10762343,3306169751,0376,10,01
10849397,3306169751,1708190,10,01
10799789,3306169751,1708190,8,01
10764453,3306169751,0379s,8,01
10756607,3306169751,0377,8,01
10756607,3306169751,0374,4,01
10823807,3306169751,1665190,10,01
10823807,3306169751,0375,7,01
10823807,3306169751,0376,8,01
13345475,3306169751,0379s,8,01
10511870,3306169658,1708190,0,01
10511870,3306169658,0613,0,01
10611084,3306169658,0612,9,01
10797348,3306169658,1708190,8,01
10643328,3306169658,0614,4,01
10643328,3306169658,0613,5,01
10807600,3306169658,CVOPT,8,01
10718934,3306169658,1665190,9,01
10718934,3306169658,0615,2,01
10718934,3306169658,0612,1,01
10718934,3306169658,1710,6,01
10828387,3306169658,0614,6,01
10882393,3306169658,0615,3,01
11341745,3306170617,CVOPT,9,01
11341745,3306170617,1374,6,01
10781492,3306170617,CVOPT,8,01
10783707,3306170617,1665061,10,01
10783707,3306170617,1375s,10,01
10742238,3306170617,1665061,6,01
10742238,3306170617,1373,8,01
10734128,3306170617,1374,10,01
10865703,3306170617,1372,4,01
10282118,3306170617,1708061,10,01
10827153,3306170617,1373,7,01
10993836,3306170617,1371,9,01
10993836,3306170617,1373,9,01
10809557,3306170617,1375s,5,01
10793376,3306170617,1373,8,01
10819488,3306170617,1371,9,01
13281768,3306170617,1371,7,01
10819378,3306170617,CVOPT,10,01
10786004,3306170617,1374,5,01
13273466,3306170617,1708061,10,01
13273466,3306170617,1375s,5,01
10776515,3306170617,1373,9,01
10776515,3306170617,1710,10,01
10652580,3306170617,1665061,9,01
10725869,3306170617,1371,8,01
10687463,3306170617,1372,6,01
10770501,3306170617,1372,9,01
10770501,3306170617,1710,8,01
10851445,3306170617,1373,8,01
10809667,3306170617,1373,9,01
13167864,3306170617,1665061,6,01
10737175,3306173995,CVOPT,9,01
10911568,3306173995,0443,5,01
11029440,3306173995,0443,9,01
11029440,3306173995,1710,9,01
10929818,3306173995,0443,9,01
10929818,3306173995,0448,8,01
11004716,3306173995,0448,8,01
11004486,3306173995,0443,9,01
10960990,3306173995,1664001,10,01
11043785,3306173995,1708001,8,01
11039273,3306173995,1708001,9,01
10835299,3306173995,1664001,9,01
11026339,3306173995,0443,3,01
11026339,3306173995,0448,4,01
10905782,3306173995,0448,4,01
11666166,3306173995,0448,3,01
11024457,3306173995,1664001,9,01
11024457,3306173995,0443,8,01
11027361,3306173995,1713472,3,01
11027361,3306173995,1708001,8,01
10677900,3306174046,1710,3,01
10802285,3306174046,1708001,5,01
10802285,3306174046,0655,5,01
10824617,3306174046,0656,7,01
10017455,3306174046,0652,8,01
10679695,3306174046,1708001,6,01
12332046,3306174046,1665001,3,01
10742998,3306174046,1665001,9,01
10840138,3306174046,0656,7,01
10931235,3306172060,1228,5,01
11798264,3306172060,1227,6,01
11798264,3306172060,1228,5,01
10787502,3306172060,1228,8,01
10776722,3306172060,1710,6,01
11184512,3306172060,1230,8,01
10648909,3306172060,1235,5,01
11040995,3306172060,1664020,7,01
11040995,3306172060,1710,8,01
12744964,3306172060,1713925,5,01
11024352,3306172060,1708020,8,01
13099124,3306172060,1228,7,01
13099124,3306172060,1230,8,01
10912726,3306172060,CVOPT,9,01
10889537,3306172060,1235,5,01
10835673,3306172133,CVOPT,4,01
10835673,3306172133,1708020,6,01
12607926,3306172133,1665020,7,01
11073751,3306172133,1710,10,01
12912678,3306172133,0824,7,01
13473425,3306172133,0828s,9,01
10711954,3306172133,1665020,6,01
10804606,3306172133,1708020,4,01
10707892,3306172133,1710,8,01
10857816,3306172133,1710,8,01
11388211,3306172133,1708020,8,01
10764144,3306172165,1708020,6,01
10800028,3306172165,1110,7,01
10796065,3306172165,1012s,9,01
10796065,3306172165,1007,7,01
11089472,3306172165,1009,7,01
10365221,3306172165,1665020,9,01
13456007,3306172165,1008,8,01
10813126,3306172165,CVOPT,9,01
10813126,3306172165,1009,7,01
10813126,3306172165,1011,6,01
10530803,3306172165,1708020,7,01
13054040,3306172165,1665020,8,01
10263154,3306172165,CVOPT,9,01
10630363,3306172165,1665020,9,01
10610084,3306172165,1109,7,01
10585531,3306172330,CVOPT,7,01
10585531,3306172330,0180,9,01
10648032,3306172330,0400s,8,01
10648032,3306172330,0180,4,01
11627062,3306172330,0180,8,01
13251013,3306172330,1708039,10,01
10820272,3306172330,1708039,8,01
10698109,3306172330,0399,9,01
10410077,3306172330,0398,4,01
10415316,3306172330,1708039,10,01
10698462,3306172330,1708039,8,01
10698462,3306172330,0398,4,01
13456027,3306172330,0400s,5,01
13456027,3306172330,0397,4,01
10254373,3306172482,0178,10,01
10688815,3306172482,CVOPT,8,01
10688815,3306172482,0180,3,01
10742128,3306172410,0386,8,01
10749811,3306172410,0386,9,01
10808311,3306172410,0180,8,01
10808311,3306172410,1710,6,01
10736502,3306172410,1710,7,01
11330085,3306172410,1665039,5,01
10514139,3306172410,1665039,9,01
13454999,3306172410,CVOPT,9,01
11802023,3306170521,028503,8,01
10964248,3306170521,028503,0,01
10407199,3306170521,028502,7,01
13596825,3306170521,028504,7,01
13278454,3306170521,028503,4,01
13129964,3306170521,028001,8,01
13269119,3306170521,028505,9,01
11103695,3306170521,028501,2,01
10322995,3306170521,028100,5,01
11135046,3306170521,028504,6,01
11135046,3306170521,028501,7,01
11119010,3306170521,028001,9,01
11080250,3306170521,028503,7,01
11896934,3306170521,028503,0,01
11896934,3306170521,028501,0,01
13484181,3306170521,028505,4,01
13246193,3306170521,028503,4,01
12081920,3306170521,028502,6,01
10839018,3306170521,028502,0,01
11010717,3306170521,028505,4,01
11787662,3306170521,028504,0,01
11787662,3306170521,028505,0,01
13289086,3306170521,028504,6,01
11014535,3306170521,028502,10,01
11014535,3306170521,028501,7,01
13518965,3306170521,028503,0,01
13518965,3306170521,028100,0,01
11017524,3306170521,028502,8,01
10885488,3306170521,028504,7,01
10885488,3306170521,028001,9,01
10407158,3306170521,028505,4,01
10885786,3306170521,028505,2,01
11028307,3306170521,028100,9,01
13598561,3306170521,028001,10,01
12451319,3306170521,028501,8,01
11096252,3306170521,028504,8,01
11096252,3306170521,028100,8,01
10805472,3306170521,028503,4,01
11103555,3306170521,028504,9,01
10795396,3306170521,028502,9,01
10795396,3306170521,028505,7,01
11837899,3306170521,028001,4,01
10027392,3306170619,1368,0,01
10913687,3306170619,0179,5,01
10916495,3306170619,1368,9,01
10736761,3306170619,1375p,10,01
11620907,3306170619,1368,6,01
10914260,3306170619,1367,8,01
10914260,3306170619,1368,7,01
11790026,3306170619,1368,0,01
10884022,3306170619,1369,8,01
10706077,3306170619,1369,7,01
10784831,3306170619,1709,4,01
10892991,3306170619,1709,8,01
13595058,3306170619,0179,6,01
10515804,3306170619,1369,4,01
10928805,3306170619,1367,7,01
10677457,3306170619,1370,3,01
10927613,3306170619,1369,8,01
10909929,3306170619,1368,4,01
10909929,3306170619,1369,6,01
10758727,3306170619,1368,4,01
10899960,3306170619,0179,7,01
10814469,3306170619,1369,8,01
10914452,3306170619,1375p,9,01
13598749,3306170619,0179,6,01
10490475,3306170619,0179,7,01
10659496,3306170619,1367,9,01
13623963,3306172484,1709,6,01
10652365,3306172484,0179,7,01
12413993,3306172484,0179,1,01
13228273,3306172484,0179,0,01
13607126,3306172484,0179,6,01
13602203,3306172484,1709,0,01
10798065,3306172484,0173,5,01
13608577,3306172484,0173,0,01
12561340,3306172484,1709,0,01
13608590,3306172484,0174,0,01
13593122,3306172484,1709,6,01
13593122,3306172484,0173,6,01
10304355,3306172484,0173,8,01
13593251,3306172484,0174,4,01
13593117,3306172484,1709,0,01
13593117,3306172484,0171,0,01
10787451,3306172484,0172,3,01
10895710,3306172332,0383,7,01
13598941,3306172332,0171,7,01
10583520,3306172332,0171,9,01
13608890,3306172332,0179,7,01
10902331,3306172403,0173,8,01
10025712,3306172403,0172,9,01
10911448,3306172403,0173,9,01
12908126,3306172403,1709,7,01
12908126,3306172403,0383,9,01
10796413,3306172403,0173,5,01
12813996,3306172403,0384,0,01
10690363,3306172403,0388p,9,01
10652392,3306172403,0383,10,01
10912710,3306172053,0156,8,01
11106237,3306172053,1231,5,01
12953439,3306172053,1709,9,01
11116442,3306172053,1229,9,01
11116442,3306172053,1232,8,01
11095070,3306172053,1709,6,01
10803879,3306172053,1709,3,01
11433993,3306172053,1233,5,01
10676509,3306172167,0931,8,01
10015387,3306172167,0930,4,01
10015387,3306172167,0931,8,01
10866312,3306172167,0930,2,01
10894753,3306172167,0930,3,01
10560755,3306172167,0179,9,01
10303205,3306172167,0179,0,01
10199483,3306172167,0623,0,01
10425558,3306172167,0623,7,01
10463434,3306172167,0930,0,01
10463434,3306172167,1010,0,01
10792537,3306172167,1709,7,01
10516442,3306172167,0930,5,01
10883675,3306172167,0179,9,01
10895836,3306172167,0930,8,01
11744037,3306172167,0623,3,01
10835229,3306172167,1010,6,01
10895114,3306172167,0931,7,01
10895114,3306172167,1010,6,01
13595716,3306172167,0623,0,01
10904796,3306172167,1012p,10,01
10919736,3306172167,0930,4,01
13502717,3306172167,0930,0,01
10883924,3306172167,0179,9,01
11340144,3306172167,0179,9,01
10730207,3306172167,0930,3,01
10526778,3306172167,0179,9,01
12152515,3306172167,0623,5,01
10932250,3306172167,0930,6,01
13170472,3306172135,0627,5,01
10961331,3306172135,0623,8,01
10961331,3306172135,0627,7,01
10889204,3306172135,0828p,5,01
10793458,3306172135,0828p,7,01
11136005,3306172135,0625,7,01
11136005,3306172135,0623,8,01
12722909,3306172135,0623,8,01
10783295,3306169433,243267,9,01
10757281,3306169433,243264,5,01
10837040,3306169433,243267,0,01
10657391,3306169433,243267,8,01
10657391,3306169433,243266,8,01
10699142,3306169440,243604,4,01
10698470,3306169440,243270,9,01
13447284,3306169440,243602,7,01
13475004,3306169440,243604,7,01
11316049,3306169440,243271,8,01
10869145,3306169440,243602,10,01
10862205,3306169440,243270,7,01
10705571,3306169440,243604,6,01
10709718,3306169440,243271,6,01
10706021,3306173997,0439,6,01
10706021,3306173997,0438,7,01
10706021,3306173997,0440,8,01
10706021,3306173997,0156,6,01
11170959,3306173997,0156,7,01
13594604,3306173997,0439,8,01
12257970,3306173997,0437,7,02
13594861,3306173997,0437,6,01
11241256,3306173997,0156,5,01
13162455,3306173997,0441,6,01
12406107,3306173997,0440,9,01
11336870,3306173997,0440,9,01
13592648,3306173997,0440,8,01
13332555,3306173997,0440,10,01
10835148,3306173997,0438,8,01
10835148,3306173997,0156,9,01
11168289,3306173997,1709,6,01
10832115,3306173997,0438,8,01
10421015,3306173997,0439,5,01
10421015,3306173997,0438,6,01
11132240,3306173997,0437,6,01
11086666,3306173997,0441,7,01
11019069,3306173997,0441,4,01
13056115,3306173997,0438,9,01
11053348,3306173997,0440,8,01
10333114,3306173997,0440,9,01
13596973,3306174048,0651,5,01
13597020,3306174048,1709,0,01
13597020,3306174048,0650,0,01
13537130,3306174048,0179,9,01
11802825,3306174048,0647,7,01
10895723,3306174048,0650,4,01
13455395,3306174048,1709,0,01
10243668,3306174048,1709,5,01
13486970,3306174048,1709,5,01
13486970,3306174048,0650,8,01
11664368,3306174048,0179,3,01
10840996,3306174048,0647,5,01
10808862,3306174048,0651,7,01
13456235,3306174048,1709,7,01
10926432,3306174048,0648,8,01
10926432,3306174048,0649,8,01
10657315,3306174048,0648,10,01
13298754,3306174048,0649,0,01
13597527,3306174048,0179,3,01
11071688,3306174048,0650,1,01
10511438,3306174048,1709,0,01
10511438,3306174048,0649,0,01
10254912,3306174048,0648,7,01
10254912,3306174048,0647,7,01
13593239,3306174048,0657p,8,01
13593239,3306174048,0649,8,01
10698482,3306174048,0651,8,01
10698482,3306174048,0650,9,01
10698482,3306174048,0648,8,01
10793462,3306174048,0648,8,01
10904320,3306174048,0651,7,01
11690583,3306174048,0649,5,01
10915302,3306169744,0379p,9,01
10928705,3306169744,1709,9,01
10805078,3306169744,0371,9,01
10898640,3306169744,0369,7,01
10896459,3306169744,1709,9,01
10904793,3306169744,0179,10,01
10910205,3306169744,0179,10,01
10910205,3306169744,0373,5,01
10900148,3306169744,0370,5,01
10784937,3306169744,1709,9,01
10784937,3306169744,0369,7,01
10914721,3306169744,0372,10,01
10912223,3306169744,0372,10,01
10734142,3306169744,0379p,9,01
10734142,3306169744,0370,9,01
10996327,3306169744,0379p,10,01
10996327,3306169744,0369,6,01
11088604,3306169744,0370,9,01
11088604,3306169744,0372,10,01
10901180,3306169651,0484,7,01
10462619,3306169651,0483,10,01
13303646,3306169651,0373,2,01
10246766,3306169651,0487,7,01
10246766,3306169651,0485,0,01
10308422,3306169651,0484,9,01
12730778,3306169651,0485,0,01
10839683,3306169651,0373,0,01
10463301,3306169651,0487,4,01
10398479,3306169651,0483,8,01
10888617,3306169651,0485,6,01
13170302,3306169651,0179,0,01
10904666,3306169651,0179,8,01
10346246,3306169651,0616p,9,01
10299132,3306169651,0487,0,01
10310048,3306169651,1709,5,01
11318786,3306169651,0485,0,01
13375819,3306169651,0485,6,01
10404419,3306169651,0373,0,01
11179481,3306169651,0179,7,01
11014915,3306169651,0616p,5,01
11147116,3306169651,0484,0,01
10933605,3306169593,0225,8,01
10796752,3306169593,0221,7,01
13360681,3306169593,0156,9,01
13513975,3306169593,1709,7,01
10459629,3306169593,0221,0,01
11251993,3306169593,1709,0,01
13358627,3306169593,1709,0,01
10604690,3306169593,1709,8,01
10604690,3306169593,0222,9,01
11248234,3306169593,0221,6,01
10999069,3306169593,1709,8,01
10999069,3306169593,0222,4,01
12919510,3306169593,0223,6,01
10892119,3306169593,0222,8,01
11100333,3306169593,1709,8,01
10835716,3306169593,0222,0,01
10908386,3306169593,0225,4,01
12948963,3306169593,1709,5,01
12948963,3306169593,0222,7,01
10891681,3306169593,0222,4,01
10437587,3306169593,0221,7,01
10812899,3306169591,CVOPT,1,01
11002913,3306169591,1708190,10,01
11002913,3306169591,0228,10,01
11002913,3306169591,1710,10,01
11146537,3306169591,1708190,10,01
10885064,3306169591,0224,3,01
11011197,3306169591,CVOPT,10,01
11011197,3306169591,0227,9,01
10903261,3306169591,0228,10,01
11009276,3306169591,1708190,1,01
11009276,3306169591,1664190,1,01
11020732,3306169591,0228,5,01
11020732,3306169591,0226,4,01
11708808,3306169591,1664190,9,01
11708808,3306169591,0224,9,01
11029392,3306169591,0226,8,01
11035843,3306169591,1708190,1,01
11035843,3306169591,1710,1,01
10762368,3306169751,CVOPT,10,01
10762368,3306169751,0374,8,01
10796295,3306169751,CVOPT,10,01
10635003,3306169751,0376,10,01
10910600,3306169751,0378,8,01
11082671,3306169751,0375,8,01
12854002,3306169751,0379s,8,01
10799789,3306169751,0377,8,01
10762023,3306169751,1665190,10,01
10764453,3306169751,0378,8,01
10813139,3306169751,0378,7,01
10762338,3306169751,1708190,8,01
10823812,3306169751,CVOPT,9,01
10780756,3306169751,0375,6,01
10823807,3306169751,CVOPT,9,01
10611084,3306169658,1665190,9,01
10643328,3306169658,CVOPT,5,01
10807600,3306169658,1708190,10,01
10807600,3306169658,0614,6,01
10807600,3306169658,0613,8,01
10736277,3306169658,CVOPT,9,01
10635824,3306169658,0612,5,01
10772126,3306169658,1708190,7,01
10797980,3306169658,0613,3,01
10799612,3306170617,1708061,9,01
10026298,3306170617,CVOPT,9,01
10834174,3306170617,1665061,9,01
10834174,3306170617,1375s,8,01
10734128,3306170617,1665061,10,01
10865703,3306170617,1665061,9,01
10865703,3306170617,1710,8,01
10378823,3306170617,1374,10,01
10944114,3306170617,1373,4,01
10688361,3306170617,CVOPT,8,01
10809557,3306170617,1708061,10,01
10711950,3306170617,1372,4,01
10776515,3306170617,1708061,9,01
10413312,3306170617,1372,8,01
10729560,3306170617,1371,6,01
10851445,3306170617,1374,6,01
10842025,3306170617,1371,6,01
10798915,3306170617,1708061,10,01
13167864,3306170617,CVOPT,9,01
10635383,3306170617,1374,3,01
10546650,3306170617,1371,8,01
10546650,3306170617,1710,7,01
10887720,3306173995,0446,7,01
10887720,3306173995,1710,8,01
11671982,3306173995,0446,6,01
11671982,3306173995,1710,7,01
11028742,3306173995,0442,8,01
10787257,3306173995,1708001,8,01
11004486,3306173995,1708001,9,01
11043785,3306173995,1710,7,01
11026339,3306173995,1710,6,01
11027361,3306173995,1710,5,01
10787655,3306173995,CVOPT,9,01
10911000,3306173995,1708001,7,01
10244048,3306174046,1665001,7,01
10244048,3306174046,0652,3,01
10677900,3306174046,0655,6,01
10677900,3306174046,0656,7,01
10819061,3306174046,0652,8,01
10789628,3306174046,CVOPT,9,01
10025295,3306174046,CVOPT,5,01
12332046,3306174046,CVOPT,8,01
10742998,3306174046,1708001,10,01
10742998,3306174046,0656,10,01
10840138,3306174046,0657s,7,01
10840138,3306174046,1710,6,01
10711948,3306174046,1708001,6,01
11798264,3306172060,1708020,8,01
11184512,3306172060,1234,7,01
10648909,3306172060,1230,4,01
13291541,3306172060,1713925,8,01
12744964,3306172060,CVOPT,7,01
12744964,3306172060,1227,4,01
11024352,3306172060,1230,7,01
11004108,3306172060,1228,8,01
11004108,3306172060,1235,8,01
10889537,3306172060,1713925,5,01
10889537,3306172060,1227,4,01
10742994,3306172133,CVOPT,7,01
10742994,3306172133,1708020,9,01
10835673,3306172133,0827,5,01
10835673,3306172133,0824,5,01
12607926,3306172133,0822,7,01
10856038,3306172133,1708020,7,01
10856038,3306172133,0823,7,01
10734184,3306172133,0828s,9,01
10734184,3306172133,0827,7,01
10707892,3306172133,0823,4,01
10857816,3306172133,0828s,8,01
10766414,3306172133,0822,9,01
10766414,3306172133,0824,9,01
10847609,3306172133,0823,3,01
10806298,3306172165,1665020,8,01
10806298,3306172165,1009,8,01
10630337,3306172165,CVOPT,4,01
10819684,3306172165,1012s,6,01
10819684,3306172165,1008,4,01
10797573,3306172165,1665020,8,01
11089472,3306172165,1665020,4,01
13456007,3306172165,1109,8,01
10824007,3306172165,1665020,7,01
10270640,3306172165,1665020,7,01
10530803,3306172165,1109,7,01
13054040,3306172165,1008,5,01
10630363,3306172165,1109,9,01
13500949,3306172165,1110,7,01
10610084,3306172165,CVOPT,9,01
10610084,3306172165,1009,8,01
10745573,3306172330,0400s,9,01
10835750,3306172330,1708039,6,01
10766449,3306172330,0180,7,01
10645102,3306172330,0399,7,01
10698109,3306172330,1710,8,01
10675936,3306172330,0180,7,01
10410077,3306172330,1665039,6,01
10530795,3306172330,CVOPT,8,01
10415316,3306172330,0398,8,01
13487222,3306172330,0397,9,01
13456027,3306172330,1665039,6,01
13456027,3306172330,0398,4,01
10759237,3306172410,CVOPT,9,01
10759237,3306172410,1710,6,01
10749811,3306172410,0180,8,01
10749811,3306172410,0387,7,01
10808311,3306172410,CVOPT,9,01
10736502,3306172410,0388s,8,01
11330085,3306172410,0180,4,01
13475662,3306172410,1708039,9,01
13475662,3306172410,1710,7,01
13454999,3306172410,0386,7,01
13454999,3306172410,1710,6,01
12869703,3306170521,028502,7,01
12869703,3306170521,028501,8,01
13479949,3306170521,028100,6,01
10706065,3306170521,028505,0,01
11019862,3306170521,028504,1,01
11802023,3306170521,028100,8,01
13596825,3306170521,028100,9,01
13532312,3306170521,028100,9,01
13129964,3306170521,028501,4,01
13129964,3306170521,028100,5,01
11321038,3306170521,028505,0,01
13269119,3306170521,028503,10,01
13269119,3306170521,028501,9,01
10322995,3306170521,028001,7,01
11123109,3306170521,028503,4,01
11025178,3306170521,028505,7,01
11135046,3306170521,028505,4,01
11119010,3306170521,028503,8,01
11119010,3306170521,028100,9,01
10914786,3306170521,028504,8,01
13598449,3306170521,028503,4,01
13484181,3306170521,028504,1,01
13484181,3306170521,028100,10,01
11000348,3306170521,028001,8,01
10974769,3306170521,028001,8,01
10974769,3306170521,028503,7,01
10897940,3306170521,028001,4,01
11787662,3306170521,028001,0,01
10241444,3306170521,028502,8,01
10616148,3306170521,028501,7,01
12379379,3306170521,028100,7,01
10893206,3306170521,028501,3,01
10407158,3306170521,028503,7,01
11101503,3306170521,028502,8,01
10885786,3306170521,028503,4,01
10702316,3306170521,028505,7,01
10916309,3306170521,028504,6,01
13598561,3306170521,028504,2,01
10740566,3306170619,1375p,10,01
12649264,3306170619,1367,4,01
10913687,3306170619,1375p,7,01
10834105,3306170619,0179,8,01
11312003,3306170619,1367,9,01
10709739,3306170619,1368,8,01
10914260,3306170619,1375p,9,01
10301015,3306170619,1370,4,01
10735252,3306170619,1370,2,01
10735252,3306170619,1367,6,01
10931524,3306170619,1368,10,01
10886973,3306170619,1369,8,01
10928805,3306170619,1709,8,01
10677457,3306170619,1369,8,01
10909929,3306170619,1375p,9,01
10918779,3306170619,1369,8,01
12667179,3306170619,1368,2,01
10920136,3306170619,0179,4,01
10911185,3306170619,1367,7,01
10610022,3306170619,1375p,10,01
10610022,3306170619,1368,4,01
10814469,3306170619,1368,8,01
10490475,3306170619,1709,8,01
10776959,3306170719,1373,0,01
10652365,3306172484,0177,7,01
12413993,3306172484,0177,0,01
13228273,3306172484,0181p,0,01
10305806,3306172484,0181p,5,01
10788322,3306172484,0171,0,01
10798065,3306172484,0177,4,01
13593120,3306172484,0171,6,01
13593121,3306172484,0173,4,01
13598131,3306172484,0181p,0,01
13598131,3306172484,0177,0,01
13602219,3306172484,0179,0,01
13605770,3306172484,0173,3,01
13605770,3306172484,0174,3,01
10707659,3306172484,0172,0,01
10304355,3306172484,0171,10,01
10304355,3306172484,0177,7,01
10787451,3306172484,0181p,9,01
13598941,3306172332,1709,5,01
13598941,3306172332,0384,6,01
13445476,3306172332,0171,7,01
12151924,3306172332,0173,7,01
10740697,3306172332,0383,9,01
10657923,3306172332,0400p,8,01
10311896,3306172403,0388p,10,01
10790662,3306172403,0388p,10,01
10025712,3306172403,1709,8,01
10025712,3306172403,0388p,8,01
11702324,3306172403,0384,4,01
12908126,3306172403,0173,9,01
10796413,3306172403,0171,5,01
10690363,3306172403,0172,7,01
10923040,3306172053,1709,0,01
11106237,3306172053,1226,4,01
11001838,3306172053,1231,2,01
11121167,3306172053,1233,4,01
11116442,3306172053,1709,7,01
11117078,3306172053,1232,5,01
11013480,3306172053,1233,4,01
11114298,3306172053,1232,3,01
10676509,3306172167,1709,6,01
10676509,3306172167,1012p,10,01
10699266,3306172167,0931,7,01
12404225,3306172167,0931,0,01
10798287,3306172167,0931,7,01
10798287,3306172167,1010,3,01
13598677,3306172167,1012p,0,01
13598681,3306172167,1709,6,01
10197921,3306172167,1709,5,01
10197921,3306172167,0179,0,01
10197921,3306172167,0931,10,01
10929310,3306172167,0931,9,01
10516442,3306172167,0623,2,01
10476265,3306172167,1012p,8,01
10904904,3306172167,0179,8,01
11744037,3306172167,0930,4,01
10835229,3306172167,0179,9,01
10436333,3306172167,1010,2,01
10919736,3306172167,1010,6,01
10742412,3306172167,0623,6,01
10735482,3306172167,0930,3,01
10735482,3306172167,1010,3,01
11340144,3306172167,0931,7,01
10792044,3306172167,0179,4,01
10928697,3306172167,0931,7,01
12152515,3306172167,1012p,9,01
13112701,3306172135,0623,8,01
13112701,3306172135,0627,7,01
11709509,3306172135,1709,8,01
10916125,3306172135,0625,8,01
10694675,3306169433,243264,10,01
10366184,3306169433,243265,0,01
10660627,3306169433,243267,9,01
13043456,3306169433,243267,7,01
10892469,3306169433,243265,4,01
10657391,3306169433,243264,5,01
10791102,3306169440,243604,5,01
10698470,3306169440,243602,9,01
10675598,3306169440,243604,6,01
13035877,3306169440,243604,9,01
10699108,3306169440,243271,7,01
11316053,3306169440,243271,9,01
11564293,3306169440,243270,4,01
10745557,3306169440,243271,7,01
13594604,3306173997,0440,9,01
13594861,3306173997,1709,3,01
12461270,3306173997,0437,10,02
12461270,3306173997,0438,0,01
11038609,3306173997,0156,8,01
13536269,3306173997,0441,3,01
13594777,3306173997,1709,8,01
13592648,3306173997,0156,9,01
11899732,3306173997,0438,0,01
11896491,3306173997,0440,9,01
10806257,3306173997,0441,8,01
13134429,3306173997,0156,7,01
11008351,3306173997,0441,9,01
11041555,3306173997,0437,6,01
13056115,3306173997,0439,9,01
10806737,3306174048,0648,9,01
10416752,3306174048,0179,0,01
12859504,3306174048,0649,9,01
12565877,3306174048,0651,0,01
10243668,3306174048,0657p,8,01
10910705,3306174048,0657p,7,01
10910705,3306174048,0648,6,01
13596966,3306174048,1709,5,01
13596966,3306174048,0651,3,01
11904167,3306174048,0647,7,01
11664368,3306174048,0647,3,01
13457085,3306174048,0649,8,01
13596949,3306174048,1709,0,01
10662076,3306174048,1709,7,01
10926432,3306174048,0650,9,01
13596536,3306174048,1709,4,01
13596536,3306174048,0648,8,01
12116573,3306174048,0651,8,01
13597950,3306174048,0657p,7,01
11071688,3306174048,0649,0,01
13597031,3306174048,1709,5,01
13009073,3306174048,0651,3,01
13009073,3306174048,0650,7,01
13009073,3306174048,0649,8,01
10899530,3306174048,0657p,6,01
13593239,3306174048,0179,4,01
10737176,3306174048,0657p,9,01
12788547,3306174048,0648,6,01
10793462,3306174048,0649,8,01
10698049,3306174048,0657p,9,01
10904320,3306174048,0649,9,01
10904320,3306174048,0647,7,01
10709630,3306174048,0179,8,01
10787713,3306174048,0651,7,01
10787713,3306174048,0647,7,01
10915302,3306169744,0370,7,01
10823890,3306169744,0372,9,01
10910205,3306169744,0372,10,01
10910205,3306169744,0369,7,01
10900148,3306169744,1709,7,01
11226702,3306169744,0369,7,01
10910799,3306169744,0370,9,01
10427570,3306169651,0485,0,01
10263445,3306169651,0373,6,01
10931085,3306169651,0483,9,01
10891759,3306169651,0179,10,01
10891759,3306169651,0484,8,01
10308504,3306169651,0179,0,01
10472185,3306169651,0483,9,01
10463301,3306169651,0483,0,01
11905649,3306169651,0485,9,01
13232436,3306169651,0179,6,01
10909591,3306169651,0179,9,01
10814397,3306169651,0373,3,01
10299132,3306169651,0179,0,01
11061166,3306169651,0616p,0,01
11061166,3306169651,0485,0,01
10440723,3306169651,0485,0,01
10884600,3306169651,0484,6,01
11147116,3306169651,1709,0,01
13360681,3306169593,1709,5,01
10404633,3306169593,0223,0,01
10459629,3306169593,0156,0,01
12610265,3306169593,0156,7,01
11453697,3306169593,0221,8,01
11113596,3306169593,0156,8,01
10892119,3306169593,0225,4,01
10828132,3306169593,1709,7,01
10705603,3306169593,0221,9,01
10908386,3306169593,0222,6,01
12948963,3306169593,0223,7,01
12948963,3306169593,0156,8,01
11504295,3306169593,0221,3,01
13459021,3306169593,0156,0,01
10437587,3306169593,0156,7,01
10812899,3306169591,1708190,8,01
10708167,3306169591,1708190,8,01
11002913,3306169591,1713707,10,01
11002913,3306169591,0226,10,01
11146537,3306169591,1664190,10,01
10893131,3306169591,CVOPT,5,01
11011197,3306169591,1713707,10,01
10776723,3306169591,0224,4,01
10903261,3306169591,0226,9,01
13452408,3306169591,0227,8,01
11002807,3306169591,1710,10,01
11020732,3306169591,1708190,5,01
12472787,3306169591,0226,7,01
11000271,3306169591,0228,8,01
11035843,3306169591,CVOPT,1,01
10762368,3306169751,1665190,9,01
10635003,3306169751,1708190,10,01
10635003,3306169751,0375,10,01
10757735,3306169751,1708190,7,01
11082671,3306169751,0378,10,01
10849397,3306169751,0379s,10,01
12854002,3306169751,1665190,7,01
12854002,3306169751,1708190,7,01
10840811,3306169751,0377,6,01
10783280,3306169751,1708190,9,01
10652371,3306169751,0378,6,01
10652371,3306169751,0374,2,01
10813139,3306169751,1708190,9,01
10756607,3306169751,0378,9,01
10823812,3306169751,0374,7,01
13456011,3306169751,1665190,9,01
10780756,3306169751,0377,8,01
10611084,3306169658,0615,6,01
10611084,3306169658,0614,5,01
10797348,3306169658,1665190,8,01
10770657,3306169658,0612,3,01
10856605,3306169658,1708190,8,01
10856605,3306169658,0614,8,01
10709604,3306169658,0614,3,01
10709604,3306169658,0613,3,01
10757001,3306169658,1665190,9,01
10758419,3306169658,0614,6,01
10882393,3306169658,1708190,9,01
10711924,3306169658,CVOPT,4,01
10799612,3306170617,1371,9,01
10781492,3306170617,1373,4,01
10742238,3306170617,1374,4,01
10865703,3306170617,CVOPT,9,01
10282118,3306170617,1710,9,01
10666170,3306170617,CVOPT,8,01
10985551,3306170617,1371,10,01
10985551,3306170617,1372,8,01
10688361,3306170617,1372,4,01
10803120,3306170617,1375s,5,01
10827153,3306170617,1374,7,01
10993836,3306170617,1708061,10,01
10793376,3306170617,1371,9,01
10819488,3306170617,1375s,5,01
10711950,3306170617,CVOPT,9,01
11104411,3306170617,1374,8,01
10652580,3306170617,1708061,10,01
10725869,3306170617,1665061,9,01
10725869,3306170617,1375s,5,01
10413312,3306170617,1374,8,01
13462544,3306170617,1665061,9,01
13462544,3306170617,1374,5,01
10770501,3306170617,CVOPT,9,01
10780789,3306170617,CVOPT,9,01
10780789,3306170617,1373,8,01
10515381,3306170617,1373,6,01
10546650,3306170617,1708061,10,01
10546650,3306170617,1375s,8,01
11649375,3306170617,1371,8,01
10911568,3306173995,0446,7,01
10929912,3306173995,1710,8,01
11044309,3306173995,0446,6,01
10787257,3306173995,1664001,9,01
10787257,3306173995,0446,6,01
10787257,3306173995,0442,5,01
10787257,3306173995,1710,5,01
10929818,3306173995,1708001,9,01
10960990,3306173995,1708001,9,01
10960990,3306173995,0448,6,01
10787655,3306173995,0446,6,01
10244048,3306174046,0653,3,01
10679723,3306174046,CVOPT,8,01
10679723,3306174046,0654,7,01
10961892,3306174046,0656,6,01
10017455,3306174046,0657s,9,01
10025295,3306174046,0652,3,01
10025295,3306174046,0653,2,01
10742998,3306174046,0652,9,01
10906957,3306174046,0656,7,01
10780784,3306174046,1708001,6,01
10776755,3306172060,1708020,7,01
10924853,3306172060,1708020,8,01
10776722,3306172060,1234,7,01
10899896,3306172060,1710,9,01
12465550,3306172060,1235,4,01
10648909,3306172060,1708020,8,01
10648909,3306172060,1710,6,01
13291541,3306172060,1230,9,01
13291541,3306172060,1235,8,01
12744964,3306172060,1228,5,01
10805007,3306172060,1227,4,01
11004108,3306172060,1708020,9,01
11004108,3306172060,1230,9,01
10889537,3306172060,1708020,6,01
10689201,3306172133,0827,8,01
10835673,3306172133,1665020,5,01
12607926,3306172133,0823,9,01
11790917,3306172133,0828s,7,01
11790917,3306172133,0823,7,01
11790917,3306172133,0822,7,01
10856038,3306172133,0822,4,01
11073751,3306172133,0825,8,01
13473425,3306172133,0824,9,01
10711954,3306172133,0824,5,01
10711954,3306172133,1710,7,01
10734184,3306172133,1665020,7,01
10804606,3306172133,0828s,6,01
10804606,3306172133,0822,4,01
10847609,3306172133,1708020,3,01
10847609,3306172133,0827,5,01
10847609,3306172133,0822,4,01
10806298,3306172165,1708020,7,01
10630337,3306172165,1009,7,01
10776549,3306172165,1665020,10,01
10776549,3306172165,1009,9,01
10797573,3306172165,1011,6,01
10800028,3306172165,CVOPT,8,01
10796065,3306172165,1665020,9,01
11089472,3306172165,1708020,8,01
10824007,3306172165,1008,4,01
10530803,3306172165,1009,8,01
13054040,3306172165,CVOPT,9,01
13054040,3306172165,1007,9,01
13054040,3306172165,1009,8,01
13461591,3306172165,1110,7,01
10805294,3306172165,CVOPT,8,01
13500909,3306172165,1009,7,01
13500909,3306172165,1109,6,01
13500949,3306172165,1665020,9,01
10610084,3306172165,1011,7,01
13525343,3306172165,1109,8,01
10648032,3306172330,1708039,8,01
10698109,3306172330,0398,9,01
10719000,3306172330,1710,8,01
13487222,3306172330,1708039,10,01
10698462,3306172330,1665039,8,01
10698462,3306172330,0180,4,01
13456027,3306172330,0399,6,01
11782717,3306172482,0176,5,01
10254373,3306172482,1665039,9,01
10688815,3306172482,1665039,7,01
13450196,3306172410,0180,8,01
13450196,3306172410,0387,8,01
10736502,3306172410,0385,8,01
10736502,3306172410,0386,9,01
13475662,3306172410,0387,9,01
12912453,3306172410,0388s,6,01
12912453,3306172410,0386,7,01
12237928,3306170521,028502,9,01
13323096,3306170521,028502,7,01
13532312,3306170521,028501,7,01
13129964,3306170521,028502,6,01
11321038,3306170521,028501,0,01
10322995,3306170521,028501,0,01
11123109,3306170521,028100,5,01
11025178,3306170521,028503,7,01
11135046,3306170521,028503,4,01
11248638,3306170521,028100,7,01
11026033,3306170521,028505,7,01
11512589,3306170521,028503,4,01
11119010,3306170521,028502,9,01
11119010,3306170521,028501,9,01
10892583,3306170521,028503,4,01
11080250,3306170521,028501,8,01
11572769,3306170521,028502,0,01
12059467,3306170521,028503,0,01
13162439,3306170521,028502,10,01
13162439,3306170521,028501,7,01
13246193,3306170521,028501,6,01
12081920,3306170521,028504,2,01
10938612,3306170521,028100,6,01
11000348,3306170521,028501,3,01
10974769,3306170521,028501,4,01
10897940,3306170521,028502,4,01
10897940,3306170521,028100,5,01
11787662,3306170521,028502,0,01
11232270,3306170521,028503,0,01
13598555,3306170521,028503,6,01
13074463,3306170521,028503,0,01
12379379,3306170521,028502,8,01
12379379,3306170521,028505,4,01
11095340,3306170521,028505,8,01
13538314,3306170521,028502,0,01
11014535,3306170521,028504,9,01
10893206,3306170521,028502,7,01
10893206,3306170521,028505,7,01
10702316,3306170521,028501,3,01
10913618,3306170521,028502,0,01
10897219,3306170521,028502,9,01
13598561,3306170521,028502,9,01
11043164,3306170521,028502,4,01
11043164,3306170521,028503,7,01
11043164,3306170521,028501,2,01
12691602,3306170521,028502,0,01
11236141,3306170521,028502,8,01
10803834,3306170521,028501,4,01
13388119,3306170521,028503,4,01
11103555,3306170521,028501,9,01
13506891,3306170521,028100,10,01
12587578,3306170521,028505,8,01
12587578,3306170521,028501,7,01
10807595,3306170619,1375p,0,01
12649264,3306170619,1368,4,01
11082700,3306170619,1709,10,01
11082700,3306170619,0179,10,01
10913687,3306170619,1367,6,01
10913687,3306170619,1369,8,01
10769318,3306170619,1368,6,01
10834105,3306170619,1369,9,01
10709739,3306170619,0179,5,01
10709739,3306170619,1367,6,01
10784831,3306170619,0179,4,01
10636216,3306170619,1368,8,01
10916992,3306170619,1367,7,01
10886973,3306170619,1367,9,01
10515804,3306170619,1368,10,01
10678151,3306170619,1367,0,01
10677457,3306170619,1368,7,01
10927613,3306170619,0179,6,01
10903526,3306170619,1368,9,01
10899960,3306170619,1368,8,01
10814469,3306170619,0179,7,01
13615979,3306170619,1375p,9,01
13623963,3306172484,0171,0,01
12413993,3306172484,0181p,0,01
13561737,3306172484,1709,3,01
13561737,3306172484,0171,4,01
10788322,3306172484,1709,0,01
10788322,3306172484,0179,0,01
13602203,3306172484,0174,0,01
13551232,3306172484,0172,0,01
13551232,3306172484,0173,0,01
13593121,3306172484,0171,6,01
10379063,3306172484,0171,1,01
13598131,3306172484,0172,0,01
13602219,3306172484,0181p,0,01
13602219,3306172484,0173,0,01
13605770,3306172484,0179,4,01
13605770,3306172484,0177,2,01
13593122,3306172484,0174,8,01
10801931,3306172484,0181p,8,01
13593251,3306172484,1709,4,01
13593117,3306172484,0177,0,01
10787451,3306172484,1709,7,01
10787451,3306172484,0179,9,01
10581374,3306172484,0179,9,01
13458379,3306172332,0383,0,01
13593493,3306172332,1709,0,01
13608890,3306172332,0400p,8,01
10790662,3306172403,0172,9,01
12132171,3306172403,0179,7,01
12132171,3306172403,0172,9,01
11405737,3306172403,0388p,0,01
11258786,3306172403,0383,9,01
10796413,3306172403,0383,8,01
10690363,3306172403,1709,7,01
10652392,3306172403,0388p,10,01
10790903,3306172403,1709,8,01
10923040,3306172053,1231,0,01
11001838,3306172053,1226,1,01
11099468,3306172053,0156,8,01
11114298,3306172053,1231,5,01
10803879,3306172053,1232,2,01
10015387,3306172167,0179,8,01
13598681,3306172167,0179,0,01
10303205,3306172167,0931,0,01
10199483,3306172167,0931,0,01
10199483,3306172167,1010,0,01
12565921,3306172167,0623,3,01
10932819,3306172167,1709,0,01
10835229,3306172167,0931,8,01
10895114,3306172167,0179,4,01
10904796,3306172167,0931,9,01
10919736,3306172167,1012p,4,01
10735482,3306172167,0623,5,01
10735482,3306172167,0931,6,01
12900452,3306172167,0930,6,01
11313275,3306172167,1010,6,01
10344032,3306172167,0931,0,01
10837412,3306172167,0930,6,01
10892734,3306172167,0623,7,01
10928697,3306172167,1709,8,01
12152515,3306172167,1709,6,01
11416033,3306172135,1709,9,01
11416033,3306172135,0828p,6,01
11416033,3306172135,0179,8,01
11416033,3306172135,0627,7,01
10961331,3306172135,0828p,6,01
10961331,3306172135,0179,8,01
11075020,3306172135,0828p,6,01
10921012,3306172135,0179,7,01
10921012,3306172135,0623,7,01
11744036,3306172135,0623,9,01
11336367,3306172135,0627,4,01
10920099,3306172135,0828p,7,01
10920099,3306172135,0623,9,01
10027352,3306172135,0622,7,01
10027352,3306172135,0627,7,01
10924797,3306169433,243266,6,01
10835151,3306169433,243265,4,01
10694675,3306169433,243267,10,01
10696608,3306169433,243267,8,01
10024790,3306169433,243267,10,01
10757281,3306169433,243267,6,01
10802935,3306169433,243264,7,01
10657391,3306169433,243265,4,01
10799399,3306169433,243265,9,01
10799399,3306169433,243267,10,01
13593116,3306169433,243264,5,01
10758378,3306169440,243602,6,01
11066151,3306169440,243604,6,01
13035877,3306169440,243270,8,01
10699108,3306169440,243270,9,01
10287348,3306169440,243271,6,01
11316053,3306169440,243604,7,01
10745557,3306169440,243604,7,01
10772056,3306169440,243271,6,01
10906307,3306173997,0438,3,01
13594870,3306173997,0437,7,01
10925591,3306173997,0440,9,01
11170959,3306173997,1709,6,01
11170959,3306173997,0439,8,01
11029676,3306173997,0439,8,01
13594777,3306173997,0437,7,01
13594777,3306173997,0437,7,02
13594777,3306173997,0156,8,01
13332555,3306173997,0156,10,01
11138087,3306173997,0440,9,01
10633944,3306173997,1709,6,01
11086666,3306173997,0156,2,01
11133386,3306173997,0437,10,01
11019069,3306173997,0440,9,01
11136115,3306173997,0441,10,01
11136115,3306173997,0439,8,01
10938365,3306173997,0437,2,02
13356546,3306173997,0440,8,01
11143320,3306173997,1709,7,01
13056115,3306173997,1709,9,01
13597020,3306174048,0647,0,01
13537130,3306174048,0649,4,01
11802825,3306174048,0650,9,01
12565877,3306174048,0650,0,01
10895723,3306174048,0657p,7,01
10895723,3306174048,0651,5,01
12745122,3306174048,0651,6,01
13486970,3306174048,0179,7,01
10910705,3306174048,0650,7,01
10730016,3306174048,0179,0,01
10730016,3306174048,0647,5,01
13596966,3306174048,0179,1,01
13101838,3306174048,0649,5,01
11904167,3306174048,0179,9,01
10707710,3306174048,0179,9,01
10926432,3306174048,0179,4,01
10946112,3306174048,0647,7,01
12116573,3306174048,0648,8,01
13298754,3306174048,0179,0,01
13597527,3306174048,0649,4,01
11071688,3306174048,0651,6,01
10509392,3306174048,0657p,8,01
13597031,3306174048,0648,7,01
10832907,3306174048,0649,8,01
10762396,3306174048,0651,7,01
10698049,3306174048,1709,9,01
11690583,3306174048,0657p,6,01
10928705,3306169744,0372,9,01
10921245,3306169744,0369,7,01
10898640,3306169744,0179,8,01
10896459,3306169744,0370,8,01
10904793,3306169744,0371,8,01
10904793,3306169744,0369,8,01
10784937,3306169744,0179,9,01
10784937,3306169744,0370,7,01
10911373,3306169744,0370,8,01
10910799,3306169744,0372,10,01
13376042,3306169651,0373,0,01
10679710,3306169651,0373,8,01
10427570,3306169651,0483,0,01
13303646,3306169651,0487,4,01
13303646,3306169651,0484,5,01
13303646,3306169651,0483,5,01
13593151,3306169651,0483,7,01
10246766,3306169651,0483,7,01
11049333,3306169651,0616p,6,01
11231256,3306169651,0485,0,01
10382149,3306169651,0616p,9,01
12730778,3306169651,1709,0,01
10323484,3306169651,1709,0,01
10839683,3306169651,0483,0,01
10471125,3306169651,0487,0,01
13593175,3306169651,0484,0,01
10463301,3306169651,0373,2,01
13592958,3306169651,0616p,0,01
13592958,3306169651,0484,0,01
10900201,3306169651,0485,9,01
10756981,3306169651,0483,8,01
11197655,3306169651,0616p,9,01
11197655,3306169651,0487,9,01
10888617,3306169651,0373,9,01
10301350,3306169651,0616p,9,01
10909591,3306169651,0373,10,01
10381670,3306169651,0179,0,01
10904666,3306169651,0483,8,01
10283093,3306169651,0483,0,01
12395762,3306169651,0179,4,01
10404419,3306169651,0484,0,01
10404419,3306169651,0483,0,01
11179481,3306169651,0616p,8,01
11014915,3306169651,0487,0,01
10819052,3306169651,0483,7,01
10471020,3306169651,0484,9,01
10440723,3306169651,0616p,0,01
13458925,3306169651,0373,9,01
11147116,3306169651,0487,0,01
13360681,3306169593,0225,4,01
11407222,3306169593,0225,0,01
10404633,3306169593,0222,0,01
10404633,3306169593,0156,0,01
10459629,3306169593,1709,0,01
11246288,3306169593,0223,4,01
13358627,3306169593,0221,0,01
10604690,3306169593,0225,10,01
11248234,3306169593,0225,7,01
11453697,3306169593,0223,7,01
11417915,3306169593,0223,8,01
10996376,3306169593,0223,6,01
10996376,3306169593,0222,8,01
12452190,3306169593,0221,7,01
10805591,3306169593,0222,4,01
13545139,3306169593,0221,10,01
10429996,3306169593,0156,9,01
13546750,3306169593,0156,8,01
10308852,3306169593,1709,2,01
11432717,3306169593,0221,7,01
12948963,3306169593,0225,3,01
10705918,3306169593,0156,9,01
10858044,3306169593,0223,4,01
10858044,3306169593,0222,4,01
10959803,3306169593,0221,9,01
10437587,3306169593,0222,4,01
10982502,3306169593,0222,4,01
10917865,3306169591,CVOPT,7,01
10708167,3306169591,1664190,8,01
10893131,3306169591,0227,8,01
10885064,3306169591,1664190,3,01
11011197,3306169591,0228,10,01
10776723,3306169591,1713707,8,01
10776723,3306169591,CVOPT,3,01
10903261,3306169591,0224,9,01
13452408,3306169591,1713707,9,01
11009276,3306169591,0228,1,01
12472787,3306169591,1713707,7,01
12472787,3306169591,0224,7,01
11013828,3306169591,CVOPT,10,01
11029392,3306169591,1664190,8,01
11029392,3306169591,0228,8,01
10796295,3306169751,1708190,10,01
10762343,3306169751,CVOPT,10,01
10762343,3306169751,0377,7,01
11082671,3306169751,0379s,10,01
10849397,3306169751,0376,7,01
10840811,3306169751,0376,8,01
10799789,3306169751,0379s,9,01
10783280,3306169751,0377,7,01
10764453,3306169751,0377,7,01
10756607,3306169751,0376,9,01
10762338,3306169751,0375,4,01
13456011,3306169751,1708190,9,01
10823807,3306169751,0374,4,01
13345475,3306169751,0378,9,01
10770657,3306169658,0615,6,01
10711977,3306169658,0615,2,01
10709604,3306169658,0612,3,01
10810051,3306169658,1665190,8,01
10757001,3306169658,CVOPT,3,01
10757001,3306169658,0614,6,01
10757001,3306169658,0612,3,01
10758419,3306169658,1708190,9,01
10688878,3306169658,1708190,10,01
10799612,3306170617,1665061,10,01
11251967,3306170617,1708061,7,01
11251967,3306170617,CVOPT,8,01
11514753,3306170617,1665061,10,01
11514753,3306170617,1373,9,01
11514753,3306170617,1374,10,01
10026298,3306170617,1371,6,01
10026298,3306170617,1373,8,01
11341745,3306170617,1375s,9,01
10834174,3306170617,1708061,10,01
10834174,3306170617,1372,7,01
10742238,3306170617,1371,8,01
10734128,3306170617,1373,9,01
10666170,3306170617,1375s,8,01
10803120,3306170617,1374,8,01
10809557,3306170617,1665061,9,01
10819488,3306170617,1374,8,01
10122344,3306170617,CVOPT,10,01
13242092,3306170617,1708061,10,01
13242092,3306170617,CVOPT,9,01
13242092,3306170617,1375s,9,01
11104411,3306170617,1371,9,01
10413312,3306170617,1665061,8,01
10413312,3306170617,1371,8,01
10687463,3306170617,1710,6,01
13462544,3306170617,1375s,7,01
13462544,3306170617,1373,7,01
10770501,3306170617,1708061,9,01
10729560,3306170617,1710,6,01
10851445,3306170617,1708061,9,01
10842025,3306170617,1708061,10,01
10809667,3306170617,CVOPT,10,01
10635383,3306170617,1375s,7,01
11649375,3306170617,1372,8,01
10911568,3306173995,1708001,7,01
11028742,3306173995,0446,6,01
11033515,3306173995,1664001,9,01
11004716,3306173995,0442,10,01
11043785,3306173995,1664001,10,01
11043785,3306173995,0446,6,01
11043785,3306173995,0448,6,01
11039273,3306173995,CVOPT,9,01
10905782,3306173995,1710,7,01
11666166,3306173995,CVOPT,7,01
11027361,3306173995,0442,5,01
10787655,3306173995,1713472,8,01
10911000,3306173995,1713472,3,01
10679723,3306174046,0656,6,01
10802285,3306174046,CVOPT,8,01
10961892,3306174046,0657s,5,01
10824617,3306174046,CVOPT,8,01
10679695,3306174046,0657s,7,01
10679695,3306174046,0652,4,01
10679695,3306174046,0653,4,01
10789628,3306174046,1708001,6,01
10906957,3306174046,1708001,7,01
10780784,3306174046,0652,4,01
10840138,3306174046,CVOPT,9,01
10931235,3306172060,1230,6,01
11798264,3306172060,1710,7,01
10899896,3306172060,1234,8,01
12465550,3306172060,1713925,4,01
11184512,3306172060,1227,4,01
11184512,3306172060,1710,7,01
11024352,3306172060,CVOPT,9,01
13099124,3306172060,1713925,8,01
13099124,3306172060,1227,6,01
11004108,3306172060,1713925,7,01
10889537,3306172060,1664020,5,01
10742994,3306172133,0822,7,01
12607926,3306172133,0828s,7,01
12607926,3306172133,0825,8,01
12607926,3306172133,1710,10,01
12912678,3306172133,CVOPT,8,01
12912678,3306172133,0825,8,01
12912678,3306172133,0822,8,01
10711954,3306172133,CVOPT,4,01
10711954,3306172133,0825,7,01
10711954,3306172133,0822,4,01
10734184,3306172133,0823,6,01
10804606,3306172133,1665020,6,01
10707892,3306172133,0828s,9,01
10766414,3306172133,1665020,9,01
10766414,3306172133,0827,8,01
10776549,3306172165,1012s,10,01
10726936,3306172165,1708020,7,01
10797573,3306172165,1110,7,01
10796065,3306172165,1708020,6,01
11089472,3306172165,1011,8,01
13456007,3306172165,1708020,9,01
10813126,3306172165,1110,7,01
10852161,3306172165,1008,8,01
10824007,3306172165,1012s,7,01
13500949,3306172165,1008,6,01
13525343,3306172165,1009,8,01
10585531,3306172330,0398,4,01
10648032,3306172330,0397,8,01
10648032,3306172330,1710,7,01
10766449,3306172330,1708039,8,01
10645102,3306172330,1710,8,01
10675936,3306172330,1708039,8,01
10410077,3306172330,1708039,6,01
10719000,3306172330,0397,8,01
10687498,3306172410,CVOPT,9,01
10761594,3306172410,0387,6,01
13475599,3306172410,1665039,9,01
10514139,3306172410,0388s,8,01
10706065,3306170521,028503,0,01
12237928,3306170521,028100,7,01
10964248,3306170521,028505,0,01
13377168,3306170521,028504,1,01
13596825,3306170521,028502,9,01
13596825,3306170521,028501,8,01
13278454,3306170521,028505,4,01
13278454,3306170521,028100,7,01
11110518,3306170521,028501,2,01
11321038,3306170521,028503,0,01
11574134,3306170521,028001,8,01
11135046,3306170521,028502,4,01
11026033,3306170521,028501,3,01
11512589,3306170521,028502,9,01
11512589,3306170521,028505,7,01
11119010,3306170521,028505,8,01
11080250,3306170521,028504,7,01
11572769,3306170521,028505,0,01
11519407,3306170521,028504,7,01
11128032,3306170521,028001,6,01
12081920,3306170521,028503,4,01
10839018,3306170521,028100,5,01
11787662,3306170521,028501,0,01
13156002,3306170521,028001,10,01
13074463,3306170521,028502,0,01
13074463,3306170521,028504,0,01
13538314,3306170521,028001,0,01
10912191,3306170521,028505,0,01
11017524,3306170521,028501,8,01
13122237,3306170521,028504,0,01
13122237,3306170521,028505,0,01
10893206,3306170521,028100,7,01
11116523,3306170521,028502,4,01
11116523,3306170521,028505,0,01
11116523,3306170521,028001,4,01
11116523,3306170521,028501,1,01
10702316,3306170521,028504,8,01
11028307,3306170521,028502,4,01
11028307,3306170521,028501,6,01
11906482,3306170521,028502,7,01
11906482,3306170521,028100,8,01
11043164,3306170521,028100,6,01
10992542,3306170521,028502,0,01
10782041,3306170521,028501,5,01
13388119,3306170521,028100,0,01
13446969,3306170521,028504,7,01
13446969,3306170521,028001,10,01
13446969,3306170521,028100,8,01
13506891,3306170521,028504,9,01
13518817,3306170521,028505,7,01
13518817,3306170521,028503,9,01
12587578,3306170521,028100,10,01
10027392,3306170619,1709,0,01
10740566,3306170619,1370,4,01
12649264,3306170619,1369,4,01
10913687,3306170619,1709,9,01
10769318,3306170619,1369,7,01
10702473,3306170619,1369,8,01
11312003,3306170619,1709,9,01
11312003,3306170619,1375p,9,01
10709739,3306170619,1709,8,01
13594581,3306170619,1368,4,01
10706077,3306170619,0179,7,01
10706077,3306170619,1367,7,01
10931524,3306170619,0179,10,01
10636216,3306170619,1367,8,01
10886973,3306170619,1368,9,01
13595058,3306170619,1368,8,01
10918779,3306170619,1367,9,01
10903526,3306170619,1709,9,01
10903526,3306170619,0179,9,01
10920136,3306170619,1375p,8,01
10610022,3306170619,1369,4,01
10899960,3306170619,1370,8,01
13615979,3306170619,1709,9,01
10652365,3306172484,0171,10,01
12413993,3306172484,0172,0,01
12413993,3306172484,0173,0,01
13228273,3306172484,0171,0,01
13561737,3306172484,0179,4,01
13561737,3306172484,0173,3,01
10305806,3306172484,0172,9,01
13608584,3306172484,0171,7,01
13602203,3306172484,0173,0,01
13593120,3306172484,1709,3,01
13602219,3306172484,0174,0,01
10379062,3306172484,0172,4,01
13605770,3306172484,1709,2,01
11051785,3306172484,0181p,5,01
11051785,3306172484,0174,4,01
13593122,3306172484,0179,7,01
10801931,3306172484,0177,4,01
10843015,3306172484,0173,6,01
10707659,3306172484,0171,0,01
10787451,3306172484,0174,6,01
10581374,3306172484,0174,9,01
10895710,3306172332,0173,7,01
13593106,3306172332,0171,4,01
13608890,3306172332,1709,8,01
10657923,3306172332,0173,8,01
10902331,3306172403,0384,4,01
10902331,3306172403,0172,8,01
10610202,3306172403,0388p,10,01
11405737,3306172403,0172,0,01
11258786,3306172403,0171,7,01
10919245,3306172053,1229,6,01
10919245,3306172053,1233,7,01
10923040,3306172053,0156,0,01
11001838,3306172053,1709,2,01
11001838,3306172053,1232,0,01
11121167,3306172053,1229,6,01
11120345,3306172053,1229,5,01
12953439,3306172053,1232,8,01
11099468,3306172053,1232,8,01
10905076,3306172053,1233,8,01
11117078,3306172053,1229,6,01
11434889,3306172053,1232,6,01
11013480,3306172053,0156,7,01
10915769,3306172053,1229,7,01
11245068,3306172167,0931,0,01
10676509,3306172167,1010,6,01
13611445,3306172167,0179,9,01
10798287,3306172167,0179,8,01
13598681,3306172167,0623,7,01
10197921,3306172167,0930,5,01
10560755,3306172167,0623,8,01
10250031,3306172167,1010,2,01
12565921,3306172167,0931,7,01
10792537,3306172167,1010,6,01
10904904,3306172167,0623,7,01
10883675,3306172167,0931,8,01
10895836,3306172167,0623,7,01
10895114,3306172167,0930,4,01
10742412,3306172167,0930,4,01
10344032,3306172167,0179,9,01
10344032,3306172167,1010,0,01
10837412,3306172167,1709,6,01
10837412,3306172167,0623,6,01
10833008,3306172167,1010,4,01
10892734,3306172167,1709,6,01
10893829,3306172167,1012p,9,01
10928697,3306172167,0623,6,01
12152515,3306172167,0931,7,01
13170472,3306172135,0622,4,01
10961331,3306172135,0625,7,01
10805487,3306172135,0622,6,01
10793458,3306172135,0625,7,01
11075020,3306172135,0622,8,01
11744036,3306172135,0179,9,01
10767809,3306172135,0828p,4,01
10767809,3306172135,0622,6,01
11136005,3306172135,0179,3,01
11816291,3306172135,0625,8,01
11816291,3306172135,0623,8,01
11709509,3306172135,0179,9,01
10885568,3306172135,0828p,6,01
10884465,3306172135,0623,7,01
10924797,3306169433,243265,4,01
10694675,3306169433,243265,8,01
10680218,3306169433,243265,9,01
10660627,3306169433,243266,9,01
10780813,3306169433,243264,7,01
10802935,3306169433,243265,9,01
10758378,3306169440,243271,7,01
11066151,3306169440,243271,9,01
13035877,3306169440,243271,9,01
10862205,3306169440,243604,8,01
10862205,3306169440,243271,9,01
10706021,3306173997,1709,8,01
10706021,3306173997,0441,2,01
12257970,3306173997,1709,5,01
12257970,3306173997,0440,9,01
12257970,3306173997,0156,7,01
11055715,3306173997,0437,8,01
11055715,3306173997,0439,8,01
11055715,3306173997,0156,0,01
12461270,3306173997,1709,7,01
11038609,3306173997,0441,9,01
13332555,3306173997,0437,8,01
13529587,3306173997,0438,8,01
11347134,3306173997,0437,5,02
11138087,3306173997,1709,7,01
13024171,3306173997,0437,8,01
10847700,3306173997,0156,8,01
10996773,3306173997,1709,10,01
10996773,3306173997,0437,4,01
11132240,3306173997,0438,10,01
11008351,3306173997,0439,4,01
11109924,3306173997,0437,4,01
11109924,3306173997,0440,10,01
12647763,3306173997,0440,0,01
10352292,3306173997,0440,0,01
10404730,3306173997,0438,6,01
10404730,3306173997,0156,7,01
11143320,3306173997,0441,9,01
11143320,3306173997,0439,7,01
11143320,3306173997,0440,9,01
13056115,3306173997,0437,8,01
11053348,3306173997,0439,9,01
10333114,3306173997,0156,7,01
13510854,3306174048,0179,9,01
13510854,3306174048,0649,8,01
13304340,3306174048,0648,5,01
10806737,3306174048,0650,10,01
10416752,3306174048,0648,0,01
12859504,3306174048,0650,9,01
12859504,3306174048,0648,7,01
12565877,3306174048,0657p,0,01
13455395,3306174048,0650,6,01
13101838,3306174048,0179,0,01
11664368,3306174048,0650,6,01
13457085,3306174048,0657p,6,01
13456235,3306174048,0650,10,01
10707710,3306174048,0647,9,01
10243725,3306174048,1709,0,01
10243725,3306174048,0649,0,01
12116573,3306174048,0650,9,01
11071688,3306174048,0657p,7,01
10511438,3306174048,0647,0,01
10899530,3306174048,0647,5,01
10832907,3306174048,0651,8,01
10840806,3306174048,0648,5,01
10698482,3306174048,0647,8,01
10698049,3306174048,0179,7,01
10698049,3306174048,0651,8,01
10698049,3306174048,0650,6,01
10698049,3306174048,0648,8,01
13263684,3306174048,0650,10,01
10991644,3306174048,0651,7,01
12478421,3306174048,0179,8,01
10779855,3306174048,0657p,6,01
10779855,3306174048,0650,2,01
10823890,3306169744,0373,6,01
10921245,3306169744,0179,10,01
10681199,3306169744,0372,10,01
10805078,3306169744,0370,5,01
10904793,3306169744,0373,7,01
10914721,3306169744,0379p,9,01
10914721,3306169744,0370,7,01
10912223,3306169744,0373,6,01
10911373,3306169744,0369,7,01
10996327,3306169744,0179,9,01
10895404,3306169744,0379p,9,01
10895404,3306169744,0373,8,01
11898422,3306169651,0373,4,01
10427570,3306169651,0373,0,01
10311349,3306169651,0487,0,01
10462619,3306169651,0487,10,01
13303646,3306169651,0616p,9,01
10308422,3306169651,0373,10,01
10308750,3306169651,0483,8,01
10382149,3306169651,1709,7,01
12730778,3306169651,0179,7,01
10323484,3306169651,0484,0,01
10839683,3306169651,0485,0,01
10463301,3306169651,1709,0,01
13232436,3306169651,0483,6,01
10398479,3306169651,0616p,9,01
10900298,3306169651,0179,9,01
10346246,3306169651,0373,2,01
10346246,3306169651,0487,5,01
13375819,3306169651,0373,7,01
11179481,3306169651,0485,4,01
11014915,3306169651,0484,4,01
10595030,3306169651,0179,0,01
10595030,3306169651,0487,0,01
10595030,3306169651,0484,0,01
10471020,3306169651,0487,10,01
10884600,3306169651,0373,9,01
13458925,3306169651,0179,9,01
13458925,3306169651,0487,10,01
10796752,3306169593,1709,6,01
13360681,3306169593,0221,6,01
13513975,3306169593,0221,8,01
11829256,3306169593,0223,2,01
11251993,3306169593,0221,0,01
11453697,3306169593,0222,4,01
11134533,3306169593,0223,8,01
11134533,3306169593,0222,10,01
12919510,3306169593,0156,4,01
10996376,3306169593,0225,7,01
12452190,3306169593,1709,8,01
10705603,3306169593,0156,10,01
10835716,3306169593,0225,0,01
13288296,3306169593,0225,7,01
13288296,3306169593,0156,9,01
10897212,3306169593,0223,6,01
12948963,3306169593,0221,8,01
11504295,3306169593,0222,4,01
13598530,3306169593,0223,3,01
10858044,3306169593,1709,5,01
10891681,3306169593,0223,4,01
10437587,3306169593,0225,8,01
10906556,3306169614,0226,6,01
11146537,3306169591,CVOPT,10,01
11622314,3306169591,CVOPT,6,01
10885064,3306169591,1710,3,01
11011197,3306169591,0226,10,01
11002807,3306169591,CVOPT,8,01
11009276,3306169591,CVOPT,1,01
12472787,3306169591,1708190,7,01
12472787,3306169591,1710,7,01
11029392,3306169591,0227,5,01
11029392,3306169591,1710,8,01
11035843,3306169591,0224,3,01
10500950,3306169751,0379s,9,01
10910600,3306169751,CVOPT,10,01
10757735,3306169751,0378,6,01
11082671,3306169751,0377,7,01
12854002,3306169751,CVOPT,4,01
12854002,3306169751,0378,7,01
10756607,3306169751,1665190,9,01
10780756,3306169751,0376,8,01
10611084,3306169658,0613,4,01
10643328,3306169658,1708190,8,01
10709604,3306169658,CVOPT,3,01
10770964,3306169658,1665190,9,01
10770964,3306169658,0613,8,01
10810051,3306169658,CVOPT,5,01
10810051,3306169658,0615,7,01
10810051,3306169658,1710,7,01
10757001,3306169658,0615,3,01
10736277,3306169658,0613,9,01
10635824,3306169658,CVOPT,4,01
10635824,3306169658,0616s,8,01
10797980,3306169658,0614,5,01
10799612,3306170617,1710,9,01
11341745,3306170617,1710,7,01
10783707,3306170617,1710,9,01
10835968,3306170617,1375s,9,01
10835968,3306170617,1373,8,01
10835968,3306170617,1710,7,01
10742238,3306170617,1375s,8,01
10734128,3306170617,1375s,10,01
10734128,3306170617,1371,9,01
10282118,3306170617,1373,9,01
10378823,3306170617,1708061,10,01
10793376,3306170617,1710,9,01
10819488,3306170617,1372,7,01
13281768,3306170617,CVOPT,10,01
13281768,3306170617,1374,4,01
10786004,3306170617,1375s,5,01
10711950,3306170617,1373,7,01
13273466,3306170617,1665061,5,01
13273466,3306170617,1372,4,01
13273466,3306170617,1373,7,01
10776515,3306170617,CVOPT,10,01
10652580,3306170617,1371,8,01
10413312,3306170617,1708061,10,01
10687463,3306170617,CVOPT,9,01
10687463,3306170617,1375s,9,01
10770501,3306170617,1374,8,01
10729560,3306170617,1665061,10,01
10842025,3306170617,1710,7,01
10798915,3306170617,1372,8,01
10798915,3306170617,1373,8,01
10809667,3306170617,1374,8,01
13167864,3306170617,1374,6,01
10635383,3306170617,CVOPT,7,01
10546650,3306170617,1665061,10,01
11649375,3306170617,1708061,10,01
10737175,3306173995,1708001,9,01
10887720,3306173995,CVOPT,6,01
10911568,3306173995,0442,6,01
11028742,3306173995,1708001,8,01
11044309,3306173995,0442,6,01
11004486,3306173995,1710,9,01
10960990,3306173995,1713472,9,01
10960990,3306173995,0446,7,01
10995299,3306173995,0446,6,01
10835299,3306173995,1713472,2,01
10835299,3306173995,0443,1,01
11805803,3306173995,1708001,9,01
11026339,3306173995,1708001,8,01
10911000,3306173995,0448,4,01
10244048,3306174046,1708001,5,01
10244048,3306174046,0654,2,01
10819061,3306174046,0656,10,01
10802285,3306174046,0652,6,01
10961892,3306174046,CVOPT,5,01
10961892,3306174046,1710,3,01
10824617,3306174046,0654,2,01
10017455,3306174046,0654,9,01
10679695,3306174046,0654,4,01
10679709,3306174046,0652,5,01
10025295,3306174046,0654,1,01
10906957,3306174046,CVOPT,7,01
10840138,3306174046,1708001,8,01
10840138,3306174046,0652,6,01
10835676,3306174046,0652,4,01
10835676,3306174046,0653,4,01
10931235,3306172060,1708020,8,01
11798264,3306172060,1230,6,01
10787502,3306172060,1708020,7,01
10899896,3306172060,1227,9,01
10904203,3306172060,1713925,7,01
11184512,3306172060,1713925,7,01
10648909,3306172060,1228,5,01
13291541,3306172060,1234,9,01
10805007,3306172060,1708020,7,01
10805007,3306172060,1230,6,01
10835673,3306172133,1710,7,01
10856038,3306172133,0825,5,01
10856038,3306172133,0826,6,01
10840806,3306174048,1709,9,01
11690583,3306174048,0179,9,01
13457085,3306174048,0179,4,01
13114812,3306174048,0179,6,01
10899530,3306174048,0179,10,01
13596536,3306174048,0179,4,01
12839144,3306174099,0654,9,01
12839144,3306174099,0653,5,01
12839144,3306174099,0656,5,01
10398479,3306169651,1709,8,01
10901180,3306169651,1709,7,01
10900201,3306169651,1709,9,01
10803070,3306169651,1709,8,01
13592958,3306169651,1709,0,01
13006056,3306169591,0224,7,01
12912678,3306172133,0826,7,01
10766452,3306172133,0826,7,01
11790917,3306172133,0826,6,01
10711954,3306172133,0826,4,01
10487336,3306172133,0826,7,01
10847609,3306172133,0826,3,01
10804606,3306172133,0826,5,01
10707892,3306172133,0826,6,01
11782717,3306172482,0181s,7,01
10254373,3306172482,0181s,8,01
13455952,3306172482,0181s,6,01
13593493,3306172332,0384,0,01
10923040,3306172053,1226,0,01
11116442,3306172053,1226,9,01
11099468,3306172053,1226,9,01
11110260,3306172053,1226,7,01
10919565,3306172053,1226,4,01
11053348,3306173997,0437,8,01
12257970,3306173997,0437,7,01
10847700,3306173997,0437,9,01
10404730,3306173997,0437,6,01
10832115,3306173997,0437,4,01
13304340,3306174048,0647,7,01
10806737,3306174048,0649,9,01
12116573,3306174048,0649,6,01
10416752,3306174048,0649,0,01
13455395,3306174048,0649,3,01
13596553,3306174048,0649,4,01
10657315,3306174048,0649,9,01
10748092,3306169730,0378,6,01
10832097,3306169730,0376,8,01
10687382,3306169730,0376,0,01
10405869,3306169593,0221,0,01
10405932,3306169593,0221,0,01
10856605,3306169658,0612,8,01
10882393,3306169658,0612,6,01
12332046,3306174046,0654,0,01
10857816,3306172133,1665020,8,01
11242827,3306172167,1012p,9,01
13162455,3306173997,0440,9,01
10747126,3306173997,0440,10,01
11038609,3306173997,0440,10,01
11133386,3306173997,0440,9,01
13056115,3306173997,0440,8,01
13597031,3306174048,0649,5,01
13597020,3306174048,0649,0,01
10933605,3306169593,0156,9,01
10677900,3306174046,CVOPT,8,01
10244048,3306174046,CVOPT,8,01
10530803,3306172165,1710,8,01
13525343,3306172165,1710,8,01
10800028,3306172165,1710,8,01
13461591,3306172165,1710,8,01
13500909,3306172165,1710,8,01
10754604,3306172165,1710,8,01
10740697,3306172332,0179,6,01
10698000,3306172053,1226,8,01
10803879,3306172053,1226,4,01
10197921,3306172167,1012p,9,01
10254373,3306172482,0175,9,01
11782717,3306172482,0175,5,01
10688815,3306172482,0175,7,01
10698000,3306172053,1232,8,01
10803891,3306172053,1232,6,01
11095070,3306172053,1226,8,01
11013480,3306172053,1226,8,01
13134254,3306172112,1227,8,01
13134254,3306172112,1228,6,01
13506504,3306172167,1012p,9,01
10416632,3306172167,1012p,9,01
10308852,3306169593,0156,3,01
10908386,3306169593,0223,5,01
10635003,3306169751,0377,9,01
10737949,3306169751,0377,4,01
11671982,3306173995,0443,4,01
11805803,3306173995,0443,8,01
13525343,3306172165,1012s,9,01
11816291,3306172135,0622,8,01
10808862,3306174048,1709,8,01
10906556,3306169614,0228,4,01
13455952,3306172482,0175,7,01
10915769,3306172053,1226,4,01
10996182,3306172053,1226,4,01
11115680,3306169593,0156,7,01
10244048,3306174046,0657s,5,01
10776755,3306172060,CVOPT,8,01
10487336,3306172133,1665020,4,01
10902331,3306172403,0388p,9,01
10902331,3306172403,0383,9,01
10919245,3306172053,1226,4,01
10730721,3306172167,1012p,7,01
12500676,3306172167,1012p,10,01
10792044,3306172167,1012p,10,01
11120345,3306172053,1226,3,01
11073751,3306172133,CVOPT,6,01
13473425,3306172133,1710,9,01
10804606,3306172133,0827,6,01
10707892,3306172133,1708020,8,01
10707892,3306172133,0824,6,01
10766414,3306172133,0828s,8,01
10766414,3306172133,0826,8,01
10847609,3306172133,CVOPT,4,01
10847609,3306172133,1710,8,01
10630337,3306172165,1665020,7,01
10630337,3306172165,1708020,5,01
10764144,3306172165,1109,5,01
10819684,3306172165,CVOPT,8,01
10819684,3306172165,1011,5,01
10726936,3306172165,1007,8,01
10797573,3306172165,1008,7,01
10754604,3306172165,1012s,9,01
10754604,3306172165,1007,8,01
10800028,3306172165,1708020,7,01
10800028,3306172165,1011,7,01
11089472,3306172165,1008,7,01
10365221,3306172165,1012s,9,01
10365221,3306172165,1007,9,01
10918602,3306172165,1007,8,01
10918602,3306172165,1011,5,01
10918602,3306172165,1110,7,01
10852161,3306172165,1012s,10,01
10824007,3306172165,1011,5,01
10530803,3306172165,1110,8,01
10263154,3306172165,1708020,7,01
13461591,3306172165,1009,8,01
10630363,3306172165,1008,7,01
13500909,3306172165,1007,8,01
10610084,3306172165,1665020,8,01
10610084,3306172165,1007,8,01
10610084,3306172165,1110,8,01
13525343,3306172165,CVOPT,8,01
10745573,3306172330,0397,9,01
10648032,3306172330,0399,4,01
10645102,3306172330,0397,4,01
10820272,3306172330,0398,8,01
10698109,3306172330,0397,9,01
10675936,3306172330,1710,7,01
10729539,3306172330,0400s,9,01
10410077,3306172330,0399,4,01
13455702,3306172330,0400s,9,01
10719000,3306172330,0400s,8,01
13455952,3306172482,CVOPT,8,01
10687498,3306172410,0180,9,01
10759237,3306172410,0387,9,01
10742128,3306172410,1710,7,01
10320497,3306172410,0385,8,01
10320497,3306172410,0387,9,01
10808311,3306172410,0388s,6,01
13475662,3306172410,0388s,10,01
11019862,3306170521,028503,4,01
10325758,3306170521,028505,4,01
10964248,3306170521,028001,0,01
13377168,3306170521,028501,1,01
11110518,3306170521,028505,4,01
11123109,3306170521,028504,2,01
11248638,3306170521,028001,8,01
11026033,3306170521,028502,9,01
10932027,3306170521,028504,0,01
10914786,3306170521,028502,8,01
12059467,3306170521,028502,0,01
12059467,3306170521,028504,0,01
11519407,3306170521,028503,7,01
13484181,3306170521,028001,7,01
11128032,3306170521,028100,8,01
12081920,3306170521,028505,4,01
11010717,3306170521,028501,8,01
11000348,3306170521,028504,7,01
10974769,3306170521,028504,7,01
11787662,3306170521,028503,0,01
11232270,3306170521,028100,1,01
10616148,3306170521,028504,6,01
13074463,3306170521,028001,0,01
11095340,3306170521,028501,7,01
12623376,3306170521,028001,7,01
11030604,3306170521,028501,7,01
10885488,3306170521,028100,9,01
10885786,3306170521,028504,3,01
12051056,3306170521,028100,8,01
12848026,3306170521,028505,0,01
12848026,3306170521,028503,3,01
11906482,3306170521,028504,8,01
10897219,3306170521,028100,8,01
12795258,3306170521,028502,9,01
12795258,3306170521,028503,8,01
13160174,3306170521,028100,0,01
11043164,3306170521,028504,7,01
10782041,3306170521,028100,10,01
11236141,3306170521,028501,7,01
13388119,3306170521,028502,0,01
11103555,3306170521,028001,8,01
11103555,3306170521,028503,9,01
10795396,3306170521,028503,7,01
11837899,3306170521,028504,7,01
11837899,3306170521,028501,0,01
10027392,3306170619,1370,0,01
10889150,3306170619,1709,9,01
10769318,3306170619,1375p,9,01
10769318,3306170619,0179,4,01
10736761,3306170619,1368,9,01
10834105,3306170619,1370,8,01
10914260,3306170619,1370,4,01
10735252,3306170619,1709,8,01
10636216,3306170619,1375p,9,01
13595058,3306170619,1709,9,01
10918418,3306170619,1370,7,01
10928805,3306170619,1368,7,01
10927613,3306170619,1370,8,01
10903526,3306170619,1375p,10,01
10903526,3306170619,1369,8,01
10814469,3306170619,1709,9,01
10814469,3306170619,1367,4,01
13615979,3306170619,1368,4,01
10652365,3306172484,0173,7,01
13593120,3306172484,0177,4,01
10379063,3306172484,0181p,5,01
10379063,3306172484,0172,7,01
10379063,3306172484,0173,5,01
13608577,3306172484,0171,0,01
13608590,3306172484,0173,0,01
13593122,3306172484,0171,10,01
10304355,3306172484,1709,7,01
10304355,3306172484,0181p,9,01
13593251,3306172484,0173,4,01
10787451,3306172484,0173,6,01
13593119,3306172484,1709,9,01
13458379,3306172332,0179,0,01
10583520,3306172332,0172,10,01
13593106,3306172332,0173,6,01
10780778,3306172332,1709,6,01
10780778,3306172332,0171,4,01
10740697,3306172332,1709,8,01
10740697,3306172332,0173,8,01
13608890,3306172332,0383,7,01
10911448,3306172403,0383,10,01
10911448,3306172403,0172,8,01
10610202,3306172403,0179,6,01
12132171,3306172403,0384,7,01
11405737,3306172403,0171,0,01
11258786,3306172403,0173,6,01
12813996,3306172403,0388p,0,01
12813996,3306172403,0172,0,01
10892142,3306172403,0388p,10,01
10892142,3306172403,0383,10,01
13594957,3306172403,0179,0,01
10690363,3306172403,0171,8,01
10790903,3306172403,0383,9,01
10654915,3306172053,1226,0,01
10654915,3306172053,1232,0,01
10924004,3306172053,1226,4,01
10924004,3306172053,1232,4,01
10924004,3306172053,1233,7,01
10919245,3306172053,0156,5,01
11095070,3306172053,1231,6,01
11095070,3306172053,1232,7,01
11095070,3306172053,1233,8,01
11117078,3306172053,0156,7,01
11117078,3306172053,1226,6,01
10803879,3306172053,1233,6,01
10919565,3306172053,1229,3,01
10919565,3306172053,1233,3,01
11433993,3306172053,1231,6,01
10510136,3306172167,0930,0,01
10866312,3306172167,1709,6,01
10866312,3306172167,0179,9,01
10866312,3306172167,0623,2,01
10894753,3306172167,0931,7,01
10894753,3306172167,1010,3,01
10560755,3306172167,1709,7,01
10560755,3306172167,0930,8,01
10250031,3306172167,0930,4,01
10463434,3306172167,0179,0,01
10476265,3306172167,1709,5,01
11744037,3306172167,1012p,6,01
11744037,3306172167,0179,10,01
10835229,3306172167,1012p,9,01
13595716,3306172167,0931,0,01
10436333,3306172167,0179,0,01
10315581,3306172167,0930,0,01
10742412,3306172167,1012p,9,01
12900452,3306172167,0623,3,01
11340144,3306172167,0930,3,01
10344032,3306172167,0930,9,01
10837412,3306172167,1010,7,01
10928697,3306172167,1010,7,01
10932250,3306172167,1012p,8,01
13170472,3306172135,0179,7,01
11075020,3306172135,0627,7,01
10921012,3306172135,0625,7,01
11744036,3306172135,0625,9,01
11136005,3306172135,0627,4,01
11816291,3306172135,0627,3,01
12722909,3306172135,0828p,6,01
10916125,3306172135,0828p,6,01
10885568,3306172135,0627,4,01
10920099,3306172135,0622,9,01
10884465,3306172135,0625,7,01
10694675,3306169433,243266,8,01
10024790,3306169433,243264,9,01
10783295,3306169433,243265,8,01
10757281,3306169433,243266,6,01
13043456,3306169433,243265,8,01
10802935,3306169433,243266,0,01
10645924,3306169433,243266,0,01
10837040,3306169433,243265,0,01
10892469,3306169433,243266,7,01
10745463,3306169433,243267,10,01
10699142,3306169440,243270,9,01
11285049,3306169440,243271,9,01
11316049,3306169440,243270,9,01
10814418,3306169440,243602,9,01
10705571,3306169440,243602,9,01
10705571,3306169440,243270,8,01
11564293,3306169440,243602,9,01
11170959,3306173997,0438,10,01
13594861,3306173997,0440,8,01
11241256,3306173997,0437,7,02
13289072,3306173997,0156,7,01
13594777,3306173997,0438,8,01
13529587,3306173997,1709,6,01
11899732,3306173997,0437,0,02
11899732,3306173997,0439,0,01
11347134,3306173997,0439,5,01
13615239,3306173997,1709,6,01
10835148,3306173997,0437,7,01
10835148,3306173997,0440,8,01
13626945,3306173997,0437,9,01
13024171,3306173997,0439,6,01
13024171,3306173997,0156,10,01
10907141,3306173997,0439,6,01
10907141,3306173997,0438,5,01
11168289,3306173997,0440,8,01
10832115,3306173997,0440,9,01
11086666,3306173997,1709,9,01
11133386,3306173997,0156,9,01
11019069,3306173997,0438,8,01
13356546,3306173997,0156,6,01
10404730,3306173997,0441,1,01
10404730,3306173997,0440,6,01
11143320,3306173997,0438,9,01
11041555,3306173997,0156,7,01
11053348,3306173997,0438,8,01
10333114,3306173997,0438,7,01
13596553,3306174048,0650,8,01
13596973,3306174048,0647,4,01
12859504,3306174048,0651,10,01
10243668,3306174048,0179,9,01
13486970,3306174048,0649,6,01
10730016,3306174048,0651,0,01
13596966,3306174048,0649,2,01
11664368,3306174048,0657p,6,01
11664368,3306174048,0649,5,01
10840996,3306174048,0649,6,01
10808862,3306174048,0179,6,01
10926432,3306174048,0657p,9,01
10025322,3306174048,0650,0,01
10946112,3306174048,0649,7,01
10657315,3306174048,0647,9,01
13597950,3306174048,0648,8,01
10835742,3306174048,0179,0,01
10835742,3306174048,0648,0,01
10832907,3306174048,0657p,10,01
10840806,3306174048,0650,9,01
10840806,3306174048,0647,6,01
10737176,3306174048,0651,8,01
10793462,3306174048,0650,10,01
10793462,3306174048,0647,6,01
10924358,3306174048,0647,7,01
13263684,3306174048,0647,9,01
10991644,3306174048,0179,7,01
10787713,3306174048,0179,9,01
10787713,3306174048,0648,4,01
11690583,3306174048,0647,5,01
10928705,3306169744,0379p,10,01
10823890,3306169744,0371,8,01
10921245,3306169744,0373,6,01
10898640,3306169744,1709,7,01
10900148,3306169744,0373,5,01
10900148,3306169744,0369,6,01
10784937,3306169744,0373,6,01
10912223,3306169744,0179,9,01
10911373,3306169744,0372,10,01
10734142,3306169744,0369,8,01
11088604,3306169744,0369,7,01
10427570,3306169651,0484,0,01
10803070,3306169651,0179,7,01
10263445,3306169651,0483,5,01
10246766,3306169651,0616p,7,01
10246766,3306169651,0179,9,01
10454462,3306169651,0485,3,01
11049333,3306169651,0373,10,01
10891759,3306169651,1709,9,01
10891759,3306169651,0487,3,01
10382149,3306169651,0483,9,01
10323484,3306169651,0485,0,01
13352871,3306169651,0616p,0,01
10832166,3306169651,1709,8,01
10832166,3306169651,0616p,10,01
10814397,3306169651,0616p,0,01
10814397,3306169651,0484,0,01
10346246,3306169651,1709,5,01
10299132,3306169651,0373,0,01
11318786,3306169651,0487,0,01
12395762,3306169651,0487,4,01
11179481,3306169651,0483,6,01
10819052,3306169651,0179,8,01
10595030,3306169651,0616p,0,01
11126483,3306169593,0156,8,01
13360681,3306169593,0222,7,01
11829256,3306169593,1709,6,01
11829256,3306169593,0225,4,01
10459629,3306169593,0223,0,01
10270606,3306169593,0221,9,01
11246288,3306169593,0156,6,01
11251993,3306169593,0156,0,01
12610265,3306169593,0223,5,01
12919510,3306169593,0225,4,01
11113596,3306169593,0222,7,01
10805591,3306169593,0225,1,01
12563453,3306169593,0225,6,01
10429996,3306169593,0221,4,01
13546750,3306169593,0222,8,01
13598530,3306169593,0225,8,01
13598530,3306169593,0221,4,01
10705918,3306169593,0225,6,01
10858044,3306169593,0221,4,01
11115680,3306169593,0223,8,01
10917865,3306169591,1708190,7,01
10812899,3306169591,0226,3,01
10708167,3306169591,1713707,8,01
10893131,3306169591,1664190,6,01
10885064,3306169591,CVOPT,5,01
10903261,3306169591,1710,10,01
11002807,3306169591,1713707,10,01
11002807,3306169591,0226,9,01
11009276,3306169591,1713707,1,01
11009276,3306169591,1710,1,01
11708808,3306169591,0228,9,01
11708808,3306169591,0226,9,01
11029392,3306169591,1713707,8,01
11029392,3306169591,CVOPT,3,01
11000271,3306169591,1713707,8,01
11000271,3306169591,0226,9,01
11035843,3306169591,1713707,1,01
10762368,3306169751,0378,8,01
10796295,3306169751,0379s,10,01
10796295,3306169751,0375,8,01
10762343,3306169751,0378,10,01
10910600,3306169751,1665190,9,01
10757735,3306169751,0376,7,01
11082671,3306169751,1710,7,01
10849397,3306169751,0377,6,01
10737949,3306169751,0376,7,01
10799789,3306169751,0375,9,01
10783280,3306169751,0376,4,01
10783280,3306169751,1710,6,01
10764453,3306169751,0375,8,01
10813139,3306169751,0376,8,01
10813139,3306169751,1710,6,01
10780756,3306169751,0379s,10,01
10780756,3306169751,0378,7,01
10823807,3306169751,0377,8,01
10611084,3306169658,1708190,9,01
10282899,3306169658,CVOPT,4,01
10770657,3306169658,1665190,9,01
10770657,3306169658,0613,3,01
10770964,3306169658,1708190,9,01
10770964,3306169658,0616s,6,01
10770964,3306169658,0615,8,01
10828387,3306169658,1708190,9,01
10828387,3306169658,CVOPT,2,01
10772126,3306169658,0613,8,01
10882393,3306169658,1665190,9,01
11251967,3306170617,1665061,8,01
10026298,3306170617,1372,7,01
10781492,3306170617,1375s,8,01
10282118,3306170617,1375s,10,01
10282118,3306170617,1371,9,01
10944114,3306170617,1372,4,01
10666170,3306170617,1665061,10,01
10985551,3306170617,1375s,5,01
10985551,3306170617,1710,10,01
10803120,3306170617,1371,9,01
10803120,3306170617,1372,8,01
10827153,3306170617,1375s,5,01
10993836,3306170617,1372,9,01
10793376,3306170617,1665061,10,01
13242092,3306170617,1665061,9,01
10652580,3306170617,CVOPT,10,01
10413312,3306170617,CVOPT,9,01
10413312,3306170617,1375s,9,01
10780789,3306170617,1708061,9,01
10851445,3306170617,1372,9,01
10842025,3306170617,1665061,8,01
10798915,3306170617,CVOPT,10,01
10809667,3306170617,1665061,10,01
10515381,3306170617,1708061,10,01
13167864,3306170617,1708061,10,01
11649375,3306170617,1710,7,01
10887720,3306173995,1713472,6,01
10887720,3306173995,0448,7,01
10911568,3306173995,1664001,10,01
10929912,3306173995,0443,4,01
10911748,3306173995,0443,8,01
11044309,3306173995,0443,7,01
11044309,3306173995,0448,7,01
11033515,3306173995,0442,8,01
11004716,3306173995,0443,9,01
11039273,3306173995,0446,7,01
11039273,3306173995,0448,7,01
11805803,3306173995,0446,6,01
11027361,3306173995,0448,6,01
10787655,3306173995,1710,5,01
10911000,3306173995,0442,6,01
10802285,3306174046,1665001,8,01
10024578,3306174046,0653,3,01
10824617,3306174046,1665001,7,01
10679709,3306174046,1708001,5,01
10679709,3306174046,0655,6,01
10679709,3306174046,0653,7,01
12332046,3306174046,0657s,6,01
10742998,3306174046,0653,10,01
10742998,3306174046,0654,10,01
10906957,3306174046,0657s,7,01
10787502,3306172060,1227,9,01
10787502,3306172060,1235,7,01
10776722,3306172060,1227,6,01
10899896,3306172060,CVOPT,9,01
12465550,3306172060,1227,6,01
12465550,3306172060,1710,7,01
11184512,3306172060,CVOPT,8,01
11184512,3306172060,1228,7,01
13291541,3306172060,1664020,7,01
12744964,3306172060,1708020,8,01
12744964,3306172060,1235,6,01
11024352,3306172060,1228,6,01
13099124,3306172060,1710,8,01
12607119,3306172060,1228,7,01
12607119,3306172060,1234,8,01
10805007,3306172060,CVOPT,8,01
10912726,3306172060,1227,9,01
10689201,3306172133,CVOPT,5,01
10689201,3306172133,1665020,8,01
10689201,3306172133,0826,6,01
10742994,3306172133,0828s,8,01
11790917,3306172133,1665020,8,01
11790917,3306172133,0827,6,01
10856038,3306172133,0827,6,01
13473425,3306172133,0827,7,01
10711954,3306172133,1708020,2,01
10804606,3306172133,0825,0,01
10487336,3306172133,1708020,8,01
10487336,3306172133,0827,7,01
10857816,3306172133,1708020,8,01
10857816,3306172133,0823,7,01
10764144,3306172165,1011,5,01
10776549,3306172165,1109,8,01
10776549,3306172165,1110,8,01
10726936,3306172165,1008,7,01
10797573,3306172165,1007,7,01
10754604,3306172165,CVOPT,7,01
10754604,3306172165,1110,7,01
10365221,3306172165,1708020,8,01
10365221,3306172165,1009,8,01
10365221,3306172165,1109,9,01
13456007,3306172165,1665020,9,01
10918602,3306172165,1009,8,01
10530803,3306172165,1007,9,01
13461591,3306172165,1665020,8,01
13461591,3306172165,1708020,8,01
10630363,3306172165,1012s,9,01
13500909,3306172165,1012s,9,01
11627062,3306172330,1708039,8,01
13251013,3306172330,CVOPT,8,01
10820272,3306172330,CVOPT,7,01
10820272,3306172330,0400s,8,01
10707825,3306172330,0399,4,01
10729539,3306172330,1708039,10,01
10530795,3306172330,0400s,9,01
10530795,3306172330,0397,10,01
10719000,3306172330,CVOPT,7,01
10679964,3306172330,0399,4,01
10687498,3306172410,0388s,8,01
10676318,3306172410,1708039,5,01
10676318,3306172410,CVOPT,7,01
10676318,3306172410,0385,6,01
13475599,3306172410,0385,7,01
13454999,3306172410,0388s,7,01
13454999,3306172410,1665039,9,01
13479949,3306170521,028503,7,01
11802023,3306170521,028502,5,01
11802023,3306170521,028001,8,01
10325758,3306170521,028503,4,01
13323096,3306170521,028001,7,01
13323096,3306170521,028503,7,01
10407199,3306170521,028503,4,01
13278454,3306170521,028504,8,01
13269119,3306170521,028502,10,01
13269119,3306170521,028001,9,01
11103695,3306170521,028503,4,01
11103695,3306170521,028100,5,01
10906500,3306170521,028503,7,01
11106423,3306170521,028505,8,01
11248638,3306170521,028503,8,01
11119010,3306170521,028504,9,01
10932027,3306170521,028001,1,01
10932027,3306170521,028503,4,01
13598449,3306170521,028001,9,01
11080250,3306170521,028505,7,01
11519407,3306170521,028505,6,01
11519407,3306170521,028001,9,01
13246193,3306170521,028502,7,01
10839018,3306170521,028001,6,01
11010717,3306170521,028502,8,01
10938612,3306170521,028504,3,01
10974769,3306170521,028100,7,01
10616148,3306170521,028502,7,01
13538314,3306170521,028501,0,01
10912191,3306170521,028503,4,01
11017524,3306170521,028504,7,01
11030604,3306170521,028502,8,01
10407158,3306170521,028001,7,01
10407158,3306170521,028100,8,01
11101503,3306170521,028504,7,01
11101503,3306170521,028100,8,01
10702316,3306170521,028100,8,01
11028307,3306170521,028504,7,01
12848026,3306170521,028504,0,01
10916309,3306170521,028501,1,01
11906482,3306170521,028505,8,01
12795258,3306170521,028504,10,01
11096252,3306170521,028503,8,01
10743008,3306170521,028505,7,01
12406893,3306170521,028502,8,01
11837899,3306170521,028100,9,01
10027392,3306170619,1367,0,01
11312003,3306170619,1369,10,01
11620907,3306170619,0179,4,01
10914260,3306170619,1369,8,01
10714135,3306170619,1367,4,01
13595058,3306170619,1370,4,01
10515804,3306170619,1375p,10,01
10515804,3306170619,1370,4,01
10928805,3306170619,1375p,9,01
12667179,3306170619,0179,4,01
12667179,3306170619,1370,1,01
10920136,3306170619,1368,7,01
13487291,3306170719,1372,0,01
13623963,3306172484,0177,3,01
10652365,3306172484,0172,9,01
13607126,3306172484,0181p,5,01
10788322,3306172484,0177,0,01
13602203,3306172484,0179,0,01
13593121,3306172484,0172,6,01
12561340,3306172484,0181p,5,01
13598131,3306172484,0171,0,01
13593122,3306172484,0177,8,01
10989676,3306172484,0181p,9,01
10989676,3306172484,0171,9,01
10989676,3306172484,0177,6,01
13593117,3306172484,0172,0,01
13593117,3306172484,0173,0,01
10787451,3306172484,0171,4,01
10895710,3306172332,0179,9,01
13458379,3306172332,1709,0,01
13445476,3306172332,0400p,8,01
13445476,3306172332,0173,5,01
10583520,3306172332,0173,9,01
10311896,3306172403,0179,7,01
13609532,3306172403,0172,0,01
10755482,3306172403,0388p,10,01
10911448,3306172403,0179,7,01
10610202,3306172403,0384,5,01
10690363,3306172403,0383,10,01
11106237,3306172053,1709,7,01
11100435,3306172053,1709,7,01
11121167,3306172053,1232,0,01
12953439,3306172053,1231,7,01
10905076,3306172053,1226,7,01
10905076,3306172053,1231,5,01
11117078,3306172053,1709,6,01
11036037,3306172053,1233,7,01
11434889,3306172053,1226,4,01
11013480,3306172053,1709,6,01
11013480,3306172053,1229,6,01
10803879,3306172053,0156,5,01
10919565,3306172053,1709,3,01
10510136,3306172167,1012p,0,01
13598681,3306172167,0931,9,01
10425558,3306172167,1012p,10,01
10792537,3306172167,0623,6,01
10792537,3306172167,0930,6,01
10895836,3306172167,1010,9,01
10436333,3306172167,0931,5,01
13502717,3306172167,0623,0,01
13502717,3306172167,0931,0,01
13502717,3306172167,1010,0,01
11340144,3306172167,0623,4,01
10792044,3306172167,0931,9,01
10833008,3306172167,0623,4,01
10892734,3306172167,1010,6,01
10893829,3306172167,0623,6,01
10928697,3306172167,0930,4,01
13170472,3306172135,1709,7,01
11416033,3306172135,0622,7,01
10761942,3306172135,0179,4,01
10805487,3306172135,0179,7,01
10805487,3306172135,0623,7,01
10889204,3306172135,0627,4,01
10793458,3306172135,0179,7,01
10921012,3306172135,0622,8,01
12722909,3306172135,0627,7,01
10027352,3306172135,0625,7,01
10660627,3306169433,243264,9,01
10758378,3306169440,243604,8,01
13446594,3306169440,243604,7,01
13446594,3306169440,243271,7,01
10347923,3306169440,243271,9,01
10675598,3306169440,243602,7,01
10675598,3306169440,243271,6,01
10783224,3306169440,243602,8,01
13594870,3306173997,0440,10,01
10706021,3306173997,0437,5,01
12257970,3306173997,0441,5,01
13594861,3306173997,0438,9,01
13514838,3306173997,0441,8,01
11055715,3306173997,0437,8,02
11038609,3306173997,1709,10,01
11029676,3306173997,1709,10,01
10899529,3306173997,0439,5,01
10899529,3306173997,0440,9,01
11899732,3306173997,1709,0,01
13626945,3306173997,0441,9,01
11138087,3306173997,0439,6,01
13024171,3306173997,0438,7,01
10907141,3306173997,0440,8,01
10633944,3306173997,0156,8,01
11132240,3306173997,0156,10,01
13356546,3306173997,0439,8,01
13356546,3306173997,0438,8,01
11143320,3306173997,0156,9,01
13056115,3306173997,0441,10,01
10333114,3306173997,0441,7,01
13510854,3306174048,0648,7,01
13596553,3306174048,1709,4,01
13304340,3306174048,1709,2,01
13596973,3306174048,1709,6,01
10416752,3306174048,0647,0,01
12565877,3306174048,0179,0,01
12565877,3306174048,0649,0,01
10895723,3306174048,0179,3,01
10431853,3306174048,0648,7,01
10431853,3306174048,0647,8,01
10910705,3306174048,0651,6,01
10730016,3306174048,0657p,0,01
10925424,3306174048,0647,5,01
13596966,3306174048,0647,5,01
13101838,3306174048,0651,5,01
13596949,3306174048,0649,0,01
10662076,3306174048,0650,7,01
10707710,3306174048,0651,9,01
10707710,3306174048,0649,8,01
10025322,3306174048,0179,0,01
10243725,3306174048,0179,0,01
10657315,3306174048,0179,10,01
11552430,3306174048,0657p,6,01
13597950,3306174048,1709,7,01
13597950,3306174048,0649,6,01
10509392,3306174048,0650,5,01
13597031,3306174048,0651,7,01
13542655,3306174048,0650,6,01
13009073,3306174048,0179,4,01
12788547,3306174048,0650,9,01
10762396,3306174048,0650,7,01
10762396,3306174048,0648,9,01
10762396,3306174048,0649,9,01
10762396,3306174048,0647,6,01
10698049,3306174048,0649,7,01
10709630,3306174048,0649,8,01
13263684,3306174048,0651,10,01
12736231,3306174048,0649,9,01
10991644,3306174048,0650,7,01
10787713,3306174048,0657p,6,01
10787713,3306174048,0649,7,01
10928705,3306169744,0369,6,01
10823890,3306169744,0369,7,01
10805078,3306169744,1709,8,01
10805078,3306169744,0372,9,01
10900148,3306169744,0179,9,01
11226702,3306169744,0179,10,01
10914721,3306169744,1709,8,01
10910799,3306169744,1709,9,01
10910799,3306169744,0379p,9,01
10912321,3306169744,0371,10,01
11088604,3306169744,0371,9,01
10311349,3306169651,1709,0,01
10311349,3306169651,0483,0,01
10803070,3306169651,0483,8,01
10263445,3306169651,1709,6,01
10263445,3306169651,0616p,8,01
10246766,3306169651,1709,7,01
10454462,3306169651,0179,8,01
10399842,3306169651,0484,8,01
11049333,3306169651,0483,6,01
10837080,3306169651,0616p,9,01
10891759,3306169651,0485,6,01
10382149,3306169651,0179,10,01
10323484,3306169651,0616p,0,01
10323484,3306169651,0373,0,01
10323484,3306169651,0483,0,01
10471125,3306169651,0616p,0,01
13232436,3306169651,1709,8,01
13592958,3306169651,0373,0,01
10398479,3306169651,0487,9,01
10900201,3306169651,0179,9,01
10756981,3306169651,0484,4,01
10814397,3306169651,0485,1,01
10814397,3306169651,0483,2,01
10381670,3306169651,0485,7,01
10283093,3306169651,0487,0,01
11318786,3306169651,0373,0,01
11061166,3306169651,1709,0,01
11179481,3306169651,0487,8,01
10819052,3306169651,0616p,7,01
13458925,3306169651,0484,9,01
11147116,3306169651,0485,0,01
11126483,3306169593,1709,8,01
10405869,3306169593,0222,0,01
10796752,3306169593,0225,3,01
10404633,3306169593,1709,0,01
13513975,3306169593,0222,9,01
11829256,3306169593,0156,6,01
12615991,3306169593,0225,0,01
13358627,3306169593,0223,0,01
13358627,3306169593,0156,0,01
11113596,3306169593,0225,6,01
10828132,3306169593,0222,7,01
12452190,3306169593,0156,8,01
10805591,3306169593,1709,4,01
13545139,3306169593,0225,10,01
10429996,3306169593,1709,5,01
13546750,3306169593,0225,4,01
13598530,3306169593,0222,7,01
11115680,3306169593,1709,8,01
11115680,3306169593,0225,7,01
11115680,3306169593,0221,8,01
10959803,3306169593,0223,9,01
10917865,3306169591,0228,7,01
11002913,3306169591,0224,10,01
10885064,3306169591,0228,3,01
11002807,3306169591,0228,10,01
11020732,3306169591,0224,3,01
11013828,3306169591,0228,9,01
11000271,3306169591,1708190,8,01
11000271,3306169591,1664190,8,01
11035843,3306169591,1664190,1,01
10796295,3306169751,0378,10,01
10635003,3306169751,0379s,10,01
10757735,3306169751,1665190,7,01
10757735,3306169751,0377,7,01
11082671,3306169751,1708190,8,01
10849397,3306169751,0375,7,01
12854002,3306169751,0375,2,01
10799789,3306169751,0376,8,01
10783280,3306169751,0375,1,01
10652371,3306169751,0379s,8,01
10652371,3306169751,0377,4,01
10813139,3306169751,CVOPT,10,01
10762338,3306169751,CVOPT,9,01
10762338,3306169751,0379s,8,01
10762338,3306169751,0376,6,01
13456011,3306169751,0374,8,01
10780756,3306169751,1708190,10,01
10780756,3306169751,0374,4,01
10823807,3306169751,0378,8,01
13345475,3306169751,1665190,9,01
10511870,3306169658,0616s,0,01
10611084,3306169658,1710,9,01
10282899,3306169658,0616s,5,01
10282899,3306169658,0615,2,01
10711977,3306169658,1708190,10,01
10711977,3306169658,CVOPT,6,01
10711977,3306169658,0616s,8,01
10711977,3306169658,0612,4,01
10643328,3306169658,0615,9,01
10807600,3306169658,0616s,6,01
10807600,3306169658,0612,10,01
10810051,3306169658,0614,4,01
10758419,3306169658,0616s,6,01
10688878,3306169658,1665190,10,01
10797980,3306169658,1708190,8,01
10797980,3306169658,0612,2,01
10711924,3306169658,0613,4,01
10799612,3306170617,1372,8,01
11251967,3306170617,1372,4,01
10783707,3306170617,1371,9,01
10734128,3306170617,CVOPT,10,01
10666170,3306170617,1371,8,01
10985551,3306170617,1374,8,01
10688361,3306170617,1665061,9,01
10827153,3306170617,1372,6,01
10793376,3306170617,CVOPT,10,01
10793376,3306170617,1375s,5,01
13281768,3306170617,1708061,10,01
10122344,3306170617,1708061,10,01
11104411,3306170617,1373,9,01
10725869,3306170617,1708061,10,01
10725869,3306170617,1372,4,01
10770501,3306170617,1371,9,01
10780789,3306170617,1371,7,01
10780789,3306170617,1710,8,01
10842025,3306170617,CVOPT,9,01
10842025,3306170617,1375s,5,01
10809667,3306170617,1708061,10,01
10515381,3306170617,1665061,9,01
10515381,3306170617,CVOPT,7,01
11649375,3306170617,1375s,9,01
10993558,3306170617,1375s,0,01
10911568,3306173995,1713472,7,01
10929912,3306173995,0442,8,01
11044309,3306173995,1664001,9,01
11004486,3306173995,1713472,8,01
10995299,3306173995,1713472,7,01
11805803,3306173995,1664001,10,01
11026339,3306173995,1713472,7,01
10911000,3306173995,1664001,7,01
10679723,3306174046,1665001,7,01
10677900,3306174046,0652,5,01
10961892,3306174046,0653,2,01
10024578,3306174046,CVOPT,9,01
10789628,3306174046,1710,5,01
10025295,3306174046,0657s,6,01
10025295,3306174046,1665001,8,01
12332046,3306174046,0652,4,01
10780784,3306174046,CVOPT,9,01
10835676,3306174046,1665001,6,01
10711948,3306174046,0657s,7,01
10776755,3306172060,1234,7,01
10776722,3306172060,1664020,5,01
10904203,3306172060,1235,7,01
12465550,3306172060,1664020,5,01
10648909,3306172060,CVOPT,8,01
13291541,3306172060,CVOPT,9,01
11040995,3306172060,1713925,7,01
11040995,3306172060,1235,7,01
11024352,3306172060,1234,8,01
11024352,3306172060,1710,7,01
10912726,3306172060,1710,8,01
10889537,3306172060,1234,7,01
10766452,3306172133,0828s,9,01
10689201,3306172133,0828s,8,01
10742994,3306172133,0826,7,01
10856038,3306172133,0828s,7,01
11073751,3306172133,0826,8,01
13473425,3306172133,0826,8,01
10487336,3306172133,0828s,8,01
10857816,3306172133,0825,8,01
11388211,3306172133,0825,8,01
11388211,3306172133,0826,7,01
10806298,3306172165,CVOPT,7,01
10630337,3306172165,1008,4,01
10819684,3306172165,1007,8,01
10819684,3306172165,1009,8,01
10726936,3306172165,1012s,9,01
10726936,3306172165,1710,8,01
10797573,3306172165,1012s,7,01
10754604,3306172165,1008,4,01
10754604,3306172165,1009,8,01
13456007,3306172165,1011,7,01
10918602,3306172165,1012s,6,01
10918602,3306172165,1665020,8,01
10824007,3306172165,CVOPT,7,01
10263154,3306172165,1110,8,01
10805294,3306172165,1007,8,01
13500909,3306172165,CVOPT,9,01
13500909,3306172165,1665020,8,01
13500949,3306172165,1710,8,01
13525343,3306172165,1110,8,01
10745573,3306172330,1708039,10,01
11627062,3306172330,0400s,9,01
13251013,3306172330,1665039,10,01
13251013,3306172330,0397,10,01
10835750,3306172330,0397,4,01
10766449,3306172330,0399,7,01
10645102,3306172330,0400s,8,01
10645102,3306172330,1665039,8,01
10645102,3306172330,0180,8,01
10707825,3306172330,0180,7,01
10729539,3306172330,CVOPT,8,01
10410077,3306172330,0400s,6,01
10410077,3306172330,0180,4,01
10530795,3306172330,0398,9,01
13455702,3306172330,1665039,10,01
13487222,3306172330,0180,9,01
10698462,3306172330,0397,4,01
10254373,3306172482,CVOPT,9,01
10254373,3306172482,1710,9,01
10688815,3306172482,0176,6,01
10687498,3306172410,1665039,9,01
10742128,3306172410,1708039,6,01
10749811,3306172410,CVOPT,9,01
10749811,3306172410,1665039,9,01
10736502,3306172410,1665039,8,01
10736502,3306172410,0387,8,01
10676318,3306172410,1710,4,01
13472424,3306172410,1708039,6,01
13472424,3306172410,0385,7,01
13472424,3306172410,0387,5,01
13479949,3306170521,028502,9,01
13479949,3306170521,028001,10,01
10706065,3306170521,028504,0,01
11019862,3306170521,028502,4,01
12237928,3306170521,028504,6,01
10964248,3306170521,028100,0,01
11110518,3306170521,028001,7,01
11321038,3306170521,028504,0,01
11103695,3306170521,028504,3,01
11574134,3306170521,028503,4,01
11574134,3306170521,028100,8,01
11106423,3306170521,028001,9,01
10762395,3306170521,028501,2,01
11512589,3306170521,028501,9,01
11519407,3306170521,028100,10,01
10839018,3306170521,028505,0,01
12379379,3306170521,028501,7,01
12623376,3306170521,028502,7,01
12623376,3306170521,028501,7,01
11030604,3306170521,028505,7,01
13122237,3306170521,028100,0,01
11116523,3306170521,028504,4,01
10916309,3306170521,028502,4,01
10897219,3306170521,028503,7,01
13598561,3306170521,028503,7,01
13160174,3306170521,028001,0,01
13446969,3306170521,028503,8,01
13446969,3306170521,028501,9,01
10916495,3306170619,1709,10,01
13594581,3306170619,1709,7,01
13594581,3306170619,1375p,10,01
11790026,3306170619,1370,0,01
12885212,3306170619,0179,7,01
12885212,3306170619,1370,7,01
12885212,3306170619,1368,7,01
10735252,3306170619,1375p,9,01
10735252,3306170619,1369,7,01
10706077,3306170619,1709,6,01
10706077,3306170619,1375p,9,01
10931524,3306170619,1375p,10,01
10892991,3306170619,1370,7,01
10892991,3306170619,1369,7,01
13595058,3306170619,1369,9,01
10677457,3306170619,1709,8,01
10758727,3306170619,1370,4,01
10758727,3306170619,1367,4,01
10918779,3306170619,0179,8,01
12667179,3306170619,1367,4,01
13623963,3306172484,0173,5,01
10652365,3306172484,0181p,9,01
13607126,3306172484,1709,2,01
13608584,3306172484,0181p,9,01
13551232,3306172484,1709,0,01
13551232,3306172484,0179,1,01
13608577,3306172484,0172,0,01
13608577,3306172484,0174,0,01
13608590,3306172484,0171,2,01
10379062,3306172484,0173,5,01
11051785,3306172484,0177,2,01
10801931,3306172484,0172,6,01
10707659,3306172484,0177,0,01
13593251,3306172484,0172,5,01
10581374,3306172484,0181p,9,01
10895710,3306172332,0400p,8,01
13460187,3306172332,0173,0,01
13445476,3306172332,0383,6,01
10583520,3306172332,0400p,8,01
13593106,3306172332,0383,4,01
12151924,3306172332,1709,7,01
12151924,3306172332,0383,8,01
13593493,3306172332,0171,0,01
13593493,3306172332,0173,0,01
10657923,3306172332,0383,9,01
10657923,3306172332,0384,9,01
10311896,3306172403,0172,9,01
10790662,3306172403,0173,6,01
11702324,3306172403,0179,7,01
10911448,3306172403,0384,4,01
12908126,3306172403,0388p,8,01
12132171,3306172403,0383,9,01
12132171,3306172403,0173,8,01
11405737,3306172403,0383,0,01
11405737,3306172403,0384,0,01
11258786,3306172403,0388p,10,01
11258786,3306172403,0384,3,01
10796413,3306172403,0388p,8,01
13594957,3306172403,0384,0,01
10652392,3306172403,0384,8,01
13604001,3306172403,0179,2,01
10923040,3306172053,1229,0,01
11100435,3306172053,1229,6,01
11110260,3306172053,1231,5,01
11099468,3306172053,1233,9,01
10905076,3306172053,1709,7,01
11434889,3306172053,0156,4,01
10676509,3306172167,0179,9,01
10510136,3306172167,0931,0,01
12404225,3306172167,0179,0,01
12404225,3306172167,0623,0,01
10866312,3306172167,1012p,6,01
10560755,3306172167,1012p,9,01
10560755,3306172167,0931,9,01
10303205,3306172167,1709,0,01
10425558,3306172167,0930,4,01
10425558,3306172167,1010,7,01
10463434,3306172167,1012p,0,01
10792537,3306172167,0931,6,01
10516442,3306172167,1012p,7,01
10904904,3306172167,1012p,9,01
10894622,3306172167,1709,7,01
10894622,3306172167,1012p,8,01
10730721,3306172167,1010,3,01
13595716,3306172167,0179,0,01
13598103,3306172167,1010,0,01
10214849,3306172167,1010,0,01
10904796,3306172167,0179,9,01
10919736,3306172167,0931,8,01
13506504,3306172167,0179,9,01
11242827,3306172167,0930,0,01
12900452,3306172167,0931,6,01
12900452,3306172167,1010,6,01
12557620,3306172167,1012p,10,01
12557620,3306172167,0179,9,01
10416632,3306172167,0623,8,01
10883924,3306172167,0930,3,01
10351884,3306172167,0623,2,01
10351884,3306172167,0930,0,01
10730207,3306172167,0931,7,01
10344032,3306172167,0623,8,01
10833008,3306172167,1709,5,01
10892734,3306172167,1012p,8,01
10892734,3306172167,0930,6,01
13170472,3306172135,0625,5,01
10889204,3306172135,0623,7,01
10793458,3306172135,0623,7,01
11075020,3306172135,0179,7,01
10921012,3306172135,1709,9,01
10921012,3306172135,0627,7,01
13593226,3306172135,1709,7,01
11336367,3306172135,0179,8,01
11709509,3306172135,0828p,4,01
12722909,3306172135,0625,8,01
10762386,3306172135,0627,3,01
10885568,3306172135,0179,10,01
10680218,3306169433,243267,9,01
10696608,3306169433,243265,9,01
10783295,3306169433,243266,8,01
10307643,3306169433,243265,8,01
10366184,3306169433,243264,0,01
10758378,3306169440,243270,8,01
10699142,3306169440,243602,8,01
13035877,3306169440,243602,9,01
13475004,3306169440,243271,9,01
13475004,3306169440,243270,10,01
11564293,3306169440,243604,7,01
10745557,3306169440,243602,7,01
10925591,3306173997,0441,4,01
11170959,3306173997,0437,9,02
12257970,3306173997,0439,6,01
13594861,3306173997,0156,4,01
13289072,3306173997,1709,8,01
12406107,3306173997,0441,6,01
11029676,3306173997,0438,8,01
13536269,3306173997,0439,6,01
13529587,3306173997,0437,7,02
10899529,3306173997,1709,9,01
10899529,3306173997,0437,7,01
13615239,3306173997,0441,2,01
10907141,3306173997,1709,9,01
10931052,3306173997,1709,8,01
10996773,3306173997,0439,7,01
11008351,3306173997,0440,8,01
11008351,3306173997,0156,6,01
11109924,3306173997,0441,9,01
11133386,3306173997,0438,10,01
12647763,3306173997,0441,0,01
10938365,3306173997,0437,2,01
11053348,3306173997,0437,8,02
13510854,3306174048,0657p,8,01
13510854,3306174048,0651,8,01
13510854,3306174048,0647,8,01
13596553,3306174048,0651,5,01
13596973,3306174048,0648,5,01
13596973,3306174048,0649,3,01
10806737,3306174048,0647,9,01
10416752,3306174048,0650,0,01
13537130,3306174048,0657p,4,01
10243668,3306174048,0650,7,01
13486970,3306174048,0651,6,01
13596966,3306174048,0657p,6,01
13596966,3306174048,0648,6,01
13457085,3306174048,0647,7,01
10840996,3306174048,0651,7,01
10808862,3306174048,0648,6,01
10808862,3306174048,0647,5,01
10662076,3306174048,0648,8,01
13596536,3306174048,0651,8,01
10025322,3306174048,0651,0,01
10243725,3306174048,0651,0,01
13597527,3306174048,0650,4,01
10509392,3306174048,0179,8,01
10509392,3306174048,0647,8,01
13597031,3306174048,0657p,7,01
10835742,3306174048,1709,0,01
10254912,3306174048,0651,7,01
10840806,3306174048,0651,7,01
10737176,3306174048,0648,8,01
10924358,3306174048,0648,6,01
10709630,3306174048,0648,8,01
13263684,3306174048,0657p,9,01
12478421,3306174048,0648,8,01
10805501,3306169744,0369,7,01
10915302,3306169744,0371,8,01
10681199,3306169744,0373,9,01
10805078,3306169744,0379p,10,01
10904793,3306169744,0379p,9,01
10904793,3306169744,0372,10,01
11226702,3306169744,0373,7,01
10912223,3306169744,0379p,9,01
10912223,3306169744,0370,8,01
10912321,3306169744,0373,9,01
10912321,3306169744,0372,10,01
10996327,3306169744,0373,6,01
10904569,3306169651,0373,9,01
10427570,3306169651,0487,0,01
10311349,3306169651,0616p,0,01
10311349,3306169651,0179,0,01
10901180,3306169651,0179,8,01
10901180,3306169651,0373,6,01
10462619,3306169651,0373,9,01
13593151,3306169651,0373,6,01
10308422,3306169651,0487,7,01
10454462,3306169651,0373,6,01
11049333,3306169651,0487,9,01
11049333,3306169651,0484,8,01
10308504,3306169651,1709,0,01
11231256,3306169651,1709,0,01
10308750,3306169651,0484,5,01
10382149,3306169651,0373,7,01
12730778,3306169651,0373,4,01
10323484,3306169651,0487,0,01
10839683,3306169651,0487,0,01
10471125,3306169651,0373,0,01
10471125,3306169651,0484,0,01
11905649,3306169651,0616p,9,01
13352871,3306169651,0179,0,01
10398479,3306169651,0179,7,01
11197655,3306169651,0484,9,01
10900298,3306169651,1709,9,01
10900298,3306169651,0483,9,01
10904666,3306169651,1709,9,01
10836046,3306169651,0485,8,01
10836046,3306169651,0484,4,01
10346246,3306169651,0484,0,01
10310048,3306169651,0484,6,01
12395762,3306169651,0483,3,01
10819052,3306169651,0484,8,01
10595030,3306169651,0373,0,01
10440723,3306169651,0373,0,01
11147116,3306169651,0616p,0,01
11147116,3306169651,0483,0,01
10933605,3306169593,1709,9,01
11248234,3306169593,0156,7,01
11113596,3306169593,0223,7,01
10892119,3306169593,0156,8,01
10828132,3306169593,0156,7,01
11100333,3306169593,0225,7,01
11100333,3306169593,0156,9,01
10996376,3306169593,1709,8,01
10405932,3306169593,0223,0,01
10805591,3306169593,0223,2,01
10805591,3306169593,0156,4,01
12563453,3306169593,0156,0,01
10308852,3306169593,0225,2,01
10891681,3306169593,0156,5,01
10762391,3306169593,1709,0,01
10917865,3306169591,0224,9,01
10708167,3306169591,0227,7,01
10708167,3306169591,1710,8,01
11146537,3306169591,0228,10,01
10776723,3306169591,0227,5,01
13452408,3306169591,1664190,9,01
11020732,3306169591,1664190,5,01
11020732,3306169591,1710,5,01
12472787,3306169591,CVOPT,6,01
11013828,3306169591,1713707,9,01
11708808,3306169591,1708190,9,01
10796295,3306169751,0376,9,01
10635003,3306169751,0374,10,01
12854002,3306169751,0377,3,01
10840811,3306169751,0379s,10,01
10799789,3306169751,1665190,9,01
10799789,3306169751,0378,10,01
10799789,3306169751,1710,7,01
10652371,3306169751,1665190,9,01
10764453,3306169751,0374,4,01
10756607,3306169751,0379s,9,01
10823812,3306169751,0379s,8,01
10780756,3306169751,1665190,10,01
13345475,3306169751,1708190,9,01
13345475,3306169751,0375,9,01
10611084,3306169658,CVOPT,4,01
10797348,3306169658,0612,9,01
10709604,3306169658,0616s,8,01
10810051,3306169658,0616s,9,01
10758419,3306169658,0613,4,01
10736277,3306169658,1665190,8,01
10736277,3306169658,0612,6,01
10688878,3306169658,0616s,5,01
10772126,3306169658,1665190,7,01
10772126,3306169658,0612,0,01
10797980,3306169658,1665190,8,01
11341745,3306170617,1665061,10,01
11341745,3306170617,1371,9,01
11341745,3306170617,1372,8,01
11341745,3306170617,1373,4,01
10781492,3306170617,1708061,7,01
10835968,3306170617,CVOPT,9,01
10835968,3306170617,1371,9,01
10835968,3306170617,1374,7,01
10742238,3306170617,CVOPT,8,01
10378823,3306170617,1375s,10,01
10378823,3306170617,1373,9,01
10944114,3306170617,1371,2,01
10666170,3306170617,1373,8,01
10803120,3306170617,1665061,9,01
10827153,3306170617,1665061,4,01
10993836,3306170617,CVOPT,10,01
10809557,3306170617,CVOPT,9,01
10809557,3306170617,1372,8,01
10819488,3306170617,1710,9,01
13281768,3306170617,1665061,9,01
10819378,3306170617,1665061,9,01
13273466,3306170617,1374,7,01
13273466,3306170617,1710,8,01
11104411,3306170617,CVOPT,8,01
10770501,3306170617,1665061,10,01
10770501,3306170617,1373,4,01
10729560,3306170617,1708061,6,01
13167864,3306170617,1375s,5,01
10887720,3306173995,1708001,8,01
10911568,3306173995,CVOPT,10,01
10929912,3306173995,1708001,8,01
11028742,3306173995,CVOPT,6,01
11044309,3306173995,1713472,8,01
10787257,3306173995,1713472,8,01
10929818,3306173995,1713472,7,01
10929818,3306173995,0446,9,01
10929818,3306173995,0442,8,01
11033515,3306173995,1710,8,01
11004716,3306173995,CVOPT,9,01
11805803,3306173995,1710,7,01
10905782,3306173995,1664001,10,01
10905782,3306173995,0443,6,01
11024457,3306173995,CVOPT,10,01
10677900,3306174046,0657s,7,01
10677900,3306174046,1665001,7,01
10024578,3306174046,0656,6,01
10789628,3306174046,0657s,8,01
10789628,3306174046,1665001,6,01
10840138,3306174046,1665001,8,01
10835676,3306174046,1708001,6,01
10924853,3306172060,1227,7,01
10904203,3306172060,1708020,9,01
12465550,3306172060,1228,7,01
11184512,3306172060,1664020,6,01
11184512,3306172060,1708020,7,01
11184512,3306172060,1235,6,01
10648909,3306172060,1227,4,01
12744964,3306172060,1234,5,01
13099124,3306172060,1234,9,01
10805007,3306172060,1234,6,01
10805007,3306172060,1710,7,01
10912726,3306172060,1228,5,01
10912726,3306172060,1235,5,01
10766452,3306172133,1665020,8,01
10689201,3306172133,0824,6,01
10742994,3306172133,0825,9,01
12607926,3306172133,1708020,9,01
10856038,3306172133,CVOPT,4,01
10856038,3306172133,0824,5,01
10856038,3306172133,1710,8,01
11073751,3306172133,0822,7,01
11073751,3306172133,0824,6,01
10734184,3306172133,0824,5,01
10734184,3306172133,0826,7,01
10487336,3306172133,CVOPT,7,01
10857816,3306172133,0826,7,01
10766414,3306172133,1708020,8,01
10766414,3306172133,0823,9,01
11388211,3306172133,1665020,7,01
11388211,3306172133,0827,7,01
10806298,3306172165,1109,8,01
10764144,3306172165,1012s,9,01
10764144,3306172165,1008,4,01
10819684,3306172165,1109,8,01
10726936,3306172165,1665020,8,01
10796065,3306172165,1109,8,01
10796065,3306172165,1710,8,01
11089472,3306172165,1109,7,01
10365221,3306172165,1008,8,01
13456007,3306172165,1012s,8,01
13456007,3306172165,1007,9,01
10852161,3306172165,1109,8,01
10824007,3306172165,1708020,5,01
10824007,3306172165,1009,8,01
10270640,3306172165,CVOPT,4,01
10270640,3306172165,1008,4,01
10530803,3306172165,1008,8,01
13054040,3306172165,1110,8,01
10630363,3306172165,1007,6,01
10805294,3306172165,1012s,9,01
10805294,3306172165,1109,5,01
13500949,3306172165,1007,9,01
10648032,3306172330,1665039,8,01
11627062,3306172330,0399,9,01
10766449,3306172330,0400s,8,01
10645102,3306172330,0398,4,01
10707825,3306172330,1710,6,01
10675936,3306172330,0400s,8,01
10530795,3306172330,1665039,10,01
10530795,3306172330,0399,9,01
10719000,3306172330,1665039,8,01
13487222,3306172330,1665039,10,01
13487222,3306172330,0398,9,01
11782717,3306172482,CVOPT,8,01
11782717,3306172482,0178,7,01
10688815,3306172482,0181s,7,01
10759237,3306172410,0180,7,01
10742128,3306172410,0180,7,01
10749811,3306172410,1708039,9,01
10320497,3306172410,1708039,8,01
10761594,3306172410,1665039,9,01
10676318,3306172410,0387,3,01
13475599,3306172410,0387,9,01
13475662,3306172410,0180,6,01
12912453,3306172410,0387,5,01
10906556,3306169614,0224,4,01
10734184,3306172133,CVOPT,7,01
10766452,3306172133,CVOPT,8,01
11790917,3306172133,CVOPT,6,01
10015387,3306172167,1012p,9,01
13510854,3306174048,1709,8,01
13596973,3306174048,0179,7,01
12745122,3306174048,1709,7,01
13456235,3306174048,0179,9,01
10832907,3306174048,1709,8,01
12478421,3306174048,1709,9,01
10344032,3306172167,1012p,7,01
13597031,3306174048,0650,9,01
