alumno,curso,contenido,nota_numerica,evaluacion
10025295,3228404816,0650,4,02
10244048,3228404816,0648,8,01
10025295,3228404816,0650,4,FI
10244048,3228404816,0650,8,FI
10414870,3228404816,0179,8,01
10802285,3228404816,0650,6,FI
10802285,3228404816,0647,5,01
10414870,3228404816,0649,9,02
13075443,3228404816,0649,4,02
10509186,3228404816,0649,9,02
10025295,3228404816,0649,3,02
12690668,3228404816,0657p,10,FI
12690668,3228404816,0651,7,02
12690668,3228404816,0648,8,02
13450442,3228404816,0651,0,02
10711948,3228404816,0650,6,01
10244048,3228404816,0648,8,FI
10509186,3228404816,0651,7,01
10509186,3228404816,0648,9,02
12332046,3228404816,0657p,8,FI
12332046,3228404816,0648,7,02
12332046,3228404816,0648,7,FI
12332046,3228404816,0649,3,02
10452196,3228404816,0651,9,02
10742998,3228404816,0179,8,01
10961892,3228404816,0650,8,FI
10906957,3228404816,0651,6,FI
10906957,3228404816,0648,6,01
10906957,3228404816,0649,5,02
10677373,3228404816,0650,7,01
10350415,3228404816,0651,8,02
10350415,3228404816,0650,7,01
10024578,3228404816,0650,9,02
13455127,3228404816,0648,9,01
10780784,3228404816,0179,7,01
10780784,3228404816,0650,8,01
10824617,3228404816,0648,7,01
10824617,3228404816,0648,8,FI
10840138,3228404816,0651,8,02
10840138,3228404816,0650,4,01
10840138,3228404816,0647,4,02
10017455,3228404816,0657p,9,02
10017455,3228404816,0657p,10,FI
10017455,3228404816,0650,10,01
13035058,3228404816,0651,7,02
13035058,3228404816,0649,3,02
10377895,3228404816,0651,0,01
10377895,3228404816,0648,0,01
10661639,3228404816,0657p,10,01
10661639,3228404816,0648,8,02
10357636,3228404816,0651,6,01
10357636,3228404816,0650,9,01
10357636,3228404816,0649,6,02
10991112,3228404816,0650,9,02
10991112,3228404816,0648,8,01
10991112,3228404816,0647,9,02
10819112,3228404816,0179,8,01
10819112,3228404816,0651,8,01
10953575,3228404816,0649,4,02
10381846,3228404816,0650,8,01
10381846,3228404816,0649,7,02
13456235,3228404816,0657p,0,01
13456235,3228404816,0179,0,01
10679695,3228404816,0179,9,01
10679695,3228404816,0648,7,01
10677900,3228404816,0650,7,01
10677900,3228404816,0648,7,FI
13476760,3228404816,0650,2,02
13064420,3228404816,0179,4,01
13060964,3228404816,0179,0,01
13060964,3228404816,0648,0,01
12332046,3228404816,0179,5,02
10961892,3228404816,0179,6,02
10802285,3228404816,0649,6,EX
12690668,3228404816,0649,10,FI
13450442,3228404816,1709,0,EX
13450442,3228404816,0657p,0,02
13455127,3228404816,0657p,10,02
13035058,3228404816,0657p,4,02
10953575,3228404816,0657p,8,02
10256435,3228404816,0657p,0,02
13450442,3228404816,0647,0,02
10357636,3228404816,0647,6,02
10953575,3228404816,0647,0,02
13060964,3228404816,0647,0,02
10509186,3228404816,0179,9,FI
10819112,3228404816,0179,8,FI
10953575,3228404816,0179,7,FI
13064420,3228404816,0179,6,FI
10256435,3228404816,0179,0,FI
10279441,3228404816,0179,9,FI
10452196,3228404816,0179,9,02
10661639,3228404816,0179,8,02
10279441,3228404816,0179,8,02
10452196,3228404816,0650,8,02
10350415,3228404816,0650,4,02
10357636,3228404816,0650,7,02
10953575,3228404816,0650,4,02
10742998,3228404816,0651,8,01
10906957,3228404816,0651,6,01
10824617,3228404816,0651,7,01
10906957,3228404816,0657p,7,02
10677373,3228404816,0657p,0,02
10024578,3228404816,0648,8,02
10991112,3228404816,0648,9,02
10677373,3228404816,0649,0,EX
10780784,3228404816,0657p,8,01
10780784,3228404816,0649,7,01
13476760,3228404816,0649,5,01
13078687,3228404816,1709,8,02
10679723,3228404816,0657p,8,FI
10824617,3228404816,0649,4,EX
10840138,3228404816,0657p,8,FI
10819112,3228404816,0647,8,01
10381846,3228404816,0647,9,01
10677900,3228404816,1709,6,01
13476760,3228404816,0657p,0,EX
13476760,3228404816,0647,1,01
13060964,3228404816,0651,0,FI
13060964,3228404816,0651,0,EX
13264942,3228404816,0657p,1,01
13264942,3228404816,0648,4,02
13264942,3228404816,0649,0,EX
10953290,3228404816,0651,8,02
10953290,3228404816,0648,8,01
10463434,3228404816,0651,2,02
10463434,3228404816,0650,0,01
10463434,3228404816,0648,0,02
11254695,3228404816,0657p,0,01
11254695,3228404816,0179,0,FI
11254695,3228404816,0648,0,01
11664368,3228404816,0648,5,01
11481642,3228404816,0657p,0,01
11481642,3228404816,0650,0,01
11889122,3228404816,0179,6,FI
11889122,3228404816,0651,7,01
11889122,3228404816,0649,7,02
11241112,3228404816,0179,7,01
11241112,3228404816,0650,7,02
11241112,3228404816,0648,8,01
10819061,3228404816,0650,9,01
10129831,3228404816,0179,4,01
10789628,3228404816,0648,5,02
10789628,3228404816,0649,6,02
10783588,3228404816,0179,7,02
10783588,3228404816,0648,9,02
10783588,3228404816,0649,7,02
13035060,3228404816,0179,8,FI
13035060,3228404816,0650,6,02
13035179,3228404816,0650,9,01
13035179,3228404816,0648,6,01
13035179,3228404816,0647,8,02
10615771,3228404816,1709,0,02
10615771,3228404816,0657p,0,FI
10279441,3228404816,0649,9,01
10677373,3228404816,0179,0,FI
10677373,3228404816,0647,0,FI
10780784,3228404816,0647,5,FI
13078687,3228404816,0648,9,FI
10953575,3228404816,0648,7,FI
11254695,3228404816,0648,0,FI
10321979,3228404816,0648,7,FI
13035058,3228404816,0647,7,FI
10381846,3228404816,0647,9,FI
10279441,3228404816,0647,8,FI
10463434,3228404816,0647,0,FI
11889122,3228404816,0647,6,FI
10129831,3228404816,0647,7,FI
10819112,3228404816,0657p,8,FI
11241112,3228404816,0657p,7,FI
10819112,3228404816,0649,9,01
10953575,3228404816,0649,7,01
11254695,3228404816,0649,0,01
10953575,3228404816,0649,6,FI
13035179,3228404816,0649,6,FI
13456235,3228404816,1709,0,01
11481642,3228404816,1709,0,01
13476760,3228404816,0651,0,EX
13064420,3228404816,0650,7,FI
10256435,3228404816,0650,4,FI
11481642,3228404816,0650,0,FI
13035179,3228404816,0650,7,FI
10953290,3228404816,0651,8,FI
13035060,3228404816,0651,6,FI
10463434,3228404816,0657p,0,EX
10463434,3228404816,0647,0,EX
11254695,3228404816,0647,0,01
11481642,3228404816,0179,0,01
10819061,3228404816,1709,8,FI
10819061,3228404816,0647,8,01
10615771,3228404816,0179,0,02
10615771,3228404816,0650,0,FI
10615771,3228404816,0647,0,02
10679722,3228404816,0657p,5,02
10679722,3228404816,0179,6,01
10679722,3228404816,0650,6,01
10679722,3228404816,0648,6,FI
11481642,3228404816,0649,0,EX
12854002,3228413080,0371,6,01
10762368,3228413080,0371,9,02
11082671,3228413080,0371,9,02
10805501,3228413080,0371,5,02
10762343,3228413080,0179,8,FI
10910600,3228413080,0179,9,FI
10805501,3228413080,0179,4,FI
10762343,3228413080,0372,9,FI
10910600,3228413080,0372,8,FI
10762343,3228413080,0369,9,01
10910600,3228413080,0370,9,02
10910600,3228413080,0373,9,02
12854002,3228413080,0373,6,02
10910600,3228413080,0369,8,02
10757735,3228413080,0369,5,02
11082671,3228413080,1709,6,02
10849397,3228413080,1709,8,01
10849397,3228413080,0179,8,02
10805501,3228413080,0370,6,02
10805501,3228413080,0373,0,EX
12854002,3228413080,0379p,7,02
10840811,3228413080,0379p,10,02
10840811,3228413080,0371,8,02
10737949,3228413080,0179,10,02
10737949,3228413080,0179,10,FI
10652371,3228413080,0371,7,01
10652371,3228413080,0371,6,02
10762023,3228413080,0179,8,02
10813139,3228413080,0371,7,01
10762338,3228413080,0379p,10,02
10762338,3228413080,0371,8,02
10762338,3228413080,0372,6,FI
10823812,3228413080,0373,8,01
12854002,3228413080,0369,7,FI
10757735,3228413080,0369,8,FI
10762023,3228413080,0369,10,FI
10762368,3228413080,0370,9,FI
10813139,3228413080,0370,7,FI
10635003,3228413080,0370,10,FI
10796295,3228413080,0370,10,01
10762343,3228413080,0370,8,01
10840811,3228413080,0370,5,01
10799789,3228413080,0370,9,01
10652371,3228413080,0370,7,01
10796295,3228413080,0371,9,FI
10737949,3228413080,0371,8,FI
11082671,3228413080,0379p,9,FI
10849397,3228413080,0179,8,01
10799789,3228413080,0179,9,01
10762023,3228413080,0179,8,01
10764453,3228413080,0179,7,01
10840811,3228413080,0379p,8,01
10652371,3228413080,0379p,8,01
10799789,3228413080,0371,9,FI
10783280,3228413080,0379p,9,FI
10762338,3228413080,0379p,9,FI
10783280,3228413080,0373,4,01
10764453,3228413080,0373,8,01
10756607,3228413080,0373,8,01
10783280,3228413080,0373,7,FI
10783280,3228413080,0369,6,EX
10652371,3228413080,0372,6,02
10823812,3228413080,0372,8,FI
10823812,3228413080,0369,10,FI
13456011,3228413080,0370,8,FI
13456011,3228413080,0373,8,01
13456011,3228413080,0371,8,FI
13456011,3228413080,0369,8,02
10823807,3228413080,0179,7,02
10381670,3228413382,0373,2,02
10783280,3228413080,1709,7,FI
10813139,3228413080,1709,6,FI
10736277,3228413382,0616p,10,02
10418675,3228413382,0616p,9,02
10736277,3228413382,0179,9,01
10695479,3228413382,0179,0,01
10418675,3228413382,0179,0,01
10525885,3228413382,0484,0,02
11064614,3228413382,1709,8,01
10525885,3228413382,1709,0,01
11064614,3228413382,1709,0,02
11064614,3228413382,0179,0,02
13042221,3228413382,0179,0,02
11064614,3228413382,0485,0,EX
11067623,3228413382,0483,0,02
13455308,3228413382,0484,9,FI
10381670,3228413382,0484,8,FI
13455308,3228413382,0483,7,02
10807600,3228413382,0484,9,01
10797348,3228413382,0484,9,01
10770964,3228413382,0484,10,01
10807600,3228413382,0484,9,02
10736277,3228413382,0373,10,02
10709604,3228413382,0373,9,02
10381670,3228413382,0483,4,01
10736277,3228413382,0616p,10,01
10797348,3228413382,0485,7,01
10611084,3228413382,0485,8,01
10797348,3228413382,0485,8,02
10797348,3228413382,0483,9,01
10797348,3228413382,0483,9,FI
10611084,3228413382,0373,8,01
10611084,3228413382,0487,9,01
10695479,3228413382,0179,0,EX
10695479,3228413382,0487,0,FI
10770964,3228413382,0487,10,FI
10709604,3228413382,0487,8,02
10770964,3228413382,0483,9,02
11161106,3228413382,0179,0,01
11161106,3228413382,0484,0,FI
10718934,3228413382,0485,3,02
10718934,3228413382,0483,6,FI
10269408,3228413382,0487,0,02
10269408,3228413382,0484,0,02
13460547,3228413382,1709,8,01
10688878,3228413382,0616p,10,01
10688878,3228413382,0484,9,02
10688878,3228413382,0483,10,FI
11571094,3228413382,0373,0,02
11571094,3228413382,0487,0,01
11571094,3228413382,0483,4,02
11332097,3228413382,1709,0,02
11332097,3228413382,0484,0,02
10453628,3228413382,0484,0,02
12500233,3228413382,0484,0,02
10399058,3228413382,0373,4,01
10711977,3228413382,0483,8,01
12730778,3228413382,0373,0,02
12730778,3228413382,0483,7,01
10255502,3228413382,0373,5,02
10255502,3228413382,0484,7,FI
10328549,3228413382,0483,6,01
10810051,3228413382,0373,4,01
10810051,3228413382,0373,8,02
11569845,3228413382,0483,0,02
11271861,3228413382,0179,9,01
11271861,3228413382,0373,7,02
11271861,3228413382,0487,8,01
10757001,3228413382,0616p,9,02
10757001,3228413382,0484,8,01
10828387,3228413382,0179,9,01
10828387,3228413382,0485,7,01
10828387,3228413382,0483,9,01
10828387,3228413382,0483,8,FI
10856605,3228413382,0485,8,02
10856605,3228413382,0483,8,02
10401376,3228413382,1709,0,01
10401376,3228413382,0487,0,01
11898422,3228413382,0487,0,01
11898422,3228413382,0484,1,01
13456133,3228413382,0179,0,01
10677836,3228413382,0487,0,02
10205657,3228413382,0487,5,02
10205657,3228413382,0484,8,FI
10643328,3228413382,0485,9,02
10643328,3228413382,0484,9,01
12287306,3228413382,0373,0,02
12287306,3228413382,0485,0,01
11161106,3228413382,0485,0,01
11067623,3228413382,0485,0,01
13460547,3228413382,0485,4,01
10823812,3228413080,0373,8,FI
10797348,3228413382,0485,8,FI
11064614,3228413382,0179,0,FI
10401376,3228413382,0179,0,FI
10677836,3228413382,0179,0,FI
11064614,3228413382,0483,0,EX
10308704,3228413382,0483,0,EX
10525885,3228413382,1709,0,FI
10255502,3228413382,1709,7,FI
13455308,3228413382,0484,8,01
12500233,3228413382,0484,0,01
13457137,3228413382,0484,0,01
13455308,3228413382,0483,9,FI
10381670,3228413382,0483,6,FI
10679710,3228413382,0484,7,FI
10718934,3228413382,0484,5,FI
10797348,3228413382,0179,8,FI
10695479,3228413382,0179,0,FI
10810051,3228413382,0179,9,FI
11161106,3228413382,0616p,0,FI
10399058,3228413382,0616p,0,FI
13456133,3228413382,0616p,0,FI
10677836,3228413382,0616p,0,FI
10718934,3228413382,1709,7,02
10711977,3228413382,1709,7,02
10269408,3228413382,0484,0,EX
13460547,3228413382,0373,0,EX
12500233,3228413382,0373,0,EX
10401376,3228413382,0373,0,EX
10688878,3228413382,0616p,10,FI
10688878,3228413382,0179,9,02
10810051,3228413382,0179,9,02
10688878,3228413382,0373,10,FI
10453628,3228413382,0485,0,02
10255502,3228413382,0485,4,02
10205657,3228413382,0485,0,02
10453628,3228413382,0484,0,01
10399058,3228413382,0616p,0,02
10308704,3228413382,0616p,0,02
10255502,3228413382,0616p,7,02
10677836,3228413382,0616p,7,02
10399058,3228413382,0487,0,FI
13457137,3228413382,0487,0,FI
13456133,3228413382,0487,0,FI
10308704,3228413382,0484,0,EX
11569845,3228413382,0484,0,EX
10308704,3228413382,0483,0,FI
11271861,3228413382,0483,0,FI
10677836,3228413382,0483,0,FI
11569845,3228413382,0616p,0,01
10205657,3228413382,0616p,9,01
12287306,3228413382,0616p,0,01
11569845,3228413382,0179,0,EX
13456133,3228413382,0179,0,EX
11569845,3228413382,0487,0,EX
12433428,3228413382,0487,7,EX
10856605,3228413382,0373,4,02
10401376,3228413382,0179,0,01
11898422,3228413382,0485,0,EX
10758419,3228413382,0485,7,01
10718934,3228413382,1709,8,01
10453628,3228413382,0373,0,FI
10205657,3228413382,0373,8,FI
10255502,3228413382,0485,5,FI
10810051,3228413382,1709,8,FI
11898422,3228413382,0485,0,FI
10799612,3228415772,1375p,9,02
11649640,3228415772,1375p,7,02
11649640,3228415772,1370,2,01
10799612,3228415772,0179,9,01
10799612,3228415772,1367,9,01
10834174,3228415772,1375p,8,02
10546650,3228415772,0179,8,01
10835968,3228415772,1375p,9,02
10842025,3228415772,0179,4,01
10711961,3228415772,1375p,9,FI
10711961,3228415772,0179,6,01
11251967,3228415772,0179,8,01
10378823,3228415772,1375p,9,02
11104411,3228415772,0179,7,01
10783707,3228415772,1375p,10,FI
10729560,3228415772,1375p,9,FI
10962405,3228415772,1370,0,EX
10827153,3228415772,0179,6,01
10780789,3228415772,0179,8,02
11649640,3228415772,1369,4,FI
10865703,3228415772,1369,7,FI
11649375,3228415772,1369,6,FI
10714135,3228415772,1369,6,FI
10413312,3228415772,1370,9,02
10799612,3228415772,1367,10,02
10546650,3228415772,1367,8,02
10711961,3228415772,1367,3,02
10734128,3228415772,1367,9,02
10851445,3228415772,1369,9,02
10413312,3228415772,1709,9,FI
10985551,3228415772,1709,8,FI
10962405,3228415772,1709,0,FI
10776515,3228415772,0179,8,02
10865703,3228415772,0179,8,02
11649375,3228415772,0179,9,02
10714135,3228415772,0179,9,02
10817945,3228415772,1709,4,01
10770501,3228415772,1709,8,01
10817945,3228415772,1709,6,FI
10783707,3228415772,1709,10,FI
10817945,3228415772,1369,3,EX
13281768,3228415772,1368,4,FI
10413312,3228415772,1368,7,FI
10842025,3228415772,1368,4,FI
10827153,3228415772,1368,6,FI
10819488,3228415772,1375p,7,02
10985551,3228415772,1375p,8,02
10819378,3228415772,1375p,8,02
10819488,3228415772,1370,9,01
10851445,3228415772,1370,8,01
10819488,3228415772,1370,8,FI
11104411,3228415772,1370,8,FI
10781492,3228415772,1370,4,FI
10781492,3228415772,1370,4,EX
11649375,3228415772,1370,7,EX
10835968,3228415772,1367,8,FI
10678320,3228415772,1367,4,FI
10734128,3228415772,1367,10,FI
10835968,3228415772,1369,8,01
10783707,3228415772,1369,9,01
10803120,3228415772,1375p,10,01
11104411,3228415772,1375p,10,01
10962405,3228415772,1375p,10,01
10851445,3228415772,1368,7,01
10819378,3228415772,1368,8,01
10678320,3228415772,1370,8,02
10678320,3228415772,1368,0,EX
11251967,3228415772,0179,8,FI
10122344,3228415772,1369,10,01
10725869,3228415772,0179,6,FI
10985551,3228415772,0179,10,FI
10793376,3228415772,0179,9,FI
10962405,3228415772,0179,0,FI
10378823,3228415772,1375p,10,01
11104411,3228415772,1367,8,FI
10783707,3228415772,1368,9,02
10729560,3228415772,1368,7,02
10783707,3228415772,1368,9,FI
10729560,3228415772,1368,7,FI
10985551,3228415772,1709,8,02
10776515,3228415772,1367,8,01
10993836,3228415772,1367,8,01
10729560,3228415772,1368,8,01
10962405,3228415772,1367,0,EX
13462544,3228415772,1709,7,FI
13462544,3228415772,1369,6,FI
10809667,3228415772,1370,8,02
10809667,3228415772,1367,9,FI
10809667,3228415772,1368,8,FI
10809667,3228415772,1369,8,02
10652580,3228415772,1370,8,FI
10652580,3228415772,1368,8,02
10817945,3228415772,1369,5,02
11341745,3228415772,1369,9,02
10798915,3228415772,1367,8,02
10780789,3228415772,1367,7,02
10725869,3228415772,1368,4,02
10780789,3228415772,1368,4,02
13273466,3228415772,1375p,9,FI
10122344,3228415772,1375p,10,FI
10652580,3228415772,1375p,10,FI
10842025,3228415772,1369,7,FI
10819378,3228415772,1369,9,FI
10809667,3228415772,1369,8,FI
10378823,3228415772,0179,8,02
10734128,3228415772,0179,9,02
10734128,3228415772,1709,9,02
10678151,3228415772,1367,2,01
10809557,3228415772,1367,7,01
10809557,3228415772,1367,8,FI
10944114,3228415772,1368,4,FI
10944114,3228415772,1369,7,01
10730519,3228415772,1370,4,FI
10730519,3228415772,1370,4,EX
10730519,3228415772,1368,2,02
13242092,3228415772,1375p,9,02
13242092,3228415772,1369,7,01
10742238,3228415772,1375p,9,02
10742238,3228415772,1368,8,01
10742238,3228415772,1369,6,FI
12558926,3228415772,1375p,4,01
10944114,3228415772,0179,8,FI
10960990,3228379385,1709,8,FI
10737175,3228379385,1709,7,FI
10805591,3228379385,1709,4,FI
10960990,3228379385,0439,8,02
10737175,3228379385,0439,7,02
10960990,3228379385,0439,8,FI
10737175,3228379385,0439,7,FI
10995299,3228379385,0439,8,FI
10960990,3228379385,0440,7,FI
10835299,3228379385,0440,7,FI
10960990,3228379385,0156,8,01
11671982,3228379385,0156,7,01
10887720,3228379385,0156,8,01
11671982,3228379385,1709,7,01
11043785,3228379385,0437,6,FI
11043785,3228379385,0156,9,02
10835299,3228379385,0156,7,02
10737175,3228379385,0439,7,01
13133521,3228379385,0437,9,02
13133521,3228379385,0156,4,02
11039273,3228379385,1709,8,02
11029440,3228379385,1709,9,02
11039273,3228379385,0441,9,01
10995299,3228379385,0441,10,01
10911748,3228379385,0441,9,01
11039273,3228379385,0438,7,01
10835299,3228379385,0438,6,01
10787655,3228379385,0438,7,01
11039273,3228379385,0156,8,FI
10906307,3228379385,0156,5,FI
10887720,3228379385,0438,6,02
11029440,3228379385,0441,9,02
10835299,3228379385,0441,1,02
10787655,3228379385,0441,2,02
11028742,3228379385,0441,6,02
10835299,3228379385,0439,4,01
10787655,3228379385,0439,6,01
10805591,3228379385,0441,0,EX
10805591,3228379385,0438,0,EX
10787655,3228379385,0438,5,EX
10805591,3228379385,0156,0,EX
11805803,3228379385,0439,10,FI
10911748,3228379385,0440,9,02
10787655,3228379385,0440,5,02
11028742,3228379385,0439,8,FI
11026339,3228379385,0441,1,02
11026339,3228379385,0156,6,01
10905782,3228379385,1709,8,02
10905782,3228379385,0439,7,02
10905782,3228379385,0438,4,01
11004486,3228379385,0439,10,02
11004486,3228379385,0439,10,FI
10911568,3228379385,0439,8,FI
11044309,3228379385,1709,8,02
11044309,3228379385,0437,5,FI
11604486,3228379385,1709,8,01
11604486,3228379385,0437,2,FI
11604486,3228379385,0439,5,FI
11604486,3228379385,0440,5,FI
10911000,3228379385,0440,7,02
10911000,3228379385,0440,6,FI
11415744,3228379385,0437,7,01
11415744,3228379385,0437,8,02
10787257,3228379385,0437,7,FI
11028742,3228379385,0438,6,FI
11004486,3228379385,0438,10,FI
11043785,3228379385,0438,8,FI
10995299,3228379385,0438,9,FI
13133521,3228379385,0440,8,FI
13466647,3228379385,0440,0,FI
11415744,3228379385,0440,8,FI
10911568,3228379385,0439,8,01
11604486,3228379385,0437,3,01
11068958,3228379385,0441,0,EX
13466647,3228379385,1709,7,FI
10278634,3228379385,0438,7,01
10278634,3228379385,0438,7,02
10929912,3228379385,0439,2,01
11024457,3228379385,0439,8,FI
11024457,3228379385,0156,9,02
10302214,3228379385,1709,0,02
12731640,3228379385,0438,6,01
11507257,3228379385,0437,8,01
11507257,3228379385,0440,4,FI
10929818,3228379385,0439,8,FI
10929818,3228379385,0156,10,02
10951388,3228379385,0438,0,EX
10435060,3228379385,0437,0,01
10248709,3228379385,0437,0,02
10421015,3228379385,0439,0,01
12673295,3228379385,0156,0,02
10420824,3228379385,0439,7,01
10468121,3228379385,0437,7,02
10468121,3228379385,0440,5,FI
13458066,3228379385,0156,7,02
10650730,3228379385,0438,5,02
13459588,3228379385,1709,0,FI
13459588,3228379385,0437,5,01
11026347,3228379385,1709,9,01
11026347,3228379385,1709,9,02
10284131,3228379385,0441,0,01
11068958,3228379385,0441,0,01
13466647,3228379385,0441,7,01
10248709,3228379385,0441,0,01
11044309,3228379385,0440,8,01
11415744,3228379385,0439,8,FI
11507257,3228379385,0439,8,FI
10951388,3228379385,0439,0,FI
10468121,3228379385,0439,8,FI
10650730,3228379385,0439,8,FI
10302214,3228379385,0437,0,01
12731640,3228379385,0438,4,02
10951388,3228379385,0437,0,EX
10248709,3228379385,0437,0,EX
10435060,3228379385,0156,0,FI
10248709,3228379385,1709,0,EX
10248709,3228379385,0441,0,02
12673295,3228379385,0441,0,02
10248709,3228379385,0439,0,EX
12673295,3228379385,0440,0,EX
10421015,3228379385,0439,0,02
10307040,3228379385,0439,0,02
12673295,3228379385,1709,0,01
13458066,3228379385,0437,10,FI
10650730,3228379385,0440,3,02
10307040,3228379385,0440,0,02
10696650,3228379385,0439,0,EX
13459194,3228379385,1709,9,FI
13459194,3228379385,0156,9,02
13459194,3228379385,0156,8,FI
13459361,3228379385,1709,4,01
13459361,3228379385,0438,0,02
13459361,3228379385,0440,0,02
13459361,3228379385,0156,0,FI
11033515,3228379385,0440,5,FI
11004716,3228379385,0440,9,01
11067932,3228379385,0439,7,01
11666166,3228379385,1709,0,01
11666166,3228379385,0439,8,FI
13221347,3228379385,0156,0,FI
10813126,3228406931,1012p,8,02
10307040,3228379385,0440,0,01
12731640,3228379385,0440,8,01
12673295,3228379385,0440,0,01
11786393,3228379385,0438,0,FI
13459194,3228379385,0156,8,01
11004716,3228379385,0437,8,02
11067932,3228379385,0441,0,FI
13221347,3228379385,0441,0,FI
11666166,3228379385,0440,5,FI
13221347,3228379385,0438,0,FI
10819701,3228406931,1010,0,01
10817903,3228406931,1010,8,01
13290996,3228406931,0930,5,01
13290996,3228406931,0930,6,FI
10510136,3228406931,0930,0,FI
10709557,3228406931,0930,0,FI
13290996,3228406931,0931,7,01
10800028,3228406931,0179,7,01
10764144,3228406931,0179,7,01
10800028,3228406931,0179,6,02
10726936,3228406931,0179,7,02
10824007,3228406931,1709,7,02
10530803,3228406931,1709,9,02
10824007,3228406931,0930,4,01
10776549,3228406931,0930,6,01
10824007,3228406931,0930,1,02
10635026,3228406931,0930,7,02
10824007,3228406931,0930,4,FI
10824007,3228406931,1010,5,02
10824007,3228406931,1010,4,FI
10726936,3228406931,1010,7,FI
10824007,3228406931,0930,4,EX
10776549,3228406931,0623,10,FI
10824614,3228406931,0931,0,02
10824614,3228406931,1010,7,EX
10709557,3228406931,1010,0,EX
10862032,3228406931,1010,0,EX
10709557,3228406931,1012p,0,EX
10422716,3228406931,1012p,0,EX
10709557,3228406931,0931,0,02
10709557,3228406931,1010,0,FI
10862032,3228406931,1010,0,FI
10422716,3228406931,0179,0,02
10862032,3228406931,0179,8,02
10422716,3228406931,0930,0,02
10726936,3228406931,0931,9,01
10805294,3228406931,0931,9,01
10819701,3228406931,1709,0,EX
10819701,3228406931,0931,0,01
10819701,3228406931,0931,0,EX
10805294,3228406931,1010,4,01
10796065,3228406931,0930,7,01
10796065,3228406931,1010,5,01
10349498,3228406931,1010,8,02
10630363,3228406931,0931,8,01
10852161,3228406931,0930,7,02
10852161,3228406931,1010,7,02
10819684,3228406931,0179,4,02
10819684,3228406931,1010,6,01
10414061,3228406931,0930,0,02
10199483,3228406931,0931,0,01
10397687,3228406931,0931,7,01
10397687,3228406931,1010,5,01
10323559,3228406931,0931,3,02
10323559,3228406931,1010,3,01
13458157,3228406931,0179,0,EX
13458157,3228406931,0931,0,02
13458157,3228406931,1010,0,EX
13523913,3228406931,0179,7,02
13523913,3228406931,0930,0,01
13523913,3228406931,0931,0,EX
10940616,3228406931,1709,0,EX
11059841,3228406931,0930,5,01
11059841,3228406931,1010,7,01
10852107,3228406931,0931,3,01
11800453,3228406931,1709,0,EX
10818191,3228406931,0179,0,EX
11089472,3228406931,0623,4,FI
10699271,3228406931,0930,5,02
10807830,3228406931,1010,5,01
11629523,3228406931,1709,0,EX
11629523,3228406931,0930,0,02
11629523,3228406931,0931,0,EX
11629523,3228406931,1010,0,FI
11629523,3228406931,1010,0,EX
10042816,3228406931,0931,0,EX
10042816,3228406931,1010,0,01
10022321,3228406931,1010,6,01
10479899,3228406931,0930,9,01
10479899,3228406931,0930,0,02
10479899,3228406931,0931,8,01
10754604,3228406931,0179,6,02
10754604,3228406931,1010,3,01
10754604,3228406931,1010,6,02
10365221,3228406931,1010,6,01
13461591,3228406931,0179,8,01
13461591,3228406931,1010,7,01
13461591,3228406931,1010,6,02
10630337,3228406931,0179,4,01
10630337,3228406931,0623,4,FI
10630337,3228406931,1010,3,02
10249410,3228406931,0930,9,02
10249410,3228406931,1010,7,01
11790917,3228406545,0828p,10,02
11790917,3228406545,0627,6,02
10766414,3228406545,0828p,8,02
11231507,3228406545,0627,0,02
12912678,3228406545,0627,8,02
13470345,3228406545,0179,0,EX
13473425,3228406545,0625,8,01
10796065,3228406931,1709,8,FI
10800028,3228406931,1709,9,FI
10530803,3228406931,1709,9,FI
10862032,3228406931,1709,4,01
10796065,3228406931,1012p,9,01
10754604,3228406931,1012p,6,01
10796065,3228406931,0179,8,FI
10796065,3228406931,0931,8,FI
11089472,3228406931,0931,9,FI
13461591,3228406931,0931,9,FI
10349498,3228406931,0931,10,02
10852161,3228406931,0931,9,02
10630337,3228406931,0931,8,02
10852161,3228406931,0930,7,FI
13461591,3228406931,0930,6,FI
10414061,3228406931,0623,0,02
11811552,3228406931,0623,0,02
10940616,3228406931,0623,0,02
10699271,3228406931,0623,6,02
10479899,3228406931,0623,7,02
10199483,3228406931,1012p,0,02
10304385,3228406931,1012p,9,02
10199483,3228406931,1010,0,02
10381708,3228406931,1010,0,02
10852107,3228406931,1010,1,02
10022321,3228406931,1010,5,02
10323559,3228406931,1012p,0,02
10330111,3228406931,1012p,8,02
10699271,3228406931,1012p,4,02
10042816,3228406931,1012p,0,02
10323559,3228406931,0931,0,FI
13458157,3228406931,0930,0,EX
13458157,3228406931,0931,0,FI
13523913,3228406931,1012p,0,FI
13523913,3228406931,0179,0,FI
11629523,3228406931,0179,0,FI
13523913,3228406931,0623,0,01
10818191,3228406931,0623,0,01
13523913,3228406931,0931,0,FI
10381708,3228406931,1012p,0,FI
11800453,3228406931,0930,0,EX
10443575,3228406931,0179,4,01
10699271,3228406931,0179,9,01
10807830,3228406931,0179,8,01
10042816,3228406931,0179,0,01
10699271,3228406931,1012p,8,FI
10699271,3228406931,0931,8,FI
11629523,3228406931,1709,0,02
10042816,3228406931,1709,0,02
11629523,3228406931,0623,0,EX
10022321,3228406931,0931,3,FI
12561661,3228406931,0179,5,FI
12561661,3228406931,0623,7,EX
10479899,3228406931,1709,9,01
10918602,3228406931,0623,4,01
10918602,3228406931,1010,4,EX
12607926,3228406545,0623,8,01
10847609,3228406545,0623,8,01
10856038,3228406545,0623,8,01
10766452,3228406545,0622,6,01
10857816,3228406545,0622,7,01
11433224,3228406545,0622,7,01
10804606,3228406545,0622,6,01
10766452,3228406545,0622,8,FI
10766414,3228406545,0622,8,FI
10856038,3228406545,0622,5,FI
11433224,3228406545,0622,7,FI
10707892,3228406545,0622,7,FI
10766452,3228406545,0625,8,01
10487336,3228406545,0625,6,01
10593810,3228406545,0625,8,01
12912678,3228406545,0625,6,01
10766452,3228406545,0625,8,FI
13470345,3228406545,0625,0,FI
10729793,3228406545,1709,4,01
10729793,3228406545,0179,6,01
11231507,3228406545,0179,2,01
10707892,3228406545,0179,6,01
12607926,3228406545,CV0008,10,02
10742994,3228406545,CV0008,10,02
11790917,3228406545,0179,5,FI
10766414,3228406545,0179,8,FI
11073751,3228406545,0179,5,FI
11790917,3228406545,0622,8,02
10593810,3228406545,0622,6,02
10689201,3228406545,0828p,0,01
10487336,3228406545,0828p,10,01
10857816,3228406545,0828p,7,01
12912678,3228406545,0828p,10,01
10689201,3228406545,0625,7,02
10847609,3228406545,0625,6,02
12912678,3228406545,0625,7,02
10689201,3228406545,0627,8,01
10847609,3228406545,0627,4,01
10857816,3228406545,0623,8,02
10847609,3228406545,0623,6,02
11073751,3228406545,0623,10,02
12912678,3228406545,0623,10,02
10857816,3228406545,0627,8,FI
10847609,3228406545,0179,5,02
10856038,3228406545,0179,5,02
10766414,3228406545,CV0009,10,FI
10593810,3228406545,CV0008,9,FI
11231507,3228406545,CV0008,0,FI
11231507,3228406545,0622,0,FI
12912678,3228406545,1709,9,FI
13473425,3228406545,0625,9,FI
13473425,3228406545,CV0008,10,FI
10711954,3228406545,0828p,9,01
10711954,3228406545,CV0008,6,FI
10835673,3228406545,1709,5,FI
10835673,3228406545,0622,5,01
10835673,3228406545,0622,6,FI
10734184,3228406545,0627,7,01
10734184,3228406545,CV0008,10,02
13170472,3228406545,0627,0,FI
10700069,3228410748,0177,2,01
12413993,3228410748,0179,0,EX
13456058,3228410748,1709,5,02
13255125,3228410748,0179,0,EX
10507411,3228410748,1709,0,02
10648032,3228410357,0179,6,02
10675936,3228410357,0179,10,02
10719000,3228410357,0179,4,02
13487222,3228410357,0179,8,02
13455012,3228410892,0383,0,02
10808311,3228410892,0388p,7,02
13450196,3228410892,0388p,9,02
10676318,3228410892,0172,6,02
10479899,3228406931,1709,9,FI
10766452,3228406545,0623,8,FI
10766414,3228406545,0828p,9,FI
10835673,3228406545,0828p,8,FI
13170472,3228406545,1709,0,EX
13170472,3228406545,0625,0,FI
10254373,3228410748,0181p,10,02
13453640,3228410748,0181p,8,02
10507411,3228410748,0181p,0,02
10766479,3228410748,0172,6,01
10688815,3228410748,0172,7,01
10766479,3228410748,0174,7,01
10688815,3228410748,0174,8,01
10766479,3228410748,0179,8,01
10766479,3228410748,0173,7,01
10843404,3228410748,0173,7,01
13480000,3228410748,0173,7,01
11782717,3228410748,0173,6,02
10700069,3228410748,0173,0,02
10254373,3228410748,0179,10,FI
10254373,3228410748,0171,9,FI
13453640,3228410748,0171,9,FI
13453640,3228410748,0179,7,02
10507411,3228410748,0179,0,02
13453640,3228410748,0174,8,FI
10700069,3228410748,1709,0,EX
13456058,3228410748,1709,0,EX
10700069,3228410748,0179,0,EX
10700069,3228410748,0177,0,02
10392181,3228410748,0177,4,01
12413993,3228410748,0177,0,01
10509253,3228410748,0177,0,01
10506040,3228410748,0181p,0,FI
13480000,3228410748,0181p,4,FI
10488332,3228410748,0177,6,02
10509253,3228410748,0177,0,02
10639978,3228410748,0177,9,02
13455952,3228410748,0181p,8,01
13455952,3228410748,0171,8,FI
10664803,3228410748,1709,0,EX
10664803,3228410748,0173,0,02
12413993,3228410748,0171,0,02
10664803,3228410748,0174,0,01
12413993,3228410748,0181p,0,01
10664803,3228410748,0177,0,FI
13480000,3228410748,0181p,0,01
13480000,3228410748,0179,7,02
13480000,3228410748,0173,8,FI
13480000,3228410748,0174,8,02
10509253,3228410748,0174,0,02
10509253,3228410748,1709,0,01
10509253,3228410748,1709,0,02
10509253,3228410748,0172,0,02
10509253,3228410748,0172,0,FI
13455821,3228410748,0172,6,02
10507411,3228410748,0172,0,02
13455821,3228410748,0177,6,FI
11567443,3228410748,0181p,7,02
11567443,3228410748,0174,4,01
10691269,3228410748,0181p,1,01
10691269,3228410748,0177,0,EX
10678997,3228410892,0172,0,EX
10507411,3228410748,0181p,0,FI
10648032,3228410357,1709,7,01
10766449,3228410357,1709,8,01
13456027,3228410357,0179,3,01
10766449,3228410357,0179,7,01
10745573,3228410357,0383,8,01
13456027,3228410357,0384,6,01
10645102,3228410357,0383,4,01
10820272,3228410357,0383,6,01
10820272,3228410357,0384,7,01
10745573,3228410357,0400p,8,02
10729539,3228410357,0400p,8,02
10835750,3228410357,0400p,8,02
10745573,3228410357,0172,8,02
10687498,3228410892,0172,9,02
10761594,3228410892,0171,6,02
10761594,3228410892,0172,5,02
10745573,3228410357,0173,7,02
10585531,3228410357,0173,5,02
10766449,3228410357,0173,8,02
13487222,3228410357,0173,9,02
10585531,3228410357,0173,8,01
10410077,3228410357,0173,8,01
10835750,3228410357,0173,8,01
10766449,3228410357,0173,9,01
10648032,3228410357,0400p,9,FI
10729539,3228410357,0400p,9,FI
10835750,3228410357,0400p,9,FI
10648032,3228410357,0173,7,FI
10530795,3228410357,0173,8,FI
10645102,3228410357,0173,6,FI
10698109,3228410357,0171,9,01
10719000,3228410357,0171,8,01
13456027,3228410357,0171,4,01
10698109,3228410357,0171,9,FI
10675936,3228410357,0171,8,FI
10410077,3228410357,0171,7,FI
10645102,3228410357,0171,7,FI
13487222,3228410357,0171,9,FI
10410077,3228410357,0179,7,FI
13455702,3228410357,0179,9,FI
13456027,3228410357,0179,5,FI
13251013,3228410357,0179,6,FI
10835750,3228410357,0179,5,FI
10410077,3228410357,0172,4,FI
13456027,3228410357,0172,6,FI
13455702,3228410357,0383,9,02
13251013,3228410357,0383,8,02
10820272,3228410357,0384,7,02
13456027,3228410357,0384,6,FI
10820272,3228410357,0384,7,FI
13251013,3228410357,0400p,8,01
10835750,3228410357,0400p,8,01
10645102,3228410357,0400p,8,01
13251013,3228410357,0383,8,FI
10835750,3228410357,0172,4,01
13487222,3228410357,1709,9,02
10687498,3228410892,0172,8,01
10742128,3228410892,0172,6,01
10676318,3228410892,0172,2,01
10687498,3228410892,1709,8,02
10687498,3228410892,0384,9,01
13454999,3228410892,0384,2,01
10320497,3228410892,0384,7,01
11330085,3228410892,0384,4,01
10742128,3228410892,0388p,8,01
10320497,3228410892,0388p,9,01
13450196,3228410892,0388p,9,01
10736502,3228410892,0388p,9,01
10676318,3228410892,0388p,4,01
10742128,3228410892,0388p,8,FI
10749811,3228410892,0388p,7,FI
10676318,3228410892,0388p,6,FI
10742128,3228410892,0173,8,01
10736502,3228410892,0173,9,01
13455012,3228410892,0179,6,FI
13455012,3228410892,0384,4,FI
10320497,3228410892,0384,8,FI
10761594,3228410892,0384,6,FI
13455012,3228410892,0172,0,FI
10749811,3228410892,0383,8,01
13454999,3228410892,0383,4,01
10320497,3228410892,0383,9,01
11330085,3228410892,0383,7,01
10749811,3228410892,0384,7,02
10676318,3228410892,0384,7,02
13454999,3228410892,0179,0,01
13454999,3228410892,0179,0,02
10736502,3228410892,0179,9,02
10678997,3228410892,0171,0,EX
10678997,3228410892,0383,7,FI
11330085,3228410892,0383,7,FI
10320497,3228410892,0172,8,FI
10736502,3228410892,0172,8,FI
10808311,3228410892,0179,7,FI
10761594,3228410892,0171,8,FI
10736502,3228410892,0171,7,FI
10676318,3228410892,0172,4,FI
10676318,3228410892,0173,4,02
13472424,3228410892,0179,5,02
13472424,3228410892,0172,6,02
13472424,3228410892,0172,6,FI
13475599,3228410892,1709,8,02
13475599,3228410892,0171,8,01
13475599,3228410892,0173,9,01
13475599,3228410892,0173,9,FI
13475662,3228410892,0388p,9,02
13475662,3228410892,0179,9,02
13475662,3228410892,0171,8,01
13475662,3228410892,0383,10,02
13475662,3228410892,0383,10,FI
10514139,3228410892,0383,9,02
10514139,3228410892,0173,7,FI
12912453,3228410892,0179,6,02
12912453,3228410892,0172,4,01
10931235,3228381273,1232,8,02
11003632,3228381273,1226,0,02
12744964,3228381273,1232,6,02
10904203,3228381273,1226,9,02
10904203,3228381273,1232,9,02
13099124,3228381273,1232,9,02
13099124,3228381273,1233,9,02
12465550,3228381273,1709,6,FI
11567443,3228410748,0179,0,FI
10676318,3228410892,0172,0,EX
13475599,3228410892,1709,8,FI
13475662,3228410892,1709,8,02
10514139,3228410892,1709,9,02
11003632,3228381273,1709,0,FI
10648909,3228381273,1709,7,FI
10904203,3228381273,1709,8,FI
10899896,3228381273,1709,7,FI
10931235,3228381273,1226,3,01
13291541,3228381273,1226,9,01
12744964,3228381273,1226,0,01
11024352,3228381273,1226,5,01
11004108,3228381273,1226,9,01
10889537,3228381273,0156,8,01
10793641,3228381273,1233,4,02
10931235,3228381273,1233,7,02
10889537,3228381273,1233,8,02
10787502,3228381273,1233,8,02
10793641,3228381273,1233,0,FI
10931235,3228381273,1229,5,FI
11003632,3228381273,1229,0,FI
12607119,3228381273,1229,5,FI
10931235,3228381273,1232,4,EX
11003632,3228381273,1232,0,FI
13291541,3228381273,1232,8,FI
12607119,3228381273,1229,0,01
10889537,3228381273,1229,5,01
11004108,3228381273,1229,9,01
13291541,3228381273,1229,7,FI
12744964,3228381273,1709,6,02
10924853,3228381273,1709,8,02
12465550,3228381273,1709,6,02
10924853,3228381273,1231,7,FI
10912710,3228381273,1231,4,FI
10899896,3228381273,1231,6,FI
11798264,3228381273,1232,4,01
10648909,3228381273,1709,8,01
10889537,3228381273,1709,8,01
10904203,3228381273,1709,8,01
10648909,3228381273,1229,4,02
10904203,3228381273,1229,7,02
10912710,3228381273,0156,0,EX
10787502,3228381273,0156,5,FI
10787502,3228381273,1233,9,01
10899896,3228381273,1233,7,01
10904203,3228381273,0156,8,02
10899896,3228381273,1226,9,FI
13099124,3228381273,1231,7,FI
12465550,3228381273,1231,5,02
10916721,3228381273,1231,2,02
10912726,3228381273,1232,6,01
10912726,3228381273,1233,6,FI
10805007,3228381273,0156,7,02
10805007,3228381273,1226,2,01
10805007,3228381273,1226,5,FI
10805007,3228381273,1233,8,02
11184512,3228381273,1229,5,02
11184512,3228381273,1232,6,FI
11184512,3228381273,1233,6,FI
10654915,3228381273,1709,0,02
10654915,3228381273,1709,0,FI
10654915,3228381273,1226,0,02
10708167,3228390016,0221,5,02
10897212,3228390016,0221,3,02
10812899,3228390016,0221,4,02
13452408,3228390016,0221,9,02
11622314,3228390016,0221,4,01
10654915,3228381273,1226,0,EX
10654915,3228381273,1229,0,EX
10708167,3228390016,1709,6,02
10708167,3228390016,0222,7,FI
11002913,3228390016,0222,10,FI
10708167,3228390016,0156,7,FI
10903261,3228390016,0156,8,FI
11002913,3228390016,1709,8,01
10903261,3228390016,1709,7,01
10893131,3228390016,1709,9,01
11002913,3228390016,0225,9,02
12563453,3228390016,0225,2,02
11146537,3228390016,0225,9,02
10996376,3228390016,0225,2,02
11622314,3228390016,0225,5,02
12563453,3228390016,0225,4,01
11002807,3228390016,0225,6,01
10893131,3228390016,0225,6,01
10996376,3228390016,0225,2,01
10917865,3228390016,0225,4,01
12563453,3228390016,0222,4,01
10812899,3228390016,0222,4,01
13452408,3228390016,0222,7,01
10846382,3228390016,0221,7,01
11011197,3228390016,0221,9,01
10846382,3228390016,0221,7,FI
11002807,3228390016,0223,8,01
10812899,3228390016,0223,3,01
10996376,3228390016,0223,1,01
11146537,3228390016,0223,8,02
10897212,3228390016,0223,2,02
10917865,3228390016,0223,6,02
11146537,3228390016,0156,9,01
12270997,3228390016,0221,0,01
11622314,3228390016,0221,7,FI
11622314,3228390016,0156,4,FI
11088265,3228390016,1709,7,02
10762391,3228390016,0156,1,01
11248234,3228390016,0225,3,01
10776723,3228390016,1709,5,02
10776723,3228390016,0223,4,01
10776723,3228390016,0222,6,FI
10776723,3228390016,0156,7,02
12736641,3228390016,0156,4,02
10353865,3228390016,0223,6,02
13458659,3228390016,0225,0,01
13458659,3228390016,0156,0,02
11088265,3228390016,0225,8,02
13316624,3228390016,0225,7,02
11088265,3228390016,1709,7,FI
13458016,3228390016,1709,0,FI
12651696,3228390016,1709,0,FI
13238582,3228390016,1709,0,FI
13316624,3228390016,1709,7,FI
11088265,3228390016,0222,8,FI
10959217,3228390016,0222,8,FI
11248234,3228390016,0222,2,01
11248234,3228390016,0156,0,01
10353865,3228390016,0156,10,01
13316624,3228390016,0156,4,01
10070165,3228390016,0156,9,01
13458016,3228390016,1709,0,01
13458659,3228390016,1709,0,01
12510101,3228390016,1709,0,01
13458016,3228390016,0221,0,EX
13458016,3228390016,0222,0,01
13238582,3228390016,0222,0,01
13114371,3228390016,0223,9,01
13459021,3228390016,1709,0,EX
13459021,3228390016,0221,0,02
12647763,3228390016,0223,0,FI
13238582,3228390016,0225,0,EX
11312205,3228390016,0225,0,EX
13238582,3228390016,0222,0,EX
10517185,3228390016,0222,0,EX
13458659,3228390016,0222,0,EX
11479705,3228390016,0156,5,FI
13316624,3228390016,0221,6,FI
12875318,3228390016,1709,7,01
12875318,3228390016,0222,5,01
11034534,3228390016,0156,0,02
10473027,3228390016,0156,0,EX
10675115,3228390016,0156,4,02
10459081,3228390016,0156,0,EX
12736802,3228390016,1709,0,01
12736802,3228390016,0225,0,01
12736802,3228390016,0221,0,FI
12736802,3228390016,0156,0,EX
10803714,3228390016,0225,8,02
10803714,3228390016,0225,9,01
10803714,3228390016,0223,8,FI
12576881,3228390016,1709,0,01
12576881,3228390016,0225,0,EX
12576881,3228390016,0223,0,01
12576881,3228390016,0223,0,FI
12576881,3228390016,0223,0,EX
12510101,3228390016,0225,0,FI
13006056,3228390016,0225,6,FI
10459081,3228390016,0225,0,FI
12736802,3228390016,0225,0,FI
13114371,3228390016,0225,8,FI
13316624,3228390016,0225,5,FI
13006056,3228390016,1709,4,01
13366127,3228390016,0222,9,02
10459081,3228390016,0222,0,02
10473027,3228390016,0223,0,EX
12736802,3228390016,0223,0,EX
11323147,3228390016,0225,0,01
11323147,3228390016,0225,0,FI
11323147,3228390016,0223,0,01
11323147,3228390016,0221,0,02
11323147,3228390016,0222,0,FI
11847570,3228390016,0156,0,01
11847570,3228390016,0156,0,02
10762386,3162077488,CV0002,4,01
13112701,3162077488,1230,9,01
11667242,3162077488,1230,8,01
10766806,3162077488,1234,9,01
10791133,3162077488,1234,6,01
10761942,3162077488,1234,7,01
10789649,3162077488,1235,7,01
11744036,3162077488,1235,8,01
11667242,3162077488,1228,9,01
10805487,3162077488,1228,8,01
10805487,3162077488,1234,6,01
10852104,3162077488,1228,5,01
10887844,3162077488,1228,7,01
10802935,3162077488,1228,6,01
10802935,3162077488,1230,6,01
11336367,3162077488,1228,10,01
12932662,3162077488,1230,10,01
10761942,3162077488,1234,8,FI
12932662,3162077488,1234,8,FI
13112701,3162077488,1228,8,FI
10791133,3162077488,1228,8,FI
10851064,3162077488,1228,5,FI
10766806,3162077488,1235,7,FI
12907793,3162077488,1235,8,FI
10851064,3162077488,1235,3,FI
10791133,3162077488,CV0002,8,FI
10887844,3162077488,CV0002,8,FI
12932662,3162077488,CV0002,7,FI
10897205,3162077488,1237,0,FO
11336367,3162077488,1237,0,FO
10805487,3162077488,1227,4,01
10858044,3162077488,1237,0,FO
10851064,3162077488,1237,0,FO
10770893,3162077488,1230,0,FI
10707734,3162077488,1237,0,F2
10427109,3162077600,1007,0,01
10427109,3162077600,1007,0,EX
10427109,3162077600,1009,0,EX
10427109,3162077600,1109,0,EX
10826692,3162077600,CV0004,9,FI
10584902,3162077600,CV0004,4,FI
10852071,3162077600,CV0004,8,FI
10584902,3162077600,1109,8,FI
10707845,3162077600,1109,8,FI
10718081,3162077600,1007,6,FI
10584902,3162077600,1109,7,01
10852071,3162077600,1011,8,FI
10795882,3162077600,1011,9,FI
10707845,3162077600,1007,10,01
10768351,3162077600,1007,9,01
10375121,3162077600,1009,6,01
10375121,3162077600,1013,0,FO
10795882,3162077600,1013,0,FO
10689153,3162077600,1011,7,01
10768351,3162077600,1007,10,FI
10270640,3162077600,1009,0,01
12719809,3162077600,1110,10,01
10737190,3162077600,1009,8,01
10426520,3162077600,1109,8,01
10432949,3162077600,CV0004,9,FI
10432949,3162077600,1009,7,01
10432949,3162077600,1013,0,FO
10820754,3162077600,1007,8,FI
10466022,3162077600,1013,0,FO
10279046,3162077600,1110,8,01
10664778,3162077600,CV0004,4,FI
10664778,3162077600,1007,9,01
10664778,3162077600,1007,9,FI
10664778,3162077600,1109,8,FI
13282254,3162077600,1011,5,01
10698475,3162077600,1009,6,01
10532574,3162077600,1009,0,EX
10768351,3162077600,1008,8,FI
10707845,3162077600,1008,8,FI
10375121,3162077600,1008,6,FI
12719809,3162077600,1008,9,FI
10723795,3162077600,1008,9,FI
10768351,3162077600,1009,7,FI
10768351,3162077600,1110,8,FI
12719809,3162077600,1110,10,FI
12719809,3162077600,1008,9,01
10664778,3162077600,1008,7,01
10426520,3162077600,1012,7,PO
10466022,3162077600,1012,0,PO
10664778,3162077600,1012,9,PO
10279046,3162077600,1009,5,EX
13282254,3162077600,1009,5,EX
13282254,3162077600,CV0004,4,01
10532574,3162077600,1110,0,01
13243061,3162077600,1011,9,FI
10690015,3162077600,1008,6,01
10690015,3162077600,1011,8,01
10690015,3162077600,1109,7,01
12424432,3162077600,1007,9,01
12300236,3162077600,1011,7,FI
10434495,3162077600,1009,0,EX
10434495,3162077600,1011,0,FI
10270640,3162077600,1012,0,PE
13282254,3162077600,1013,0,PE
10636290,3162077600,1008,4,FI
12743886,3162077600,1008,5,FI
13040510,3162077600,CV0004,9,01
10816484,3162077600,CV0004,4,01
13040510,3162077600,1012,6,PE
11318428,3162077600,1008,8,01
12735439,3162077600,1008,8,01
13243061,3162077600,1110,7,FI
11502177,3162077600,1110,8,FI
10816484,3162077600,1110,7,FI
13460322,3162077600,1110,0,FI
13249466,3162077600,1007,10,FI
11502177,3162077600,1007,9,FI
13249466,3162077600,1013,0,FO
11502177,3162077600,1109,7,FI
12735439,3162077600,1109,8,01
10816484,3162077600,1109,6,01
12300236,3162077600,1110,7,01
10434495,3162077600,1110,0,01
10434495,3162077600,1009,0,01
10318774,3162077600,1009,7,01
10434495,3162077600,1011,0,EX
10278035,3162077600,CV0004,8,01
10278035,3162077600,1011,8,FI
10278035,3162077600,1013,0,FO
13242370,3162077600,1009,9,FI
10354121,3162077600,1009,3,EX
10354121,3162077600,1011,5,EX
10354121,3162077600,1110,0,01
10691616,3162077600,1110,6,01
10404684,3162077600,CV0004,4,01
10318925,3162077600,1109,6,FI
10318925,3162077600,1012,4,PO
10803572,3162077600,1012,8,PO
12424432,3162077600,1012,8,PO
12735439,3162077600,1012,9,PO
10431067,3162077600,1009,8,01
10431067,3162077600,1011,6,FI
10431067,3162077600,1109,5,01
10431067,3162077600,1109,6,FI
11074029,3162077551,0825,7,FI
10752122,3162077551,0825,8,FI
13288467,3162077551,0825,8,FI
11074029,3162077551,0824,7,01
10804683,3162077551,0824,8,01
11074029,3162077551,0830,0,FO
10397145,3162077551,0830,0,FO
13288467,3162077551,0830,0,FO
10397145,3162077551,0822,8,01
10397145,3162077551,0822,9,FI
10752122,3162077551,0822,7,FI
10713535,3162077551,0822,7,FI
10397145,3162077551,0828,7,PO
10808796,3162077551,0828,9,PO
10713535,3162077551,0828,6,PO
10752122,3162077551,CV0010,7,FI
10808796,3162077551,0825,8,01
13288467,3162077551,0825,8,01
10700138,3162077551,0825,9,01
13288467,3162077551,0827,8,FI
10243788,3162077551,0830,0,FO
10713535,3162077551,0823,7,01
10713535,3162077551,0826,5,01
10700138,3162077551,CV0004,8,01
10323951,3162077551,0828,9,PO
10770133,3162077551,CV0010,3,FI
10706042,3162077551,0824,6,01
13288446,3162077551,0828,9,PO
10748318,3162077551,0822,6,FI
10748318,3162077551,0824,6,01
13293379,3162077551,0824,7,01
10809450,3162077551,0825,10,FI
10809450,3162077551,0828,5,PO
10699142,3162078584,243267,8,01
13446594,3162078584,243267,9,01
10698470,3162078584,243267,9,01
10323951,3162077551,0824,7,FI
11074029,3162077551,0824,6,FI
10729579,3162077551,0824,8,FI
11074029,3162077551,0826,6,FI
10729579,3162077551,0823,9,FI
10770133,3162077551,0822,6,FI
10770133,3162077551,0826,6,EX
10819055,3162077551,CV0004,10,FI
10819055,3162077551,0827,8,01
10347923,3162078584,243266,9,01
10699142,3162078584,243267,8,FI
10699142,3162078584,243266,8,FI
13446594,3162078584,243266,8,FI
13448029,3162078584,243266,10,FI
11066151,3162078584,243267,7,02
10791102,3162078584,243265,8,02
10783224,3162078584,243265,9,02
13447274,3162078584,243265,9,02
13447284,3162078584,243265,9,02
10699108,3162078584,243265,9,02
10791102,3162078584,243267,9,FI
10675598,3162078584,243265,9,01
13035877,3162078584,243265,9,01
10287428,3162078584,243265,9,01
13447284,3162078584,243264,8,02
13035877,3162078584,243265,9,FI
10287428,3162078584,243264,8,02
13475004,3162078584,243264,9,02
11316049,3162078584,243267,10,FI
13250043,3162078584,243265,0,02
13250043,3162078584,243267,8,01
11316053,3162078584,243265,10,02
11316053,3162078584,243267,10,FI
10869145,3162078584,243264,6,01
10287428,3162078584,243266,9,02
13446594,3162078584,243266,6,02
11285049,3162078584,243266,10,02
13475004,3162078584,243266,0,02
10287428,3162078584,243264,7,01
11316053,3162078584,243264,9,01
10287428,3162078584,243264,8,FI
11316049,3162078584,243264,8,FI
13250043,3162078584,243265,0,EX
10814418,3162078584,243266,8,02
10862205,3162078584,243267,9,FI
10705571,3162078584,243264,8,01
10745557,3162078584,243267,8,FI
10697594,3162078591,243602,8,01
10697823,3162078591,243602,7,FI
11564293,3162078584,243265,9,FI
10515204,3162078591,243602,6,FI
10714036,3162078591,243602,10,FI
10610021,3162078591,243602,10,FI
11251858,3162078591,243270,9,01
10689283,3162078591,243270,9,01
10689702,3162078591,243271,6,01
10499298,3162078591,243271,7,01
10723900,3162078591,243271,9,01
10510771,3162078591,243271,9,01
10714036,3162078591,243601,0,FO
10723900,3162078591,243601,0,FO
10610021,3162078591,243601,0,FO
10689283,3162078591,243601,0,FO
10723900,3162078591,243270,9,FI
10610021,3162078591,243271,9,FI
10697823,3162078591,243271,7,01
10706060,3162078591,243271,10,01
11568873,3162076035,0178,6,FI
10510771,3162078591,243604,7,FI
10352409,3162078591,243604,9,FI
10507995,3162076035,0183,8,FI
12637322,3162076035,0181,5,PO
11568873,3162076035,0176,7,01
10581335,3162076035,0176,10,01
11568873,3162076035,0178,8,01
13249462,3162076035,0178,9,01
12730900,3162076035,0178,0,01
10805336,3162076035,0176,5,FI
10468091,3162076035,0176,7,FI
10487908,3162076035,CV0004,8,01
10838901,3162076035,CV0004,6,01
13245158,3162076035,0181,0,PO
13245158,3162076035,0183,6,FI
10814531,3162076035,0180,10,01
10468091,3162076035,0180,9,01
13097118,3162076035,0180,8,01
10814531,3162076035,0175,10,01
10838901,3162076035,0175,4,01
10581335,3162076035,CV0004,9,01
10264508,3162076035,CV0004,0,01
10581335,3162076035,0180,9,01
10713910,3162076035,CV0004,9,FI
10849475,3162076035,0184,0,FO
10468091,3162076035,0178,8,01
10420918,3162076035,0181,0,FO
12679099,3162076035,CV0004,0,FI
13154960,3162076035,CV0004,0,FI
13097118,3162076035,0183,7,01
10392821,3162076035,0181,7,PO
11921786,3162076035,0175,8,01
10264508,3162076035,0175,7,01
12730900,3162076035,0181,0,PE
12730900,3162076035,0181,0,FO
12730900,3162076035,0183,0,01
10264508,3162076035,0176,2,FI
10411178,3162076098,0399,9,FI
10282475,3162076098,0399,8,FI
10411178,3162076098,0397,9,01
10282475,3162076098,0399,9,01
10675919,3162076098,0399,4,01
10305439,3162076098,0399,9,01
10513851,3162076098,0402,5,01
10837553,3162076098,0398,9,FI
10305439,3162076098,0180,3,FI
10699672,3162076098,0400,5,PE
10803272,3162076098,0397,9,01
12468964,3162076098,0398,6,FI
10778000,3162076098,0397,9,01
12398431,3162076098,0398,9,FI
12398431,3162076098,0399,9,01
10709639,3162076098,0402,8,01
10677163,3162076098,0400,4,PO
10282475,3162076098,0400,0,PO
10675919,3162076098,0400,6,PO
12468964,3162076098,0400,8,PO
11329159,3162076035,0181,0,P1
10707825,3162076098,0180,4,01
10837523,3162076098,0398,6,EX
10803272,3162076098,0397,9,FI
10277303,3162076119,0386,8,FI
12468964,3162076098,0398,4,01
10778000,3162076098,0398,8,01
13456089,3162076098,0398,4,01
12468964,3162076098,0403,0,FO
10700883,3162076098,0403,0,FO
13127380,3162076098,CV0004,3,01
13456089,3162076098,CV0004,0,01
10691269,3162076098,0403,0,F2
10780309,3162076119,0391,0,F2
10664986,3162076119,0385,7,01
10742990,3162076119,0387,9,01
10742990,3162076119,0386,9,01
10664986,3162076119,0385,0,EX
11632133,3162076119,0388,8,PO
11632133,3162076119,0391,0,FO
11632133,3162076119,0386,8,FI
10690446,3162076119,0386,8,01
10696634,3162076119,0180,9,FI
10696634,3162076119,0385,8,01
10486936,3162076119,0387,8,01
10486936,3162076119,0390,8,FI
10610383,3162076119,0387,8,FI
10513718,3162076119,0388,0,PE
10516555,3162076119,0388,0,PE
12734916,3162076119,0385,0,01
10887591,3162079713,0443,7,FI
10737176,3162079713,0443,7,FI
10916753,3162079713,0443,5,FI
10840996,3162079713,0443,6,FI
10887591,3162079713,0448,8,01
10737176,3162079713,0446,9,FI
10916753,3162079713,0451,0,FO
10888026,3162079713,0451,0,FO
10840996,3162079713,0442,7,01
11802825,3162079713,0442,6,01
10840996,3162079713,0448,7,FI
11802825,3162079713,0448,7,FI
10707891,3162079713,0443,2,FI
10688886,3162079713,0442,6,01
10924358,3162079713,0446,7,FI
10924358,3162079713,0442,6,01
12788547,3162079713,0451,0,FO
10787713,3162079713,0446,7,FI
10793462,3162079713,CV0002,7,FI
10707891,3162079713,CV0002,6,FI
10926432,3162079713,CV0002,8,FI
12890835,3162079713,CV0002,5,FI
10688886,3162079713,CV0002,6,FI
10798521,3162079713,CV0002,7,FI
12788547,3162079713,CV0002,6,FI
11594116,3162079713,0442,6,FI
10657315,3162079713,0442,10,FI
10688886,3162079713,0442,7,FI
10787713,3162079713,0442,7,FI
10798521,3162079713,0446,8,01
10657315,3162079713,0443,10,FI
12320496,3162079713,0443,0,FI
12320496,3162079713,0442,3,01
10793462,3162079713,0451,0,FO
10442321,3162079713,0443,0,01
13249406,3162079713,0442,3,01
11240615,3162079713,0443,0,01
13041457,3162079713,0442,0,FI
12116573,3162079713,0443,8,FI
11349452,3162079713,0443,8,01
11349452,3162079713,0442,8,FI
13263684,3162079713,0443,8,FI
12832437,3162079713,0443,6,FI
12832437,3162079713,0442,5,FI
12853739,3162079713,0446,6,01
13116617,3162079713,0448,5,01
10308441,3162079713,0446,0,FI
11780432,3162079713,0446,8,FI
10940185,3162079713,0446,8,FI
10416752,3162079713,CV0002,0,01
12736231,3162079713,CV0002,4,01
10728710,3162079713,CV0002,6,01
10416752,3162079713,0448,6,EX
12839405,3162079713,0448,0,EX
10410324,3162079713,0448,0,EX
11738860,3162079713,0442,0,EX
10325396,3162079713,0446,8,01
13249406,3162079713,0446,4,01
10323662,3162079713,0446,0,01
13249406,3162079713,0448,0,01
10940185,3162079713,CV0002,6,FI
12736231,3162079713,CV0002,6,FI
11402624,3162079713,CV0002,8,FI
10940185,3162079713,0448,6,01
10991644,3162079713,0448,7,01
12736231,3162079713,0448,8,FI
12853739,3162079713,0448,5,01
11479322,3162079713,0443,0,01
10735143,3162079790,0652,0,01
10283468,3162079790,0652,5,01
10689191,3162079790,0653,8,01
10835661,3162079790,0652,6,FI
10437711,3162079790,0652,9,FI
10792061,3162079790,0652,7,FI
10437711,3162079790,0654,8,01
10735143,3162079790,0656,0,FI
13038791,3162079790,0656,9,FI
11230530,3162079790,0657,0,PO
10283468,3162079790,0654,0,01
11319435,3162079790,0654,6,EX
13282224,3162079790,CV0004,8,01
10835661,3162079790,CV0004,8,01
11837806,3162079790,CV0004,9,01
11262097,3162079790,CV0004,10,01
10500611,3162079790,CV0004,7,01
10679690,3162079790,CV0004,7,01
10652411,3162079790,CV0004,8,01
13282224,3162079790,0653,7,01
13282224,3162079790,0656,8,FI
11837806,3162079790,0656,8,FI
10699015,3162079790,0656,8,FI
10707732,3162079790,0656,8,FI
10819298,3162079790,0656,8,FI
10835661,3162079790,0655,8,01
12840433,3162079790,0655,8,01
10657739,3162079790,0655,9,01
10835661,3162079790,0653,4,01
10509826,3162079790,0653,5,01
10652411,3162079790,0653,4,01
12840433,3162079790,CV0004,7,FI
10652411,3162079790,CV0004,8,FI
11837806,3162079790,0656,6,01
10862522,3162079790,0656,5,01
13245586,3162079790,0656,5,01
10679661,3162079790,0657,5,PE
10437711,3162079790,0655,7,FI
11335638,3162079790,0655,8,FI
10509826,3162079790,0654,6,FI
10792061,3162079790,0654,7,FI
11262097,3162079790,0652,7,01
10819298,3162079790,0652,6,01
12839144,3162079790,0657,0,PO
10699015,3162079790,0657,0,PO
12839144,3162079790,0656,2,EX
13038791,3162079790,CV0004,6,FI
10652411,3162079790,0656,5,FI
10515573,3162079790,0656,9,01
11825237,3162079790,0655,5,01
11335638,3162079790,0655,8,01
10689191,3162079790,0655,10,01
10699015,3162079790,0654,3,EX
11144559,3162079790,0655,10,FI
12739273,3162079790,0657,8,PO
12739273,3162079790,0654,4,01
13320897,3162079790,CV0004,0,FI
13320897,3162079790,0654,0,01
11158088,3162079790,0652,0,FI
12731205,3162079790,CV0004,6,FI
12731205,3162079790,0657,0,PO
12568905,3162079790,CV0004,0,FI
10816926,3162079790,0654,4,01
10300393,3162079790,0656,8,FI
13248595,3162079790,0656,9,FI
13248595,3162079790,0654,7,01
11741280,3162079790,CV0004,5,FI
11741280,3162079790,0656,8,FI
13527455,3162079790,0654,6,01
10474558,3162079790,0657,8,PO
13298754,3162079790,0656,0,FI
13298754,3162079790,0654,0,EX
10283680,3162079790,0656,0,01
13248312,3162079790,0656,9,01
12685301,3162079790,0656,0,01
11246656,3162079790,0652,7,01
11246656,3162079790,0652,6,FI
11246656,3162079790,0654,0,01
13038681,3162079790,0654,5,01
10416763,3162079790,0654,4,01
13457149,3162079790,0656,9,01
10427669,3162079790,0657,0,P1
12839144,3162079790,0653,3,FI
10967233,3162079790,0657,0,P1
10443245,3162079790,0657,6,P1
11262097,3162079790,0660,0,FO
10689191,3162079790,0656,6,01
11158088,3162079790,0652,0,EX
11158088,3162079790,0653,0,01
13038809,3162079790,0653,5,01
12491074,3162079790,CV0004,4,01
13248312,3162079790,CV0004,4,01
13038681,3162079790,CV0004,5,01
12731205,3162079790,0655,0,EX
13248312,3162079790,0655,1,EX
12568905,3162079790,0655,0,01
10283680,3162079790,0655,0,01
10300393,3162079790,0657,7,PO
10300393,3162079790,0660,0,FO
13248595,3162079790,0653,7,FI
11875204,3162079790,0653,6,FI
10474558,3162079790,0653,8,FI
13457149,3162079790,0655,6,FI
13527455,3162079790,0654,7,FI
13038809,3162079790,0654,6,FI
11875204,3162079790,0654,7,FI
13298754,3162079790,0654,0,FI
12731503,3162079790,0654,0,FI
10427669,3162079790,0653,6,01
10451024,3162079790,CV0004,8,FI
10451024,3162079790,0653,6,FI
10451024,3162079790,0654,0,EX
11170823,3162079790,0655,0,FI
13038756,3162079790,0656,0,01
13248215,3162079790,0656,8,FI
11486847,3162079790,0652,6,01
10327143,3162079790,0652,0,01
10327143,3162079790,0653,0,01
11312274,3162079790,0655,5,FI
10083896,3162079790,CV0004,0,01
10083896,3162079790,0655,0,01
10083896,3162079790,0654,0,01
10083896,3162079790,0654,0,EX
13242362,3162079790,CV0004,5,01
13242362,3162079790,0656,9,01
10405270,3162079874,5073,0,01
13320897,3162079790,CV0004,0,EX
10283680,3162079790,0656,0,EX
10412777,3162079790,0660,0,F2
10349643,3162079790,0653,0,EX
10323618,3162079790,0653,5,EX
10415513,3162079860,5022,10,FI
10380889,3162079860,5022,6,FI
10808794,3162079860,5022,7,FI
10586308,3162079860,5022,8,FI
11430890,3162079860,5026,7,FI
10652552,3162079860,5026,9,FI
12724396,3162079860,5021,9,01
10678728,3162079860,5021,7,01
10517224,3162079860,5022,9,01
11482158,3162079860,5022,5,01
10808794,3162079860,5022,6,01
10517224,3162079860,5023,9,01
10652552,3162079860,5023,9,01
10810094,3162079860,5023,0,01
10740579,3162079860,5024,8,FI
11482158,3162079860,5024,6,FI
10846791,3162079860,5026,7,01
10810094,3162079860,5026,0,01
10678728,3162079860,5026,9,01
11430890,3162079860,5025,1,01
10810094,3162079860,5021,0,EX
11482158,3162079860,5021,7,FI
12874164,3162079860,5021,10,FI
10678728,3162079860,5021,8,FI
12874164,3162079860,5025,10,FI
10799062,3162079874,5071,8,FI
10841155,3162079874,5071,0,FI
10736698,3162079874,5074,10,FI
10481669,3162079874,5074,9,FI
10516191,3162079874,5074,10,FI
10841155,3162079874,5071,0,EX
10841155,3162079874,5074,0,01
11502777,3162079874,5074,10,01
10837507,3162079874,5074,0,01
10832732,3162079874,5072,8,FI
10294470,3162079874,5072,0,FI
10832732,3162079874,5073,7,FI
11502777,3162079874,5073,9,FI
10516191,3162079874,5073,10,FI
10294470,3162079874,5075,0,01
10481669,3162079874,5075,7,FI
10405270,3162079874,5074,0,01
10676854,3162079874,5071,8,FI
10676854,3162079874,5073,9,FI
12923163,3162079874,5075,7,01
10963354,3162080071,0377,7,01
12923163,3162079874,5072,8,01
12068421,3162079874,5072,9,01
12068421,3162079874,5071,9,01
11635385,3162080071,0378,8,FI
10676228,3162080071,0378,6,FI
11635385,3162080071,0375,9,FI
11635385,3162080071,0377,5,01
10707778,3162080071,0377,3,01
10611327,3162080071,0377,8,01
10332972,3162080071,0377,6,01
13257199,3162080071,0377,9,01
11635385,3162080071,0376,9,FI
10679688,3162080071,0376,9,FI
10707654,3162080071,0376,7,FI
11635385,3162080071,0374,8,FI
11242377,3162080071,0374,9,FI
10707654,3162080071,0374,7,FI
10707778,3162080071,0378,0,EX
10855729,3162080071,0375,10,FI
10832097,3162080071,0375,6,FI
11242377,3162080071,0381,8,01
12722174,3162080071,0381,5,01
10855729,3162080071,0379,10,PO
10832107,3162080071,0379,10,PO
10837560,3162080071,0379,10,PO
12722174,3162080071,0379,10,PO
11242377,3162080071,0374,9,01
10837560,3162080071,0374,9,01
10707654,3162080071,0375,3,01
10676228,3162080071,0378,5,01
10676228,3162080071,0376,7,01
10837560,3162080071,0376,9,01
10332972,3162080071,0376,9,01
10837560,3162080071,CV0004,8,FI
10963354,3162080071,CV0004,7,FI
10832097,3162080071,0382,0,FO
10963354,3162080071,0376,9,01
10748092,3162080071,CV0004,7,FI
10748092,3162080071,0375,6,FI
10691654,3162080071,0377,5,01
10687382,3162080071,0378,3,FI
10687382,3162080071,0376,5,01
10500950,3162080071,0375,0,FI
10691654,3162080071,CV0004,9,01
10500950,3162080071,0374,0,EX
10711859,3162080071,0377,0,FI
13248857,3162079993,0489,0,01
10679671,3162079993,0489,5,01
13248857,3162079993,0488,0,01
13248857,3162079993,0486,0,FI
13248857,3162079993,0486,6,EX
10679671,3162079993,0486,0,EX
10679671,3162079993,0488,0,EX
12636620,3162079993,0491,0,EX
10525745,3162079993,0491,0,EX
10437714,3162079993,0491,0,EX
10437714,3162079993,0488,0,EX
13459614,3162079993,0491,0,EX
12636620,3162079993,0490,0,EX
10364384,3162079993,0495,0,FO
10364384,3162079993,0492,10,PO
10437714,3162079993,CV0004,0,EX
11572662,3162079993,0495,0,FO
13459614,3162079993,0494,0,EX
13459614,3162079993,0486,0,01
12040403,3162079993,0489,7,FI
10905913,3162079993,CV0004,0,EX
11059130,3162079993,0488,0,01
12735228,3162079993,0489,8,FI
11904882,3162079993,0486,5,EX
10254372,3162079993,0486,0,01
10984790,3162079993,0488,0,01
10817332,3162079957,0616,9,PO
11254010,3162079993,0490,8,FI
10293307,3162079993,0490,5,FI
12636620,3162079993,0490,0,FI
10365185,3162079993,0494,8,01
10277644,3162079993,0494,0,01
11891674,3162079993,0494,0,01
12040403,3162079993,0486,8,01
13245900,3162079993,0486,9,01
10307929,3162079993,0486,7,01
10332148,3162079993,CV0004,6,FI
10332148,3162079993,0491,0,FI
10332148,3162079993,0488,6,FI
13038149,3162079993,0488,8,FI
10640914,3162079993,0490,7,01
10965828,3162079993,0490,0,01
10984790,3162079993,0490,0,01
10279324,3162079993,0490,7,01
10905913,3162079993,CV0004,0,01
10512597,3162079993,CV0004,3,01
11059130,3162079993,0488,3,EX
10512597,3162079993,CV0004,6,FI
10277644,3162079993,0494,0,FI
11891674,3162079993,0494,0,FI
12636390,3162079993,0492,9,PO
10984790,3162079993,0489,6,FI
10635824,3162079993,0491,4,01
10279375,3162079957,0614,4,01
10663063,3162079957,0614,7,01
10711791,3162079957,0613,2,FI
10254986,3162079957,0613,10,FI
12736124,3162079957,0613,8,FI
10666129,3162079957,0613,1,01
10489583,3162079957,0613,10,01
11736342,3162079957,0613,10,01
10945672,3162079957,CV0004,7,FI
10837069,3162079957,CV0004,7,FI
10736098,3162079957,CV0004,7,FI
10679677,3162079957,CV0004,9,FI
10945672,3162079957,0619,0,FO
10837069,3162079957,0615,6,01
10679677,3162079957,0615,4,01
10489583,3162079957,0615,9,01
13294635,3162079957,0615,9,01
10254986,3162079957,CV0004,10,01
10663063,3162079957,CV0004,8,01
10254986,3162079957,0612,9,01
10730670,3162079957,0616,10,PO
10730670,3162079957,0614,9,FI
10820972,3162079957,0612,10,FI
10392051,3162079957,0612,8,FI
13294635,3162079957,0612,10,FI
10663063,3162079957,0619,0,FO
10663063,3162079957,0616,10,PO
10392051,3162079957,0616,9,PO
13294635,3162079957,0616,10,PO
10663109,3162079936,0226,0,FI
10657057,3162079957,0614,0,EX
10027669,3162079936,0226,0,FI
10837080,3162079936,0226,7,FI
10027669,3162079936,0227,0,01
10837080,3162079936,0227,5,01
10819052,3162079936,0227,4,01
10888617,3162079936,0227,5,01
10910799,3162079936,CV0002,9,01
10904569,3162079936,CV0002,10,01
10910799,3162079936,0228,10,FI
10911373,3162079936,0228,10,FI
10906556,3162079936,0230,7,01
10892259,3162079936,0230,8,01
10911129,3162079936,0230,7,01
10906556,3162079936,0227,5,FI
10911129,3162079936,0227,5,FI
13261957,3162079936,0227,6,FI
10789656,3162079936,0227,8,FI
11088604,3162079936,0227,10,FI
10909591,3162079936,0226,10,FI
10017433,3162079936,0227,10,FI
13086978,3162079936,0230,8,FI
10344575,3162079936,0227,4,01
12636621,3162079936,0224,9,FI
10978459,3162079936,0224,0,FI
10767533,3162075411,028100,9,02
10777684,3162075411,028100,9,FI
11088604,3162079936,0231,0,FO
10895404,3162079936,0231,0,FO
10017433,3162079936,CV0002,7,FI
10895404,3162079936,0228,10,01
10895404,3162079936,0224,10,FI
12505624,3162079936,0226,6,FI
10978459,3162079936,0226,0,FI
10283255,3162079936,0230,5,01
10283255,3162079936,0228,6,01
13031141,3162079936,0228,9,01
10679666,3162079936,0227,0,FI
12636621,3162079936,0227,9,FI
13031141,3162079936,0227,4,01
10344575,3162079936,0228,8,FI
10344575,3162079936,0226,7,01
13250561,3162079936,CV0002,0,01
10978459,3162079936,CV0002,0,EX
10978459,3162079936,0227,0,EX
10978459,3162079936,0224,0,01
10906346,3162075411,028502,8,01
13452193,3162075411,028504,10,02
10892583,3162075411,028504,5,02
11004261,3162075411,028504,7,02
12869703,3162075411,028504,7,02
11025178,3162075411,028504,6,02
10927446,3162075411,028504,10,02
10901871,3162075411,028505,4,01
11001548,3162075411,028505,6,01
10793625,3162075411,028100,8,01
10892583,3162075411,028100,4,01
10901871,3162075411,028100,7,01
10793625,3162075411,028100,9,FI
11001548,3162075411,028100,9,FI
10927446,3162075411,028100,9,FI
12921679,3162075411,028100,6,01
13452193,3162075411,028502,8,02
12869703,3162075411,028502,4,02
11318443,3162075411,028502,9,02
13452193,3162075411,028001,9,02
10904286,3162075411,028001,9,02
12869703,3162075411,028001,6,02
10906346,3162075411,028001,9,02
10927446,3162075411,028001,8,02
13452193,3162075411,028001,8,FI
10901871,3162075411,028001,7,FI
10904286,3162075411,028001,8,FI
13452193,3162075411,028503,9,01
10901871,3162075411,028503,7,01
11001548,3162075411,028503,8,01
10777684,3162075411,028503,4,01
10767533,3162075411,028505,9,02
10767533,3162075411,028503,8,01
10471049,3162075411,028504,10,01
11006716,3162075411,028504,5,01
12869703,3162075411,028504,6,01
10777684,3162075411,028504,9,01
10464351,3162075411,028505,8,FI
10464351,3162075411,028001,9,FI
10824027,3162075411,028001,7,FI
10892583,3162075411,028504,5,FI
11176344,3162075411,028504,5,FI
10892583,3162075411,028501,2,01
11176344,3162075411,028501,1,01
10906346,3162075411,028501,7,01
10892583,3162075411,028501,3,02
10931651,3162075411,028502,7,FI
10901871,3162075411,028502,7,FI
10777684,3162075411,028502,6,FI
10783770,3162075411,028501,6,FI
10333832,3162075411,028501,5,FI
11006716,3162075411,028503,6,02
10333832,3162075411,028503,4,02
11318443,3162075411,028503,9,02
10777684,3162075411,028503,4,02
11004261,3162075411,028505,6,FI
10901871,3162075411,028505,4,FI
11004261,3162075411,028001,3,01
11001548,3162075411,028001,9,01
10904286,3162075411,028001,8,01
10777684,3162075411,028001,7,01
10901871,3162075411,028503,6,FI
11025178,3162075411,028503,4,FI
10409975,3162075411,028502,0,FI
10409975,3162075411,028504,0,02
10409975,3162075411,028100,0,02
13451031,3162075411,028502,4,01
13451031,3162075411,028001,6,FI
10428502,3162075411,028503,9,01
10904286,3162075411,028100,9,02
12869703,3162075411,028100,6,02
11318443,3162075411,028100,10,02
10358166,3162075411,028503,10,FI
11318443,3162075411,028505,9,02
10906346,3162075411,028505,8,02
10927446,3162075411,028505,7,02
12941115,3162075411,028504,9,FI
12941115,3162075411,028100,9,FI
13156002,3162075411,028001,0,02
10805472,3162075411,028501,1,01
13287506,3162075411,028503,8,02
10801002,3162075411,028504,8,02
10801002,3162075411,028100,7,01
11260593,3162075411,028502,2,02
11260593,3162075411,028001,0,FI
11260593,3162075411,028501,4,01
11260593,3162075411,028501,0,02
11260593,3162075411,028100,2,01
11260593,3162075411,028100,6,02
10895653,3162075411,028505,8,FI
10895653,3162075411,028001,8,FI
10698491,3162075411,028504,6,02
13124409,3162075411,028100,6,02
11328075,3162075411,028001,6,02
12879841,3162075411,028001,0,02
12879841,3162075411,028100,0,01
10924060,3162075411,028504,5,EX
10924060,3162075411,028505,8,02
10924060,3162075411,028001,4,02
13456219,3162075411,028502,9,01
13456219,3162075411,028501,8,02
13456219,3162075411,028100,8,02
10906500,3162075411,028505,2,01
10906500,3162075411,028001,5,FI
13458419,3162075411,028503,9,01
11032717,3162075411,028505,9,02
11032717,3162075411,028100,9,02
10446775,3162075411,028504,0,02
10912191,3162075411,028504,0,EX
13456990,3162075411,028502,7,01
13458439,3162075411,028503,10,FI
10718947,3162075411,028504,3,02
11076555,3162075411,028504,0,02
11076555,3162075411,028504,0,EX
10511909,3162075411,028504,0,EX
10511909,3162075411,028505,0,FI
11321787,3162075411,028501,10,02
10705766,3162075411,028501,2,01
13364778,3162075411,028001,10,FI
10401257,3162075411,028502,10,FI
10401257,3162075411,028503,10,FI
12151166,3162075411,028001,9,FI
10803834,3162075411,028502,7,02
10803834,3162075411,028503,4,FI
10803834,3162075411,028501,4,FI
10442635,3162075411,028504,0,02
10442635,3162075411,028504,0,EX
10442635,3162075411,028001,0,02
10442635,3162075411,028501,0,02
10442635,3162075411,028100,0,FI
10913310,3162075411,028001,7,01
11173156,3162075411,028504,4,02
10894182,3162075411,028505,7,02
10894182,3162075411,028001,7,01
10894182,3162075411,028501,6,01
12941115,3162075411,028001,7,FI
13156002,3162075411,028502,0,02
10801002,3162075411,028504,6,01
11328075,3162075411,028504,7,01
10906500,3162075411,028504,6,01
10912191,3162075411,028504,1,01
10801002,3162075411,028503,8,FI
10801002,3162075411,028501,5,01
11032717,3162075411,028501,6,01
10912191,3162075411,028501,1,01
13071991,3162075411,028504,8,FI
11048215,3162075411,028504,8,FI
10705766,3162075411,028504,0,FI
13364778,3162075411,028504,8,FI
12151166,3162075411,028504,7,FI
13071991,3162075411,028505,8,01
11048215,3162075411,028505,4,01
13124409,3162075411,028505,4,01
10446775,3162075411,028505,0,01
10401257,3162075411,028505,8,01
13514018,3162075411,028505,7,01
13071991,3162075411,028505,8,FI
13124409,3162075411,028505,7,FI
10401257,3162075411,028505,9,FI
13071991,3162075411,028100,9,FI
13458439,3162075411,028100,10,FI
11048215,3162075411,028505,7,02
13458439,3162075411,028505,8,02
10718947,3162075411,028505,4,02
10705766,3162075411,028505,0,02
10401257,3162075411,028505,9,02
10698491,3162075411,028502,4,01
11328075,3162075411,028502,4,01
10906500,3162075411,028502,4,01
11076555,3162075411,028502,3,01
10924060,3162075411,028503,6,02
13456219,3162075411,028502,9,FI
13456219,3162075411,028001,9,02
10251126,3162075411,028001,0,02
13458419,3162075411,028504,6,02
13095949,3162075411,028504,8,02
13514018,3162075411,028504,6,02
11032717,3162075411,028502,8,02
10894182,3162075411,028502,7,02
11032717,3162075411,028502,8,FI
10912191,3162075411,028502,0,EX
10912191,3162075411,028501,0,EX
13095949,3162075411,028001,7,01
13095949,3162075411,028100,10,01
13456990,3162075411,028504,4,01
12151166,3162075411,028504,7,01
11173156,3162075411,028504,4,01
13458439,3162075411,028501,10,FI
11321787,3162075411,028501,10,FI
11076555,3162075411,028505,0,EX
10511909,3162075411,028001,0,EX
10511909,3162075411,028100,0,EX
10705766,3162075411,028503,0,EX
10401257,3162075411,028100,10,01
10442635,3162075411,028001,0,EX
10913310,3162075411,028504,8,FI
10894182,3162075411,028501,7,02
11013996,3162075411,028504,10,02
13459090,3162075411,028504,9,01
13459090,3162075411,028505,8,02
13459090,3162075411,028501,8,02
10681066,3162075411,028504,8,01
10681066,3162075411,028504,9,02
10384941,3162075411,028504,9,FI
10491541,3162075411,028502,9,FI
10491541,3162075411,028001,7,FI
11144881,3162075411,028001,7,02
11144881,3162075411,028503,8,01
11144881,3162075411,028503,0,FI
12451319,3162075411,028504,9,01
12451319,3162075411,028001,9,02
12510297,3162075411,028504,9,FI
12510297,3162075411,028505,4,01
12510297,3162075411,028001,8,02
10382918,3162075411,028504,0,FI
10382918,3162075411,028505,6,02
10382918,3162075411,028503,9,FI
10382918,3162075411,028100,0,02
12373449,3162075411,028001,8,02
12373449,3162075411,028501,4,02
12373449,3162075411,028100,6,01
11664133,3162075411,028501,9,02
11664133,3162075411,028100,7,01
10017418,3162075411,028001,7,01
10017418,3162075411,028503,4,01
13230238,3162075411,028001,3,01
13230238,3162075411,028503,0,02
11027241,3162075411,028505,7,01
11027241,3162075411,028100,8,01
13035254,3162075411,028505,7,FI
13035254,3162075411,028501,7,02
13124410,3162075411,028502,8,01
13124410,3162075411,028001,8,01
13124410,3162075411,028100,9,FI
12877007,3162075411,028100,7,02
10506539,3162075411,028505,7,02
10407717,3162075411,028503,0,01
12630701,3162075411,028504,7,01
12630701,3162075411,028501,8,01
12630701,3162075411,028100,8,01
10724616,3162075411,028501,6,FI
10388125,3162075411,028504,10,02
10388125,3162075411,028503,8,01
10388125,3162075411,028100,8,01
10388125,3162075411,028100,8,02
10925235,3162075411,028502,4,FI
10925235,3162075411,028505,0,02
10925235,3162075411,028503,3,02
13365806,3162075411,028502,10,01
13365806,3162075411,028502,9,02
11013996,3162075411,028100,8,FI
10388125,3162075411,028100,7,FI
10925235,3162075411,028100,0,FI
13459090,3162075411,028502,9,02
12373449,3162075411,028502,8,02
10241444,3162075411,028502,6,02
10384941,3162075411,028502,10,01
10491541,3162075411,028502,8,01
12878698,3162075411,028502,0,01
10382918,3162075411,028502,0,01
12877007,3162075411,028502,7,01
10491541,3162075411,028001,6,01
10382918,3162075411,028505,6,EX
10382918,3162075411,028503,10,02
10407717,3162075411,028503,0,02
10241444,3162075411,028001,0,EX
10388125,3162075411,028501,7,FI
13365806,3162075411,028502,10,FI
13365806,3162075411,028505,7,FI
13365806,3162075411,028001,9,FI
13365806,3162075411,028503,10,02
11236141,3162075411,028505,7,02
11236141,3162075411,028001,7,FI
13289936,3162075411,028502,9,02
13289936,3162075411,028505,4,02
13289936,3162075411,028100,9,FI
12618601,3162075411,028504,0,02
10952090,3162075411,028502,0,01
10952090,3162075411,028505,4,02
13461512,3162075411,028502,0,02
10762349,3162075418,028601,0,FO
11320679,3162075418,028601,0,F2
13034042,3162075418,028601,0,F2
10893181,3162075418,028601,0,F2
10657224,3162075539,1372,10,01
10486854,3162075539,1374,5,FI
10701794,3162075539,1374,8,FI
10822528,3162075539,1374,9,FI
12739203,3162075539,1373,9,FI
10380752,3162075418,028601,0,FO
11495623,3162075418,028601,0,FO
11895957,3162075418,028601,0,FO
10737199,3162075418,028601,0,F3
10802283,3162075418,028601,0,F3
11316204,3162075539,1373,9,FI
10664967,3162075539,1373,8,FI
10679716,3162075539,1373,9,FI
11316204,3162075539,1374,9,FI
10698110,3162075539,1374,8,FI
10657224,3162075539,CV0004,9,01
10859549,3162075539,CV0004,9,01
10657224,3162075539,1375,10,PO
10664967,3162075539,1375,8,PO
10678827,3162075539,1375,0,PO
10679716,3162075539,1375,10,PO
10351740,3162075539,1371,7,01
13011023,3162075539,1371,7,01
10831149,3162075539,CV0004,7,FI
10822528,3162075539,CV0004,7,FI
10831149,3162075539,1378,0,FO
10396024,3162075539,1378,0,FO
10657734,3162075539,1378,0,FO
10831149,3162075539,1374,9,01
13011023,3162075539,1374,8,01
10486854,3162075539,CV0004,5,01
10486854,3162075539,1372,4,01
10396024,3162075539,1372,8,01
10701794,3162075539,CV0004,6,FI
11316204,3162075539,1373,9,01
11316204,3162075539,1374,8,01
10711968,3162075539,1374,8,01
10679716,3162075539,1374,8,01
10319363,3162075539,1374,7,01
10664967,3162075539,1378,0,FO
10834203,3162075539,1371,6,FI
10396024,3162075539,1371,8,FI
10620831,3162075539,1371,5,FI
10822528,3162075539,1371,8,FI
10620831,3162075539,1378,0,FO
10822528,3162075539,1375,10,PO
10657734,3162075539,1375,8,PO
13011023,3162075539,1372,7,FI
13011023,3162075539,1377,8,FI
10859549,3162075539,1372,10,FI
10711968,3162075539,1371,7,01
13256847,3162075539,CV0004,9,FI
10839832,3162075539,CV0004,7,FI
10839832,3162075539,1371,8,FI
10027372,3162075539,CV0004,9,FI
10027372,3162075539,1371,9,FI
10698052,3162075539,1372,4,01
10817396,3162075539,1375,10,PO
10817396,3162075539,1373,8,FI
10324078,3162075539,1371,10,FI
10324078,3162075539,1372,10,FI
10781254,3162075539,1375,10,PO
10742955,3162075539,CV0004,9,01
10742955,3162075539,1373,8,01
11831183,3162075539,1375,5,PO
11831183,3162075539,1374,8,FI
10734168,3162075539,1375,8,PO
10734168,3162075539,1374,8,01
10707900,3162075539,CV0004,8,01
10707900,3162075539,CV0004,7,FI
10017422,3162075539,1372,9,01
10707896,3162075539,1372,8,FI
10707896,3162075539,1377,9,FI
10392520,3162075539,1372,5,01
10735610,3162075539,1372,4,01
10735610,3162075539,1372,9,FI
11155646,3162075539,1374,8,FI
10845796,3162075539,1373,5,01
10503400,3162075539,1372,10,FI
10937787,3162075539,1371,4,01
10937787,3162075539,1371,8,FI
10937787,3162075539,1374,4,01
10937787,3162075539,1374,9,FI
13487291,3162075539,1371,1,01
10802285,3228404816,0657p,9,02
10802285,3228404816,0179,6,02
10802285,3228404816,0650,4,01
10802285,3228404816,0650,6,02
10414870,3228404816,0657p,8,FI
10414870,3228404816,0651,8,02
13075443,3228404816,0657p,8,02
13075443,3228404816,0649,9,01
13075443,3228404816,0649,7,FI
13075443,3228404816,0647,7,02
10025295,3228404816,0657p,9,01
10025295,3228404816,0657p,8,FI
10025295,3228404816,0651,6,01
10025295,3228404816,0648,5,02
10025295,3228404816,0647,4,01
12690668,3228404816,0651,8,FI
12690668,3228404816,0650,10,02
12690668,3228404816,0647,7,FI
13450442,3228404816,0179,0,02
10711948,3228404816,0651,5,01
10711948,3228404816,0648,8,02
10244048,3228404816,0179,9,01
10244048,3228404816,0651,7,02
10244048,3228404816,0651,8,FI
10244048,3228404816,0647,7,02
10509186,3228404816,0648,10,FI
10452196,3228404816,0651,8,01
10452196,3228404816,0651,9,FI
10452196,3228404816,0650,8,FI
10452196,3228404816,0647,9,02
10742998,3228404816,0657p,9,01
10742998,3228404816,0648,9,01
10742998,3228404816,0649,9,01
10961892,3228404816,0650,8,01
10961892,3228404816,0647,4,FI
10906957,3228404816,0650,6,FI
10906957,3228404816,0648,5,02
10906957,3228404816,0647,4,FI
10677373,3228404816,0651,0,FI
10677373,3228404816,0648,0,02
10677373,3228404816,0648,0,EX
10350415,3228404816,0657p,8,FI
10350415,3228404816,0651,7,FI
10024578,3228404816,0651,7,01
10024578,3228404816,0650,9,01
13455127,3228404816,0179,8,01
13455127,3228404816,0649,9,FI
10679723,3228404816,0651,6,FI
10840138,3228404816,1709,7,01
10840138,3228404816,0651,8,FI
11806221,3228404816,0649,8,02
13035058,3228404816,0657p,6,FI
10377895,3228404816,1709,0,EX
10377895,3228404816,0648,0,02
10661639,3228404816,0647,8,01
10357636,3228404816,0657p,7,01
10357636,3228404816,0179,8,FI
10357636,3228404816,0648,9,02
11338343,3228404816,0179,6,01
11338343,3228404816,0179,5,FI
10953575,3228404816,0657p,8,01
10953575,3228404816,0657p,7,FI
10381846,3228404816,0179,9,02
10381846,3228404816,0648,10,02
10381846,3228404816,0649,10,01
13456235,3228404816,1709,0,02
10677900,3228404816,0179,7,FI
10677900,3228404816,0651,7,FI
10677900,3228404816,0650,6,02
13476760,3228404816,0651,0,02
13476760,3228404816,0651,0,FI
13476760,3228404816,0649,0,EX
13476760,3228404816,0647,0,FI
13064420,3228404816,0179,4,02
13064420,3228404816,0648,8,02
13064420,3228404816,0649,6,02
10256435,3228404816,0657p,4,01
13060964,3228404816,1709,0,02
10279441,3228404816,0647,8,01
13264942,3228404816,0647,0,02
10953290,3228404816,0648,9,FI
10953290,3228404816,0647,8,01
11254695,3228404816,0651,0,02
11664368,3228404816,0649,4,01
11481642,3228404816,0179,0,FI
11481642,3228404816,0651,0,02
11889122,3228404816,0650,7,01
11889122,3228404816,0650,6,FI
11241112,3228404816,0651,7,FI
11241112,3228404816,0647,7,01
10819061,3228404816,0657p,9,01
10819061,3228404816,0650,8,02
10129831,3228404816,0179,7,FI
10129831,3228404816,0650,7,02
10129831,3228404816,0650,7,FI
10129831,3228404816,0648,7,01
10129831,3228404816,0649,7,01
10789628,3228404816,0179,8,FI
10789628,3228404816,0647,7,02
10783588,3228404816,0179,6,01
10783588,3228404816,0651,7,FI
10783588,3228404816,0648,8,01
10783588,3228404816,0647,8,02
13035179,3228404816,0651,8,FI
10321979,3228404816,0657p,9,02
10321979,3228404816,0179,6,FI
10615771,3228404816,1709,0,01
10615771,3228404816,0657p,0,01
10615771,3228404816,0651,0,EX
10615771,3228404816,0648,0,02
10679722,3228404816,0657p,9,01
10679722,3228404816,0657p,8,FI
10679722,3228404816,0179,7,FI
10762368,3228413080,0379p,8,01
10762368,3228413080,0370,9,02
10762368,3228413080,0369,9,FI
10796295,3228413080,0373,10,02
10796295,3228413080,0371,9,01
10635003,3228413080,0379p,9,01
10635003,3228413080,0379p,10,02
10635003,3228413080,0371,10,01
10635003,3228413080,0369,10,01
10762343,3228413080,0370,9,02
10762343,3228413080,0370,9,FI
10910600,3228413080,0370,9,FI
10910600,3228413080,0372,8,02
10757735,3228413080,0370,6,01
10757735,3228413080,0370,5,FI
10757735,3228413080,0372,7,FI
11082671,3228413080,1709,7,FI
11082671,3228413080,0371,9,FI
11082671,3228413080,0372,9,FI
11082671,3228413080,0369,8,01
11082671,3228413080,0369,8,02
10849397,3228413080,0370,9,02
10805501,3228413080,0373,3,01
10805501,3228413080,0369,4,FI
12854002,3228413080,0373,7,01
12854002,3228413080,0373,8,FI
10840811,3228413080,0369,8,01
10737949,3228413080,0370,9,02
10737949,3228413080,0369,3,02
10799789,3228413080,0370,9,02
10799789,3228413080,0373,8,01
10783280,3228413080,1709,6,02
10783280,3228413080,0179,6,01
10783280,3228413080,0370,6,02
10783280,3228413080,0373,5,02
10783280,3228413080,0372,5,02
10783280,3228413080,0369,4,02
10652371,3228413080,0372,6,01
10652371,3228413080,0369,4,01
10652371,3228413080,0369,5,02
10652371,3228413080,0369,6,FI
10762023,3228413080,0373,4,02
10764453,3228413080,0369,6,02
10813139,3228413080,0370,6,01
10756607,3228413080,0371,9,02
10756607,3228413080,0372,9,01
10756607,3228413080,0369,8,01
10762338,3228413080,0370,7,02
10762338,3228413080,0371,6,01
10762338,3228413080,0372,6,01
10823812,3228413080,0379p,9,01
10823812,3228413080,0179,7,FI
10823812,3228413080,0371,9,FI
13456011,3228413080,0379p,10,02
13456011,3228413080,0372,7,01
10780756,3228413080,0179,8,01
10780756,3228413080,0373,9,02
10823807,3228413080,0179,8,FI
10823807,3228413080,0371,8,FI
10823807,3228413080,0372,6,02
10823807,3228413080,0372,7,FI
11064614,3228413382,0616p,0,FI
11064614,3228413382,0483,0,02
11067623,3228413382,0373,6,01
11067623,3228413382,0487,0,02
13042221,3228413382,0373,0,FI
13042221,3228413382,0483,0,02
10525885,3228413382,0616p,0,01
13455308,3228413382,0616p,9,FI
13455308,3228413382,0485,4,02
10807600,3228413382,0485,10,FI
10381670,3228413382,0373,8,01
10381670,3228413382,0485,1,02
10381670,3228413382,0484,9,02
10381670,3228413382,0483,5,02
10282899,3228413382,0485,7,01
10797348,3228413382,0373,10,FI
10797348,3228413382,0487,9,01
10611084,3228413382,0373,9,02
10611084,3228413382,0487,8,02
10611084,3228413382,0484,9,01
10611084,3228413382,0483,8,01
10611084,3228413382,0483,8,02
10611084,3228413382,0483,8,FI
10695479,3228413382,1709,0,02
10695479,3228413382,0373,0,01
10695479,3228413382,0485,7,01
10695479,3228413382,0485,0,02
10695479,3228413382,0485,0,FI
10695479,3228413382,0485,0,EX
10709604,3228413382,0179,10,FI
10709604,3228413382,0485,9,01
10709604,3228413382,0484,10,FI
10770964,3228413382,0179,10,FI
10418675,3228413382,0487,4,02
10418675,3228413382,0484,4,01
10418675,3228413382,0484,4,02
10418675,3228413382,0484,1,FI
10418675,3228413382,0483,4,01
11161106,3228413382,0179,0,FI
11161106,3228413382,0485,0,02
10718934,3228413382,0179,7,FI
10718934,3228413382,0485,4,01
10269408,3228413382,0616p,0,02
10269408,3228413382,0616p,0,FI
10269408,3228413382,0485,0,FI
10269408,3228413382,0484,3,01
10269408,3228413382,0483,4,01
10269408,3228413382,0483,0,02
13460547,3228413382,1709,0,FI
13460547,3228413382,0616p,8,01
13460547,3228413382,0373,0,02
13460547,3228413382,0487,0,02
13460547,3228413382,0487,0,FI
13460547,3228413382,0487,0,EX
13460547,3228413382,0485,0,02
10688878,3228413382,0487,9,01
10688878,3228413382,0485,9,01
10688878,3228413382,0483,10,01
10453628,3228413382,0616p,0,FI
10453628,3228413382,0373,0,EX
10453628,3228413382,0487,0,01
10453628,3228413382,0484,0,FI
10453628,3228413382,0483,0,02
12500233,3228413382,0616p,0,01
12500233,3228413382,0616p,0,02
12500233,3228413382,0373,0,02
12500233,3228413382,0483,0,02
10399058,3228413382,1709,0,02
10399058,3228413382,0179,0,02
10399058,3228413382,0483,0,EX
10770657,3228413382,0179,9,FI
10770657,3228413382,0487,9,01
10711977,3228413382,0616p,9,01
10711977,3228413382,0487,10,FI
10308704,3228413382,0616p,0,01
10308704,3228413382,0487,0,EX
10308704,3228413382,0484,0,01
12730778,3228413382,0179,0,FI
12730778,3228413382,0373,3,01
12730778,3228413382,0373,0,EX
12730778,3228413382,0485,1,02
12730778,3228413382,0484,4,02
12730778,3228413382,0484,0,FI
10471125,3228413382,0485,0,02
10255502,3228413382,0484,5,01
10255502,3228413382,0484,8,02
10255502,3228413382,0483,6,01
10328549,3228413382,0616p,8,02
10328549,3228413382,0179,9,FI
10810051,3228413382,1709,7,02
10810051,3228413382,0484,3,01
11569845,3228413382,1709,0,EX
11569845,3228413382,0616p,0,02
11569845,3228413382,0616p,0,FI
11569845,3228413382,0179,0,01
11569845,3228413382,0179,0,FI
11271861,3228413382,0179,9,02
11271861,3228413382,0487,7,02
11271861,3228413382,0484,7,01
13459168,3228413382,1709,10,02
13459168,3228413382,1709,10,FI
13459168,3228413382,0616p,10,01
13459168,3228413382,0487,8,FI
13459168,3228413382,0484,10,02
13459168,3228413382,0483,10,FI
10757001,3228413382,0373,9,01
10757001,3228413382,0487,7,01
10757001,3228413382,0487,6,02
10757001,3228413382,0485,7,01
10828387,3228413382,0616p,9,01
10828387,3228413382,0373,7,01
10828387,3228413382,0485,8,02
10828387,3228413382,0484,7,FI
13457137,3228413382,0484,0,FI
13457137,3228413382,0483,0,FI
10856605,3228413382,0616p,9,FI
10856605,3228413382,0485,7,01
10856605,3228413382,0483,9,FI
10401376,3228413382,0179,0,02
10401376,3228413382,0487,0,FI
10401376,3228413382,0483,0,02
11898422,3228413382,0373,3,02
11898422,3228413382,0487,1,02
11898422,3228413382,0485,7,01
11898422,3228413382,0484,0,EX
13456133,3228413382,1709,0,01
13456133,3228413382,0616p,0,02
13456133,3228413382,0487,0,EX
10677836,3228413382,0616p,0,EX
10677836,3228413382,0179,0,EX
10205657,3228413382,1709,9,FI
10205657,3228413382,0616p,8,FI
10205657,3228413382,0179,8,01
10205657,3228413382,0487,7,01
10205657,3228413382,0484,10,02
10205657,3228413382,0483,0,FI
10643328,3228413382,1709,9,02
10643328,3228413382,0373,9,02
10643328,3228413382,0373,9,FI
10643328,3228413382,0487,10,FI
10643328,3228413382,0483,8,02
12433428,3228413382,0373,9,01
12287306,3228413382,0616p,0,02
12287306,3228413382,0179,0,01
12287306,3228413382,0179,0,EX
12287306,3228413382,0373,0,EX
12287306,3228413382,0485,0,02
12287306,3228413382,0483,0,02
12287306,3228413382,0483,0,FI
10758419,3228413382,0484,8,01
10758419,3228413382,0484,7,02
10865703,3228415772,1370,8,FI
10865703,3228415772,1368,7,02
10865703,3228415772,1369,8,02
11649640,3228415772,1368,7,01
10817945,3228415772,1375p,9,01
10834174,3228415772,1375p,10,01
10834174,3228415772,0179,9,FI
10834174,3228415772,1370,9,01
10834174,3228415772,1367,9,02
13281768,3228415772,1375p,8,02
10798915,3228415772,1375p,9,02
10781492,3228415772,0179,6,02
10781492,3228415772,1367,7,01
10413312,3228415772,0179,6,01
10546650,3228415772,1370,9,02
11649375,3228415772,1370,4,01
11649375,3228415772,1367,9,02
11649375,3228415772,1368,9,01
11649375,3228415772,1369,8,02
10714135,3228415772,1369,5,01
10835968,3228415772,1375p,10,01
10835968,3228415772,0179,9,02
10835968,3228415772,1370,9,01
10842025,3228415772,0179,6,FI
10842025,3228415772,1370,9,02
10803120,3228415772,0179,8,02
10803120,3228415772,1370,8,02
10851445,3228415772,1368,4,02
10851445,3228415772,1369,7,FI
10711961,3228415772,1369,0,EX
10678320,3228415772,1375p,7,01
10678320,3228415772,1367,9,01
11341745,3228415772,1369,7,FI
11251967,3228415772,1709,7,FI
11251967,3228415772,1369,7,02
11251967,3228415772,1369,6,FI
10122344,3228415772,1375p,10,01
10122344,3228415772,1375p,10,02
10122344,3228415772,1368,10,01
10725869,3228415772,0179,5,02
10725869,3228415772,1368,4,01
10378823,3228415772,1369,10,01
11104411,3228415772,0179,8,02
11104411,3228415772,0179,9,FI
11104411,3228415772,1370,8,02
10783707,3228415772,1375p,10,01
10985551,3228415772,1370,9,02
10985551,3228415772,1369,8,FI
10793376,3228415772,1375p,9,01
10793376,3228415772,1367,7,FI
10793376,3228415772,1368,7,FI
10776515,3228415772,1375p,9,FI
10776515,3228415772,0179,10,FI
10776515,3228415772,1369,10,01
10776515,3228415772,1369,9,02
10734128,3228415772,1709,10,FI
10734128,3228415772,1370,10,FI
10734128,3228415772,1369,9,02
10734128,3228415772,1369,9,FI
10729560,3228415772,1375p,9,02
10729560,3228415772,1367,6,02
10729560,3228415772,1369,4,01
10770501,3228415772,1375p,9,01
10770501,3228415772,1370,8,02
10819378,3228415772,1375p,10,FI
10819378,3228415772,1367,7,02
10962405,3228415772,1369,4,01
10993836,3228415772,1375p,10,01
10993836,3228415772,1375p,9,FI
10993836,3228415772,0179,10,02
10993836,3228415772,1369,9,FI
11514753,3228415772,1370,9,FI
10780789,3228415772,1367,8,FI
10780789,3228415772,1368,8,01
10780789,3228415772,1369,7,02
13462544,3228415772,1367,9,01
13462544,3228415772,1368,8,01
13462544,3228415772,1369,6,02
10809667,3228415772,0179,9,FI
10809667,3228415772,1369,9,01
10687463,3228415772,1369,8,01
10652580,3228415772,0179,7,FI
10678151,3228415772,1375p,9,02
10678151,3228415772,0179,7,FI
10678151,3228415772,1370,2,02
10678151,3228415772,1369,2,02
10944114,3228415772,1375p,9,FI
10944114,3228415772,1368,7,01
10730519,3228415772,1375p,10,01
13242092,3228415772,1370,7,02
13242092,3228415772,1369,8,FI
10742238,3228415772,1709,8,02
10742238,3228415772,1370,4,01
10742238,3228415772,1367,6,01
12558926,3228415772,1367,5,01
12558926,3228415772,1368,6,FI
10960990,3228379385,1709,8,01
10960990,3228379385,0440,8,02
11671982,3228379385,1709,7,FI
11671982,3228379385,0437,4,02
11671982,3228379385,0441,4,02
11671982,3228379385,0440,8,01
11671982,3228379385,0156,8,FI
11043785,3228379385,1709,8,02
11043785,3228379385,0156,9,FI
10737175,3228379385,0437,7,02
13133521,3228379385,0156,5,01
11039273,3228379385,1709,8,01
11039273,3228379385,0440,9,02
11039273,3228379385,0156,8,01
11029440,3228379385,0156,8,01
11029440,3228379385,0156,8,FI
10995299,3228379385,1709,10,02
10995299,3228379385,0441,9,02
10835299,3228379385,0439,6,02
10835299,3228379385,0438,5,EX
10835299,3228379385,0156,7,01
10805591,3228379385,0437,3,01
10805591,3228379385,0441,4,01
10805591,3228379385,0439,7,01
10805591,3228379385,0439,6,FI
10805591,3228379385,0438,6,01
10805591,3228379385,0438,0,FI
10805591,3228379385,0440,8,01
10805591,3228379385,0440,7,FI
11805803,3228379385,0156,9,02
10906307,3228379385,0440,1,02
10906307,3228379385,0156,3,01
10911748,3228379385,0441,9,02
10911748,3228379385,0438,9,FI
10787655,3228379385,0437,4,FI
10787655,3228379385,0439,6,FI
11028742,3228379385,1709,7,02
11028742,3228379385,0440,7,FI
11028742,3228379385,0156,7,02
10905782,3228379385,1709,8,01
10905782,3228379385,0440,6,FI
10905782,3228379385,0156,7,FI
11004486,3228379385,1709,9,02
10911568,3228379385,1709,9,01
10911568,3228379385,0441,8,01
10911568,3228379385,0439,7,02
10911568,3228379385,0156,9,01
11044309,3228379385,1709,8,FI
11044309,3228379385,0156,7,02
11604486,3228379385,0440,6,01
11604486,3228379385,0156,6,01
10911000,3228379385,0441,0,EX
10911000,3228379385,0439,7,01
10911000,3228379385,0439,7,02
11068958,3228379385,0438,0,FI
13466647,3228379385,0439,8,01
11415744,3228379385,0441,6,02
10787257,3228379385,1709,5,02
10787257,3228379385,0439,5,01
10787257,3228379385,0440,8,01
10278634,3228379385,0437,9,01
10278634,3228379385,0441,6,01
10278634,3228379385,0441,4,FI
10278634,3228379385,0440,8,FI
10278634,3228379385,0156,9,02
10284131,3228379385,0437,9,01
10284131,3228379385,0437,4,FI
10929912,3228379385,0439,6,02
10929912,3228379385,0156,6,01
10302214,3228379385,0439,0,02
12731640,3228379385,0440,3,02
11507257,3228379385,0437,8,02
11507257,3228379385,0441,5,FI
11507257,3228379385,0440,2,02
10929818,3228379385,1709,8,02
10929818,3228379385,0439,8,01
10929818,3228379385,0156,9,01
10951388,3228379385,0440,0,02
10435060,3228379385,1709,0,02
10435060,3228379385,0437,0,FI
10435060,3228379385,0441,0,FI
10435060,3228379385,0439,0,FI
10435060,3228379385,0440,0,EX
10248709,3228379385,0441,0,FI
10248709,3228379385,0440,0,02
10248709,3228379385,0156,0,FI
10248709,3228379385,0156,0,EX
10421015,3228379385,1709,6,FI
10421015,3228379385,0440,0,01
10421015,3228379385,0440,0,02
12673295,3228379385,0437,0,02
10420824,3228379385,1709,6,FI
10420824,3228379385,0437,9,01
10420824,3228379385,0156,0,02
10468121,3228379385,0441,2,01
10468121,3228379385,0439,8,02
13458066,3228379385,0437,10,01
13458066,3228379385,0438,10,02
13458066,3228379385,0440,10,01
13458066,3228379385,0156,7,FI
10650730,3228379385,0441,0,FI
10650730,3228379385,0438,4,EX
10650730,3228379385,0440,8,01
10650730,3228379385,0156,5,FI
13459588,3228379385,0439,6,01
13459588,3228379385,0440,4,01
13459588,3228379385,0440,0,FI
10311923,3228379385,1709,0,01
10311923,3228379385,0441,0,01
10311923,3228379385,0441,0,EX
11026347,3228379385,0156,7,FI
10394837,3228379385,0439,9,02
10307040,3228379385,1709,0,FI
10307040,3228379385,1709,0,EX
10307040,3228379385,0437,0,FI
10307040,3228379385,0441,0,01
10307040,3228379385,0439,0,01
10307040,3228379385,0439,0,FI
10307040,3228379385,0156,0,EX
11786393,3228379385,0437,0,EX
11786393,3228379385,0440,0,FI
10696650,3228379385,0439,0,FI
10696650,3228379385,0440,0,02
13459194,3228379385,0441,8,FI
13459361,3228379385,1709,0,FI
13459361,3228379385,0437,8,01
11033515,3228379385,0439,9,FI
11004716,3228379385,0437,9,FI
11004716,3228379385,0156,9,02
11067932,3228379385,0441,0,EX
11666166,3228379385,0441,6,02
11666166,3228379385,0439,7,02
13221347,3228379385,0437,0,01
13221347,3228379385,0441,0,EX
13221347,3228379385,0438,0,02
13290996,3228406931,1012p,9,FI
13290996,3228406931,1010,3,02
10800028,3228406931,0930,7,02
10800028,3228406931,0931,9,FI
10800028,3228406931,1010,2,02
10824007,3228406931,1709,8,FI
10824007,3228406931,1012p,9,01
10824007,3228406931,0179,3,01
10635026,3228406931,1012p,9,01
10635026,3228406931,0179,7,02
10635026,3228406931,0623,8,01
10813126,3228406931,0930,7,01
10776549,3228406931,0930,7,FI
10776549,3228406931,0931,9,FI
10510136,3228406931,1709,0,EX
10510136,3228406931,0623,0,02
10824614,3228406931,1709,0,FI
10824614,3228406931,0179,0,01
10824614,3228406931,0930,3,EX
10824614,3228406931,1010,4,FI
10709557,3228406931,0179,0,EX
10709557,3228406931,0930,0,EX
10709557,3228406931,0931,0,EX
10422716,3228406931,1709,0,02
10422716,3228406931,1709,0,FI
10422716,3228406931,1010,0,FI
10862032,3228406931,1709,6,02
10862032,3228406931,0931,0,FI
10862032,3228406931,1010,0,02
10764144,3228406931,0623,4,FI
10805294,3228406931,0623,8,01
10805294,3228406931,1010,3,FI
10530803,3228406931,0931,9,01
10530803,3228406931,1010,6,01
10796065,3228406931,0179,7,02
10796065,3228406931,0931,8,01
10349498,3228406931,0930,8,01
10349498,3228406931,1010,7,01
10630363,3228406931,1010,5,01
10852161,3228406931,1012p,9,01
10852161,3228406931,0623,9,01
10199483,3228406931,0931,0,02
10397687,3228406931,1012p,9,02
11811552,3228406931,0179,0,02
10323559,3228406931,1012p,0,EX
13458157,3228406931,0179,0,FI
13456007,3228406931,1012p,9,02
13456007,3228406931,0930,8,FI
13456007,3228406931,0931,8,01
13456007,3228406931,1010,8,01
13523913,3228406931,0623,0,02
13523913,3228406931,0931,0,02
10940616,3228406931,0179,0,EX
10940616,3228406931,0623,0,01
10940616,3228406931,1010,0,02
13458161,3228406931,0623,4,02
10461934,3228406931,1010,6,FI
10381708,3228406931,0930,0,01
10381708,3228406931,0930,0,02
10381708,3228406931,0931,0,FI
10852107,3228406931,0930,4,02
10304385,3228406931,0623,7,01
11800453,3228406931,0623,0,01
11800453,3228406931,0930,0,02
10330111,3228406931,1010,6,01
10443575,3228406931,1012p,5,02
10443575,3228406931,1012p,0,FI
10443575,3228406931,0931,0,EX
10818191,3228406931,1012p,0,02
10818191,3228406931,1012p,0,EX
10818191,3228406931,0179,0,FI
10818191,3228406931,0930,0,EX
10818191,3228406931,0931,0,FI
11089472,3228406931,0179,8,FI
11629523,3228406931,1709,0,01
11629523,3228406931,1012p,0,FI
11629523,3228406931,1012p,0,EX
10042816,3228406931,0930,0,FI
10303628,3228406931,0623,4,01
10303628,3228406931,0623,0,02
10303628,3228406931,0931,8,02
10022321,3228406931,1012p,9,02
10022321,3228406931,0179,9,02
10022321,3228406931,0930,5,01
12561661,3228406931,1709,6,FI
12561661,3228406931,1012p,5,01
12561661,3228406931,0179,3,01
12561661,3228406931,1010,2,01
10479899,3228406931,0179,0,02
10479899,3228406931,0931,8,02
10918602,3228406931,0930,6,01
10918602,3228406931,1010,3,FI
10754604,3228406931,0623,8,01
10365221,3228406931,0179,5,01
10365221,3228406931,0931,9,01
10365221,3228406931,0931,10,02
10365221,3228406931,0931,10,FI
10365221,3228406931,1010,8,FI
13461591,3228406931,1010,7,FI
10630337,3228406931,1012p,0,01
10630337,3228406931,0623,4,01
10630337,3228406931,0930,5,EX
10249410,3228406931,0930,9,FI
10249410,3228406931,1010,8,02
10766452,3228406545,0179,9,01
10766452,3228406545,0622,9,02
10729793,3228406545,0828p,8,02
10729793,3228406545,0625,6,02
10729793,3228406545,0627,4,02
12607926,3228406545,0828p,10,01
12607926,3228406545,0179,4,01
12607926,3228406545,0625,9,01
12607926,3228406545,0623,8,02
12607926,3228406545,0627,6,FI
11790917,3228406545,0179,3,02
11790917,3228406545,0623,9,02
10689201,3228406545,0179,3,01
10689201,3228406545,0622,6,02
10689201,3228406545,0625,9,01
10689201,3228406545,0623,5,01
10689201,3228406545,CV0008,10,02
10742994,3228406545,0179,7,02
10742994,3228406545,0623,8,01
10487336,3228406545,0179,0,EX
10487336,3228406545,0622,7,FI
10487336,3228406545,0627,6,FI
10857816,3228406545,1709,6,01
10857816,3228406545,0625,8,02
10847609,3228406545,0179,6,01
10766414,3228406545,0622,8,01
10766414,3228406545,0622,8,02
10766414,3228406545,0625,9,FI
10766414,3228406545,0623,8,01
10766414,3228406545,0623,8,FI
10766414,3228406545,0627,6,02
10766414,3228406545,CV0008,10,02
10856038,3228406545,1709,7,FI
10856038,3228406545,0828p,6,FI
11433224,3228406545,0828p,9,02
11433224,3228406545,0625,7,01
11073751,3228406545,0622,8,02
11073751,3228406545,0625,8,02
10593810,3228406545,0828p,7,02
11231507,3228406545,1709,0,01
11231507,3228406545,0179,0,FI
11231507,3228406545,0622,3,01
11231507,3228406545,0623,4,02
12912678,3228406545,0828p,10,02
12912678,3228406545,0623,8,01
10804606,3228406545,0627,5,02
10707892,3228406545,1709,5,01
10707892,3228406545,1709,7,FI
10707892,3228406545,CV0008,8,FI
13470345,3228406545,0622,0,02
13470345,3228406545,CV0009,0,FI
13473425,3228406545,0622,10,FI
13473425,3228406545,0623,9,02
10711954,3228406545,0828p,6,FI
10711954,3228406545,0179,5,FI
10835673,3228406545,0828p,8,02
10835673,3228406545,0627,4,01
10835673,3228406545,CV0008,8,FI
10734184,3228406545,0828p,10,FI
10734184,3228406545,0625,7,02
10734184,3228406545,0623,9,02
13170472,3228406545,0179,4,01
13170472,3228406545,0622,0,FI
13170472,3228406545,0623,5,02
13170472,3228406545,0627,0,01
10766479,3228410748,0181p,8,FI
10766479,3228410748,0171,7,02
10843404,3228410748,0179,7,02
10843404,3228410748,0179,7,FI
11782717,3228410748,1709,8,02
11782717,3228410748,0172,7,02
11782717,3228410748,0173,8,01
11782717,3228410748,0174,7,FI
11782717,3228410748,0177,6,01
11782717,3228410748,0177,7,FI
10254373,3228410748,0172,7,02
10254373,3228410748,0177,8,FI
13453640,3228410748,1709,9,02
10700069,3228410748,0181p,0,02
10700069,3228410748,0179,0,02
10700069,3228410748,0172,3,01
10392181,3228410748,0181p,7,FI
10392181,3228410748,0179,8,02
10392181,3228410748,0179,9,01
10688815,3228410748,0181p,8,01
10506040,3228410748,0177,0,EX
13455952,3228410748,0179,8,02
13455952,3228410748,0172,7,01
10664803,3228410748,0181p,0,FI
10664803,3228410748,0179,0,EX
10664803,3228410748,0171,0,01
12413993,3228410748,1709,0,01
12413993,3228410748,0179,0,02
12413993,3228410748,0171,0,01
12413993,3228410748,0177,0,FI
13480000,3228410748,0172,6,FI
10509253,3228410748,1709,0,EX
13455821,3228410748,0174,6,FI
13456058,3228410748,0181p,8,01
13456058,3228410748,0173,6,01
13456058,3228410748,0174,6,01
10691269,3228410748,0177,1,02
10639978,3228410748,1709,6,02
10639978,3228410748,0172,9,FI
10639978,3228410748,0173,6,01
10507411,3228410748,0174,0,FI
10507411,3228410748,0177,0,FI
10745573,3228410357,0179,9,FI
10585531,3228410357,0179,4,01
10585531,3228410357,0383,7,01
10648032,3228410357,1709,6,02
10648032,3228410357,0179,4,01
10648032,3228410357,0383,7,FI
10698109,3228410357,0179,8,01
10698109,3228410357,0384,8,01
11627062,3228410357,0179,9,01
11627062,3228410357,0384,7,FI
11627062,3228410357,0173,7,02
10675936,3228410357,0400p,7,FI
10675936,3228410357,0172,6,01
10729539,3228410357,0384,9,01
10729539,3228410357,0172,6,01
10729539,3228410357,0172,8,02
10410077,3228410357,0400p,8,01
10410077,3228410357,0383,6,01
10410077,3228410357,0172,3,02
10530795,3228410357,0384,8,02
13455702,3228410357,0179,9,02
10719000,3228410357,0400p,8,02
10719000,3228410357,0179,7,FI
10719000,3228410357,0383,6,02
10719000,3228410357,0173,7,FI
13456027,3228410357,1709,6,01
13456027,3228410357,0172,1,01
13251013,3228410357,0400p,8,02
13251013,3228410357,0171,9,01
13251013,3228410357,0171,9,FI
13251013,3228410357,0384,8,01
13251013,3228410357,0384,8,FI
13251013,3228410357,0173,8,01
10835750,3228410357,0383,4,02
10835750,3228410357,0383,7,FI
10835750,3228410357,0173,6,FI
10766449,3228410357,0400p,8,02
10766449,3228410357,0384,8,01
10766449,3228410357,0384,9,02
10645102,3228410357,0179,8,01
10645102,3228410357,0171,7,01
10645102,3228410357,0384,6,02
10820272,3228410357,0179,4,01
10820272,3228410357,0172,6,02
10820272,3228410357,0173,6,02
13487222,3228410357,0383,8,01
13487222,3228410357,0383,9,02
13487222,3228410357,0172,8,01
13487222,3228410357,0173,9,FI
10687498,3228410892,0388p,8,02
10687498,3228410892,0179,8,02
10687498,3228410892,0384,9,02
10742128,3228410892,1709,8,01
10742128,3228410892,0179,8,FI
10742128,3228410892,0171,4,02
13455012,3228410892,1709,0,01
13455012,3228410892,1709,0,FI
13455012,3228410892,0179,0,01
13455012,3228410892,0172,1,EX
13455012,3228410892,0173,0,02
10749811,3228410892,1709,6,01
10749811,3228410892,0171,7,FI
10749811,3228410892,0384,7,01
10749811,3228410892,0172,7,FI
13454999,3228410892,1709,0,02
13454999,3228410892,0179,8,FI
13454999,3228410892,0383,7,FI
13454999,3228410892,0172,0,FI
13454999,3228410892,0173,0,02
10678997,3228410892,0388p,8,01
10678997,3228410892,0383,7,01
10678997,3228410892,0384,3,FI
10678997,3228410892,0172,4,01
10678997,3228410892,0172,0,02
10678997,3228410892,0173,0,02
10678997,3228410892,0173,0,FI
10320497,3228410892,0171,4,02
10320497,3228410892,0383,9,FI
10808311,3228410892,1709,7,01
10808311,3228410892,0388p,8,FI
13450196,3228410892,1709,9,02
13450196,3228410892,0384,9,01
13450196,3228410892,0172,9,FI
10761594,3228410892,0383,7,FI
10761594,3228410892,0384,6,01
10736502,3228410892,1709,7,02
10736502,3228410892,0388p,7,02
10736502,3228410892,0179,8,FI
10736502,3228410892,0383,9,02
10736502,3228410892,0173,7,02
11330085,3228410892,0172,4,01
11330085,3228410892,0172,5,EX
10676318,3228410892,1709,5,FI
10676318,3228410892,0388p,4,02
10676318,3228410892,0384,7,FI
13472424,3228410892,1709,5,01
13472424,3228410892,0388p,8,FI
13472424,3228410892,0171,6,02
13475599,3228410892,0179,9,02
13475599,3228410892,0383,10,FI
13475599,3228410892,0384,8,01
13475662,3228410892,0388p,10,01
13475662,3228410892,0171,8,FI
10514139,3228410892,1709,9,FI
10514139,3228410892,0388p,8,02
12912453,3228410892,0388p,8,01
12912453,3228410892,0172,6,02
11036107,3228381273,1709,2,02
11036107,3228381273,1233,6,01
10793641,3228381273,1229,3,01
10793641,3228381273,1229,0,EX
10931235,3228381273,0156,7,01
10931235,3228381273,0156,6,FI
10931235,3228381273,1226,6,FI
11003632,3228381273,1226,1,01
11003632,3228381273,1233,2,02
11003632,3228381273,1233,0,FI
12607119,3228381273,1232,7,01
13291541,3228381273,1709,8,FI
13291541,3228381273,0156,6,01
13291541,3228381273,1229,8,02
12744964,3228381273,1226,5,FI
10924853,3228381273,0156,6,02
10924853,3228381273,1233,7,01
10924853,3228381273,1233,9,FI
11798264,3228381273,0156,7,01
11798264,3228381273,0156,8,FI
11798264,3228381273,1226,3,01
11798264,3228381273,1226,5,FI
10648909,3228381273,1231,5,02
10648909,3228381273,1233,9,01
10648909,3228381273,1233,4,02
10648909,3228381273,1233,7,FI
10912710,3228381273,1709,6,02
10912710,3228381273,1229,3,FI
10787502,3228381273,1226,4,01
10787502,3228381273,1232,4,01
10904203,3228381273,1226,9,FI
10904203,3228381273,1231,7,02
10904203,3228381273,1233,9,01
11024352,3228381273,1709,6,FI
11024352,3228381273,1226,8,02
11024352,3228381273,1226,8,FI
11024352,3228381273,1229,6,01
11024352,3228381273,1229,6,FI
10899896,3228381273,1709,7,01
10899896,3228381273,0156,8,02
13099124,3228381273,1709,7,FI
13099124,3228381273,1226,8,FI
13099124,3228381273,1231,7,02
12465550,3228381273,1226,4,01
12465550,3228381273,1226,5,02
12465550,3228381273,1233,8,FI
10916721,3228381273,0156,4,01
10916721,3228381273,1226,0,01
10916721,3228381273,1229,2,02
10912726,3228381273,0156,8,02
10912726,3228381273,1229,7,01
10912726,3228381273,1232,6,02
10805007,3228381273,1231,3,02
10805007,3228381273,1232,5,EX
11184512,3228381273,1229,5,01
11184512,3228381273,1231,5,FI
10654915,3228381273,1232,0,02
10654915,3228381273,1233,0,FI
10708167,3228390016,0225,4,01
11002913,3228390016,0225,9,01
11002913,3228390016,0223,9,01
12563453,3228390016,0223,3,02
12563453,3228390016,0221,4,01
10846382,3228390016,0222,6,01
10903261,3228390016,0156,9,01
11002807,3228390016,0225,6,02
11002807,3228390016,0221,9,FI
11146537,3228390016,0225,9,01
11146537,3228390016,0221,10,01
10897212,3228390016,0156,7,01
10897212,3228390016,0156,6,FI
10929469,3228390016,0225,1,01
10929469,3228390016,0221,4,02
10929469,3228390016,0222,1,01
10812899,3228390016,0225,3,01
13452408,3228390016,1709,7,01
13452408,3228390016,0222,8,FI
10996376,3228390016,1709,3,01
10996376,3228390016,0221,4,02
10917865,3228390016,0221,7,FI
10917865,3228390016,0222,6,FI
11011197,3228390016,1709,6,02
11011197,3228390016,0221,9,02
11011197,3228390016,0222,9,01
11011197,3228390016,0156,10,02
12270997,3228390016,0223,0,EX
12270997,3228390016,0222,0,02
11622314,3228390016,0221,8,02
11622314,3228390016,0222,8,FI
11088265,3228390016,0223,9,02
11088265,3228390016,0221,9,FI
10762391,3228390016,0225,2,02
11248234,3228390016,1709,6,FI
11248234,3228390016,0225,0,02
11248234,3228390016,0223,5,FI
11248234,3228390016,0221,4,02
11248234,3228390016,0222,4,02
13458016,3228390016,0223,0,EX
13458016,3228390016,0222,0,FI
10776723,3228390016,0223,6,02
10959217,3228390016,0223,9,02
10959217,3228390016,0222,9,02
13114371,3228390016,0221,8,01
13114371,3228390016,0222,8,02
13114371,3228390016,0156,9,01
12736641,3228390016,0223,0,01
13459021,3228390016,0156,0,FI
12651696,3228390016,0156,0,02
12651696,3228390016,0156,0,EX
12647763,3228390016,1709,4,01
12647763,3228390016,0223,0,01
10353865,3228390016,1709,5,01
10353865,3228390016,0223,9,01
10353865,3228390016,0221,6,01
10353865,3228390016,0221,9,02
10353865,3228390016,0156,8,02
11763179,3228390016,1709,5,02
11763179,3228390016,0225,0,FI
11763179,3228390016,0156,0,EX
13238582,3228390016,1709,0,02
13238582,3228390016,0225,0,01
13238582,3228390016,0221,0,01
13238582,3228390016,0221,0,02
13238582,3228390016,0156,0,EX
11479705,3228390016,1709,6,02
11479705,3228390016,0156,4,01
13316624,3228390016,0156,5,FI
11312205,3228390016,0225,0,01
11312205,3228390016,0221,0,EX
11312205,3228390016,0222,0,02
10070165,3228390016,0225,5,FI
10070165,3228390016,0223,9,01
10517185,3228390016,1709,3,01
10517185,3228390016,0223,0,FI
10517185,3228390016,0222,0,02
13458659,3228390016,0222,0,02
13458659,3228390016,0156,0,FI
12510101,3228390016,0156,0,01
12875318,3228390016,0222,7,FI
12875318,3228390016,0156,9,01
11034534,3228390016,0156,0,01
13006056,3228390016,1709,6,02
13366127,3228390016,0221,9,FI
10473027,3228390016,0225,0,01
10473027,3228390016,0221,0,FI
10473027,3228390016,0156,0,01
10675115,3228390016,1709,3,FI
10675115,3228390016,0222,3,01
10675115,3228390016,0156,7,FI
12739645,3228390016,0225,9,02
12739645,3228390016,0225,10,01
12739645,3228390016,0223,10,01
10885064,3228390016,0221,6,01
10885064,3228390016,0222,4,FI
10459081,3228390016,0221,0,FI
12736802,3228390016,1709,0,02
12736802,3228390016,0223,0,FI
12736802,3228390016,0222,0,02
10803714,3228390016,1709,7,02
10803714,3228390016,0222,8,02
10803714,3228390016,0222,7,FI
12576881,3228390016,1709,0,EX
12576881,3228390016,0225,0,FI
11323147,3228390016,0223,0,FI
11323147,3228390016,0222,0,01
11323147,3228390016,0156,0,02
10762386,3162077488,1234,6,01
13112701,3162077488,CV0002,6,01
13112701,3162077488,1230,9,FI
13112701,3162077488,1234,7,FI
10766806,3162077488,CV0002,7,FI
10766806,3162077488,1230,7,01
10766806,3162077488,1235,7,01
10776722,3162077488,1230,0,01
10776722,3162077488,1234,2,01
10932819,3162077488,CV0002,8,01
10932819,3162077488,1227,8,01
10932819,3162077488,1228,10,01
13112701,3162077488,1237,0,FO
10789649,3162077488,1230,8,01
11667242,3162077488,1230,9,FI
11667242,3162077488,1234,7,01
11744036,3162077488,1227,9,01
11744036,3162077488,1234,9,FI
10791133,3162077488,1235,7,FI
12907793,3162077488,CV0002,6,FI
12907793,3162077488,1230,8,FI
12907793,3162077488,1235,8,01
12907793,3162077488,1237,0,FO
10909605,3162077488,1228,8,FI
10909605,3162077488,1234,7,FI
10761942,3162077488,CV0002,7,01
10889204,3162077488,CV0002,7,FI
10889204,3162077488,1234,7,01
10897205,3162077488,CV0002,5,01
10805487,3162077488,CV0002,8,FI
10805487,3162077488,1228,8,FI
10805487,3162077488,1230,6,FI
10805487,3162077488,1234,6,FI
10858044,3162077488,CV0002,6,01
10858044,3162077488,1227,8,01
10858044,3162077488,1230,7,01
10858044,3162077488,1234,6,FI
10802935,3162077488,1235,5,01
10802935,3162077488,1235,5,FI
10770893,3162077488,1235,3,01
11336367,3162077488,1234,7,01
11336367,3162077488,1234,7,FI
10920099,3162077488,1234,7,FI
10920099,3162077488,1235,8,FI
12932662,3162077488,1228,9,FI
10718886,3162077600,1007,7,01
10718886,3162077600,1007,7,FI
10718886,3162077600,1011,8,01
10690358,3162077600,1009,6,01
10690358,3162077600,1109,6,01
10718081,3162077600,1009,7,01
10718081,3162077600,1011,8,01
10718081,3162077600,1011,8,FI
10427109,3162077600,1011,0,01
10826692,3162077600,CV0004,8,01
10584902,3162077600,1011,8,01
10852071,3162077600,1011,8,01
10852071,3162077600,1110,8,01
10375121,3162077600,1011,8,01
10689153,3162077600,1009,6,FI
10689153,3162077600,1013,0,FO
10795882,3162077600,CV0004,7,01
10795882,3162077600,1109,8,FI
10833265,3162077600,1009,7,FI
10833265,3162077600,1011,9,01
10768351,3162077600,CV0004,5,FI
10270640,3162077600,1007,0,01
10426520,3162077600,1009,6,01
10426520,3162077600,1011,8,01
10432949,3162077600,1007,10,01
10432949,3162077600,1007,10,FI
10432949,3162077600,1009,7,FI
10432949,3162077600,1012,10,PO
10820754,3162077600,1007,8,01
10820754,3162077600,1008,7,01
10820754,3162077600,1009,5,01
10820754,3162077600,1011,9,01
10466022,3162077600,CV0004,5,01
10466022,3162077600,1008,5,01
10466022,3162077600,1008,6,FI
10466022,3162077600,1011,7,FI
10723795,3162077600,1009,7,FI
10723795,3162077600,1110,7,01
10279046,3162077600,1007,5,01
10279046,3162077600,1013,0,PE
10664778,3162077600,1011,6,01
13282254,3162077600,1110,9,01
10698475,3162077600,1007,6,01
12743886,3162077600,1008,5,01
10792793,3162077600,1009,7,FI
10532574,3162077600,CV0004,0,FI
10532574,3162077600,1011,0,01
11318428,3162077600,1109,10,FI
13243061,3162077600,1008,8,01
13243061,3162077600,1009,8,01
10690015,3162077600,1110,8,01
13249466,3162077600,CV0004,9,01
10375621,3162077600,1007,10,01
11502177,3162077600,CV0004,8,01
11502177,3162077600,1110,8,01
10809481,3162077600,1008,8,FI
10809481,3162077600,1011,9,FI
10303629,3162077600,1012,0,PO
12630557,3162077600,1009,0,FI
12735439,3162077600,1011,9,FI
12735439,3162077600,1110,9,FI
10816484,3162077600,1109,6,FI
12300236,3162077600,CV0004,6,FI
12300236,3162077600,1008,7,FI
12300236,3162077600,1009,6,01
13460322,3162077600,CV0004,0,01
13460322,3162077600,1011,0,FI
10434495,3162077600,1109,0,FI
10434495,3162077600,1109,0,EX
10434495,3162077600,1110,0,EX
10318774,3162077600,1007,6,FI
10318774,3162077600,1008,7,FI
10318774,3162077600,1013,0,FO
10736212,3162077600,CV0004,0,01
10278035,3162077600,1109,9,FI
10278035,3162077600,1110,7,FI
13242370,3162077600,1007,10,01
13242370,3162077600,1007,10,FI
13242370,3162077600,1008,9,01
13242370,3162077600,1012,10,PO
10786442,3162077600,1011,9,01
10354121,3162077600,1109,2,EX
10354121,3162077600,1110,0,FI
10691616,3162077600,CV0004,8,01
10691616,3162077600,1007,4,01
10296770,3162077600,1109,5,FI
13242369,3162077600,1008,0,01
10404684,3162077600,1009,0,01
10404684,3162077600,1110,0,01
11074029,3162077551,CV0004,7,01
11074029,3162077551,0827,8,01
11074029,3162077551,0826,6,01
10804683,3162077551,0824,7,FI
10397145,3162077551,0827,9,01
10397145,3162077551,0824,9,FI
10397145,3162077551,CV0010,10,FI
10752122,3162077551,0825,3,01
10808796,3162077551,0823,8,FI
10808796,3162077551,0824,8,FI
13288467,3162077551,0823,8,01
13288467,3162077551,0826,6,01
13288467,3162077551,0828,7,PO
10713535,3162077551,0825,3,01
10713535,3162077551,0824,4,01
10713535,3162077551,0826,5,FI
10700138,3162077551,CV0004,8,FI
10700138,3162077551,0827,6,FI
10700138,3162077551,0822,8,FI
10323951,3162077551,0827,8,01
10323951,3162077551,0827,9,FI
10729579,3162077551,0822,9,FI
10729579,3162077551,0824,7,01
10729579,3162077551,0830,0,FO
10770133,3162077551,0823,4,01
10770133,3162077551,0826,4,FI
10706042,3162077551,0822,7,01
10706042,3162077551,0822,8,FI
13288446,3162077551,CV0010,8,FI
10819055,3162077551,0825,7,01
10819055,3162077551,0822,8,01
10819055,3162077551,0830,0,FO
10748318,3162077551,0825,7,FI
10748318,3162077551,0830,0,FO
10748318,3162077551,0828,6,PO
10809450,3162077551,0824,8,01
10809450,3162077551,0826,8,FI
10758378,3162078584,243265,9,FI
10758378,3162078584,243267,9,01
10758378,3162078584,243267,9,FI
11066151,3162078584,243267,9,01
10791102,3162078584,243267,9,01
10791102,3162078584,243264,8,02
10698470,3162078584,243266,8,01
10698470,3162078584,243264,8,FI
11285049,3162078584,243266,10,FI
11285049,3162078584,243264,9,01
10347923,3162078584,243265,9,02
10347923,3162078584,243267,10,02
10675598,3162078584,243266,7,FI
10783224,3162078584,243264,8,01
13447274,3162078584,243267,10,01
13447274,3162078584,243264,9,FI
13447284,3162078584,243265,9,01
13447284,3162078584,243267,7,02
13447284,3162078584,243266,8,FI
13447284,3162078584,243264,8,01
13035877,3162078584,243266,6,01
13035877,3162078584,243266,8,02
13035877,3162078584,243264,8,FI
10699108,3162078584,243267,10,01
10287428,3162078584,243265,9,FI
11316049,3162078584,243264,7,01
13250043,3162078584,243267,0,EX
13250043,3162078584,243266,0,02
13250043,3162078584,243266,0,FI
13250043,3162078584,243264,1,01
13250043,3162078584,243264,0,FI
11316053,3162078584,243266,10,02
10814418,3162078584,243265,5,02
10814418,3162078584,243267,9,01
10862205,3162078584,243265,10,01
10862205,3162078584,243266,8,FI
10705571,3162078584,243266,7,01
10705571,3162078584,243266,8,02
10705571,3162078584,243264,8,FI
11564293,3162078584,243265,9,02
11564293,3162078584,243267,4,02
10515204,3162078591,243604,5,FI
10515204,3162078591,243270,6,FI
11251858,3162078591,243601,0,FO
10645661,3162078591,243270,8,01
10697595,3162078591,243271,9,FI
10709718,3162078591,243271,4,01
10689702,3162078591,243604,7,FI
10772056,3162078591,243270,4,FI
10714036,3162078591,243270,9,01
10499298,3162078591,243270,7,01
10499298,3162078591,243270,7,FI
10689283,3162078591,243602,10,FI
10697594,3162078591,243601,0,FO
10242875,3162078591,243602,10,01
10850218,3162078591,243602,10,FI
10850218,3162078591,243270,10,FI
10862844,3162078591,243602,10,FI
10862844,3162078591,243271,6,01
10862844,3162078591,243270,9,01
10706060,3162078591,243602,9,01
10706060,3162078591,243270,9,01
10352409,3162078591,243602,8,01
10352409,3162078591,243601,0,FO
10711820,3162078591,243602,8,01
10507995,3162076035,CV0004,8,01
10507995,3162076035,0183,7,01
10507995,3162076035,0176,7,FI
10507995,3162076035,0181,0,PO
11186762,3162076035,0178,0,01
13263308,3162076035,CV0004,4,01
13263308,3162076035,0180,9,01
13263308,3162076035,0183,5,01
11568873,3162076035,CV0004,8,FI
11568873,3162076035,0180,8,01
11568873,3162076035,0181,7,FO
10805336,3162076035,0184,0,FO
10805336,3162076035,0183,5,FI
10805336,3162076035,0175,5,01
13245158,3162076035,CV0004,8,FI
13245158,3162076035,0178,7,01
13245158,3162076035,0178,5,FI
10610451,3162076035,CV0004,8,01
10610451,3162076035,0183,6,01
10610451,3162076035,0176,7,01
10814531,3162076035,0183,8,01
10814531,3162076035,0176,9,FI
10581335,3162076035,0181,10,PO
10713910,3162076035,0183,8,01
10713910,3162076035,0176,7,01
10706770,3162076035,0176,7,01
10849475,3162076035,CV0004,9,01
10468091,3162076035,0181,4,PO
10420918,3162076035,0181,0,PO
10420918,3162076035,0175,5,01
12679099,3162076035,0175,5,01
13097118,3162076035,0181,0,PO
10392821,3162076035,0184,0,FO
10742955,3162075539,1377,6,01
10635766,3162075539,1377,4,01
10734168,3162075539,1373,8,01
10696544,3162075539,1378,0,F2
10503400,3162075539,1373,9,FI
13487291,3162075539,1372,3,EX
13487291,3162075539,1374,7,EX
10017455,3228404816,0649,10,FI
10802285,3228404816,1709,7,02
10677373,3228404816,1709,0,02
10802285,3228404816,0649,4,01
10679695,3228404816,0649,7,01
13075443,3228404816,1709,7,02
13455127,3228404816,1709,10,02
10244048,3228404816,0649,6,FI
10017455,3228404816,0647,9,01
11806221,3228404816,0651,7,FI
10377895,3228404816,0650,0,EX
10661639,3228404816,1709,9,FI
10677900,3228404816,0179,8,02
13476760,3228404816,1709,0,EX
13264942,3228404816,0179,0,EX
13035060,3228404816,0647,6,FI
10615771,3228404816,0179,0,EX
10635003,3228413080,0373,9,01
10780756,3228413080,0370,8,FI
11064614,3228413382,0485,0,FI
13042221,3228413382,0485,0,FI
13042221,3228413382,0483,0,01
12500233,3228413382,0483,0,01
13457137,3228413382,0483,0,01
10677836,3228413382,0483,0,01
10611084,3228413382,1709,8,FI
10695479,3228413382,0373,0,EX
10269408,3228413382,0487,0,EX
12730778,3228413382,0485,0,EX
10834174,3228415772,0179,9,02
11649375,3228415772,1367,8,FI
10711961,3228415772,1367,0,EX
10678151,3228415772,1367,0,EX
10962405,3228415772,1709,4,01
10827153,3228415772,1709,7,01
11514753,3228415772,0179,8,FI
10468121,3228379385,0438,3,01
11671982,3228379385,0438,7,01
11671982,3228379385,0438,6,FI
11039273,3228379385,0437,6,01
10787257,3228379385,0437,6,01
11033515,3228379385,0437,8,01
10995299,3228379385,0438,9,02
11604486,3228379385,0438,3,02
11666166,3228379385,0438,4,02
10835299,3228379385,0441,1,FI
11004486,3228379385,0441,10,FI
11604486,3228379385,0441,0,FI
10929912,3228379385,0441,5,FI
10905782,3228379385,0438,5,FI
11068958,3228379385,0438,0,01
11068958,3228379385,0156,0,01
10421015,3228379385,1709,0,02
10468121,3228379385,0156,6,FI
13458066,3228379385,0438,10,FI
11666166,3228379385,0437,7,FI
13290996,3228406931,0623,8,FI
10824614,3228406931,0623,0,FI
11059841,3228406931,0623,7,FI
10443575,3228406931,0623,0,FI
10249410,3228406931,0623,7,FI
10824007,3228406931,1012p,9,02
12561661,3228406931,1012p,8,02
10824007,3228406931,1012p,9,FI
10813126,3228406931,1012p,9,FI
10530803,3228406931,1012p,8,FI
13456007,3228406931,1012p,9,FI
11089472,3228406931,1012p,7,FI
10797573,3228406931,1012p,9,FI
10813126,3228406931,0623,9,02
10776549,3228406931,0623,10,02
10726936,3228406931,0623,8,02
10764144,3228406931,0623,7,02
10530803,3228406931,0623,10,02
10630363,3228406931,0623,8,02
10852161,3228406931,0623,10,02
10797573,3228406931,0623,9,02
10754604,3228406931,0623,9,02
10824614,3228406931,1012p,2,FI
10709557,3228406931,0931,0,FI
10764144,3228406931,0930,5,FI
11811552,3228406931,1012p,5,01
13523913,3228406931,1012p,0,01
11800453,3228406931,1012p,0,01
10499331,3228406931,1012p,0,01
10940616,3228406931,1709,0,FI
11629523,3228406931,1709,0,FI
10304385,3228406931,1012p,9,FI
10330111,3228406931,0931,8,FI
13461591,3228406931,1709,7,01
10630337,3228406931,1010,3,EX
10766452,3228406545,CV0008,9,01
11790917,3228406545,CV0008,10,01
10742994,3228406545,CV0008,10,01
10847609,3228406545,CV0008,7,01
10804606,3228406545,CV0008,8,01
13170472,3228406545,CV0008,3,01
10729793,3228406545,0622,2,FI
11231507,3228406545,0623,0,EX
13470345,3228406545,0622,0,EX
13170472,3228406545,0625,0,EX
10843404,3228410748,0171,8,01
10843404,3228410748,0172,8,01
10843404,3228410748,0173,7,FI
10843404,3228410748,0177,9,FI
10506040,3228410748,0177,0,FI
13453640,3228410748,0171,9,01
10700069,3228410748,0171,8,01
10700069,3228410748,0181p,0,EX
13456058,3228410748,0171,0,EX
13456058,3228410748,0174,0,EX
10507411,3228410748,0171,0,EX
10700069,3228410748,0172,0,FI
10392181,3228410748,0171,8,02
13480000,3228410748,0171,6,02
10392181,3228410748,0177,8,FI
10506040,3228410748,0181p,7,01
10506040,3228410748,0174,0,FI
10488332,3228410748,0181p,6,01
10664803,3228410748,0171,0,FI
12413993,3228410748,0173,0,01
10509253,3228410748,1709,0,FI
10509253,3228410748,0173,0,EX
13455821,3228410748,0173,6,FI
13456058,3228410748,0173,0,EX
10507411,3228410748,0173,0,EX
13456058,3228410748,0177,0,EX
10691269,3228410748,0181p,0,02
10698109,3228410357,0171,9,02
10719000,3228410357,0171,8,02
10410077,3228410357,0384,7,EX
10410077,3228410357,0172,7,EX
13455702,3228410357,1709,9,FI
10645102,3228410357,1709,7,FI
10820272,3228410357,0172,6,FI
10742128,3228410892,0179,8,01
10320497,3228410892,0179,7,01
10514139,3228410892,0179,9,01
11036107,3228381273,1709,7,01
13291541,3228381273,1709,9,01
11003632,3228381273,1226,0,EX
10916721,3228381273,1226,0,EX
10916721,3228381273,1231,0,EX
10851064,3162077488,1235,5,EX
10912726,3228381273,1231,7,01
10846382,3228390016,0225,4,FI
10893131,3228390016,0225,6,FI
13452408,3228390016,0225,10,FI
10917865,3228390016,0225,5,FI
11011197,3228390016,0225,10,FI
10776723,3228390016,0225,3,FI
10929469,3228390016,0223,3,FI
11622314,3228390016,0223,7,FI
11622314,3228390016,0156,5,EX
13458016,3228390016,0223,0,02
12647763,3228390016,0223,0,02
11479705,3228390016,0223,7,02
13458016,3228390016,0221,0,01
13458659,3228390016,0221,0,01
10776723,3228390016,1709,5,FI
10776723,3228390016,0222,7,02
10517185,3228390016,0221,0,EX
10766806,3162077488,1227,8,FI
10909605,3162077488,1227,7,FI
10897205,3162077488,1227,6,FI
10802935,3162077488,1227,7,FI
11336367,3162077488,1227,7,FI
10770893,3162077488,1227,5,EX
10770893,3162077488,1230,5,EX
10718886,3162077600,1109,7,01
10718081,3162077600,1109,7,01
10833265,3162077600,1008,9,FI
10532574,3162077600,1007,0,EX
10803572,3162077600,1007,7,FI
13447274,3162078584,243267,10,FI
10772056,3162078591,243604,5,FI
10352409,3162078591,243604,6,01
10711820,3162078591,243604,7,01
10742422,3162076035,0180,7,FI
10805336,3162076035,0180,7,FI
10468091,3162076035,0180,8,FI
10805336,3162076035,CV0004,5,01
10805336,3162076035,0175,5,FI
10849475,3162076035,0175,8,FI
10610451,3162076035,0175,5,FI
10267575,3162076035,0175,0,EX
13097118,3162076035,0180,9,FI
10392821,3162076035,0176,7,01
10392821,3162076035,0176,9,FI
11921786,3162076035,0176,9,FI
13249462,3162076035,0183,9,01
12730900,3162076035,0176,0,01
10675919,3162076098,0399,8,FI
10513851,3162076098,0399,6,FI
10837553,3162076098,0180,6,01
10699672,3162076098,0399,4,01
10677163,3162076098,0403,0,FO
10837523,3162076098,0398,4,01
10803272,3162076098,0398,8,FI
10803272,3162076098,0399,9,01
12468964,3162076098,CV0004,9,01
12468964,3162076098,0180,10,01
12468964,3162076098,0399,4,01
10700883,3162076098,0180,7,01
10700883,3162076098,0399,8,01
10778000,3162076098,0399,8,FI
10778000,3162076098,0397,9,FI
12398431,3162076098,0400,10,PO
12398431,3162076098,0399,9,FI
13127380,3162076098,0180,1,FI
13127380,3162076098,0400,0,PO
13127380,3162076098,0397,9,01
10709639,3162076098,0403,0,FO
10664986,3162076119,CV0004,7,FI
11632133,3162076119,0180,9,01
10690446,3162076119,0387,8,01
10696634,3162076119,0385,9,FI
12058330,3162076119,0180,4,FI
10277303,3162076119,0388,9,PO
10486936,3162076119,CV0004,8,FI
10486936,3162076119,0386,8,01
10610383,3162076119,0385,8,FI
10516555,3162076119,0388,0,PO
12734916,3162076119,0387,0,01
10513718,3162076119,0388,0,P1
10737176,3162079713,0448,8,FI
10857947,3162079713,CV0002,8,FI
10857947,3162079713,0442,6,FI
10737176,3162079713,0451,0,FO
10916753,3162079713,0448,5,FI
10888026,3162079713,CV0002,9,FI
10888026,3162079713,0442,7,FI
11802825,3162079713,0451,0,FO
10925424,3162079713,0446,9,FI
10925424,3162079713,0442,9,01
10925424,3162079713,0451,0,FO
12890835,3162079713,0446,5,01
12890835,3162079713,0446,7,FI
12890835,3162079713,0442,7,FI
10707891,3162079713,0446,6,FI
10707891,3162079713,0448,5,FI
10924358,3162079713,0446,4,01
10924358,3162079713,0448,6,FI
10787713,3162079713,0442,7,01
11010026,3162079713,0443,4,FI
10832154,3162079713,0451,0,FO
12320496,3162079713,0443,1,01
10793477,3162079713,0446,9,FI
13116617,3162079713,0443,8,01
10431853,3162079713,0443,8,01
13101838,3162079713,0442,7,FI
10308441,3162079713,0448,0,01
10416752,3162079713,0446,6,01
10416752,3162079713,0442,3,01
11738860,3162079713,0446,3,FI
11738860,3162079713,0443,0,01
12731696,3162079713,CV0002,7,01
12731696,3162079713,0446,9,FI
10442321,3162079713,0448,0,01
12380827,3162079713,CV0002,5,FI
12380827,3162079713,0448,0,01
13458925,3162079713,CV0002,9,FI
11240615,3162079713,CV0002,4,01
10991644,3162079713,0446,7,01
13459444,3162079713,0448,0,EX
10323662,3162079713,0448,3,EX
11569044,3162079713,0443,3,FI
11502410,3162079713,0448,6,FI
11402624,3162079713,0448,0,01
10728710,3162079713,0446,0,01
12839405,3162079713,0446,0,01
13263684,3162079713,CV0002,8,FI
13263684,3162079713,0446,10,01
13263684,3162079713,0443,8,01
12832437,3162079713,0448,5,01
12853739,3162079713,0446,7,FI
12853739,3162079713,0442,6,01
12853739,3162079713,0442,6,FI
11479322,3162079713,0448,2,EX
10735143,3162079790,0655,0,FI
10735143,3162079790,0656,0,EX
10410551,3162079790,0653,5,FI
10283468,3162079790,0653,6,EX
10283468,3162079790,0656,8,FI
13282224,3162079790,0657,9,PO
13282224,3162079790,0652,8,01
13282224,3162079790,0656,6,01
10835661,3162079790,0652,6,01
10835661,3162079790,0656,8,FI
10835661,3162079790,0660,0,FO
12840433,3162079790,0653,8,FI
11837806,3162079790,0655,8,01
11837806,3162079790,0652,4,01
10437711,3162079790,0655,9,01
10437711,3162079790,0652,8,01
11262097,3162079790,0653,7,01
10500611,3162079790,0656,7,01
10679690,3162079790,0654,6,FI
13038791,3162079790,0655,7,01
13038791,3162079790,0654,7,FI
10743003,3162079790,0655,8,FI
10743003,3162079790,0652,7,01
10743003,3162079790,0660,0,FO
13235855,3162079790,0653,7,01
10515573,3162079790,0655,4,01
10515573,3162079790,0652,0,EX
10515573,3162079790,0656,8,FI
10515573,3162079790,0654,0,EX
11825237,3162079790,CV0004,7,FI
11825237,3162079790,0657,5,PE
11825237,3162079790,0652,4,01
10862522,3162079790,0653,7,01
10792061,3162079790,0657,6,PO
10792061,3162079790,0652,4,01
10792061,3162079790,0653,7,01
10699015,3162079790,0655,7,FI
10699015,3162079790,0652,6,FI
10707732,3162079790,0657,0,PO
10707732,3162079790,0657,5,PE
10707732,3162079790,0652,4,01
10707732,3162079790,0654,4,01
13245586,3162079790,0652,9,FI
10819298,3162079790,0653,6,01
10819298,3162079790,0660,0,FO
11144559,3162079790,0657,9,PO
13246215,3162079790,0655,9,FI
13246215,3162079790,0652,7,FI
13246215,3162079790,0656,5,01
13246215,3162079790,0656,7,FI
11335638,3162079790,0660,0,FO
11335638,3162079790,0654,5,FI
12737880,3162079790,CV0004,9,FI
11409670,3162079790,CV0004,0,FI
11409670,3162079790,0655,0,FI
11409670,3162079790,0653,0,01
13320897,3162079790,0652,0,EX
11158088,3162079790,0653,0,EX
12491074,3162079790,0652,4,FI
12731205,3162079790,0655,0,01
12568905,3162079790,0655,0,FI
13248595,3162079790,0652,6,FI
11741280,3162079790,0653,6,01
12020369,3162079790,0653,5,FI
12020369,3162079790,0654,4,FI
13527455,3162079790,0653,9,01
13038809,3162079790,0657,7,PO
13038809,3162079790,0656,9,01
11875204,3162079790,0653,7,01
13298754,3162079790,CV0004,0,EX
13298754,3162079790,0652,0,01
10283680,3162079790,0655,0,EX
10283680,3162079790,0653,0,EX
10283680,3162079790,0654,0,01
10601480,3162079790,0652,7,01
13248312,3162079790,0652,2,01
13248312,3162079790,0652,6,EX
12731503,3162079790,0653,0,EX
12567860,3162079790,CV0004,8,FI
12567860,3162079790,0655,5,01
12567860,3162079790,0652,6,FI
12567860,3162079790,0653,7,FI
12567860,3162079790,0656,9,FI
10454503,3162079790,0655,0,EX
10454503,3162079790,0652,3,FI
10279159,3162079790,0653,7,FI
12685301,3162079790,CV0004,0,EX
12685301,3162079790,0652,0,01
12685301,3162079790,0654,0,FI
11246656,3162079790,CV0004,7,01
11553064,3162079790,0657,6,PO
11553064,3162079790,0653,6,01
10730130,3162079790,0655,4,FI
10451024,3162079790,0653,4,01
11170823,3162079790,0652,0,EX
10349643,3162079790,0656,8,FI
13038756,3162079790,0656,0,FI
13248215,3162079790,0652,3,FI
10323618,3162079790,0654,0,01
10327143,3162079790,0654,0,01
10327143,3162079790,0654,0,EX
11312274,3162079790,0654,2,FI
13242362,3162079790,CV0004,5,FI
13242362,3162079790,0655,4,FI
13242362,3162079790,0656,8,FI
13242362,3162079790,0654,3,01
10840651,3162079860,5022,8,FI
10809218,3162079860,5021,10,FI
10415513,3162079860,5025,9,01
12724396,3162079860,5021,10,FI
12724396,3162079860,5022,8,01
12724396,3162079860,5022,9,FI
12724396,3162079860,5023,9,01
10380889,3162079860,5021,5,FI
10740579,3162079860,5022,8,FI
10740579,3162079860,5026,8,FI
10846791,3162079860,5024,8,01
10846791,3162079860,5025,9,01
11430890,3162079860,5024,6,FI
10810094,3162079860,5022,4,FI
10355633,3162079860,5022,6,01
10355633,3162079860,5026,8,01
11482158,3162079860,5022,6,FI
11482158,3162079860,5023,0,01
11482158,3162079860,5026,8,01
10808794,3162079860,5024,9,01
12874164,3162079860,5024,9,01
10781314,3162079860,5024,8,01
10781314,3162079860,5025,7,FI
10586308,3162079860,5023,8,01
10586308,3162079860,5026,9,FI
10799062,3162079874,5074,7,FI
10799062,3162079874,5075,7,01
10736698,3162079874,5072,7,FI
10832732,3162079874,5071,7,01
10481669,3162079874,5071,8,FI
10747327,3162079874,5072,8,FI
10747327,3162079874,5073,9,FI
10747327,3162079874,5075,8,FI
10304881,3162079874,5071,0,EX
10304881,3162079874,5073,0,01
11502777,3162079874,5073,7,01
10726154,3162079874,5071,8,FI
10726154,3162079874,5074,10,01
10516191,3162079874,5075,10,01
10837507,3162079874,5071,0,EX
10837507,3162079874,5072,0,01
10837507,3162079874,5075,0,01
10405270,3162079874,5072,0,FI
10403933,3162079874,5072,0,01
10406026,3162079874,5073,8,01
12068421,3162079874,5073,6,01
12068421,3162079874,5074,10,FI
12068421,3162079874,5075,10,FI
10837451,3162080071,0381,8,01
11635385,3162080071,0375,7,01
10707778,3162080071,0375,0,EX
10707778,3162080071,0374,0,FI
10855729,3162080071,0375,9,01
10855729,3162080071,0374,9,01
10611327,3162080071,0375,10,FI
10611327,3162080071,0376,10,FI
11242377,3162080071,CV0004,7,01
10267085,3162080071,0376,7,01
10267085,3162080071,0376,6,FI
10832107,3162080071,CV0004,9,01
10832107,3162080071,0375,10,FI
10679688,3162080071,0375,9,FI
10707654,3162080071,0381,4,01
10676228,3162080071,CV0004,9,01
10676228,3162080071,0376,8,FI
10837560,3162080071,0378,8,01
10864476,3162080071,0378,6,FI
10864476,3162080071,0377,4,01
10864476,3162080071,0376,7,FI
10832097,3162080071,0381,7,01
12722174,3162080071,CV0004,10,FI
13257199,3162080071,0374,10,FI
10634348,3162080071,CV0004,8,01
10634348,3162080071,0375,2,01
10634348,3162080071,0375,8,FI
10634348,3162080071,0376,6,FI
10691654,3162080071,0375,5,01
10687382,3162080071,CV0004,7,FI
10687382,3162080071,0378,5,01
10500950,3162080071,0375,0,EX
10711859,3162080071,0375,0,01
10293307,3162079993,0490,7,01
10293307,3162079993,0488,8,FI
13248857,3162079993,0491,0,01
10679671,3162079993,0491,0,EX
10679671,3162079993,0490,0,FI
10679671,3162079993,0488,3,FI
12636620,3162079993,0491,0,FI
10364384,3162079993,CV0004,10,FI
10364384,3162079993,0494,7,01
10525745,3162079993,0489,8,FI
10437714,3162079993,0491,2,01
12427040,3162079993,CV0004,6,FI
13459614,3162079993,0494,0,FI
13459614,3162079993,0491,0,01
13459614,3162079993,0488,0,01
13459614,3162079993,0488,0,FI
12040403,3162079993,0490,4,FI
11254010,3162079993,0488,8,FI
10332148,3162079993,0491,0,EX
10332148,3162079993,0490,0,FI
10332148,3162079993,0486,8,EX
11400429,3162079993,CV0004,5,01
10279313,3162079993,0489,6,FI
10640914,3162079993,0495,0,FO
10640914,3162079993,0486,0,01
10905913,3162079993,0486,0,FI
13245900,3162079993,0488,5,01
13038149,3162079993,CV0004,8,FI
13038149,3162079993,0489,5,01
12735228,3162079993,0491,9,FI
10512597,3162079993,0491,5,01
10512597,3162079993,0489,7,01
11904882,3162079993,CV0004,1,01
11904882,3162079993,0488,5,FI
10965828,3162079993,0489,5,FI
10965828,3162079993,0488,8,FI
10984790,3162079993,0486,0,01
10635824,3162079993,0495,0,FO
10635824,3162079993,0492,6,PO
10635824,3162079993,0490,5,01
10635824,3162079993,0488,5,01
10279375,3162079957,0615,6,01
10711791,3162079957,0614,7,01
10711791,3162079957,0612,2,FI
10666129,3162079957,0614,8,FI
10666129,3162079957,0612,6,01
10945672,3162079957,0615,6,01
10945672,3162079957,0614,8,01
10945672,3162079957,0612,7,01
10837069,3162079957,CV0004,7,01
10736098,3162079957,0614,4,01
10254986,3162079957,CV0004,10,FI
10254986,3162079957,0616,10,PO
10679677,3162079957,0614,7,01
10201417,3162079957,CV0004,10,01
10201417,3162079957,0618,9,01
10201417,3162079957,0614,8,01
10201417,3162079957,0612,9,FI
10730670,3162079957,0619,0,FO
10820972,3162079957,CV0004,8,01
10820972,3162079957,0615,9,01
10820972,3162079957,0614,8,01
10663063,3162079957,0615,5,01
10663063,3162079957,0612,9,FI
10392051,3162079957,0615,4,01
10392051,3162079957,0614,4,01
10489583,3162079957,0614,7,01
10489583,3162079957,0612,9,01
13294635,3162079957,0618,8,01
11736342,3162079957,0614,10,FI
10689194,3162079957,CV0004,8,FI
10689194,3162079957,0613,8,01
10689194,3162079957,0612,10,FI
10817332,3162079957,0619,0,FO
10817332,3162079957,0615,7,01
10027669,3162079936,0228,0,01
10910799,3162079936,0227,9,01
10906556,3162079936,0228,4,01
10906556,3162079936,0226,3,FI
10912321,3162079936,0228,10,01
10837080,3162079936,CV0002,8,FI
10888617,3162079936,0228,10,01
10904569,3162079936,0231,0,FO
10892259,3162079936,CV0002,7,FI
10892259,3162079936,0231,0,FO
13261957,3162079936,0228,4,FI
13261957,3162079936,0227,5,01
10911373,3162079936,0226,10,FI
10911373,3162079936,0231,0,FO
10789656,3162079936,CV0002,7,01
10789656,3162079936,CV0002,7,FI
10789656,3162079936,0224,8,FI
11088604,3162079936,0228,9,FI
10909591,3162079936,0228,10,01
10017433,3162079936,0230,8,01
12730601,3162079936,0230,8,FI
12730601,3162079936,0226,9,FI
12505624,3162079936,0228,6,01
13086978,3162079936,0228,8,FI
13086978,3162079936,0224,6,FI
11407222,3162079936,0230,5,FI
13031141,3162079936,0228,9,FI
13031141,3162079936,0227,7,FI
10344575,3162079936,0228,8,01
10344575,3162079936,0227,7,FI
13250561,3162079936,CV0002,0,EX
13250561,3162079936,0227,0,FI
10416745,3162079936,0230,3,01
10416745,3162079936,0230,0,FI
10978459,3162079936,0230,8,FI
10978459,3162079936,0228,0,FI
10793625,3162075411,028502,8,FI
10793625,3162075411,028505,7,01
10793625,3162075411,028503,8,02
10260898,3162075411,028504,10,02
10260898,3162075411,028505,8,02
10260898,3162075411,028001,8,FI
10260898,3162075411,028100,9,02
12921679,3162075411,028502,7,FI
12921679,3162075411,028504,8,01
12921679,3162075411,028505,4,02
13452193,3162075411,028001,8,01
13452193,3162075411,028501,9,FI
11572769,3162075411,028502,0,02
10767533,3162075411,028502,9,FI
10767533,3162075411,028504,10,01
10767533,3162075411,028100,8,01
10471049,3162075411,028001,9,FI
10464351,3162075411,028502,8,FI
10464351,3162075411,028501,9,01
10892583,3162075411,028505,4,FI
10892583,3162075411,028100,6,FI
10931651,3162075411,028505,5,FI
10931651,3162075411,028001,8,01
10931651,3162075411,028100,8,01
10931651,3162075411,028100,9,02
10783770,3162075411,028504,7,FI
10783770,3162075411,028503,7,02
10783770,3162075411,028503,8,FI
10783770,3162075411,028100,7,02
11006716,3162075411,028502,7,FI
11004261,3162075411,028505,4,02
11004261,3162075411,028503,7,02
10333832,3162075411,028505,4,01
10333832,3162075411,028100,5,01
10901871,3162075411,028502,8,01
10901871,3162075411,028505,3,02
10901871,3162075411,028001,7,02
11001548,3162075411,028504,9,02
11001548,3162075411,028504,8,FI
11001548,3162075411,028001,8,FI
10409975,3162075411,028001,0,01
10409975,3162075411,028001,0,EX
13451031,3162075411,028001,6,01
13451031,3162075411,028501,7,02
13451031,3162075411,028100,7,01
10428502,3162075411,028504,3,02
10904286,3162075411,028503,8,FI
12869703,3162075411,028001,6,FI
12869703,3162075411,028501,3,FI
11176344,3162075411,028504,5,01
11176344,3162075411,028503,6,FI
10824027,3162075411,028504,8,01
10824027,3162075411,028505,6,FI
10824027,3162075411,028100,7,FI
11025178,3162075411,028505,4,02
10358166,3162075411,028502,10,01
11318443,3162075411,028504,10,FI
10906346,3162075411,028502,8,FI
10906346,3162075411,028503,8,01
10906346,3162075411,028503,4,02
10906346,3162075411,028100,10,02
10906346,3162075411,028100,10,FI
10927446,3162075411,028503,7,02
10927446,3162075411,028501,8,FI
10777684,3162075411,028001,7,02
12941115,3162075411,028502,9,01
12941115,3162075411,028502,8,02
12941115,3162075411,028503,7,01
12941115,3162075411,028501,9,01
12941115,3162075411,028501,7,02
13246042,3162075411,028503,10,02
13156002,3162075411,028502,0,01
13156002,3162075411,028504,0,01
13156002,3162075411,028504,0,02
13156002,3162075411,028505,0,01
10805472,3162075411,028505,1,02
10926900,3162075411,028502,8,01
10926900,3162075411,028504,9,01
10926900,3162075411,028505,9,FI
10926900,3162075411,028501,9,01
10926900,3162075411,028100,9,02
13287506,3162075411,028504,9,01
13287506,3162075411,028001,9,02
13287506,3162075411,028100,9,01
10801002,3162075411,028505,8,02
10801002,3162075411,028505,8,FI
10801002,3162075411,028503,8,02
13071991,3162075411,028505,8,02
13071991,3162075411,028503,10,02
11260593,3162075411,028504,6,01
11260593,3162075411,028001,6,01
11260593,3162075411,028001,0,EX
10895653,3162075411,028001,6,01
10895653,3162075411,028100,8,01
10698491,3162075411,028504,6,01
10698491,3162075411,028001,1,02
10698491,3162075411,028501,4,02
10698491,3162075411,028100,5,02
13124409,3162075411,028502,8,01
13124409,3162075411,028503,9,01
13124409,3162075411,028503,10,FI
11328075,3162075411,028504,8,FI
11328075,3162075411,028505,4,02
11328075,3162075411,028001,6,01
11328075,3162075411,028001,6,FI
11328075,3162075411,028503,7,FI
10496467,3162075411,028502,8,02
12879841,3162075411,028502,0,FI
12879841,3162075411,028504,0,02
12879841,3162075411,028501,0,01
10924060,3162075411,028001,4,01
10924060,3162075411,028001,6,FI
10924060,3162075411,028501,2,FI
13456219,3162075411,028505,7,01
13456219,3162075411,028001,8,01
13456219,3162075411,028503,10,01
13456219,3162075411,028501,9,FI
11231768,3162075411,028504,0,EX
10904182,3162075411,028505,8,FI
10904182,3162075411,028001,5,02
10904182,3162075411,028503,7,02
13458419,3162075411,028505,7,02
13458419,3162075411,028100,9,01
11032717,3162075411,028502,8,01
11032717,3162075411,028505,8,FI
11032717,3162075411,028503,8,02
10446775,3162075411,028504,0,FI
10446775,3162075411,028504,0,EX
10446775,3162075411,028501,0,01
10912191,3162075411,028502,3,FI
10912191,3162075411,028505,3,02
10912191,3162075411,028505,4,FI
10912191,3162075411,028001,5,FI
10912191,3162075411,028503,4,02
10912191,3162075411,028100,2,01
13095949,3162075411,028505,4,01
13095949,3162075411,028503,10,02
13095949,3162075411,028100,9,02
13456990,3162075411,028502,9,02
13456990,3162075411,028504,7,02
13456990,3162075411,028001,7,02
13456990,3162075411,028501,7,FI
13458439,3162075411,028501,10,01
13458439,3162075411,028501,7,02
13458439,3162075411,028100,9,01
10718947,3162075411,028504,7,01
10718947,3162075411,028001,8,01
10718947,3162075411,028001,8,FI
10718947,3162075411,028100,10,02
10511909,3162075411,028502,0,02
10511909,3162075411,028505,0,EX
10511909,3162075411,028001,0,02
10511909,3162075411,028503,0,FI
11321787,3162075411,028100,10,01
10705766,3162075411,028502,0,FI
10705766,3162075411,028504,3,01
10705766,3162075411,028503,0,02
10705766,3162075411,028100,4,01
13364778,3162075411,028502,10,01
13364778,3162075411,028504,8,01
13364778,3162075411,028503,9,FI
13364778,3162075411,028501,8,01
13364778,3162075411,028501,7,02
10244186,3162075411,028505,6,02
10244186,3162075411,028501,7,FI
12151166,3162075411,028505,6,FI
12151166,3162075411,028100,8,FI
10803834,3162075411,028502,5,FI
10803834,3162075411,028503,7,01
10803834,3162075411,028100,7,FI
10442635,3162075411,028504,0,FI
10442635,3162075411,028505,0,02
10442635,3162075411,028001,4,01
13514018,3162075411,028504,8,FI
13514018,3162075411,028503,10,02
10913310,3162075411,028100,8,01
11173156,3162075411,028502,7,FI
10894182,3162075411,028502,7,01
10894182,3162075411,028505,7,FI
10894182,3162075411,028503,6,01
10894182,3162075411,028503,7,FI
11013996,3162075411,028505,7,02
11013996,3162075411,028501,8,01
11013996,3162075411,028501,9,FI
13459090,3162075411,028503,10,FI
10384941,3162075411,028504,9,02
10384941,3162075411,028505,7,02
10616148,3162075411,028505,0,01
10616148,3162075411,028505,4,FI
10491541,3162075411,028505,7,FI
10491541,3162075411,028503,7,01
11144881,3162075411,028502,0,FI
11144881,3162075411,028504,6,02
11144881,3162075411,028503,0,EX
11144881,3162075411,028501,0,FI
12451319,3162075411,028001,9,FI
12510297,3162075411,028502,10,01
12510297,3162075411,028501,8,01
12510297,3162075411,028501,8,02
10382918,3162075411,028504,0,01
10382918,3162075411,028001,8,FI
10382918,3162075411,028501,0,01
12373449,3162075411,028505,4,01
12373449,3162075411,028505,4,02
12373449,3162075411,028501,5,01
10241444,3162075411,028505,0,02
10241444,3162075411,028505,0,FI
10241444,3162075411,028505,0,EX
10241444,3162075411,028100,0,FI
11664133,3162075411,028001,7,FI
10017418,3162075411,028502,6,01
13230238,3162075411,028502,0,02
11027241,3162075411,028502,8,02
11027241,3162075411,028501,8,01
13035254,3162075411,028502,9,01
13035254,3162075411,028503,9,02
13035254,3162075411,028501,6,01
13035254,3162075411,028100,8,02
13124410,3162075411,028505,6,01
13124410,3162075411,028501,7,FI
12877007,3162075411,028502,7,02
12877007,3162075411,028001,6,01
12877007,3162075411,028503,8,02
10506539,3162075411,028502,7,FI
10506539,3162075411,028505,7,01
10506539,3162075411,028501,7,FI
10407717,3162075411,028100,0,02
12630701,3162075411,028504,9,FI
10724616,3162075411,028502,7,01
10388125,3162075411,028504,8,01
10925235,3162075411,028501,2,FI
13365806,3162075411,028504,9,02
11236141,3162075411,028100,8,02
13289936,3162075411,028504,6,01
13289936,3162075411,028001,8,01
13289936,3162075411,028001,9,FI
13289936,3162075411,028100,9,01
12618601,3162075411,028502,8,01
12618601,3162075411,028504,9,01
12618601,3162075411,028505,0,02
12618601,3162075411,028503,8,01
12618601,3162075411,028100,0,FI
10952090,3162075411,028504,8,02
10952090,3162075411,028503,10,02
10952090,3162075411,028501,3,02
10899221,3162075418,028601,0,F2
12623151,3162075418,028601,0,FO
12559644,3162075418,028601,0,FO
10525708,3162075418,028601,0,FO
10657224,3162075539,CV0004,9,FI
10657224,3162075539,1371,9,FI
10657224,3162075539,1374,6,01
10652405,3162075539,CV0004,8,01
10652405,3162075539,1378,0,FO
10652405,3162075539,1371,7,01
10652405,3162075539,1374,8,FI
10652405,3162075539,1377,10,FI
10831149,3162075539,1371,7,FI
10701794,3162075539,1372,8,01
13242130,3162075539,1377,10,01
13281830,3162075539,CV0004,7,FI
13281830,3162075539,1373,8,01
13281830,3162075539,1377,8,FI
10396024,3162075539,1375,9,PO
10396024,3162075539,1374,7,01
10620831,3162075539,CV0004,8,01
10620831,3162075539,1373,6,01
10620831,3162075539,1373,7,FI
10822528,3162075539,CV0004,7,01
13011023,3162075539,CV0004,5,FI
13011023,3162075539,1371,7,FI
13011023,3162075539,1372,7,01
10657734,3162075539,1373,8,FI
10859549,3162075539,1374,9,FI
10711968,3162075539,1371,9,FI
10711968,3162075539,1373,8,01
13256847,3162075539,1372,10,FI
10679716,3162075539,1377,9,01
10698110,3162075539,1372,4,01
10243955,3162075539,1378,0,FO
10319363,3162075539,1375,10,PO
10319363,3162075539,1372,8,FI
10319363,3162075539,1373,6,01
12739203,3162075539,1372,8,FI
12739203,3162075539,1373,8,01
10027372,3162075539,1374,8,01
10689174,3162075539,CV0004,9,01
10689174,3162075539,CV0004,8,FI
10689174,3162075539,1372,8,FI
10698052,3162075539,1377,6,01
10324078,3162075539,1375,10,PO
10324078,3162075539,1377,7,01
10781254,3162075539,CV0004,9,01
10781254,3162075539,CV0004,8,FI
10781254,3162075539,1374,8,FI
11831183,3162075539,CV0004,7,FI
11831183,3162075539,1371,7,01
11831183,3162075539,1373,8,01
10734168,3162075539,1372,8,01
10017422,3162075539,1371,9,01
10735610,3162075539,1371,8,FI
10320009,3162075539,1378,0,FO
10845796,3162075539,CV0004,7,FI
10503400,3162075539,1374,9,FI
10937787,3162075539,1373,8,FI
13487291,3162075539,1374,4,FI
10414870,3228404816,0648,8,01
10025295,3228404816,0651,7,FI
12690668,3228404816,0657p,9,01
12690668,3228404816,0179,7,FI
12690668,3228404816,0648,8,01
13450442,3228404816,0657p,0,EX
10711948,3228404816,0657p,9,01
10711948,3228404816,0179,7,FI
10711948,3228404816,0651,6,02
10244048,3228404816,0657p,9,01
10244048,3228404816,0657p,9,02
10244048,3228404816,0179,8,02
10509186,3228404816,0647,9,02
12332046,3228404816,0647,4,02
10452196,3228404816,0649,10,01
10452196,3228404816,0649,9,02
10742998,3228404816,0651,9,02
10742998,3228404816,0650,10,01
10742998,3228404816,0648,9,02
10742998,3228404816,0648,9,FI
10906957,3228404816,0650,7,01
10677373,3228404816,0657p,0,EX
10677373,3228404816,0651,5,01
10350415,3228404816,0648,9,02
10350415,3228404816,0649,7,02
10350415,3228404816,0647,7,02
10024578,3228404816,0657p,9,01
10024578,3228404816,0657p,9,02
10024578,3228404816,0179,6,02
13455127,3228404816,0179,8,FI
13455127,3228404816,0648,9,FI
10780784,3228404816,0651,7,02
10780784,3228404816,0649,7,02
10780784,3228404816,0649,4,EX
10780784,3228404816,0647,4,01
13078687,3228404816,0649,9,02
13078687,3228404816,0649,9,FI
10679723,3228404816,0648,7,FI
10679723,3228404816,0649,6,02
10840138,3228404816,0650,6,FI
10840138,3228404816,0648,8,02
10017455,3228404816,0650,10,02
10017455,3228404816,0648,8,01
11806221,3228404816,0651,7,01
11806221,3228404816,0650,6,01
11806221,3228404816,0648,7,FI
11806221,3228404816,0649,8,FI
13035058,3228404816,0657p,8,01
13035058,3228404816,0648,8,FI
10377895,3228404816,1709,0,01
10377895,3228404816,0657p,0,FI
10377895,3228404816,0179,0,01
10377895,3228404816,0651,0,02
10377895,3228404816,0649,0,01
10377895,3228404816,0647,0,FI
10661639,3228404816,0657p,9,02
10661639,3228404816,0179,7,FI
10661639,3228404816,0648,9,01
10661639,3228404816,0649,7,01
10661639,3228404816,0647,8,FI
10357636,3228404816,0657p,7,FI
10357636,3228404816,0647,7,01
10357636,3228404816,0647,6,FI
11338343,3228404816,0650,7,FI
10991112,3228404816,0648,9,FI
10991112,3228404816,0649,8,01
10819112,3228404816,0650,6,EX
10819112,3228404816,0647,6,02
10953575,3228404816,0650,6,01
10381846,3228404816,0179,9,FI
10381846,3228404816,0647,8,02
13456235,3228404816,0650,0,02
13456235,3228404816,0649,0,02
10679695,3228404816,0657p,7,FI
10679695,3228404816,0650,6,01
10677900,3228404816,0657p,7,02
10677900,3228404816,0179,7,01
10677900,3228404816,0651,7,02
13064420,3228404816,0648,8,FI
13064420,3228404816,0647,8,01
10256435,3228404816,0651,7,02
10256435,3228404816,0650,6,01
13060964,3228404816,1709,0,FI
13060964,3228404816,1709,0,EX
13060964,3228404816,0657p,0,01
13060964,3228404816,0179,0,FI
13060964,3228404816,0647,0,FI
10279441,3228404816,1709,9,02
10279441,3228404816,0657p,9,02
13264942,3228404816,0179,0,FI
13264942,3228404816,0651,0,FI
13264942,3228404816,0651,0,EX
13264942,3228404816,0650,4,01
13264942,3228404816,0650,0,EX
13264942,3228404816,0648,3,01
13264942,3228404816,0649,3,01
13264942,3228404816,0649,0,02
13264942,3228404816,0649,0,FI
10953290,3228404816,0179,9,02
10953290,3228404816,0647,8,02
10953290,3228404816,0647,8,FI
10463434,3228404816,0651,0,EX
10463434,3228404816,0650,0,EX
10463434,3228404816,0648,0,FI
10463434,3228404816,0648,0,EX
10463434,3228404816,0649,7,02
10463434,3228404816,0647,0,02
11254695,3228404816,0648,0,02
11254695,3228404816,0649,0,02
11664368,3228404816,0179,4,01
11664368,3228404816,0651,6,01
11664368,3228404816,0650,4,01
11481642,3228404816,0648,0,01
11481642,3228404816,0649,0,FI
11481642,3228404816,0647,0,EX
11889122,3228404816,0657p,9,02
11889122,3228404816,0657p,7,FI
11889122,3228404816,0648,7,01
11889122,3228404816,0648,6,02
11241112,3228404816,0651,7,02
11241112,3228404816,0648,8,02
10819061,3228404816,0179,7,01
10129831,3228404816,0179,4,02
10129831,3228404816,0649,5,FI
10789628,3228404816,0179,8,01
10789628,3228404816,0650,8,FI
10789628,3228404816,0649,7,01
10783588,3228404816,0651,7,01
10783588,3228404816,0648,8,FI
10783588,3228404816,0647,9,FI
13035060,3228404816,0657p,8,01
13035060,3228404816,0179,7,01
13035060,3228404816,0651,7,02
13035060,3228404816,0648,7,01
13035060,3228404816,0648,7,FI
13035179,3228404816,0179,8,01
13035179,3228404816,0179,8,02
10321979,3228404816,0657p,9,01
10321979,3228404816,0648,7,02
10321979,3228404816,0649,8,01
10615771,3228404816,0657p,0,EX
10615771,3228404816,0649,0,FI
10796295,3228413080,0179,8,02
10796295,3228413080,0370,10,FI
10796295,3228413080,0369,10,02
10635003,3228413080,0179,10,02
10635003,3228413080,0372,10,FI
10762343,3228413080,0379p,10,02
10762343,3228413080,0379p,9,FI
10762343,3228413080,0373,9,FI
10910600,3228413080,0379p,9,01
10910600,3228413080,0373,9,FI
10910600,3228413080,0369,8,01
10910600,3228413080,0369,10,FI
10757735,3228413080,0379p,9,02
10757735,3228413080,0179,9,01
10757735,3228413080,0373,8,01
10757735,3228413080,0372,6,01
11082671,3228413080,0370,8,01
11082671,3228413080,0371,8,01
10849397,3228413080,0379p,8,FI
10849397,3228413080,0371,9,01
10849397,3228413080,0369,8,01
10805501,3228413080,0379p,3,01
10805501,3228413080,0379p,8,02
10805501,3228413080,0179,4,01
10805501,3228413080,0373,3,FI
10805501,3228413080,0371,4,01
10805501,3228413080,0372,4,FI
10805501,3228413080,0369,5,01
10805501,3228413080,0369,4,02
12854002,3228413080,0379p,9,01
12854002,3228413080,0379p,8,FI
12854002,3228413080,0372,5,01
10840811,3228413080,1709,8,01
10840811,3228413080,0370,6,02
10840811,3228413080,0373,6,02
10737949,3228413080,0369,6,FI
10799789,3228413080,0379p,10,02
10799789,3228413080,0373,10,FI
10783280,3228413080,0379p,9,02
10783280,3228413080,0370,6,01
10783280,3228413080,0372,6,01
10652371,3228413080,0379p,9,02
10762023,3228413080,0379p,10,02
10762023,3228413080,0373,8,01
10764453,3228413080,0373,8,FI
10764453,3228413080,0371,5,FI
10764453,3228413080,0372,6,01
10764453,3228413080,0369,8,FI
10813139,3228413080,0179,4,02
10813139,3228413080,0179,6,FI
10756607,3228413080,0379p,9,FI
10756607,3228413080,0369,10,FI
10762338,3228413080,1709,8,02
10762338,3228413080,0179,8,01
10762338,3228413080,0179,7,FI
10762338,3228413080,0370,6,01
10823812,3228413080,0379p,9,02
10823812,3228413080,0179,4,02
10823812,3228413080,0371,7,01
13456011,3228413080,0370,9,02
13456011,3228413080,0373,9,02
13456011,3228413080,0372,7,FI
10780756,3228413080,0379p,9,FI
10780756,3228413080,0179,8,02
10780756,3228413080,0370,7,01
10780756,3228413080,0371,8,01
10780756,3228413080,0372,9,FI
10823807,3228413080,0379p,9,01
10823807,3228413080,0370,7,02
10823807,3228413080,0371,6,01
11064614,3228413382,0616p,0,02
11064614,3228413382,0179,8,01
11067623,3228413382,0483,4,01
13042221,3228413382,0616p,0,FI
13042221,3228413382,0616p,0,EX
13042221,3228413382,0179,0,01
13042221,3228413382,0373,0,01
13042221,3228413382,0373,0,02
10525885,3228413382,0616p,0,FI
10525885,3228413382,0179,0,02
10525885,3228413382,0179,0,FI
10525885,3228413382,0179,0,EX
10525885,3228413382,0373,0,FI
10525885,3228413382,0487,0,02
10525885,3228413382,0487,0,EX
10525885,3228413382,0483,0,01
13455308,3228413382,0487,7,FI
13455308,3228413382,0484,8,02
10807600,3228413382,0616p,9,FI
10807600,3228413382,0179,9,01
10807600,3228413382,0483,10,FI
10381670,3228413382,0616p,8,01
10381670,3228413382,0487,4,02
10679710,3228413382,0487,7,01
10736277,3228413382,0179,10,FI
10736277,3228413382,0484,9,02
10282899,3228413382,0616p,9,01
10282899,3228413382,0616p,9,02
10282899,3228413382,0179,9,FI
10282899,3228413382,0487,9,01
10282899,3228413382,0487,8,FI
10797348,3228413382,0483,9,02
10611084,3228413382,1709,7,02
10611084,3228413382,0616p,9,02
10611084,3228413382,0484,8,02
10611084,3228413382,0484,8,FI
10695479,3228413382,1709,8,01
10695479,3228413382,0616p,0,02
10695479,3228413382,0487,0,02
10695479,3228413382,0484,0,01
10695479,3228413382,0484,0,EX
10695479,3228413382,0483,0,02
10709604,3228413382,1709,7,02
10709604,3228413382,0616p,10,01
10709604,3228413382,0373,10,FI
10709604,3228413382,0484,9,01
10709604,3228413382,0484,9,02
10709604,3228413382,0483,9,01
10770964,3228413382,0373,10,02
10770964,3228413382,0485,10,FI
10770964,3228413382,0483,9,01
10418675,3228413382,1709,8,01
10418675,3228413382,0179,9,02
10418675,3228413382,0373,4,FI
10418675,3228413382,0487,7,01
10418675,3228413382,0485,4,01
10418675,3228413382,0485,1,02
11161106,3228413382,1709,0,EX
11161106,3228413382,0487,0,02
11161106,3228413382,0485,0,FI
11161106,3228413382,0483,0,01
10718934,3228413382,1709,8,FI
10718934,3228413382,0616p,9,01
10718934,3228413382,0616p,9,FI
10269408,3228413382,0487,1,01
10269408,3228413382,0487,0,FI
13460547,3228413382,0179,7,01
13460547,3228413382,0484,7,01
13460547,3228413382,0484,0,02
13460547,3228413382,0483,7,01
10688878,3228413382,0179,10,FI
10688878,3228413382,0483,10,02
11571094,3228413382,0485,0,02
11571094,3228413382,0484,7,EX
11332097,3228413382,0179,0,01
11332097,3228413382,0373,0,01
11332097,3228413382,0373,0,FI
11332097,3228413382,0373,0,EX
11332097,3228413382,0483,0,FI
10453628,3228413382,1709,0,02
10453628,3228413382,0616p,0,EX
10453628,3228413382,0373,0,02
12500233,3228413382,1709,0,02
12500233,3228413382,0485,0,FI
12500233,3228413382,0483,0,EX
10399058,3228413382,0179,0,FI
10399058,3228413382,0179,0,EX
10399058,3228413382,0373,0,02
10399058,3228413382,0373,0,EX
10399058,3228413382,0487,3,01
10399058,3228413382,0485,0,02
10399058,3228413382,0485,0,FI
10399058,3228413382,0484,6,01
10399058,3228413382,0483,0,01
10399058,3228413382,0483,0,02
10399058,3228413382,0483,0,FI
10770657,3228413382,0616p,10,02
10770657,3228413382,0616p,9,FI
10770657,3228413382,0485,8,FI
10770657,3228413382,0483,9,02
10711977,3228413382,0179,9,02
10308704,3228413382,1709,0,EX
10308704,3228413382,0487,0,FI
10308704,3228413382,0484,0,02
10308704,3228413382,0483,0,01
12730778,3228413382,0616p,6,01
12730778,3228413382,0487,0,EX
12730778,3228413382,0483,0,FI
10255502,3228413382,0487,8,FI
10328549,3228413382,0179,9,01
10328549,3228413382,0179,9,02
10328549,3228413382,0373,6,01
10328549,3228413382,0487,6,01
10810051,3228413382,0179,10,01
10810051,3228413382,0487,8,01
10810051,3228413382,0487,8,02
10810051,3228413382,0485,8,FI
10810051,3228413382,0484,4,02
10810051,3228413382,0483,4,02
11569845,3228413382,0485,0,01
11569845,3228413382,0484,0,02
11569845,3228413382,0483,0,EX
13459168,3228413382,0179,10,01
13459168,3228413382,0373,10,FI
13459168,3228413382,0485,8,01
10757001,3228413382,0616p,9,01
10757001,3228413382,0179,9,01
10757001,3228413382,0179,8,02
10757001,3228413382,0373,10,02
10757001,3228413382,0485,7,02
10757001,3228413382,0483,9,01
10828387,3228413382,0485,7,FI
13457137,3228413382,0179,0,01
13457137,3228413382,0487,0,02
13457137,3228413382,0484,0,02
10856605,3228413382,0373,10,FI
10856605,3228413382,0487,7,02
10401376,3228413382,1709,0,EX
10401376,3228413382,0373,0,01
10401376,3228413382,0483,0,EX
11898422,3228413382,0616p,9,02
11898422,3228413382,0616p,6,FI
13456133,3228413382,0487,0,01
10677836,3228413382,1709,7,FI
10677836,3228413382,0485,1,02
10677836,3228413382,0484,0,EX
10677836,3228413382,0483,0,EX
10205657,3228413382,1709,8,02
10205657,3228413382,0616p,0,02
10205657,3228413382,0179,6,02
10205657,3228413382,0483,0,EX
10643328,3228413382,1709,9,FI
10643328,3228413382,0616p,10,02
10643328,3228413382,0484,9,FI
12433428,3228413382,0179,0,EX
12433428,3228413382,0484,8,02
12287306,3228413382,1709,0,EX
12287306,3228413382,0616p,0,FI
12287306,3228413382,0484,0,02
10758419,3228413382,0373,7,02
10865703,3228415772,0179,6,01
10865703,3228415772,1368,8,01
10799612,3228415772,1375p,10,01
10799612,3228415772,1370,9,01
10799612,3228415772,1369,9,02
11649640,3228415772,0179,9,02
11649640,3228415772,1370,4,EX
11649640,3228415772,1368,4,FI
10817945,3228415772,0179,7,01
10817945,3228415772,1368,4,FI
10834174,3228415772,1375p,9,FI
10834174,3228415772,1367,9,01
10834174,3228415772,1369,8,01
10834174,3228415772,1369,9,02
13281768,3228415772,1375p,8,01
10798915,3228415772,1369,9,FI
10819488,3228415772,1367,7,02
10781492,3228415772,1375p,9,02
10781492,3228415772,1369,4,01
10781492,3228415772,1369,5,02
10413312,3228415772,1375p,8,01
10413312,3228415772,1370,9,FI
10546650,3228415772,1709,8,FI
10546650,3228415772,0179,8,FI
10546650,3228415772,1370,9,01
10546650,3228415772,1368,9,FI
11649375,3228415772,1375p,7,02
11649375,3228415772,0179,9,01
11649375,3228415772,1368,6,02
10714135,3228415772,1375p,7,FI
10835968,3228415772,1368,9,01
10835968,3228415772,1368,9,FI
10835968,3228415772,1369,9,FI
10842025,3228415772,1375p,8,02
10803120,3228415772,1375p,9,FI
10803120,3228415772,0179,7,01
10803120,3228415772,1370,8,01
10803120,3228415772,1368,8,01
10803120,3228415772,1368,7,FI
10851445,3228415772,1375p,9,01
10851445,3228415772,1367,8,02
10711961,3228415772,1367,4,01
10678320,3228415772,1709,8,02
10678320,3228415772,0179,8,02
10678320,3228415772,0179,8,FI
10678320,3228415772,1370,0,EX
11341745,3228415772,1375p,9,01
11341745,3228415772,1375p,8,FI
11341745,3228415772,1368,8,01
10725869,3228415772,1375p,9,FI
10725869,3228415772,1367,8,02
10725869,3228415772,1369,4,01
10725869,3228415772,1369,7,02
10725869,3228415772,1369,7,FI
10378823,3228415772,1368,10,FI
10378823,3228415772,1369,8,02
11104411,3228415772,1709,8,01
11104411,3228415772,1709,7,02
11104411,3228415772,1368,4,02
11104411,3228415772,1369,7,FI
10783707,3228415772,0179,9,02
10783707,3228415772,1370,10,FI
10783707,3228415772,1369,9,FI
10985551,3228415772,1375p,9,FI
10985551,3228415772,0179,9,02
10776515,3228415772,1368,8,FI
10776515,3228415772,1369,8,FI
10734128,3228415772,1375p,9,02
10729560,3228415772,1369,5,02
10729560,3228415772,1369,4,FI
10770501,3228415772,1709,8,02
10819378,3228415772,1370,8,01
10819378,3228415772,1370,8,FI
10819378,3228415772,1369,9,02
10962405,3228415772,1375p,5,02
10962405,3228415772,0179,5,02
10962405,3228415772,1367,0,FI
10962405,3228415772,1368,6,01
10962405,3228415772,1368,2,02
10962405,3228415772,1368,0,FI
10827153,3228415772,1367,4,02
10827153,3228415772,1369,8,02
10993836,3228415772,1375p,8,02
11514753,3228415772,1709,9,02
11514753,3228415772,1368,9,01
11514753,3228415772,1368,9,02
10780789,3228415772,1375p,9,01
10780789,3228415772,1375p,7,02
10780789,3228415772,0179,6,01
10780789,3228415772,1370,8,02
10780789,3228415772,1369,8,01
13462544,3228415772,1709,7,01
13462544,3228415772,1375p,9,FI
13462544,3228415772,1367,8,FI
13462544,3228415772,1368,9,02
13462544,3228415772,1369,8,01
10809667,3228415772,1375p,9,02
10809667,3228415772,0179,7,02
10809667,3228415772,1368,7,01
10687463,3228415772,1367,9,02
10678151,3228415772,1370,4,01
10678151,3228415772,1368,4,02
10678151,3228415772,1368,4,FI
10678151,3228415772,1369,4,FI
10809557,3228415772,1375p,9,02
10944114,3228415772,1370,7,02
10944114,3228415772,1367,7,02
10730519,3228415772,1375p,10,FI
10730519,3228415772,0179,6,01
10730519,3228415772,1370,4,01
10742238,3228415772,1375p,9,FI
10742238,3228415772,1367,6,02
10742238,3228415772,1368,4,FI
12558926,3228415772,1367,6,02
12558926,3228415772,1367,4,FI
12558926,3228415772,1369,4,FI
10960990,3228379385,0437,7,FI
11671982,3228379385,0438,4,02
11043785,3228379385,0441,8,01
11043785,3228379385,0439,7,FI
11043785,3228379385,0438,8,01
11043785,3228379385,0438,8,02
11043785,3228379385,0156,9,01
10737175,3228379385,1709,7,01
10737175,3228379385,0437,7,FI
10737175,3228379385,0441,10,01
10737175,3228379385,0156,8,01
13133521,3228379385,1709,10,02
13133521,3228379385,0440,7,02
11039273,3228379385,1709,8,FI
11039273,3228379385,0156,7,02
11029440,3228379385,0440,9,01
11029440,3228379385,0440,9,02
11029440,3228379385,0156,8,02
10995299,3228379385,0437,8,02
10835299,3228379385,0437,3,01
10835299,3228379385,0441,2,01
10805591,3228379385,0156,7,01
11805803,3228379385,0438,10,FI
11805803,3228379385,0156,9,01
10906307,3228379385,1709,5,02
10906307,3228379385,0437,3,01
10906307,3228379385,0438,2,01
10911748,3228379385,0437,6,01
10911748,3228379385,0437,7,02
10911748,3228379385,0441,9,FI
10911748,3228379385,0156,8,FI
10787655,3228379385,0439,7,02
11026339,3228379385,0441,6,01
11026339,3228379385,0156,7,02
10905782,3228379385,0437,6,02
10905782,3228379385,0441,7,FI
10905782,3228379385,0156,8,01
11004486,3228379385,0441,9,02
11004486,3228379385,0440,10,01
11004486,3228379385,0440,10,02
10911568,3228379385,0437,6,02
10911568,3228379385,0438,9,02
10911568,3228379385,0438,8,FI
10911568,3228379385,0440,8,01
10911568,3228379385,0440,8,FI
11044309,3228379385,0439,7,01
11044309,3228379385,0156,7,01
11044309,3228379385,0156,6,FI
11604486,3228379385,0437,3,02
11604486,3228379385,0441,3,01
11604486,3228379385,0439,3,01
10911000,3228379385,0437,7,01
10911000,3228379385,0437,7,02
10911000,3228379385,0441,6,01
10911000,3228379385,0438,5,01
10911000,3228379385,0156,7,FI
11068958,3228379385,1709,0,EX
11068958,3228379385,0156,0,02
13466647,3228379385,0156,6,01
11415744,3228379385,0438,7,01
11415744,3228379385,0438,7,FI
10787257,3228379385,1709,7,FI
10278634,3228379385,0439,9,FI
10278634,3228379385,0156,8,FI
10284131,3228379385,1709,6,FI
10929912,3228379385,1709,5,01
10929912,3228379385,0441,2,01
10929912,3228379385,0439,6,FI
10929912,3228379385,0440,6,02
11024457,3228379385,1709,9,FI
11024457,3228379385,0437,9,02
10302214,3228379385,0437,0,02
12731640,3228379385,0441,5,02
12731640,3228379385,0441,5,FI
12731640,3228379385,0156,7,02
11507257,3228379385,0437,8,FI
11507257,3228379385,0440,8,01
10929818,3228379385,1709,8,FI
10929818,3228379385,0437,7,02
10929818,3228379385,0441,10,01
10929818,3228379385,0438,9,02
10929818,3228379385,0440,9,01
10951388,3228379385,0440,0,01
10435060,3228379385,0439,0,EX
10435060,3228379385,0440,0,FI
10248709,3228379385,1709,0,FI
10248709,3228379385,0437,0,01
10248709,3228379385,0437,0,FI
10421015,3228379385,0156,0,01
12673295,3228379385,0441,0,FI
12673295,3228379385,0439,0,01
12673295,3228379385,0439,0,02
10420824,3228379385,0439,7,FI
10420824,3228379385,0438,0,FI
10468121,3228379385,0438,0,EX
13458066,3228379385,1709,10,01
10650730,3228379385,1709,6,02
10650730,3228379385,0437,8,01
10650730,3228379385,0437,7,02
10650730,3228379385,0437,7,FI
10650730,3228379385,0439,7,01
10650730,3228379385,0440,4,EX
13459588,3228379385,0441,0,02
13459588,3228379385,0438,0,EX
13459588,3228379385,0156,0,EX
10311923,3228379385,1709,0,02
10311923,3228379385,1709,0,EX
10311923,3228379385,0441,0,FI
11026347,3228379385,0438,10,FI
11026347,3228379385,0156,8,02
10394837,3228379385,0437,8,01
10394837,3228379385,0437,8,FI
10307040,3228379385,0437,0,01
10307040,3228379385,0437,0,EX
10307040,3228379385,0439,0,EX
10307040,3228379385,0156,0,FI
11786393,3228379385,1709,9,02
11786393,3228379385,1709,8,FI
11786393,3228379385,0439,0,01
11786393,3228379385,0439,0,EX
10696650,3228379385,0437,7,01
10696650,3228379385,0441,6,01
10696650,3228379385,0441,0,FI
10696650,3228379385,0441,0,EX
13459194,3228379385,1709,8,01
13459361,3228379385,0441,0,EX
13459361,3228379385,0440,0,EX
13459361,3228379385,0156,0,02
11033515,3228379385,0441,7,FI
11033515,3228379385,0440,6,01
11033515,3228379385,0156,7,FI
11004716,3228379385,0441,10,02
11004716,3228379385,0439,9,01
11004716,3228379385,0439,9,FI
11004716,3228379385,0156,8,01
11067932,3228379385,1709,0,EX
11067932,3228379385,0437,0,FI
11067932,3228379385,0441,1,01
11067932,3228379385,0438,6,01
11067932,3228379385,0440,8,01
11067932,3228379385,0440,0,FI
11067932,3228379385,0156,0,EX
11666166,3228379385,0156,9,01
11666166,3228379385,0156,9,02
13221347,3228379385,1709,0,02
13221347,3228379385,0437,0,02
13221347,3228379385,0437,0,FI
13221347,3228379385,0440,0,01
13221347,3228379385,0440,0,FI
13221347,3228379385,0440,0,EX
10800028,3228406931,0623,8,02
10800028,3228406931,0930,6,01
10824007,3228406931,1709,6,01
10824007,3228406931,0623,8,FI
10635026,3228406931,0179,8,01
10635026,3228406931,0930,6,01
10635026,3228406931,0931,9,01
10635026,3228406931,0931,9,FI
10635026,3228406931,1010,6,01
10813126,3228406931,0931,10,FI
10776549,3228406931,0179,4,01
10776549,3228406931,0931,9,01
10510136,3228406931,1709,3,02
10510136,3228406931,0179,4,01
10510136,3228406931,0930,4,01
10824614,3228406931,1709,0,02
10824614,3228406931,1012p,0,02
10824614,3228406931,0623,0,02
10824614,3228406931,0930,0,01
10824614,3228406931,1010,0,01
10709557,3228406931,0623,4,01
10709557,3228406931,0623,2,02
10422716,3228406931,1012p,0,FI
10422716,3228406931,0179,0,EX
10422716,3228406931,0930,0,01
10422716,3228406931,0931,0,01
10862032,3228406931,1012p,0,FI
10862032,3228406931,0623,7,01
10862032,3228406931,0623,0,FI
10862032,3228406931,0623,0,EX
10726936,3228406931,1709,8,FI
10726936,3228406931,0931,9,02
10764144,3228406931,1012p,6,FI
10764144,3228406931,0931,9,02
10764144,3228406931,1010,0,EX
10819701,3228406931,0179,4,01
10819701,3228406931,0179,0,02
10819701,3228406931,0179,0,EX
10817903,3228406931,1012p,6,01
10817903,3228406931,1012p,9,02
10817903,3228406931,1012p,8,FI
10805294,3228406931,1012p,7,FI
10805294,3228406931,1010,5,EX
10349498,3228406931,0930,7,02
10349498,3228406931,1010,8,FI
10630363,3228406931,0623,8,01
10852161,3228406931,0179,7,FI
10852161,3228406931,0931,9,01
10819684,3228406931,0623,4,FI
10819684,3228406931,1010,3,02
10414061,3228406931,0623,7,01
10414061,3228406931,0930,4,01
10199483,3228406931,0930,0,02
11811552,3228406931,1012p,0,EX
10323559,3228406931,1012p,0,01
10323559,3228406931,0930,0,EX
13458157,3228406931,0623,0,EX
13458157,3228406931,0931,0,01
13458157,3228406931,1010,0,01
13456007,3228406931,1012p,9,01
13456007,3228406931,0623,8,01
13456007,3228406931,0930,8,01
13456007,3228406931,1010,9,FI
13523913,3228406931,0623,0,FI
10940616,3228406931,1709,0,01
10940616,3228406931,1012p,0,EX
10940616,3228406931,0179,0,01
10940616,3228406931,0179,0,FI
10940616,3228406931,0930,0,02
10940616,3228406931,1010,0,FI
13458161,3228406931,0179,8,01
13458161,3228406931,0179,9,FI
13458161,3228406931,0930,4,01
13458161,3228406931,0930,7,02
13458161,3228406931,0931,5,01
13458161,3228406931,1010,7,FI
11059841,3228406931,1012p,9,FI
11059841,3228406931,0623,6,02
10381708,3228406931,1012p,0,EX
10381708,3228406931,0179,0,01
10381708,3228406931,0623,0,FI
10381708,3228406931,1010,2,01
10852107,3228406931,1012p,0,EX
10852107,3228406931,0623,3,02
10852107,3228406931,0930,0,EX
10304385,3228406931,1010,7,01
11800453,3228406931,1709,0,FI
11800453,3228406931,1012p,0,02
11800453,3228406931,0179,0,01
11800453,3228406931,0930,0,01
11800453,3228406931,0931,0,02
11800453,3228406931,0931,0,EX
11800453,3228406931,1010,0,FI
10443575,3228406931,0623,1,02
10818191,3228406931,1709,0,01
10818191,3228406931,1709,0,FI
10818191,3228406931,1010,0,FI
10499331,3228406931,1010,5,02
11089472,3228406931,0623,7,01
10699271,3228406931,0179,8,02
10699271,3228406931,0623,8,01
10807830,3228406931,1012p,7,02
10807830,3228406931,0931,7,02
11629523,3228406931,0623,0,01
11629523,3228406931,0623,0,02
11629523,3228406931,0930,0,EX
11629523,3228406931,0931,0,02
11629523,3228406931,0931,0,FI
10042816,3228406931,1709,5,EX
10042816,3228406931,0623,0,01
10042816,3228406931,0930,0,02
10042816,3228406931,0931,0,01
10303628,3228406931,1709,7,FI
10303628,3228406931,1012p,6,01
10303628,3228406931,0930,0,02
10303628,3228406931,1010,6,01
10022321,3228406931,1010,4,FI
10022321,3228406931,1010,5,EX
12561661,3228406931,0623,4,FI
12561661,3228406931,0930,3,EX
10797573,3228406931,0623,8,FI
10797573,3228406931,1010,5,01
10479899,3228406931,1012p,9,02
10918602,3228406931,0931,9,01
10918602,3228406931,0931,8,02
10918602,3228406931,0931,8,FI
10918602,3228406931,1010,6,02
10754604,3228406931,0179,4,01
10754604,3228406931,0931,8,FI
10365221,3228406931,0623,9,02
10365221,3228406931,0930,7,01
10365221,3228406931,0930,7,FI
13461591,3228406931,1012p,8,02
13461591,3228406931,0623,8,FI
13461591,3228406931,0931,8,01
13461591,3228406931,0931,10,02
10630337,3228406931,0179,5,02
10630337,3228406931,0623,6,EX
10630337,3228406931,0930,2,01
10630337,3228406931,0931,8,01
10249410,3228406931,1012p,9,FI
10249410,3228406931,0931,8,FI
10249410,3228406931,1010,8,FI
10729793,3228406545,0625,5,01
10729793,3228406545,0623,8,02
10729793,3228406545,0627,4,FI
10729793,3228406545,CV0008,8,02
10729793,3228406545,CV0008,8,FI
12607926,3228406545,0179,5,FI
12607926,3228406545,0625,7,02
12607926,3228406545,0625,8,FI
12607926,3228406545,CV0009,9,FI
11790917,3228406545,0622,8,01
11790917,3228406545,0627,7,FI
10689201,3228406545,0828p,8,02
10689201,3228406545,CV0008,10,FI
10742994,3228406545,0828p,10,01
10742994,3228406545,0622,8,02
10742994,3228406545,0623,8,FI
10487336,3228406545,CV0008,9,FI
10487336,3228406545,CV0009,8,FI
10857816,3228406545,0828p,8,FI
10857816,3228406545,0179,8,02
10857816,3228406545,0623,8,FI
10847609,3228406545,1709,5,01
10847609,3228406545,1709,4,02
10847609,3228406545,1709,7,FI
10847609,3228406545,0622,5,01
10847609,3228406545,0622,6,FI
10847609,3228406545,0627,6,FI
10766414,3228406545,CV0008,10,FI
10856038,3228406545,0623,7,02
10856038,3228406545,CV0008,6,01
11433224,3228406545,0627,7,FI
11433224,3228406545,CV0008,9,01
11433224,3228406545,CV0009,9,FI
11073751,3228406545,CV0008,9,FI
10593810,3228406545,0828p,8,FI
10593810,3228406545,0622,7,FI
11231507,3228406545,0622,2,02
11231507,3228406545,0622,0,EX
11231507,3228406545,0625,0,FI
11231507,3228406545,CV0008,2,01
12912678,3228406545,0828p,10,FI
10804606,3228406545,1709,4,02
10804606,3228406545,0623,7,01
10804606,3228406545,CV0008,8,02
10804606,3228406545,CV0009,9,FI
10707892,3228406545,1709,6,02
10707892,3228406545,0623,7,FI
10707892,3228406545,CV0008,8,02
13470345,3228406545,0828p,0,02
13470345,3228406545,0828p,0,FI
13470345,3228406545,0179,0,FI
13470345,3228406545,0622,4,01
13470345,3228406545,0625,0,02
13470345,3228406545,0623,4,01
13470345,3228406545,0623,0,FI
13470345,3228406545,0623,0,EX
13473425,3228406545,0828p,10,FI
13473425,3228406545,0179,9,FI
13473425,3228406545,0622,9,02
10835673,3228406545,0828p,0,01
10734184,3228406545,0828p,10,01
10734184,3228406545,0828p,9,02
10734184,3228406545,0179,7,FI
10734184,3228406545,0627,5,02
10734184,3228406545,CV0008,8,01
13170472,3228406545,CV0009,0,FI
10766479,3228410748,0179,8,FI
10766479,3228410748,0173,7,02
10766479,3228410748,0177,6,02
10843404,3228410748,0171,9,02
10843404,3228410748,0171,8,FI
10843404,3228410748,0172,8,02
10843404,3228410748,0177,8,01
11782717,3228410748,1709,8,01
11782717,3228410748,0181p,8,02
11782717,3228410748,0172,9,FI
11782717,3228410748,0174,7,01
10254373,3228410748,1709,9,01
10254373,3228410748,0174,9,01
10254373,3228410748,0174,8,FI
10254373,3228410748,0177,7,02
13453640,3228410748,0172,8,02
13453640,3228410748,0173,8,01
13453640,3228410748,0173,6,FI
13453640,3228410748,0174,9,01
10700069,3228410748,0181p,0,01
10700069,3228410748,0171,0,02
10700069,3228410748,0173,0,01
10700069,3228410748,0173,0,FI
10700069,3228410748,0177,0,FI
10700069,3228410748,0177,0,EX
10392181,3228410748,0173,8,02
10392181,3228410748,0177,9,02
10506040,3228410748,0179,9,01
10488332,3228410748,0177,7,FI
13455952,3228410748,0173,6,FI
10664803,3228410748,0171,0,02
12413993,3228410748,1709,0,FI
12413993,3228410748,0179,0,01
13480000,3228410748,0181p,0,02
13480000,3228410748,0179,7,FI
10509253,3228410748,0181p,0,FI
10509253,3228410748,0173,0,02
13455821,3228410748,0172,5,01
13455821,3228410748,0174,7,01
10664909,3228410748,0177,9,02
11567443,3228410748,0171,7,02
13456058,3228410748,0179,8,01
13456058,3228410748,0179,8,02
13456058,3228410748,0177,3,02
10691269,3228410748,0181p,0,FI
10639978,3228410748,0171,7,01
10639978,3228410748,0174,8,01
10639978,3228410748,0174,8,02
10639978,3228410748,0177,8,01
10639978,3228410748,0177,8,FI
10507411,3228410748,1709,0,01
10507411,3228410748,0171,0,FI
10507411,3228410748,0172,0,01
10507411,3228410748,0177,0,02
10745573,3228410357,0179,8,01
10745573,3228410357,0171,4,02
10745573,3228410357,0171,8,FI
10745573,3228410357,1709,8,FI
10745573,3228410357,0384,8,01
10585531,3228410357,0179,4,02
10585531,3228410357,0383,6,02
10585531,3228410357,0384,6,01
10585531,3228410357,0172,5,02
10648032,3228410357,0171,8,FI
10648032,3228410357,0383,4,02
10648032,3228410357,0384,4,01
10648032,3228410357,0172,4,FI
10698109,3228410357,0383,8,FI
10698109,3228410357,0384,5,02
10698109,3228410357,0384,6,FI
11627062,3228410357,0179,8,02
11627062,3228410357,0383,8,FI
11627062,3228410357,0172,8,02
10675936,3228410357,0400p,8,01
10675936,3228410357,0179,4,01
10675936,3228410357,0171,8,02
10675936,3228410357,0383,7,02
10675936,3228410357,0384,7,02
10729539,3228410357,0173,7,02
10410077,3228410357,0179,8,02
10410077,3228410357,0171,7,01
10530795,3228410357,0171,9,FI
10530795,3228410357,0384,8,FI
13455702,3228410357,0171,9,02
13455702,3228410357,0173,10,01
10719000,3228410357,1709,7,FI
10719000,3228410357,0400p,8,01
10719000,3228410357,0400p,9,FI
13456027,3228410357,0384,7,02
13456027,3228410357,0172,6,02
13456027,3228410357,0173,5,02
13251013,3228410357,0383,9,01
13251013,3228410357,0172,9,FI
10835750,3228410357,0171,7,01
10835750,3228410357,0171,8,02
10835750,3228410357,0384,6,02
10835750,3228410357,0173,5,02
10766449,3228410357,0171,9,01
10766449,3228410357,0171,9,02
10766449,3228410357,0171,9,FI
10766449,3228410357,0384,8,FI
10645102,3228410357,0400p,8,FI
10820272,3228410357,0179,4,02
10820272,3228410357,0173,8,01
13487222,3228410357,0400p,8,01
13487222,3228410357,0179,7,01
13487222,3228410357,0384,8,01
10742128,3228410892,0388p,9,02
10742128,3228410892,0384,9,02
13455012,3228410892,0171,0,02
13455012,3228410892,0173,5,FI
10749811,3228410892,0171,5,01
10749811,3228410892,0173,7,02
13454999,3228410892,1709,0,01
13454999,3228410892,0388p,4,01
13454999,3228410892,0383,0,02
13454999,3228410892,0173,4,01
10678997,3228410892,0388p,0,EX
10678997,3228410892,0173,8,01
10320497,3228410892,0171,7,01
10808311,3228410892,0383,7,02
13450196,3228410892,0171,9,FI
13450196,3228410892,0384,9,FI
13450196,3228410892,0173,9,FI
10761594,3228410892,1709,7,02
10736502,3228410892,0171,7,02
10736502,3228410892,0172,7,01
10736502,3228410892,0172,6,02
11330085,3228410892,0179,7,02
11330085,3228410892,0171,3,FI
11330085,3228410892,0383,8,02
11330085,3228410892,0172,6,02
11330085,3228410892,0173,4,02
10676318,3228410892,0383,7,FI
10676318,3228410892,0384,6,01
13472424,3228410892,0171,4,01
13472424,3228410892,0384,7,02
13472424,3228410892,0173,8,FI
13475599,3228410892,0171,9,02
13475662,3228410892,0179,9,01
13475662,3228410892,0172,8,01
10514139,3228410892,0179,8,FI
10514139,3228410892,0171,8,02
10514139,3228410892,0383,8,FI
10514139,3228410892,0384,8,02
10514139,3228410892,0172,8,FI
12912453,3228410892,1709,5,01
12912453,3228410892,0383,8,FI
12912453,3228410892,0384,4,01
12912453,3228410892,0384,4,02
12912453,3228410892,0173,8,01
11036107,3228381273,1229,1,02
11036107,3228381273,1231,2,01
11036107,3228381273,1231,1,02
10793641,3228381273,0156,1,02
10931235,3228381273,1232,4,FI
11003632,3228381273,0156,3,02
11003632,3228381273,1229,1,02
11003632,3228381273,1231,0,EX
11003632,3228381273,1232,0,EX
12607119,3228381273,1709,9,01
12607119,3228381273,1709,8,FI
12607119,3228381273,1231,7,FI
13291541,3228381273,1231,7,FI
13291541,3228381273,1233,8,02
12744964,3228381273,1231,6,FI
12744964,3228381273,1233,6,02
10924853,3228381273,1709,9,01
10924853,3228381273,1229,6,01
11798264,3228381273,1231,5,01
11798264,3228381273,1232,8,02
11798264,3228381273,1233,8,02
10648909,3228381273,1226,0,02
10648909,3228381273,1231,6,01
10912710,3228381273,1229,3,01
10912710,3228381273,1231,4,01
10912710,3228381273,1231,0,EX
10912710,3228381273,1232,4,FI
10912710,3228381273,1233,8,01
10912710,3228381273,1233,6,FI
10787502,3228381273,1231,6,FI
10787502,3228381273,1232,7,02
10904203,3228381273,1233,8,02
11024352,3228381273,1709,8,01
11024352,3228381273,1709,5,02
11024352,3228381273,0156,9,FI
11024352,3228381273,1233,8,02
10899896,3228381273,1232,4,01
10899896,3228381273,1232,7,FI
13099124,3228381273,0156,8,02
13099124,3228381273,1229,8,01
13099124,3228381273,1231,8,01
11004108,3228381273,1229,7,FI
11004108,3228381273,1233,9,01
12465550,3228381273,0156,6,FI
12465550,3228381273,1229,5,02
12465550,3228381273,1231,6,FI
12465550,3228381273,1232,4,01
10916721,3228381273,1226,3,02
10916721,3228381273,1229,0,01
10916721,3228381273,1229,2,FI
10912726,3228381273,1231,7,FI
10805007,3228381273,1709,7,02
10805007,3228381273,0156,7,FI
10805007,3228381273,1226,3,02
10805007,3228381273,1229,5,FI
10805007,3228381273,1231,4,01
10805007,3228381273,1231,5,FI
10805007,3228381273,1232,6,02
11184512,3228381273,0156,8,01
11184512,3228381273,0156,8,02
11184512,3228381273,1229,5,FI
10654915,3228381273,1709,0,01
10654915,3228381273,0156,0,01
10654915,3228381273,0156,0,EX
11040995,3228381273,1709,7,FI
11040995,3228381273,1226,8,FI
11040995,3228381273,1229,5,01
11040995,3228381273,1232,7,FI
11040995,3228381273,1233,8,02
11040995,3228381273,1233,7,FI
10708167,3228390016,0225,6,FI
10708167,3228390016,0221,7,FI
11002913,3228390016,1709,10,FI
12563453,3228390016,1709,0,01
12563453,3228390016,1709,1,02
12563453,3228390016,0223,4,FI
12563453,3228390016,0221,7,FI
10846382,3228390016,1709,6,02
10846382,3228390016,0225,5,02
10846382,3228390016,0223,7,01
10903261,3228390016,0223,3,02
10903261,3228390016,0222,8,01
11002807,3228390016,1709,3,01
11002807,3228390016,0223,8,FI
11002807,3228390016,0222,7,01
11146537,3228390016,0223,9,01
11146537,3228390016,0221,10,FI
10897212,3228390016,0223,3,01
10929469,3228390016,0156,0,EX
10812899,3228390016,1709,3,01
10812899,3228390016,1709,4,02
10812899,3228390016,0223,4,02
10812899,3228390016,0223,5,FI
10812899,3228390016,0222,4,FI
10893131,3228390016,0225,7,02
10893131,3228390016,0223,9,01
10893131,3228390016,0223,8,FI
10893131,3228390016,0221,9,01
10893131,3228390016,0221,9,02
13452408,3228390016,0225,8,01
13452408,3228390016,0221,9,FI
13452408,3228390016,0222,9,02
10917865,3228390016,1709,3,01
10917865,3228390016,0222,6,01
10917865,3228390016,0222,8,02
10917865,3228390016,0156,6,FI
11011197,3228390016,0156,10,01
11011197,3228390016,0156,10,FI
12270997,3228390016,0221,0,FI
12270997,3228390016,0156,0,EX
11622314,3228390016,0223,6,01
11622314,3228390016,0156,4,02
11088265,3228390016,0222,9,02
10762391,3228390016,0225,2,FI
11248234,3228390016,0223,5,02
13458016,3228390016,1709,0,02
13458016,3228390016,0225,0,FI
13458016,3228390016,0222,0,02
13458016,3228390016,0156,0,FI
10776723,3228390016,1709,4,01
10776723,3228390016,0221,4,01
10776723,3228390016,0156,6,01
10776723,3228390016,0156,7,FI
10959217,3228390016,0156,8,02
10959217,3228390016,0156,9,FI
13114371,3228390016,1709,8,01
13114371,3228390016,0225,9,01
13114371,3228390016,0223,8,02
13114371,3228390016,0221,10,02
13114371,3228390016,0221,8,FI
13114371,3228390016,0222,6,01
13114371,3228390016,0156,9,02
12736641,3228390016,0223,3,02
12736641,3228390016,0156,0,EX
13459021,3228390016,1709,3,01
13459021,3228390016,0225,0,FI
13459021,3228390016,0156,4,01
10353865,3228390016,0222,8,02
11763179,3228390016,1709,0,EX
11763179,3228390016,0223,0,EX
13238582,3228390016,0225,0,02
13238582,3228390016,0221,0,EX
13238582,3228390016,0156,0,FI
11479705,3228390016,0223,6,01
11479705,3228390016,0223,6,FI
11479705,3228390016,0222,4,02
13316624,3228390016,1709,6,01
13316624,3228390016,0223,7,FI
13316624,3228390016,0221,7,02
11312205,3228390016,0225,0,FI
11312205,3228390016,0221,0,02
10070165,3228390016,1709,6,FI
10517185,3228390016,1709,0,02
10517185,3228390016,0221,0,01
10517185,3228390016,0222,0,FI
12510101,3228390016,1709,0,EX
12510101,3228390016,0225,0,02
12510101,3228390016,0225,0,01
12875318,3228390016,0225,8,02
12875318,3228390016,0223,9,01
12875318,3228390016,0223,9,02
11034534,3228390016,0221,2,01
13366127,3228390016,1709,8,FI
13366127,3228390016,0223,8,02
13366127,3228390016,0223,9,FI
13366127,3228390016,0221,8,01
13366127,3228390016,0222,6,01
10473027,3228390016,0221,0,01
10473027,3228390016,0221,0,EX
10675115,3228390016,0225,0,02
10675115,3228390016,0221,0,02
10675115,3228390016,0156,9,01
12739645,3228390016,0223,10,FI
12739645,3228390016,0221,9,01
12739645,3228390016,0221,10,02
10459081,3228390016,1709,0,EX
10459081,3228390016,0221,0,01
10459081,3228390016,0221,0,02
12736802,3228390016,0221,0,01
12736802,3228390016,0222,0,01
12736802,3228390016,0222,0,FI
12736802,3228390016,0222,0,EX
12576881,3228390016,1709,0,FI
12576881,3228390016,0225,0,02
12576881,3228390016,0222,0,01
12576881,3228390016,0222,0,FI
12576881,3228390016,0222,0,EX
12576881,3228390016,0156,0,02
12576881,3228390016,0156,0,FI
11323147,3228390016,1709,0,01
11323147,3228390016,1709,0,02
11323147,3228390016,0156,0,01
11847570,3228390016,0156,0,EX
10762386,3162077488,CV0002,6,FI
10762386,3162077488,1235,5,FI
13112701,3162077488,1235,7,01
10766806,3162077488,1230,8,FI
10932819,3162077488,1230,7,01
10932819,3162077488,1235,5,01
10932819,3162077488,1235,6,FI
10789649,3162077488,1228,9,FI
11667242,3162077488,1235,7,01
11744036,3162077488,1228,9,FI
11744036,3162077488,1230,9,01
10791133,3162077488,1227,8,01
10791133,3162077488,1230,8,FI
12907793,3162077488,CV0002,5,01
12907793,3162077488,1227,8,FI
12907793,3162077488,1234,8,01
10909605,3162077488,1230,8,01
10909605,3162077488,1237,0,FO
10761942,3162077488,1230,9,FI
10761942,3162077488,1237,0,FO
10889204,3162077488,1228,8,FI
10889204,3162077488,1230,7,FI
10889204,3162077488,1234,7,FI
10897205,3162077488,CV0002,6,FI
10805487,3162077488,CV0002,8,01
10805487,3162077488,1227,8,FI
10858044,3162077488,1234,5,01
10852104,3162077488,1235,4,01
10802935,3162077488,1234,5,FI
10770893,3162077488,1234,0,01
10770893,3162077488,1235,5,EX
10895114,3162077488,CV0002,6,FI
10895114,3162077488,1227,7,01
10895114,3162077488,1228,8,01
11336367,3162077488,CV0002,7,01
11336367,3162077488,1230,7,01
11336367,3162077488,1235,6,FI
10920099,3162077488,CV0002,9,FI
12932662,3162077488,1234,9,01
10851064,3162077488,1227,6,FI
10718886,3162077600,1009,5,01
10718886,3162077600,1011,8,FI
10718886,3162077600,1110,8,01
10690358,3162077600,1011,8,01
10690358,3162077600,1011,9,FI
10690358,3162077600,1109,7,FI
10690358,3162077600,1110,8,FI
10718081,3162077600,1110,8,01
10718081,3162077600,1013,0,FO
10427109,3162077600,1008,0,01
10427109,3162077600,1011,0,FI
10427109,3162077600,1109,4,01
10427109,3162077600,1110,0,01
10427109,3162077600,1110,0,EX
10826692,3162077600,1011,9,01
10826692,3162077600,1011,10,FI
10826692,3162077600,1109,9,FI
10718886,3162077600,1012,6,PO
10584902,3162077600,1110,8,01
10584902,3162077600,1110,8,FI
10852071,3162077600,1009,6,01
10852071,3162077600,1110,8,FI
10707845,3162077600,1011,9,FI
10375121,3162077600,1008,6,01
10375121,3162077600,1110,9,FI
10689153,3162077600,CV0004,7,FI
10689153,3162077600,1007,8,01
10689153,3162077600,1109,7,01
10795882,3162077600,1008,8,FI
10795882,3162077600,1011,10,01
10795882,3162077600,1110,9,FI
10795882,3162077600,1012,6,PO
10833265,3162077600,1008,9,01
10833265,3162077600,1013,0,FO
10768351,3162077600,1109,8,01
10270640,3162077600,1008,0,FI
10270640,3162077600,1110,0,FI
12719809,3162077600,1011,10,01
12719809,3162077600,1109,9,FI
12719809,3162077600,1012,9,PO
10737190,3162077600,1110,8,FI
10426520,3162077600,1008,7,FI
10432949,3162077600,1011,8,01
10432949,3162077600,1110,7,01
10820754,3162077600,1110,8,FI
10820754,3162077600,1013,0,FO
10466022,3162077600,1109,7,01
10723795,3162077600,1109,8,FI
10723795,3162077600,1110,7,FI
10723795,3162077600,1012,8,PO
10664778,3162077600,1009,6,01
10664778,3162077600,1110,7,FI
10664778,3162077600,1013,0,FO
13282254,3162077600,1011,6,FI
13282254,3162077600,1109,7,FI
10698475,3162077600,1008,4,01
10698475,3162077600,1009,6,FI
10792793,3162077600,1008,7,01
10792793,3162077600,1109,9,01
10532574,3162077600,1007,0,01
13040510,3162077600,1009,8,FI
13040510,3162077600,1011,8,FI
12636671,3162077600,1008,6,FI
11318428,3162077600,1007,9,FI
13243061,3162077600,1007,9,01
13243061,3162077600,1011,9,01
13243061,3162077600,1109,7,01
10690015,3162077600,1007,7,01
10690015,3162077600,1007,8,FI
10378770,3162077600,1007,0,FI
10378770,3162077600,1011,0,FI
10378770,3162077600,1011,0,EX
10378770,3162077600,1109,0,EX
10378770,3162077600,1110,0,FI
13249466,3162077600,CV0004,10,FI
13249466,3162077600,1009,9,FI
12424432,3162077600,1013,0,FO
10375621,3162077600,1008,8,FI
10375621,3162077600,1009,9,FI
11502177,3162077600,CV0004,8,FI
11502177,3162077600,1008,7,01
11502177,3162077600,1011,9,FI
10809481,3162077600,1009,7,01
12630557,3162077600,1007,0,01
10816484,3162077600,CV0004,7,FI
10816484,3162077600,1007,2,01
10816484,3162077600,1008,8,FI
10816484,3162077600,1011,8,FI
12300236,3162077600,1007,5,01
12300236,3162077600,1110,7,FI
13460322,3162077600,CV0004,0,FI
10434495,3162077600,1008,0,01
10434495,3162077600,1109,0,01
10318774,3162077600,1011,9,01
10451295,3162077600,1009,5,FI
10451295,3162077600,1110,0,FI
10451295,3162077600,1012,9,PO
10803572,3162077600,1009,6,01
10803572,3162077600,1011,8,01
10803572,3162077600,1109,8,FI
10736212,3162077600,1008,0,01
10736212,3162077600,1011,0,01
10278035,3162077600,1008,9,01
10278035,3162077600,1008,9,FI
13242370,3162077600,1009,9,01
10786442,3162077600,1012,8,PO
10354121,3162077600,1007,2,01
10354121,3162077600,1008,3,FI
10354121,3162077600,1011,5,01
10354121,3162077600,1011,4,FI
10354121,3162077600,1109,3,01
10691616,3162077600,1011,7,FI
10296770,3162077600,1109,5,01
13242369,3162077600,1011,0,FI
13242369,3162077600,1109,0,01
10404684,3162077600,1008,0,FI
10404684,3162077600,1109,4,01
10017290,3162077600,1007,9,FI
10318925,3162077600,1007,5,01
10318925,3162077600,1013,0,FO
10431067,3162077600,1008,7,FI
10431067,3162077600,1011,7,01
10792522,3162077600,1109,6,FI
10792522,3162077600,1012,8,PO
11074029,3162077551,0827,7,FI
10804683,3162077551,0825,9,01
10804683,3162077551,0826,7,01
10397145,3162077551,CV0004,9,01
10397145,3162077551,0823,9,01
10397145,3162077551,0827,8,FI
10397145,3162077551,0824,9,01
10752122,3162077551,0822,8,01
10808796,3162077551,0824,8,01
10808796,3162077551,0826,7,FI
13288467,3162077551,0824,7,FI
13288467,3162077551,0826,6,FI
13288467,3162077551,CV0010,6,FI
10243788,3162077551,CV0010,0,FI
10713535,3162077551,CV0004,9,01
10713535,3162077551,0830,0,FO
10700138,3162077551,0825,9,FI
10700138,3162077551,0827,6,01
10700138,3162077551,0828,6,PO
10323951,3162077551,CV0010,10,FI
10770133,3162077551,CV0004,8,01
10770133,3162077551,0822,5,01
10770133,3162077551,0824,5,01
10770133,3162077551,0824,5,FI
10770133,3162077551,0830,0,FO
10706042,3162077551,0826,5,01
13288446,3162077551,CV0004,8,01
13288446,3162077551,0825,8,01
13288446,3162077551,0825,9,FI
13288446,3162077551,0822,9,01
13288446,3162077551,0824,7,FI
10819055,3162077551,CV0004,10,01
10819055,3162077551,0826,6,01
10819055,3162077551,0826,6,FI
13293379,3162077551,CV0004,10,FI
13293379,3162077551,0825,9,01
13293379,3162077551,0827,7,FI
13293379,3162077551,0826,6,01
10809450,3162077551,0825,9,01
10809450,3162077551,0826,7,01
10699142,3162078584,243265,8,02
10699142,3162078584,243267,6,02
13448029,3162078584,243265,9,FI
13448029,3162078584,243264,7,01
11066151,3162078584,243265,9,01
11066151,3162078584,243267,9,FI
11066151,3162078584,243264,9,02
10698470,3162078584,243265,9,FI
10698470,3162078584,243266,9,02
11285049,3162078584,243264,10,02
10347923,3162078584,243267,10,FI
10347923,3162078584,243264,10,02
10675598,3162078584,243267,8,FI
10783224,3162078584,243265,9,FI
10783224,3162078584,243267,10,FI
13447274,3162078584,243264,9,02
13035877,3162078584,243265,9,02
13035877,3162078584,243267,10,FI
13035877,3162078584,243264,8,01
10699108,3162078584,243266,9,02
10699108,3162078584,243266,8,FI
13467527,3162078584,243265,8,01
10287348,3162078584,243266,9,02
10287348,3162078584,243264,9,02
13475004,3162078584,243265,9,01
13475004,3162078584,243267,9,02
11316049,3162078584,243266,8,01
13250043,3162078584,243265,2,01
13250043,3162078584,243267,0,02
13250043,3162078584,243264,0,EX
11316053,3162078584,243265,9,01
10869145,3162078584,243265,8,02
10869145,3162078584,243267,8,01
10869145,3162078584,243267,9,02
10869145,3162078584,243264,8,02
10814418,3162078584,243265,9,01
10814418,3162078584,243264,5,02
10862205,3162078584,243267,8,01
10862205,3162078584,243264,9,02
10705571,3162078584,243265,10,01
10705571,3162078584,243267,10,01
10705571,3162078584,243267,9,02
11564293,3162078584,243264,6,01
10745557,3162078584,243267,9,01
10745557,3162078584,243264,7,02
10745557,3162078584,243264,7,FI
11251858,3162078591,243271,10,FI
10645661,3162078591,243602,9,FI
10645661,3162078591,243270,7,FI
10697595,3162078591,243602,9,FI
10697595,3162078591,243270,9,FI
10709718,3162078591,243602,6,FI
10772056,3162078591,243604,5,01
10499298,3162078591,243602,9,01
10723900,3162078591,243271,9,FI
10610021,3162078591,243602,9,01
10610021,3162078591,243604,7,01
10610021,3162078591,243604,9,FI
10242875,3162078591,243602,10,FI
10242875,3162078591,243271,8,01
10850218,3162078591,243602,9,01
10697823,3162078591,243601,0,FO
10862844,3162078591,243271,9,FI
10706060,3162078591,243604,9,FI
10706060,3162078591,243271,10,FI
10697613,3162078591,243271,10,FI
10507995,3162076035,0176,6,01
10507995,3162076035,0175,7,01
12637322,3162076035,0181,5,PE
11186762,3162076035,0181,0,PO
13263308,3162076035,0181,0,PO
13263308,3162076035,0175,3,01
11568873,3162076035,CV0004,8,01
10742422,3162076035,CV0004,7,01
10742422,3162076035,CV0004,7,FI
10805336,3162076035,CV0004,6,FI
10487908,3162076035,0176,7,01
10487908,3162076035,0178,8,01
10487908,3162076035,0175,8,01
13245158,3162076035,CV0004,7,01
13245158,3162076035,0183,6,01
10610451,3162076035,CV0004,9,FI
10610451,3162076035,0178,7,01
10610451,3162076035,0175,5,01
10838901,3162076035,0178,7,01
10838901,3162076035,0178,6,FI
10581335,3162076035,0184,0,FO
10581335,3162076035,0183,8,01
10706770,3162076035,CV0004,8,FI
10706770,3162076035,0180,8,01
10849475,3162076035,0176,9,FI
10267575,3162076035,0175,1,FI
10255502,3228413382,0483,7,FI
10584902,3162077600,1013,0,FO
11921786,3162076035,0180,7,FI
10282475,3162076098,CV0004,10,FI
10513851,3162076098,CV0004,7,FI
10778000,3162076098,CV0004,9,FI
10513851,3162076098,0402,5,FI
10305439,3162076098,0403,0,FO
10707825,3162076098,0402,1,FI
13127380,3162076098,0402,6,FI
10277303,3162076119,CV0004,8,01
10610383,3162076119,CV0004,7,01
10610383,3162076119,0385,7,01
10610383,3162076119,0386,7,01
10513718,3162076119,0388,0,PO
10840996,3162079713,CV0002,8,01
10899530,3162079713,CV0002,7,01
10925424,3162079713,CV0002,9,01
10798521,3162079713,CV0002,6,01
12788547,3162079713,CV0002,7,01
10787713,3162079713,CV0002,9,01
10924358,3162079713,0443,5,01
10793477,3162079713,0443,4,01
12320496,3162079713,0443,0,EX
11235555,3162079713,0443,5,EX
11479322,3162079713,0443,0,EX
11800476,3162079713,CV0002,5,FI
13038791,3162079790,0655,7,FI
11553064,3162079790,0655,6,FI
10679661,3162079790,0655,8,01
10412777,3162079790,0657,6,PE
10652552,3162079860,5023,10,FI
10810094,3162079860,5022,7,EX
10328167,3162079874,5075,0,EX
10403933,3162079874,5075,0,EX
10018367,3162079874,5074,7,FI
10837507,3162079874,5072,0,EX
10837451,3162080071,0381,9,FI
10855729,3162080071,0381,10,FI
11242377,3162080071,0377,8,FI
12722174,3162080071,0377,6,FI
10691654,3162080071,0377,6,FI
10707901,3162080071,0382,0,FO
10676228,3162080071,0382,0,FO
10864476,3162080071,0382,0,FO
12722174,3162080071,0382,0,FO
12722174,3162080071,0378,5,EX
10963354,3162080071,0382,0,PE
12040403,3162079993,0490,7,EX
10279324,3162079993,0490,7,FI
10277644,3162079993,0492,6,P1
10679677,3162079957,0615,7,FI
12736124,3162079957,0615,7,FI
10657057,3162079957,0613,0,EX
12730601,3162079936,0230,7,01
10910799,3162079936,0230,9,FI
10904569,3162079936,0230,9,FI
11088604,3162079936,0230,9,FI
10909591,3162079936,0230,10,FI
10912321,3162079936,0226,9,01
10663109,3162079936,0226,0,01
11088604,3162079936,0226,8,01
10390554,3162079936,0226,6,01
10837080,3162079936,0224,6,01
10819052,3162079936,0224,6,01
10909591,3162079936,0224,7,01
10663109,3162079936,CV0002,0,EX
10663109,3162079936,0228,0,EX
12730601,3162079936,0224,8,01
13086978,3162079936,0224,6,01
13250561,3162079936,0224,0,EX
12505624,3162079936,CV0002,9,FI
10344575,3162079936,CV0002,7,FI
12505624,3162079936,0224,6,FI
12505624,3162079936,0231,0,FO
13250561,3162079936,0228,0,EX
10978459,3162079936,0228,0,EX
10260898,3162075411,028501,9,02
13452193,3162075411,028502,10,FI
10409975,3162075411,028502,0,EX
10705766,3162075411,028502,0,EX
10824027,3162075411,028504,8,FI
10895653,3162075411,028504,9,FI
10388125,3162075411,028504,9,FI
11025178,3162075411,028505,4,FI
10446775,3162075411,028501,0,EX
10705766,3162075411,028501,0,EX
11144881,3162075411,028501,0,EX
10912191,3162075411,028503,0,EX
11076555,3162075411,028503,0,EX
10511909,3162075411,028503,0,EX
10241444,3162075411,028100,0,EX
13239736,3162075418,028601,0,FO
13281520,3162075418,028601,0,F2
11407450,3162075418,028601,0,F2
10615480,3162075418,028601,0,F2
10597404,3162075418,028601,0,F2
12739113,3162075418,028601,0,FO
13499130,3162075418,028601,0,F2
11316204,3162075539,1378,0,FO
10859549,3162075539,1378,0,FO
10698110,3162075539,1378,0,FO
10319363,3162075539,1378,0,FO
10742955,3162075539,1378,0,FO
11316204,3162075539,1377,7,FI
13242130,3162075539,1377,10,FI
10711968,3162075539,1377,9,FI
10679716,3162075539,1371,9,01
10027372,3162075539,1371,8,01
10017422,3162075539,1378,0,FO
10707896,3162075539,1377,9,01
10635766,3162075539,1371,5,EX
10845796,3162075539,1372,4,EX
10698052,3162075539,1375,0,PE
10802285,3228404816,1709,6,FI
10679695,3228404816,1709,7,FI
13476760,3228404816,1709,0,FI
10742998,3228404816,0649,10,FI
10961892,3228404816,0647,6,EX
10677373,3228404816,0179,0,02
10679723,3228404816,0179,6,02
10357636,3228404816,0651,7,FI
10129831,3228404816,0651,6,FI
10679695,3228404816,0649,4,FI
10677900,3228404816,0649,8,FI
10635003,3228413080,1709,10,FI
10635003,3228413080,0373,10,FI
10525885,3228413382,0616p,0,EX
11161106,3228413382,0485,0,EX
10308704,3228413382,0616p,0,EX
12287306,3228413382,0616p,0,EX
10269408,3228413382,0616p,6,01
12730778,3228413382,0483,6,EX
10677836,3228413382,0484,0,FI
10730519,3228415772,1369,6,EX
10805591,3228379385,0437,0,EX
10951388,3228379385,0438,0,FI
10764144,3228406931,0179,5,EX
10817903,3228406931,0931,9,FI
10819684,3228406931,0930,5,FI
10397687,3228406931,0931,7,FI
13456007,3228406931,0179,8,02
10766479,3228410748,0174,7,02
13455821,3228410748,0174,5,02
13523913,3228406931,0179,8,01
13458161,3228406931,1012p,8,FI
13458161,3228406931,0931,8,02
11059841,3228406931,0931,8,FI
10499331,3228406931,0930,5,FI
10303628,3228406931,0930,7,FI
10479899,3228406931,0930,9,FI
10479899,3228406931,0931,9,FI
10729793,3228406545,0627,3,EX
13170472,3228406545,0627,0,EX
13470345,3228406545,0828p,0,EX
13170472,3228406545,0828p,0,EX
13470345,3228406545,CV0008,0,EX
10711954,3228406545,0625,7,FI
10700069,3228410748,1709,0,FI
13455952,3228410748,1709,9,FI
13456058,3228410748,1709,0,FI
10509253,3228410748,0181p,0,01
11567443,3228410748,0171,7,FI
10691269,3228410748,0174,0,EX
10507411,3228410748,0174,0,02
13455012,3228410892,0171,2,EX
10320497,3228410892,0179,6,02
10676318,3228410892,0179,9,02
10514139,3228410892,0179,9,02
11036107,3228381273,1709,0,EX
11003632,3228381273,1709,0,EX
10916721,3228381273,1709,0,EX
10654915,3228381273,1709,0,EX
10916721,3228381273,1233,0,EX
10654915,3228381273,1233,0,EX
10897212,3228390016,1709,5,EX
10812899,3228390016,1709,5,FI
13006056,3228390016,0222,4,01
10776722,3162077488,CV0002,0,EX
10858044,3162077488,1230,6,FI
10375121,3162077600,CV0004,8,01
12719809,3162077600,1007,10,FI
10466022,3162077600,1007,6,FI
10532574,3162077600,CV0004,0,EX
10532574,3162077600,1008,0,EX
13250043,3162078584,243266,0,EX
11316053,3162078584,243267,9,02
13245158,3162076035,0181,5,PE
10713910,3162076035,0181,6,PE
11264068,3162076035,0178,6,01
12679099,3162076035,0175,3,FI
12679099,3162076035,0175,0,EX
12452324,3162076035,0178,0,01
12730900,3162076035,CV0004,0,FI
12730900,3162076035,0175,0,01
10301350,3162076035,0181,7,PE
10301350,3162076035,0184,0,FO
13154960,3162076035,CV0004,0,01
10411178,3162076098,0403,0,FO
10411178,3162076098,0400,10,PO
10411178,3162076098,0397,8,FI
10282475,3162076098,0397,8,FI
10675919,3162076098,0398,4,01
10675919,3162076098,0397,4,01
10513851,3162076098,0398,4,01
10513851,3162076098,0397,7,FI
10837553,3162076098,0399,9,FI
10699672,3162076098,0397,8,FI
10677163,3162076098,0399,8,FI
10707825,3162076098,CV0004,8,01
10707825,3162076098,0398,3,01
10837523,3162076098,0403,0,FO
10700883,3162076098,0398,8,01
10700883,3162076098,0397,8,FI
12398431,3162076098,0403,0,FO
13127380,3162076098,0399,9,01
13127380,3162076098,0399,8,FI
10709639,3162076098,0398,8,01
10709639,3162076098,0398,8,FI
10709639,3162076098,0180,7,01
10709639,3162076098,0400,6,PE
10709639,3162076098,0402,8,FI
13456089,3162076098,0399,4,01
12561996,3162076119,0388,0,PE
10664986,3162076119,0180,9,01
10664986,3162076119,0390,6,FI
10664986,3162076119,0386,6,FI
11632133,3162076119,CV0004,10,01
11632133,3162076119,0180,9,FI
10690446,3162076119,0180,8,FI
10690446,3162076119,0391,0,FO
12058330,3162076119,0388,7,PO
10742990,3162076119,0386,9,FI
10277303,3162076119,0180,7,FI
10277303,3162076119,0385,7,01
10277303,3162076119,0385,8,FI
10486936,3162076119,0385,8,01
10887591,3162079713,0446,8,01
10887591,3162079713,0443,7,01
10926432,3162079713,0442,9,01
10737176,3162079713,0442,9,FI
10857947,3162079713,0442,6,01
10916753,3162079713,CV0002,9,FI
10916753,3162079713,0442,8,01
10840996,3162079713,0446,9,FI
10840996,3162079713,0443,4,01
10840996,3162079713,0451,0,FO
10888026,3162079713,CV0002,9,01
10888026,3162079713,0448,8,FI
11802825,3162079713,CV0002,8,FI
11802825,3162079713,0446,6,01
10899530,3162079713,CV0002,9,FI
10899530,3162079713,0446,6,01
10899530,3162079713,0451,0,FO
10899530,3162079713,0448,4,01
10899530,3162079713,0448,6,FI
10925424,3162079713,0446,8,01
10925424,3162079713,0448,7,01
12890835,3162079713,CV0002,6,01
10707891,3162079713,0451,0,FO
11594116,3162079713,0442,7,01
10688886,3162079713,0443,7,01
10688886,3162079713,0451,0,FO
10698482,3162079713,0443,7,FI
12788547,3162079713,0442,7,01
10787713,3162079713,0446,7,01
10787713,3162079713,0451,0,FO
10787713,3162079713,0448,6,FI
11010026,3162079713,0443,4,01
11010026,3162079713,0451,0,FO
10793477,3162079713,0442,8,01
10793477,3162079713,0451,0,FO
13457085,3162079713,0446,9,01
12424801,3162079713,0446,7,01
10431853,3162079713,0443,7,FI
13101838,3162079713,CV0002,4,01
10308441,3162079713,0443,0,FI
10308441,3162079713,0442,0,01
10416752,3162079713,0443,8,01
10416752,3162079713,0443,6,FI
10325396,3162079713,0446,7,FI
10325396,3162079713,0443,7,FI
10325396,3162079713,0442,6,01
10325396,3162079713,0448,5,01
12731696,3162079713,CV0002,8,FI
12731696,3162079713,0443,7,01
12731696,3162079713,0443,7,FI
10442321,3162079713,0446,0,FI
11780432,3162079713,0442,6,01
12380827,3162079713,CV0002,4,01
12736231,3162079713,0446,9,FI
12116573,3162079713,0448,8,FI
10991644,3162079713,0443,6,01
13459444,3162079713,0446,0,EX
13459444,3162079713,0443,0,01
13459444,3162079713,0443,0,FI
13459444,3162079713,0443,0,EX
13459444,3162079713,0442,0,FI
13459444,3162079713,0442,0,EX
10323662,3162079713,0446,0,FI
11569044,3162079713,0443,0,01
11569044,3162079713,0443,7,EX
11502410,3162079713,0448,7,01
11402624,3162079713,0446,6,01
11402624,3162079713,0442,7,01
10728710,3162079713,0442,3,FI
12839405,3162079713,CV0002,8,FI
12839405,3162079713,0443,6,01
12839405,3162079713,0448,0,01
10410324,3162079713,0443,0,FI
11349452,3162079713,0448,6,01
13263684,3162079713,0448,9,01
13263684,3162079713,0448,9,FI
12832437,3162079713,0443,6,01
12853739,3162079713,CV0002,5,01
10264521,3162079713,0448,7,01
10735143,3162079790,0655,0,EX
10735143,3162079790,0652,0,FI
10735143,3162079790,0653,0,01
10410551,3162079790,0656,9,01
10283468,3162079790,0656,8,01
11319435,3162079790,0654,0,01
10852355,3162079790,0655,7,01
10852355,3162079790,0654,3,01
13282224,3162079790,0655,9,01
13282224,3162079790,0653,8,FI
13282224,3162079790,0660,0,FO
10835661,3162079790,0653,6,FI
10835661,3162079790,0656,7,01
10835661,3162079790,0654,6,FI
12840433,3162079790,0652,4,01
12840433,3162079790,0652,6,FI
12840433,3162079790,0656,6,01
11837806,3162079790,0653,4,01
10657739,3162079790,0655,9,FI
10657739,3162079790,0652,8,01
10657739,3162079790,0652,9,FI
10657739,3162079790,0660,0,FO
10657739,3162079790,0654,10,01
10679661,3162079790,0656,6,01
10509826,3162079790,0655,7,01
10509826,3162079790,0657,9,PO
10509826,3162079790,0652,7,01
10509826,3162079790,0656,6,FI
11262097,3162079790,0654,8,01
10500611,3162079790,0653,6,FI
10679690,3162079790,0652,6,01
10679690,3162079790,0660,0,FO
13038791,3162079790,0657,9,PO
13038791,3162079790,0653,6,FI
10743003,3162079790,0653,4,01
13235855,3162079790,0657,10,PO
10652411,3162079790,0655,7,FI
10515573,3162079790,CV0004,6,01
10515573,3162079790,0652,2,FI
10862522,3162079790,0656,7,FI
10792061,3162079790,0655,8,FI
10829023,3162079790,0652,4,01
10829023,3162079790,0654,5,FI
13245586,3162079790,0655,9,FI
13245586,3162079790,0654,9,01
10819298,3162079790,CV0004,9,01
10819298,3162079790,0653,7,FI
11144559,3162079790,0656,9,FI
11335638,3162079790,0653,6,FI
11335638,3162079790,0654,3,01
10689191,3162079790,0652,8,01
11409670,3162079790,0655,0,01
11409670,3162079790,0655,0,EX
11409670,3162079790,0652,0,01
11409670,3162079790,0654,0,01
12491074,3162079790,0654,0,01
12731205,3162079790,0653,0,EX
12731205,3162079790,0654,0,01
12568905,3162079790,0652,0,FI
10816926,3162079790,0655,0,EX
10816926,3162079790,0653,6,FI
10300393,3162079790,0656,9,01
13248595,3162079790,0654,7,FI
11741280,3162079790,CV0004,4,01
12020369,3162079790,0654,3,EX
13527455,3162079790,0656,8,FI
13038809,3162079790,0653,6,FI
13038809,3162079790,0656,8,FI
13038809,3162079790,0654,7,01
11875204,3162079790,0652,5,01
13298754,3162079790,CV0004,0,01
13298754,3162079790,0656,0,EX
10283680,3162079790,CV0004,0,FI
10283680,3162079790,0652,0,FI
10283680,3162079790,0656,0,FI
13248312,3162079790,0655,2,01
13248312,3162079790,0656,8,FI
12731503,3162079790,0655,0,EX
12731503,3162079790,0654,0,EX
10279159,3162079790,0655,4,01
10279159,3162079790,0652,5,FI
12685301,3162079790,0653,0,01
12685301,3162079790,0656,0,FI
11246656,3162079790,0653,0,01
13457203,3162079790,0652,5,FI
11553064,3162079790,0654,6,FI
13457149,3162079790,CV0004,8,FI
13457149,3162079790,0655,3,01
13457149,3162079790,0656,8,FI
10412777,3162079790,0654,3,01
11321557,3162079790,0654,6,01
10451024,3162079790,0654,2,01
10349643,3162079790,0652,4,01
13038756,3162079790,0653,6,01
13248215,3162079790,0653,0,01
11486847,3162079790,0656,1,01
11486847,3162079790,0656,0,FI
13038797,3162079790,CV0004,8,01
13038797,3162079790,0652,0,FI
13038797,3162079790,0652,0,EX
10083896,3162079790,CV0004,0,FI
10083896,3162079790,CV0004,0,EX
10083896,3162079790,0654,0,FI
13242362,3162079790,0655,4,01
13242362,3162079790,0652,6,EX
13242362,3162079790,0654,0,FI
10840651,3162079860,5024,10,FI
10840651,3162079860,5026,10,FI
11263266,3162079860,5022,8,FI
10809218,3162079860,5023,10,01
10809218,3162079860,5024,9,FI
10809218,3162079860,5025,10,FI
10809218,3162079860,5026,10,01
10415513,3162079860,5021,10,FI
10415513,3162079860,5024,10,FI
10415513,3162079860,5025,10,FI
12724396,3162079860,5025,9,01
12724396,3162079860,5026,8,01
10380889,3162079860,5026,9,FI
10517224,3162079860,5022,10,FI
10740579,3162079860,5022,6,01
10846791,3162079860,5021,9,01
10846791,3162079860,5021,6,FI
10846791,3162079860,5022,8,01
11430890,3162079860,5022,5,FI
11430890,3162079860,5023,8,01
10810094,3162079860,5021,0,FI
10355633,3162079860,5023,8,01
10355633,3162079860,5024,9,01
11482158,3162079860,5026,8,FI
12874164,3162079860,5022,6,01
12874164,3162079860,5023,10,01
12874164,3162079860,5026,8,FI
10781314,3162079860,5025,6,01
10678728,3162079860,5022,6,EX
10678728,3162079860,5024,7,FI
10678728,3162079860,5025,6,01
10586308,3162079860,5024,10,FI
10586308,3162079860,5025,8,01
10799062,3162079874,5072,7,01
10736698,3162079874,5073,9,FI
10736698,3162079874,5075,8,FI
10328167,3162079874,5073,0,01
10328167,3162079874,5073,0,EX
10841155,3162079874,5072,0,FI
10841155,3162079874,5074,0,FI
10832732,3162079874,5075,8,FI
10294470,3162079874,5071,0,EX
10294470,3162079874,5074,0,FI
10481669,3162079874,5072,9,01
10747327,3162079874,5071,7,01
10304881,3162079874,5071,0,FI
10304881,3162079874,5072,0,FI
10304881,3162079874,5072,0,EX
11502777,3162079874,5071,9,FI
11502777,3162079874,5075,8,FI
10726154,3162079874,5072,10,01
10516191,3162079874,5071,7,01
10837507,3162079874,5073,0,FI
10405270,3162079874,5072,0,EX
10403933,3162079874,5073,0,EX
10676854,3162079874,5073,9,01
10676854,3162079874,5075,10,01
10406026,3162079874,5073,9,FI
10837451,3162080071,CV0004,8,01
10837451,3162080071,0375,9,FI
11635385,3162080071,CV0004,9,FI
10707778,3162080071,0375,0,FI
10707778,3162080071,0377,0,FI
10855729,3162080071,0377,8,01
10611327,3162080071,0376,10,01
11242377,3162080071,0381,9,FI
11242377,3162080071,0377,6,01
10267085,3162080071,0381,7,FI
10267085,3162080071,0375,7,FI
10267085,3162080071,0377,6,FI
10707901,3162080071,0379,7,PO
10707901,3162080071,0375,7,FI
10832107,3162080071,0378,8,01
10832107,3162080071,0382,0,FO
10679688,3162080071,CV0004,7,01
10679688,3162080071,0379,9,PO
10679688,3162080071,0375,7,01
10676228,3162080071,0377,4,01
10837560,3162080071,0381,8,FI
10837560,3162080071,0375,7,01
10837560,3162080071,0376,9,FI
10864476,3162080071,0375,0,01
10832097,3162080071,0376,3,FI
10832097,3162080071,0374,5,EX
10332972,3162080071,0374,10,FI
12722174,3162080071,0376,6,FI
13257199,3162080071,0381,9,FI
13257199,3162080071,0374,9,01
10634348,3162080071,CV0004,8,FI
10634348,3162080071,0377,7,FI
10634348,3162080071,0374,7,FI
10963354,3162080071,0379,10,PO
10963354,3162080071,0375,8,01
10748092,3162080071,0374,8,01
10691654,3162080071,0379,7,PO
10687382,3162080071,CV0004,7,01
10500950,3162080071,0376,0,EX
10500950,3162080071,0374,2,FI
10711859,3162080071,0378,0,EX
10711859,3162080071,0376,1,01
10711859,3162080071,0374,0,01
12433973,3162079993,0495,0,FO
12433973,3162079993,0490,9,01
10679671,3162079993,0490,0,EX
12636620,3162079993,0494,0,01
10364384,3162079993,0486,9,01
10525745,3162079993,0486,0,01
12427040,3162079993,0488,6,01
12427040,3162079993,0488,6,FI
13459614,3162079993,0490,0,FI
13459614,3162079993,0489,0,01
13459614,3162079993,0486,0,FI
10332148,3162079993,CV0004,0,01
10332148,3162079993,0490,7,EX
10332148,3162079993,0486,0,FI
10664873,3162079993,0486,0,01
10279313,3162079993,0490,0,01
10640914,3162079993,0489,8,01
10905913,3162079993,0491,0,01
10905913,3162079993,0491,0,EX
13038149,3162079993,0494,7,01
10512597,3162079993,0495,0,FO
10512597,3162079993,0490,6,01
10307929,3162079993,0490,4,01
10307929,3162079993,0489,8,FI
11904882,3162079993,0489,5,FI
12636390,3162079993,0489,8,FI
10965828,3162079993,0491,5,FI
10965828,3162079993,0486,0,01
11891674,3162079993,0489,0,01
10635824,3162079993,CV0004,6,FI
10635824,3162079993,0494,5,01
10635824,3162079993,0490,7,EX
10666129,3162079957,0618,8,01
10666129,3162079957,0613,5,FI
10945672,3162079957,CV0004,7,01
10279324,3162079993,0492,7,P1
10945672,3162079957,0614,8,FI
10837069,3162079957,0613,8,01
10837069,3162079957,0612,7,01
10736098,3162079957,0615,8,FI
10736098,3162079957,0613,4,01
10736098,3162079957,0612,3,01
10254986,3162079957,0612,10,FI
10679677,3162079957,0613,6,EX
10201417,3162079957,CV0004,10,FI
10201417,3162079957,0615,8,FI
10820972,3162079957,CV0004,10,FI
12736124,3162079957,0614,7,01
12736124,3162079957,0613,2,01
10392051,3162079957,CV0004,10,01
10392051,3162079957,0618,9,01
10489583,3162079957,0619,0,FO
13294635,3162079957,0619,0,FO
13294635,3162079957,0612,9,01
10689194,3162079957,0616,10,PO
10689194,3162079957,0614,8,01
10657057,3162079957,0615,4,FI
10027669,3162079936,0226,0,01
10910799,3162079936,CV0002,10,FI
10910799,3162079936,0224,8,FI
10906556,3162079936,0230,6,FI
10906556,3162079936,0228,4,FI
10906556,3162079936,0224,3,01
10912321,3162079936,0231,0,FO
10912321,3162079936,0227,10,01
10837080,3162079936,CV0002,8,01
10837080,3162079936,0230,6,01
10819052,3162079936,0228,10,FI
10819052,3162079936,0226,6,01
10819052,3162079936,0227,9,FI
10904569,3162079936,0224,8,FI
10904569,3162079936,0227,6,FI
13031606,3162079936,0227,6,01
13031606,3162079936,0227,7,FI
10892259,3162079936,0230,9,FI
10911129,3162079936,0224,6,FI
10911373,3162079936,CV0002,9,FI
10911373,3162079936,0228,10,01
10911373,3162079936,0226,9,01
10663109,3162079936,0227,0,01
10789656,3162079936,0228,8,FI
10789656,3162079936,0227,5,01
10909591,3162079936,CV0002,9,FI
10909591,3162079936,0226,9,01
10390554,3162079936,0230,9,01
10390554,3162079936,0230,7,FI
10390554,3162079936,0224,4,01
10390554,3162079936,0227,1,01
10017433,3162079936,0226,10,FI
10017433,3162079936,0227,9,01
10895404,3162079936,0224,8,01
13086978,3162079936,CV0002,4,01
10283255,3162079936,0228,7,FI
10283255,3162079936,0226,7,FI
11420126,3162079936,0227,0,01
10679666,3162079936,0224,0,01
13250561,3162079936,0230,0,FI
13250561,3162079936,0226,0,EX
10416745,3162079936,0228,3,01
10416745,3162079936,0226,5,01
10978459,3162079936,0226,0,01
10793625,3162075411,028504,9,01
10793625,3162075411,028505,7,02
10793625,3162075411,028501,8,01
10260898,3162075411,028503,8,FI
12921679,3162075411,028502,8,02
11572769,3162075411,028502,0,01
11572769,3162075411,028501,0,01
10767533,3162075411,028505,9,FI
10767533,3162075411,028503,8,02
10471049,3162075411,028502,9,01
10471049,3162075411,028502,8,02
10471049,3162075411,028501,9,01
10464351,3162075411,028504,8,01
10464351,3162075411,028504,10,02
10464351,3162075411,028001,8,02
10464351,3162075411,028503,8,FI
10464351,3162075411,028501,9,FI
10464351,3162075411,028100,9,02
10892583,3162075411,028001,7,01
10892583,3162075411,028503,4,02
10931651,3162075411,028501,6,01
10783770,3162075411,028502,7,FI
10783770,3162075411,028100,4,01
11006716,3162075411,028505,4,02
11006716,3162075411,028001,6,02
11004261,3162075411,028501,0,01
11004261,3162075411,028501,6,02
11004261,3162075411,028100,8,02
10333832,3162075411,028504,6,FI
10333832,3162075411,028505,4,02
10901871,3162075411,028504,8,FI
10901871,3162075411,028001,7,01
10901871,3162075411,028501,7,01
10901871,3162075411,028100,8,FI
11001548,3162075411,028502,9,01
11001548,3162075411,028505,6,FI
10409975,3162075411,028504,0,EX
10409975,3162075411,028001,0,FI
10409975,3162075411,028503,0,02
13451031,3162075411,028504,6,EX
13451031,3162075411,028001,6,02
13451031,3162075411,028100,6,02
10428502,3162075411,028502,8,02
10428502,3162075411,028505,4,FI
10904286,3162075411,028502,8,01
10904286,3162075411,028503,8,01
12869703,3162075411,028504,6,FI
12869703,3162075411,028505,3,01
12869703,3162075411,028505,4,FI
12869703,3162075411,028503,6,FI
11176344,3162075411,028502,7,01
11176344,3162075411,028505,4,01
11176344,3162075411,028505,5,FI
11176344,3162075411,028001,6,02
11176344,3162075411,028501,5,FI
10824027,3162075411,028504,9,02
10824027,3162075411,028503,4,01
10824027,3162075411,028503,3,02
11025178,3162075411,028502,6,01
11025178,3162075411,028001,8,FI
11025178,3162075411,028503,4,02
11025178,3162075411,028100,7,FI
10358166,3162075411,028503,10,02
11318443,3162075411,028505,9,01
10906346,3162075411,028504,9,FI
10927446,3162075411,028502,10,FI
10927446,3162075411,028503,8,01
10927446,3162075411,028100,9,02
10777684,3162075411,028502,6,01
10777684,3162075411,028504,9,FI
10777684,3162075411,028501,6,01
12941115,3162075411,028502,9,FI
12941115,3162075411,028505,7,01
13246042,3162075411,028503,10,FI
13246042,3162075411,028501,10,01
13156002,3162075411,028100,10,02
10805472,3162075411,028505,2,01
10805472,3162075411,028505,2,FI
10805472,3162075411,028501,2,02
10926900,3162075411,028504,10,02
10926900,3162075411,028001,7,01
10926900,3162075411,028503,8,FI
10926900,3162075411,028501,9,FI
13287506,3162075411,028505,8,01
13287506,3162075411,028503,8,01
13287506,3162075411,028503,8,FI
10801002,3162075411,028504,8,FI
13071991,3162075411,028502,9,01
13071991,3162075411,028100,9,02
11048215,3162075411,028505,7,FI
11260593,3162075411,028504,0,FI
11260593,3162075411,028503,1,02
10895653,3162075411,028502,8,02
10895653,3162075411,028505,7,02
10698491,3162075411,028502,4,02
10698491,3162075411,028505,0,02
10698491,3162075411,028100,5,01
13124409,3162075411,028100,6,01
13124409,3162075411,028100,7,FI
11328075,3162075411,028502,7,FI
11328075,3162075411,028504,8,02
11328075,3162075411,028100,7,FI
12879841,3162075411,028502,0,EX
12879841,3162075411,028504,0,01
12879841,3162075411,028001,0,01
12879841,3162075411,028503,0,FI
10924060,3162075411,028502,7,02
10924060,3162075411,028504,9,02
10924060,3162075411,028503,7,FI
13456219,3162075411,028504,6,01
13456219,3162075411,028504,7,02
13456219,3162075411,028505,8,02
13456219,3162075411,028501,8,01
13456219,3162075411,028100,9,FI
10906500,3162075411,028100,6,01
11231768,3162075411,028504,0,01
11231768,3162075411,028505,0,FI
11231768,3162075411,028501,0,FI
10904182,3162075411,028505,7,01
10904182,3162075411,028501,8,02
10904182,3162075411,028501,8,FI
13458419,3162075411,028502,9,FI
13458419,3162075411,028001,9,02
11032717,3162075411,028505,8,01
11032717,3162075411,028501,9,02
11032717,3162075411,028100,7,FI
10446775,3162075411,028100,0,01
10912191,3162075411,028503,3,FI
10912191,3162075411,028100,6,FI
13095949,3162075411,028502,9,FI
13095949,3162075411,028505,7,FI
13456990,3162075411,028504,7,FI
13458439,3162075411,028502,10,FI
13458439,3162075411,028504,8,02
13458439,3162075411,028505,8,FI
10718947,3162075411,028501,6,02
10251126,3162075411,028503,0,02
10251126,3162075411,028100,0,02
10251126,3162075411,028100,0,EX
11076555,3162075411,028502,0,EX
11076555,3162075411,028504,3,01
11076555,3162075411,028505,0,02
11076555,3162075411,028001,0,02
11076555,3162075411,028001,0,FI
10511909,3162075411,028502,0,EX
10511909,3162075411,028504,0,02
10511909,3162075411,028001,0,FI
10511909,3162075411,028503,0,02
10511909,3162075411,028100,0,02
11321787,3162075411,028502,10,FI
11321787,3162075411,028505,10,FI
11321787,3162075411,028001,10,FI
10705766,3162075411,028502,0,02
10705766,3162075411,028001,5,01
10705766,3162075411,028001,0,02
10705766,3162075411,028001,0,EX
13364778,3162075411,028505,8,FI
13364778,3162075411,028001,10,01
10401257,3162075411,028502,10,01
10401257,3162075411,028504,8,02
10401257,3162075411,028504,9,FI
10244186,3162075411,028504,3,02
12151166,3162075411,028503,10,01
12151166,3162075411,028501,8,01
10803834,3162075411,028001,9,01
10803834,3162075411,028501,0,EX
10803834,3162075411,028100,9,02
10442635,3162075411,028505,0,01
10442635,3162075411,028001,0,FI
10442635,3162075411,028100,0,02
10913310,3162075411,028502,7,02
10913310,3162075411,028504,9,01
10913310,3162075411,028505,4,02
10913310,3162075411,028100,7,FI
10894182,3162075411,028504,8,FI
10894182,3162075411,028001,8,FI
10894182,3162075411,028503,8,02
11013996,3162075411,028505,4,01
11013996,3162075411,028001,8,FI
13459090,3162075411,028100,9,01
13459090,3162075411,028100,9,02
13459090,3162075411,028100,9,FI
10681066,3162075411,028505,6,FI
10384941,3162075411,028504,9,01
10384941,3162075411,028505,8,01
10384941,3162075411,028505,8,FI
10616148,3162075411,028503,0,01
10616148,3162075411,028100,0,01
10491541,3162075411,028505,4,01
10491541,3162075411,028505,8,02
10491541,3162075411,028001,7,02
10491541,3162075411,028501,8,FI
10491541,3162075411,028100,8,01
10491541,3162075411,028100,9,FI
12878698,3162075411,028502,0,02
12459446,3162075411,028504,4,01
12459446,3162075411,028501,8,02
11144881,3162075411,028505,4,01
11144881,3162075411,028503,8,02
11144881,3162075411,028501,6,02
11144881,3162075411,028100,6,01
12451319,3162075411,028504,8,02
12451319,3162075411,028504,10,FI
12510297,3162075411,028001,8,01
12510297,3162075411,028503,10,01
10382918,3162075411,028505,4,01
10382918,3162075411,028501,7,02
10382918,3162075411,028501,5,FI
12373449,3162075411,028503,9,02
10241444,3162075411,028502,0,FI
10241444,3162075411,028001,0,01
10241444,3162075411,028100,0,01
11664133,3162075411,028504,9,FI
10017418,3162075411,028502,7,FI
10017418,3162075411,028504,9,FI
10017418,3162075411,028505,7,FI
10017418,3162075411,028501,8,FI
10017418,3162075411,028100,9,FI
13230238,3162075411,028001,0,02
13230238,3162075411,028501,0,01
11027241,3162075411,028502,8,01
11027241,3162075411,028505,7,FI
11027241,3162075411,028001,8,02
11027241,3162075411,028503,8,FI
11027241,3162075411,028501,8,FI
13124410,3162075411,028503,9,FI
13124410,3162075411,028501,6,01
12877007,3162075411,028503,9,01
12877007,3162075411,028501,5,01
10506539,3162075411,028502,8,02
10506539,3162075411,028504,9,02
10506539,3162075411,028504,8,FI
10506539,3162075411,028503,8,02
10506539,3162075411,028503,7,FI
10407717,3162075411,028501,0,01
10724616,3162075411,028502,6,FI
10724616,3162075411,028501,4,02
10388125,3162075411,028505,7,01
10925235,3162075411,028502,4,02
10925235,3162075411,028504,4,02
10925235,3162075411,028505,4,FI
10925235,3162075411,028503,2,01
10925235,3162075411,028503,0,EX
10925235,3162075411,028501,1,01
10925235,3162075411,028501,4,02
10925235,3162075411,028100,0,EX
13365806,3162075411,028503,10,01
13365806,3162075411,028501,8,01
11236141,3162075411,028001,8,01
11236141,3162075411,028100,7,01
13289936,3162075411,028503,10,02
13289936,3162075411,028501,8,FI
13289936,3162075411,028100,10,02
12618601,3162075411,028100,7,01
10952090,3162075411,028505,4,01
10952090,3162075411,028503,9,FI
13461512,3162075411,028504,7,01
11830567,3162075418,028601,0,FO
12873247,3162075418,028601,0,FO
10020005,3162075418,028601,0,F2
10905442,3162075418,028601,0,F2
10866566,3162075418,028601,0,FO
10788057,3162075418,028601,0,F2
13240658,3162075418,028601,0,F2
12837351,3162075418,028601,0,FO
12695436,3162075418,028601,0,FO
12858788,3162075418,028601,0,F2
10705842,3162075539,1375,5,P1
10705842,3162075539,1378,0,F2
10657224,3162075539,1371,9,01
10657224,3162075539,1373,9,FI
10652405,3162075539,1375,8,PO
10652405,3162075539,1372,8,FI
10351740,3162075539,1378,0,FO
10351740,3162075539,1371,7,FI
10351740,3162075539,1372,8,FI
10831149,3162075539,1374,8,FI
10486854,3162075539,CV0004,4,FI
10486854,3162075539,1377,7,FI
10701794,3162075539,1372,7,FI
10701794,3162075539,1377,8,FI
11316204,3162075539,CV0004,8,FI
13242130,3162075539,1372,10,01
10664967,3162075539,1373,7,01
13281830,3162075539,1378,0,FO
13281830,3162075539,1372,8,FI
13281830,3162075539,1374,9,FI
10834203,3162075539,1377,8,01
10620831,3162075539,1372,7,01
10620831,3162075539,1377,8,FI
10822528,3162075539,1372,7,01
13011023,3162075539,1378,0,FO
10657734,3162075539,1371,6,FI
10657734,3162075539,1372,6,FI
10657734,3162075539,1377,8,FI
10859549,3162075539,1374,8,01
13256847,3162075539,CV0004,9,01
13256847,3162075539,1378,0,FO
13256847,3162075539,1372,10,01
13256847,3162075539,1377,9,01
10698110,3162075539,CV0004,9,01
10698110,3162075539,1377,8,01
10505116,3162075539,1371,7,FI
10505116,3162075539,1372,4,01
10319363,3162075539,1373,8,FI
10319363,3162075539,1377,0,01
10839832,3162075539,1375,8,PO
12739203,3162075539,1372,8,01
10027372,3162075539,1373,9,FI
10689174,3162075539,1377,9,FI
10698052,3162075539,CV0004,9,FI
10698052,3162075539,1378,0,FO
10698052,3162075539,1373,5,FI
10698052,3162075539,1374,6,01
10698052,3162075539,1377,6,FI
10817396,3162075539,1371,8,FI
10817396,3162075539,1373,7,01
10817396,3162075539,1374,8,FI
10324078,3162075539,1378,0,FO
10324078,3162075539,1373,10,01
10324078,3162075539,1373,10,FI
10781254,3162075539,1373,8,01
10781254,3162075539,1374,10,01
10742955,3162075539,1374,8,FI
10742955,3162075539,1377,8,FI
11831183,3162075539,1372,9,01
11831183,3162075539,1372,8,FI
10734168,3162075539,CV0004,7,01
10707900,3162075539,1372,7,FI
10017422,3162075539,1373,9,FI
10017422,3162075539,1374,9,01
10017422,3162075539,1374,9,FI
10017422,3162075539,1377,10,FI
10792560,3162075539,1375,0,PO
10776959,3162075539,1375,0,PO
10707896,3162075539,1375,8,PO
10635766,3162075539,1374,5,01
11155646,3162075539,1372,6,01
10845796,3162075539,CV0004,8,01
10845796,3162075539,1372,1,01
10845796,3162075539,1374,4,01
10937787,3162075539,1372,7,FI
10937787,3162075539,1377,9,FI
10792560,3162075539,1375,9,PE
10802285,3228404816,0657p,7,FI
10414870,3228404816,0647,6,02
13075443,3228404816,0657p,7,FI
13075443,3228404816,0179,4,01
13075443,3228404816,0179,7,02
13075443,3228404816,0179,5,FI
13075443,3228404816,0651,7,FI
13075443,3228404816,0650,4,01
10025295,3228404816,0657p,10,02
10025295,3228404816,0179,5,01
10025295,3228404816,0651,8,02
12690668,3228404816,0179,8,01
12690668,3228404816,0179,7,02
12690668,3228404816,0650,10,01
13450442,3228404816,0179,0,01
13450442,3228404816,0179,0,FI
13450442,3228404816,0649,0,EX
10244048,3228404816,0650,7,02
10509186,3228404816,0657p,9,02
10509186,3228404816,0647,9,01
10509186,3228404816,0647,9,FI
12332046,3228404816,0657p,9,01
10452196,3228404816,0649,9,FI
10961892,3228404816,0651,6,02
10961892,3228404816,0647,4,02
10677373,3228404816,0650,0,EX
10677373,3228404816,0648,0,FI
10677373,3228404816,0649,0,02
10677373,3228404816,0647,0,02
10350415,3228404816,0657p,9,01
10350415,3228404816,0650,7,FI
10350415,3228404816,0649,7,FI
10024578,3228404816,0179,7,01
10024578,3228404816,0647,5,01
10024578,3228404816,0647,6,FI
13455127,3228404816,0657p,9,01
13455127,3228404816,0657p,9,FI
13455127,3228404816,0651,9,FI
13455127,3228404816,0647,10,FI
10780784,3228404816,0657p,8,FI
10780784,3228404816,0179,7,02
10780784,3228404816,0179,7,FI
10780784,3228404816,0648,8,02
10780784,3228404816,0648,8,FI
13078687,3228404816,1709,8,FI
13078687,3228404816,0657p,9,FI
13078687,3228404816,0179,8,01
10679723,3228404816,0179,5,FI
10679723,3228404816,0650,6,01
10679723,3228404816,0648,8,02
10679723,3228404816,0649,6,01
10679723,3228404816,0647,7,02
10679723,3228404816,0647,6,FI
10824617,3228404816,1709,7,01
10824617,3228404816,1709,8,02
10840138,3228404816,0179,8,FI
10840138,3228404816,0650,3,02
10840138,3228404816,0649,7,02
10017455,3228404816,0657p,9,01
10017455,3228404816,0179,9,02
10017455,3228404816,0651,8,01
10017455,3228404816,0648,9,FI
13035058,3228404816,0651,7,FI
10377895,3228404816,0179,0,EX
10377895,3228404816,0647,0,02
10661639,3228404816,0651,9,FI
10661639,3228404816,0650,7,01
10661639,3228404816,0650,7,02
10661639,3228404816,0650,7,FI
10357636,3228404816,0179,9,02
10357636,3228404816,0648,8,FI
11338343,3228404816,0648,8,01
11338343,3228404816,0649,7,01
10991112,3228404816,1709,9,02
10819112,3228404816,1709,9,01
10819112,3228404816,1709,7,02
10819112,3228404816,0179,8,02
10819112,3228404816,0647,7,FI
10953575,3228404816,0647,7,01
10953575,3228404816,0647,6,FI
10381846,3228404816,0657p,9,01
10381846,3228404816,0657p,9,02
10381846,3228404816,0651,10,01
10381846,3228404816,0648,10,01
10381846,3228404816,0649,8,FI
13456235,3228404816,0649,0,01
10679695,3228404816,0657p,9,02
10679695,3228404816,0650,4,FI
10679695,3228404816,0648,8,FI
10679695,3228404816,0649,4,02
10677900,3228404816,1709,6,FI
10677900,3228404816,0657p,9,01
10677900,3228404816,0650,6,FI
10677900,3228404816,0649,4,02
13476760,3228404816,1709,4,01
13476760,3228404816,0657p,0,FI
13476760,3228404816,0648,3,01
13476760,3228404816,0647,0,EX
13064420,3228404816,0657p,6,01
13064420,3228404816,0657p,7,FI
13064420,3228404816,0651,6,01
13064420,3228404816,0648,7,01
10256435,3228404816,0657p,9,FI
10256435,3228404816,0179,0,02
10256435,3228404816,0651,6,01
10256435,3228404816,0651,7,FI
10256435,3228404816,0650,2,02
13060964,3228404816,0657p,0,FI
13060964,3228404816,0651,0,02
13060964,3228404816,0648,0,FI
13060964,3228404816,0649,0,FI
10279441,3228404816,0651,8,02
10279441,3228404816,0648,9,FI
10279441,3228404816,0647,8,02
13264942,3228404816,1709,0,FI
13264942,3228404816,0179,6,01
13264942,3228404816,0651,0,02
10953290,3228404816,0649,8,02
10463434,3228404816,0657p,0,FI
10463434,3228404816,0650,0,02
10463434,3228404816,0650,0,FI
11254695,3228404816,0179,0,01
11254695,3228404816,0179,0,EX
11254695,3228404816,0651,0,01
11254695,3228404816,0651,0,FI
11664368,3228404816,0657p,0,02
11664368,3228404816,0651,0,FI
11664368,3228404816,0650,0,02
11664368,3228404816,0648,6,02
11664368,3228404816,0648,0,FI
11664368,3228404816,0647,0,02
11481642,3228404816,1709,0,02
11481642,3228404816,1709,0,EX
11481642,3228404816,0657p,0,EX
11481642,3228404816,0651,0,01
11481642,3228404816,0650,0,02
11481642,3228404816,0650,0,EX
11481642,3228404816,0648,0,FI
11481642,3228404816,0648,0,EX
11481642,3228404816,0649,0,01
11481642,3228404816,0649,0,02
11481642,3228404816,0647,0,01
11889122,3228404816,0649,9,01
11889122,3228404816,0647,7,01
11889122,3228404816,0647,5,02
11241112,3228404816,0647,7,FI
10819061,3228404816,0651,9,FI
10819061,3228404816,0648,8,01
10819061,3228404816,0649,7,02
10129831,3228404816,0651,7,02
10789628,3228404816,0657p,7,FI
10789628,3228404816,0650,8,02
10789628,3228404816,0648,8,FI
10789628,3228404816,0647,8,01
10783588,3228404816,1709,6,02
10783588,3228404816,0657p,9,FI
13035060,3228404816,0648,8,02
13035179,3228404816,0651,8,01
13035179,3228404816,0648,7,02
13035179,3228404816,0647,7,FI
10321979,3228404816,0179,0,02
10321979,3228404816,0650,8,FI
10321979,3228404816,0648,8,01
10321979,3228404816,0647,8,01
10615771,3228404816,0651,0,01
10615771,3228404816,0649,0,01
10615771,3228404816,0649,0,EX
10762368,3228413080,0179,7,02
10762368,3228413080,0379p,7,FI
10762368,3228413080,0373,7,01
10762368,3228413080,0371,9,FI
10762368,3228413080,0372,7,01
10796295,3228413080,0179,8,01
10796295,3228413080,0373,7,01
10796295,3228413080,0372,10,FI
10635003,3228413080,0370,8,01
10762343,3228413080,0379p,9,01
10762343,3228413080,0373,7,01
10762343,3228413080,0371,9,01
10762343,3228413080,0369,9,02
10910600,3228413080,0371,9,FI
10757735,3228413080,1709,5,01
10757735,3228413080,1709,7,02
10757735,3228413080,0179,8,02
10757735,3228413080,0373,8,FI
10757735,3228413080,0371,4,01
11082671,3228413080,0379p,9,01
11082671,3228413080,0370,3,02
11082671,3228413080,0369,9,FI
10849397,3228413080,0379p,8,02
10849397,3228413080,0370,9,01
10849397,3228413080,0373,7,FI
10849397,3228413080,0371,8,02
10849397,3228413080,0372,7,01
10849397,3228413080,0369,8,02
10805501,3228413080,0179,4,02
12854002,3228413080,0370,4,02
12854002,3228413080,0372,7,FI
10840811,3228413080,0179,9,01
10840811,3228413080,0369,7,02
10737949,3228413080,0379p,7,FI
10737949,3228413080,0372,9,FI
10799789,3228413080,1709,8,FI
10799789,3228413080,0379p,10,01
10799789,3228413080,0179,9,02
10799789,3228413080,0372,9,FI
10799789,3228413080,0369,9,01
10799789,3228413080,0369,10,02
10652371,3228413080,0179,7,01
10652371,3228413080,0179,4,02
10652371,3228413080,0370,6,FI
10652371,3228413080,0373,8,FI
10652371,3228413080,0371,7,FI
10652371,3228413080,0372,8,FI
10762023,3228413080,0379p,9,01
10762023,3228413080,0371,9,01
10762023,3228413080,0372,9,01
10764453,3228413080,0179,8,02
10764453,3228413080,0370,7,02
10764453,3228413080,0372,8,02
10813139,3228413080,0379p,9,01
10813139,3228413080,0371,7,02
10813139,3228413080,0371,7,FI
10756607,3228413080,0370,9,01
10756607,3228413080,0373,7,02
10756607,3228413080,0373,8,FI
10756607,3228413080,0371,9,01
10756607,3228413080,0372,10,02
10756607,3228413080,0369,10,02
10762338,3228413080,1709,7,FI
10762338,3228413080,0379p,8,01
10762338,3228413080,0373,7,01
10762338,3228413080,0373,8,02
10762338,3228413080,0369,6,02
10823812,3228413080,0370,9,FI
10823812,3228413080,0372,7,02
13456011,3228413080,0179,4,02
13456011,3228413080,0371,8,01
13456011,3228413080,0369,8,01
10780756,3228413080,1709,7,FI
10780756,3228413080,0370,8,02
10780756,3228413080,0369,8,02
10823807,3228413080,0373,6,02
11064614,3228413382,0616p,0,EX
11067623,3228413382,1709,0,02
11067623,3228413382,0616p,0,01
13042221,3228413382,0179,0,FI
10525885,3228413382,0373,0,01
10525885,3228413382,0483,0,FI
13455308,3228413382,0616p,8,01
13455308,3228413382,0373,9,FI
13455308,3228413382,0487,5,02
13455308,3228413382,0485,8,01
13455308,3228413382,0485,8,FI
10807600,3228413382,0179,10,02
10381670,3228413382,0484,7,01
10679710,3228413382,0179,7,02
10679710,3228413382,0485,6,01
10736277,3228413382,0373,10,01
10736277,3228413382,0484,9,01
10736277,3228413382,0483,9,02
10797348,3228413382,0616p,9,02
10797348,3228413382,0179,9,02
10797348,3228413382,0487,9,FI
10797348,3228413382,0484,9,FI
10611084,3228413382,0616p,9,FI
10695479,3228413382,0179,0,02
10695479,3228413382,0483,0,01
10709604,3228413382,0616p,10,FI
10709604,3228413382,0487,10,FI
10709604,3228413382,0485,10,FI
10770964,3228413382,0487,8,01
10770964,3228413382,0484,9,02
10418675,3228413382,0616p,6,FI
11161106,3228413382,1709,0,01
11161106,3228413382,0616p,0,01
11161106,3228413382,0373,0,01
11161106,3228413382,0487,0,01
11161106,3228413382,0483,0,02
10718934,3228413382,0616p,9,02
10718934,3228413382,0373,6,01
10269408,3228413382,0616p,0,EX
10269408,3228413382,0373,3,01
10269408,3228413382,0373,0,FI
13460547,3228413382,0373,3,01
13460547,3228413382,0487,7,01
13460547,3228413382,0483,0,02
13460547,3228413382,0483,0,FI
11571094,3228413382,0485,0,01
11571094,3228413382,0484,6,02
11332097,3228413382,1709,0,01
11332097,3228413382,1709,0,FI
11332097,3228413382,0179,0,02
11332097,3228413382,0487,0,02
11332097,3228413382,0485,0,EX
11332097,3228413382,0483,0,01
11332097,3228413382,0483,0,EX
10453628,3228413382,0616p,0,01
10453628,3228413382,0373,0,01
10453628,3228413382,0487,0,EX
10453628,3228413382,0485,0,EX
12500233,3228413382,1709,0,EX
12500233,3228413382,0179,0,FI
12500233,3228413382,0487,0,02
12500233,3228413382,0485,0,02
12500233,3228413382,0483,0,FI
10399058,3228413382,1709,5,01
10399058,3228413382,1709,0,FI
10399058,3228413382,1709,0,EX
10399058,3228413382,0616p,0,EX
10399058,3228413382,0179,0,01
10399058,3228413382,0484,0,02
10399058,3228413382,0484,0,FI
10399058,3228413382,0484,0,EX
10770657,3228413382,0373,9,02
10770657,3228413382,0373,10,FI
10770657,3228413382,0484,9,01
10770657,3228413382,0483,9,01
10711977,3228413382,0616p,10,02
10711977,3228413382,0487,9,02
10711977,3228413382,0485,8,01
10711977,3228413382,0484,9,01
10308704,3228413382,0616p,0,FI
10308704,3228413382,0179,0,02
10308704,3228413382,0373,0,02
10308704,3228413382,0487,0,02
12730778,3228413382,0373,0,FI
12730778,3228413382,0487,0,02
12730778,3228413382,0485,0,FI
12730778,3228413382,0484,5,EX
12730778,3228413382,0483,0,02
10471125,3228413382,0483,0,02
10255502,3228413382,1709,8,02
10328549,3228413382,0484,7,01
10810051,3228413382,1709,7,01
10810051,3228413382,0487,8,FI
11569845,3228413382,1709,0,01
11569845,3228413382,0616p,0,EX
11569845,3228413382,0485,0,02
11569845,3228413382,0484,0,FI
11569845,3228413382,0483,0,FI
11271861,3228413382,1709,7,FI
11271861,3228413382,0487,8,FI
11271861,3228413382,0485,5,02
11271861,3228413382,0483,0,02
11271861,3228413382,0483,8,EX
13459168,3228413382,0616p,7,02
13459168,3228413382,0373,10,01
13459168,3228413382,0373,10,02
10757001,3228413382,0484,8,FI
10757001,3228413382,0483,8,02
10828387,3228413382,0616p,9,02
10828387,3228413382,0484,4,02
13457137,3228413382,1709,0,FI
13457137,3228413382,1709,0,EX
13457137,3228413382,0616p,0,01
13457137,3228413382,0616p,0,EX
13457137,3228413382,0179,0,02
13457137,3228413382,0487,0,EX
10856605,3228413382,0484,9,FI
10401376,3228413382,0373,0,02
10401376,3228413382,0483,0,01
11898422,3228413382,0179,5,02
11898422,3228413382,0373,0,EX
11898422,3228413382,0487,0,FI
13456133,3228413382,1709,0,02
13456133,3228413382,1709,0,EX
13456133,3228413382,0616p,0,01
10677836,3228413382,0616p,6,01
10677836,3228413382,0179,4,01
10677836,3228413382,0179,8,02
10677836,3228413382,0373,0,EX
10677836,3228413382,0487,0,FI
10677836,3228413382,0485,6,01
10677836,3228413382,0484,3,01
10677836,3228413382,0483,0,02
10205657,3228413382,0373,8,01
10205657,3228413382,0487,7,EX
10205657,3228413382,0485,0,FI
10643328,3228413382,0487,9,02
12433428,3228413382,0373,9,FI
12287306,3228413382,1709,0,FI
12287306,3228413382,0484,0,01
10758419,3228413382,0179,7,02
10758419,3228413382,0485,7,FI
10865703,3228415772,1370,8,02
10865703,3228415772,1367,6,02
10799612,3228415772,1375p,9,FI
10799612,3228415772,1368,9,02
11649640,3228415772,1375p,6,01
11649640,3228415772,0179,9,FI
10817945,3228415772,1375p,8,FI
10817945,3228415772,1370,4,01
10817945,3228415772,1370,4,02
10817945,3228415772,1368,5,02
10834174,3228415772,0179,10,01
13281768,3228415772,1370,4,01
10798915,3228415772,1370,8,01
10819488,3228415772,1709,9,FI
10819488,3228415772,0179,8,02
10819488,3228415772,1367,8,01
10819488,3228415772,1369,9,FI
10781492,3228415772,1368,7,01
10781492,3228415772,1368,6,FI
10413312,3228415772,1375p,9,FI
10413312,3228415772,0179,8,02
10413312,3228415772,1369,4,02
10546650,3228415772,1369,8,01
10546650,3228415772,1369,5,02
13273466,3228415772,1370,8,01
13273466,3228415772,1368,8,02
10714135,3228415772,1375p,5,01
10714135,3228415772,1369,5,02
10842025,3228415772,1375p,10,01
10842025,3228415772,1367,4,02
10842025,3228415772,1368,7,EX
10851445,3228415772,1370,8,FI
10711961,3228415772,1370,3,01
10711961,3228415772,1368,6,02
10678320,3228415772,1368,6,02
10678320,3228415772,1368,4,FI
11341745,3228415772,0179,9,02
11341745,3228415772,1369,7,01
11251967,3228415772,1709,7,02
11251967,3228415772,1375p,10,01
11251967,3228415772,1370,7,FI
11251967,3228415772,1367,7,FI
11251967,3228415772,1368,8,01
10122344,3228415772,0179,10,02
10122344,3228415772,1370,10,01
10122344,3228415772,1368,9,02
10122344,3228415772,1368,10,FI
10122344,3228415772,1369,10,FI
10725869,3228415772,1709,7,01
10725869,3228415772,1367,7,FI
10725869,3228415772,1368,4,FI
10378823,3228415772,0179,7,01
10378823,3228415772,1369,10,FI
11104411,3228415772,1375p,10,02
10783707,3228415772,1375p,9,02
10985551,3228415772,1367,7,FI
10985551,3228415772,1368,7,01
10793376,3228415772,1375p,8,02
10793376,3228415772,1368,8,01
10793376,3228415772,1369,7,02
10776515,3228415772,0179,10,01
10776515,3228415772,1367,8,02
10734128,3228415772,1375p,10,01
10734128,3228415772,0179,9,FI
10734128,3228415772,1370,10,02
10734128,3228415772,1368,10,02
10729560,3228415772,1370,5,01
10729560,3228415772,1367,4,FI
10729560,3228415772,1367,6,EX
10770501,3228415772,0179,9,02
10770501,3228415772,1367,9,02
10770501,3228415772,1367,8,FI
10819378,3228415772,1368,8,02
10827153,3228415772,1709,8,02
10827153,3228415772,1375p,10,01
10827153,3228415772,1375p,8,FI
10827153,3228415772,1370,7,FI
10827153,3228415772,1368,7,01
10827153,3228415772,1369,8,01
10993836,3228415772,1709,8,02
10993836,3228415772,1367,8,02
10993836,3228415772,1369,10,01
11514753,3228415772,1709,9,01
11514753,3228415772,1375p,9,01
11514753,3228415772,1368,9,FI
10780789,3228415772,1367,8,01
13462544,3228415772,1370,7,01
10809667,3228415772,0179,8,01
10687463,3228415772,1375p,9,02
10652580,3228415772,0179,7,02
10652580,3228415772,1370,8,01
10678151,3228415772,1375p,8,FI
10678151,3228415772,0179,7,02
10678151,3228415772,1370,4,FI
10678151,3228415772,1368,7,01
10809557,3228415772,1370,8,01
10944114,3228415772,1368,7,EX
10944114,3228415772,1369,7,FI
10730519,3228415772,1370,4,02
10730519,3228415772,1367,6,01
10730519,3228415772,1367,3,EX
10730519,3228415772,1369,4,FI
13242092,3228415772,1375p,10,FI
10742238,3228415772,1370,7,FI
12558926,3228415772,0179,5,01
12558926,3228415772,1368,6,01
12558926,3228415772,1369,6,EX
11671982,3228379385,0437,6,01
11671982,3228379385,0439,8,FI
11671982,3228379385,0440,5,02
11043785,3228379385,0437,4,01
10737175,3228379385,0156,9,02
13133521,3228379385,1709,9,FI
13133521,3228379385,0439,8,01
13133521,3228379385,0439,8,FI
13133521,3228379385,0438,8,02
13133521,3228379385,0438,8,FI
11039273,3228379385,0440,9,FI
10887720,3228379385,1709,9,01
10887720,3228379385,1709,7,02
10887720,3228379385,1709,8,FI
10887720,3228379385,0438,6,FI
10887720,3228379385,0440,8,01
10887720,3228379385,0156,8,02
11029440,3228379385,0441,9,FI
11029440,3228379385,0439,9,01
10995299,3228379385,0439,9,02
10995299,3228379385,0156,9,01
10995299,3228379385,0156,9,02
10835299,3228379385,0439,6,FI
10835299,3228379385,0440,8,01
10835299,3228379385,0156,6,FI
10805591,3228379385,0439,5,02
10805591,3228379385,0440,7,02
10805591,3228379385,0156,4,FI
11805803,3228379385,0441,10,02
11805803,3228379385,0440,9,FI
10906307,3228379385,1709,5,FI
10906307,3228379385,0437,4,02
10906307,3228379385,0437,6,FI
10906307,3228379385,0439,2,01
10906307,3228379385,0439,2,02
10906307,3228379385,0440,3,01
10911748,3228379385,1709,8,02
10911748,3228379385,0439,8,01
10911748,3228379385,0438,8,01
10787655,3228379385,1709,6,02
10787655,3228379385,0437,3,02
10787655,3228379385,0156,8,01
10787655,3228379385,0156,8,FI
11028742,3228379385,0437,7,01
11028742,3228379385,0437,6,02
11028742,3228379385,0439,7,01
11028742,3228379385,0156,9,01
11026339,3228379385,0441,2,FI
11026339,3228379385,0439,6,01
11026339,3228379385,0440,6,FI
10905782,3228379385,0439,7,FI
11004486,3228379385,0437,9,FI
11004486,3228379385,0438,10,02
11004486,3228379385,0156,9,02
10911568,3228379385,1709,8,FI
10911568,3228379385,0441,8,02
10911568,3228379385,0441,7,FI
10911568,3228379385,0440,8,02
11044309,3228379385,0437,6,02
11044309,3228379385,0438,8,02
11044309,3228379385,0438,8,FI
11044309,3228379385,0440,7,FI
11604486,3228379385,1709,5,02
11604486,3228379385,0441,0,EX
11604486,3228379385,0439,5,02
11604486,3228379385,0438,0,FI
11604486,3228379385,0438,0,EX
11604486,3228379385,0440,5,02
11604486,3228379385,0156,8,02
10911000,3228379385,1709,6,FI
10911000,3228379385,0441,2,02
10911000,3228379385,0438,7,02
11068958,3228379385,0438,0,02
11068958,3228379385,0156,0,FI
11068958,3228379385,0156,0,EX
13466647,3228379385,1709,7,02
13466647,3228379385,0439,9,FI
13466647,3228379385,0156,6,02
10787257,3228379385,0439,5,02
10787257,3228379385,0438,5,02
10787257,3228379385,0440,6,FI
10787257,3228379385,0156,4,FI
10278634,3228379385,0437,9,FI
10284131,3228379385,0439,9,02
10284131,3228379385,0439,8,FI
10284131,3228379385,0156,4,02
10929912,3228379385,0437,4,02
10929912,3228379385,0441,4,02
10929912,3228379385,0440,5,FI
10929912,3228379385,0156,8,FI
11024457,3228379385,0437,6,01
11024457,3228379385,0440,8,02
11024457,3228379385,0440,9,FI
10302214,3228379385,1709,0,FI
10302214,3228379385,0441,0,01
10302214,3228379385,0441,0,02
10302214,3228379385,0439,0,EX
10302214,3228379385,0438,0,02
10302214,3228379385,0438,0,FI
12731640,3228379385,1709,7,02
12731640,3228379385,0439,7,01
12731640,3228379385,0438,5,FI
12731640,3228379385,0156,4,01
12731640,3228379385,0156,5,FI
11507257,3228379385,0439,9,02
11507257,3228379385,0438,7,01
10929818,3228379385,1709,9,01
10929818,3228379385,0439,9,02
10929818,3228379385,0438,9,FI
10929818,3228379385,0440,8,FI
10951388,3228379385,0437,0,02
10951388,3228379385,0437,0,FI
10951388,3228379385,0439,0,EX
10951388,3228379385,0438,0,01
10951388,3228379385,0156,0,01
10435060,3228379385,1709,0,FI
10435060,3228379385,0437,0,02
10435060,3228379385,0437,0,EX
10435060,3228379385,0438,0,01
10435060,3228379385,0156,0,01
10248709,3228379385,0439,0,01
10421015,3228379385,0437,9,01
10421015,3228379385,0441,0,02
10421015,3228379385,0156,0,02
12673295,3228379385,0437,0,01
12673295,3228379385,0441,0,01
12673295,3228379385,0439,0,FI
12673295,3228379385,0438,0,01
12673295,3228379385,0440,0,02
10420824,3228379385,0438,4,EX
10468121,3228379385,0441,0,02
10468121,3228379385,0440,7,01
10468121,3228379385,0440,2,02
13458066,3228379385,0441,10,02
10650730,3228379385,0156,4,01
10650730,3228379385,0156,7,02
13459588,3228379385,1709,0,02
13459588,3228379385,0441,0,FI
13459588,3228379385,0441,0,EX
13459588,3228379385,0439,0,02
11026347,3228379385,0437,7,01
10394837,3228379385,1709,5,01
10394837,3228379385,0437,9,02
10307040,3228379385,1709,0,01
10307040,3228379385,0438,0,EX
10307040,3228379385,0156,0,02
11786393,3228379385,0437,0,02
11786393,3228379385,0439,0,FI
11786393,3228379385,0440,0,01
11786393,3228379385,0440,0,02
11786393,3228379385,0440,0,EX
11786393,3228379385,0156,8,02
10696650,3228379385,1709,0,FI
10696650,3228379385,1709,0,EX
10696650,3228379385,0439,0,02
10696650,3228379385,0438,3,01
10696650,3228379385,0440,0,EX
10696650,3228379385,0156,0,02
10696650,3228379385,0156,0,EX
13459194,3228379385,0441,9,01
13459194,3228379385,0441,8,02
13459194,3228379385,0440,0,FI
11033515,3228379385,0441,7,02
11033515,3228379385,0439,9,01
11033515,3228379385,0440,6,02
11004716,3228379385,0441,10,01
11004716,3228379385,0439,8,02
11004716,3228379385,0440,9,FI
11067932,3228379385,0437,0,02
11067932,3228379385,0439,0,02
11067932,3228379385,0440,0,EX
11666166,3228379385,1709,8,02
11666166,3228379385,0441,0,01
13221347,3228379385,1709,0,01
13221347,3228379385,1709,0,FI
13221347,3228379385,0439,0,02
13221347,3228379385,0439,0,FI
13221347,3228379385,0440,0,02
13290996,3228406931,0179,8,01
13290996,3228406931,0623,4,02
13290996,3228406931,0930,5,02
13290996,3228406931,0931,8,02
10800028,3228406931,1010,6,FI
10824007,3228406931,0179,6,02
10824007,3228406931,0931,6,01
10824007,3228406931,1010,3,01
10813126,3228406931,1012p,9,01
10813126,3228406931,0179,5,01
10813126,3228406931,0930,7,FI
10813126,3228406931,1010,9,02
10776549,3228406931,1012p,9,01
10776549,3228406931,1012p,9,FI
10776549,3228406931,0930,8,02
10510136,3228406931,1709,1,01
10510136,3228406931,0623,5,01
10510136,3228406931,0931,0,EX
10510136,3228406931,1010,0,EX
10824614,3228406931,0930,0,FI
10824614,3228406931,0931,0,EX
10824614,3228406931,1010,0,02
10709557,3228406931,1709,6,01
10709557,3228406931,1709,0,FI
10709557,3228406931,1012p,7,01
10709557,3228406931,0931,6,01
10709557,3228406931,1010,4,01
10422716,3228406931,0931,0,FI
10422716,3228406931,1010,0,EX
10862032,3228406931,1012p,0,EX
10862032,3228406931,0930,3,01
10862032,3228406931,1010,5,01
10726936,3228406931,0930,5,01
10764144,3228406931,1012p,4,01
10764144,3228406931,0930,4,01
10764144,3228406931,0931,7,01
10764144,3228406931,1010,4,01
10819701,3228406931,1012p,0,EX
10819701,3228406931,0930,1,01
10817903,3228406931,0930,8,02
10817903,3228406931,0931,9,01
10817903,3228406931,1010,9,02
10817903,3228406931,1010,9,FI
10805294,3228406931,1012p,3,01
10805294,3228406931,0623,7,02
10805294,3228406931,0930,7,02
10805294,3228406931,0930,6,FI
10530803,3228406931,1012p,8,01
10530803,3228406931,0623,8,FI
10796065,3228406931,1012p,9,FI
10796065,3228406931,0623,7,01
10796065,3228406931,1010,6,FI
10349498,3228406931,1012p,8,FI
10349498,3228406931,0931,10,01
10630363,3228406931,0179,5,01
10630363,3228406931,1010,6,FI
10852161,3228406931,0930,6,01
10852161,3228406931,0931,10,FI
10852161,3228406931,1010,8,01
10819684,3228406931,0623,7,01
10819684,3228406931,0930,4,02
10819684,3228406931,1010,4,EX
10414061,3228406931,1012p,0,02
10199483,3228406931,1010,0,01
10397687,3228406931,0930,0,FI
11811552,3228406931,0179,0,01
11811552,3228406931,0179,0,EX
11811552,3228406931,0623,0,01
11811552,3228406931,0930,0,FI
11811552,3228406931,0930,0,EX
11811552,3228406931,0931,0,02
11811552,3228406931,0931,0,EX
11811552,3228406931,1010,0,EX
10323559,3228406931,0623,0,FI
13458157,3228406931,0931,0,EX
13458157,3228406931,1010,0,02
13523913,3228406931,1012p,0,02
13523913,3228406931,0623,0,EX
13523913,3228406931,1010,0,01
13523913,3228406931,1010,0,FI
10940616,3228406931,1012p,0,02
10940616,3228406931,0179,0,02
10940616,3228406931,0931,0,FI
13458161,3228406931,0623,6,01
13458161,3228406931,0623,7,EX
13458161,3228406931,0930,6,FI
10852107,3228406931,1012p,0,02
10852107,3228406931,0930,4,01
10852107,3228406931,1010,4,01
10304385,3228406931,0930,7,01
10304385,3228406931,0931,8,FI
10304385,3228406931,1010,8,02
11800453,3228406931,1709,0,01
11800453,3228406931,1709,0,02
11800453,3228406931,1012p,0,FI
11800453,3228406931,1012p,0,EX
11800453,3228406931,1010,0,EX
10330111,3228406931,1012p,8,FI
10330111,3228406931,0623,0,02
10443575,3228406931,1012p,8,01
10443575,3228406931,0179,0,FI
10443575,3228406931,0930,0,FI
10443575,3228406931,0930,0,EX
10443575,3228406931,0931,5,01
10818191,3228406931,0623,0,EX
10499331,3228406931,0931,4,01
11089472,3228406931,1012p,4,01
11089472,3228406931,1012p,8,02
11089472,3228406931,0623,7,02
11089472,3228406931,0930,6,02
11089472,3228406931,0930,5,FI
11089472,3228406931,0931,8,02
10807830,3228406931,0179,7,02
10807830,3228406931,0623,7,02
10807830,3228406931,0623,7,FI
10807830,3228406931,1010,7,FI
11629523,3228406931,0623,0,FI
11629523,3228406931,1010,0,01
10042816,3228406931,1012p,0,EX
10042816,3228406931,0623,0,02
10042816,3228406931,0623,0,FI
10042816,3228406931,1010,0,FI
10042816,3228406931,1010,5,EX
10303628,3228406931,1010,0,FI
10022321,3228406931,0930,3,02
10022321,3228406931,0930,3,FI
12561661,3228406931,1709,2,02
12561661,3228406931,0623,9,02
12561661,3228406931,0931,7,02
10797573,3228406931,0623,8,01
10479899,3228406931,1010,7,01
10918602,3228406931,0179,5,02
10918602,3228406931,1010,4,01
10754604,3228406931,1012p,8,02
10754604,3228406931,0931,9,02
10365221,3228406931,1012p,9,01
10365221,3228406931,1010,7,02
13461591,3228406931,0179,10,02
10630337,3228406931,1012p,5,02
10249410,3228406931,1012p,9,02
10766452,3228406545,0179,8,FI
10729793,3228406545,0622,4,01
10729793,3228406545,0627,2,01
10729793,3228406545,CV0009,7,FI
12607926,3228406545,1709,7,01
11790917,3228406545,CV0008,10,02
10689201,3228406545,0179,3,02
10742994,3228406545,0623,8,02
10487336,3228406545,0179,0,02
10487336,3228406545,0179,1,FI
10487336,3228406545,0623,8,FI
10487336,3228406545,CV0008,10,02
10857816,3228406545,1709,7,FI
10857816,3228406545,0179,9,FI
10857816,3228406545,0625,6,01
10847609,3228406545,0828p,0,01
10847609,3228406545,0627,5,02
10766414,3228406545,0625,6,02
10856038,3228406545,0828p,7,02
10856038,3228406545,0622,6,01
11433224,3228406545,0828p,0,01
11433224,3228406545,0622,8,02
11433224,3228406545,0625,7,FI
11073751,3228406545,0828p,0,01
11073751,3228406545,0179,3,01
11073751,3228406545,0179,4,02
11073751,3228406545,0623,9,01
10593810,3228406545,0623,8,01
11231507,3228406545,0828p,0,EX
11231507,3228406545,0625,1,02
12912678,3228406545,0179,3,01
12912678,3228406545,0623,9,FI
12912678,3228406545,0627,9,FI
10804606,3228406545,1709,6,01
10804606,3228406545,0828p,0,01
10804606,3228406545,0828p,8,FI
10804606,3228406545,0179,7,FI
10707892,3228406545,0828p,9,01
10707892,3228406545,0179,6,FI
10707892,3228406545,0625,5,02
10707892,3228406545,0627,6,01
10707892,3228406545,0627,5,02
13470345,3228406545,1709,0,FI
13470345,3228406545,0179,3,01
13470345,3228406545,0623,0,02
13470345,3228406545,0627,0,FI
13470345,3228406545,CV0008,0,FI
13473425,3228406545,1709,8,01
13473425,3228406545,CV0008,9,01
10711954,3228406545,0828p,9,02
10711954,3228406545,0625,8,02
10711954,3228406545,0623,6,01
10711954,3228406545,0623,7,02
10711954,3228406545,0627,5,FI
10835673,3228406545,0625,5,01
10835673,3228406545,0627,6,FI
10835673,3228406545,CV0008,7,01
10734184,3228406545,0179,7,02
13170472,3228406545,1709,3,01
13170472,3228406545,1709,0,FI
13170472,3228406545,0828p,0,FI
13170472,3228406545,0622,4,02
10766479,3228410748,0171,8,FI
10766479,3228410748,0172,4,02
10766479,3228410748,0177,7,01
10843404,3228410748,0181p,9,FI
11782717,3228410748,0181p,9,FI
13453640,3228410748,0181p,9,FI
13453640,3228410748,0177,7,FI
10700069,3228410748,1709,2,01
10700069,3228410748,1709,0,02
10392181,3228410748,1709,8,02
10392181,3228410748,0181p,8,02
10392181,3228410748,0172,7,02
10392181,3228410748,0174,7,FI
10688815,3228410748,0179,8,01
10688815,3228410748,0179,9,02
10688815,3228410748,0172,8,02
10688815,3228410748,0173,7,FI
10506040,3228410748,0174,5,01
10488332,3228410748,0174,6,FI
10488332,3228410748,0177,6,01
13455952,3228410748,0181p,9,02
13455952,3228410748,0171,8,02
13455952,3228410748,0177,6,01
13455952,3228410748,0177,6,02
10664803,3228410748,0171,0,EX
10664803,3228410748,0174,0,02
10664803,3228410748,0177,0,01
10664803,3228410748,0177,0,02
12413993,3228410748,0171,0,FI
12413993,3228410748,0172,0,02
12413993,3228410748,0173,0,02
13480000,3228410748,0177,9,02
13480000,3228410748,0177,8,FI
10509253,3228410748,0179,0,FI
10509253,3228410748,0174,0,01
10509253,3228410748,0177,0,EX
13455821,3228410748,0179,9,FI
13455821,3228410748,0171,4,02
13455821,3228410748,0171,6,FI
13455821,3228410748,0173,4,01
13455821,3228410748,0177,4,01
13455821,3228410748,0177,3,02
11567443,3228410748,0172,7,FI
13456058,3228410748,0181p,0,EX
13456058,3228410748,0179,0,EX
13456058,3228410748,0171,0,FI
13456058,3228410748,0177,3,01
13456058,3228410748,0177,0,FI
10691269,3228410748,0174,0,FI
13255125,3228410748,0181p,0,02
13255125,3228410748,0171,0,01
13255125,3228410748,0177,0,02
10507411,3228410748,0179,0,FI
10507411,3228410748,0174,0,01
10585531,3228410357,0384,4,02
10585531,3228410357,0173,6,FI
10648032,3228410357,0400p,8,01
10648032,3228410357,0400p,8,02
10648032,3228410357,0171,4,02
10648032,3228410357,0173,7,01
10698109,3228410357,1709,8,FI
10698109,3228410357,0173,7,FI
11627062,3228410357,0179,9,FI
10675936,3228410357,0384,7,FI
10675936,3228410357,0172,4,02
10675936,3228410357,0173,8,01
10729539,3228410357,0179,4,01
10729539,3228410357,0383,9,01
10729539,3228410357,0172,8,FI
10410077,3228410357,0172,4,01
10410077,3228410357,0173,5,02
10410077,3228410357,0173,6,FI
10530795,3228410357,0179,5,01
13455702,3228410357,0171,9,FI
10719000,3228410357,0383,8,01
10719000,3228410357,0172,7,01
10719000,3228410357,0172,7,02
10719000,3228410357,0172,7,FI
13456027,3228410357,0400p,8,01
13251013,3228410357,0179,4,01
13251013,3228410357,0172,9,01
13251013,3228410357,0173,7,02
13251013,3228410357,0173,8,FI
10835750,3228410357,0172,7,02
10766449,3228410357,0172,7,FI
10645102,3228410357,0383,6,FI
10645102,3228410357,0384,7,FI
10820272,3228410357,0400p,9,FI
13487222,3228410357,0171,8,01
13487222,3228410357,0172,9,FI
10687498,3228410892,0179,8,FI
10687498,3228410892,0383,9,02
10687498,3228410892,0383,9,FI
10687498,3228410892,0172,9,FI
10742128,3228410892,1709,8,FI
10742128,3228410892,0171,5,01
10742128,3228410892,0383,8,FI
10742128,3228410892,0173,8,FI
13455012,3228410892,0384,0,02
13455012,3228410892,0172,1,01
10749811,3228410892,0388p,7,02
10749811,3228410892,0179,8,01
10749811,3228410892,0171,4,02
13454999,3228410892,0388p,0,02
13454999,3228410892,0171,1,01
13454999,3228410892,0171,6,FI
13454999,3228410892,0384,0,02
13454999,3228410892,0172,0,02
10678997,3228410892,0384,4,01
10320497,3228410892,0388p,8,FI
10808311,3228410892,1709,8,FI
10808311,3228410892,0171,7,02
10808311,3228410892,0383,8,FI
13450196,3228410892,0171,9,02
10761594,3228410892,1709,6,FI
10761594,3228410892,0179,7,01
10761594,3228410892,0172,6,FI
10736502,3228410892,0384,7,01
11330085,3228410892,0179,6,FI
11330085,3228410892,0384,6,FI
11330085,3228410892,0173,7,FI
10676318,3228410892,0179,9,FI
10676318,3228410892,0383,6,01
13472424,3228410892,1709,7,02
13472424,3228410892,1709,6,FI
13472424,3228410892,0383,8,02
13472424,3228410892,0384,4,01
13475599,3228410892,0388p,9,01
13475599,3228410892,0179,10,FI
13475599,3228410892,0172,8,01
13475662,3228410892,0388p,9,FI
13475662,3228410892,0172,9,FI
12912453,3228410892,1709,6,02
12912453,3228410892,0388p,7,FI
12912453,3228410892,0171,4,01
12912453,3228410892,0171,5,EX
11036107,3228381273,1232,2,01
11036107,3228381273,1232,1,02
11036107,3228381273,1233,2,02
11036107,3228381273,1233,0,FI
10793641,3228381273,1709,0,FI
10793641,3228381273,1709,0,EX
10793641,3228381273,1229,0,02
10793641,3228381273,1231,4,01
10793641,3228381273,1232,3,01
10793641,3228381273,1232,0,EX
10931235,3228381273,1231,4,01
10931235,3228381273,1232,4,01
11003632,3228381273,0156,0,FI
11003632,3228381273,1229,0,EX
11003632,3228381273,1232,4,01
11003632,3228381273,1232,2,02
12607119,3228381273,1709,7,02
13291541,3228381273,1229,8,01
13291541,3228381273,1233,9,01
12744964,3228381273,1709,7,FI
12744964,3228381273,0156,6,02
10924853,3228381273,1226,8,02
10924853,3228381273,1232,6,01
10924853,3228381273,1232,6,FI
11798264,3228381273,1709,7,FI
11798264,3228381273,1231,7,02
11798264,3228381273,1231,6,FI
11798264,3228381273,1233,6,01
10648909,3228381273,1226,6,FI
10889537,3228381273,1226,7,02
10889537,3228381273,1232,6,02
10889537,3228381273,1233,7,FI
10912710,3228381273,1226,5,02
10787502,3228381273,1709,7,FI
10787502,3228381273,1226,7,02
10787502,3228381273,1231,4,01
10904203,3228381273,0156,7,FI
10904203,3228381273,1231,7,FI
11024352,3228381273,1231,7,01
10899896,3228381273,1226,7,01
10899896,3228381273,1229,6,FI
13099124,3228381273,1709,5,02
13099124,3228381273,1232,8,FI
13099124,3228381273,1233,8,01
11004108,3228381273,0156,9,01
11004108,3228381273,1229,7,02
11004108,3228381273,1231,9,01
12465550,3228381273,1229,6,01
12465550,3228381273,1231,4,01
10916721,3228381273,1231,2,FI
10916721,3228381273,1232,0,FI
10916721,3228381273,1232,0,EX
10916721,3228381273,1233,2,FI
10912726,3228381273,1709,6,02
10805007,3228381273,1709,6,FI
10805007,3228381273,1229,2,02
10805007,3228381273,1233,6,FI
11184512,3228381273,1233,8,01
11184512,3228381273,1233,7,02
10654915,3228381273,1229,0,FI
11040995,3228381273,1709,7,01
11040995,3228381273,0156,9,FI
11040995,3228381273,1226,9,02
11040995,3228381273,1229,5,FI
11040995,3228381273,1231,5,FI
11040995,3228381273,1233,6,01
10708167,3228390016,0225,6,02
10708167,3228390016,0156,4,02
11002913,3228390016,1709,9,02
11002913,3228390016,0222,10,02
11002913,3228390016,0156,9,FI
12563453,3228390016,0221,4,02
12563453,3228390016,0222,7,FI
10846382,3228390016,0223,7,FI
10846382,3228390016,0221,7,02
12563453,3228390016,1709,0,EX
10903261,3228390016,0223,9,FI
10903261,3228390016,0156,1,02
11002807,3228390016,0221,9,02
11146537,3228390016,0222,9,01
11146537,3228390016,0222,10,02
11146537,3228390016,0222,10,FI
11146537,3228390016,0156,7,02
10897212,3228390016,0225,1,02
10929469,3228390016,1709,3,FI
10929469,3228390016,0225,2,02
10929469,3228390016,0223,0,01
10929469,3228390016,0223,0,EX
10812899,3228390016,0156,3,01
10893131,3228390016,1709,8,02
13452408,3228390016,1709,7,02
13452408,3228390016,0223,8,FI
10996376,3228390016,1709,0,02
10996376,3228390016,0156,6,01
10996376,3228390016,0156,9,02
10917865,3228390016,1709,6,02
10917865,3228390016,0221,7,02
10917865,3228390016,0156,5,01
11011197,3228390016,0225,8,01
11011197,3228390016,0223,9,02
11011197,3228390016,0222,9,FI
12270997,3228390016,0225,0,EX
12270997,3228390016,0223,6,01
12270997,3228390016,0223,0,02
12270997,3228390016,0223,0,FI
12270997,3228390016,0221,0,02
12270997,3228390016,0222,5,01
11622314,3228390016,1709,6,02
11622314,3228390016,1709,5,FI
11622314,3228390016,0225,5,01
11622314,3228390016,0225,6,FI
11622314,3228390016,0156,4,01
11088265,3228390016,0225,10,01
11248234,3228390016,0221,3,01
13458016,3228390016,0225,0,02
10776723,3228390016,0221,6,FI
10959217,3228390016,0156,8,01
13114371,3228390016,1709,9,02
13114371,3228390016,0222,7,FI
12736641,3228390016,0223,0,EX
12736641,3228390016,0222,0,02
12736641,3228390016,0156,0,FI
13459021,3228390016,0223,0,02
13459021,3228390016,0221,0,01
12651696,3228390016,1709,0,EX
12651696,3228390016,0156,0,01
12647763,3228390016,0156,0,EX
10353865,3228390016,0225,7,01
10353865,3228390016,0221,7,FI
11763179,3228390016,1709,4,01
11763179,3228390016,1709,0,FI
11763179,3228390016,0225,8,01
11763179,3228390016,0156,4,01
13238582,3228390016,0221,0,FI
13238582,3228390016,0222,0,FI
11479705,3228390016,0225,7,FI
11479705,3228390016,0222,4,FI
11479705,3228390016,0156,4,02
13316624,3228390016,0225,8,01
13316624,3228390016,0221,6,01
11312205,3228390016,0223,0,02
11312205,3228390016,0222,0,EX
10070165,3228390016,0225,4,01
10070165,3228390016,0221,4,01
10070165,3228390016,0221,4,FI
10070165,3228390016,0222,0,FI
10070165,3228390016,0156,7,02
10517185,3228390016,1709,0,EX
10517185,3228390016,0225,0,EX
10517185,3228390016,0221,0,02
10517185,3228390016,0156,4,01
13458659,3228390016,0225,0,02
13458659,3228390016,0223,0,FI
13458659,3228390016,0156,0,01
12510101,3228390016,1709,0,FI
12510101,3228390016,0156,0,02
12875318,3228390016,0156,8,02
11034534,3228390016,0223,0,02
13006056,3228390016,0222,0,EX
13366127,3228390016,0225,10,02
13366127,3228390016,0225,10,01
13366127,3228390016,0156,9,01
10473027,3228390016,1709,0,FI
10473027,3228390016,0225,0,02
10473027,3228390016,0223,0,FI
10473027,3228390016,0222,0,02
10473027,3228390016,0156,0,FI
10675115,3228390016,1709,0,EX
10675115,3228390016,0225,0,01
10675115,3228390016,0223,0,EX
12739645,3228390016,0222,8,01
12739645,3228390016,0222,10,02
10459081,3228390016,1709,0,FI
10459081,3228390016,0223,0,EX
12736802,3228390016,0225,0,02
12736802,3228390016,0156,0,FI
10803714,3228390016,1709,8,FI
10803714,3228390016,0223,9,01
10803714,3228390016,0156,4,02
10803714,3228390016,0156,7,FI
12576881,3228390016,0225,0,01
12576881,3228390016,0221,0,02
11323147,3228390016,1709,0,EX
11323147,3228390016,0223,0,EX
11323147,3228390016,0156,0,FI
11323147,3228390016,0156,0,EX
11847570,3228390016,0223,0,01
10762386,3162077488,1227,4,FI
10766806,3162077488,1234,8,FI
10776722,3162077488,1228,0,01
10776722,3162077488,1228,1,FI
10776722,3162077488,1234,0,EX
10932819,3162077488,1234,7,FI
10762386,3162077488,1237,0,FO
10789649,3162077488,1227,8,01
11667242,3162077488,1227,8,01
11667242,3162077488,1237,0,FO
11744036,3162077488,CV0002,9,FI
11744036,3162077488,1228,10,01
10791133,3162077488,1230,7,01
10791133,3162077488,1234,6,FI
10909605,3162077488,1235,7,01
10761942,3162077488,1227,8,01
10761942,3162077488,1235,8,01
10761942,3162077488,1235,8,FI
10897205,3162077488,1230,7,FI
10805487,3162077488,1237,0,FO
10887844,3162077488,1234,7,01
10802935,3162077488,1237,0,FO
10770893,3162077488,CV0002,6,01
10770893,3162077488,1227,0,01
10770893,3162077488,1228,3,FI
10920099,3162077488,1230,9,FI
12932662,3162077488,1235,9,01
10851064,3162077488,CV0002,7,FI
10718886,3162077600,1009,6,FI
10690358,3162077600,1007,9,01
10718081,3162077600,1109,8,FI
10427109,3162077600,1011,0,EX
10826692,3162077600,1007,9,01
10826692,3162077600,1008,8,FI
10826692,3162077600,1110,9,01
10718081,3162077600,1012,5,PE
10584902,3162077600,1007,8,01
10584902,3162077600,1008,5,01
10584902,3162077600,1009,6,FI
10852071,3162077600,CV0004,8,01
10852071,3162077600,1007,8,01
10852071,3162077600,1008,7,01
10852071,3162077600,1109,9,01
10707845,3162077600,CV0004,4,01
10707845,3162077600,1007,10,FI
10707845,3162077600,1110,9,01
10707845,3162077600,1012,8,PO
10375121,3162077600,CV0004,8,FI
10689153,3162077600,1007,8,FI
10689153,3162077600,1008,5,01
10689153,3162077600,1110,7,01
10795882,3162077600,CV0004,8,FI
10795882,3162077600,1110,9,01
10833265,3162077600,CV0004,6,01
10833265,3162077600,1110,9,01
10833265,3162077600,1110,9,FI
10768351,3162077600,CV0004,3,01
10768351,3162077600,1011,9,FI
10270640,3162077600,1007,0,FI
10270640,3162077600,1011,0,FI
10270640,3162077600,1110,0,01
12719809,3162077600,1109,9,01
10737190,3162077600,1007,9,FI
10737190,3162077600,1109,9,FI
10426520,3162077600,1008,7,01
10426520,3162077600,1110,10,01
10426520,3162077600,1013,0,FO
10432949,3162077600,CV0004,8,01
10432949,3162077600,1110,8,FI
10820754,3162077600,CV0004,8,01
10820754,3162077600,1109,7,FI
10466022,3162077600,1009,5,01
10723795,3162077600,1011,8,01
10279046,3162077600,1011,6,01
10279046,3162077600,1011,7,FI
10279046,3162077600,1110,8,FI
10664778,3162077600,1008,7,FI
10664778,3162077600,1109,8,01
10664778,3162077600,1110,7,01
13282254,3162077600,1008,5,01
10698475,3162077600,1011,8,FI
10698475,3162077600,1013,0,FO
10414557,3162077600,1013,0,FO
10792793,3162077600,1007,8,01
10792793,3162077600,1008,7,FI
10792793,3162077600,1110,10,01
10532574,3162077600,1009,0,FI
10532574,3162077600,1109,0,01
10532574,3162077600,1109,0,FI
13040510,3162077600,1008,7,FI
12636671,3162077600,1008,7,01
11318428,3162077600,CV0004,0,FI
11318428,3162077600,1007,8,01
11318428,3162077600,1009,9,FI
11318428,3162077600,1011,9,01
11318428,3162077600,1012,10,PO
13243061,3162077600,CV0004,10,FI
10690015,3162077600,1009,7,FI
10378770,3162077600,1007,0,EX
10378770,3162077600,1008,5,FI
13249466,3162077600,1011,10,01
13249466,3162077600,1011,10,FI
13249466,3162077600,1109,9,FI
12424432,3162077600,CV0004,9,01
12424432,3162077600,CV0004,10,FI
12424432,3162077600,1008,9,01
12424432,3162077600,1008,9,FI
12424432,3162077600,1011,9,01
11502177,3162077600,1008,7,FI
11502177,3162077600,1109,7,01
10809481,3162077600,1011,9,01
10809481,3162077600,1110,8,01
12630557,3162077600,1008,0,FI
10816484,3162077600,1012,7,PO
10816484,3162077600,1013,0,FO
12300236,3162077600,1012,8,PO
10434495,3162077600,1007,0,EX
10434495,3162077600,1009,0,FI
10318774,3162077600,1110,6,01
10803572,3162077600,CV0004,8,FI
10803572,3162077600,1008,8,FI
10803572,3162077600,1110,7,01
13242370,3162077600,1008,9,FI
13242370,3162077600,1011,8,FI
10354121,3162077600,1009,2,FI
10691616,3162077600,1007,7,FI
10296770,3162077600,1110,7,FI
13242369,3162077600,1009,0,01
13242369,3162077600,1109,6,FI
13242369,3162077600,1110,0,01
13242369,3162077600,1110,0,EX
10404684,3162077600,1007,3,FI
10404684,3162077600,1007,6,EX
10404684,3162077600,1011,0,01
10404684,3162077600,1109,7,FI
10017290,3162077600,1007,8,01
10017290,3162077600,1011,9,FI
10017290,3162077600,1012,7,PO
10017290,3162077600,1013,0,FO
10318925,3162077600,1110,7,FI
10318925,3162077600,1012,6,PE
10431067,3162077600,1007,6,FI
10431067,3162077600,1110,7,01
10792522,3162077600,1011,6,FI
10123639,3162077600,1013,0,FO
11074029,3162077551,CV0004,8,FI
10804683,3162077551,CV0004,8,01
10804683,3162077551,0830,0,FO
10804683,3162077551,0826,7,FI
10397145,3162077551,CV0004,8,FI
10752122,3162077551,CV0004,7,01
10752122,3162077551,0823,8,01
10752122,3162077551,0824,7,01
10752122,3162077551,0824,7,FI
10752122,3162077551,0828,7,PO
10808796,3162077551,0825,8,FI
13288467,3162077551,CV0004,7,FI
10243788,3162077551,0822,5,01
10713535,3162077551,0827,7,FI
10713535,3162077551,CV0010,6,FI
10700138,3162077551,0822,8,01
10700138,3162077551,0824,6,FI
10700138,3162077551,0830,0,FO
10323951,3162077551,CV0004,8,FI
10323951,3162077551,0830,0,FO
10729579,3162077551,CV0004,10,FI
10729579,3162077551,0822,8,01
10729579,3162077551,0826,8,01
10770133,3162077551,0823,5,FI
10770133,3162077551,0827,6,01
10770133,3162077551,0826,4,01
10706042,3162077551,0823,7,FI
10706042,3162077551,0826,5,FI
10706042,3162077551,0828,8,PO
13288446,3162077551,0822,9,FI
10748318,3162077551,0822,6,01
13293379,3162077551,0823,6,01
13293379,3162077551,0822,5,01
13293379,3162077551,0822,5,FI
10809450,3162077551,0827,8,01
10809450,3162077551,0822,8,FI
10758378,3162078584,243266,8,FI
10699142,3162078584,243265,9,01
13446594,3162078584,243265,9,FI
13446594,3162078584,243267,9,FI
13448029,3162078584,243264,9,02
11066151,3162078584,243265,9,02
11066151,3162078584,243265,9,FI
10791102,3162078584,243264,6,01
10698470,3162078584,243265,9,02
11285049,3162078584,243266,9,01
11285049,3162078584,243264,10,FI
10675598,3162078584,243267,9,01
10675598,3162078584,243266,4,01
13447274,3162078584,243265,9,01
10699108,3162078584,243265,9,01
10699108,3162078584,243267,9,02
10699108,3162078584,243266,4,01
10699108,3162078584,243264,9,02
13467527,3162078584,243267,9,01
13467527,3162078584,243266,4,01
10287428,3162078584,243265,9,02
10287428,3162078584,243267,9,02
10287428,3162078584,243266,9,FI
10287348,3162078584,243265,9,01
10287348,3162078584,243265,9,02
10287348,3162078584,243267,8,02
13475004,3162078584,243264,9,01
11316053,3162078584,243264,9,FI
10869145,3162078584,243266,6,01
10814418,3162078584,243264,7,01
10862205,3162078584,243267,9,02
10705571,3162078584,243265,8,02
10745557,3162078584,243266,7,FI
10515204,3162078591,243271,2,01
10645661,3162078591,243271,9,FI
10709718,3162078591,243604,7,FI
10709718,3162078591,243271,3,FI
10709718,3162078591,243270,4,01
10689702,3162078591,243270,9,01
10772056,3162078591,243602,8,FI
10714036,3162078591,243271,9,01
10499298,3162078591,243604,7,01
10499298,3162078591,243604,9,FI
10689283,3162078591,243604,9,FI
10689283,3162078591,243271,8,01
10697594,3162078591,243602,8,FI
10697594,3162078591,243270,9,01
10697594,3162078591,243270,8,FI
10850218,3162078591,243601,0,FO
10697823,3162078591,243270,8,FI
10862844,3162078591,243601,0,FO
10862844,3162078591,243604,10,FI
10862844,3162078591,243270,9,FI
10706060,3162078591,243270,9,FI
10697613,3162078591,243602,8,01
10697613,3162078591,243601,0,FO
10711820,3162078591,243271,9,FI
10014485,3162076035,0181,8,P1
10759106,3162076035,0181,8,P1
13263308,3162076035,0178,5,01
11568873,3162076035,0180,7,FI
11568873,3162076035,0181,7,PE
10742422,3162076035,0180,8,01
10742422,3162076035,0181,7,PO
10742422,3162076035,0176,7,01
10742422,3162076035,0176,8,FI
10805336,3162076035,0181,3,PO
10805336,3162076035,0176,6,01
10487908,3162076035,CV0004,9,FI
10487908,3162076035,0184,0,FO
10487908,3162076035,0183,9,01
10487908,3162076035,0176,9,FI
10610451,3162076035,0183,7,FI
10610451,3162076035,0178,5,FI
10814531,3162076035,0181,8,PO
10814531,3162076035,0176,7,01
10838901,3162076035,0181,0,PE
10581335,3162076035,0176,10,FI
10713910,3162076035,CV0004,8,01
10713910,3162076035,0183,9,FI
10713910,3162076035,0178,10,FI
10706770,3162076035,0183,7,FI
10706770,3162076035,0175,5,01
10706770,3162076035,0175,5,FI
10849475,3162076035,0180,8,FI
10849475,3162076035,0181,7,PE
10849475,3162076035,0175,7,01
10267575,3162076035,0181,0,FO
10267575,3162076035,0178,0,FI
10420918,3162076035,CV0004,7,FI
10420918,3162076035,0178,0,01
11264068,3162076035,0181,5,PO
12452324,3162076035,0176,0,01
13097118,3162076035,0183,6,FI
11921786,3162076035,0176,7,01
11921786,3162076035,0178,10,FI
11921786,3162076035,0175,7,FI
13249462,3162076035,0181,9,PO
10264508,3162076035,0176,6,01
10264508,3162076035,0178,6,01
10264508,3162076035,0178,3,FI
10282475,3162076098,0398,9,01
10513851,3162076098,0399,4,01
10513851,3162076098,0397,4,01
10837553,3162076098,0400,5,PO
10837553,3162076098,0399,9,01
10699672,3162076098,0397,4,01
10677163,3162076098,0398,8,01
10677163,3162076098,0399,8,01
10837523,3162076098,0403,0,F2
10837523,3162076098,0400,4,PO
10803272,3162076098,0400,6,PO
10700883,3162076098,0398,9,FI
10778000,3162076098,0402,7,01
12398431,3162076098,0397,9,01
13127380,3162076098,0398,9,01
10709639,3162076098,0399,8,01
10709639,3162076098,0399,8,FI
13456089,3162076098,0399,7,FI
11632133,3162076119,0386,8,01
10690446,3162076119,0386,8,FI
10696634,3162076119,0390,9,FI
10696634,3162076119,0391,0,FO
10696634,3162076119,0387,8,01
10696634,3162076119,0386,8,01
12058330,3162076119,CV0004,7,01
12058330,3162076119,CV0004,6,FI
12058330,3162076119,0385,7,01
10742990,3162076119,0391,0,FO
10277303,3162076119,0387,7,01
10277303,3162076119,0387,8,FI
10486936,3162076119,0180,4,FI
10486936,3162076119,0385,8,FI
10486936,3162076119,0390,8,01
10486936,3162076119,0391,0,FO
10610383,3162076119,0180,4,FI
10610383,3162076119,0180,7,EX
12734916,3162076119,0388,0,PO
12734916,3162076119,0387,3,FI
10506040,3162076119,0388,0,P1
10887591,3162079713,CV0002,8,FI
10737176,3162079713,0446,9,01
10737176,3162079713,0443,7,01
10857947,3162079713,0446,6,FI
10926432,3162079713,0451,0,FO
10857947,3162079713,0448,6,01
10857947,3162079713,0448,6,FI
10916753,3162079713,0446,7,FI
10840996,3162079713,0442,7,FI
10888026,3162079713,0446,8,FI
10925424,3162079713,0443,6,01
10925424,3162079713,0448,8,FI
10707891,3162079713,0442,6,FI
10798521,3162079713,0442,8,FI
10798521,3162079713,0451,0,FO
10657315,3162079713,0443,10,01
10657315,3162079713,0442,10,01
10657315,3162079713,0448,10,FI
12788547,3162079713,0446,8,01
12788547,3162079713,0446,8,FI
10787713,3162079713,0443,5,FI
12320496,3162079713,0442,6,FI
10793462,3162079713,0443,5,01
10793462,3162079713,0443,6,FI
10793477,3162079713,0443,7,FI
10793477,3162079713,0442,7,FI
10793477,3162079713,0448,6,FI
13116617,3162079713,0446,8,FI
13457085,3162079713,0446,8,FI
10431853,3162079713,0446,9,FI
13101838,3162079713,CV0002,5,FI
13101838,3162079713,0446,5,01
13101838,3162079713,0443,6,FI
13101838,3162079713,0442,8,01
10308441,3162079713,0446,0,01
10308441,3162079713,0446,0,EX
10308441,3162079713,0443,0,EX
11738860,3162079713,0446,0,01
11738860,3162079713,0443,0,EX
11738860,3162079713,0442,0,01
11738860,3162079713,0442,0,FI
10442321,3162079713,CV0002,0,01
10442321,3162079713,0443,0,FI
12380827,3162079713,0446,0,FI
13249406,3162079713,CV0002,7,FI
13249406,3162079713,0446,4,EX
10940185,3162079713,0446,6,01
11800476,3162079713,CV0002,4,01
12736231,3162079713,0442,9,FI
10991644,3162079713,CV0002,6,01
10991644,3162079713,CV0002,6,FI
10991644,3162079713,0446,6,FI
13459444,3162079713,0446,0,01
13459444,3162079713,0446,0,FI
13459444,3162079713,0442,0,01
10323662,3162079713,0448,0,01
10728710,3162079713,CV0002,7,FI
10728710,3162079713,0442,6,EX
12839405,3162079713,CV0002,6,01
12839405,3162079713,0446,0,EX
12839405,3162079713,0443,6,FI
12839405,3162079713,0442,10,01
11349452,3162079713,0443,8,FI
11349452,3162079713,0448,7,FI
12832437,3162079713,0446,8,FI
10264521,3162079713,0443,6,01
10410551,3162079790,0653,0,01
10410551,3162079790,0654,6,FI
10852355,3162079790,0653,4,01
10852355,3162079790,0654,4,FI
10852355,3162079790,0654,5,EX
13282224,3162079790,0652,7,FI
10835661,3162079790,0657,8,PO
12840433,3162079790,0653,4,01
12840433,3162079790,0654,6,FI
11837806,3162079790,0652,6,FI
10657739,3162079790,CV0004,8,FI
10657739,3162079790,0653,8,01
10657739,3162079790,0653,9,FI
10679661,3162079790,CV0004,7,FI
10679661,3162079790,0653,6,01
10679661,3162079790,0653,6,FI
10679661,3162079790,0654,7,FI
10437711,3162079790,CV0004,9,FI
10437711,3162079790,0653,7,01
10437711,3162079790,0653,7,FI
10437711,3162079790,0654,7,FI
10509826,3162079790,0653,8,FI
10509826,3162079790,0660,0,FO
11262097,3162079790,0655,9,FI
11262097,3162079790,0656,8,FI
12839144,3162079790,0655,4,FI
12839144,3162079790,0656,0,01
12839144,3162079790,0654,0,01
12839144,3162079790,0654,4,EX
10743003,3162079790,0653,6,FI
10743003,3162079790,0654,4,01
10743003,3162079790,0654,6,FI
13235855,3162079790,CV0004,7,FI
13235855,3162079790,0652,7,FI
10652411,3162079790,0652,6,FI
10652411,3162079790,0653,6,FI
10652411,3162079790,0654,4,01
10862522,3162079790,0655,6,01
10862522,3162079790,0657,7,PO
10792061,3162079790,CV0004,6,FI
10711877,3162079790,0654,6,FI
10699015,3162079790,CV0004,9,01
10699015,3162079790,0653,6,FI
10699015,3162079790,0660,0,FO
10699015,3162079790,0654,3,01
10829023,3162079790,0655,7,FI
10707732,3162079790,CV0004,9,01
10707732,3162079790,CV0004,8,FI
13245586,3162079790,0653,9,01
10819298,3162079790,0657,8,PO
11144559,3162079790,0652,9,01
11144559,3162079790,0656,6,01
11144559,3162079790,0654,9,01
13246215,3162079790,0655,8,01
13246215,3162079790,0652,4,01
13320897,3162079790,0656,7,FI
12491074,3162079790,0652,3,01
12731205,3162079790,CV0004,6,01
12731205,3162079790,0655,0,FI
12568905,3162079790,0652,0,01
10816926,3162079790,0655,4,01
10816926,3162079790,0656,7,FI
13248595,3162079790,CV0004,6,01
13248595,3162079790,0655,6,FI
13248595,3162079790,0652,7,01
11741280,3162079790,0653,6,FI
11741280,3162079790,0656,7,01
13527455,3162079790,0652,6,01
13527455,3162079790,0652,8,FI
13038809,3162079790,CV0004,4,01
10474558,3162079790,0654,8,FI
13298754,3162079790,0653,0,EX
10283680,3162079790,0652,0,01
10601480,3162079790,0652,8,FI
12567860,3162079790,0655,6,FI
12567860,3162079790,0657,10,PO
12567860,3162079790,0652,5,01
12567860,3162079790,0656,9,01
10454503,3162079790,0655,4,01
10454503,3162079790,0652,0,EX
10279159,3162079790,CV0004,7,FI
12685301,3162079790,0655,0,EX
12685301,3162079790,0653,0,EX
11246656,3162079790,CV0004,7,FI
11553064,3162079790,0655,6,01
10416763,3162079790,0655,0,01
10416763,3162079790,0655,0,FI
10730130,3162079790,0655,0,EX
10730130,3162079790,0653,6,FI
10451024,3162079790,0655,5,FI
11170823,3162079790,0655,0,EX
11170823,3162079790,0652,0,01
10349643,3162079790,0652,0,EX
13248215,3162079790,0655,3,EX
13248215,3162079790,0656,9,01
11486847,3162079790,0652,6,FI
13038797,3162079790,0655,0,01
13038797,3162079790,0655,0,FI
10083896,3162079790,0653,0,EX
13242362,3162079790,0652,3,FI
13242362,3162079790,0653,6,EX
10840651,3162079860,5021,9,FI
11263266,3162079860,5021,9,FI
10809218,3162079860,5026,10,FI
10415513,3162079860,5026,8,01
10380889,3162079860,5023,4,01
10380889,3162079860,5024,10,01
10517224,3162079860,5021,10,FI
10517224,3162079860,5025,10,FI
10846791,3162079860,5023,10,01
10846791,3162079860,5023,10,FI
11430890,3162079860,5021,5,01
10652552,3162079860,5021,9,FI
10810094,3162079860,5022,4,01
10810094,3162079860,5024,0,EX
11482158,3162079860,5025,7,FI
10808794,3162079860,5025,8,01
10808794,3162079860,5025,7,FI
10781314,3162079860,5022,5,01
10586308,3162079860,5024,10,01
10586308,3162079860,5025,9,FI
10736698,3162079874,5075,8,01
10841155,3162079874,5071,0,01
10841155,3162079874,5072,0,EX
10841155,3162079874,5073,0,EX
10294470,3162079874,5071,0,01
10481669,3162079874,5071,7,01
10481669,3162079874,5072,9,FI
10747327,3162079874,5074,10,FI
10304881,3162079874,5074,0,01
10304881,3162079874,5074,0,FI
11502777,3162079874,5071,7,01
11502777,3162079874,5075,8,01
10726154,3162079874,5071,7,01
10726154,3162079874,5073,8,FI
10726154,3162079874,5075,8,FI
10837507,3162079874,5071,0,01
10405270,3162079874,5071,0,EX
10403933,3162079874,5071,0,FI
10676854,3162079874,5071,8,01
10676854,3162079874,5072,7,01
10676854,3162079874,5072,8,FI
10676854,3162079874,5074,10,01
12923163,3162079874,5071,7,01
10406026,3162079874,5072,7,01
12068421,3162079874,5074,9,01
10837451,3162080071,0377,7,FI
11635385,3162080071,0381,8,01
11635385,3162080071,0374,8,01
10707778,3162080071,0376,1,01
10855729,3162080071,0378,10,FI
10855729,3162080071,0377,9,FI
10855729,3162080071,0374,10,FI
10611327,3162080071,0377,9,FI
11242377,3162080071,0378,8,01
11242377,3162080071,0378,7,FI
11242377,3162080071,0375,4,01
11242377,3162080071,0375,8,FI
11242377,3162080071,0376,9,01
11242377,3162080071,0376,4,FI
10267085,3162080071,0381,6,01
10267085,3162080071,0382,0,FO
10707901,3162080071,CV0004,7,01
10707901,3162080071,0378,7,01
10707901,3162080071,0376,7,01
10707901,3162080071,0374,9,FI
10832107,3162080071,0381,7,01
10832107,3162080071,0378,9,FI
10832107,3162080071,0377,6,01
10832107,3162080071,0376,9,FI
10679688,3162080071,0376,9,01
10707654,3162080071,CV0004,7,FI
10676228,3162080071,CV0004,9,FI
10837560,3162080071,0382,0,FO
10837560,3162080071,0374,9,FI
10832097,3162080071,0381,8,FI
10832097,3162080071,0376,7,01
10332972,3162080071,0378,8,01
10332972,3162080071,0375,9,FI
12722174,3162080071,CV0004,9,01
12722174,3162080071,0381,7,FI
12722174,3162080071,0378,6,01
12722174,3162080071,0376,7,01
12722174,3162080071,0374,7,FI
13257199,3162080071,0381,8,01
13257199,3162080071,0379,10,PO
13257199,3162080071,0378,9,01
13257199,3162080071,0378,9,FI
13257199,3162080071,0375,8,01
10634348,3162080071,0378,6,01
10963354,3162080071,0382,0,FO
10748092,3162080071,CV0004,6,01
10691654,3162080071,0378,8,01
10687382,3162080071,0381,6,01
10687382,3162080071,0375,6,EX
10687382,3162080071,0377,2,01
10500950,3162080071,0376,2,01
10293307,3162079993,0488,8,01
10293307,3162079993,0486,0,01
10679671,3162079993,0490,3,01
10364384,3162079993,0489,9,FI
10364384,3162079993,0488,10,FI
10525745,3162079993,CV0004,0,01
10525745,3162079993,0488,0,EX
11572662,3162079993,0486,0,01
11254010,3162079993,CV0004,8,01
11254010,3162079993,CV0004,8,FI
10332148,3162079993,0489,0,01
10332148,3162079993,0488,0,01
11400429,3162079993,0490,2,FI
10640914,3162079993,0492,9,PO
10905913,3162079993,CV0004,0,FI
10905913,3162079993,0491,0,FI
10905913,3162079993,0490,0,EX
10905913,3162079993,0489,0,FI
13245900,3162079993,0490,4,FI
13245900,3162079993,0489,8,01
13038149,3162079993,0491,5,FI
13038149,3162079993,0490,4,01
13038149,3162079993,0486,3,01
10323451,3162079993,0494,6,01
10512597,3162079993,0489,7,FI
10277644,3162079993,0491,0,FI
11904882,3162079993,0491,6,01
11904882,3162079993,0491,6,FI
11904882,3162079993,0490,2,01
11904882,3162079993,0490,2,EX
11904882,3162079993,0486,2,01
12636390,3162079993,0489,7,01
10254372,3162079993,0492,0,PO
10965828,3162079993,0491,5,01
10965828,3162079993,0488,8,01
10635824,3162079993,0486,9,01
10279375,3162079957,0612,6,01
10711791,3162079957,0615,4,FI
10711791,3162079957,0614,0,EX
10945672,3162079957,0613,8,01
10837069,3162079957,0612,10,FI
10736098,3162079957,0613,7,FI
10736098,3162079957,0612,8,FI
10254986,3162079957,0615,9,01
10254986,3162079957,0615,9,FI
10254986,3162079957,0614,9,FI
10679677,3162079957,0618,9,01
10679677,3162079957,0613,1,01
10730670,3162079957,0615,10,01
10730670,3162079957,0613,10,FI
12736124,3162079957,0614,7,FI
10392051,3162079957,0612,5,01
13294635,3162079957,CV0004,9,01
13294635,3162079957,CV0004,10,FI
11736342,3162079957,0612,10,FI
10689194,3162079957,0615,8,01
10689194,3162079957,0613,9,FI
10657057,3162079957,0612,1,01
10027669,3162079936,0227,0,FI
10910799,3162079936,0230,10,01
10910799,3162079936,0227,9,FI
10906556,3162079936,0226,4,01
10906556,3162079936,0227,3,01
10912321,3162079936,CV0002,10,FI
10912321,3162079936,0230,10,01
10837080,3162079936,0226,7,01
10837080,3162079936,0227,8,FI
10819052,3162079936,CV0002,8,01
10819052,3162079936,0230,4,01
10819052,3162079936,0230,10,FI
10888617,3162079936,0224,8,FI
10904569,3162079936,0228,10,01
10892259,3162079936,0224,7,FI
10911129,3162079936,0224,5,01
13261957,3162079936,0226,6,FI
13261957,3162079936,0224,5,FI
10911373,3162079936,CV0002,9,01
10911373,3162079936,0230,8,01
10911373,3162079936,0227,9,FI
10663109,3162079936,0228,0,FI
10663109,3162079936,0224,0,01
10789656,3162079936,0230,8,01
11088604,3162079936,CV0002,10,FI
11088604,3162079936,0226,9,FI
11088604,3162079936,0227,9,01
10909591,3162079936,0228,10,FI
10390554,3162079936,CV0002,3,01
10390554,3162079936,0224,7,FI
10895404,3162079936,CV0002,9,01
10895404,3162079936,0230,7,01
10895404,3162079936,0228,10,FI
10895404,3162079936,0226,8,01
10895404,3162079936,0227,10,01
12505624,3162079936,0226,5,01
13086978,3162079936,0230,8,01
13086978,3162079936,0231,0,FO
11421089,3162079936,CV0002,4,01
11421089,3162079936,0227,4,01
10283255,3162079936,0227,4,01
11420126,3162079936,0224,0,01
12636621,3162079936,0228,9,FI
12603629,3162079936,0227,0,01
13250561,3162079936,0228,0,01
13250561,3162079936,0226,0,01
13250561,3162079936,0224,0,01
10978459,3162079936,0230,7,01
10793625,3162075411,028504,9,02
10793625,3162075411,028001,8,01
10793625,3162075411,028001,8,FI
10260898,3162075411,028502,7,01
10260898,3162075411,028501,8,01
12921679,3162075411,028001,7,FI
13452193,3162075411,028503,8,02
13452193,3162075411,028503,9,FI
13452193,3162075411,028501,8,01
11572769,3162075411,028505,0,02
10767533,3162075411,028502,9,02
10767533,3162075411,028501,10,02
10471049,3162075411,028503,8,02
10471049,3162075411,028100,10,FI
10464351,3162075411,028505,8,01
10464351,3162075411,028501,9,02
10464351,3162075411,028100,10,01
10892583,3162075411,028502,4,01
10892583,3162075411,028502,4,02
10892583,3162075411,028502,4,FI
10892583,3162075411,028505,3,01
10892583,3162075411,028001,6,02
10931651,3162075411,028504,8,01
10931651,3162075411,028505,4,01
10931651,3162075411,028001,7,FI
10931651,3162075411,028503,8,01
10783770,3162075411,028001,8,01
10783770,3162075411,028501,4,02
11006716,3162075411,028001,7,FI
11006716,3162075411,028503,6,01
11006716,3162075411,028501,2,01
11006716,3162075411,028100,5,02
11006716,3162075411,028100,7,FI
11004261,3162075411,028503,8,FI
10333832,3162075411,028504,5,01
10333832,3162075411,028505,4,FI
10333832,3162075411,028503,7,01
10333832,3162075411,028100,6,02
10333832,3162075411,028100,6,FI
10901871,3162075411,028501,7,FI
11001548,3162075411,028505,6,02
10409975,3162075411,028504,0,01
10409975,3162075411,028503,0,FI
10409975,3162075411,028501,0,FI
10409975,3162075411,028100,0,FI
10409975,3162075411,028100,0,EX
13451031,3162075411,028502,8,02
13451031,3162075411,028503,8,FI
13451031,3162075411,028501,7,01
10428502,3162075411,028502,8,01
10428502,3162075411,028504,6,01
10428502,3162075411,028001,8,FI
10428502,3162075411,028100,8,02
10904286,3162075411,028100,9,01
12869703,3162075411,028100,4,01
11176344,3162075411,028505,4,02
11176344,3162075411,028001,7,FI
11176344,3162075411,028503,7,01
11176344,3162075411,028100,6,01
10824027,3162075411,028502,3,01
10824027,3162075411,028505,4,02
10824027,3162075411,028001,6,01
10824027,3162075411,028501,3,01
10824027,3162075411,028501,5,02
10824027,3162075411,028501,6,FI
11025178,3162075411,028501,4,02
11318443,3162075411,028504,10,01
11318443,3162075411,028505,9,FI
10906346,3162075411,028504,9,01
10906346,3162075411,028501,9,02
10906346,3162075411,028501,8,FI
10927446,3162075411,028502,9,02
10927446,3162075411,028504,9,FI
10927446,3162075411,028100,9,01
10777684,3162075411,028505,4,01
10777684,3162075411,028001,7,FI
10777684,3162075411,028100,8,01
12941115,3162075411,028505,8,FI
12941115,3162075411,028501,9,FI
13156002,3162075411,028501,0,02
10805472,3162075411,028502,4,FI
10805472,3162075411,028504,5,01
10805472,3162075411,028504,3,02
10805472,3162075411,028501,2,FI
10926900,3162075411,028501,8,02
13287506,3162075411,028501,10,02
10801002,3162075411,028502,8,02
10801002,3162075411,028505,7,01
13071991,3162075411,028504,8,01
13071991,3162075411,028001,9,FI
13071991,3162075411,028501,9,FI
11048215,3162075411,028504,4,01
11260593,3162075411,028504,0,02
11260593,3162075411,028505,0,02
10895653,3162075411,028001,5,02
10895653,3162075411,028501,8,01
10895653,3162075411,028501,9,FI
10698491,3162075411,028503,6,FI
13124409,3162075411,028504,7,01
13124409,3162075411,028001,7,02
13124409,3162075411,028501,3,02
11328075,3162075411,028505,4,01
11328075,3162075411,028503,8,01
11328075,3162075411,028501,6,02
12879841,3162075411,028502,0,02
12879841,3162075411,028503,3,01
12879841,3162075411,028503,0,EX
10924060,3162075411,028504,3,01
10924060,3162075411,028501,4,02
11231768,3162075411,028505,0,01
11231768,3162075411,028501,0,01
11231768,3162075411,028501,0,02
11231768,3162075411,028501,0,EX
10904182,3162075411,028100,9,01
10904182,3162075411,028100,7,02
13458419,3162075411,028502,9,02
13458419,3162075411,028504,7,FI
13458419,3162075411,028503,10,02
11032717,3162075411,028504,9,01
11032717,3162075411,028001,8,FI
11032717,3162075411,028501,8,FI
10446775,3162075411,028504,0,01
10446775,3162075411,028505,0,FI
10446775,3162075411,028503,0,01
10446775,3162075411,028503,0,FI
10446775,3162075411,028501,0,02
10446775,3162075411,028100,0,FI
10912191,3162075411,028502,2,01
10912191,3162075411,028100,4,02
13095949,3162075411,028504,7,01
13095949,3162075411,028001,9,FI
13095949,3162075411,028100,10,FI
13456990,3162075411,028001,7,01
13456990,3162075411,028001,7,FI
13456990,3162075411,028100,8,FI
13458439,3162075411,028502,10,01
13458439,3162075411,028502,10,02
13458439,3162075411,028001,7,02
13458439,3162075411,028001,9,FI
10718947,3162075411,028001,8,02
10718947,3162075411,028503,9,01
10251126,3162075411,028001,0,FI
10251126,3162075411,028503,0,FI
11076555,3162075411,028501,0,02
11076555,3162075411,028100,7,01
11076555,3162075411,028100,0,EX
10511909,3162075411,028502,1,01
10511909,3162075411,028501,0,01
10511909,3162075411,028501,0,EX
10511909,3162075411,028100,0,01
11321787,3162075411,028504,10,FI
11321787,3162075411,028501,10,01
10705766,3162075411,028505,0,EX
10705766,3162075411,028100,0,02
13364778,3162075411,028502,9,02
13364778,3162075411,028501,7,FI
13364778,3162075411,028100,10,02
10401257,3162075411,028504,9,01
10244186,3162075411,028504,6,01
12151166,3162075411,028502,9,FI
12151166,3162075411,028505,4,02
12151166,3162075411,028503,9,FI
12151166,3162075411,028100,7,02
10803834,3162075411,028505,4,01
10442635,3162075411,028502,4,01
13514018,3162075411,028503,9,FI
13514018,3162075411,028100,7,01
10913310,3162075411,028502,4,01
11173156,3162075411,028502,6,01
11173156,3162075411,028505,4,EX
10894182,3162075411,028502,7,FI
11013996,3162075411,028502,8,01
11013996,3162075411,028502,8,FI
11013996,3162075411,028100,9,02
13459090,3162075411,028502,10,FI
13459090,3162075411,028504,9,FI
13459090,3162075411,028501,9,FI
10681066,3162075411,028503,10,02
10384941,3162075411,028502,10,FI
10384941,3162075411,028503,9,01
10384941,3162075411,028503,10,FI
10384941,3162075411,028501,9,01
10616148,3162075411,028505,6,02
10491541,3162075411,028504,9,02
10491541,3162075411,028504,8,FI
12878698,3162075411,028502,0,EX
11144881,3162075411,028505,0,FI
12510297,3162075411,028505,7,FI
12510297,3162075411,028503,10,FI
12510297,3162075411,028501,8,FI
10382918,3162075411,028502,6,02
10382918,3162075411,028001,6,01
10382918,3162075411,028100,5,01
12373449,3162075411,028504,3,02
12373449,3162075411,028503,9,FI
10241444,3162075411,028502,6,01
10241444,3162075411,028502,0,EX
10241444,3162075411,028001,0,FI
10241444,3162075411,028501,0,EX
11664133,3162075411,028504,9,01
11664133,3162075411,028503,8,01
10017418,3162075411,028504,9,02
10017418,3162075411,028505,7,01
10017418,3162075411,028505,4,02
13230238,3162075411,028502,3,01
13230238,3162075411,028505,0,02
11027241,3162075411,028504,9,FI
11027241,3162075411,028001,8,01
11027241,3162075411,028100,9,FI
13035254,3162075411,028502,9,FI
13124410,3162075411,028504,7,01
13124410,3162075411,028501,7,02
12877007,3162075411,028504,3,02
12877007,3162075411,028504,7,FI
12877007,3162075411,028505,4,01
12877007,3162075411,028001,6,02
10506539,3162075411,028505,7,FI
10407717,3162075411,028502,0,02
12630701,3162075411,028505,9,FI
10724616,3162075411,028501,4,01
10388125,3162075411,028502,9,02
10388125,3162075411,028503,8,FI
10925235,3162075411,028502,0,EX
10925235,3162075411,028100,2,01
13365806,3162075411,028100,10,FI
11236141,3162075411,028001,6,02
13289936,3162075411,028503,9,01
12618601,3162075411,028504,0,EX
12618601,3162075411,028505,4,01
12618601,3162075411,028100,0,02
10952090,3162075411,028502,8,EX
10952090,3162075411,028100,9,FI
13461512,3162075411,028502,8,FI
13461512,3162075411,028505,4,01
12426107,3162075418,028601,0,F2
10574437,3162075418,028601,0,FO
10338154,3162075418,028601,0,F2
12868237,3162075418,028601,0,F2
10436905,3162075418,028601,0,F2
11619741,3162075418,028601,0,FO
12738447,3162075418,028601,0,FO
10351740,3162075539,1372,4,01
10351740,3162075539,1373,9,FI
10486854,3162075539,1372,5,EX
10486854,3162075539,1374,5,01
10701794,3162075539,CV0004,0,01
10701794,3162075539,1375,10,PO
10701794,3162075539,1373,8,01
10701794,3162075539,1377,9,01
11316204,3162075539,1372,7,FI
13242130,3162075539,1378,0,FO
13242130,3162075539,1373,10,FI
10664967,3162075539,CV0004,9,FI
10664967,3162075539,1374,7,01
10664967,3162075539,1374,7,FI
13281830,3162075539,1375,10,PO
13281830,3162075539,1377,8,01
10834203,3162075539,CV0004,8,FI
10620831,3162075539,1374,8,01
10620831,3162075539,1374,8,FI
10822528,3162075539,1378,0,FO
13011023,3162075539,1373,7,01
13011023,3162075539,1377,7,01
10657734,3162075539,1371,4,01
10657734,3162075539,1374,8,FI
10859549,3162075539,1375,10,PO
10859549,3162075539,1371,9,01
10711968,3162075539,1374,9,FI
13256847,3162075539,1374,9,01
13256847,3162075539,1374,10,FI
13256847,3162075539,1377,10,FI
10679716,3162075539,1378,0,FO
10679716,3162075539,1373,7,01
10698110,3162075539,1373,9,FI
10505116,3162075539,1373,7,FI
10319363,3162075539,1374,9,FI
10839832,3162075539,1378,0,FO
10839832,3162075539,1372,4,01
12739203,3162075539,1374,9,FI
10027372,3162075539,CV0004,10,01
10027372,3162075539,1378,0,FO
10027372,3162075539,1377,8,01
10689174,3162075539,1375,10,PO
10689174,3162075539,1371,9,FI
10689174,3162075539,1372,4,01
10698052,3162075539,1373,7,01
10817396,3162075539,1371,4,01
10817396,3162075539,1377,7,01
10324078,3162075539,1371,9,01
10324078,3162075539,1372,9,01
10742955,3162075539,1371,9,01
11831183,3162075539,CV0004,6,01
11831183,3162075539,1371,7,FI
11831183,3162075539,1377,8,01
10734168,3162075539,1373,8,FI
10734168,3162075539,1377,9,01
10707900,3162075539,1375,6,PO
10707900,3162075539,1378,0,FO
10707900,3162075539,1372,8,01
10707900,3162075539,1377,9,01
10707896,3162075539,1371,7,01
10707896,3162075539,1374,8,FI
10590166,3162075539,1375,0,PO
10635766,3162075539,1371,4,FI
10635766,3162075539,1372,4,FI
10735610,3162075539,1373,7,01
10735610,3162075539,1374,6,01
10691132,3162075539,1375,5,PO
11155646,3162075539,1375,9,PO
10845796,3162075539,1372,3,FI
10503400,3162075539,1375,10,PO
10503400,3162075539,1371,8,FI
10937787,3162075539,1372,3,01
10937787,3162075539,1373,4,01
10802285,3228404816,0179,7,01
10414870,3228404816,0650,9,01
10414870,3228404816,0647,8,01
13075443,3228404816,0651,7,02
13075443,3228404816,0650,6,FI
13075443,3228404816,0648,8,01
10025295,3228404816,0179,5,FI
10025295,3228404816,0648,6,FI
10025295,3228404816,0649,5,01
10025295,3228404816,0649,5,EX
12690668,3228404816,0647,8,02
13450442,3228404816,1709,0,02
13450442,3228404816,0657p,0,01
13450442,3228404816,0179,0,EX
13450442,3228404816,0651,0,FI
13450442,3228404816,0650,0,FI
13450442,3228404816,0650,0,EX
10711948,3228404816,0657p,7,FI
10711948,3228404816,0650,6,FI
10244048,3228404816,0648,8,02
10244048,3228404816,0649,6,02
10244048,3228404816,0647,6,01
10244048,3228404816,0647,5,FI
10509186,3228404816,0651,8,FI
10509186,3228404816,0650,8,02
10452196,3228404816,0657p,10,02
10452196,3228404816,0647,9,FI
10742998,3228404816,0649,10,02
10742998,3228404816,0647,10,FI
10961892,3228404816,0657p,5,02
10961892,3228404816,0651,5,01
10961892,3228404816,0651,6,FI
10961892,3228404816,0648,6,01
10961892,3228404816,0648,5,02
10961892,3228404816,0648,7,FI
10906957,3228404816,0179,6,01
10906957,3228404816,0179,5,FI
10906957,3228404816,0648,7,FI
10906957,3228404816,0649,6,01
10677373,3228404816,0179,0,EX
10677373,3228404816,0651,0,02
10350415,3228404816,0657p,9,02
10350415,3228404816,0648,8,FI
10024578,3228404816,0657p,8,FI
10024578,3228404816,0179,7,FI
10024578,3228404816,0648,8,FI
10024578,3228404816,0649,4,FI
13455127,3228404816,0650,9,01
13455127,3228404816,0650,7,02
13455127,3228404816,0648,8,02
13455127,3228404816,0649,10,01
13455127,3228404816,0649,10,02
13455127,3228404816,0647,10,01
10780784,3228404816,0647,6,02
13078687,3228404816,0657p,10,02
13078687,3228404816,0179,4,02
13078687,3228404816,0651,8,02
13078687,3228404816,0647,8,02
10679723,3228404816,0657p,9,01
10679723,3228404816,0179,5,01
10824617,3228404816,0657p,9,02
10824617,3228404816,0179,8,02
10824617,3228404816,0179,8,FI
10824617,3228404816,0651,8,02
10824617,3228404816,0649,4,02
10840138,3228404816,1709,8,02
10840138,3228404816,0657p,7,02
10840138,3228404816,0649,4,EX
10840138,3228404816,0647,4,01
10840138,3228404816,0647,7,EX
10017455,3228404816,0179,9,01
10017455,3228404816,0649,9,01
10017455,3228404816,0649,9,02
10017455,3228404816,0647,9,02
11806221,3228404816,0657p,8,01
11806221,3228404816,0657p,7,02
11806221,3228404816,0179,7,01
11806221,3228404816,0179,9,02
11806221,3228404816,0651,7,02
11806221,3228404816,0650,6,02
11806221,3228404816,0650,6,FI
11806221,3228404816,0647,0,EX
13035058,3228404816,0179,4,01
13035058,3228404816,0179,9,02
13035058,3228404816,0179,7,FI
13035058,3228404816,0651,6,01
13035058,3228404816,0648,7,01
13035058,3228404816,0648,9,02
10377895,3228404816,1709,0,02
10377895,3228404816,1709,0,FI
10377895,3228404816,0650,0,02
10377895,3228404816,0648,0,EX
10661639,3228404816,0651,9,01
10661639,3228404816,0651,8,02
10661639,3228404816,0648,8,FI
10661639,3228404816,0649,9,02
10661639,3228404816,0649,8,FI
10661639,3228404816,0647,8,02
10357636,3228404816,0648,8,01
10357636,3228404816,0649,7,FI
11338343,3228404816,1709,8,FI
11338343,3228404816,0651,8,01
11338343,3228404816,0651,7,02
11338343,3228404816,0650,6,02
11338343,3228404816,0647,0,01
10991112,3228404816,0657p,9,01
10991112,3228404816,0657p,10,02
10991112,3228404816,0179,8,FI
10991112,3228404816,0651,8,01
10819112,3228404816,1709,8,FI
10819112,3228404816,0657p,10,02
10819112,3228404816,0651,8,FI
10819112,3228404816,0649,8,02
10381846,3228404816,0657p,9,FI
10381846,3228404816,0650,8,02
10381846,3228404816,0648,10,FI
13456235,3228404816,0179,0,02
13456235,3228404816,0651,0,01
13456235,3228404816,0648,0,02
10679695,3228404816,0657p,9,01
10679695,3228404816,0651,8,FI
10679695,3228404816,0650,3,02
10679695,3228404816,0650,5,EX
10679695,3228404816,0648,9,02
10679695,3228404816,0647,7,02
10677900,3228404816,0648,5,02
13476760,3228404816,0179,0,EX
13476760,3228404816,0650,0,EX
13476760,3228404816,0648,4,02
13064420,3228404816,0657p,9,02
13064420,3228404816,0651,6,FI
13064420,3228404816,0650,7,02
13064420,3228404816,0649,6,FI
13064420,3228404816,0647,7,02
10256435,3228404816,0179,0,01
10256435,3228404816,0650,4,EX
10256435,3228404816,0649,8,01
10256435,3228404816,0647,8,01
13060964,3228404816,0651,0,01
10279441,3228404816,0648,9,02
10279441,3228404816,0649,8,02
13264942,3228404816,1709,0,EX
13264942,3228404816,0657p,0,FI
13264942,3228404816,0650,2,02
13264942,3228404816,0648,0,FI
13264942,3228404816,0647,0,FI
10953290,3228404816,0179,7,01
10953290,3228404816,0649,6,01
10463434,3228404816,0179,7,01
10463434,3228404816,0179,0,EX
11254695,3228404816,0647,0,FI
11254695,3228404816,0647,0,EX
11664368,3228404816,0179,0,02
11664368,3228404816,0179,0,FI
11664368,3228404816,0651,5,02
11481642,3228404816,1709,0,FI
11481642,3228404816,0651,0,FI
11481642,3228404816,0648,0,02
11481642,3228404816,0647,0,02
11481642,3228404816,0647,0,FI
11889122,3228404816,0650,5,02
11889122,3228404816,0649,7,FI
11241112,3228404816,0179,7,FI
11241112,3228404816,0651,7,01
11241112,3228404816,0648,8,FI
11241112,3228404816,0649,7,FI
11241112,3228404816,0647,7,02
10819061,3228404816,0179,7,02
10819061,3228404816,0649,7,01
10129831,3228404816,0657p,7,01
10129831,3228404816,0649,3,02
10789628,3228404816,1709,7,FI
10789628,3228404816,0651,9,02
10789628,3228404816,0649,7,FI
10783588,3228404816,0651,7,02
13035179,3228404816,0657p,10,02
13035179,3228404816,0651,8,02
13035179,3228404816,0647,7,01
10321979,3228404816,0179,7,01
10321979,3228404816,0647,6,FI
10615771,3228404816,1709,0,EX
10615771,3228404816,0649,0,02
10615771,3228404816,0647,0,FI
10679722,3228404816,0649,5,02
10762368,3228413080,1709,9,01
10762368,3228413080,1709,7,02
10762368,3228413080,0372,5,02
10796295,3228413080,0371,9,02
10796295,3228413080,0372,10,02
10635003,3228413080,1709,10,01
10635003,3228413080,0179,10,FI
10762343,3228413080,0373,9,02
10910600,3228413080,0379p,9,02
10910600,3228413080,0379p,9,FI
10910600,3228413080,0370,8,01
10757735,3228413080,0370,3,02
10757735,3228413080,0371,8,02
10757735,3228413080,0371,8,FI
10757735,3228413080,0369,7,01
11082671,3228413080,0179,7,02
11082671,3228413080,0373,8,01
10849397,3228413080,0373,6,02
10805501,3228413080,0370,6,FI
10805501,3228413080,0372,4,01
10805501,3228413080,0179,6,EX
12854002,3228413080,0371,7,FI
10840811,3228413080,1709,7,FI
10840811,3228413080,0371,9,FI
10840811,3228413080,0372,6,02
10737949,3228413080,0371,9,02
10799789,3228413080,0371,9,01
10799789,3228413080,0372,9,01
10652371,3228413080,1709,8,02
10652371,3228413080,0370,6,02
10652371,3228413080,0373,7,01
10762023,3228413080,0370,7,01
10762023,3228413080,0370,9,FI
10762023,3228413080,0373,9,FI
10762023,3228413080,0369,9,01
10764453,3228413080,0379p,9,02
10764453,3228413080,0373,8,02
10764453,3228413080,0369,7,01
10813139,3228413080,1709,7,02
10813139,3228413080,0379p,9,FI
10813139,3228413080,0179,4,01
10813139,3228413080,0373,8,01
10813139,3228413080,0369,7,01
10756607,3228413080,0379p,8,01
10756607,3228413080,0371,9,FI
10762338,3228413080,0372,6,02
10823812,3228413080,0369,8,01
13456011,3228413080,0179,4,01
13456011,3228413080,0370,8,01
10780756,3228413080,1709,7,02
10780756,3228413080,0372,8,01
10823807,3228413080,0379p,9,02
10823807,3228413080,0370,9,FI
10823807,3228413080,0372,8,01
11064614,3228413382,0616p,6,01
11064614,3228413382,0373,3,01
11064614,3228413382,0373,0,FI
11064614,3228413382,0373,0,EX
11064614,3228413382,0484,4,01
11064614,3228413382,0484,0,EX
11067623,3228413382,0616p,0,02
11067623,3228413382,0484,7,02
13042221,3228413382,0487,0,02
13042221,3228413382,0485,0,02
13042221,3228413382,0485,0,EX
13042221,3228413382,0484,0,FI
10525885,3228413382,1709,0,EX
10525885,3228413382,0373,0,02
10525885,3228413382,0484,0,FI
10525885,3228413382,0484,0,EX
13455308,3228413382,0616p,8,02
13455308,3228413382,0179,8,01
13455308,3228413382,0373,4,02
13455308,3228413382,0487,10,01
10807600,3228413382,0373,10,02
10807600,3228413382,0485,8,02
10807600,3228413382,0484,10,FI
10807600,3228413382,0483,10,02
10381670,3228413382,0373,0,FI
10381670,3228413382,0487,0,FI
10381670,3228413382,0485,0,01
10679710,3228413382,0373,1,02
10679710,3228413382,0484,7,01
10679710,3228413382,0483,6,02
10736277,3228413382,0616p,10,FI
10736277,3228413382,0485,10,FI
10282899,3228413382,0487,8,02
10797348,3228413382,0616p,9,FI
10797348,3228413382,0179,8,01
10797348,3228413382,0373,10,02
10797348,3228413382,0487,9,02
10611084,3228413382,1709,8,01
10611084,3228413382,0179,8,FI
10611084,3228413382,0373,8,FI
10695479,3228413382,1709,0,EX
10695479,3228413382,0373,0,02
10695479,3228413382,0483,0,FI
10709604,3228413382,0616p,10,02
10709604,3228413382,0179,10,01
10709604,3228413382,0485,9,02
10770964,3228413382,0616p,10,02
10770964,3228413382,0616p,8,FI
10418675,3228413382,1709,7,02
10418675,3228413382,0179,7,FI
10418675,3228413382,0373,3,01
11161106,3228413382,1709,0,FI
11161106,3228413382,0179,0,02
11161106,3228413382,0179,0,EX
11161106,3228413382,0487,0,EX
11161106,3228413382,0484,0,EX
10718934,3228413382,0179,7,02
10718934,3228413382,0373,8,FI
10718934,3228413382,0483,4,01
13460547,3228413382,1709,0,EX
13460547,3228413382,0485,0,EX
13460547,3228413382,0483,0,EX
10688878,3228413382,0484,10,FI
11571094,3228413382,0616p,0,01
11571094,3228413382,0483,8,01
11571094,3228413382,0483,0,FI
11332097,3228413382,1709,0,EX
11332097,3228413382,0616p,0,FI
11332097,3228413382,0373,0,02
11332097,3228413382,0485,0,01
10453628,3228413382,1709,0,01
10453628,3228413382,0616p,0,02
10453628,3228413382,0487,0,FI
12500233,3228413382,1709,0,FI
12500233,3228413382,0616p,0,EX
12500233,3228413382,0373,0,01
12500233,3228413382,0487,0,FI
12500233,3228413382,0484,0,EX
10399058,3228413382,0616p,0,01
10399058,3228413382,0373,0,FI
10770657,3228413382,0616p,9,01
10770657,3228413382,0179,9,02
10770657,3228413382,0487,8,02
10770657,3228413382,0485,6,01
10770657,3228413382,0483,9,FI
10711977,3228413382,0179,8,FI
10711977,3228413382,0373,9,01
10711977,3228413382,0485,8,FI
10308704,3228413382,0373,0,01
12730778,3228413382,0487,0,FI
10471125,3228413382,0483,4,01
10255502,3228413382,0616p,7,01
10255502,3228413382,0373,9,01
10328549,3228413382,0485,2,01
10810051,3228413382,0483,4,01
11569845,3228413382,1709,0,02
11569845,3228413382,0179,0,02
11569845,3228413382,0485,0,EX
11569845,3228413382,0483,0,01
11271861,3228413382,0616p,8,01
11271861,3228413382,0616p,7,02
11271861,3228413382,0373,9,FI
13459168,3228413382,0485,9,02
10828387,3228413382,0179,8,02
13457137,3228413382,0616p,0,FI
13457137,3228413382,0179,0,EX
10856605,3228413382,0485,9,FI
10856605,3228413382,0483,9,01
10401376,3228413382,0616p,0,FI
10401376,3228413382,0487,0,02
10401376,3228413382,0487,0,EX
10401376,3228413382,0485,0,01
10401376,3228413382,0484,0,02
10401376,3228413382,0483,0,FI
10677836,3228413382,1709,7,01
10677836,3228413382,1709,7,02
10677836,3228413382,0373,0,FI
10677836,3228413382,0484,9,02
10205657,3228413382,0487,4,FI
10643328,3228413382,1709,9,01
10643328,3228413382,0616p,9,FI
12433428,3228413382,0373,8,02
12287306,3228413382,1709,0,02
12287306,3228413382,0373,0,01
12287306,3228413382,0487,0,01
12287306,3228413382,0487,0,02
12287306,3228413382,0487,0,FI
10758419,3228413382,0616p,9,FI
10758419,3228413382,0179,8,FI
10758419,3228413382,0373,9,01
10758419,3228413382,0483,10,01
10758419,3228413382,0483,9,FI
10865703,3228415772,0179,8,FI
10865703,3228415772,1370,8,01
10865703,3228415772,1367,7,01
10865703,3228415772,1368,8,FI
10799612,3228415772,0179,9,02
10799612,3228415772,1370,10,02
10799612,3228415772,1370,9,FI
10799612,3228415772,1368,9,FI
10799612,3228415772,1369,9,FI
11649640,3228415772,0179,8,01
11649640,3228415772,1367,7,01
11649640,3228415772,1367,6,FI
10817945,3228415772,1709,6,02
10817945,3228415772,0179,9,FI
10817945,3228415772,1367,4,01
10834174,3228415772,1367,9,FI
10834174,3228415772,1368,9,FI
13281768,3228415772,1368,5,EX
10798915,3228415772,0179,7,FI
10798915,3228415772,1370,9,FI
10798915,3228415772,1368,8,01
10819488,3228415772,1375p,10,01
10819488,3228415772,0179,6,01
10819488,3228415772,1368,8,01
10781492,3228415772,0179,7,FI
10781492,3228415772,1370,4,02
10546650,3228415772,1709,9,02
10546650,3228415772,1375p,8,02
10546650,3228415772,1375p,8,FI
10546650,3228415772,1370,8,FI
10546650,3228415772,1367,9,01
10546650,3228415772,1368,9,01
13273466,3228415772,1375p,10,01
13273466,3228415772,1370,4,02
13273466,3228415772,1370,7,FI
11649375,3228415772,1709,7,01
11649375,3228415772,1375p,10,01
11649375,3228415772,1375p,9,FI
11649375,3228415772,1368,8,FI
10714135,3228415772,1709,6,FI
10714135,3228415772,1370,4,02
10714135,3228415772,1368,7,01
10835968,3228415772,1370,7,02
10835968,3228415772,1368,7,02
10803120,3228415772,1367,8,01
10851445,3228415772,0179,5,01
10851445,3228415772,0179,8,02
10851445,3228415772,1370,9,02
10711961,3228415772,1375p,10,01
10711961,3228415772,0179,6,02
10711961,3228415772,1367,4,FI
10678320,3228415772,1370,4,FI
11341745,3228415772,1375p,8,02
11341745,3228415772,1370,6,01
11341745,3228415772,1370,8,02
11341745,3228415772,1367,8,02
11251967,3228415772,1709,7,01
11251967,3228415772,0179,8,02
10122344,3228415772,1370,10,FI
10122344,3228415772,1367,9,01
10378823,3228415772,0179,8,FI
10378823,3228415772,1367,9,01
10378823,3228415772,1368,10,01
10378823,3228415772,1368,10,02
11104411,3228415772,1375p,9,FI
11104411,3228415772,1368,8,01
11104411,3228415772,1368,7,FI
10783707,3228415772,0179,9,01
10783707,3228415772,1367,9,FI
10985551,3228415772,1368,8,02
10793376,3228415772,1709,8,01
10793376,3228415772,1370,8,FI
10793376,3228415772,1369,7,FI
10776515,3228415772,1370,9,01
10776515,3228415772,1370,9,FI
10734128,3228415772,1375p,10,FI
10734128,3228415772,1369,9,01
10770501,3228415772,1709,9,FI
10770501,3228415772,1368,7,01
10770501,3228415772,1369,8,01
10962405,3228415772,0179,0,EX
10962405,3228415772,1367,6,01
10827153,3228415772,0179,7,FI
10827153,3228415772,1370,7,01
10827153,3228415772,1370,8,02
10993836,3228415772,1370,8,02
10993836,3228415772,1368,8,02
10993836,3228415772,1368,8,FI
11514753,3228415772,1367,7,02
10780789,3228415772,1370,4,01
13462544,3228415772,0179,8,02
13462544,3228415772,0179,8,FI
13462544,3228415772,1370,7,02
13462544,3228415772,1370,7,FI
10809667,3228415772,1709,9,FI
10809667,3228415772,1375p,9,FI
10809667,3228415772,1370,8,FI
10687463,3228415772,1375p,10,FI
10687463,3228415772,1370,8,FI
10652580,3228415772,1367,4,02
10678151,3228415772,1375p,7,01
10678151,3228415772,1368,6,EX
10678151,3228415772,1369,6,EX
10809557,3228415772,1370,8,FI
10809557,3228415772,1368,9,FI
10809557,3228415772,1369,8,01
10809557,3228415772,1369,8,FI
10944114,3228415772,1367,7,FI
10730519,3228415772,1375p,9,02
10730519,3228415772,1367,4,FI
10730519,3228415772,1368,2,FI
13242092,3228415772,1370,6,01
10742238,3228415772,0179,8,01
10742238,3228415772,1368,8,02
10742238,3228415772,1369,4,01
12558926,3228415772,0179,6,02
12558926,3228415772,0179,6,FI
10960990,3228379385,0441,8,01
10960990,3228379385,0441,8,02
10960990,3228379385,0439,8,01
10960990,3228379385,0156,8,FI
11043785,3228379385,1709,7,01
11043785,3228379385,0441,6,02
11043785,3228379385,0439,7,02
10737175,3228379385,1709,7,02
10737175,3228379385,0441,9,02
10737175,3228379385,0441,9,FI
10737175,3228379385,0440,7,01
10737175,3228379385,0440,7,FI
13133521,3228379385,0441,8,FI
13133521,3228379385,0438,8,01
13133521,3228379385,0156,7,FI
11039273,3228379385,0437,7,FI
11039273,3228379385,0441,7,02
11039273,3228379385,0441,8,FI
10887720,3228379385,0437,6,01
10887720,3228379385,0437,7,FI
10887720,3228379385,0441,6,FI
10887720,3228379385,0439,9,02
10887720,3228379385,0440,3,02
11029440,3228379385,0439,9,02
11029440,3228379385,0438,9,01
11029440,3228379385,0438,10,02
10995299,3228379385,1709,9,FI
10995299,3228379385,0437,8,FI
10995299,3228379385,0439,7,01
10995299,3228379385,0440,8,02
10835299,3228379385,1709,5,01
10835299,3228379385,0437,5,FI
10805591,3228379385,0438,3,02
11805803,3228379385,1709,9,02
11805803,3228379385,0441,10,01
11805803,3228379385,0438,9,01
11805803,3228379385,0440,9,01
10906307,3228379385,0441,3,01
10911748,3228379385,0439,8,02
10911748,3228379385,0156,8,02
10787655,3228379385,0441,2,FI
10787655,3228379385,0438,4,02
11028742,3228379385,0441,7,01
11026339,3228379385,1709,7,01
11026339,3228379385,0441,0,EX
11026339,3228379385,0439,8,02
11026339,3228379385,0439,7,FI
11026339,3228379385,0440,7,01
10905782,3228379385,0441,1,01
10905782,3228379385,0156,8,02
11004486,3228379385,1709,9,01
11004486,3228379385,0439,10,01
11004486,3228379385,0440,10,FI
10911568,3228379385,0437,7,01
10911568,3228379385,0156,9,02
11044309,3228379385,0437,3,01
11044309,3228379385,0441,6,01
11044309,3228379385,0441,5,02
11044309,3228379385,0439,7,FI
11604486,3228379385,1709,6,FI
11604486,3228379385,0438,3,01
11604486,3228379385,0156,7,FI
10911000,3228379385,0437,6,FI
10911000,3228379385,0438,4,FI
10911000,3228379385,0438,0,EX
10911000,3228379385,0440,8,01
10911000,3228379385,0156,7,01
11068958,3228379385,1709,0,FI
11068958,3228379385,0438,0,EX
11068958,3228379385,0440,0,01
11068958,3228379385,0440,0,02
11068958,3228379385,0440,0,FI
13466647,3228379385,0441,6,FI
13466647,3228379385,0439,9,02
13466647,3228379385,0156,7,FI
11415744,3228379385,1709,5,01
11415744,3228379385,0437,8,FI
11415744,3228379385,0441,8,01
11415744,3228379385,0439,9,02
11415744,3228379385,0156,6,02
11415744,3228379385,0156,6,FI
10787257,3228379385,0437,6,02
10787257,3228379385,0441,5,02
10787257,3228379385,0441,6,FI
10787257,3228379385,0439,6,FI
10278634,3228379385,0437,10,02
10278634,3228379385,0438,7,FI
10278634,3228379385,0440,10,01
10284131,3228379385,1709,5,01
10284131,3228379385,0437,6,02
10284131,3228379385,0439,10,01
10284131,3228379385,0156,0,EX
10929912,3228379385,0437,6,FI
10929912,3228379385,0440,6,01
11024457,3228379385,1709,9,02
11024457,3228379385,0441,8,02
11024457,3228379385,0438,8,01
11024457,3228379385,0438,10,02
11024457,3228379385,0156,9,01
10302214,3228379385,0440,0,EX
10302214,3228379385,0156,0,01
12731640,3228379385,1709,6,FI
12731640,3228379385,0441,7,01
12731640,3228379385,0439,8,02
11507257,3228379385,0441,6,02
11507257,3228379385,0438,6,02
11507257,3228379385,0156,4,02
10929818,3228379385,0437,8,01
10929818,3228379385,0437,8,FI
10929818,3228379385,0441,9,02
10929818,3228379385,0438,9,01
10929818,3228379385,0156,9,FI
10435060,3228379385,0441,0,EX
10435060,3228379385,0439,0,01
10435060,3228379385,0438,0,02
10435060,3228379385,0156,0,EX
10248709,3228379385,1709,0,01
10248709,3228379385,0439,0,02
10248709,3228379385,0439,0,FI
10248709,3228379385,0438,0,EX
10248709,3228379385,0440,0,EX
10248709,3228379385,0156,0,01
10421015,3228379385,0438,0,01
12673295,3228379385,0437,0,EX
12673295,3228379385,0439,0,EX
12673295,3228379385,0438,0,02
12673295,3228379385,0156,0,FI
12673295,3228379385,0156,0,EX
10420824,3228379385,0437,9,FI
10420824,3228379385,0438,0,01
10420824,3228379385,0156,5,FI
10468121,3228379385,0441,0,EX
10468121,3228379385,0439,8,01
10468121,3228379385,0156,4,01
13458066,3228379385,1709,9,FI
10650730,3228379385,0441,4,01
10650730,3228379385,0441,2,02
13459588,3228379385,0437,0,EX
13459588,3228379385,0441,5,01
13459588,3228379385,0438,5,01
13459588,3228379385,0438,0,FI
13459588,3228379385,0156,0,FI
10311923,3228379385,0156,0,EX
11026347,3228379385,0437,7,02
11026347,3228379385,0441,10,01
11026347,3228379385,0440,10,02
11026347,3228379385,0156,7,01
10394837,3228379385,0439,6,01
10307040,3228379385,0441,0,FI
10307040,3228379385,0441,0,EX
10307040,3228379385,0440,0,EX
11786393,3228379385,0438,0,01
11786393,3228379385,0156,0,01
10696650,3228379385,0437,0,02
10696650,3228379385,0437,0,FI
10696650,3228379385,0437,0,EX
10696650,3228379385,0441,3,02
10696650,3228379385,0439,8,01
10696650,3228379385,0440,7,01
13459194,3228379385,0439,9,02
13459361,3228379385,1709,0,EX
13459361,3228379385,0437,0,FI
13459361,3228379385,0439,4,02
13459361,3228379385,0438,5,01
13459361,3228379385,0156,0,EX
11033515,3228379385,1709,9,01
11033515,3228379385,0437,7,FI
11033515,3228379385,0439,9,02
11033515,3228379385,0438,8,01
11033515,3228379385,0438,10,02
11067932,3228379385,1709,0,FI
11067932,3228379385,0437,10,01
11067932,3228379385,0438,0,EX
11666166,3228379385,0437,6,01
11666166,3228379385,0438,5,01
11666166,3228379385,0438,6,FI
13221347,3228379385,0439,0,01
13221347,3228379385,0438,0,01
13221347,3228379385,0156,0,EX
13290996,3228406931,1709,8,02
13290996,3228406931,1709,8,FI
13290996,3228406931,1012p,9,01
13290996,3228406931,0179,8,FI
13290996,3228406931,0623,8,01
10800028,3228406931,1709,6,01
10824007,3228406931,0931,8,FI
10635026,3228406931,1012p,8,FI
10813126,3228406931,0623,8,FI
10813126,3228406931,1010,9,FI
10776549,3228406931,0179,7,FI
10776549,3228406931,0931,9,02
10776549,3228406931,1010,7,01
10510136,3228406931,1012p,8,02
10510136,3228406931,1012p,0,EX
10510136,3228406931,0179,8,02
10510136,3228406931,0931,6,02
10709557,3228406931,0179,8,01
10709557,3228406931,0179,0,FI
10709557,3228406931,0623,0,EX
10422716,3228406931,1709,0,01
10422716,3228406931,1012p,0,02
10862032,3228406931,0623,0,02
10862032,3228406931,0930,4,02
10862032,3228406931,0930,0,FI
10726936,3228406931,0623,7,01
10726936,3228406931,0931,9,FI
10764144,3228406931,0930,3,02
10764144,3228406931,0931,7,FI
10819701,3228406931,0930,0,FI
10819701,3228406931,0931,0,FI
10819701,3228406931,1010,0,FI
10819701,3228406931,1010,0,EX
10817903,3228406931,0930,8,01
10817903,3228406931,0931,9,02
10805294,3228406931,0623,6,FI
10530803,3228406931,1709,8,01
10530803,3228406931,1012p,8,02
10530803,3228406931,0179,8,02
10530803,3228406931,0179,9,FI
10530803,3228406931,0930,7,01
10530803,3228406931,0931,8,02
10349498,3228406931,1012p,8,02
10630363,3228406931,0179,6,02
10630363,3228406931,0623,8,FI
10630363,3228406931,0931,9,02
10852161,3228406931,1012p,8,02
10852161,3228406931,1012p,9,FI
10819684,3228406931,1012p,9,02
10414061,3228406931,1012p,1,01
10397687,3228406931,0930,5,EX
10397687,3228406931,1010,0,02
10397687,3228406931,1010,5,FI
11811552,3228406931,0930,0,01
11811552,3228406931,1010,0,FI
10323559,3228406931,0623,1,02
10323559,3228406931,1010,3,02
10323559,3228406931,1010,0,FI
10323559,3228406931,1010,0,EX
13458157,3228406931,1012p,0,01
13458157,3228406931,1012p,0,02
13458157,3228406931,1012p,0,EX
13458157,3228406931,0179,0,01
13458157,3228406931,1010,0,FI
13456007,3228406931,0930,7,02
13523913,3228406931,0930,0,FI
10940616,3228406931,1012p,0,01
10940616,3228406931,0623,0,EX
10940616,3228406931,0931,0,EX
10940616,3228406931,1010,0,01
13458161,3228406931,1012p,8,01
13458161,3228406931,0179,8,02
13458161,3228406931,1010,5,01
11059841,3228406931,1012p,9,01
11059841,3228406931,0930,7,02
11059841,3228406931,0930,6,FI
10381708,3228406931,1012p,0,01
10381708,3228406931,0179,0,FI
10381708,3228406931,0623,0,EX
10381708,3228406931,0930,0,FI
10381708,3228406931,0931,2,01
10381708,3228406931,1010,0,EX
10852107,3228406931,1012p,0,01
10852107,3228406931,0179,8,01
10852107,3228406931,0179,0,02
10852107,3228406931,0179,0,EX
10852107,3228406931,0623,0,FI
10852107,3228406931,0623,0,EX
10852107,3228406931,0931,0,FI
10304385,3228406931,0179,6,FI
10304385,3228406931,0623,7,02
11800453,3228406931,0623,0,FI
11800453,3228406931,1010,0,01
10330111,3228406931,1010,0,02
10330111,3228406931,1010,7,FI
10443575,3228406931,0623,4,01
10443575,3228406931,0931,0,FI
10443575,3228406931,1010,0,EX
10818191,3228406931,0179,0,02
10818191,3228406931,0930,0,FI
10818191,3228406931,1010,0,01
10499331,3228406931,0930,0,01
10499331,3228406931,1010,5,EX
11089472,3228406931,0179,5,02
11089472,3228406931,0931,10,01
11089472,3228406931,1010,4,01
11089472,3228406931,1010,7,02
10699271,3228406931,1709,2,02
10699271,3228406931,1012p,8,01
10699271,3228406931,1010,6,FI
10807830,3228406931,0623,8,01
10807830,3228406931,0930,8,02
10807830,3228406931,1010,3,02
10042816,3228406931,1709,0,01
10042816,3228406931,1012p,0,FI
10042816,3228406931,0930,0,EX
10042816,3228406931,0931,0,02
10303628,3228406931,0179,0,FI
10022321,3228406931,0179,10,01
12561661,3228406931,1709,5,01
12561661,3228406931,1010,3,FI
10797573,3228406931,0931,9,01
10797573,3228406931,0931,9,FI
10479899,3228406931,0179,9,FI
10479899,3228406931,0623,8,FI
10918602,3228406931,1012p,9,FI
10918602,3228406931,0930,6,EX
10754604,3228406931,1709,7,02
10754604,3228406931,0931,8,01
10754604,3228406931,1010,6,FI
10365221,3228406931,1012p,8,02
10365221,3228406931,0623,8,FI
13461591,3228406931,0623,9,02
10249410,3228406931,0931,8,01
10766452,3228406545,0828p,0,01
10766452,3228406545,0828p,9,02
10766452,3228406545,0179,8,02
10766452,3228406545,1709,7,FI
10766452,3228406545,0623,9,02
12607926,3228406545,1709,8,FI
12607926,3228406545,CV0008,8,01
11790917,3228406545,0625,6,01
11790917,3228406545,0625,7,FI
11790917,3228406545,0623,9,FI
10689201,3228406545,0828p,9,FI
10689201,3228406545,0625,8,FI
10742994,3228406545,0625,7,02
10742994,3228406545,0627,7,FI
10729793,3228406545,0622,5,EX
10689201,3228406545,0179,0,EX
10487336,3228406545,0625,8,02
10487336,3228406545,0625,8,FI
10487336,3228406545,0623,7,01
10857816,3228406545,0828p,8,02
10857816,3228406545,0179,8,01
10857816,3228406545,CV0008,10,02
10847609,3228406545,0625,7,01
10766414,3228406545,0179,8,02
10766414,3228406545,0625,10,01
10766414,3228406545,0627,8,FI
10856038,3228406545,0627,5,02
11433224,3228406545,0828p,8,FI
11433224,3228406545,0625,8,02
11433224,3228406545,0627,6,01
11073751,3228406545,1709,8,02
11073751,3228406545,1709,8,FI
11073751,3228406545,0622,8,01
11073751,3228406545,CV0008,8,01
11073751,3228406545,CV0008,9,02
10593810,3228406545,0625,8,FI
10593810,3228406545,0627,2,01
10593810,3228406545,CV0008,8,01
10593810,3228406545,CV0008,9,02
11231507,3228406545,0627,0,FI
12912678,3228406545,0179,4,02
12912678,3228406545,CV0008,9,FI
10804606,3228406545,1709,5,FI
10804606,3228406545,0622,5,02
10804606,3228406545,0622,6,FI
10804606,3228406545,0625,6,01
10804606,3228406545,0623,7,FI
10804606,3228406545,CV0008,8,FI
10707892,3228406545,0828p,9,02
10707892,3228406545,0623,8,02
10707892,3228406545,0627,6,FI
10707892,3228406545,CV0009,9,FI
13470345,3228406545,0828p,9,01
13470345,3228406545,0627,3,01
13470345,3228406545,0627,0,02
13473425,3228406545,0627,9,FI
10711954,3228406545,1709,7,FI
10711954,3228406545,0627,5,02
10711954,3228406545,CV0009,8,FI
10835673,3228406545,0622,5,02
10835673,3228406545,0623,7,01
10835673,3228406545,0623,7,FI
10734184,3228406545,1709,7,01
10734184,3228406545,1709,6,02
10734184,3228406545,0179,7,01
10734184,3228406545,0622,8,FI
10734184,3228406545,0625,8,FI
10734184,3228406545,0627,7,FI
10734184,3228406545,CV0009,10,FI
13170472,3228406545,0622,2,01
13170472,3228406545,0625,0,01
13170472,3228406545,0623,0,FI
10766479,3228410748,0179,8,02
10843404,3228410748,0173,7,02
10843404,3228410748,0174,9,02
10843404,3228410748,0177,9,02
10254373,3228410748,0181p,10,FI
13453640,3228410748,0179,5,01
13453640,3228410748,0173,6,02
13453640,3228410748,0177,7,01
10700069,3228410748,0171,0,EX
10700069,3228410748,0172,0,02
10700069,3228410748,0173,0,EX
10392181,3228410748,1709,5,FI
10392181,3228410748,0171,7,01
10688815,3228410748,0181p,9,FI
10688815,3228410748,0171,9,FI
10688815,3228410748,0172,9,FI
10688815,3228410748,0177,7,01
10506040,3228410748,0181p,0,02
10506040,3228410748,0174,0,02
13455952,3228410748,1709,9,01
13455952,3228410748,0179,7,01
13455952,3228410748,0173,4,02
13455952,3228410748,0174,7,02
10664803,3228410748,1709,0,02
10664803,3228410748,0172,0,02
12413993,3228410748,0173,0,EX
12413993,3228410748,0177,0,02
13480000,3228410748,0174,9,01
13480000,3228410748,0177,7,01
10509253,3228410748,0181p,0,02
10509253,3228410748,0179,0,02
10509253,3228410748,0174,0,FI
13455821,3228410748,0173,4,02
10664909,3228410748,0181p,9,FI
10664909,3228410748,0177,9,FI
11567443,3228410748,0181p,6,01
11567443,3228410748,0179,0,01
11567443,3228410748,0179,0,EX
13456058,3228410748,1709,8,01
13456058,3228410748,0172,4,01
13456058,3228410748,0173,4,02
13456058,3228410748,0173,0,FI
13456058,3228410748,0174,6,02
10691269,3228410748,0174,2,01
10691269,3228410748,0177,0,FI
10639978,3228410748,1709,9,FI
10639978,3228410748,0172,8,02
13255125,3228410748,0177,0,01
10507411,3228410748,1709,0,FI
10745573,3228410357,1709,8,01
10745573,3228410357,0171,8,01
10745573,3228410357,0383,7,02
10745573,3228410357,0383,8,FI
10745573,3228410357,0173,7,01
10745573,3228410357,0173,7,FI
10585531,3228410357,0179,6,FI
10585531,3228410357,0171,4,02
10585531,3228410357,0384,6,FI
10648032,3228410357,1709,7,FI
10648032,3228410357,0384,8,02
10648032,3228410357,0384,6,EX
10648032,3228410357,0172,6,02
10698109,3228410357,1709,8,01
10698109,3228410357,0400p,8,02
10698109,3228410357,0172,8,02
10698109,3228410357,0172,8,FI
11627062,3228410357,0171,9,01
11627062,3228410357,0384,7,01
10675936,3228410357,0384,6,01
10729539,3228410357,0383,8,02
10729539,3228410357,0384,10,02
10729539,3228410357,0384,9,FI
10729539,3228410357,0173,8,FI
10410077,3228410357,0171,7,02
10530795,3228410357,0400p,8,02
10530795,3228410357,0400p,9,FI
10530795,3228410357,0179,5,02
10530795,3228410357,0171,9,02
10530795,3228410357,0383,8,02
13455702,3228410357,1709,9,01
13455702,3228410357,0400p,8,01
13455702,3228410357,0173,9,FI
10719000,3228410357,0383,7,FI
10719000,3228410357,0173,5,02
13456027,3228410357,1709,7,FI
10835750,3228410357,0171,8,FI
10835750,3228410357,0384,7,FI
10766449,3228410357,1709,7,02
10766449,3228410357,0400p,8,01
10766449,3228410357,0400p,7,FI
10645102,3228410357,0400p,8,02
10645102,3228410357,0172,7,02
10645102,3228410357,0172,8,FI
10645102,3228410357,0173,7,01
10645102,3228410357,0173,6,02
10820272,3228410357,0383,4,02
13487222,3228410357,1709,9,FI
13487222,3228410357,0179,9,FI
13487222,3228410357,0171,10,02
10687498,3228410892,1709,7,FI
10687498,3228410892,0388p,8,FI
10687498,3228410892,0171,9,02
10687498,3228410892,0171,9,FI
10687498,3228410892,0383,10,01
10687498,3228410892,0384,9,FI
10687498,3228410892,0173,8,FI
10742128,3228410892,0171,6,FI
10742128,3228410892,0172,7,FI
13455012,3228410892,0388p,4,01
10749811,3228410892,1709,7,02
10749811,3228410892,1709,6,FI
13454999,3228410892,0388p,7,FI
10678997,3228410892,0388p,0,FI
10678997,3228410892,0179,6,01
10678997,3228410892,0384,0,02
10320497,3228410892,0172,6,02
10320497,3228410892,0173,9,02
10808311,3228410892,0384,8,02
10808311,3228410892,0384,7,FI
13450196,3228410892,0179,8,01
13450196,3228410892,0383,9,FI
13450196,3228410892,0384,9,02
13450196,3228410892,0172,9,02
10761594,3228410892,0179,7,02
10761594,3228410892,0383,8,01
10761594,3228410892,0383,4,02
10761594,3228410892,0384,7,02
10761594,3228410892,0172,5,01
10761594,3228410892,0173,7,01
10736502,3228410892,1709,7,FI
10736502,3228410892,0388p,8,FI
10736502,3228410892,0384,7,FI
10736502,3228410892,0173,8,FI
11330085,3228410892,0171,4,02
10676318,3228410892,1709,4,01
10676318,3228410892,1709,7,02
10676318,3228410892,0171,2,01
10676318,3228410892,0383,7,02
13472424,3228410892,0388p,8,01
13472424,3228410892,0384,6,FI
13472424,3228410892,0172,4,01
13475599,3228410892,0388p,9,02
13475599,3228410892,0179,9,01
13475599,3228410892,0384,9,02
13475599,3228410892,0172,9,02
13475662,3228410892,1709,7,01
13475662,3228410892,0383,10,01
13475662,3228410892,0384,8,01
13475662,3228410892,0384,8,FI
10514139,3228410892,0388p,9,01
10514139,3228410892,0388p,7,FI
10514139,3228410892,0171,9,01
10514139,3228410892,0172,4,01
12912453,3228410892,0171,3,02
12912453,3228410892,0173,8,02
11036107,3228381273,1709,0,FI
11036107,3228381273,0156,4,01
11036107,3228381273,1229,0,FI
11036107,3228381273,1231,0,EX
10793641,3228381273,1229,0,FI
10793641,3228381273,1231,0,FI
10793641,3228381273,1231,0,EX
10793641,3228381273,1233,0,EX
10931235,3228381273,1709,8,01
10931235,3228381273,1709,7,FI
10931235,3228381273,1229,5,01
10931235,3228381273,1231,4,02
10931235,3228381273,1231,5,EX
10931235,3228381273,1233,3,01
10931235,3228381273,1233,7,FI
11003632,3228381273,1709,7,01
11003632,3228381273,0156,6,01
11003632,3228381273,1231,0,FI
11003632,3228381273,1233,0,EX
12607119,3228381273,1226,5,01
12607119,3228381273,1231,7,02
13291541,3228381273,0156,7,FI
13291541,3228381273,1226,10,FI
13291541,3228381273,1231,7,02
13291541,3228381273,1232,7,01
12744964,3228381273,1709,8,01
12744964,3228381273,1226,4,02
12744964,3228381273,1231,3,02
10924853,3228381273,1229,6,02
10924853,3228381273,1231,5,02
11798264,3228381273,1233,7,FI
10648909,3228381273,1226,4,01
10889537,3228381273,1226,4,01
10889537,3228381273,1231,6,FI
10889537,3228381273,1232,6,FI
10889537,3228381273,1233,7,01
10912710,3228381273,1231,5,02
10787502,3228381273,1709,7,02
10787502,3228381273,0156,5,01
10904203,3228381273,1709,8,02
10904203,3228381273,1226,7,01
10904203,3228381273,1232,6,01
10904203,3228381273,1232,7,FI
11024352,3228381273,0156,9,01
11024352,3228381273,1229,6,02
11024352,3228381273,1232,6,01
11024352,3228381273,1233,7,01
11024352,3228381273,1233,7,FI
10899896,3228381273,1226,9,02
13099124,3228381273,0156,8,01
13099124,3228381273,1226,7,01
13099124,3228381273,1233,8,FI
11004108,3228381273,1226,7,02
11004108,3228381273,1226,9,FI
11004108,3228381273,1232,8,01
11004108,3228381273,1233,8,FI
12465550,3228381273,1709,6,01
12465550,3228381273,0156,6,01
12465550,3228381273,1232,7,02
12465550,3228381273,1232,6,EX
10916721,3228381273,1229,0,EX
10916721,3228381273,1233,3,02
10912726,3228381273,0156,8,01
10912726,3228381273,1229,7,02
10912726,3228381273,1231,6,02
10912726,3228381273,1233,7,01
10805007,3228381273,0156,8,01
10805007,3228381273,1233,8,01
11184512,3228381273,1709,6,02
11184512,3228381273,1226,7,FI
10654915,3228381273,0156,0,FI
10654915,3228381273,1231,0,02
10654915,3228381273,1231,0,FI
10654915,3228381273,1233,0,01
10654915,3228381273,1233,0,02
11040995,3228381273,1709,5,02
10708167,3228390016,0221,7,01
12563453,3228390016,0156,8,01
12563453,3228390016,0156,9,02
10846382,3228390016,1709,6,FI
10846382,3228390016,0222,4,02
10846382,3228390016,0156,6,01
10903261,3228390016,0225,4,02
10903261,3228390016,0223,9,01
10903261,3228390016,0222,8,FI
11002807,3228390016,0225,8,FI
11002807,3228390016,0221,8,01
11002807,3228390016,0222,9,02
11146537,3228390016,0225,10,FI
10897212,3228390016,1709,2,01
10897212,3228390016,0221,6,FI
10897212,3228390016,0222,2,01
10897212,3228390016,0156,8,02
10929469,3228390016,1709,2,02
10929469,3228390016,0221,3,01
10929469,3228390016,0156,3,FI
10812899,3228390016,0225,3,02
10812899,3228390016,0156,5,FI
10893131,3228390016,0222,6,01
10893131,3228390016,0222,7,FI
13452408,3228390016,1709,7,FI
10996376,3228390016,0221,4,01
10917865,3228390016,1709,6,FI
10917865,3228390016,0223,3,01
11011197,3228390016,0223,8,01
11011197,3228390016,0223,9,FI
12270997,3228390016,1709,0,FI
12270997,3228390016,0225,0,01
12270997,3228390016,0221,0,EX
12270997,3228390016,0156,0,02
11622314,3228390016,0223,8,02
11622314,3228390016,0222,7,02
11088265,3228390016,0221,9,01
11088265,3228390016,0221,9,02
11088265,3228390016,0222,8,01
10762391,3228390016,0156,4,02
11248234,3228390016,0223,5,01
13458016,3228390016,0223,0,FI
10776723,3228390016,0221,6,02
10776723,3228390016,0222,5,01
13114371,3228390016,0225,8,02
13114371,3228390016,0223,9,FI
12736641,3228390016,0225,0,02
12736641,3228390016,0225,0,01
12736641,3228390016,0223,0,FI
12736641,3228390016,0156,0,01
13459021,3228390016,0225,0,EX
13459021,3228390016,0223,0,EX
13459021,3228390016,0156,0,EX
12647763,3228390016,0223,0,EX
12647763,3228390016,0156,0,01
12647763,3228390016,0156,0,FI
10353865,3228390016,0222,5,01
11763179,3228390016,0223,6,02
13238582,3228390016,0223,0,FI
13238582,3228390016,0223,0,EX
11479705,3228390016,0221,5,01
11479705,3228390016,0221,6,02
11479705,3228390016,0221,6,FI
11479705,3228390016,0222,4,01
13316624,3228390016,0222,6,EX
13316624,3228390016,0156,4,02
10517185,3228390016,0223,4,01
10517185,3228390016,0223,0,02
13458659,3228390016,1709,0,EX
13458659,3228390016,0223,0,01
13458659,3228390016,0221,0,02
13458659,3228390016,0222,0,01
12875318,3228390016,0225,8,01
12875318,3228390016,0221,8,FI
12875318,3228390016,0156,8,FI
11034534,3228390016,1709,0,02
13006056,3228390016,0222,0,02
10675115,3228390016,0223,4,01
10459081,3228390016,0225,0,02
10459081,3228390016,0225,0,01
10459081,3228390016,0156,0,02
12736802,3228390016,0225,0,EX
12576881,3228390016,1709,0,02
12576881,3228390016,0223,0,02
12576881,3228390016,0221,0,01
12576881,3228390016,0222,0,02
11323147,3228390016,0221,0,FI
11847570,3228390016,0225,0,02
11847570,3228390016,0225,0,01
11847570,3228390016,0225,0,EX
11847570,3228390016,0223,0,EX
10762386,3162077488,1228,9,01
10766806,3162077488,CV0002,7,01
10766806,3162077488,1227,8,01
10766806,3162077488,1228,9,FI
10776722,3162077488,1227,0,EX
10776722,3162077488,1234,2,FI
10932819,3162077488,1227,8,FI
11667242,3162077488,1234,7,FI
11744036,3162077488,1230,9,FI
11744036,3162077488,1235,8,FI
10791133,3162077488,CV0002,7,01
12907793,3162077488,1234,8,FI
10909605,3162077488,1227,8,01
10761942,3162077488,CV0002,7,FI
10761942,3162077488,1228,9,FI
10889204,3162077488,1230,5,01
10889204,3162077488,1235,6,01
10897205,3162077488,1230,8,01
10897205,3162077488,1234,6,01
10858044,3162077488,CV0002,7,FI
10858044,3162077488,1228,6,FI
10852104,3162077488,CV0002,7,FI
10852104,3162077488,1227,3,01
10887844,3162077488,1235,7,01
10895114,3162077488,1227,8,FI
10895114,3162077488,1228,8,FI
10895114,3162077488,1234,7,FI
10895114,3162077488,1235,8,01
10920099,3162077488,CV0002,9,01
12932662,3162077488,1235,9,FI
10718886,3162077600,1110,8,FI
10718081,3162077600,CV0004,7,01
10718081,3162077600,1009,6,FI
10427109,3162077600,1007,0,FI
10427109,3162077600,1008,0,FI
10427109,3162077600,1009,0,FI
10427109,3162077600,1110,0,FI
10826692,3162077600,1110,9,FI
10690358,3162077600,1012,6,PO
10584902,3162077600,CV0004,4,01
10584902,3162077600,1009,5,01
10584902,3162077600,1012,8,PO
10707845,3162077600,1009,7,01
10707845,3162077600,1109,8,01
10375121,3162077600,1007,8,FI
10375121,3162077600,1011,8,FI
10375121,3162077600,1109,7,01
10375121,3162077600,1109,7,FI
10689153,3162077600,CV0004,7,01
10689153,3162077600,1012,6,PO
10795882,3162077600,1009,6,FI
10833265,3162077600,1009,8,01
10833265,3162077600,1011,9,FI
10833265,3162077600,1109,9,FI
10768351,3162077600,1011,9,01
10768351,3162077600,1109,9,FI
10768351,3162077600,1110,8,01
10270640,3162077600,CV0004,0,01
12719809,3162077600,1009,7,01
12719809,3162077600,1011,10,FI
10737190,3162077600,1110,9,01
10426520,3162077600,1007,10,01
10426520,3162077600,1011,9,FI
10432949,3162077600,1008,7,01
10820754,3162077600,1109,7,01
10820754,3162077600,1110,8,01
10820754,3162077600,1012,6,PO
10466022,3162077600,1011,8,01
10466022,3162077600,1109,7,FI
10466022,3162077600,1110,8,01
10723795,3162077600,1008,9,01
10723795,3162077600,1109,8,01
10723795,3162077600,1013,0,FO
10279046,3162077600,1109,6,01
13282254,3162077600,1008,6,FI
13282254,3162077600,1012,6,PO
10698475,3162077600,1110,8,01
10792793,3162077600,1007,9,FI
10532574,3162077600,CV0004,0,01
10532574,3162077600,1009,0,01
10532574,3162077600,1011,0,FI
10532574,3162077600,1012,0,PE
13040510,3162077600,1110,0,FI
11318428,3162077600,1008,8,FI
11318428,3162077600,1009,9,01
11318428,3162077600,1011,9,FI
11318428,3162077600,1110,9,FI
13243061,3162077600,1007,8,FI
10690015,3162077600,CV0004,8,01
10690015,3162077600,1109,8,FI
10378770,3162077600,1109,0,01
10378770,3162077600,1110,0,EX
13249466,3162077600,1007,10,01
13249466,3162077600,1008,9,01
12424432,3162077600,1110,9,01
12424432,3162077600,1110,9,FI
10375621,3162077600,1109,8,FI
11502177,3162077600,1007,9,01
11502177,3162077600,1012,8,PO
10809481,3162077600,1007,9,FI
10809481,3162077600,1110,8,FI
10809481,3162077600,1012,7,PO
10809481,3162077600,1013,0,FO
12735439,3162077600,1009,9,FI
12735439,3162077600,1011,10,01
12300236,3162077600,1007,6,FI
12300236,3162077600,1011,6,01
10451295,3162077600,1011,9,01
10803572,3162077600,1008,8,01
10803572,3162077600,1110,8,FI
10278035,3162077600,1009,0,01
13242370,3162077600,1110,7,01
10259264,3162077600,1008,9,FI
10259264,3162077600,1110,10,FI
10354121,3162077600,CV0004,4,01
10354121,3162077600,1008,5,01
10354121,3162077600,1009,3,01
10691616,3162077600,1009,3,01
10691616,3162077600,1009,8,FI
10691616,3162077600,1109,7,FI
10691616,3162077600,1013,0,FO
10296770,3162077600,1008,7,01
13242369,3162077600,1008,4,FI
13242369,3162077600,1011,0,EX
10017290,3162077600,1011,9,01
10318925,3162077600,1008,7,FI
10318925,3162077600,1110,7,01
10792522,3162077600,1008,0,01
10792522,3162077600,1009,6,FI
10123639,3162077600,1013,0,PE
10804683,3162077551,0827,7,FI
10804683,3162077551,0822,8,FI
10397145,3162077551,0825,9,FI
10397145,3162077551,0823,9,FI
10752122,3162077551,CV0004,7,FI
10752122,3162077551,0830,0,FO
10808796,3162077551,0827,7,FI
10808796,3162077551,0822,9,01
10808796,3162077551,0826,7,01
13288467,3162077551,CV0004,7,01
13288467,3162077551,0823,8,FI
13288467,3162077551,0824,4,01
10243788,3162077551,0828,5,PO
10713535,3162077551,0825,6,FI
10700138,3162077551,0823,8,01
10700138,3162077551,0823,8,FI
10700138,3162077551,0826,6,01
10323951,3162077551,0822,7,FI
10729579,3162077551,0825,9,01
10729579,3162077551,0825,9,FI
10729579,3162077551,0823,9,01
10729579,3162077551,0826,8,FI
10770133,3162077551,0825,3,01
10706042,3162077551,CV0004,8,01
10706042,3162077551,0825,3,01
13288446,3162077551,0827,9,FI
10819055,3162077551,0823,7,01
10748318,3162077551,CV0010,1,FI
13293379,3162077551,0827,7,01
10809450,3162077551,0823,9,FI
10809450,3162077551,CV0010,0,FI
10758378,3162078584,243265,9,01
10699142,3162078584,243266,0,01
10699142,3162078584,243264,7,FI
13446594,3162078584,243265,9,01
13446594,3162078584,243265,10,02
13446594,3162078584,243264,4,01
13448029,3162078584,243265,9,02
13448029,3162078584,243267,10,FI
11066151,3162078584,243266,6,01
11066151,3162078584,243264,8,FI
10698470,3162078584,243265,9,01
10698470,3162078584,243264,9,02
10347923,3162078584,243265,10,FI
10347923,3162078584,243267,10,01
10347923,3162078584,243266,10,FI
10675598,3162078584,243264,4,02
13447274,3162078584,243265,9,FI
13447274,3162078584,243266,9,02
13447274,3162078584,243266,10,FI
13447284,3162078584,243267,8,FI
13035877,3162078584,243267,10,01
13035877,3162078584,243267,10,02
10699108,3162078584,243264,6,01
13467527,3162078584,243267,4,02
13467527,3162078584,243267,7,FI
13467527,3162078584,243266,8,02
13467527,3162078584,243266,8,FI
13467527,3162078584,243264,7,FI
10287348,3162078584,243266,7,01
10287348,3162078584,243264,8,FI
13475004,3162078584,243267,10,FI
13475004,3162078584,243266,8,01
11316049,3162078584,243265,9,01
11316049,3162078584,243265,9,FI
11316049,3162078584,243266,9,FI
13250043,3162078584,243266,0,01
13250043,3162078584,243264,0,02
11316053,3162078584,243266,8,01
11316053,3162078584,243266,9,FI
11316053,3162078584,243264,9,02
10869145,3162078584,243265,9,01
10814418,3162078584,243266,7,FI
10862205,3162078584,243264,9,FI
10705571,3162078584,243265,9,FI
10515204,3162078591,243270,4,01
10645661,3162078591,243271,7,01
10697595,3162078591,243602,9,01
10709718,3162078591,243270,7,FI
10714036,3162078591,243604,7,01
10499298,3162078591,243271,8,FI
10723900,3162078591,243270,9,01
10610021,3162078591,243271,8,01
10610021,3162078591,243270,10,FI
10689283,3162078591,243271,9,FI
10242875,3162078591,243604,9,FI
10850218,3162078591,243604,7,01
10850218,3162078591,243270,9,01
10697823,3162078591,243271,8,FI
10862844,3162078591,243602,7,01
10697613,3162078591,243604,10,FI
10711820,3162078591,243601,0,FO
10507995,3162076035,0181,0,FO
10507995,3162076035,0184,0,FO
10507995,3162076035,0178,8,01
10507995,3162076035,0178,6,FI
11186762,3162076035,0178,0,FI
10466089,3162076035,0181,5,PO
13263308,3162076035,0180,8,FI
13263308,3162076035,0183,5,FI
13263308,3162076035,0176,4,01
11568873,3162076035,0184,0,FO
11568873,3162076035,0183,6,FI
11568873,3162076035,0175,7,01
10742422,3162076035,0175,6,01
10742422,3162076035,0175,6,FI
10805336,3162076035,0183,6,01
10487908,3162076035,0181,5,PE
10487908,3162076035,0175,9,FI
13245158,3162076035,0184,0,FO
10814531,3162076035,0184,0,FO
10814531,3162076035,0183,9,FI
10838901,3162076035,0183,6,FI
10581335,3162076035,0175,9,01
10713910,3162076035,0181,4,PO
10713910,3162076035,0176,7,FI
10706770,3162076035,0181,4,PO
10706770,3162076035,0181,6,PE
10706770,3162076035,0183,6,01
10849475,3162076035,0180,8,01
10849475,3162076035,0176,7,01
10468091,3162076035,CV0004,8,01
10468091,3162076035,CV0004,9,FI
10468091,3162076035,0181,6,PE
10420918,3162076035,0180,8,01
10420918,3162076035,0180,7,FI
10420918,3162076035,0176,8,FI
10420918,3162076035,0175,7,FI
12452324,3162076035,0176,0,FI
12452324,3162076035,0175,0,01
13097118,3162076035,0181,6,PE
10392821,3162076035,0181,7,PE
10392821,3162076035,0178,6,01
10392821,3162076035,0175,9,01
13249462,3162076035,0180,8,01
13249462,3162076035,0183,9,FI
13249462,3162076035,0175,9,01
12730900,3162076035,CV0004,0,01
10301350,3162076035,0181,7,FO
10301350,3162076035,0178,8,FI
10264508,3162076035,0181,0,PO
10264508,3162076035,0175,0,EX
10411178,3162076098,0398,9,FI
10282475,3162076098,0180,4,01
10675919,3162076098,0398,8,FI
10675919,3162076098,0397,9,FI
10513851,3162076098,0398,6,FI
10305439,3162076098,0180,0,01
10305439,3162076098,0397,9,01
10305439,3162076098,0397,8,FI
10699672,3162076098,0398,8,FI
10677163,3162076098,0398,8,FI
10677163,3162076098,0400,6,PE
10677163,3162076098,0397,8,01
10707825,3162076098,CV0004,4,FI
10837523,3162076098,0400,5,PE
11264068,3162076035,0180,8,FI
10675919,3162076098,0403,0,FO
10837553,3162076098,0403,0,FO
10699672,3162076098,0180,4,FI
13456089,3162076098,0403,0,FO
10803272,3162076098,0403,0,FE
10778000,3162076098,0403,0,FE
10707891,3162079713,0443,5,EX
10416752,3162079713,0451,0,FO
12731696,3162079713,0451,0,FO
13263684,3162079713,0451,0,FO
11569044,3162079713,0451,0,FO
10442321,3162079713,0448,0,FI
10323662,3162079713,0448,0,FI
10325396,3162079713,0448,6,FI
13459444,3162079713,0448,0,FI
11479322,3162079713,0448,0,FI
11402624,3162079713,0448,4,FI
12853739,3162079713,0448,6,FI
10967233,3162079790,0657,10,PO
11319435,3162079790,0657,10,PO
11158088,3162079790,0653,0,FI
11246656,3162079790,0653,0,FI
10327143,3162079790,0653,0,FI
12685301,3162079790,0653,0,FI
12731503,3162079790,0653,0,FI
13242362,3162079790,0655,6,EX
11430890,3162079860,5023,8,FI
12874164,3162079860,5023,10,FI
10304881,3162079874,5074,0,EX
10837507,3162079874,5074,0,EX
10403933,3162079874,5074,0,EX
10841155,3162079874,5074,0,EX
10676228,3162080071,0379,7,PE
10634348,3162080071,0379,9,PE
10832097,3162080071,0376,3,EX
10748092,3162080071,0376,5,EX
10832097,3162080071,0374,4,01
10332972,3162080071,0374,10,01
10611327,3162080071,0374,9,01
10500950,3162080071,0374,3,01
10687382,3162080071,0377,7,EX
12040403,3162079993,0486,8,FI
10307929,3162079993,0486,9,FI
13038149,3162079993,0494,6,FI
12636390,3162079993,0494,9,FI
10364384,3162079993,0494,8,FI
10323451,3162079993,0494,5,FI
10279375,3162079957,0619,0,FO
13294635,3162079957,0618,8,FI
10730670,3162079957,0618,10,FI
10657057,3162079957,0615,0,EX
10711791,3162079957,0615,0,EX
10657057,3162079957,0612,0,EX
10837080,3162079936,0231,0,FO
10390554,3162079936,0231,0,FO
13250561,3162079936,0230,0,EX
10786265,3162075418,028601,0,F2
10859549,3162075539,1377,8,FI
12739203,3162075539,1371,9,FI
10817396,3162075539,CV0004,9,01
10840138,3228404816,0649,4,FI
10677900,3228404816,1709,7,02
10819061,3228404816,1709,9,02
10615771,3228404816,0651,0,FI
10737949,3228413080,0373,7,FI
10678320,3228415772,1709,7,01
10742238,3228415772,1709,5,01
10546650,3228415772,1709,8,01
10714135,3228415772,1709,4,01
11805803,3228379385,0156,9,FI
11666166,3228379385,1709,7,FI
13459588,3228379385,0437,0,02
13459361,3228379385,0437,9,02
10510136,3228406931,1012p,0,FI
10709557,3228406931,1012p,0,FI
10852161,3228406931,0623,9,FI
10397687,3228406931,1012p,6,EX
10824614,3228406931,1012p,5,EX
10852107,3228406931,1012p,0,FI
10918602,3228406931,1012p,9,02
10754604,3228406931,0930,7,FI
10630363,3228406931,0930,6,FI
10742994,3228406545,0179,8,01
10711954,3228406545,0622,5,01
10392181,3228410748,0173,6,FI
10664803,3228410748,0172,0,EX
10691269,3228410748,0181p,0,EX
10506040,3228410748,0181p,0,EX
10509253,3228410748,0181p,0,EX
13455012,3228410892,0179,0,02
10678997,3228410892,0384,0,EX
13455012,3228410892,0384,4,EX
10514139,3228410892,0173,9,01
10654915,3228381273,1231,0,01
10812899,3228390016,0225,5,EX
10762391,3228390016,0225,0,EX
10718886,3162077600,1008,6,FI
10427109,3162077600,1008,0,EX
12630557,3162077600,1008,0,EX
10434495,3162077600,1008,0,EX
10664778,3162077600,CV0004,5,EX
10636290,3162077600,1008,4,EX
10354121,3162077600,CV0004,8,EX
10404684,3162077600,CV0004,0,EX
13460322,3162077600,CV0004,0,EX
10382660,3162077600,1012,6,P1
10645661,3162078591,243601,0,FJ
10267575,3162076035,0178,0,EX
11921786,3162076035,CV0004,5,FI
10675919,3162076098,0180,8,FI
10513851,3162076098,0180,2,FI
10513851,3162076098,0180,4,EX
10305439,3162076098,0180,4,EX
10707825,3162076098,0180,4,EX
13127380,3162076098,0180,0,EX
10793477,3162079713,0448,4,01
10308441,3162079713,CV0002,0,EX
11738860,3162079713,CV0002,0,EX
10852355,3162079790,0660,0,FO
12636620,3162079993,0489,0,EX
13459614,3162079993,0489,0,EX
10664873,3162079993,0495,0,F2
10254372,3162079993,0495,0,F2
10279375,3162079957,0614,5,FI
10392051,3162079957,0614,3,FI
10344575,3162079936,0224,5,FI
12571287,3162079957,0616,9,P1
10442635,3162075411,028100,0,EX
13255314,3162075418,028601,0,F2
10476696,3162075418,028601,0,F3
11237080,3162075418,028601,0,F3
11572959,3162075418,028601,0,F3
13245317,3162075418,028601,0,F2
10822528,3162075539,1372,8,FI
10698052,3162075539,1374,5,EX
10776959,3162075539,1373,0,EX
12826253,3162075539,1375,6,P1
10845796,3162075539,1374,5,EX
13075443,3228404816,1709,7,FI
10961892,3228404816,0649,4,FI
10780784,3228404816,0649,4,FI
10679723,3228404816,0649,6,FI
10679695,3228404816,0649,4,EX
11898422,3228413382,0483,0,EX
13476760,3228404816,0651,3,01
10129831,3228404816,0650,8,01
10546650,3228415772,0179,8,02
11805803,3228379385,0441,10,FI
11415744,3228379385,1709,7,02
10394837,3228379385,1709,6,02
12673295,3228379385,0438,0,FI
10420824,3228379385,1709,6,01
13459361,3228379385,1709,4,02
10824007,3228406931,0179,4,FI
10764144,3228406931,0179,4,FI
10630337,3228406931,0179,4,FI
10807830,3228406931,1012p,8,FI
10807830,3228406931,0931,7,FI
11567443,3228410748,0177,8,FI
13454999,3228410892,1709,7,EX
10678997,3228410892,0179,0,EX
12912453,3228410892,0179,4,EX
10648909,3228381273,1709,4,02
10718081,3162077600,1008,8,FI
10532574,3162077600,1011,0,EX
10532574,3162077600,1109,0,EX
10259264,3162077600,1110,9,01
10354121,3162077600,1110,4,EX
10123639,3162077600,1012,0,PE
10869145,3162078584,243267,9,FI
10242875,3162078591,243271,9,EX
11921786,3162076035,0180,8,01
10264508,3162076035,CV0004,0,EX
10707825,3162076098,CV0004,8,EX
10803272,3162076098,0399,8,FI
12468964,3162076098,CV0004,9,FI
12468964,3162076098,0399,6,FI
10700883,3162076098,0400,5,PO
10700883,3162076098,0397,8,01
10778000,3162076098,0180,7,01
10778000,3162076098,0400,6,PO
12398431,3162076098,0397,9,FI
10691269,3162076098,0398,4,01
13456089,3162076098,0180,0,01
13456089,3162076098,0400,0,PO
13456089,3162076098,0397,4,01
13456089,3162076098,0397,8,FI
12561996,3162076119,0388,0,PO
10506040,3162076119,0388,0,PO
10321371,3162076119,0388,4,PO
10664986,3162076119,0180,9,FI
10664986,3162076119,0388,0,PO
10664986,3162076119,0387,7,01
11632133,3162076119,CV0004,8,FI
10690446,3162076119,0180,8,01
10690446,3162076119,0387,8,FI
10696634,3162076119,0180,9,01
10696634,3162076119,0386,9,FI
12058330,3162076119,0180,4,01
12058330,3162076119,0390,7,01
12058330,3162076119,0391,0,FO
12058330,3162076119,0386,7,01
10742990,3162076119,0388,9,PO
10742990,3162076119,0390,9,FI
12852892,3162076119,0388,8,PO
10428047,3162076119,0388,0,PO
10041748,3162076119,CV0004,0,01
10277303,3162076119,0386,7,01
10486936,3162076119,0388,8,PO
10610383,3162076119,0387,7,01
10610383,3162076119,0386,8,FI
10377321,3162076119,0388,0,PO
10377321,3162076119,0391,0,FO
12734916,3162076119,0385,3,FI
12734916,3162076119,0385,0,EX
12734916,3162076119,0386,0,FI
10887591,3162079713,0448,8,FI
10857947,3162079713,0443,5,FI
10857947,3162079713,0451,0,FO
10887591,3162079713,0451,0,FO
10840996,3162079713,CV0002,8,FI
10888026,3162079713,0442,8,01
11802825,3162079713,0443,6,FI
10899530,3162079713,0443,5,FI
10899530,3162079713,0442,7,FI
12890835,3162079713,0442,7,01
12890835,3162079713,0448,6,FI
10707891,3162079713,0446,5,01
10688886,3162079713,0446,7,01
10688886,3162079713,0448,7,FI
10924358,3162079713,CV0002,6,FI
10924358,3162079713,0443,6,FI
10798521,3162079713,0448,7,FI
10657315,3162079713,0446,10,FI
12788547,3162079713,0443,7,01
10793462,3162079713,CV0002,7,01
10793462,3162079713,0446,8,FI
10793462,3162079713,0442,7,FI
10793462,3162079713,0448,4,01
10793462,3162079713,0448,7,FI
13116617,3162079713,CV0002,6,FI
13116617,3162079713,0443,8,FI
12424801,3162079713,0442,6,01
12424801,3162079713,0442,7,FI
10431853,3162079713,CV0002,7,01
10431853,3162079713,0446,9,01
10431853,3162079713,0442,8,01
10431853,3162079713,0448,7,FI
10416752,3162079713,CV0002,0,FI
10416752,3162079713,0442,7,FI
10416752,3162079713,0448,3,FI
11738860,3162079713,0443,0,FI
10325396,3162079713,0442,7,FI
12731696,3162079713,0442,9,FI
10442321,3162079713,0446,0,01
11780432,3162079713,CV0002,5,01
11780432,3162079713,CV0002,6,FI
11780432,3162079713,0448,7,FI
12380827,3162079713,0446,3,EX
10940185,3162079713,CV0002,5,01
10940185,3162079713,0443,7,FI
10940185,3162079713,0442,8,01
11800476,3162079713,0446,0,01
11240615,3162079713,0442,0,01
12116573,3162079713,CV0002,8,01
12116573,3162079713,CV0002,9,FI
12116573,3162079713,0446,6,FI
12116573,3162079713,0442,8,01
10991644,3162079713,0442,8,FI
10991644,3162079713,0448,7,FI
13459444,3162079713,CV0002,0,EX
10323662,3162079713,0446,5,EX
11402624,3162079713,0448,6,EX
10728710,3162079713,0442,0,01
12839405,3162079713,0446,0,FI
12839405,3162079713,0442,9,FI
11349452,3162079713,0446,8,01
13263684,3162079713,0442,10,01
12832437,3162079713,CV0002,5,FI
12832437,3162079713,0446,9,01
12853739,3162079713,CV0002,6,FI
10264521,3162079713,0448,7,FI
10735143,3162079790,0655,0,01
10653326,3162079790,0657,9,P1
11230530,3162079790,0657,8,PE
10283468,3162079790,0653,4,01
10283468,3162079790,0653,4,FI
10852355,3162079790,0657,0,PO
10852355,3162079790,0652,5,FI
10835661,3162079790,0654,6,01
12840433,3162079790,0654,4,01
11837806,3162079790,0655,7,FI
11837806,3162079790,0657,5,PO
11837806,3162079790,0654,4,01
10657739,3162079790,0656,6,01
10679661,3162079790,0654,4,01
10437711,3162079790,CV0004,10,01
10509826,3162079790,0655,7,FI
10509826,3162079790,0656,7,01
11262097,3162079790,0657,5,PE
11262097,3162079790,0656,6,01
12839144,3162079790,0656,0,FI
10679690,3162079790,CV0004,7,FI
10679690,3162079790,0654,6,01
10743003,3162079790,0657,6,PO
10743003,3162079790,0656,4,01
13235855,3162079790,CV0004,8,01
13235855,3162079790,0655,8,FI
13235855,3162079790,0660,0,FO
13235855,3162079790,0654,10,01
10652411,3162079790,0657,6,PO
10515573,3162079790,0655,0,FI
10515573,3162079790,0655,0,EX
10515573,3162079790,0652,4,01
10515573,3162079790,0653,0,EX
11825237,3162079790,0654,4,FI
10862522,3162079790,CV0004,8,FI
10792061,3162079790,0655,8,01
10792061,3162079790,0653,8,FI
10792061,3162079790,0656,5,01
10699015,3162079790,0655,6,01
10699015,3162079790,0652,4,01
10699015,3162079790,0653,4,01
10699015,3162079790,0656,6,01
10699015,3162079790,0654,2,FI
10829023,3162079790,CV0004,8,01
10829023,3162079790,0655,8,01
10829023,3162079790,0653,4,01
10829023,3162079790,0653,8,FI
10707732,3162079790,0655,8,01
10707732,3162079790,0660,0,FO
10707732,3162079790,0654,7,FI
13245586,3162079790,0656,8,FI
13245586,3162079790,0654,9,FI
10819298,3162079790,CV0004,8,FI
10819298,3162079790,0655,7,01
11144559,3162079790,0655,10,01
13246215,3162079790,CV0004,8,01
11335638,3162079790,CV0004,5,FI
11335638,3162079790,0657,5,PO
11335638,3162079790,0656,6,01
10689191,3162079790,0654,10,01
12739273,3162079790,0654,7,FI
11409670,3162079790,CV0004,0,EX
11409670,3162079790,0656,0,FI
11409670,3162079790,0656,0,EX
13320897,3162079790,0656,9,01
11158088,3162079790,0652,0,01
11158088,3162079790,0654,0,FI
12731205,3162079790,0656,7,FI
12568905,3162079790,0652,0,EX
10816926,3162079790,0655,4,FI
10816926,3162079790,0652,0,01
10816926,3162079790,0653,5,01
13248595,3162079790,0653,7,01
12020369,3162079790,0653,5,01
13527455,3162079790,0653,9,FI
11875204,3162079790,0655,0,EX
11875204,3162079790,0654,7,01
10474558,3162079790,0653,8,01
10474558,3162079790,0654,3,01
13298754,3162079790,CV0004,0,FI
13298754,3162079790,0655,0,01
13298754,3162079790,0654,0,01
10283680,3162079790,CV0004,0,01
10283680,3162079790,0652,0,EX
10283680,3162079790,0653,0,01
12567860,3162079790,CV0004,8,01
10454503,3162079790,0655,0,FI
10279159,3162079790,0652,3,01
10279159,3162079790,0653,7,01
10279159,3162079790,0656,4,01
10279159,3162079790,0656,0,FI
10279159,3162079790,0654,6,FI
12685301,3162079790,0655,0,01
12685301,3162079790,0654,0,01
12685301,3162079790,0654,0,EX
11246656,3162079790,0656,9,01
13457203,3162079790,0652,6,01
11553064,3162079790,0652,6,01
11553064,3162079790,0656,9,01
11553064,3162079790,0656,8,FI
11553064,3162079790,0660,0,FO
11553064,3162079790,0654,6,01
10416763,3162079790,0653,0,01
10416763,3162079790,0653,0,EX
10416763,3162079790,0656,0,EX
10416763,3162079790,0654,0,FI
10427669,3162079790,0657,6,PO
10730130,3162079790,0655,5,01
10730130,3162079790,0654,2,01
11170823,3162079790,CV0004,0,EX
13038756,3162079790,CV0004,0,01
13038756,3162079790,0656,0,EX
13248215,3162079790,0655,3,01
13248215,3162079790,0655,4,FI
13248215,3162079790,0652,5,EX
13248215,3162079790,0654,0,01
11486847,3162079790,0655,5,FI
10323618,3162079790,0653,4,FI
10323618,3162079790,0654,3,FI
10327143,3162079790,0655,5,FI
10327143,3162079790,0652,8,EX
10083896,3162079790,0653,0,01
13242362,3162079790,0653,2,01
13242362,3162079790,0653,4,FI
10840651,3162079860,5021,10,01
10840651,3162079860,5025,10,FI
10840651,3162079860,5026,9,01
11263266,3162079860,5022,7,01
10809218,3162079860,5025,10,01
12724396,3162079860,5023,9,FI
10380889,3162079860,5025,7,FI
10517224,3162079860,5024,10,01
10517224,3162079860,5024,10,FI
10517224,3162079860,5025,10,01
10517224,3162079860,5026,9,01
10517224,3162079860,5026,10,FI
10740579,3162079860,5021,8,01
10740579,3162079860,5021,10,FI
10740579,3162079860,5023,9,01
10846791,3162079860,5022,9,FI
10846791,3162079860,5024,7,FI
11430890,3162079860,5022,5,01
10652552,3162079860,5024,9,FI
10810094,3162079860,5021,4,01
10810094,3162079860,5025,1,01
10810094,3162079860,5025,0,FI
10808794,3162079860,5023,9,FI
10808794,3162079860,5026,9,01
12874164,3162079860,5021,9,01
12874164,3162079860,5022,7,FI
12874164,3162079860,5024,10,FI
10678728,3162079860,5023,8,FI
10799062,3162079874,5073,6,01
10799062,3162079874,5074,8,01
10736698,3162079874,5072,6,01
10736698,3162079874,5074,9,01
10328167,3162079874,5074,0,FI
10328167,3162079874,5074,0,EX
10841155,3162079874,5073,0,FI
10841155,3162079874,5075,0,FI
10832732,3162079874,5074,10,01
10832732,3162079874,5074,9,FI
10832732,3162079874,5075,8,01
10294470,3162079874,5073,0,01
10294470,3162079874,5074,0,EX
10481669,3162079874,5073,7,01
10481669,3162079874,5074,8,01
10747327,3162079874,5073,9,01
10304881,3162079874,5075,0,FI
11502777,3162079874,5072,9,FI
11502777,3162079874,5074,10,FI
10726154,3162079874,5073,7,01
10516191,3162079874,5072,9,FI
10837507,3162079874,5072,0,FI
10837507,3162079874,5074,0,FI
10405270,3162079874,5072,0,01
10405270,3162079874,5073,0,EX
10405270,3162079874,5075,0,EX
10403933,3162079874,5074,0,01
10403933,3162079874,5075,0,FI
12923163,3162079874,5073,8,FI
12068421,3162079874,5073,9,FI
10837451,3162080071,0378,8,01
10837451,3162080071,0375,4,01
10837451,3162080071,0376,9,01
10837451,3162080071,0374,8,FI
11635385,3162080071,0378,7,01
11635385,3162080071,0382,0,FO
10707778,3162080071,0378,4,01
10707778,3162080071,0378,0,FI
10707778,3162080071,0374,0,EX
10855729,3162080071,0381,8,01
10855729,3162080071,0382,0,FO
10611327,3162080071,0379,0,PE
10611327,3162080071,0378,10,FI
11242377,3162080071,CV0004,8,FI
11242377,3162080071,0376,7,EX
10267085,3162080071,0377,6,01
10267085,3162080071,0374,8,01
10707901,3162080071,0377,8,FI
10707901,3162080071,0376,7,FI
10707901,3162080071,0374,9,01
10832107,3162080071,CV0004,9,FI
10679688,3162080071,0377,3,01
10679688,3162080071,0377,7,FI
10707654,3162080071,0377,5,01
10676228,3162080071,0375,6,01
10676228,3162080071,0375,9,FI
10837560,3162080071,CV0004,7,01
10837560,3162080071,0381,7,01
10837560,3162080071,0378,8,FI
10837560,3162080071,0377,5,01
10837560,3162080071,0377,7,FI
10864476,3162080071,0381,7,01
10864476,3162080071,0379,9,PE
10864476,3162080071,0378,6,01
10864476,3162080071,0375,8,FI
10332972,3162080071,0378,9,FI
10332972,3162080071,0375,8,01
10332972,3162080071,0376,8,FI
12722174,3162080071,0377,5,01
12722174,3162080071,0374,8,01
13257199,3162080071,0377,9,FI
10634348,3162080071,0377,6,01
10634348,3162080071,0374,7,01
10963354,3162080071,0375,10,FI
10748092,3162080071,0378,3,FI
10748092,3162080071,0378,2,EX
10691654,3162080071,0382,0,FO
10691654,3162080071,0376,7,01
10691654,3162080071,0374,8,01
10687382,3162080071,0381,8,FI
10687382,3162080071,0374,7,FI
10500950,3162080071,0375,0,01
10500950,3162080071,0377,5,FI
10711859,3162080071,0378,0,01
10293307,3162079993,CV0004,8,01
13248857,3162079993,0490,0,FI
10679671,3162079993,0486,7,01
10364384,3162079993,0490,9,01
10364384,3162079993,0490,10,FI
10364384,3162079993,0488,10,01
10364384,3162079993,0486,10,FI
10525745,3162079993,0490,7,01
10437714,3162079993,CV0004,0,FI
10437714,3162079993,0488,0,FI
13459614,3162079993,0488,0,EX
12040403,3162079993,0490,7,01
12040403,3162079993,0489,7,01
11400429,3162079993,0491,8,01
11400429,3162079993,0491,7,FI
11400429,3162079993,0490,2,01
11400429,3162079993,0488,6,FI
10279313,3162079993,0488,0,01
10640914,3162079993,0491,7,FI
10640914,3162079993,0490,8,FI
10905913,3162079993,0489,0,EX
10905913,3162079993,0488,0,01
13245900,3162079993,0490,7,01
13038149,3162079993,0490,7,FI
13038149,3162079993,0488,8,01
13038149,3162079993,0486,10,FI
12735228,3162079993,0490,7,FI
10277644,3162079993,0491,0,EX
10307929,3162079993,0490,4,FI
11904882,3162079993,0494,5,01
12636390,3162079993,CV0004,5,01
12636390,3162079993,CV0004,5,FI
12636390,3162079993,0491,8,FI
10965828,3162079993,0489,5,01
10635824,3162079993,0490,4,FI
10635824,3162079993,0486,9,FI
10279375,3162079957,0615,7,FI
10279375,3162079957,0612,5,FI
10666129,3162079957,0614,6,01
10666129,3162079957,0612,9,FI
10837069,3162079957,0616,9,PO
10837069,3162079957,0614,8,01
10837069,3162079957,0614,8,FI
10736098,3162079957,CV0004,8,01
10254986,3162079957,0618,9,01
10679677,3162079957,0614,6,EX
10201417,3162079957,0614,8,FI
10201417,3162079957,0613,9,FI
10730670,3162079957,0615,10,FI
10820972,3162079957,0616,10,PO
10820972,3162079957,0614,10,FI
12736124,3162079957,0619,0,FO
12736124,3162079957,0616,10,PO
10663063,3162079957,0618,9,01
10489583,3162079957,0616,10,PO
13294635,3162079957,0613,10,FI
11736342,3162079957,0615,9,01
10817332,3162079957,CV0004,7,FI
10817332,3162079957,0615,7,FI
10657057,3162079957,CV0004,4,01
10657057,3162079957,0614,4,FI
10657057,3162079957,0613,1,01
10027669,3162079936,0228,0,FI
10027669,3162079936,0224,0,01
10027669,3162079936,0224,0,FI
10910799,3162079936,0228,9,01
10910799,3162079936,0226,8,01
10906556,3162079936,CV0002,5,FI
10912321,3162079936,0230,10,FI
10912321,3162079936,0224,9,01
10912321,3162079936,0227,10,FI
10837080,3162079936,0228,9,FI
10819052,3162079936,0231,0,FO
10888617,3162079936,0230,9,FI
10888617,3162079936,0224,6,01
10892259,3162079936,CV0002,6,01
10892259,3162079936,0224,5,01
10892259,3162079936,0227,7,FI
10911129,3162079936,0226,5,01
10911373,3162079936,0230,9,FI
10911373,3162079936,0227,7,01
10789656,3162079936,0228,7,01
10789656,3162079936,0226,8,01
10909591,3162079936,0230,8,01
10017433,3162079936,CV0002,8,01
10895404,3162079936,0230,10,FI
10679666,3162079936,0227,0,EX
11825745,3162079936,0228,0,FI
11825745,3162079936,0227,0,01
10344575,3162079936,CV0002,4,01
10344575,3162079936,0230,7,01
10344575,3162079936,0230,8,FI
10344575,3162079936,0224,5,01
12636621,3162079936,CV0002,7,01
12636621,3162079936,0226,9,FI
10427584,3162079936,0227,9,FI
13250561,3162079936,0228,0,FI
13250561,3162079936,0224,0,FI
13250561,3162079936,0227,0,01
10416745,3162079936,0226,0,EX
10978459,3162079936,CV0002,0,01
10978459,3162079936,0226,0,EX
10793625,3162075411,028502,8,02
10793625,3162075411,028505,7,FI
10793625,3162075411,028503,8,01
10793625,3162075411,028503,8,FI
10260898,3162075411,028504,8,01
10260898,3162075411,028504,9,FI
10260898,3162075411,028505,7,01
10260898,3162075411,028001,7,02
12921679,3162075411,028502,7,01
12921679,3162075411,028505,4,01
12921679,3162075411,028001,6,01
12921679,3162075411,028503,7,FI
12921679,3162075411,028501,7,01
12921679,3162075411,028501,7,FI
13452193,3162075411,028502,9,01
13452193,3162075411,028505,8,01
13452193,3162075411,028100,10,02
11572769,3162075411,028501,0,02
10767533,3162075411,028504,10,02
10767533,3162075411,028505,8,01
10471049,3162075411,028504,10,FI
10471049,3162075411,028505,9,01
10471049,3162075411,028505,9,02
10471049,3162075411,028505,9,FI
10471049,3162075411,028001,9,01
10471049,3162075411,028001,9,02
10471049,3162075411,028501,10,02
10471049,3162075411,028100,9,01
10464351,3162075411,028503,7,02
10892583,3162075411,028001,5,FI
10892583,3162075411,028503,4,01
10931651,3162075411,028501,7,FI
10783770,3162075411,028502,7,02
10783770,3162075411,028505,5,01
11006716,3162075411,028502,4,01
11006716,3162075411,028505,6,FI
11004261,3162075411,028504,7,01
11004261,3162075411,028001,8,FI
10333832,3162075411,028502,7,FI
10333832,3162075411,028503,6,FI
10901871,3162075411,028502,4,02
11001548,3162075411,028501,7,02
11001548,3162075411,028100,9,01
10409975,3162075411,028502,0,01
10409975,3162075411,028505,0,FI
10409975,3162075411,028001,0,02
10409975,3162075411,028100,0,01
13451031,3162075411,028504,3,FI
13451031,3162075411,028503,6,01
10428502,3162075411,028502,8,FI
10428502,3162075411,028505,4,01
10428502,3162075411,028505,6,02
12869703,3162075411,028502,4,FI
12869703,3162075411,028503,7,01
11176344,3162075411,028502,7,02
10824027,3162075411,028001,5,02
10824027,3162075411,028100,7,02
11025178,3162075411,028502,6,FI
11025178,3162075411,028504,5,01
11025178,3162075411,028001,8,02
11025178,3162075411,028501,5,FI
11025178,3162075411,028100,6,01
11025178,3162075411,028100,5,02
10358166,3162075411,028502,10,02
11318443,3162075411,028502,10,FI
11318443,3162075411,028504,10,02
11318443,3162075411,028503,9,FI
11318443,3162075411,028100,10,01
10906346,3162075411,028505,8,FI
10906346,3162075411,028001,8,01
10906346,3162075411,028100,10,01
10927446,3162075411,028001,9,01
10927446,3162075411,028501,8,02
10777684,3162075411,028504,10,02
10777684,3162075411,028505,6,FI
12941115,3162075411,028504,10,02
12941115,3162075411,028001,7,01
13246042,3162075411,028501,9,02
13156002,3162075411,028503,9,02
13156002,3162075411,028503,9,FI
10805472,3162075411,028504,4,FI
10805472,3162075411,028503,7,01
10926900,3162075411,028001,8,02
10926900,3162075411,028001,8,FI
10926900,3162075411,028100,9,01
13287506,3162075411,028504,10,02
13287506,3162075411,028505,8,02
13071991,3162075411,028504,7,02
11260593,3162075411,028504,0,EX
10895653,3162075411,028502,7,01
10895653,3162075411,028503,9,FI
10895653,3162075411,028501,9,02
10895653,3162075411,028100,9,02
10895653,3162075411,028100,9,FI
10698491,3162075411,028504,5,FI
10698491,3162075411,028001,6,FI
10698491,3162075411,028503,4,01
10698491,3162075411,028501,5,01
10698491,3162075411,028501,0,EX
13124409,3162075411,028504,6,02
13124409,3162075411,028001,8,FI
11328075,3162075411,028505,5,FI
10496467,3162075411,028502,8,FI
12879841,3162075411,028503,0,02
12879841,3162075411,028100,0,02
10924060,3162075411,028504,2,FI
10924060,3162075411,028505,8,FI
10924060,3162075411,028100,8,02
13456219,3162075411,028504,8,FI
13456219,3162075411,028503,10,FI
10906500,3162075411,028505,0,02
10906500,3162075411,028503,4,01
10906500,3162075411,028501,7,FI
11231768,3162075411,028504,0,02
11231768,3162075411,028504,0,FI
11231768,3162075411,028505,0,02
11231768,3162075411,028503,0,FI
10904182,3162075411,028504,10,02
10904182,3162075411,028504,9,FI
10904182,3162075411,028001,8,01
10904182,3162075411,028503,7,01
13458419,3162075411,028504,7,01
13458419,3162075411,028505,7,FI
13458419,3162075411,028503,9,FI
13458419,3162075411,028100,8,02
13458419,3162075411,028100,9,FI
11032717,3162075411,028504,9,FI
11032717,3162075411,028001,8,01
10446775,3162075411,028505,0,EX
10446775,3162075411,028100,0,02
10912191,3162075411,028502,4,02
13095949,3162075411,028505,4,02
13095949,3162075411,028501,8,01
13458439,3162075411,028504,10,01
13458439,3162075411,028504,10,FI
13458439,3162075411,028503,9,01
10718947,3162075411,028502,9,FI
10718947,3162075411,028505,7,FI
10718947,3162075411,028100,10,01
10251126,3162075411,028001,0,EX
10251126,3162075411,028503,0,EX
10251126,3162075411,028100,0,FI
11076555,3162075411,028502,0,02
11076555,3162075411,028504,0,FI
11076555,3162075411,028501,0,FI
10511909,3162075411,028504,0,01
10511909,3162075411,028001,0,01
10511909,3162075411,028501,0,FI
11321787,3162075411,028504,10,01
10705766,3162075411,028504,0,EX
10705766,3162075411,028001,0,FI
10705766,3162075411,028501,0,FI
10705766,3162075411,028100,0,FI
10705766,3162075411,028100,0,EX
13364778,3162075411,028100,9,01
13364778,3162075411,028100,9,FI
10244186,3162075411,028501,6,01
10244186,3162075411,028100,8,01
12151166,3162075411,028502,9,02
12151166,3162075411,028504,6,02
12151166,3162075411,028001,8,01
12151166,3162075411,028001,8,02
12151166,3162075411,028503,9,02
12151166,3162075411,028501,8,FI
10803834,3162075411,028504,7,01
10803834,3162075411,028505,4,FI
10803834,3162075411,028503,4,02
10803834,3162075411,028501,7,02
10442635,3162075411,028502,0,02
10442635,3162075411,028503,0,02
10442635,3162075411,028501,2,01
10442635,3162075411,028501,0,FI
10442635,3162075411,028501,0,EX
10442635,3162075411,028100,5,01
13514018,3162075411,028502,8,01
13514018,3162075411,028504,7,01
13514018,3162075411,028505,8,02
10913310,3162075411,028502,7,FI
10913310,3162075411,028001,5,02
10913310,3162075411,028503,7,FI
10913310,3162075411,028501,6,02
10913310,3162075411,028501,7,FI
10913310,3162075411,028100,7,02
11173156,3162075411,028504,7,FI
11173156,3162075411,028505,6,01
10894182,3162075411,028501,7,FI
10894182,3162075411,028100,9,FI
11013996,3162075411,028001,7,01
11013996,3162075411,028503,7,FI
11013996,3162075411,028501,9,02
13459090,3162075411,028504,9,02
13459090,3162075411,028503,10,01
10681066,3162075411,028502,9,01
10681066,3162075411,028504,8,FI
10384941,3162075411,028502,10,02
10384941,3162075411,028501,9,FI
10491541,3162075411,028503,10,02
10491541,3162075411,028501,8,01
12459446,3162075411,028504,7,02
11144881,3162075411,028504,4,01
11144881,3162075411,028001,6,FI
12510297,3162075411,028504,3,02
12510297,3162075411,028100,9,FI
10382918,3162075411,028505,4,FI
10382918,3162075411,028100,8,FI
12373449,3162075411,028503,9,01
12373449,3162075411,028100,7,FI
10241444,3162075411,028504,0,FI
10241444,3162075411,028504,0,EX
10241444,3162075411,028505,0,01
10241444,3162075411,028001,0,02
11664133,3162075411,028502,9,FI
11664133,3162075411,028504,10,02
11664133,3162075411,028001,7,02
11664133,3162075411,028503,8,02
11664133,3162075411,028503,8,FI
11664133,3162075411,028501,8,FI
10017418,3162075411,028501,7,02
11027241,3162075411,028504,9,02
11027241,3162075411,028503,8,01
11027241,3162075411,028100,10,02
13124410,3162075411,028502,9,02
13124410,3162075411,028504,3,02
13124410,3162075411,028505,4,02
13124410,3162075411,028505,7,FI
13124410,3162075411,028503,9,01
13124410,3162075411,028503,9,02
12877007,3162075411,028505,4,02
12877007,3162075411,028501,7,FI
10506539,3162075411,028504,9,01
10407717,3162075411,028504,0,01
10407717,3162075411,028504,0,02
10407717,3162075411,028001,0,01
12630701,3162075411,028502,9,01
12630701,3162075411,028503,10,FI
12630701,3162075411,028501,8,FI
12630701,3162075411,028100,8,FI
10388125,3162075411,028502,7,01
10388125,3162075411,028505,8,FI
10388125,3162075411,028501,0,01
10925235,3162075411,028001,0,EX
13365806,3162075411,028504,8,01
13365806,3162075411,028505,7,02
13365806,3162075411,028001,8,02
13365806,3162075411,028503,9,FI
13365806,3162075411,028100,10,02
11236141,3162075411,028100,8,FI
13289936,3162075411,028502,10,FI
13289936,3162075411,028504,7,FI
12618601,3162075411,028502,0,02
12618601,3162075411,028504,0,FI
12618601,3162075411,028505,0,FI
12618601,3162075411,028501,0,02
12618601,3162075411,028501,0,FI
12618601,3162075411,028501,0,EX
12618601,3162075411,028100,0,EX
10952090,3162075411,028502,0,FI
10952090,3162075411,028504,6,01
10952090,3162075411,028504,7,FI
13461512,3162075411,028503,9,01
13461512,3162075411,028503,6,02
13461512,3162075411,028503,8,FI
13461512,3162075411,028100,9,01
13461512,3162075411,028100,0,02
10333869,3162075418,028601,0,FO
10907341,3162075418,028601,0,F2
11261849,3162075418,028601,0,F2
11549816,3162075418,028601,0,FO
12938752,3162075418,028601,0,F2
10898139,3162075418,028601,0,F2
10657224,3162075539,1378,0,FO
10657224,3162075539,1372,9,FI
10652405,3162075539,1372,9,01
10652405,3162075539,1373,0,01
10351740,3162075539,1373,9,01
10351740,3162075539,1374,8,01
10831149,3162075539,1372,4,01
10831149,3162075539,1373,8,01
10486854,3162075539,1377,8,01
10701794,3162075539,1371,8,FI
11316204,3162075539,CV0004,10,01
11316204,3162075539,1371,9,01
11316204,3162075539,1377,6,01
10664967,3162075539,1371,8,FI
10834203,3162075539,1374,8,01
10822528,3162075539,1373,9,FI
13011023,3162075539,CV0004,4,01
13011023,3162075539,1373,7,FI
10657734,3162075539,CV0004,8,01
10859549,3162075539,CV0004,9,FI
10859549,3162075539,1373,7,01
10859549,3162075539,1373,8,FI
10711968,3162075539,CV0004,10,01
13256847,3162075539,1371,10,FI
10679716,3162075539,1372,10,01
10679716,3162075539,1377,9,FI
10698110,3162075539,CV0004,8,FI
10698110,3162075539,1371,9,FI
10505116,3162075539,1371,7,01
10505116,3162075539,1374,8,FI
10839832,3162075539,1373,6,01
10839832,3162075539,1374,7,01
12739203,3162075539,1377,8,01
10698052,3162075539,CV0004,9,01
10698052,3162075539,1371,8,FI
10698052,3162075539,1372,8,EX
10324078,3162075539,1374,10,FI
10781254,3162075539,1378,0,FO
10781254,3162075539,1371,9,FI
10781254,3162075539,1372,8,01
10742955,3162075539,CV0004,9,FI
10742955,3162075539,1371,9,FI
10742955,3162075539,1372,8,FI
10742955,3162075539,1374,8,01
11831183,3162075539,1373,8,FI
10734168,3162075539,CV0004,6,FI
10734168,3162075539,1378,0,FO
10734168,3162075539,1374,6,FI
10707900,3162075539,1373,8,01
10017422,3162075539,1375,9,PO
10017422,3162075539,1372,9,FI
10696544,3162075539,1375,7,P1
10707896,3162075539,CV0004,7,01
10707896,3162075539,1373,8,01
10735610,3162075539,CV0004,9,01
10735610,3162075539,1371,4,01
10735610,3162075539,1374,8,FI
11155646,3162075539,1374,4,01
10845796,3162075539,1373,7,EX
10845796,3162075539,1374,4,FI
13487291,3162075539,1375,0,PO
13487291,3162075539,1371,0,FI
13487291,3162075539,1373,5,01
10802285,3228404816,0657p,9,01
10414870,3228404816,0179,7,FI
10414870,3228404816,0651,8,FI
10414870,3228404816,0648,6,02
13075443,3228404816,0648,7,02
13075443,3228404816,0647,7,01
10025295,3228404816,1709,6,FI
10025295,3228404816,0650,7,01
10025295,3228404816,0650,5,EX
12690668,3228404816,0647,4,01
13450442,3228404816,1709,0,FI
13450442,3228404816,0657p,0,FI
13450442,3228404816,0650,0,02
13450442,3228404816,0648,0,02
13450442,3228404816,0649,0,02
10711948,3228404816,0648,8,FI
10711948,3228404816,0649,4,01
10711948,3228404816,0649,4,02
10711948,3228404816,0647,6,01
10244048,3228404816,0179,7,FI
10244048,3228404816,0650,9,01
10509186,3228404816,0657p,10,01
10509186,3228404816,0651,8,02
10509186,3228404816,0650,8,FI
10509186,3228404816,0649,9,01
10509186,3228404816,0649,8,FI
12332046,3228404816,0651,6,01
12332046,3228404816,0648,4,01
12332046,3228404816,0649,3,FI
10452196,3228404816,0657p,9,01
10452196,3228404816,0657p,10,FI
10452196,3228404816,0650,8,01
10742998,3228404816,0657p,10,02
10742998,3228404816,0651,9,FI
10961892,3228404816,0657p,7,FI
10961892,3228404816,0650,9,02
10906957,3228404816,0179,6,02
10677373,3228404816,0651,0,EX
10677373,3228404816,0649,0,FI
10677373,3228404816,0647,4,01
10024578,3228404816,0651,6,02
10024578,3228404816,0651,7,FI
13455127,3228404816,1709,9,FI
13455127,3228404816,0651,9,01
13455127,3228404816,0651,8,02
13455127,3228404816,0650,8,FI
13455127,3228404816,0647,9,02
10780784,3228404816,0651,7,FI
13078687,3228404816,0651,8,FI
13078687,3228404816,0650,10,01
13078687,3228404816,0650,9,FI
13078687,3228404816,0649,10,01
10679723,3228404816,0650,6,FI
10679723,3228404816,0647,4,01
10824617,3228404816,0179,8,01
10824617,3228404816,0650,6,FI
10840138,3228404816,1709,7,FI
10840138,3228404816,0179,8,01
10840138,3228404816,0648,8,FI
10840138,3228404816,0647,4,FI
11806221,3228404816,0647,4,02
13035058,3228404816,0649,9,01
13035058,3228404816,0649,6,FI
10377895,3228404816,0657p,0,02
10377895,3228404816,0651,0,FI
10661639,3228404816,1709,8,01
10357636,3228404816,0179,7,01
10357636,3228404816,0651,7,02
11338343,3228404816,1709,9,02
11338343,3228404816,0657p,9,01
11338343,3228404816,0657p,10,02
11338343,3228404816,0650,6,01
11338343,3228404816,0648,8,FI
10991112,3228404816,1709,9,FI
10991112,3228404816,0651,9,FI
10991112,3228404816,0650,9,01
10991112,3228404816,0650,9,FI
10991112,3228404816,0649,8,02
10953575,3228404816,0179,9,02
10953575,3228404816,0651,7,02
13456235,3228404816,0179,0,FI
13456235,3228404816,0647,0,01
13456235,3228404816,0647,0,02
10679695,3228404816,0179,8,02
10679695,3228404816,0651,7,02
10677900,3228404816,0647,6,01
13476760,3228404816,1709,0,02
13476760,3228404816,0179,8,02
13476760,3228404816,0179,0,FI
13476760,3228404816,0650,0,FI
10256435,3228404816,0649,8,FI
10256435,3228404816,0647,8,02
10256435,3228404816,0647,4,EX
13060964,3228404816,1709,0,01
13060964,3228404816,0179,0,02
13060964,3228404816,0179,0,EX
13060964,3228404816,0649,0,02
10279441,3228404816,0657p,9,01
10279441,3228404816,0648,9,01
13264942,3228404816,0657p,0,EX
13264942,3228404816,0651,2,01
13264942,3228404816,0648,0,EX
13264942,3228404816,0647,2,01
13264942,3228404816,0647,0,EX
10953290,3228404816,0650,6,02
10953290,3228404816,0650,8,FI
10463434,3228404816,0179,8,02
10463434,3228404816,0179,0,FI
10463434,3228404816,0651,8,01
11254695,3228404816,0649,0,EX
11481642,3228404816,0179,0,EX
11889122,3228404816,0179,7,02
11889122,3228404816,0651,8,02
11241112,3228404816,0649,5,02
10819061,3228404816,0651,8,02
10819061,3228404816,0650,9,FI
10819061,3228404816,0648,9,02
10819061,3228404816,0648,9,FI
10819061,3228404816,0647,8,02
10129831,3228404816,0657p,8,02
10129831,3228404816,0651,7,01
10129831,3228404816,0648,7,FI
10789628,3228404816,1709,9,02
10789628,3228404816,0648,8,01
10783588,3228404816,0179,6,FI
10783588,3228404816,0650,5,02
10783588,3228404816,0649,7,01
10783588,3228404816,0647,9,01
13035060,3228404816,0179,8,02
13035060,3228404816,0649,5,FI
13035179,3228404816,0179,8,FI
13035179,3228404816,0648,7,FI
13035179,3228404816,0649,7,01
13035179,3228404816,0649,9,02
10321979,3228404816,0657p,7,FI
10321979,3228404816,0650,9,01
10321979,3228404816,0650,4,02
10615771,3228404816,0179,0,01
10615771,3228404816,0650,0,01
10615771,3228404816,0650,0,02
10615771,3228404816,0650,0,EX
10679722,3228404816,0651,5,01
10679722,3228404816,0650,5,FI
10762368,3228413080,0373,6,FI
10762368,3228413080,0371,9,01
10762368,3228413080,0369,8,01
10796295,3228413080,0379p,8,01
10796295,3228413080,0379p,10,02
10796295,3228413080,0179,9,FI
10635003,3228413080,0379p,9,FI
10635003,3228413080,0179,10,01
10635003,3228413080,0373,10,02
10762343,3228413080,0371,9,02
10762343,3228413080,0369,10,FI
10910600,3228413080,0371,8,01
10910600,3228413080,0371,9,02
10757735,3228413080,0379p,9,01
10757735,3228413080,0372,4,02
11082671,3228413080,0379p,9,02
11082671,3228413080,0179,8,01
11082671,3228413080,0373,8,02
11082671,3228413080,0373,9,FI
10849397,3228413080,0179,8,FI
10849397,3228413080,0373,8,01
10849397,3228413080,0372,7,02
10849397,3228413080,0369,8,FI
10805501,3228413080,0372,2,02
12854002,3228413080,0371,7,02
10840811,3228413080,0179,9,FI
10840811,3228413080,0370,6,FI
10840811,3228413080,0373,8,FI
10840811,3228413080,0371,8,01
10737949,3228413080,0379p,6,02
10799789,3228413080,1709,9,01
10799789,3228413080,0372,10,02
10799789,3228413080,0369,10,FI
10783280,3228413080,1709,7,01
10783280,3228413080,0370,6,FI
10783280,3228413080,0371,6,01
10783280,3228413080,0371,8,FI
10652371,3228413080,1709,6,01
10652371,3228413080,0179,6,FI
10652371,3228413080,0373,6,02
10762023,3228413080,0379p,9,FI
10762023,3228413080,0179,9,FI
10762023,3228413080,0370,8,02
10762023,3228413080,0371,9,FI
10764453,3228413080,0179,8,FI
10764453,3228413080,0371,7,02
10813139,3228413080,0369,7,02
10756607,3228413080,0179,9,01
10756607,3228413080,0370,9,02
10756607,3228413080,0370,10,FI
10762338,3228413080,0370,7,FI
10762338,3228413080,0371,7,FI
10823812,3228413080,0179,7,01
10823812,3228413080,0370,8,02
10823812,3228413080,0369,9,02
13456011,3228413080,0379p,10,01
13456011,3228413080,0373,8,FI
10780756,3228413080,0379p,9,01
10780756,3228413080,0179,8,FI
10780756,3228413080,0373,9,FI
10780756,3228413080,0371,8,02
10780756,3228413080,0369,8,01
10780756,3228413080,0369,9,FI
10823807,3228413080,0371,8,02
10823807,3228413080,0369,9,FI
11064614,3228413382,0487,0,FI
11064614,3228413382,0483,0,FI
11067623,3228413382,0485,0,02
13042221,3228413382,0616p,0,02
13042221,3228413382,0373,0,EX
13042221,3228413382,0487,0,01
13042221,3228413382,0483,0,EX
10525885,3228413382,0487,0,01
13455308,3228413382,0179,9,FI
13455308,3228413382,0373,10,01
10807600,3228413382,0616p,10,02
10807600,3228413382,0487,10,02
10381670,3228413382,0373,0,EX
10381670,3228413382,0487,7,01
10679710,3228413382,0179,7,FI
10679710,3228413382,0487,6,02
10679710,3228413382,0484,4,02
10679710,3228413382,0483,9,01
10736277,3228413382,0179,10,02
10736277,3228413382,0487,10,02
10736277,3228413382,0485,9,02
10736277,3228413382,0483,10,FI
10282899,3228413382,0485,8,FI
10611084,3228413382,0179,8,01
10611084,3228413382,0485,7,FI
10695479,3228413382,1709,0,FI
10695479,3228413382,0373,0,FI
10695479,3228413382,0487,0,01
10695479,3228413382,0484,0,02
10709604,3228413382,0483,8,02
10709604,3228413382,0483,9,FI
10770964,3228413382,0616p,10,01
10770964,3228413382,0179,9,01
10770964,3228413382,0373,10,FI
10770964,3228413382,0484,10,FI
10770964,3228413382,0483,9,FI
10418675,3228413382,0373,6,02
10418675,3228413382,0483,0,EX
11161106,3228413382,0373,0,02
11161106,3228413382,0487,0,FI
11161106,3228413382,0483,0,FI
10718934,3228413382,0179,7,01
10718934,3228413382,0373,8,02
10718934,3228413382,0487,3,02
10718934,3228413382,0485,5,FI
10269408,3228413382,0373,0,EX
10269408,3228413382,0485,4,01
10269408,3228413382,0484,0,FI
10269408,3228413382,0483,0,FI
10269408,3228413382,0483,0,EX
13460547,3228413382,0616p,0,EX
13460547,3228413382,0179,0,02
13460547,3228413382,0179,0,FI
13460547,3228413382,0485,0,FI
10688878,3228413382,0179,9,01
10688878,3228413382,0373,10,01
10688878,3228413382,0485,10,FI
10688878,3228413382,0484,10,01
11571094,3228413382,0487,0,02
11332097,3228413382,0616p,0,01
11332097,3228413382,0616p,0,EX
11332097,3228413382,0485,0,FI
11332097,3228413382,0484,0,EX
10453628,3228413382,0179,0,EX
10453628,3228413382,0485,0,01
10453628,3228413382,0483,0,EX
12500233,3228413382,0616p,0,FI
12500233,3228413382,0373,0,FI
12500233,3228413382,0485,0,01
12500233,3228413382,0485,0,EX
10399058,3228413382,0485,0,01
10770657,3228413382,0373,10,01
10770657,3228413382,0487,9,FI
10770657,3228413382,0484,7,02
10770657,3228413382,0484,8,FI
10711977,3228413382,0179,8,01
10711977,3228413382,0373,10,FI
10711977,3228413382,0487,10,01
10711977,3228413382,0483,7,02
10711977,3228413382,0483,9,FI
10308704,3228413382,0179,0,01
10308704,3228413382,0179,0,EX
10308704,3228413382,0487,0,01
10308704,3228413382,0484,0,FI
12730778,3228413382,0616p,0,02
12730778,3228413382,0616p,7,FI
12730778,3228413382,0179,0,02
10255502,3228413382,1709,6,01
10255502,3228413382,0616p,9,FI
10255502,3228413382,0179,9,FI
10255502,3228413382,0487,6,01
10255502,3228413382,0487,4,02
10255502,3228413382,0483,7,02
10328549,3228413382,0616p,10,01
10328549,3228413382,0616p,8,FI
10810051,3228413382,0616p,5,01
10810051,3228413382,0616p,9,02
10810051,3228413382,0485,7,01
10810051,3228413382,0484,7,FI
11271861,3228413382,1709,6,01
11271861,3228413382,1709,6,02
11271861,3228413382,0616p,8,FI
11271861,3228413382,0485,7,FI
11271861,3228413382,0484,8,FI
11271861,3228413382,0483,0,01
13459168,3228413382,0179,9,02
13459168,3228413382,0487,9,01
13459168,3228413382,0483,9,02
10828387,3228413382,0616p,9,FI
10828387,3228413382,0487,7,FI
13457137,3228413382,1709,0,02
13457137,3228413382,0179,0,FI
13457137,3228413382,0484,0,EX
13457137,3228413382,0483,0,02
10856605,3228413382,0179,8,01
10856605,3228413382,0179,8,FI
10856605,3228413382,0487,8,01
10856605,3228413382,0484,9,02
10401376,3228413382,1709,0,02
10401376,3228413382,0616p,0,01
10401376,3228413382,0373,0,FI
10401376,3228413382,0484,0,FI
11898422,3228413382,0373,3,FI
11898422,3228413382,0487,0,EX
11898422,3228413382,0483,4,02
13456133,3228413382,0616p,0,EX
13456133,3228413382,0179,0,02
13456133,3228413382,0179,0,FI
10677836,3228413382,0487,0,01
10677836,3228413382,0485,0,FI
10677836,3228413382,0485,0,EX
10205657,3228413382,1709,8,01
10205657,3228413382,0179,8,FI
10205657,3228413382,0373,2,02
10205657,3228413382,0485,2,01
10205657,3228413382,0485,0,EX
10205657,3228413382,0483,0,01
10643328,3228413382,0483,8,FI
12433428,3228413382,0179,0,FI
12433428,3228413382,0487,4,FI
12433428,3228413382,0485,5,02
12433428,3228413382,0485,6,FI
12433428,3228413382,0484,7,FI
12287306,3228413382,1709,0,01
12287306,3228413382,0179,0,02
12287306,3228413382,0179,0,FI
12287306,3228413382,0373,0,FI
12287306,3228413382,0487,0,EX
12287306,3228413382,0484,0,FI
12287306,3228413382,0483,0,01
12287306,3228413382,0483,0,EX
10758419,3228413382,0616p,9,01
10758419,3228413382,0373,9,FI
10758419,3228413382,0487,9,FI
10758419,3228413382,0485,8,02
10758419,3228413382,0484,7,FI
10758419,3228413382,0483,9,02
10865703,3228415772,1375p,8,02
10799612,3228415772,0179,9,FI
10799612,3228415772,1367,10,FI
10799612,3228415772,1369,9,01
11649640,3228415772,1709,6,01
11649640,3228415772,1709,6,02
11649640,3228415772,1709,7,FI
11649640,3228415772,1370,7,02
11649640,3228415772,1368,7,EX
11649640,3228415772,1369,5,01
10817945,3228415772,1367,3,FI
10817945,3228415772,1368,6,01
10817945,3228415772,1369,4,01
10817945,3228415772,1369,3,FI
10834174,3228415772,1370,9,FI
10834174,3228415772,1368,9,02
13281768,3228415772,1375p,8,FI
13281768,3228415772,1370,6,02
13281768,3228415772,1370,7,FI
10798915,3228415772,1375p,10,01
10798915,3228415772,1370,8,02
10798915,3228415772,1367,8,FI
10798915,3228415772,1368,8,02
10798915,3228415772,1369,8,01
10819488,3228415772,1709,8,01
10819488,3228415772,1375p,9,FI
10781492,3228415772,1375p,9,01
10781492,3228415772,1375p,8,FI
10781492,3228415772,1367,4,FI
10781492,3228415772,1367,6,EX
10781492,3228415772,1368,7,02
10413312,3228415772,0179,9,FI
10413312,3228415772,1368,9,01
10413312,3228415772,1368,7,02
10413312,3228415772,1369,8,FI
10546650,3228415772,1375p,7,01
10546650,3228415772,1367,8,FI
10546650,3228415772,1368,9,02
13273466,3228415772,1375p,8,02
11649375,3228415772,1709,7,02
11649375,3228415772,0179,10,FI
11649375,3228415772,1370,7,02
11649375,3228415772,1370,4,FI
10714135,3228415772,1367,4,01
10714135,3228415772,1367,6,02
10835968,3228415772,1375p,9,FI
10835968,3228415772,0179,9,01
10835968,3228415772,1367,8,01
10835968,3228415772,1367,9,02
10835968,3228415772,1369,7,02
10842025,3228415772,1370,4,01
10842025,3228415772,1368,5,01
10803120,3228415772,1370,8,FI
10803120,3228415772,1368,7,02
10803120,3228415772,1369,8,02
10851445,3228415772,1368,7,FI
10851445,3228415772,1369,8,01
10711961,3228415772,1375p,8,02
10711961,3228415772,0179,6,FI
10711961,3228415772,1370,4,FI
10711961,3228415772,1370,0,EX
10711961,3228415772,1368,6,01
10711961,3228415772,1368,4,FI
10711961,3228415772,1368,0,EX
10678320,3228415772,1375p,8,FI
10678320,3228415772,1367,0,EX
10678320,3228415772,1368,8,01
10678320,3228415772,1369,6,02
11251967,3228415772,1375p,9,FI
11251967,3228415772,1368,7,FI
11251967,3228415772,1369,6,01
10122344,3228415772,1367,10,FI
10725869,3228415772,1709,7,02
10725869,3228415772,1709,8,FI
10725869,3228415772,1375p,10,01
10725869,3228415772,1375p,9,02
10725869,3228415772,1370,7,EX
10725869,3228415772,1367,7,01
10378823,3228415772,1370,9,01
10378823,3228415772,1367,10,02
11104411,3228415772,1709,9,FI
10985551,3228415772,0179,10,01
10985551,3228415772,1367,7,01
10985551,3228415772,1369,8,02
10793376,3228415772,1367,7,01
10776515,3228415772,1709,8,01
10776515,3228415772,1370,8,02
10776515,3228415772,1367,8,FI
10776515,3228415772,1368,9,02
10734128,3228415772,0179,9,01
10734128,3228415772,1368,9,01
10729560,3228415772,1375p,9,01
10770501,3228415772,0179,9,01
10770501,3228415772,0179,9,FI
10770501,3228415772,1368,9,02
10770501,3228415772,1369,8,02
10770501,3228415772,1369,8,FI
10819378,3228415772,1370,9,02
10819378,3228415772,1367,8,01
10819378,3228415772,1368,8,FI
10962405,3228415772,1375p,0,FI
10962405,3228415772,1367,3,02
10962405,3228415772,1368,0,EX
10962405,3228415772,1369,0,FI
10827153,3228415772,0179,7,02
10827153,3228415772,1367,7,FI
10827153,3228415772,1368,5,02
10993836,3228415772,0179,9,01
10993836,3228415772,0179,10,FI
10993836,3228415772,1370,9,FI
10993836,3228415772,1369,9,02
11514753,3228415772,0179,8,01
11514753,3228415772,1367,8,01
11514753,3228415772,1369,9,FI
10780789,3228415772,1368,7,FI
10809667,3228415772,1709,9,01
10809667,3228415772,1370,8,01
10809667,3228415772,1368,8,02
10687463,3228415772,1367,8,01
10687463,3228415772,1369,7,FI
10652580,3228415772,1709,8,01
10652580,3228415772,1709,8,FI
10652580,3228415772,0179,7,01
10652580,3228415772,1367,8,01
10652580,3228415772,1368,8,01
10652580,3228415772,1369,8,02
10678151,3228415772,1369,4,01
10809557,3228415772,1375p,7,01
10809557,3228415772,1370,8,02
10944114,3228415772,1369,7,02
10730519,3228415772,1367,4,02
10730519,3228415772,1368,4,01
10730519,3228415772,1368,1,EX
10730519,3228415772,1369,4,02
13242092,3228415772,1375p,10,01
10742238,3228415772,0179,9,02
10742238,3228415772,1369,5,02
12558926,3228415772,1375p,8,FI
12558926,3228415772,1370,7,02
10960990,3228379385,0437,7,02
11671982,3228379385,0441,6,FI
11671982,3228379385,0439,7,02
11043785,3228379385,0440,6,02
10737175,3228379385,0438,7,01
10737175,3228379385,0438,10,02
10737175,3228379385,0156,9,FI
13133521,3228379385,1709,9,01
13133521,3228379385,0437,8,FI
13133521,3228379385,0441,8,02
11039273,3228379385,0437,7,02
10887720,3228379385,0441,9,01
10887720,3228379385,0440,6,FI
10887720,3228379385,0156,8,FI
11029440,3228379385,1709,9,FI
11029440,3228379385,0437,9,FI
11029440,3228379385,0439,9,FI
10995299,3228379385,0438,9,01
10995299,3228379385,0440,9,01
10995299,3228379385,0156,9,FI
10835299,3228379385,1709,6,02
10835299,3228379385,0437,5,02
10805591,3228379385,1709,9,01
10805591,3228379385,1709,5,02
10805591,3228379385,0437,4,02
10805591,3228379385,0437,2,FI
10805591,3228379385,0441,2,02
10805591,3228379385,0441,0,FI
10805591,3228379385,0156,7,02
11805803,3228379385,1709,9,FI
11805803,3228379385,0437,8,FI
11805803,3228379385,0440,10,02
10906307,3228379385,0156,3,02
10911748,3228379385,0440,8,FI
10787655,3228379385,0437,5,EX
10787655,3228379385,0440,8,01
10787655,3228379385,0440,5,FI
11028742,3228379385,0440,8,01
11028742,3228379385,0440,5,02
11026339,3228379385,1709,8,02
11026339,3228379385,0440,6,02
10905782,3228379385,0440,5,02
11004486,3228379385,0156,9,01
11004486,3228379385,0156,9,FI
11044309,3228379385,1709,8,01
10911000,3228379385,0156,6,02
11068958,3228379385,1709,0,02
11068958,3228379385,0440,0,EX
11415744,3228379385,0438,7,02
11415744,3228379385,0440,8,02
10787257,3228379385,0440,6,02
10787257,3228379385,0156,6,02
10929912,3228379385,0437,4,01
10929912,3228379385,0438,3,01
11024457,3228379385,1709,9,01
10302214,3228379385,0437,0,FI
10302214,3228379385,0441,0,FI
10302214,3228379385,0441,0,EX
10302214,3228379385,0438,0,01
10302214,3228379385,0440,0,01
10302214,3228379385,0440,0,02
10302214,3228379385,0440,0,FI
10302214,3228379385,0156,0,02
12731640,3228379385,0437,6,01
12731640,3228379385,0437,7,FI
11507257,3228379385,0438,6,FI
11507257,3228379385,0440,6,EX
11507257,3228379385,0156,3,01
11507257,3228379385,0156,5,FI
10929818,3228379385,0441,9,FI
10929818,3228379385,0440,9,02
10951388,3228379385,0439,0,02
10951388,3228379385,0440,0,FI
10435060,3228379385,0441,0,01
10435060,3228379385,0440,0,02
10248709,3228379385,1709,0,02
10248709,3228379385,0441,0,EX
10248709,3228379385,0440,0,01
10248709,3228379385,0156,0,02
10421015,3228379385,0441,0,01
12673295,3228379385,0156,0,01
10420824,3228379385,0439,9,02
10468121,3228379385,0437,7,01
10468121,3228379385,0437,7,FI
10468121,3228379385,0438,3,02
10468121,3228379385,0156,8,02
13458066,3228379385,1709,8,02
13458066,3228379385,0439,10,02
13458066,3228379385,0438,8,01
13459588,3228379385,1709,0,EX
13459588,3228379385,0439,0,FI
13459588,3228379385,0440,0,EX
10311923,3228379385,1709,0,FI
10311923,3228379385,0441,0,02
11026347,3228379385,1709,9,FI
11026347,3228379385,0441,9,02
11026347,3228379385,0441,9,FI
11026347,3228379385,0439,10,01
11026347,3228379385,0439,9,02
11026347,3228379385,0438,9,01
10394837,3228379385,0156,7,01
10307040,3228379385,0437,0,02
10307040,3228379385,0441,0,02
10307040,3228379385,0438,0,01
10307040,3228379385,0438,0,02
10307040,3228379385,0440,0,FI
11786393,3228379385,0437,0,01
11786393,3228379385,0441,4,02
11786393,3228379385,0441,5,FI
11786393,3228379385,0439,0,02
11786393,3228379385,0438,0,02
10696650,3228379385,1709,3,02
10696650,3228379385,0156,0,FI
13459194,3228379385,1709,10,02
13459194,3228379385,0439,8,FI
13459361,3228379385,0441,0,02
13459361,3228379385,0441,0,FI
13459361,3228379385,0439,0,EX
13459361,3228379385,0438,0,FI
13459361,3228379385,0438,0,EX
13459361,3228379385,0440,0,FI
13459361,3228379385,0156,4,01
11033515,3228379385,1709,9,FI
11033515,3228379385,0438,10,FI
11033515,3228379385,0156,7,02
11004716,3228379385,0437,10,01
11004716,3228379385,0441,10,FI
11004716,3228379385,0438,10,02
11004716,3228379385,0440,9,02
11067932,3228379385,1709,0,02
11067932,3228379385,0439,0,FI
11067932,3228379385,0438,0,02
11067932,3228379385,0438,0,FI
11067932,3228379385,0156,0,02
11666166,3228379385,0439,8,01
11666166,3228379385,0440,5,01
13221347,3228379385,1709,0,EX
13221347,3228379385,0438,0,EX
13221347,3228379385,0156,0,01
13290996,3228406931,1012p,7,02
13290996,3228406931,1010,6,01
10800028,3228406931,1012p,9,02
10800028,3228406931,0623,7,FI
10824007,3228406931,0623,8,02
10824007,3228406931,0931,8,02
10824007,3228406931,1010,5,EX
13290996,3228406931,1010,7,EX
10824007,3228406931,0179,5,EX
10813126,3228406931,0179,5,02
10813126,3228406931,0623,8,01
10776549,3228406931,1012p,9,02
10776549,3228406931,1010,7,02
10510136,3228406931,0623,0,EX
10824614,3228406931,1709,3,EX
10824614,3228406931,0179,9,FI
10824614,3228406931,0623,0,01
10824614,3228406931,0623,0,EX
10709557,3228406931,0623,0,FI
10709557,3228406931,1010,0,02
10422716,3228406931,1709,0,EX
10422716,3228406931,0930,0,FI
10862032,3228406931,1709,5,FI
10862032,3228406931,1012p,2,02
10862032,3228406931,0930,0,EX
10726936,3228406931,1709,7,01
10726936,3228406931,0179,6,01
10726936,3228406931,0179,8,FI
10726936,3228406931,1010,3,01
10764144,3228406931,1012p,6,02
10764144,3228406931,0623,4,01
10764144,3228406931,1010,2,FI
10819701,3228406931,1709,0,01
10819701,3228406931,1012p,0,01
10819701,3228406931,1012p,0,02
10819701,3228406931,1012p,0,FI
10819701,3228406931,0930,0,EX
10819701,3228406931,0931,0,02
10805294,3228406931,0179,7,01
10805294,3228406931,0179,5,02
10805294,3228406931,0179,6,FI
10530803,3228406931,0179,9,01
10530803,3228406931,0930,6,02
10796065,3228406931,0931,9,02
10796065,3228406931,1010,6,02
10349498,3228406931,1012p,9,01
10349498,3228406931,0930,8,FI
10630363,3228406931,0930,5,02
10852161,3228406931,0179,7,02
10819684,3228406931,0623,8,02
10819684,3228406931,0930,5,01
10819684,3228406931,0931,8,01
10819684,3228406931,0931,7,02
10397687,3228406931,0931,8,02
11811552,3228406931,1012p,0,FI
11811552,3228406931,0623,0,FI
11811552,3228406931,0930,0,02
11811552,3228406931,1010,0,02
10323559,3228406931,0623,0,EX
10323559,3228406931,0931,3,01
13458157,3228406931,1709,0,01
13458157,3228406931,1709,0,FI
13458157,3228406931,1012p,0,FI
13456007,3228406931,0623,9,FI
13456007,3228406931,0931,10,02
13523913,3228406931,1012p,0,EX
13523913,3228406931,0930,0,02
13523913,3228406931,0930,0,EX
13523913,3228406931,0931,4,01
13458161,3228406931,0623,4,FI
11059841,3228406931,1010,8,FI
10381708,3228406931,0623,4,01
10381708,3228406931,1010,0,FI
10852107,3228406931,0623,4,01
10852107,3228406931,0931,3,02
10852107,3228406931,1010,0,FI
10852107,3228406931,1010,0,EX
10304385,3228406931,1012p,8,01
10304385,3228406931,0179,4,01
10304385,3228406931,0179,7,02
10304385,3228406931,0623,7,FI
10304385,3228406931,0930,7,FI
10304385,3228406931,0931,8,01
10304385,3228406931,0931,8,02
10304385,3228406931,1010,8,FI
11800453,3228406931,0179,0,FI
11800453,3228406931,0931,0,01
10330111,3228406931,1012p,9,01
10330111,3228406931,0623,0,01
10330111,3228406931,0930,8,02
10330111,3228406931,0931,7,02
10443575,3228406931,0179,8,02
10443575,3228406931,1010,1,02
10818191,3228406931,1709,0,EX
10818191,3228406931,1012p,0,FI
10818191,3228406931,0179,0,01
10818191,3228406931,0623,0,FI
10818191,3228406931,0930,0,01
10818191,3228406931,0931,0,01
10818191,3228406931,1010,0,02
10818191,3228406931,1010,0,EX
10499331,3228406931,1010,0,FI
11089472,3228406931,1010,7,FI
10699271,3228406931,1709,5,01
10699271,3228406931,0179,8,FI
10699271,3228406931,0623,6,FI
10699271,3228406931,1010,5,02
10807830,3228406931,0930,6,01
11629523,3228406931,0179,0,01
11629523,3228406931,0179,0,02
11629523,3228406931,0930,0,FI
10042816,3228406931,1709,0,FI
10042816,3228406931,1012p,0,01
10042816,3228406931,0179,0,02
10042816,3228406931,0179,8,EX
10042816,3228406931,0930,0,01
10303628,3228406931,0930,7,01
10022321,3228406931,1012p,9,01
10022321,3228406931,1012p,8,EX
10022321,3228406931,0931,6,01
10022321,3228406931,0931,5,02
10022321,3228406931,0931,5,EX
12561661,3228406931,0623,4,01
12561661,3228406931,1010,4,EX
10797573,3228406931,0930,6,02
10797573,3228406931,0931,8,02
10479899,3228406931,1012p,9,01
10479899,3228406931,0179,9,01
10479899,3228406931,0623,9,01
10479899,3228406931,1010,9,02
10479899,3228406931,1010,8,FI
10918602,3228406931,0179,7,FI
10918602,3228406931,0623,8,02
10918602,3228406931,0623,4,FI
10754604,3228406931,1709,7,01
10754604,3228406931,1709,8,FI
10754604,3228406931,1012p,8,FI
10754604,3228406931,0179,6,FI
10754604,3228406931,0930,7,02
10365221,3228406931,1012p,9,FI
13461591,3228406931,1709,6,02
13461591,3228406931,1012p,9,01
13461591,3228406931,0179,10,FI
10630337,3228406931,0623,8,02
10630337,3228406931,0930,4,02
10630337,3228406931,0930,4,FI
10630337,3228406931,0931,8,FI
10766452,3228406545,1709,7,02
10766452,3228406545,0828p,9,FI
10766452,3228406545,0627,8,01
10729793,3228406545,1709,2,02
10729793,3228406545,0828p,9,01
10729793,3228406545,0828p,7,FI
10729793,3228406545,0625,6,FI
10729793,3228406545,0623,5,01
10729793,3228406545,CV0008,9,01
12607926,3228406545,0828p,8,02
12607926,3228406545,0828p,9,FI
12607926,3228406545,0179,3,02
12607926,3228406545,0622,6,02
12607926,3228406545,0622,7,FI
12607926,3228406545,0623,8,FI
12607926,3228406545,0627,2,01
11790917,3228406545,0828p,10,FI
11790917,3228406545,0622,8,FI
11790917,3228406545,0625,7,02
10689201,3228406545,0179,3,FI
10689201,3228406545,0627,5,02
10689201,3228406545,CV0008,10,01
10742994,3228406545,0828p,10,FI
10742994,3228406545,0625,7,FI
10742994,3228406545,0627,6,01
10742994,3228406545,0627,7,02
10742994,3228406545,CV0008,10,FI
10742994,3228406545,CV0009,8,FI
10487336,3228406545,0627,7,02
10487336,3228406545,CV0008,8,01
10857816,3228406545,0622,8,02
10857816,3228406545,0625,8,FI
10857816,3228406545,0623,7,01
10857816,3228406545,0627,7,01
10857816,3228406545,CV0008,9,01
10847609,3228406545,0828p,6,FI
10847609,3228406545,0625,6,FI
10847609,3228406545,CV0008,7,FI
10766414,3228406545,0179,8,01
10856038,3228406545,0179,4,01
10856038,3228406545,0179,5,FI
10856038,3228406545,0622,5,02
10856038,3228406545,0625,5,01
10856038,3228406545,0625,7,02
10856038,3228406545,CV0009,9,FI
11433224,3228406545,0627,6,02
11073751,3228406545,1709,7,01
11073751,3228406545,0622,8,FI
11073751,3228406545,0625,3,01
11073751,3228406545,0627,7,02
11073751,3228406545,0627,8,FI
11073751,3228406545,CV0009,9,FI
10593810,3228406545,0828p,10,01
10593810,3228406545,0625,7,02
10593810,3228406545,0623,8,FI
10593810,3228406545,CV0009,10,FI
11231507,3228406545,0828p,0,FI
11231507,3228406545,0625,7,01
11231507,3228406545,0627,0,EX
11231507,3228406545,CV0009,0,FI
12912678,3228406545,0179,5,FI
12912678,3228406545,CV0009,9,FI
10804606,3228406545,0828p,8,02
10804606,3228406545,0627,7,FI
10707892,3228406545,0179,4,02
10707892,3228406545,0625,6,01
13470345,3228406545,1709,0,02
13470345,3228406545,0625,0,EX
13470345,3228406545,CV0008,0,02
13473425,3228406545,0828p,9,01
13473425,3228406545,0627,9,01
13473425,3228406545,CV0008,10,02
10711954,3228406545,0179,3,02
10711954,3228406545,0622,5,02
10711954,3228406545,0622,5,FI
10711954,3228406545,0627,4,01
10835673,3228406545,0179,9,02
10835673,3228406545,0625,7,02
10835673,3228406545,0623,6,02
10835673,3228406545,0627,5,02
10835673,3228406545,CV0008,8,02
10734184,3228406545,1709,8,FI
10734184,3228406545,0622,8,01
10734184,3228406545,0623,8,FI
10734184,3228406545,CV0008,9,FI
13170472,3228406545,0179,0,FI
13170472,3228406545,0623,6,01
13170472,3228406545,CV0008,1,02
10766479,3228410748,0181p,8,01
10766479,3228410748,0171,9,01
10766479,3228410748,0173,6,FI
10843404,3228410748,0172,8,FI
11782717,3228410748,0172,7,01
11782717,3228410748,0173,7,FI
10254373,3228410748,1709,8,FI
10254373,3228410748,0171,8,01
10254373,3228410748,0172,8,01
10254373,3228410748,0172,9,FI
10254373,3228410748,0173,8,FI
13453640,3228410748,1709,9,FI
13453640,3228410748,0181p,8,01
13453640,3228410748,0179,6,FI
13453640,3228410748,0174,7,02
10700069,3228410748,0181p,0,FI
10700069,3228410748,0179,0,01
10700069,3228410748,0179,0,FI
10700069,3228410748,0174,0,02
10700069,3228410748,0174,0,EX
10392181,3228410748,0174,6,02
10688815,3228410748,0181p,8,02
10688815,3228410748,0171,8,02
10688815,3228410748,0174,6,02
10688815,3228410748,0177,8,02
10688815,3228410748,0177,8,FI
10506040,3228410748,0179,0,02
10506040,3228410748,0179,0,FI
10506040,3228410748,0177,0,02
10488332,3228410748,0181p,9,02
13455952,3228410748,1709,9,02
13455952,3228410748,0179,8,FI
13455952,3228410748,0172,8,FI
13455952,3228410748,0173,7,01
13455952,3228410748,0177,6,FI
10664803,3228410748,1709,0,01
10664803,3228410748,0181p,0,02
10664803,3228410748,0179,0,FI
10664803,3228410748,0172,0,01
12413993,3228410748,0172,0,01
12413993,3228410748,0172,0,FI
13480000,3228410748,0179,5,01
13480000,3228410748,0172,8,01
13480000,3228410748,0173,8,02
13480000,3228410748,0174,9,FI
10509253,3228410748,0172,0,EX
10509253,3228410748,0174,0,EX
13455821,3228410748,1709,7,01
13455821,3228410748,0181p,2,02
13455821,3228410748,0179,9,02
10664909,3228410748,0181p,9,02
10664909,3228410748,0174,8,01
10664909,3228410748,0174,4,02
11567443,3228410748,0179,0,02
11567443,3228410748,0174,7,FI
11567443,3228410748,0177,6,02
13456058,3228410748,0171,3,02
13456058,3228410748,0172,0,FI
10639978,3228410748,0181p,10,01
10639978,3228410748,0171,7,02
10639978,3228410748,0173,8,02
13255125,3228410748,0179,0,FI
13255125,3228410748,0171,0,02
10507411,3228410748,0171,0,02
10507411,3228410748,0177,0,EX
10745573,3228410357,1709,7,02
10745573,3228410357,0400p,9,FI
10745573,3228410357,0384,7,02
10745573,3228410357,0172,7,01
10585531,3228410357,0400p,8,01
10585531,3228410357,0171,8,01
10585531,3228410357,0383,7,FI
10648032,3228410357,0179,6,FI
11627062,3228410357,0400p,8,01
11627062,3228410357,0400p,8,02
10675936,3228410357,1709,8,FI
10675936,3228410357,0171,8,01
10729539,3228410357,0400p,8,01
10729539,3228410357,0171,9,01
10729539,3228410357,0171,9,02
10410077,3228410357,0400p,9,FI
10410077,3228410357,0383,8,02
10410077,3228410357,0383,7,FI
10410077,3228410357,0384,6,01
10530795,3228410357,0400p,8,01
10530795,3228410357,0383,8,FI
10530795,3228410357,0172,7,01
10530795,3228410357,0173,9,01
10530795,3228410357,0173,7,02
13455702,3228410357,0400p,7,FI
13455702,3228410357,0171,9,01
13455702,3228410357,0383,9,01
13455702,3228410357,0383,9,FI
13455702,3228410357,0384,9,02
13455702,3228410357,0172,8,01
13455702,3228410357,0172,7,02
10719000,3228410357,0384,7,01
10719000,3228410357,0173,8,01
13456027,3228410357,0400p,9,FI
13456027,3228410357,0179,4,02
13456027,3228410357,0171,4,02
13456027,3228410357,0173,5,FI
13251013,3228410357,0171,9,02
10835750,3228410357,0179,4,01
10835750,3228410357,0179,4,02
10835750,3228410357,0383,8,01
10766449,3228410357,1709,8,FI
10766449,3228410357,0179,8,FI
10645102,3228410357,1709,6,02
10645102,3228410357,0179,8,FI
10645102,3228410357,0171,4,02
10645102,3228410357,0383,4,02
10820272,3228410357,0383,6,FI
10820272,3228410357,0172,6,01
13487222,3228410357,0172,9,02
10687498,3228410892,1709,7,01
10742128,3228410892,0383,9,01
10742128,3228410892,0384,8,FI
10742128,3228410892,0173,9,02
13455012,3228410892,1709,0,02
13455012,3228410892,1709,6,EX
13455012,3228410892,0171,2,FI
13455012,3228410892,0172,0,02
13455012,3228410892,0173,4,01
10749811,3228410892,0179,8,FI
10749811,3228410892,0383,7,02
10749811,3228410892,0173,7,FI
13454999,3228410892,0384,6,FI
13454999,3228410892,0173,7,FI
10678997,3228410892,0171,4,01
10678997,3228410892,0171,3,FI
10678997,3228410892,0173,0,EX
10320497,3228410892,0179,6,FI
10320497,3228410892,0384,8,02
10808311,3228410892,0388p,9,01
10808311,3228410892,0171,6,01
10808311,3228410892,0384,6,01
10808311,3228410892,0172,7,01
10808311,3228410892,0172,8,02
10808311,3228410892,0172,8,FI
10808311,3228410892,0173,9,01
13450196,3228410892,1709,8,01
13450196,3228410892,0179,8,02
13450196,3228410892,0171,7,01
13450196,3228410892,0172,8,01
10761594,3228410892,1709,6,01
10761594,3228410892,0388p,4,02
10761594,3228410892,0173,4,02
10761594,3228410892,0173,5,FI
10736502,3228410892,0179,8,01
11330085,3228410892,0388p,8,01
11330085,3228410892,0171,4,01
11330085,3228410892,0384,7,02
11330085,3228410892,0172,4,FI
11330085,3228410892,0173,8,01
10676318,3228410892,0173,4,01
13472424,3228410892,0388p,8,02
13472424,3228410892,0171,6,FI
13472424,3228410892,0383,8,FI
13472424,3228410892,0173,8,02
13475599,3228410892,1709,7,01
13475599,3228410892,0388p,9,FI
13475599,3228410892,0171,9,FI
13475662,3228410892,1709,8,FI
13475662,3228410892,0179,10,FI
13475662,3228410892,0384,9,02
13475662,3228410892,0173,10,01
10514139,3228410892,1709,9,01
10514139,3228410892,0173,8,02
12912453,3228410892,1709,6,FI
12912453,3228410892,0383,9,02
12912453,3228410892,0384,6,FI
12912453,3228410892,0172,6,FI
11036107,3228381273,1226,0,02
11036107,3228381273,1226,0,FI
11036107,3228381273,1229,2,01
11036107,3228381273,1232,0,EX
11036107,3228381273,1233,0,EX
10793641,3228381273,0156,4,01
10793641,3228381273,1226,0,02
10793641,3228381273,1231,0,02
10931235,3228381273,1229,4,02
11003632,3228381273,1709,3,02
11003632,3228381273,1226,0,FI
12607119,3228381273,0156,9,01
12607119,3228381273,1226,8,02
12607119,3228381273,1232,8,02
12607119,3228381273,1232,7,FI
12607119,3228381273,1233,0,01
13291541,3228381273,1231,7,01
13291541,3228381273,1233,8,FI
12744964,3228381273,1229,5,01
12744964,3228381273,1229,4,02
12744964,3228381273,1229,6,FI
12744964,3228381273,1233,6,01
10924853,3228381273,0156,6,01
10924853,3228381273,0156,5,FI
10924853,3228381273,1226,9,FI
10924853,3228381273,1229,6,FI
10924853,3228381273,1231,3,01
10924853,3228381273,1233,9,02
11798264,3228381273,1709,6,02
11798264,3228381273,1226,6,02
11798264,3228381273,1229,5,FI
10648909,3228381273,0156,6,FI
10648909,3228381273,1229,5,FI
10648909,3228381273,1232,4,02
10889537,3228381273,0156,5,02
10889537,3228381273,0156,5,FI
10889537,3228381273,1226,0,EX
10912710,3228381273,0156,4,FI
10912710,3228381273,1226,5,FI
10912710,3228381273,1232,5,01
10912710,3228381273,1233,7,02
10787502,3228381273,0156,4,02
10787502,3228381273,1231,5,02
10904203,3228381273,0156,8,01
11024352,3228381273,0156,9,02
11024352,3228381273,1231,6,02
10899896,3228381273,1709,7,02
10899896,3228381273,0156,8,01
10899896,3228381273,0156,8,FI
10899896,3228381273,1229,5,01
10899896,3228381273,1229,6,02
10899896,3228381273,1231,6,01
10899896,3228381273,1233,7,02
10899896,3228381273,1233,6,FI
11004108,3228381273,1232,7,02
11004108,3228381273,1232,8,FI
12465550,3228381273,0156,6,02
12465550,3228381273,1226,5,FI
12465550,3228381273,1233,7,01
10916721,3228381273,1709,6,02
10916721,3228381273,0156,4,02
10916721,3228381273,1226,0,FI
10916721,3228381273,1233,5,01
10912726,3228381273,0156,8,FI
10912726,3228381273,1229,7,FI
10912726,3228381273,1232,6,FI
10805007,3228381273,1232,4,FI
11184512,3228381273,1232,4,01
10654915,3228381273,1226,0,FI
10654915,3228381273,1229,0,01
11040995,3228381273,1231,5,02
10708167,3228390016,1709,6,FI
10708167,3228390016,0223,5,02
10708167,3228390016,0222,2,01
11002913,3228390016,0221,10,02
12563453,3228390016,1709,3,FI
12563453,3228390016,0223,6,01
10846382,3228390016,0223,6,02
10903261,3228390016,0225,6,01
10903261,3228390016,0221,4,02
10903261,3228390016,0222,0,02
11002807,3228390016,1709,6,02
11002807,3228390016,0222,8,FI
11002807,3228390016,0156,9,01
11146537,3228390016,0221,10,02
11146537,3228390016,0156,8,FI
10897212,3228390016,1709,4,02
10897212,3228390016,0225,1,01
10897212,3228390016,0222,2,02
10929469,3228390016,0156,8,02
10812899,3228390016,0221,4,01
10812899,3228390016,0156,4,02
10893131,3228390016,1709,8,FI
13452408,3228390016,0225,9,02
13452408,3228390016,0156,9,02
10996376,3228390016,0222,3,01
10917865,3228390016,0223,6,FI
10917865,3228390016,0221,4,01
12270997,3228390016,1709,0,EX
12270997,3228390016,0156,0,FI
11088265,3228390016,1709,6,01
11088265,3228390016,0223,10,01
11088265,3228390016,0223,10,FI
11088265,3228390016,0156,9,02
11248234,3228390016,1709,5,02
13458016,3228390016,0223,0,01
13458016,3228390016,0221,0,FI
10776723,3228390016,0223,6,FI
10959217,3228390016,0223,9,FI
10959217,3228390016,0222,6,01
13459021,3228390016,1709,0,FI
13459021,3228390016,0225,0,02
12651696,3228390016,1709,0,02
12651696,3228390016,0156,0,FI
10353865,3228390016,1709,7,FI
10353865,3228390016,0225,6,02
10353865,3228390016,0222,8,FI
10353865,3228390016,0156,9,FI
11763179,3228390016,0156,0,FI
13238582,3228390016,1709,0,01
13238582,3228390016,0225,0,FI
13238582,3228390016,0223,0,01
11479705,3228390016,0225,6,01
13316624,3228390016,0223,6,02
13316624,3228390016,0222,5,01
13316624,3228390016,0222,4,02
13316624,3228390016,0222,4,FI
11312205,3228390016,0225,0,02
11312205,3228390016,0223,0,FI
11312205,3228390016,0223,0,EX
11312205,3228390016,0221,0,01
11312205,3228390016,0221,0,FI
11312205,3228390016,0222,4,01
11312205,3228390016,0222,0,FI
10070165,3228390016,0225,0,02
10070165,3228390016,0221,4,02
10070165,3228390016,0221,5,EX
10070165,3228390016,0156,8,FI
10517185,3228390016,1709,0,FI
10517185,3228390016,0225,0,FI
10517185,3228390016,0223,0,EX
10517185,3228390016,0221,0,FI
13458659,3228390016,1709,0,02
13458659,3228390016,0225,0,FI
13458659,3228390016,0223,0,02
13458659,3228390016,0223,0,EX
12510101,3228390016,0225,0,EX
12510101,3228390016,0156,0,FI
12875318,3228390016,0225,8,FI
11034534,3228390016,1709,0,01
11034534,3228390016,0223,1,01
11034534,3228390016,0221,0,02
11034534,3228390016,0222,0,01
11034534,3228390016,0222,0,02
13006056,3228390016,1709,6,FI
13006056,3228390016,0222,2,FI
13366127,3228390016,1709,8,01
13366127,3228390016,1709,6,02
13366127,3228390016,0221,9,02
13366127,3228390016,0222,6,FI
10473027,3228390016,0223,0,01
10473027,3228390016,0156,0,02
10675115,3228390016,0223,0,02
10675115,3228390016,0223,0,FI
12739645,3228390016,0225,9,FI
12739645,3228390016,0221,9,FI
10885064,3228390016,0222,4,01
10885064,3228390016,0222,7,02
10885064,3228390016,0222,4,EX
10459081,3228390016,1709,0,01
10459081,3228390016,0225,0,EX
10459081,3228390016,0223,0,01
10459081,3228390016,0221,0,EX
10459081,3228390016,0222,0,01
10459081,3228390016,0222,0,FI
10459081,3228390016,0222,0,EX
12736802,3228390016,1709,0,FI
12736802,3228390016,0223,0,01
10803714,3228390016,1709,4,01
12576881,3228390016,0221,0,EX
12576881,3228390016,0156,0,EX
11323147,3228390016,1709,0,FI
11323147,3228390016,0221,0,01
11323147,3228390016,0222,0,02
11323147,3228390016,0222,0,EX
10762386,3162077488,1227,4,01
10762386,3162077488,1235,5,01
13112701,3162077488,1227,9,01
13112701,3162077488,1235,8,FI
10766806,3162077488,1228,10,01
10776722,3162077488,CV0002,2,FI
10776722,3162077488,1227,0,01
10776722,3162077488,1235,0,EX
10932819,3162077488,1230,7,FI
10789649,3162077488,1230,8,FI
10789649,3162077488,1234,7,01
10789649,3162077488,1234,7,FI
11667242,3162077488,CV0002,9,FI
11744036,3162077488,1227,9,FI
11744036,3162077488,1237,0,FO
10909605,3162077488,CV0002,7,FI
10909605,3162077488,1230,8,FI
10909605,3162077488,1235,6,FI
10761942,3162077488,1228,9,01
10889204,3162077488,1227,5,01
10889204,3162077488,1227,7,FI
10889204,3162077488,1235,6,FI
10897205,3162077488,1227,6,01
10897205,3162077488,1228,8,01
10897205,3162077488,1228,6,FI
10897205,3162077488,1234,6,FI
10897205,3162077488,1235,6,FI
10858044,3162077488,1227,7,FI
10858044,3162077488,1235,5,FI
10852104,3162077488,CV0002,6,01
10852104,3162077488,1228,5,FI
10852104,3162077488,1234,4,01
10852104,3162077488,1237,0,FO
10887844,3162077488,1228,6,FI
10887844,3162077488,1230,5,01
10887844,3162077488,1237,0,FO
10802935,3162077488,1228,6,FI
10802935,3162077488,1230,6,FI
10770893,3162077488,1228,5,EX
10920099,3162077488,1228,8,FI
10920099,3162077488,1234,8,01
12932662,3162077488,1230,10,FI
10851064,3162077488,CV0002,7,01
10851064,3162077488,1227,4,01
10851064,3162077488,1235,2,01
10718886,3162077600,1008,5,01
10690358,3162077600,1008,5,01
10690358,3162077600,1009,6,FI
10718081,3162077600,CV0004,6,FI
10718081,3162077600,1007,6,01
10718081,3162077600,1008,4,01
10427109,3162077600,1009,6,01
10427109,3162077600,1109,0,FI
10826692,3162077600,1009,8,01
10718081,3162077600,1012,4,PO
10852071,3162077600,1013,0,FO
10707845,3162077600,1009,7,FI
10707845,3162077600,1110,9,FI
10707845,3162077600,1013,0,FO
10375121,3162077600,1007,7,01
10375121,3162077600,1012,8,PO
10689153,3162077600,1009,5,01
10795882,3162077600,1007,7,01
10833265,3162077600,1007,9,01
10833265,3162077600,1109,9,01
10768351,3162077600,1008,8,01
10768351,3162077600,1012,8,PO
10768351,3162077600,1013,0,FO
10737190,3162077600,1008,8,FI
10737190,3162077600,1011,9,FI
10737190,3162077600,1012,8,PO
10426520,3162077600,1009,7,FI
10820754,3162077600,1009,6,FI
10820754,3162077600,1011,9,FI
10723795,3162077600,1007,9,01
10723795,3162077600,1009,6,01
10723795,3162077600,1011,8,FI
10279046,3162077600,1007,6,FI
10279046,3162077600,1009,4,01
10279046,3162077600,1012,0,PO
13282254,3162077600,1007,7,01
13282254,3162077600,1109,7,01
13282254,3162077600,1110,8,FI
13282254,3162077600,1013,0,FO
10698475,3162077600,CV0004,5,01
10698475,3162077600,1007,7,FI
10698475,3162077600,1008,5,FI
10698475,3162077600,1011,8,01
10698475,3162077600,1109,4,01
10698475,3162077600,1012,5,PO
10414557,3162077600,1012,6,PO
10792793,3162077600,1011,9,FI
10792793,3162077600,1109,9,FI
10792793,3162077600,1012,7,PO
10532574,3162077600,1007,0,FI
10532574,3162077600,1110,0,FI
10532574,3162077600,1012,0,PO
13040510,3162077600,CV0004,9,FI
11318428,3162077600,1110,9,01
11318428,3162077600,1013,0,FO
13243061,3162077600,CV0004,9,01
13243061,3162077600,1008,8,FI
13243061,3162077600,1109,8,FI
13243061,3162077600,1012,8,PO
10690015,3162077600,1012,10,PO
10378770,3162077600,1007,0,01
10378770,3162077600,1008,4,01
13249466,3162077600,1110,9,FI
10375621,3162077600,1011,9,01
10375621,3162077600,1011,9,FI
10375621,3162077600,1012,10,PO
10809481,3162077600,1109,8,01
12630557,3162077600,1007,0,FI
12735439,3162077600,1007,9,FI
12735439,3162077600,1008,8,FI
12735439,3162077600,1009,9,01
12735439,3162077600,1110,9,01
10816484,3162077600,1008,7,01
10816484,3162077600,1009,6,FI
10816484,3162077600,1110,7,01
12300236,3162077600,1008,7,01
13460322,3162077600,1007,0,FI
10434495,3162077600,1007,0,01
10434495,3162077600,1007,0,FI
10318774,3162077600,1011,9,FI
10318774,3162077600,1109,7,01
10318774,3162077600,1110,7,FI
10451295,3162077600,1007,0,FI
10803572,3162077600,CV0004,4,01
10803572,3162077600,1109,6,01
10736212,3162077600,1109,0,01
10736212,3162077600,1110,0,FI
10278035,3162077600,CV0004,8,FI
10278035,3162077600,1009,6,FI
10278035,3162077600,1012,9,PO
13242370,3162077600,1011,8,01
13242370,3162077600,1109,9,FI
10259264,3162077600,1008,9,01
10259264,3162077600,1011,9,FI
10354121,3162077600,1007,1,FI
10691616,3162077600,1008,7,01
10296770,3162077600,1008,6,FI
13242369,3162077600,CV0004,0,01
13242369,3162077600,1008,0,EX
10404684,3162077600,CV0004,4,FI
10318925,3162077600,1009,5,01
10318925,3162077600,1009,6,FI
10318925,3162077600,1011,6,01
10431067,3162077600,1008,5,01
10431067,3162077600,1009,7,FI
10431067,3162077600,1110,7,FI
10792522,3162077600,1007,5,01
10792522,3162077600,1007,6,FI
10792522,3162077600,1009,7,01
10792522,3162077600,1109,6,01
11074029,3162077551,0823,7,FI
11074029,3162077551,0822,7,FI
10804683,3162077551,0823,8,FI
10397145,3162077551,0826,8,FI
10752122,3162077551,0826,7,FI
10808796,3162077551,0827,7,01
10808796,3162077551,0830,0,FO
10713535,3162077551,CV0004,9,FI
10713535,3162077551,0823,7,FI
10713535,3162077551,0824,6,FI
10323951,3162077551,0823,6,01
10323951,3162077551,0824,7,01
10729579,3162077551,0827,9,FI
10770133,3162077551,CV0004,9,FI
10770133,3162077551,0827,6,FI
10706042,3162077551,0825,6,FI
10706042,3162077551,0827,8,01
10706042,3162077551,0830,0,FO
13288446,3162077551,0827,9,01
13288446,3162077551,0826,7,01
10819055,3162077551,0823,7,FI
10819055,3162077551,0828,5,PO
10748318,3162077551,CV0004,6,01
10748318,3162077551,CV0004,6,FI
10748318,3162077551,0823,4,01
10748318,3162077551,0823,5,FI
10748318,3162077551,0824,6,FI
13293379,3162077551,0824,6,FI
13293379,3162077551,0830,0,FO
13293379,3162077551,CV0010,6,FI
10758378,3162078584,243265,9,02
10758378,3162078584,243267,8,02
10699142,3162078584,243264,3,01
13446594,3162078584,243266,4,01
13446594,3162078584,243264,4,02
13446594,3162078584,243264,7,FI
13448029,3162078584,243264,9,FI
11066151,3162078584,243266,8,FI
10791102,3162078584,243266,7,01
10791102,3162078584,243266,8,02
10791102,3162078584,243264,7,FI
10698470,3162078584,243267,8,02
10698470,3162078584,243267,9,FI
10698470,3162078584,243266,9,FI
10698470,3162078584,243264,8,01
11285049,3162078584,243265,10,01
11285049,3162078584,243265,10,FI
10347923,3162078584,243266,10,02
10675598,3162078584,243265,8,02
10675598,3162078584,243266,0,02
10675598,3162078584,243264,6,01
10783224,3162078584,243266,7,01
10783224,3162078584,243266,9,02
10783224,3162078584,243264,9,02
13447274,3162078584,243266,8,01
13447284,3162078584,243265,9,FI
13447284,3162078584,243267,9,01
13447284,3162078584,243266,9,02
13447284,3162078584,243264,8,FI
13035877,3162078584,243264,9,02
10699108,3162078584,243267,10,FI
10699108,3162078584,243264,8,FI
13467527,3162078584,243264,4,01
10287428,3162078584,243267,8,01
10287428,3162078584,243267,9,FI
10287428,3162078584,243266,8,01
13475004,3162078584,243265,9,02
13475004,3162078584,243266,9,FI
13475004,3162078584,243264,9,FI
11316049,3162078584,243264,4,02
11316053,3162078584,243267,10,01
10869145,3162078584,243264,7,FI
10814418,3162078584,243267,8,FI
10862205,3162078584,243265,9,02
10705571,3162078584,243266,8,FI
10705571,3162078584,243264,8,02
11564293,3162078584,243267,9,01
11564293,3162078584,243266,9,02
10745557,3162078584,243265,8,01
10745557,3162078584,243266,8,02
10515204,3162078591,243602,4,01
11251858,3162078591,243602,9,01
10645661,3162078591,243604,7,01
10689702,3162078591,243601,0,FO
10689702,3162078591,243604,4,01
10772056,3162078591,243271,4,01
10714036,3162078591,243271,10,FI
10714036,3162078591,243270,10,FI
10510771,3162078591,243602,8,01
10510771,3162078591,243271,9,FI
10510771,3162078591,243270,9,FI
10697594,3162078591,243604,7,01
10242875,3162078591,243271,4,FI
10850218,3162078591,243604,9,FI
10850218,3162078591,243271,8,01
10697823,3162078591,243604,6,01
10706060,3162078591,243601,0,FO
10706060,3162078591,243604,6,01
10697613,3162078591,243602,9,FI
10697613,3162078591,243604,8,01
10352409,3162078591,243271,8,01
10352409,3162078591,243271,9,FI
10711820,3162078591,243604,9,FI
10711820,3162078591,243271,9,01
10711820,3162078591,243270,9,01
13263308,3162076035,CV0004,5,FI
13263308,3162076035,0181,0,PE
13263308,3162076035,0175,5,FI
11568873,3162076035,0183,7,01
10805336,3162076035,0180,8,01
10805336,3162076035,0178,6,01
10487908,3162076035,0183,10,FI
13245158,3162076035,0176,6,01
13245158,3162076035,0175,6,01
10814531,3162076035,0180,10,FI
10838901,3162076035,CV0004,6,FI
10838901,3162076035,0180,7,01
10838901,3162076035,0176,6,FI
10581335,3162076035,CV0004,9,FI
10581335,3162076035,0181,10,FO
10581335,3162076035,0183,9,FI
10581335,3162076035,0178,9,FI
10581335,3162076035,0175,9,FI
10713910,3162076035,0180,8,01
10713910,3162076035,0180,8,FI
10713910,3162076035,0175,8,01
10706770,3162076035,0178,8,FI
10468091,3162076035,0178,8,FI
10468091,3162076035,0175,9,FI
10267575,3162076035,0175,1,01
10420918,3162076035,0176,7,01
11264068,3162076035,0181,5,FO
12679099,3162076035,CV0004,0,01
12679099,3162076035,CV0004,0,EX
12452324,3162076035,0178,3,FI
11921786,3162076035,0181,8,FO
13249462,3162076035,CV0004,5,FI
13249462,3162076035,0180,9,FI
13249462,3162076035,0181,9,FO
13249462,3162076035,0184,0,FO
12730900,3162076035,0180,0,01
10301350,3162076035,0176,9,FI
10301350,3162076035,0178,8,01
10264508,3162076035,0181,0,PE
10264508,3162076035,0181,0,FO
10264508,3162076035,0183,0,01
10264508,3162076035,0175,4,FI
10411178,3162076098,0180,7,01
10411178,3162076098,0402,7,01
10411178,3162076098,0402,7,FI
10411178,3162076098,0399,9,01
10282475,3162076098,CV0004,9,01
10282475,3162076098,0180,4,FI
10282475,3162076098,0403,0,FO
10282475,3162076098,0397,9,01
10675919,3162076098,CV0004,8,FI
10675919,3162076098,0180,7,01
10513851,3162076098,0180,4,01
10513851,3162076098,0400,0,PO
10837553,3162076098,0398,9,01
10837553,3162076098,0180,6,FI
10305439,3162076098,0400,6,PO
10305439,3162076098,0399,6,FI
10699672,3162076098,CV0004,7,01
10699672,3162076098,0398,4,01
10699672,3162076098,0399,8,FI
10707825,3162076098,0399,3,01
12468964,3162076098,0402,6,FI
10778000,3162076098,0398,8,FI
12398431,3162076098,0398,9,01
13127380,3162076098,0398,8,FI
13127380,3162076098,0402,6,01
10709639,3162076098,CV0004,7,FI
10709639,3162076098,0397,8,01
10691269,3162076098,0398,4,FI
10691269,3162076098,0398,7,EX
10691269,3162076098,0403,0,FO
10691269,3162076098,0400,6,PO
13456089,3162076098,0400,6,PE
10664986,3162076119,0386,7,01
11632133,3162076119,0385,8,01
11632133,3162076119,0387,8,FI
10690446,3162076119,0385,8,FI
10696634,3162076119,CV0004,9,01
10696634,3162076119,0388,9,PO
10696634,3162076119,0390,8,01
12058330,3162076119,0180,5,EX
12058330,3162076119,0386,8,FI
10742990,3162076119,CV0004,9,01
10742990,3162076119,CV0004,9,FI
10742990,3162076119,0180,9,01
10742990,3162076119,0387,9,FI
10365373,3162076119,0388,0,PO
10277303,3162076119,CV0004,8,FI
10277303,3162076119,0180,4,01
10610383,3162076119,0180,4,01
10610383,3162076119,0391,0,FO
10377321,3162076119,0388,0,PE
10926432,3162079713,CV0002,8,01
10926432,3162079713,0443,7,FI
10926432,3162079713,0448,9,01
10737176,3162079713,CV0002,9,FI
10916753,3162079713,0446,7,01
10916753,3162079713,0443,5,01
10888026,3162079713,0446,7,01
10888026,3162079713,0448,8,01
12890835,3162079713,0443,4,01
11594116,3162079713,0446,4,FI
10688886,3162079713,CV0002,4,01
10688886,3162079713,0443,7,FI
10924358,3162079713,0451,0,FO
10798521,3162079713,0448,7,01
10657315,3162079713,0451,0,FO
10793462,3162079713,0442,7,01
13457085,3162079713,CV0002,8,FI
12424801,3162079713,0443,8,01
10431853,3162079713,0448,7,01
13101838,3162079713,0448,7,FI
10308441,3162079713,0443,0,01
10416752,3162079713,0448,4,01
11738860,3162079713,0448,0,01
11738860,3162079713,0448,0,FI
10325396,3162079713,0443,7,01
10325396,3162079713,0451,0,FO
12731696,3162079713,0442,10,01
12731696,3162079713,0448,8,01
12731696,3162079713,0448,8,FI
11235555,3162079713,0443,0,FI
11780432,3162079713,0443,8,01
11780432,3162079713,0442,7,FI
12380827,3162079713,0443,0,01
12380827,3162079713,0442,3,FI
13249406,3162079713,0446,4,FI
10940185,3162079713,0442,8,FI
12736231,3162079713,0442,9,01
11240615,3162079713,0448,2,01
12116573,3162079713,0446,7,01
12116573,3162079713,0443,8,01
12116573,3162079713,0448,7,01
13459444,3162079713,CV0002,0,01
11502410,3162079713,0443,7,FI
11402624,3162079713,CV0002,7,01
11402624,3162079713,0443,6,FI
10410324,3162079713,0443,4,EX
10410324,3162079713,0448,0,FI
13263684,3162079713,0442,9,FI
12832437,3162079713,0448,6,FI
11479322,3162079713,0448,0,01
10264521,3162079713,0443,6,FI
10410551,3162079790,0654,5,01
10852355,3162079790,0657,6,PE
10852355,3162079790,0653,6,FI
13282224,3162079790,CV0004,6,FI
13282224,3162079790,0654,8,01
10835661,3162079790,CV0004,8,FI
12840433,3162079790,0656,8,FI
10679661,3162079790,0655,8,FI
10679661,3162079790,0657,0,PO
10679661,3162079790,0652,6,01
10679661,3162079790,0652,5,FI
10437711,3162079790,0656,6,FI
11262097,3162079790,CV0004,9,FI
11262097,3162079790,0655,9,01
12839144,3162079790,CV0004,7,01
12839144,3162079790,0655,3,01
12839144,3162079790,0652,4,01
10679690,3162079790,0657,5,PO
10679690,3162079790,0653,4,01
10679690,3162079790,0653,6,FI
13038791,3162079790,0653,7,01
13038791,3162079790,0654,7,01
10743003,3162079790,CV0004,8,FI
10743003,3162079790,0652,7,FI
10652411,3162079790,0654,6,FI
10515573,3162079790,0653,3,01
10515573,3162079790,0654,0,01
11825237,3162079790,0657,0,PO
11825237,3162079790,0656,7,FI
10862522,3162079790,0652,6,01
10711877,3162079790,0654,6,01
10829023,3162079790,0652,7,FI
10829023,3162079790,0656,5,01
10707732,3162079790,0653,5,01
10707732,3162079790,0653,7,FI
13245586,3162079790,CV0004,10,01
13245586,3162079790,CV0004,10,FI
13245586,3162079790,0655,10,01
10819298,3162079790,0655,6,FI
10819298,3162079790,0652,6,FI
10819298,3162079790,0656,6,01
10819298,3162079790,0654,6,01
10819298,3162079790,0654,6,FI
11144559,3162079790,0653,10,FI
13246215,3162079790,CV0004,7,FI
13246215,3162079790,0654,7,FI
11335638,3162079790,0652,4,01
11335638,3162079790,0653,1,01
11335638,3162079790,0656,8,FI
10689191,3162079790,CV0004,8,FI
10689191,3162079790,0655,10,FI
10689191,3162079790,0657,9,PO
10689191,3162079790,0656,9,FI
10689191,3162079790,0660,0,FO
10689191,3162079790,0654,10,FI
11409670,3162079790,CV0004,0,01
11409670,3162079790,0652,0,FI
11409670,3162079790,0652,0,EX
11409670,3162079790,0653,0,EX
11409670,3162079790,0656,0,01
13320897,3162079790,0652,2,FI
13320897,3162079790,0653,0,01
12491074,3162079790,0652,7,EX
12491074,3162079790,0653,0,01
12491074,3162079790,0656,9,01
12491074,3162079790,0656,8,FI
12731205,3162079790,0653,3,01
12568905,3162079790,CV0004,0,01
12568905,3162079790,CV0004,0,EX
10816926,3162079790,0652,5,FI
10816926,3162079790,0654,0,FI
10816926,3162079790,0654,0,EX
10300393,3162079790,0653,6,01
10300393,3162079790,0653,6,FI
13248595,3162079790,CV0004,6,FI
12735122,3162079790,0657,4,PO
13527455,3162079790,0655,7,FI
11875204,3162079790,0655,0,FI
13298754,3162079790,0655,0,FI
13298754,3162079790,0653,0,01
10283680,3162079790,0655,0,FI
10283680,3162079790,0654,0,FI
10283680,3162079790,0654,0,EX
13248312,3162079790,0655,0,FI
12731503,3162079790,0655,0,01
12731503,3162079790,0653,0,01
12731503,3162079790,0656,8,01
11246656,3162079790,0655,8,FI
11246656,3162079790,0656,8,FI
11246656,3162079790,0654,0,FI
11553064,3162079790,0653,6,FI
10416763,3162079790,0656,0,01
13457149,3162079790,0657,6,PO
10730130,3162079790,0653,6,01
10730130,3162079790,0654,0,EX
10451024,3162079790,0652,5,01
10451024,3162079790,0652,9,EX
10451024,3162079790,0656,8,01
10349643,3162079790,0652,3,FI
13038756,3162079790,0654,6,01
13248215,3162079790,CV0004,5,01
13038797,3162079790,CV0004,8,FI
13038797,3162079790,0652,0,01
13038797,3162079790,0653,0,EX
10323618,3162079790,CV0004,4,01
10323618,3162079790,0654,3,EX
10327143,3162079790,0652,3,FI
11312274,3162079790,0655,6,01
13242362,3162079790,0652,3,01
10840651,3162079860,5022,8,01
10840651,3162079860,5023,10,01
10840651,3162079860,5024,9,01
11263266,3162079860,5021,9,01
11263266,3162079860,5025,7,FI
11263266,3162079860,5026,9,FI
12724396,3162079860,5024,9,FI
12724396,3162079860,5025,10,FI
10380889,3162079860,5022,6,01
10380889,3162079860,5025,1,01
10380889,3162079860,5026,8,01
10846791,3162079860,5025,9,FI
11430890,3162079860,5026,6,01
10652552,3162079860,5022,9,01
10652552,3162079860,5025,10,01
10652552,3162079860,5025,10,FI
10810094,3162079860,5025,0,EX
10810094,3162079860,5026,8,FI
10355633,3162079860,5021,8,FI
10355633,3162079860,5022,7,FI
10355633,3162079860,5025,2,01
11482158,3162079860,5023,7,FI
10808794,3162079860,5021,9,FI
12874164,3162079860,5026,8,01
10781314,3162079860,5024,8,FI
10678728,3162079860,5022,4,FI
10586308,3162079860,5021,9,FI
10586308,3162079860,5022,7,01
10586308,3162079860,5026,9,01
10799062,3162079874,5071,8,01
10736698,3162079874,5071,8,01
10328167,3162079874,5074,0,01
10328167,3162079874,5075,0,01
10841155,3162079874,5072,0,01
10841155,3162079874,5075,0,EX
10294470,3162079874,5073,0,EX
10294470,3162079874,5075,0,EX
10747327,3162079874,5072,8,01
10304881,3162079874,5073,0,EX
10304881,3162079874,5075,0,01
11502777,3162079874,5072,9,01
10726154,3162079874,5072,9,FI
10726154,3162079874,5074,10,FI
10516191,3162079874,5074,9,01
10516191,3162079874,5075,10,FI
10837507,3162079874,5073,0,EX
10837507,3162079874,5075,0,FI
10837507,3162079874,5075,0,EX
10405270,3162079874,5074,0,FI
10403933,3162079874,5073,0,FI
10676854,3162079874,5074,9,FI
10676854,3162079874,5075,9,FI
12923163,3162079874,5073,8,01
10406026,3162079874,5071,9,FI
10406026,3162079874,5072,8,FI
10406026,3162079874,5074,9,01
10406026,3162079874,5075,7,FI
12068421,3162079874,5071,9,FI
10837451,3162080071,0378,8,FI
10837451,3162080071,0377,6,01
10837451,3162080071,0376,8,FI
11635385,3162080071,0377,8,FI
11635385,3162080071,0376,9,01
10707778,3162080071,0374,2,01
10855729,3162080071,0376,10,FI
10611327,3162080071,0375,9,01
10611327,3162080071,0382,0,FO
10611327,3162080071,0374,10,FI
10837451,3162080071,0379,10,PO
10267085,3162080071,CV0004,8,01
10267085,3162080071,0378,6,01
10267085,3162080071,0375,6,01
10707901,3162080071,CV0004,7,FI
10707901,3162080071,0377,6,01
10832107,3162080071,0381,9,FI
10832107,3162080071,0375,8,01
10832107,3162080071,0377,8,FI
10832107,3162080071,0376,9,01
10679688,3162080071,0378,7,FI
10679688,3162080071,0382,0,FO
10679688,3162080071,0374,7,01
10707654,3162080071,0375,7,FI
10676228,3162080071,0377,7,FI
10864476,3162080071,CV0004,7,FI
10864476,3162080071,0376,8,01
10864476,3162080071,0374,7,01
10832097,3162080071,0378,5,FI
10832097,3162080071,0377,6,FI
10832097,3162080071,0374,3,FI
12722174,3162080071,0375,4,FI
12722174,3162080071,0375,7,EX
13257199,3162080071,0376,9,FI
10634348,3162080071,0382,0,FO
10963354,3162080071,0377,9,FI
10963354,3162080071,0376,9,FI
10748092,3162080071,0377,4,01
10748092,3162080071,0376,7,01
10748092,3162080071,0376,4,FI
10691654,3162080071,0378,7,FI
10691654,3162080071,0375,7,FI
10691654,3162080071,0376,7,FI
10687382,3162080071,0378,5,EX
10687382,3162080071,0375,0,FI
10687382,3162080071,0376,2,FI
10687382,3162080071,0374,7,01
10500950,3162080071,0376,0,FI
10711859,3162080071,0375,0,FI
10711859,3162080071,0377,0,01
10711859,3162080071,0376,0,FI
10711859,3162080071,0376,0,EX
10711859,3162080071,0374,0,EX
10293307,3162079993,CV0004,8,FI
13248857,3162079993,CV0004,9,FI
13248857,3162079993,0490,0,01
10679671,3162079993,0486,0,FI
12636620,3162079993,0490,0,01
12636620,3162079993,0489,0,01
10364384,3162079993,0489,8,01
10525745,3162079993,0490,8,FI
10525745,3162079993,0488,0,01
10437714,3162079993,0488,3,01
10365185,3162079993,0491,7,01
12427040,3162079993,CV0004,6,01
13459614,3162079993,0491,0,FI
13459614,3162079993,0490,0,01
13459614,3162079993,0490,0,EX
13459614,3162079993,0489,0,FI
13459614,3162079993,0486,0,EX
11254010,3162079993,0488,8,01
10332148,3162079993,0494,0,EX
11400429,3162079993,0490,0,EX
10279313,3162079993,0491,7,FI
10279313,3162079993,0490,0,FI
10279313,3162079993,0489,6,01
10279313,3162079993,0488,5,FI
10279313,3162079993,0486,4,01
10279313,3162079993,0486,7,FI
10640914,3162079993,0491,7,01
10640914,3162079993,0488,8,FI
10905913,3162079993,0490,0,01
10905913,3162079993,0488,0,FI
13245900,3162079993,0491,7,01
11059130,3162079993,0488,2,FI
12735228,3162079993,0490,7,01
10277644,3162079993,0494,0,EX
10277644,3162079993,0491,0,01
11904882,3162079993,CV0004,5,FI
11904882,3162079993,0488,1,01
11904882,3162079993,0486,0,FI
12636390,3162079993,0491,8,01
10635824,3162079993,CV0004,5,01
10635824,3162079993,0494,7,FI
10635824,3162079993,0489,7,01
10635824,3162079993,0489,7,FI
10711791,3162079957,0615,4,01
10711791,3162079957,0614,4,FI
10666129,3162079957,0615,6,01
10666129,3162079957,0615,6,FI
10837069,3162079957,0615,7,FI
10736098,3162079957,0619,0,FO
10736098,3162079957,0615,7,01
10254986,3162079957,0619,0,FO
10254986,3162079957,0618,10,FI
10201417,3162079957,0618,10,FI
10201417,3162079957,0613,9,01
10730670,3162079957,0614,7,01
10730670,3162079957,0613,10,01
10730670,3162079957,0612,9,01
10820972,3162079957,0613,8,01
12736124,3162079957,0612,8,FI
10663063,3162079957,0615,9,FI
10663063,3162079957,0614,9,FI
10663063,3162079957,0613,2,01
10392051,3162079957,0618,8,FI
10392051,3162079957,0615,4,FI
10392051,3162079957,0613,7,FI
10489583,3162079957,0614,8,FI
10489583,3162079957,0613,10,FI
11736342,3162079957,0616,10,PO
10689194,3162079957,CV0004,7,01
10689194,3162079957,0612,7,01
10817332,3162079957,0613,6,01
10817332,3162079957,0613,7,FI
10817332,3162079957,0612,8,FI
10657057,3162079957,0614,4,01
10027669,3162079936,0231,0,FO
10910799,3162079936,0224,7,01
10912321,3162079936,CV0002,9,01
10912321,3162079936,0226,10,FI
10912321,3162079936,0224,10,FI
10837080,3162079936,0230,9,FI
10837080,3162079936,0228,8,01
10837080,3162079936,0224,8,FI
10819052,3162079936,0228,4,01
10888617,3162079936,0230,6,01
10888617,3162079936,0226,7,01
10888617,3162079936,0231,0,FO
10888617,3162079936,0227,8,FI
10892259,3162079936,0226,5,01
10892259,3162079936,0226,6,FI
10892259,3162079936,0227,5,01
10911129,3162079936,CV0002,10,01
10911129,3162079936,0228,7,FI
10911129,3162079936,0231,0,FO
13261957,3162079936,CV0002,4,01
13261957,3162079936,0228,6,01
10663109,3162079936,0224,0,FI
10663109,3162079936,0224,0,EX
11088604,3162079936,CV0002,10,01
11088604,3162079936,0230,7,01
11088604,3162079936,0224,10,FI
10909591,3162079936,CV0002,9,01
10909591,3162079936,0227,7,01
10390554,3162079936,CV0002,6,FI
10390554,3162079936,0228,9,01
10017433,3162079936,0226,9,01
10017433,3162079936,0224,7,01
10895404,3162079936,0226,10,FI
12730601,3162079936,0226,9,01
12505624,3162079936,CV0002,4,01
12505624,3162079936,0230,8,FI
12505624,3162079936,0224,6,01
13086978,3162079936,0228,8,01
13086978,3162079936,0226,7,01
13086978,3162079936,0227,7,FI
10283255,3162079936,0224,7,FI
10283255,3162079936,0231,0,FO
11420126,3162079936,0228,0,01
11407222,3162079936,0230,9,01
10679666,3162079936,0224,0,FI
11825745,3162079936,0227,0,EX
12603629,3162079936,0228,0,01
12603629,3162079936,0226,0,01
13250561,3162079936,CV0002,0,FI
13250561,3162079936,0227,0,EX
10416745,3162079936,0230,0,EX
10978459,3162079936,CV0002,0,FI
10978459,3162079936,0227,0,01
10260898,3162075411,028505,8,FI
10260898,3162075411,028503,7,01
10260898,3162075411,028100,9,01
12921679,3162075411,028504,10,02
12921679,3162075411,028504,9,FI
12921679,3162075411,028505,6,FI
12921679,3162075411,028001,6,02
12921679,3162075411,028503,4,01
12921679,3162075411,028501,8,02
13452193,3162075411,028504,9,01
13452193,3162075411,028504,9,FI
13452193,3162075411,028501,9,02
13452193,3162075411,028100,10,01
10767533,3162075411,028504,10,FI
10767533,3162075411,028501,9,01
10767533,3162075411,028501,10,FI
10767533,3162075411,028100,9,FI
10471049,3162075411,028504,10,02
10471049,3162075411,028503,9,FI
10471049,3162075411,028501,10,FI
10464351,3162075411,028502,8,02
10464351,3162075411,028505,0,02
10892583,3162075411,028503,4,FI
10892583,3162075411,028501,3,FI
10931651,3162075411,028502,7,02
10931651,3162075411,028001,7,02
10931651,3162075411,028503,4,02
10931651,3162075411,028100,9,FI
10783770,3162075411,028502,4,01
10783770,3162075411,028504,7,02
10783770,3162075411,028505,6,FI
10783770,3162075411,028001,8,FI
11006716,3162075411,028505,4,01
11006716,3162075411,028503,7,FI
11006716,3162075411,028100,6,01
11004261,3162075411,028504,7,FI
11004261,3162075411,028505,0,01
11004261,3162075411,028001,7,02
11004261,3162075411,028100,8,FI
10333832,3162075411,028504,7,02
10333832,3162075411,028501,2,01
10333832,3162075411,028501,4,02
10901871,3162075411,028504,9,02
10901871,3162075411,028503,4,02
11001548,3162075411,028502,7,02
11001548,3162075411,028001,9,02
11001548,3162075411,028503,7,02
11001548,3162075411,028501,8,01
11001548,3162075411,028100,9,02
10409975,3162075411,028505,0,02
10409975,3162075411,028505,0,EX
13451031,3162075411,028504,3,02
13451031,3162075411,028505,4,02
13451031,3162075411,028501,8,FI
10428502,3162075411,028001,8,02
10428502,3162075411,028501,5,01
10428502,3162075411,028501,6,FI
10904286,3162075411,028502,7,FI
12869703,3162075411,028505,4,02
12869703,3162075411,028001,7,01
12869703,3162075411,028503,4,02
12869703,3162075411,028501,4,02
11176344,3162075411,028502,7,FI
11176344,3162075411,028503,4,02
11025178,3162075411,028502,5,02
11025178,3162075411,028503,7,01
11318443,3162075411,028502,10,01
11318443,3162075411,028501,10,FI
10906346,3162075411,028505,8,01
10927446,3162075411,028502,9,01
10777684,3162075411,028503,4,FI
10777684,3162075411,028501,7,FI
10777684,3162075411,028100,10,02
12941115,3162075411,028504,10,01
12941115,3162075411,028505,9,02
12941115,3162075411,028001,7,02
12941115,3162075411,028100,9,02
13246042,3162075411,028503,10,01
13156002,3162075411,028501,0,01
13156002,3162075411,028100,8,01
10926900,3162075411,028505,9,01
13287506,3162075411,028502,9,FI
10801002,3162075411,028502,8,01
10801002,3162075411,028001,5,01
10801002,3162075411,028001,8,FI
10801002,3162075411,028503,7,01
10801002,3162075411,028501,9,02
13071991,3162075411,028502,10,FI
13071991,3162075411,028001,9,02
13071991,3162075411,028503,10,01
13071991,3162075411,028503,10,FI
13071991,3162075411,028501,6,02
11260593,3162075411,028001,0,02
11260593,3162075411,028503,4,01
10895653,3162075411,028502,8,FI
10895653,3162075411,028504,9,01
10895653,3162075411,028505,8,01
10698491,3162075411,028502,6,FI
10698491,3162075411,028001,3,01
13124409,3162075411,028502,8,FI
13124409,3162075411,028505,4,02
13124409,3162075411,028501,6,01
11328075,3162075411,028501,5,01
10496467,3162075411,028502,10,01
12879841,3162075411,028505,0,01
10924060,3162075411,028505,4,01
13456219,3162075411,028502,10,02
13456219,3162075411,028505,8,FI
13456219,3162075411,028001,9,FI
10906500,3162075411,028100,6,FI
11231768,3162075411,028502,0,01
10904182,3162075411,028502,8,02
10904182,3162075411,028503,7,FI
10904182,3162075411,028501,9,01
10904182,3162075411,028100,8,FI
13458419,3162075411,028505,8,01
13458419,3162075411,028001,9,FI
13458419,3162075411,028501,6,02
11032717,3162075411,028504,10,02
10446775,3162075411,028501,0,FI
10446775,3162075411,028100,0,EX
10912191,3162075411,028503,3,01
13095949,3162075411,028504,8,FI
13095949,3162075411,028501,7,02
13456990,3162075411,028100,6,01
13458439,3162075411,028505,8,01
13458439,3162075411,028001,9,01
10718947,3162075411,028502,10,02
10718947,3162075411,028505,7,01
10718947,3162075411,028503,9,FI
10718947,3162075411,028501,7,01
10251126,3162075411,028001,0,01
10251126,3162075411,028100,0,01
11076555,3162075411,028502,0,FI
11076555,3162075411,028505,3,01
11076555,3162075411,028503,2,01
11076555,3162075411,028501,2,01
11076555,3162075411,028501,0,EX
10511909,3162075411,028505,0,02
10511909,3162075411,028503,0,01
11321787,3162075411,028502,10,02
11321787,3162075411,028505,9,02
11321787,3162075411,028100,10,02
11321787,3162075411,028100,10,FI
10705766,3162075411,028505,0,FI
10705766,3162075411,028501,0,02
13364778,3162075411,028503,9,01
10401257,3162075411,028503,10,01
10401257,3162075411,028503,10,02
12151166,3162075411,028502,8,01
12151166,3162075411,028505,4,01
10803834,3162075411,028502,7,01
10803834,3162075411,028001,8,FI
10803834,3162075411,028100,7,01
10442635,3162075411,028503,0,FI
13514018,3162075411,028502,9,FI
13514018,3162075411,028100,10,02
13514018,3162075411,028100,8,FI
10894182,3162075411,028001,7,02
11013996,3162075411,028504,9,01
11013996,3162075411,028100,9,01
13459090,3162075411,028505,9,FI
13459090,3162075411,028501,8,01
10681066,3162075411,028503,10,01
10616148,3162075411,028100,8,FI
10491541,3162075411,028502,9,02
10491541,3162075411,028503,8,FI
10491541,3162075411,028501,7,02
11144881,3162075411,028502,7,01
11144881,3162075411,028502,8,02
11144881,3162075411,028502,0,EX
11144881,3162075411,028505,4,02
11144881,3162075411,028505,0,EX
12451319,3162075411,028001,9,01
12510297,3162075411,028502,10,02
12510297,3162075411,028504,6,01
12510297,3162075411,028503,10,02
12510297,3162075411,028100,8,01
12510297,3162075411,028100,8,02
10382918,3162075411,028502,7,FI
10382918,3162075411,028503,8,01
12373449,3162075411,028502,8,01
12373449,3162075411,028502,9,FI
12373449,3162075411,028001,8,FI
10241444,3162075411,028503,0,EX
11664133,3162075411,028505,8,01
11664133,3162075411,028100,10,02
11664133,3162075411,028100,8,FI
10017418,3162075411,028502,8,02
10017418,3162075411,028501,7,01
10017418,3162075411,028100,9,01
13230238,3162075411,028504,0,01
11027241,3162075411,028503,8,02
13035254,3162075411,028504,7,FI
13035254,3162075411,028505,4,01
13035254,3162075411,028505,4,02
13035254,3162075411,028503,8,01
13035254,3162075411,028100,8,FI
13124410,3162075411,028001,9,FI
12877007,3162075411,028504,4,01
12877007,3162075411,028505,7,FI
12877007,3162075411,028501,7,02
10407717,3162075411,028505,0,01
10407717,3162075411,028001,0,02
10407717,3162075411,028100,0,01
12630701,3162075411,028502,10,FI
12630701,3162075411,028505,8,01
12630701,3162075411,028505,9,02
12630701,3162075411,028503,9,01
12630701,3162075411,028503,10,02
10388125,3162075411,028502,8,FI
10388125,3162075411,028001,7,FI
10388125,3162075411,028503,8,02
10388125,3162075411,028501,8,02
10925235,3162075411,028505,4,01
10925235,3162075411,028001,0,FI
10925235,3162075411,028501,0,EX
13365806,3162075411,028504,10,FI
11236141,3162075411,028505,7,FI
11236141,3162075411,028503,8,FI
13289936,3162075411,028505,7,01
13289936,3162075411,028503,10,FI
13289936,3162075411,028501,8,01
12618601,3162075411,028502,0,FI
10952090,3162075411,028502,7,02
10952090,3162075411,028503,9,01
10952090,3162075411,028100,8,01
13461512,3162075411,028504,8,02
13001804,3162075418,028601,0,F2
10784833,3162075418,028601,0,F3
10823864,3162075418,028601,0,F3
10804587,3162075418,028601,0,FO
13095162,3162075418,028601,0,F2
10657224,3162075539,1373,8,01
10657224,3162075539,1377,9,FI
10652405,3162075539,1371,0,FI
10652405,3162075539,1373,8,FI
10652405,3162075539,1374,0,01
10351740,3162075539,1374,9,FI
10831149,3162075539,1372,8,FI
10831149,3162075539,1373,8,FI
10486854,3162075539,1373,4,FI
10701794,3162075539,1371,7,01
10701794,3162075539,1373,8,FI
11316204,3162075539,1371,8,FI
13242130,3162075539,1371,10,01
13242130,3162075539,1374,10,01
13242130,3162075539,1374,10,FI
13281830,3162075539,1374,8,01
10834203,3162075539,CV0004,8,01
10834203,3162075539,1375,8,PO
10834203,3162075539,1378,0,FO
10834203,3162075539,1371,6,01
10834203,3162075539,1373,8,01
10834203,3162075539,1374,8,FI
10396024,3162075539,1371,7,01
10620831,3162075539,1372,7,FI
10822528,3162075539,1374,9,01
10657734,3162075539,1372,4,01
10657734,3162075539,1373,7,01
10328898,3162075539,1375,0,PO
10859549,3162075539,1371,9,FI
10859549,3162075539,1377,8,01
10711968,3162075539,1373,9,FI
13256847,3162075539,1375,10,PO
13256847,3162075539,1373,9,01
10679716,3162075539,1372,10,FI
10698110,3162075539,1377,9,FI
10505116,3162075539,1373,7,01
10505116,3162075539,1374,4,01
10319363,3162075539,1371,8,FI
10319363,3162075539,1377,8,FI
10839832,3162075539,1373,6,FI
12739203,3162075539,1378,0,FO
12739203,3162075539,1374,8,01
12739203,3162075539,1377,8,FI
10027372,3162075539,1372,9,01
10689174,3162075539,1378,0,FO
10698052,3162075539,1374,4,FI
10817396,3162075539,CV0004,8,FI
10817396,3162075539,1372,7,FI
10324078,3162075539,1374,9,01
10324078,3162075539,1377,8,FI
10781254,3162075539,1371,8,01
10742955,3162075539,1375,9,PO
10742955,3162075539,1372,9,01
11831183,3162075539,1374,8,01
11831183,3162075539,1377,9,FI
10734168,3162075539,1371,7,01
10734168,3162075539,1372,7,FI
10707900,3162075539,1371,7,01
10707900,3162075539,1374,8,FI
10707896,3162075539,CV0004,7,FI
10707896,3162075539,1378,0,FO
10590166,3162075539,1375,0,P1
10392520,3162075539,1372,6,FI
10635766,3162075539,1371,4,01
10635766,3162075539,1374,4,FI
10735610,3162075539,CV0004,8,FI
10735610,3162075539,1375,9,PO
10691132,3162075539,1378,0,FO
11155646,3162075539,1371,7,01
11155646,3162075539,1373,7,FI
10845796,3162075539,1371,4,EX
10503400,3162075539,1371,8,01
10503400,3162075539,1374,9,01
10937787,3162075539,1375,10,PO
10937787,3162075539,1377,9,01
13487291,3162075539,1372,1,01
13487291,3162075539,1372,2,FI
10802285,3228404816,1709,5,01
10802285,3228404816,0651,7,FI
10802285,3228404816,0648,8,01
10802285,3228404816,0649,4,02
10414870,3228404816,0657p,10,01
10414870,3228404816,0657p,9,02
10414870,3228404816,0651,8,01
10414870,3228404816,0650,9,02
10414870,3228404816,0649,9,01
10414870,3228404816,0649,8,FI
10414870,3228404816,0647,7,FI
13075443,3228404816,0657p,6,01
13075443,3228404816,0647,7,FI
10025295,3228404816,1709,7,01
10025295,3228404816,1709,7,02
10025295,3228404816,0648,6,01
10025295,3228404816,0647,7,02
10025295,3228404816,0647,4,FI
10025295,3228404816,0647,4,EX
12690668,3228404816,0651,7,01
12690668,3228404816,0650,10,FI
12690668,3228404816,0648,9,FI
12690668,3228404816,0649,9,01
12690668,3228404816,0649,10,02
13450442,3228404816,0651,0,01
13450442,3228404816,0651,0,EX
13450442,3228404816,0650,0,01
13450442,3228404816,0648,0,01
13450442,3228404816,0648,0,FI
13450442,3228404816,0648,0,EX
13450442,3228404816,0647,0,FI
10711948,3228404816,0651,6,FI
10711948,3228404816,0647,5,02
10244048,3228404816,0651,8,01
10244048,3228404816,0649,7,01
10509186,3228404816,0657p,10,FI
10509186,3228404816,0179,8,01
10509186,3228404816,0650,9,01
10509186,3228404816,0648,9,01
12332046,3228404816,0657p,10,02
12332046,3228404816,0650,5,FI
12332046,3228404816,0649,4,01
12332046,3228404816,0647,4,01
10452196,3228404816,0179,9,01
10452196,3228404816,0179,9,FI
10452196,3228404816,0648,9,02
10961892,3228404816,0657p,1,01
10961892,3228404816,0649,4,01
10961892,3228404816,0649,7,EX
10961892,3228404816,0647,4,01
10906957,3228404816,0657p,9,01
10906957,3228404816,0657p,8,FI
10906957,3228404816,0650,4,02
10906957,3228404816,0647,4,02
10906957,3228404816,0647,6,EX
10677373,3228404816,1709,0,FI
10677373,3228404816,0657p,9,01
10677373,3228404816,0650,0,02
10677373,3228404816,0649,8,01
10677373,3228404816,0647,0,EX
10350415,3228404816,0647,8,FI
10024578,3228404816,0650,8,FI
10024578,3228404816,0649,6,02
10024578,3228404816,0649,7,EX
10024578,3228404816,0647,7,02
10780784,3228404816,0657p,8,02
10780784,3228404816,0651,6,01
10780784,3228404816,0648,8,01
13078687,3228404816,0179,7,FI
13078687,3228404816,0651,9,01
13078687,3228404816,0650,9,02
13078687,3228404816,0648,8,01
13078687,3228404816,0648,10,02
13078687,3228404816,0647,8,FI
10679723,3228404816,0657p,9,02
10679723,3228404816,0651,7,02
10679723,3228404816,0650,8,02
10679723,3228404816,0648,4,01
10824617,3228404816,1709,7,FI
10824617,3228404816,0657p,8,FI
10824617,3228404816,0650,8,01
10824617,3228404816,0648,8,02
10824617,3228404816,0647,5,01
10840138,3228404816,0179,8,02
10840138,3228404816,0651,7,01
10840138,3228404816,0648,6,01
10840138,3228404816,0649,7,01
10017455,3228404816,0651,9,02
10017455,3228404816,0651,9,FI
10017455,3228404816,0647,9,FI
11806221,3228404816,0657p,7,FI
11806221,3228404816,0179,8,FI
11806221,3228404816,0648,7,01
11806221,3228404816,0649,8,01
10377895,3228404816,0657p,0,EX
10377895,3228404816,0179,0,02
10377895,3228404816,0179,0,FI
10377895,3228404816,0651,0,EX
10377895,3228404816,0648,0,FI
10377895,3228404816,0649,0,02
10377895,3228404816,0649,0,FI
10377895,3228404816,0647,0,01
10377895,3228404816,0647,0,EX
10661639,3228404816,0179,7,01
10357636,3228404816,0657p,8,02
11338343,3228404816,1709,6,01
11338343,3228404816,0657p,8,FI
11338343,3228404816,0179,7,02
11338343,3228404816,0648,8,02
10991112,3228404816,0651,9,02
10991112,3228404816,0647,8,01
10991112,3228404816,0647,9,FI
10819112,3228404816,0651,7,02
10819112,3228404816,0650,7,01
10819112,3228404816,0650,4,02
10819112,3228404816,0648,8,FI
10819112,3228404816,0649,8,FI
10953575,3228404816,0179,4,01
10953575,3228404816,0651,6,01
10953575,3228404816,0650,6,FI
10953575,3228404816,0648,7,02
10381846,3228404816,0179,9,01
13456235,3228404816,0651,0,02
13456235,3228404816,0648,0,01
10679695,3228404816,1709,6,01
10679695,3228404816,1709,7,02
10679695,3228404816,0179,8,FI
10679695,3228404816,0647,6,FI
10677900,3228404816,0647,8,02
10677900,3228404816,0647,7,FI
13476760,3228404816,0657p,9,01
13476760,3228404816,0657p,1,02
13476760,3228404816,0650,6,01
13476760,3228404816,0648,0,EX
13476760,3228404816,0647,0,02
13064420,3228404816,0650,7,01
13064420,3228404816,0647,7,FI
10256435,3228404816,0648,8,02
10256435,3228404816,0649,9,02
13060964,3228404816,0657p,0,EX
13060964,3228404816,0649,0,01
13060964,3228404816,0649,0,EX
13060964,3228404816,0647,0,01
13060964,3228404816,0647,0,EX
10279441,3228404816,1709,8,FI
10279441,3228404816,0657p,8,FI
10279441,3228404816,0179,9,01
10279441,3228404816,0651,8,01
10279441,3228404816,0651,9,FI
13264942,3228404816,1709,3,01
13264942,3228404816,0657p,1,02
13264942,3228404816,0179,2,02
10953290,3228404816,0179,8,FI
10953290,3228404816,0650,8,01
10463434,3228404816,0657p,8,01
10463434,3228404816,0657p,10,02
10463434,3228404816,0649,6,01
10463434,3228404816,0649,0,FI
10463434,3228404816,0647,4,01
11254695,3228404816,0179,0,02
11254695,3228404816,0648,0,EX
11254695,3228404816,0649,0,FI
11664368,3228404816,0657p,4,01
11664368,3228404816,0657p,0,FI
11664368,3228404816,0649,0,02
11481642,3228404816,0657p,0,02
11481642,3228404816,0657p,0,FI
11481642,3228404816,0651,0,EX
11889122,3228404816,0657p,8,01
11889122,3228404816,0651,7,FI
11889122,3228404816,0648,6,FI
11241112,3228404816,0657p,8,02
11241112,3228404816,0179,9,02
11241112,3228404816,0649,10,01
10819061,3228404816,0657p,9,02
10129831,3228404816,0657p,7,FI
10129831,3228404816,0647,7,01
10789628,3228404816,1709,7,01
10789628,3228404816,0657p,8,01
10789628,3228404816,0650,7,01
10789628,3228404816,0647,8,FI
10783588,3228404816,1709,6,01
10783588,3228404816,1709,6,FI
10783588,3228404816,0657p,10,02
10783588,3228404816,0650,7,FI
10783588,3228404816,0649,7,FI
13035060,3228404816,0651,6,01
13035060,3228404816,0650,7,01
13035060,3228404816,0649,3,02
13035179,3228404816,0657p,9,FI
13035179,3228404816,0650,6,02
10321979,3228404816,0647,0,02
10615771,3228404816,0657p,0,02
10615771,3228404816,0179,0,FI
10615771,3228404816,0648,0,EX
10615771,3228404816,0647,0,01
10679722,3228404816,0651,6,02
10679722,3228404816,0651,5,FI
10679722,3228404816,0648,5,02
10679722,3228404816,0649,5,01
10762368,3228413080,0370,6,01
10762368,3228413080,1709,8,FI
10762368,3228413080,0179,8,FI
10762368,3228413080,0373,6,02
10796295,3228413080,0379p,9,FI
10796295,3228413080,0373,9,FI
10796295,3228413080,0369,10,FI
10635003,3228413080,1709,9,02
10635003,3228413080,0370,10,02
10635003,3228413080,0371,10,FI
10635003,3228413080,0372,10,02
10635003,3228413080,0369,10,FI
10762343,3228413080,0179,7,02
10762343,3228413080,0372,9,01
10762343,3228413080,0372,10,02
10910600,3228413080,0179,9,02
10910600,3228413080,0372,7,01
10757735,3228413080,1709,5,FI
10757735,3228413080,0379p,9,FI
11082671,3228413080,0372,10,02
10849397,3228413080,0379p,9,01
10849397,3228413080,0371,9,FI
10805501,3228413080,0379p,7,FI
12854002,3228413080,0370,7,01
12854002,3228413080,0369,6,01
10840811,3228413080,0379p,9,FI
10840811,3228413080,0179,8,02
10840811,3228413080,0373,8,01
10840811,3228413080,0372,7,01
10840811,3228413080,0369,9,FI
10799789,3228413080,1709,8,02
10799789,3228413080,0379p,10,FI
10799789,3228413080,0179,9,FI
10799789,3228413080,0370,10,FI
10783280,3228413080,0379p,7,01
10783280,3228413080,0179,4,02
10783280,3228413080,0179,6,FI
10783280,3228413080,0369,4,01
10783280,3228413080,0369,4,FI
10652371,3228413080,0379p,9,FI
10762023,3228413080,0372,9,FI
10762023,3228413080,0369,9,02
10764453,3228413080,0370,7,01
10764453,3228413080,0370,8,FI
10764453,3228413080,0371,6,01
10813139,3228413080,1709,5,01
10813139,3228413080,0373,8,FI
10813139,3228413080,0372,7,01
10813139,3228413080,0372,7,FI
10756607,3228413080,0379p,9,02
10756607,3228413080,0179,8,02
10756607,3228413080,0179,9,FI
10762338,3228413080,0179,7,02
10762338,3228413080,0373,8,FI
10762338,3228413080,0369,9,FI
10823812,3228413080,0370,9,01
10823812,3228413080,0371,9,02
10823812,3228413080,0372,7,01
10780756,3228413080,1709,6,01
10780756,3228413080,0379p,7,02
10780756,3228413080,0372,8,02
10823807,3228413080,0379p,9,FI
10823807,3228413080,0179,7,01
10823807,3228413080,0370,7,01
10823807,3228413080,0373,8,FI
10823807,3228413080,0369,8,02
11064614,3228413382,1709,0,EX
11064614,3228413382,0373,0,02
11064614,3228413382,1709,0,FI
11064614,3228413382,0487,6,01
11064614,3228413382,0487,0,02
11067623,3228413382,0179,0,01
11067623,3228413382,0179,0,02
11067623,3228413382,0487,0,01
11067623,3228413382,0484,4,01
13042221,3228413382,0616p,0,01
13042221,3228413382,0487,0,FI
13042221,3228413382,0487,0,EX
13042221,3228413382,0485,0,01
13042221,3228413382,0484,0,EX
13042221,3228413382,0483,0,FI
10525885,3228413382,1709,0,02
10525885,3228413382,0616p,0,02
10525885,3228413382,0487,0,FI
10525885,3228413382,0484,0,01
13455308,3228413382,0179,8,02
10807600,3228413382,0179,10,FI
10807600,3228413382,0373,10,FI
10807600,3228413382,0487,10,FI
10381670,3228413382,0616p,10,02
10381670,3228413382,0485,0,FI
10679710,3228413382,0616p,9,01
10679710,3228413382,0373,8,01
10679710,3228413382,0485,4,02
10679710,3228413382,0483,8,FI
10736277,3228413382,0373,10,FI
10736277,3228413382,0487,10,FI
10736277,3228413382,0485,9,01
10736277,3228413382,0484,10,FI
10797348,3228413382,0484,8,02
10611084,3228413382,0616p,9,01
10611084,3228413382,0179,8,02
10611084,3228413382,0487,9,FI
10611084,3228413382,0485,7,02
10695479,3228413382,0616p,5,01
10695479,3228413382,0616p,0,FI
10695479,3228413382,0487,0,EX
10709604,3228413382,1709,9,01
10709604,3228413382,0487,9,01
10770964,3228413382,0373,10,01
10770964,3228413382,0487,8,02
10770964,3228413382,0485,8,01
10418675,3228413382,1709,8,FI
10418675,3228413382,0616p,5,01
10418675,3228413382,0373,0,EX
11161106,3228413382,1709,0,02
11161106,3228413382,0616p,0,02
11161106,3228413382,0373,0,FI
11161106,3228413382,0484,0,02
10718934,3228413382,0487,4,01
10718934,3228413382,0487,4,EX
10718934,3228413382,0484,4,01
10718934,3228413382,0483,6,02
10269408,3228413382,0373,0,02
10269408,3228413382,0485,0,02
10269408,3228413382,0485,0,EX
13460547,3228413382,1709,0,02
13460547,3228413382,0373,0,FI
13460547,3228413382,0484,0,FI
13460547,3228413382,0484,0,EX
10688878,3228413382,0487,9,02
11571094,3228413382,0373,0,01
11571094,3228413382,0484,0,FI
11332097,3228413382,0179,0,FI
11332097,3228413382,0179,0,EX
11332097,3228413382,0487,0,01
11332097,3228413382,0484,0,01
11332097,3228413382,0483,0,02
10453628,3228413382,1709,0,EX
10453628,3228413382,0179,0,01
10453628,3228413382,0487,0,02
10453628,3228413382,0484,0,EX
10453628,3228413382,0483,0,FI
12500233,3228413382,0179,0,01
12500233,3228413382,0487,0,01
12500233,3228413382,0487,0,EX
12500233,3228413382,0484,0,FI
10399058,3228413382,0487,0,02
10770657,3228413382,0179,9,01
10711977,3228413382,1709,9,FI
10308704,3228413382,1709,0,02
10308704,3228413382,1709,0,FI
12730778,3228413382,0487,4,01
12730778,3228413382,0485,0,01
10471125,3228413382,0485,2,01
10255502,3228413382,0485,4,01
10810051,3228413382,0483,7,FI
11569845,3228413382,0373,0,01
11569845,3228413382,0373,0,FI
11569845,3228413382,0373,0,EX
11569845,3228413382,0487,0,FI
11569845,3228413382,0484,0,01
13459168,3228413382,1709,9,01
13459168,3228413382,0179,10,FI
10757001,3228413382,0179,8,FI
10757001,3228413382,0373,10,FI
10757001,3228413382,0484,8,02
10828387,3228413382,0179,8,FI
10828387,3228413382,0373,7,02
10828387,3228413382,0373,8,FI
10828387,3228413382,0487,4,02
13457137,3228413382,1709,0,01
13457137,3228413382,0487,0,01
13457137,3228413382,0483,0,EX
10856605,3228413382,0616p,9,01
10856605,3228413382,0616p,9,02
10856605,3228413382,0179,7,02
10856605,3228413382,0373,10,01
10856605,3228413382,0487,8,FI
10856605,3228413382,0484,10,01
10401376,3228413382,1709,0,FI
10401376,3228413382,0616p,0,EX
10401376,3228413382,0179,0,EX
10401376,3228413382,0485,0,02
10401376,3228413382,0485,0,FI
11898422,3228413382,0179,6,FI
11898422,3228413382,0484,4,FI
13456133,3228413382,0487,0,02
10677836,3228413382,0373,0,01
10677836,3228413382,0373,0,02
10677836,3228413382,0487,0,EX
10205657,3228413382,0483,0,02
10643328,3228413382,0616p,9,01
10643328,3228413382,0179,9,01
10643328,3228413382,0179,9,FI
10643328,3228413382,0487,9,01
10643328,3228413382,0485,9,01
10643328,3228413382,0485,9,FI
12433428,3228413382,0487,7,01
12433428,3228413382,0484,6,01
12287306,3228413382,0485,0,FI
10758419,3228413382,0616p,9,02
10758419,3228413382,0487,8,01
10865703,3228415772,1375p,7,FI
10865703,3228415772,1367,7,FI
11649640,3228415772,1375p,8,FI
11649640,3228415772,1368,4,02
10817945,3228415772,0179,9,02
10817945,3228415772,1370,4,FI
10817945,3228415772,1367,4,02
10817945,3228415772,1368,0,EX
10834174,3228415772,1370,9,02
13281768,3228415772,0179,6,FI
13281768,3228415772,1368,7,01
10798915,3228415772,1375p,10,FI
10798915,3228415772,0179,6,02
10798915,3228415772,1367,8,01
10798915,3228415772,1368,9,FI
10819488,3228415772,1709,7,02
10819488,3228415772,1367,8,FI
10819488,3228415772,1369,9,01
10781492,3228415772,1367,4,02
10413312,3228415772,1709,8,01
10413312,3228415772,1375p,8,02
10413312,3228415772,1370,9,01
10413312,3228415772,1367,7,01
10413312,3228415772,1367,7,FI
10546650,3228415772,1369,6,FI
13273466,3228415772,1368,8,01
11649375,3228415772,1709,8,FI
10714135,3228415772,1375p,9,02
10714135,3228415772,0179,9,FI
10835968,3228415772,0179,9,FI
10842025,3228415772,1375p,9,FI
10842025,3228415772,1367,7,01
10803120,3228415772,1367,4,02
10803120,3228415772,1367,8,FI
10851445,3228415772,1375p,7,02
10851445,3228415772,1367,8,FI
10711961,3228415772,1370,4,02
10711961,3228415772,1369,4,01
10711961,3228415772,1369,4,FI
10678320,3228415772,1709,8,FI
10678320,3228415772,1375p,9,02
10678320,3228415772,0179,8,01
10678320,3228415772,1370,8,01
10678320,3228415772,1369,8,01
10678320,3228415772,1369,6,FI
11341745,3228415772,0179,9,FI
11341745,3228415772,1370,8,FI
11341745,3228415772,1368,7,FI
11251967,3228415772,1375p,8,02
10122344,3228415772,1369,10,02
10725869,3228415772,0179,5,01
10725869,3228415772,1370,4,01
10725869,3228415772,1370,5,02
10378823,3228415772,1370,9,FI
10378823,3228415772,1367,9,FI
11104411,3228415772,1370,9,01
11104411,3228415772,1367,9,01
11104411,3228415772,1367,7,02
11104411,3228415772,1369,7,01
10783707,3228415772,1709,9,02
10783707,3228415772,1370,10,01
10783707,3228415772,1367,8,01
10783707,3228415772,1367,9,02
10783707,3228415772,1368,9,01
10783707,3228415772,1369,9,02
10985551,3228415772,1709,7,01
10985551,3228415772,1375p,8,01
10985551,3228415772,1370,8,01
10985551,3228415772,1370,9,FI
10985551,3228415772,1367,7,02
10985551,3228415772,1369,8,01
10793376,3228415772,1709,8,02
10793376,3228415772,1709,9,FI
10793376,3228415772,0179,8,01
10793376,3228415772,1367,8,02
10793376,3228415772,1369,8,01
10776515,3228415772,1375p,10,02
10776515,3228415772,1368,8,01
10734128,3228415772,1368,9,FI
10729560,3228415772,1370,6,02
10729560,3228415772,1367,7,01
10729560,3228415772,1369,5,EX
10770501,3228415772,1375p,9,FI
10770501,3228415772,1370,8,01
10770501,3228415772,1370,8,FI
10770501,3228415772,1367,7,01
10770501,3228415772,1368,8,FI
10819378,3228415772,1369,10,01
10962405,3228415772,1709,4,02
10962405,3228415772,0179,8,01
10827153,3228415772,1709,9,FI
10827153,3228415772,1375p,7,02
10993836,3228415772,1709,9,01
10993836,3228415772,1367,8,FI
11514753,3228415772,1709,9,FI
11514753,3228415772,1375p,10,FI
11514753,3228415772,1369,10,01
10780789,3228415772,0179,7,FI
10780789,3228415772,1370,8,FI
13462544,3228415772,1375p,4,01
13462544,3228415772,1368,8,FI
10809667,3228415772,1709,8,02
10809667,3228415772,1375p,8,01
10809667,3228415772,1367,8,01
10687463,3228415772,1370,8,02
10687463,3228415772,1367,8,FI
10652580,3228415772,1375p,10,01
10652580,3228415772,1375p,8,02
10652580,3228415772,1369,9,01
10652580,3228415772,1369,9,FI
10678151,3228415772,1367,1,02
10809557,3228415772,1367,8,02
10809557,3228415772,1368,10,02
10944114,3228415772,1375p,9,01
10944114,3228415772,0179,7,02
10944114,3228415772,1370,7,FI
10944114,3228415772,1367,7,01
10730519,3228415772,0179,6,02
10730519,3228415772,1369,6,01
13242092,3228415772,1370,7,FI
13242092,3228415772,1369,7,02
10742238,3228415772,1375p,9,01
10742238,3228415772,0179,8,FI
10742238,3228415772,1370,7,02
12558926,3228415772,1370,7,FI
12558926,3228415772,1369,7,01
12558926,3228415772,1369,4,02
10960990,3228379385,1709,9,02
10960990,3228379385,0437,6,01
10960990,3228379385,0441,8,FI
10960990,3228379385,0438,10,02
10960990,3228379385,0440,7,01
10960990,3228379385,0156,8,02
11671982,3228379385,1709,8,02
11043785,3228379385,0441,6,FI
11043785,3228379385,0440,6,FI
10737175,3228379385,0438,10,FI
13133521,3228379385,0437,7,01
13133521,3228379385,0439,8,02
11039273,3228379385,0439,8,02
11039273,3228379385,0439,7,FI
11039273,3228379385,0438,9,02
11039273,3228379385,0440,9,01
10887720,3228379385,0441,7,02
10887720,3228379385,0439,9,01
11029440,3228379385,0437,9,01
11029440,3228379385,0437,8,02
11029440,3228379385,0438,9,FI
10995299,3228379385,1709,10,01
10995299,3228379385,0437,8,01
10995299,3228379385,0440,8,FI
10835299,3228379385,0438,4,FI
10835299,3228379385,0440,8,02
10805591,3228379385,1709,0,EX
11805803,3228379385,0437,8,01
11805803,3228379385,0437,8,02
11805803,3228379385,0439,10,01
10906307,3228379385,1709,3,01
10906307,3228379385,0441,1,02
10906307,3228379385,0438,1,02
10911748,3228379385,1709,8,FI
10911748,3228379385,0437,7,FI
10911748,3228379385,0439,9,FI
10911748,3228379385,0156,8,01
10787655,3228379385,1709,6,01
10787655,3228379385,1709,6,FI
10787655,3228379385,0437,3,01
10787655,3228379385,0441,0,EX
10787655,3228379385,0156,9,02
11028742,3228379385,1709,9,01
11028742,3228379385,0441,6,FI
11028742,3228379385,0439,8,02
11028742,3228379385,0438,6,02
11026339,3228379385,1709,7,FI
11026339,3228379385,0437,7,02
11026339,3228379385,0437,7,FI
11026339,3228379385,0438,4,02
11026339,3228379385,0156,7,FI
10905782,3228379385,1709,8,FI
10905782,3228379385,0437,5,01
10905782,3228379385,0437,6,FI
10905782,3228379385,0441,7,02
10905782,3228379385,0438,4,02
10905782,3228379385,0440,7,01
11004486,3228379385,0437,8,02
11004486,3228379385,0441,10,01
11004486,3228379385,0438,9,01
10911568,3228379385,0437,7,FI
10911568,3228379385,0156,9,FI
11044309,3228379385,0438,7,01
11044309,3228379385,0440,7,02
10911000,3228379385,1709,6,01
10911000,3228379385,1709,7,02
10911000,3228379385,0441,3,FI
10911000,3228379385,0439,7,FI
11068958,3228379385,1709,0,01
11068958,3228379385,0441,0,02
11415744,3228379385,0441,5,FI
11415744,3228379385,0439,8,01
10787257,3228379385,0438,5,01
10787257,3228379385,0156,6,EX
10278634,3228379385,0441,5,02
10278634,3228379385,0441,6,EX
10278634,3228379385,0439,9,01
10284131,3228379385,1709,8,02
10284131,3228379385,0437,6,EX
10284131,3228379385,0156,7,01
10929912,3228379385,1709,6,FI
11024457,3228379385,0441,7,01
11024457,3228379385,0439,7,02
11024457,3228379385,0156,9,FI
10302214,3228379385,0439,0,01
10302214,3228379385,0438,0,EX
12731640,3228379385,1709,6,01
12731640,3228379385,0440,8,FI
11507257,3228379385,0439,8,01
10951388,3228379385,0439,0,01
10951388,3228379385,0440,0,EX
10951388,3228379385,0156,0,02
10435060,3228379385,1709,0,01
10435060,3228379385,0439,0,02
10435060,3228379385,0438,0,FI
10435060,3228379385,0156,0,02
10248709,3228379385,0438,0,01
10248709,3228379385,0438,0,02
10248709,3228379385,0438,0,FI
10248709,3228379385,0440,0,FI
10421015,3228379385,0437,7,FI
10421015,3228379385,0438,0,02
12673295,3228379385,1709,0,FI
12673295,3228379385,1709,0,EX
12673295,3228379385,0437,0,FI
12673295,3228379385,0441,0,EX
12673295,3228379385,0440,0,FI
10420824,3228379385,1709,5,02
10420824,3228379385,0437,8,02
10420824,3228379385,0438,0,02
10420824,3228379385,0156,0,01
13458066,3228379385,0439,10,01
13458066,3228379385,0439,9,FI
13458066,3228379385,0440,10,02
13458066,3228379385,0440,10,FI
13458066,3228379385,0156,6,01
10650730,3228379385,1709,6,FI
10650730,3228379385,0439,8,02
10650730,3228379385,0440,0,FI
13459588,3228379385,1709,4,01
13459588,3228379385,0440,0,02
13459588,3228379385,0156,4,01
11026347,3228379385,0437,7,FI
11026347,3228379385,0438,10,02
10394837,3228379385,1709,6,FI
10394837,3228379385,0439,7,FI
10394837,3228379385,0156,7,02
10394837,3228379385,0156,7,FI
10307040,3228379385,1709,0,02
10307040,3228379385,0438,0,FI
11786393,3228379385,1709,0,01
11786393,3228379385,0437,0,FI
11786393,3228379385,0156,7,FI
10696650,3228379385,0440,0,FI
13459361,3228379385,0439,0,FI
13459361,3228379385,0440,7,01
11033515,3228379385,1709,9,02
11033515,3228379385,0437,7,02
11033515,3228379385,0441,9,01
11033515,3228379385,0156,6,01
11004716,3228379385,1709,9,02
11004716,3228379385,0438,10,FI
11067932,3228379385,0441,0,02
11067932,3228379385,0439,0,EX
11067932,3228379385,0440,0,02
11067932,3228379385,0156,9,01
11067932,3228379385,0156,0,FI
11666166,3228379385,0441,7,FI
11666166,3228379385,0440,5,02
11666166,3228379385,0156,9,FI
13221347,3228379385,0437,0,EX
13221347,3228379385,0441,0,01
13221347,3228379385,0441,0,02
13221347,3228379385,0156,0,02
13290996,3228406931,0179,8,02
13290996,3228406931,0931,8,FI
10800028,3228406931,1012p,6,01
10800028,3228406931,0179,8,FI
10800028,3228406931,0931,8,01
10635026,3228406931,0931,9,02
10635026,3228406931,1010,6,02
10635026,3228406931,1010,6,FI
10813126,3228406931,0179,7,FI
10813126,3228406931,0930,7,02
10813126,3228406931,0931,9,01
10813126,3228406931,0931,9,02
10776549,3228406931,1010,7,FI
10510136,3228406931,1709,0,FI
10510136,3228406931,1012p,5,01
10510136,3228406931,0179,7,FI
10510136,3228406931,0930,0,EX
10510136,3228406931,0931,4,01
10510136,3228406931,1010,3,01
10510136,3228406931,1010,0,FI
10824614,3228406931,1012p,0,01
10824614,3228406931,0179,4,02
10824614,3228406931,0930,4,02
10709557,3228406931,1012p,4,02
10709557,3228406931,0179,7,02
10709557,3228406931,0930,0,02
10422716,3228406931,1012p,0,01
10422716,3228406931,0930,0,EX
10422716,3228406931,0931,0,02
10422716,3228406931,0931,0,EX
10862032,3228406931,0179,8,01
10862032,3228406931,0179,8,FI
10862032,3228406931,0931,7,01
10862032,3228406931,0931,0,02
10726936,3228406931,1709,6,02
10726936,3228406931,1012p,5,01
10726936,3228406931,0623,8,FI
10726936,3228406931,0930,6,02
10764144,3228406931,0179,6,02
10819701,3228406931,1709,0,02
10819701,3228406931,1709,0,FI
10819701,3228406931,0930,0,02
10819701,3228406931,1010,2,02
10805294,3228406931,0930,6,01
10805294,3228406931,0931,9,02
10805294,3228406931,0931,9,FI
10805294,3228406931,1010,3,02
10530803,3228406931,0623,8,01
10530803,3228406931,0931,9,FI
10530803,3228406931,1010,7,FI
10796065,3228406931,1709,7,01
10796065,3228406931,1012p,8,02
10796065,3228406931,0623,8,FI
10796065,3228406931,0930,7,02
10630363,3228406931,0930,5,01
10630363,3228406931,0931,9,FI
10630363,3228406931,1010,5,02
10852161,3228406931,1010,7,FI
10819684,3228406931,1012p,9,01
10819684,3228406931,1012p,9,FI
10819684,3228406931,0179,4,01
10819684,3228406931,0179,7,FI
10819684,3228406931,0623,6,EX
10819684,3228406931,1010,3,FI
10199483,3228406931,1012p,0,01
11811552,3228406931,0179,0,FI
11811552,3228406931,0623,0,EX
11811552,3228406931,0931,0,01
11811552,3228406931,0931,0,FI
11811552,3228406931,1010,0,01
10323559,3228406931,0623,4,01
10323559,3228406931,0930,4,02
10323559,3228406931,0931,0,EX
13458157,3228406931,1709,0,EX
13458157,3228406931,0179,0,02
13458157,3228406931,0623,0,02
13458157,3228406931,0623,0,FI
13458157,3228406931,0930,0,01
13458157,3228406931,0930,0,02
13458157,3228406931,0930,0,FI
13456007,3228406931,0179,8,01
13456007,3228406931,0179,9,FI
13456007,3228406931,1010,9,02
13523913,3228406931,0179,0,EX
13523913,3228406931,1010,0,02
10940616,3228406931,1709,0,02
10940616,3228406931,0930,0,FI
10940616,3228406931,0930,0,EX
10940616,3228406931,0931,0,01
10940616,3228406931,0931,0,02
11059841,3228406931,0623,6,01
11059841,3228406931,0931,8,01
10461934,3228406931,1010,6,02
10381708,3228406931,0931,0,02
10852107,3228406931,0179,0,FI
10852107,3228406931,0931,0,EX
11800453,3228406931,0179,0,EX
11800453,3228406931,0931,0,FI
11800453,3228406931,1010,0,02
10330111,3228406931,0930,7,01
10443575,3228406931,1012p,0,EX
10443575,3228406931,0623,0,EX
10443575,3228406931,1010,0,FI
10818191,3228406931,0931,0,02
11089472,3228406931,0623,0,EX
10699271,3228406931,0931,6,01
10699271,3228406931,0931,7,02
10807830,3228406931,1012p,8,01
10807830,3228406931,0179,7,FI
10807830,3228406931,0930,7,FI
10807830,3228406931,0931,7,01
11629523,3228406931,1012p,0,01
11629523,3228406931,1012p,0,02
11629523,3228406931,0179,0,EX
11629523,3228406931,0930,0,01
11629523,3228406931,1010,0,02
10042816,3228406931,0623,6,EX
10042816,3228406931,1010,0,02
10303628,3228406931,1709,7,02
10303628,3228406931,1012p,9,02
10303628,3228406931,0931,7,01
10022321,3228406931,0179,8,FI
10022321,3228406931,0930,5,EX
12561661,3228406931,0930,3,01
12561661,3228406931,0930,3,02
12561661,3228406931,0930,2,FI
12561661,3228406931,0931,7,01
10797573,3228406931,0179,8,FI
10797573,3228406931,0930,5,01
10797573,3228406931,1010,7,FI
10479899,3228406931,1709,7,02
10918602,3228406931,1012p,9,01
10918602,3228406931,0930,4,02
10918602,3228406931,0930,4,FI
10754604,3228406931,0930,4,01
10365221,3228406931,0179,7,02
10365221,3228406931,0179,7,FI
13461591,3228406931,1012p,9,FI
13461591,3228406931,0623,8,01
13461591,3228406931,0930,6,01
10249410,3228406931,1012p,9,01
10249410,3228406931,0623,8,01
10766452,3228406545,1709,7,01
10766452,3228406545,0623,8,01
10766452,3228406545,0627,7,02
10766452,3228406545,0627,9,FI
10766452,3228406545,CV0008,10,FI
12607926,3228406545,1709,7,02
12607926,3228406545,0622,8,01
12607926,3228406545,CV0008,9,FI
11790917,3228406545,CV0008,10,FI
10689201,3228406545,0623,8,02
10689201,3228406545,0627,7,FI
10742994,3228406545,0828p,10,02
10742994,3228406545,0179,8,FI
10487336,3228406545,0828p,10,FI
10487336,3228406545,0622,5,01
10487336,3228406545,0627,4,01
10857816,3228406545,1709,7,02
10857816,3228406545,0622,7,FI
10857816,3228406545,0627,7,02
10847609,3228406545,0828p,7,02
10847609,3228406545,0179,5,FI
10847609,3228406545,0623,7,FI
10847609,3228406545,CV0008,6,02
10847609,3228406545,CV0009,9,FI
10766414,3228406545,0828p,0,01
10766414,3228406545,CV0008,9,01
10856038,3228406545,0828p,0,01
10856038,3228406545,0627,7,FI
10856038,3228406545,CV0008,7,FI
11073751,3228406545,0623,9,FI
11073751,3228406545,0627,1,01
10593810,3228406545,0622,7,01
10593810,3228406545,0623,9,02
10593810,3228406545,0627,8,FI
11231507,3228406545,0828p,7,01
11231507,3228406545,0828p,5,02
11231507,3228406545,0179,0,02
11231507,3228406545,0623,0,FI
11231507,3228406545,0627,3,01
11231507,3228406545,CV0008,0,02
12912678,3228406545,1709,8,01
12912678,3228406545,0625,7,FI
10804606,3228406545,0179,7,01
10804606,3228406545,0179,6,02
10804606,3228406545,0625,7,02
10804606,3228406545,0625,7,FI
10804606,3228406545,0627,7,01
10707892,3228406545,0828p,9,FI
10707892,3228406545,0623,7,01
10707892,3228406545,CV0008,7,01
13470345,3228406545,0179,0,02
13470345,3228406545,0625,6,01
13470345,3228406545,CV0008,7,01
13473425,3228406545,0828p,9,02
13473425,3228406545,0627,8,02
10711954,3228406545,1709,6,01
10711954,3228406545,0179,3,01
10711954,3228406545,0625,5,01
10835673,3228406545,1709,2,02
10835673,3228406545,0625,7,FI
10835673,3228406545,CV0009,8,FI
10734184,3228406545,0623,8,01
13170472,3228406545,1709,4,02
13170472,3228406545,0179,4,02
13170472,3228406545,0623,0,EX
10766479,3228410748,0172,6,FI
10766479,3228410748,0174,7,FI
10843404,3228410748,0174,9,FI
11782717,3228410748,1709,8,FI
11782717,3228410748,0181p,8,01
11782717,3228410748,0179,7,FI
11782717,3228410748,0171,7,01
11782717,3228410748,0171,8,02
11782717,3228410748,0174,5,02
11782717,3228410748,0177,7,02
10254373,3228410748,1709,7,02
10254373,3228410748,0179,10,01
10254373,3228410748,0173,7,01
10254373,3228410748,0177,8,01
13453640,3228410748,1709,10,01
13453640,3228410748,0171,8,02
10700069,3228410748,0172,0,EX
10700069,3228410748,0174,1,01
10700069,3228410748,0174,0,FI
10392181,3228410748,0172,10,01
10392181,3228410748,0173,6,01
10688815,3228410748,0171,8,01
10688815,3228410748,0173,7,02
13455952,3228410748,0174,8,01
13455952,3228410748,0174,7,FI
10664803,3228410748,0181p,0,01
10664803,3228410748,0179,0,02
10664803,3228410748,0173,0,01
10664803,3228410748,0173,0,EX
10664803,3228410748,0174,0,EX
10664803,3228410748,0177,0,EX
12413993,3228410748,1709,0,EX
12413993,3228410748,0172,0,EX
13480000,3228410748,0171,8,01
13480000,3228410748,0171,8,FI
13480000,3228410748,0172,9,02
10509253,3228410748,0179,0,EX
13455821,3228410748,1709,6,02
13455821,3228410748,0171,7,01
13455821,3228410748,0172,6,FI
10664909,3228410748,0181p,7,01
11567443,3228410748,0173,7,FI
11567443,3228410748,0174,7,02
13456058,3228410748,0181p,1,02
13456058,3228410748,0181p,0,FI
13456058,3228410748,0171,7,01
13456058,3228410748,0172,0,EX
13456058,3228410748,0174,0,FI
10691269,3228410748,0174,0,02
10691269,3228410748,0177,1,01
10639978,3228410748,1709,9,01
10639978,3228410748,0181p,10,FI
10639978,3228410748,0174,8,FI
10507411,3228410748,0181p,0,EX
10507411,3228410748,0179,0,01
10507411,3228410748,0179,0,EX
10507411,3228410748,0171,0,01
10507411,3228410748,0172,0,EX
10507411,3228410748,0173,0,01
10507411,3228410748,0173,0,FI
10745573,3228410357,0179,9,02
10585531,3228410357,0171,7,FI
10648032,3228410357,0383,4,01
10648032,3228410357,0384,4,FI
10648032,3228410357,0173,6,02
10698109,3228410357,0400p,8,01
10698109,3228410357,0400p,9,FI
10698109,3228410357,0179,8,02
10698109,3228410357,0179,8,FI
10698109,3228410357,0383,9,01
10698109,3228410357,0173,7,02
11627062,3228410357,0400p,8,FI
11627062,3228410357,0171,9,FI
11627062,3228410357,0384,7,02
11627062,3228410357,0172,7,01
11627062,3228410357,0172,8,FI
11627062,3228410357,0173,9,01
11627062,3228410357,0173,8,FI
10675936,3228410357,0400p,8,02
10675936,3228410357,0179,9,FI
10675936,3228410357,0383,7,FI
10675936,3228410357,0172,7,FI
10675936,3228410357,0173,6,02
10729539,3228410357,0179,6,02
10729539,3228410357,0179,6,FI
10729539,3228410357,0173,9,01
10410077,3228410357,0400p,8,02
10410077,3228410357,0384,7,02
10530795,3228410357,0171,9,01
10530795,3228410357,0172,8,FI
13455702,3228410357,0179,9,01
13455702,3228410357,0173,9,02
13456027,3228410357,0383,4,01
13456027,3228410357,0383,4,02
13456027,3228410357,0383,7,FI
13456027,3228410357,0173,5,01
13251013,3228410357,0179,4,02
13251013,3228410357,0384,8,02
10835750,3228410357,0172,6,FI
10766449,3228410357,0179,8,02
10766449,3228410357,0383,9,02
10766449,3228410357,0383,8,FI
10766449,3228410357,0173,9,FI
10645102,3228410357,0179,9,02
10645102,3228410357,0384,6,01
10645102,3228410357,0172,4,01
10820272,3228410357,0400p,8,02
10820272,3228410357,0179,5,FI
10820272,3228410357,0171,4,02
13487222,3228410357,0400p,8,02
13487222,3228410357,0384,9,FI
13487222,3228410357,0173,9,01
10687498,3228410892,0388p,9,01
10687498,3228410892,0179,8,01
10687498,3228410892,0171,9,01
10742128,3228410892,0179,9,02
13455012,3228410892,0388p,0,02
13455012,3228410892,0383,4,01
13455012,3228410892,0384,3,01
10749811,3228410892,0388p,7,01
13454999,3228410892,1709,0,FI
13454999,3228410892,0171,0,02
13454999,3228410892,0172,4,EX
10678997,3228410892,0388p,0,02
10678997,3228410892,0179,4,FI
10678997,3228410892,0171,0,02
10678997,3228410892,0383,4,02
10678997,3228410892,0172,3,FI
10320497,3228410892,0171,8,FI
10320497,3228410892,0172,8,01
10808311,3228410892,0383,8,01
13450196,3228410892,0388p,9,FI
13450196,3228410892,0383,10,01
13450196,3228410892,0383,10,02
10761594,3228410892,0388p,7,01
10761594,3228410892,0388p,5,FI
10761594,3228410892,0179,7,FI
10736502,3228410892,1709,8,01
10736502,3228410892,0171,7,01
10736502,3228410892,0383,9,FI
11330085,3228410892,0388p,4,02
11330085,3228410892,0388p,7,FI
10676318,3228410892,0179,10,01
10676318,3228410892,0171,6,FI
10676318,3228410892,0173,6,FI
13472424,3228410892,0179,5,01
13472424,3228410892,0179,6,FI
13475599,3228410892,0383,10,02
13475662,3228410892,0173,9,02
10514139,3228410892,0384,9,01
10514139,3228410892,0384,8,FI
12912453,3228410892,0388p,8,02
11036107,3228381273,1226,3,01
11036107,3228381273,1229,0,EX
11036107,3228381273,0156,0,EX
11036107,3228381273,1226,0,EX
10793641,3228381273,1709,2,01
10793641,3228381273,1709,3,02
10793641,3228381273,1226,1,01
10793641,3228381273,1233,5,01
10931235,3228381273,1226,6,02
10931235,3228381273,1231,4,FI
11003632,3228381273,0156,0,EX
11003632,3228381273,1231,0,02
12607119,3228381273,0156,8,FI
12607119,3228381273,1226,7,FI
12607119,3228381273,1231,8,01
13291541,3228381273,1709,7,02
13291541,3228381273,0156,7,02
13291541,3228381273,1226,9,02
12744964,3228381273,0156,8,01
12744964,3228381273,1232,6,FI
12744964,3228381273,1233,6,FI
10924853,3228381273,1226,6,01
11798264,3228381273,1709,7,01
10648909,3228381273,0156,6,02
10648909,3228381273,1229,5,01
10648909,3228381273,1231,5,FI
10648909,3228381273,1232,6,FI
10889537,3228381273,1229,5,02
10889537,3228381273,1231,6,01
10889537,3228381273,1232,6,01
10912710,3228381273,0156,6,02
10912710,3228381273,1232,6,02
10787502,3228381273,1229,4,01
10787502,3228381273,1229,5,FI
10787502,3228381273,1232,7,FI
10904203,3228381273,1231,8,01
10904203,3228381273,1233,8,FI
11024352,3228381273,1232,7,02
11024352,3228381273,1232,7,FI
10899896,3228381273,1231,7,02
13099124,3228381273,1229,7,02
11004108,3228381273,1709,8,02
11004108,3228381273,1709,9,FI
11004108,3228381273,1231,8,02
11004108,3228381273,1231,8,FI
11004108,3228381273,1233,8,02
12465550,3228381273,1229,6,FI
10916721,3228381273,1231,4,01
10912726,3228381273,1709,8,01
10912726,3228381273,1226,4,02
10805007,3228381273,1709,6,01
10805007,3228381273,1229,5,01
10805007,3228381273,1232,4,01
11184512,3228381273,1709,7,FI
11184512,3228381273,1226,6,02
11184512,3228381273,1231,5,02
11184512,3228381273,1232,7,02
10654915,3228381273,1229,0,02
10654915,3228381273,1232,0,01
11040995,3228381273,0156,10,01
11040995,3228381273,0156,9,02
11040995,3228381273,1226,4,01
11040995,3228381273,1231,6,01
11040995,3228381273,1232,4,01
11040995,3228381273,1232,8,02
10708167,3228390016,0222,4,02
11002913,3228390016,0223,9,02
11002913,3228390016,0221,10,FI
11002913,3228390016,0222,9,01
11002913,3228390016,0156,9,02
12563453,3228390016,0222,0,02
10846382,3228390016,1709,5,01
10846382,3228390016,0225,5,01
10846382,3228390016,0222,0,EX
10846382,3228390016,0225,0,EX
10846382,3228390016,0156,6,FI
10903261,3228390016,1709,0,02
10903261,3228390016,0225,8,FI
10903261,3228390016,0221,9,01
10903261,3228390016,0221,9,FI
11002807,3228390016,1709,7,FI
11146537,3228390016,0223,8,FI
10897212,3228390016,1709,4,FI
10929469,3228390016,1709,0,EX
10812899,3228390016,0221,6,FI
10893131,3228390016,0223,6,02
10893131,3228390016,0221,9,FI
10893131,3228390016,0156,6,02
13452408,3228390016,0223,9,01
13452408,3228390016,0223,8,02
13452408,3228390016,0221,9,01
10996376,3228390016,0223,4,02
10996376,3228390016,0222,4,02
10917865,3228390016,0225,4,02
10917865,3228390016,0156,6,02
11011197,3228390016,1709,8,FI
11011197,3228390016,0225,8,02
11011197,3228390016,0222,10,02
12270997,3228390016,1709,0,01
12270997,3228390016,0225,0,02
12270997,3228390016,0222,0,FI
12270997,3228390016,0222,0,EX
11622314,3228390016,1709,4,01
11622314,3228390016,0222,6,01
10762391,3228390016,0225,4,01
10762391,3228390016,0156,5,FI
13458016,3228390016,1709,0,EX
13458016,3228390016,0225,0,01
13458016,3228390016,0156,0,02
13458016,3228390016,0156,0,EX
10776723,3228390016,0225,2,02
13114371,3228390016,1709,8,FI
12736641,3228390016,0222,3,01
13459021,3228390016,0223,0,FI
13459021,3228390016,0222,0,01
13459021,3228390016,0222,0,02
13459021,3228390016,0222,0,FI
12647763,3228390016,1709,0,02
12647763,3228390016,1709,0,FI
12647763,3228390016,1709,0,EX
12647763,3228390016,0156,0,02
10353865,3228390016,0223,7,EX
11763179,3228390016,0225,0,EX
11763179,3228390016,0223,8,01
11763179,3228390016,0223,2,FI
11763179,3228390016,0156,4,02
13238582,3228390016,1709,0,EX
13238582,3228390016,0223,0,02
13238582,3228390016,0222,0,02
11479705,3228390016,1709,7,FI
11479705,3228390016,0225,7,02
13316624,3228390016,0223,6,01
11312205,3228390016,0223,4,01
10070165,3228390016,1709,7,02
10517185,3228390016,0225,3,01
13458659,3228390016,0221,0,FI
12510101,3228390016,1709,0,02
12875318,3228390016,1709,7,FI
12875318,3228390016,0221,9,02
13366127,3228390016,0223,9,01
10473027,3228390016,1709,0,EX
10473027,3228390016,0225,0,EX
10473027,3228390016,0223,0,02
10473027,3228390016,0221,0,02
10473027,3228390016,0222,0,01
10473027,3228390016,0222,0,FI
10675115,3228390016,0221,0,01
12739645,3228390016,0223,10,02
10459081,3228390016,1709,0,02
10459081,3228390016,0223,0,FI
10459081,3228390016,0156,0,FI
12736802,3228390016,1709,0,EX
12736802,3228390016,0223,0,02
12736802,3228390016,0221,0,02
12736802,3228390016,0156,0,02
10803714,3228390016,0156,7,01
12576881,3228390016,0221,0,FI
12576881,3228390016,0156,0,01
11323147,3228390016,0221,0,EX
11847570,3228390016,0223,0,02
11847570,3228390016,0223,0,FI
10762386,3162077488,1227,7,EX
10762386,3162077488,1228,8,FI
10762386,3162077488,1230,5,01
13112701,3162077488,1234,8,01
10776722,3162077488,CV0002,3,01
10776722,3162077488,1227,0,FI
10776722,3162077488,1228,0,EX
10776722,3162077488,1230,0,FI
10776722,3162077488,1235,1,01
10776722,3162077488,1235,2,FI
10932819,3162077488,1228,8,FI
10789649,3162077488,CV0002,6,01
10789649,3162077488,CV0002,7,FI
10789649,3162077488,1227,8,FI
10789649,3162077488,1228,9,01
10789649,3162077488,1237,0,FO
11667242,3162077488,1228,9,FI
11667242,3162077488,1235,7,FI
11744036,3162077488,CV0002,9,01
10791133,3162077488,1227,8,FI
10791133,3162077488,1228,7,01
12907793,3162077488,1228,6,01
12907793,3162077488,1228,8,FI
12907793,3162077488,1230,8,01
10909605,3162077488,1234,8,01
10761942,3162077488,1227,8,FI
10761942,3162077488,1230,8,01
10889204,3162077488,1237,0,FO
10805487,3162077488,1235,5,01
10852104,3162077488,1230,6,01
10852104,3162077488,1230,6,FI
10852104,3162077488,1235,5,FI
10887844,3162077488,CV0002,8,01
10887844,3162077488,1227,4,01
10887844,3162077488,1227,7,FI
10887844,3162077488,1234,6,FI
10802935,3162077488,CV0002,6,01
10770893,3162077488,1235,4,FI
10895114,3162077488,CV0002,4,01
10895114,3162077488,1230,7,01
10895114,3162077488,1235,8,FI
10895114,3162077488,1237,0,FO
11336367,3162077488,1228,8,FI
10920099,3162077488,1227,10,01
12932662,3162077488,1227,9,01
12932662,3162077488,1228,10,01
12932662,3162077488,1237,0,FO
10851064,3162077488,1234,4,01
10851064,3162077488,1234,5,FI
10718886,3162077600,CV0004,5,FI
10718886,3162077600,1109,7,FI
10690358,3162077600,CV0004,5,FI
10690358,3162077600,1013,0,FO
10718081,3162077600,1110,8,FI
10826692,3162077600,1009,7,FI
10826692,3162077600,1109,9,01
10826692,3162077600,1012,7,PO
10718081,3162077600,1013,0,PE
10826692,3162077600,1013,0,FO
10584902,3162077600,CV0004,5,EX
10584902,3162077600,1007,8,FI
10584902,3162077600,1008,7,FI
10584902,3162077600,1011,8,FI
10852071,3162077600,1007,8,FI
10852071,3162077600,1109,9,FI
10852071,3162077600,1012,9,PO
10707845,3162077600,CV0004,5,FI
10707845,3162077600,1008,8,01
10375121,3162077600,1009,6,FI
10689153,3162077600,1008,5,FI
10689153,3162077600,1011,8,FI
10689153,3162077600,1109,7,FI
10689153,3162077600,1110,7,FI
10795882,3162077600,1008,8,01
10795882,3162077600,1109,8,01
10833265,3162077600,1012,10,PO
10270640,3162077600,CV0004,0,FI
10270640,3162077600,1008,0,01
10270640,3162077600,1009,0,FI
10270640,3162077600,1009,0,EX
10270640,3162077600,1011,0,01
10270640,3162077600,1109,0,01
10270640,3162077600,1109,0,FI
12719809,3162077600,CV0004,8,01
12719809,3162077600,CV0004,10,FI
12719809,3162077600,1013,0,FO
10737190,3162077600,CV0004,7,FI
10737190,3162077600,1007,9,01
10737190,3162077600,1009,8,FI
10737190,3162077600,1109,9,01
10426520,3162077600,1007,9,FI
10426520,3162077600,1109,8,FI
10432949,3162077600,1109,9,FI
10820754,3162077600,CV0004,10,FI
10466022,3162077600,1009,5,FI
10466022,3162077600,1110,7,FI
10279046,3162077600,1008,5,01
10279046,3162077600,1008,5,FI
10279046,3162077600,1109,7,FI
10279046,3162077600,1013,0,FO
10664778,3162077600,CV0004,4,01
13282254,3162077600,1009,4,01
10698475,3162077600,CV0004,6,FI
10698475,3162077600,1109,7,FI
10636290,3162077600,1008,4,01
10792793,3162077600,1011,8,01
10532574,3162077600,1008,0,01
13040510,3162077600,1008,7,01
13040510,3162077600,1009,9,01
13040510,3162077600,1110,0,01
11318428,3162077600,1109,9,01
13243061,3162077600,1009,8,FI
10282698,3162077600,1012,9,PO
10282698,3162077600,1013,0,FO
10690015,3162077600,1008,7,FI
10690015,3162077600,1009,6,01
10690015,3162077600,1011,8,FI
10378770,3162077600,1009,0,01
10378770,3162077600,1009,0,FI
10378770,3162077600,1110,0,01
13249466,3162077600,1008,10,FI
13249466,3162077600,1109,8,01
12424432,3162077600,1009,9,01
12424432,3162077600,1009,9,FI
10375621,3162077600,1007,10,FI
10375621,3162077600,1109,8,01
10375621,3162077600,1013,0,FO
11502177,3162077600,1009,9,01
11502177,3162077600,1011,9,01
10809481,3162077600,1009,7,FI
12630557,3162077600,1009,0,EX
12735439,3162077600,1109,9,FI
12735439,3162077600,1013,0,FO
10816484,3162077600,1007,7,FI
10816484,3162077600,1009,7,01
10816484,3162077600,1011,7,01
12300236,3162077600,1009,5,FI
12300236,3162077600,1109,6,01
12300236,3162077600,1013,0,FO
10434495,3162077600,1008,0,FI
10434495,3162077600,1110,0,FI
10318774,3162077600,1009,7,FI
10318774,3162077600,1109,7,FI
10803572,3162077600,1013,0,FO
10736212,3162077600,CV0004,8,FI
10736212,3162077600,1007,1,01
10278035,3162077600,1011,7,01
10278035,3162077600,1109,9,01
10278035,3162077600,1110,8,01
10786442,3162077600,1013,0,FO
10354121,3162077600,CV0004,0,FI
10354121,3162077600,1008,5,EX
10691616,3162077600,CV0004,8,FI
10691616,3162077600,1008,8,FI
10691616,3162077600,1109,7,01
10296770,3162077600,1110,7,01
10017290,3162077600,1009,9,FI
10318925,3162077600,1008,7,01
10318925,3162077600,1011,6,FI
10318925,3162077600,1109,0,01
11074029,3162077551,0825,8,01
11074029,3162077551,CV0010,8,FI
10804683,3162077551,CV0004,8,FI
10804683,3162077551,0823,8,01
10804683,3162077551,0822,9,01
10397145,3162077551,0826,9,01
10752122,3162077551,0823,9,FI
10752122,3162077551,0827,8,01
10752122,3162077551,0827,8,FI
10804683,3162077551,0828,9,PO
11074029,3162077551,0828,5,PO
13288467,3162077551,0822,9,FI
10713535,3162077551,0822,6,01
10700138,3162077551,0824,7,01
10700138,3162077551,CV0010,5,FI
10323951,3162077551,CV0004,8,01
10323951,3162077551,0825,9,01
10323951,3162077551,0822,8,01
10323951,3162077551,0826,7,01
10729579,3162077551,CV0004,10,01
10729579,3162077551,0827,8,01
10729579,3162077551,CV0010,9,FI
10770133,3162077551,0825,5,FI
10706042,3162077551,CV0004,8,FI
10706042,3162077551,0823,8,01
10706042,3162077551,0827,7,FI
13288446,3162077551,CV0004,8,FI
13288446,3162077551,0823,8,FI
13288446,3162077551,0830,0,FO
13288446,3162077551,0826,7,FI
10819055,3162077551,0825,7,FI
10819055,3162077551,0827,7,FI
10819055,3162077551,0824,7,01
10819055,3162077551,CV0010,8,FI
13293379,3162077551,0823,6,FI
13293379,3162077551,0826,6,FI
10809450,3162077551,0822,7,01
10809450,3162077551,0830,0,FO
10758378,3162078584,243266,8,01
10758378,3162078584,243266,9,02
10758378,3162078584,243264,10,01
10758378,3162078584,243264,8,02
10699142,3162078584,243265,8,FI
10699142,3162078584,243266,8,02
13446594,3162078584,243267,8,02
13448029,3162078584,243265,9,01
13448029,3162078584,243266,10,02
11066151,3162078584,243266,9,02
11066151,3162078584,243264,7,01
10791102,3162078584,243265,9,FI
10791102,3162078584,243267,8,02
10791102,3162078584,243266,8,FI
11285049,3162078584,243267,10,01
11285049,3162078584,243267,10,02
11285049,3162078584,243267,10,FI
10347923,3162078584,243265,10,01
10347923,3162078584,243264,9,01
10675598,3162078584,243264,6,FI
10783224,3162078584,243267,10,01
10783224,3162078584,243264,8,FI
13035877,3162078584,243266,8,FI
10699108,3162078584,243265,9,FI
13467527,3162078584,243265,8,02
10287348,3162078584,243267,9,FI
10287348,3162078584,243266,8,FI
10287348,3162078584,243264,9,01
13475004,3162078584,243265,9,FI
13475004,3162078584,243267,10,01
11316049,3162078584,243265,9,02
11316049,3162078584,243267,10,01
11316049,3162078584,243267,9,02
11316049,3162078584,243266,9,02
13250043,3162078584,243265,0,FI
13250043,3162078584,243267,0,FI
10869145,3162078584,243266,8,02
10814418,3162078584,243265,6,FI
10814418,3162078584,243266,4,01
10814418,3162078584,243264,5,FI
10862205,3162078584,243265,9,FI
10862205,3162078584,243266,8,01
10862205,3162078584,243264,9,01
11564293,3162078584,243267,9,FI
11564293,3162078584,243266,7,01
10745557,3162078584,243265,8,FI
10745557,3162078584,243267,5,02
10745557,3162078584,243264,6,01
10515204,3162078591,243604,5,01
10515204,3162078591,243271,6,FI
11251858,3162078591,243604,7,01
11251858,3162078591,243604,9,FI
11251858,3162078591,243271,10,01
11251858,3162078591,243270,9,FI
10697595,3162078591,243601,0,FO
10697595,3162078591,243604,9,FI
10697595,3162078591,243271,8,01
10697595,3162078591,243270,9,01
10709718,3162078591,243604,5,01
10689702,3162078591,243602,9,FI
10772056,3162078591,243270,4,01
10714036,3162078591,243602,9,01
10714036,3162078591,243604,9,FI
10499298,3162078591,243602,9,FI
10723900,3162078591,243602,9,FI
10723900,3162078591,243604,6,01
10510771,3162078591,243604,4,01
10510771,3162078591,243270,9,01
10610021,3162078591,243270,9,01
10697594,3162078591,243604,7,FI
10697594,3162078591,243271,8,01
10697594,3162078591,243271,9,FI
10242875,3162078591,243270,9,01
10242875,3162078591,243270,9,FI
10697823,3162078591,243602,8,01
10697823,3162078591,243604,6,FI
10862844,3162078591,243604,8,01
10697613,3162078591,243271,10,01
10697613,3162078591,243270,9,01
10352409,3162078591,243270,8,01
10352409,3162078591,243270,9,FI
12637322,3162076035,0181,5,FO
13263308,3162076035,0176,5,FI
11568873,3162076035,0181,7,PO
11568873,3162076035,0175,8,FI
10742422,3162076035,0178,7,01
10742422,3162076035,0178,8,FI
10487908,3162076035,0180,9,01
10487908,3162076035,0181,4,PO
13245158,3162076035,0180,9,01
13245158,3162076035,0176,6,FI
10610451,3162076035,0180,9,FI
10814531,3162076035,CV0004,10,FI
10814531,3162076035,0178,7,01
10814531,3162076035,0175,9,FI
10838901,3162076035,0180,6,FI
10838901,3162076035,0184,0,FO
10838901,3162076035,0175,5,FI
10581335,3162076035,0181,10,PE
10713910,3162076035,0178,6,01
10706770,3162076035,0180,8,FI
10706770,3162076035,0176,6,FI
10849475,3162076035,CV0004,9,FI
10849475,3162076035,0178,7,01
10468091,3162076035,0176,7,01
10267575,3162076035,0181,0,PO
10267575,3162076035,0178,0,01
10420918,3162076035,0184,0,FO
10420918,3162076035,0178,8,FI
11264068,3162076035,0180,6,01
12452324,3162076035,0175,0,FI
11921786,3162076035,0181,8,PE
11921786,3162076035,0184,0,FO
11921786,3162076035,0183,7,FI
13249462,3162076035,0175,9,FI
12730900,3162076035,0181,0,PO
10301350,3162076035,0175,8,01
10264508,3162076035,CV0004,0,FI
10411178,3162076098,CV0004,9,FI
10411178,3162076098,0398,9,01
10513851,3162076098,CV0004,6,01
10837553,3162076098,0397,9,FI
10305439,3162076098,0398,9,01
10699672,3162076098,CV0004,6,FI
10699672,3162076098,0180,4,01
10699672,3162076098,0180,5,EX
10699672,3162076098,0403,0,FO
10677163,3162076098,0397,8,FI
10707825,3162076098,0180,2,FI
10707825,3162076098,0402,2,01
10803272,3162076098,0398,9,01
12468964,3162076098,0402,6,01
12468964,3162076098,0397,4,01
10700883,3162076098,CV0004,8,01
10700883,3162076098,0399,9,FI
10778000,3162076098,CV0004,9,01
10778000,3162076098,0402,8,FI
10778000,3162076098,0399,9,01
13127380,3162076098,CV0004,1,FI
10506040,3162076119,0388,6,PE
10664986,3162076119,CV0004,7,01
10664986,3162076119,0387,6,FI
11632133,3162076119,0387,8,01
10690446,3162076119,CV0004,7,FI
10690446,3162076119,0385,8,01
10696634,3162076119,CV0004,9,FI
10696634,3162076119,0387,9,FI
10742990,3162076119,0180,8,FI
10742990,3162076119,0385,9,01
10365373,3162076119,0388,0,PE
10486936,3162076119,CV0004,9,01
10486936,3162076119,0180,4,01
10486936,3162076119,0180,7,EX
10486936,3162076119,0387,8,FI
10610383,3162076119,CV0004,6,FI
10887591,3162079713,0446,8,FI
10887591,3162079713,0442,8,01
10887591,3162079713,0442,8,FI
10926432,3162079713,0446,9,01
10926432,3162079713,0446,8,FI
10926432,3162079713,0442,9,FI
10737176,3162079713,CV0002,9,01
10916753,3162079713,0448,4,01
10888026,3162079713,0443,5,01
10888026,3162079713,0443,5,FI
11802825,3162079713,0443,5,01
11802825,3162079713,0442,7,FI
10899530,3162079713,0446,6,FI
10899530,3162079713,0443,5,01
10899530,3162079713,0442,6,01
10925424,3162079713,0443,7,FI
12890835,3162079713,0451,0,FO
10707891,3162079713,0443,3,01
10707891,3162079713,0448,4,01
11594116,3162079713,0446,7,EX
10698482,3162079713,0443,5,01
10924358,3162079713,0442,6,FI
12788547,3162079713,0443,7,FI
12788547,3162079713,0448,4,01
10793477,3162079713,CV0002,7,01
10793477,3162079713,CV0002,6,FI
10793477,3162079713,0446,8,01
13116617,3162079713,CV0002,5,01
13116617,3162079713,0446,8,01
13116617,3162079713,0451,0,FO
13457085,3162079713,CV0002,7,01
10431853,3162079713,0442,9,FI
13101838,3162079713,0443,5,01
10308441,3162079713,CV0002,0,01
10308441,3162079713,CV0002,0,FI
10308441,3162079713,0448,0,FI
10308441,3162079713,0448,0,EX
11738860,3162079713,CV0002,0,01
11738860,3162079713,0448,0,EX
12731696,3162079713,0446,9,01
10442321,3162079713,0442,0,01
10442321,3162079713,0442,0,FI
11235555,3162079713,0443,0,01
11780432,3162079713,0443,7,FI
11780432,3162079713,0448,4,01
12380827,3162079713,0446,0,01
12380827,3162079713,0442,6,EX
13249406,3162079713,CV0002,6,01
13249406,3162079713,0443,0,01
10940185,3162079713,0448,6,FI
12736231,3162079713,0443,10,01
12736231,3162079713,0443,9,FI
12736231,3162079713,0448,8,01
11240615,3162079713,0446,0,01
13041457,3162079713,0442,7,EX
12116573,3162079713,0442,9,FI
10991644,3162079713,0443,7,FI
10991644,3162079713,0442,3,01
13459444,3162079713,CV0002,0,FI
11502410,3162079713,0443,7,01
11502410,3162079713,0451,0,FO
11402624,3162079713,0446,8,FI
11402624,3162079713,0443,7,01
12839405,3162079713,0448,0,FI
11349452,3162079713,0446,8,FI
13263684,3162079713,CV0002,8,01
13263684,3162079713,0446,10,FI
12853739,3162079713,0443,6,FI
11479322,3162079713,0443,0,FI
10963934,3162079790,0657,5,P1
10410551,3162079790,0656,8,FI
10283468,3162079790,0652,5,FI
10852355,3162079790,0652,4,01
13282224,3162079790,0655,8,FI
10835661,3162079790,0655,8,FI
12840433,3162079790,CV0004,6,01
12840433,3162079790,0657,8,PO
12840433,3162079790,0660,0,FO
11837806,3162079790,CV0004,8,FI
11837806,3162079790,0653,5,FI
11837806,3162079790,0660,0,FO
10657739,3162079790,0656,8,FI
10657739,3162079790,0654,9,FI
10679661,3162079790,0656,8,FI
10679661,3162079790,0660,0,FO
10437711,3162079790,0656,7,01
10509826,3162079790,0652,7,FI
11262097,3162079790,0657,0,PO
11262097,3162079790,0652,7,FI
11262097,3162079790,0654,7,FI
10500611,3162079790,0652,7,FI
10500611,3162079790,0654,6,01
10500611,3162079790,0654,6,FI
10679690,3162079790,0655,8,01
10679690,3162079790,0652,7,FI
10679690,3162079790,0656,5,01
10679690,3162079790,0656,8,FI
13038791,3162079790,0656,9,01
10743003,3162079790,CV0004,8,01
10743003,3162079790,0655,8,01
10743003,3162079790,0656,5,FI
13235855,3162079790,0652,7,01
13235855,3162079790,0656,8,FI
13235855,3162079790,0654,9,FI
10652411,3162079790,0656,4,01
10652411,3162079790,0660,0,FO
10515573,3162079790,CV0004,6,FI
11825237,3162079790,0652,5,FI
11825237,3162079790,0653,6,FI
11825237,3162079790,0654,4,01
10862522,3162079790,0654,7,01
10862522,3162079790,0654,6,FI
10792061,3162079790,0660,0,FO
10711877,3162079790,0657,7,PO
10829023,3162079790,CV0004,7,FI
10829023,3162079790,0656,6,FI
10707732,3162079790,0656,6,01
13245586,3162079790,0657,9,PO
13245586,3162079790,0652,9,01
13245586,3162079790,0653,9,FI
11144559,3162079790,0653,9,01
13246215,3162079790,0657,5,PO
13246215,3162079790,0653,6,01
10689191,3162079790,0652,8,FI
11409670,3162079790,0654,0,FI
13320897,3162079790,0652,3,01
11158088,3162079790,0654,1,01
11158088,3162079790,0654,0,EX
12491074,3162079790,CV0004,5,FI
12731205,3162079790,0653,0,FI
12568905,3162079790,0655,0,EX
10816926,3162079790,CV0004,8,01
10816926,3162079790,0656,9,01
13248595,3162079790,0656,9,01
13248595,3162079790,0660,0,FO
11741280,3162079790,0657,10,PO
12735122,3162079790,CV0004,4,01
13298754,3162079790,0655,0,EX
13298754,3162079790,0652,0,FI
13298754,3162079790,0653,0,FI
13298754,3162079790,0656,0,01
10283680,3162079790,0653,0,FI
12731503,3162079790,0655,0,FI
12731503,3162079790,0656,0,EX
12731503,3162079790,0654,0,01
12567860,3162079790,0653,8,01
12567860,3162079790,0654,6,FI
10279159,3162079790,CV0004,4,01
10279159,3162079790,0656,0,EX
12685301,3162079790,CV0004,0,FI
12685301,3162079790,0655,0,FI
12685301,3162079790,0652,0,FI
12685301,3162079790,0656,0,EX
11246656,3162079790,0655,8,01
13038681,3162079790,CV0004,6,FI
13038681,3162079790,0656,9,01
13038681,3162079790,0656,8,FI
13038681,3162079790,0654,6,FI
10416763,3162079790,0653,0,FI
10416763,3162079790,0656,0,FI
10412777,3162079790,0654,3,FI
10412777,3162079790,0654,5,EX
11321557,3162079790,0657,6,PO
11321557,3162079790,0654,6,FI
10451024,3162079790,CV0004,8,01
10451024,3162079790,0652,4,FI
10451024,3162079790,0654,0,FI
11170823,3162079790,0652,0,FI
10349643,3162079790,0653,0,01
10349643,3162079790,0653,1,FI
13038756,3162079790,0653,6,FI
13038756,3162079790,0654,6,FI
13248215,3162079790,0652,3,01
11486847,3162079790,0655,4,01
13038797,3162079790,0655,0,EX
10323618,3162079790,CV0004,7,FI
10323618,3162079790,0653,3,01
10327143,3162079790,0655,0,01
10327143,3162079790,0653,0,EX
10327143,3162079790,0654,0,FI
11312274,3162079790,0654,3,EX
10083896,3162079790,0655,0,FI
11263266,3162079860,5024,9,01
11263266,3162079860,5024,8,FI
11263266,3162079860,5025,2,01
11263266,3162079860,5026,9,01
10809218,3162079860,5022,7,01
10809218,3162079860,5022,7,FI
10415513,3162079860,5021,9,01
10415513,3162079860,5022,10,01
10415513,3162079860,5024,10,01
10415513,3162079860,5026,8,FI
12724396,3162079860,5024,9,01
10380889,3162079860,5021,9,01
10740579,3162079860,5023,9,FI
10740579,3162079860,5024,8,01
10740579,3162079860,5025,8,01
10740579,3162079860,5025,7,FI
10652552,3162079860,5022,10,FI
10810094,3162079860,5023,7,FI
10355633,3162079860,5025,8,FI
10355633,3162079860,5026,8,FI
11482158,3162079860,5021,8,01
10808794,3162079860,5023,9,01
10808794,3162079860,5026,9,FI
10678728,3162079860,5022,2,01
10678728,3162079860,5026,9,FI
10799062,3162079874,5072,7,FI
10799062,3162079874,5073,8,FI
10799062,3162079874,5075,6,FI
10736698,3162079874,5073,8,01
10328167,3162079874,5075,0,FI
10841155,3162079874,5073,0,01
10018367,3162079874,5074,7,01
10832732,3162079874,5071,8,FI
10832732,3162079874,5072,9,01
10294470,3162079874,5071,0,FI
10294470,3162079874,5072,0,01
10294470,3162079874,5074,0,01
10294470,3162079874,5075,0,FI
10481669,3162079874,5073,9,FI
10747327,3162079874,5074,8,01
10304881,3162079874,5071,0,01
10304881,3162079874,5072,0,01
10304881,3162079874,5073,0,FI
10726154,3162079874,5075,7,01
10516191,3162079874,5072,9,01
10837507,3162079874,5073,0,01
10405270,3162079874,5071,0,FI
10405270,3162079874,5075,0,01
10405270,3162079874,5075,0,FI
10403933,3162079874,5072,0,EX
10403933,3162079874,5073,0,01
10403933,3162079874,5075,0,01
12923163,3162079874,5072,8,FI
12923163,3162079874,5074,10,01
12923163,3162079874,5074,10,FI
10837451,3162080071,0382,0,FO
10837451,3162080071,0374,8,01
11635385,3162080071,0381,8,FI
10707778,3162080071,0376,0,FI
10707778,3162080071,0376,0,EX
10855729,3162080071,0378,9,01
11635385,3162080071,0379,9,PO
10267085,3162080071,0379,10,PO
10267085,3162080071,0378,5,FI
10267085,3162080071,0374,8,FI
10707901,3162080071,0378,7,FI
10679688,3162080071,CV0004,7,FI
10707654,3162080071,CV0004,4,01
10707654,3162080071,0379,7,PO
10707654,3162080071,0378,3,01
10707654,3162080071,0374,6,01
10676228,3162080071,0374,6,01
10676228,3162080071,0374,7,FI
10864476,3162080071,CV0004,6,01
10864476,3162080071,0377,6,FI
10864476,3162080071,0374,7,FI
10832097,3162080071,0379,3,PE
10832097,3162080071,0378,5,01
10332972,3162080071,0379,10,PO
10332972,3162080071,0377,8,FI
12722174,3162080071,0382,0,PE
13257199,3162080071,0376,9,01
10634348,3162080071,0376,8,01
10963354,3162080071,CV0004,4,01
10963354,3162080071,0378,10,FI
10963354,3162080071,0374,9,01
10748092,3162080071,0375,0,01
10748092,3162080071,0374,8,FI
10691654,3162080071,0374,8,FI
10687382,3162080071,0375,2,01
10500950,3162080071,0378,6,01
10500950,3162080071,0378,0,EX
13248857,3162079993,0494,0,01
13248857,3162079993,0491,5,FI
13248857,3162079993,0490,1,EX
13248857,3162079993,0489,0,FI
13248857,3162079993,0488,9,FI
10679671,3162079993,0491,2,01
10679671,3162079993,0489,0,FI
10679671,3162079993,0489,0,EX
12636620,3162079993,0491,1,01
12636620,3162079993,0489,0,FI
10364384,3162079993,0491,7,01
10364384,3162079993,0491,9,FI
10525745,3162079993,0489,8,01
10437714,3162079993,CV0004,0,01
10365185,3162079993,0494,8,FI
10365185,3162079993,0491,7,FI
10332148,3162079993,0494,0,01
10332148,3162079993,0491,0,01
10332148,3162079993,0486,0,01
11400429,3162079993,0486,7,FI
10640914,3162079993,0488,7,01
10905913,3162079993,0490,0,FI
10905913,3162079993,0489,0,01
10905913,3162079993,0486,0,01
13245900,3162079993,CV0004,0,FI
13038149,3162079993,0489,7,FI
12735228,3162079993,0488,4,01
10512597,3162079993,0488,6,FI
10307929,3162079993,0490,6,EX
10307929,3162079993,0489,8,01
11904882,3162079993,0490,1,FI
12636390,3162079993,0486,0,01
10635824,3162079993,0488,6,FI
10711791,3162079957,0616,0,PO
10711791,3162079957,0613,0,EX
10711791,3162079957,0612,4,01
10711791,3162079957,0612,0,EX
10666129,3162079957,CV0004,8,01
10666129,3162079957,CV0004,8,FI
10666129,3162079957,0618,7,FI
10945672,3162079957,0615,6,FI
10945672,3162079957,0612,8,FI
10837069,3162079957,0619,0,FO
10837069,3162079957,0613,10,FI
10736098,3162079957,0614,9,FI
10254986,3162079957,0614,10,01
10679677,3162079957,CV0004,9,01
10679677,3162079957,0618,8,FI
10679677,3162079957,0614,4,FI
10679677,3162079957,0612,2,01
10679677,3162079957,0612,7,EX
10201417,3162079957,0619,0,FO
10201417,3162079957,0616,10,PO
10730670,3162079957,CV0004,10,01
10730670,3162079957,CV0004,10,FI
10730670,3162079957,0618,9,01
10820972,3162079957,0615,10,FI
10820972,3162079957,0613,10,FI
12736124,3162079957,0615,7,01
12736124,3162079957,0612,5,01
10663063,3162079957,CV0004,9,FI
10663063,3162079957,0618,10,FI
10663063,3162079957,0613,9,FI
13294635,3162079957,0615,10,FI
13294635,3162079957,0614,9,01
13294635,3162079957,0613,10,01
11736342,3162079957,0615,10,FI
10689194,3162079957,0619,0,FO
10817332,3162079957,CV0004,6,01
10817332,3162079957,0614,9,01
10657057,3162079957,0615,4,01
10910799,3162079936,0226,8,FI
10906556,3162079936,CV0002,6,01
10906556,3162079936,0224,1,FI
10912321,3162079936,0228,10,FI
10819052,3162079936,CV0002,9,FI
10819052,3162079936,0226,8,FI
10819052,3162079936,0224,8,FI
10904569,3162079936,CV0002,10,FI
10904569,3162079936,0228,9,FI
10904569,3162079936,0226,6,01
10904569,3162079936,0224,5,01
13031606,3162079936,0224,4,01
13031606,3162079936,0224,5,FI
10911129,3162079936,0230,8,FI
13261957,3162079936,0230,8,FI
10911373,3162079936,0224,8,01
10663109,3162079936,CV0002,0,01
10663109,3162079936,CV0002,0,FI
10789656,3162079936,0226,8,FI
10789656,3162079936,0224,6,01
10909591,3162079936,0224,9,FI
10390554,3162079936,0226,7,FI
10390554,3162079936,0227,7,FI
10017433,3162079936,0230,9,FI
10017433,3162079936,0228,8,01
10017433,3162079936,0224,10,FI
10017433,3162079936,0231,0,FO
12505624,3162079936,0230,8,01
12505624,3162079936,0227,4,01
12505624,3162079936,0227,9,FI
13086978,3162079936,0226,8,FI
13086978,3162079936,0227,4,01
10283255,3162079936,CV0002,4,01
10283255,3162079936,CV0002,7,FI
10283255,3162079936,0230,7,FI
10283255,3162079936,0224,7,01
11420126,3162079936,0226,0,01
10679666,3162079936,0227,0,01
11825745,3162079936,0228,0,01
12636621,3162079936,0228,9,01
12636621,3162079936,0224,9,01
12636621,3162079936,0227,7,01
12603629,3162079936,0224,0,01
13250561,3162079936,0230,0,01
10416745,3162079936,0226,0,FI
10978459,3162079936,0224,0,EX
10793625,3162075411,028504,9,FI
10260898,3162075411,028502,8,02
10260898,3162075411,028502,8,FI
10260898,3162075411,028501,9,FI
12921679,3162075411,028100,9,02
11572769,3162075411,028505,0,01
10767533,3162075411,028502,8,01
10767533,3162075411,028503,9,FI
10471049,3162075411,028502,10,FI
10471049,3162075411,028100,10,02
10464351,3162075411,028502,8,01
10464351,3162075411,028504,9,FI
10464351,3162075411,028001,8,01
10892583,3162075411,028504,2,01
10892583,3162075411,028505,4,02
10892583,3162075411,028100,6,02
10931651,3162075411,028502,8,01
10931651,3162075411,028504,9,02
10931651,3162075411,028504,9,FI
10931651,3162075411,028503,7,FI
10931651,3162075411,028501,4,02
10783770,3162075411,028504,3,01
10783770,3162075411,028505,7,02
10783770,3162075411,028001,7,02
10783770,3162075411,028503,8,01
10783770,3162075411,028501,2,01
11006716,3162075411,028504,5,02
11006716,3162075411,028504,5,FI
11006716,3162075411,028501,5,FI
10333832,3162075411,028502,7,01
10333832,3162075411,028502,7,02
10901871,3162075411,028504,7,01
10901871,3162075411,028501,4,02
11001548,3162075411,028501,8,FI
10409975,3162075411,028505,0,01
10409975,3162075411,028503,0,01
10409975,3162075411,028503,0,EX
10409975,3162075411,028501,0,02
13451031,3162075411,028504,7,01
13451031,3162075411,028505,7,01
13451031,3162075411,028505,7,FI
13451031,3162075411,028100,7,FI
10428502,3162075411,028505,7,EX
10428502,3162075411,028503,9,02
10428502,3162075411,028501,7,02
10428502,3162075411,028100,7,01
10428502,3162075411,028100,8,FI
12869703,3162075411,028501,4,01
11176344,3162075411,028100,7,FI
10824027,3162075411,028100,7,01
11025178,3162075411,028504,5,FI
11025178,3162075411,028505,4,01
11025178,3162075411,028001,8,01
11025178,3162075411,028501,4,01
10906346,3162075411,028503,8,FI
10927446,3162075411,028505,9,01
10927446,3162075411,028501,7,01
12941115,3162075411,028503,8,02
12941115,3162075411,028503,7,FI
12941115,3162075411,028100,9,01
13246042,3162075411,028502,10,01
13246042,3162075411,028502,10,FI
13246042,3162075411,028501,10,FI
13156002,3162075411,028505,0,02
13156002,3162075411,028001,0,01
13156002,3162075411,028503,7,01
13156002,3162075411,028100,9,FI
10805472,3162075411,028001,5,01
10805472,3162075411,028503,3,02
10805472,3162075411,028503,4,FI
10926900,3162075411,028502,9,02
10926900,3162075411,028502,8,FI
10926900,3162075411,028504,9,FI
13287506,3162075411,028502,9,01
13287506,3162075411,028502,8,02
13287506,3162075411,028505,8,FI
13287506,3162075411,028001,8,01
13287506,3162075411,028501,9,01
13287506,3162075411,028501,10,FI
13287506,3162075411,028100,9,02
10801002,3162075411,028502,8,FI
10801002,3162075411,028501,8,FI
10801002,3162075411,028100,8,02
13071991,3162075411,028502,9,02
13071991,3162075411,028001,9,01
13071991,3162075411,028501,8,01
11048215,3162075411,028504,8,02
11260593,3162075411,028505,2,01
11260593,3162075411,028503,0,FI
11260593,3162075411,028100,0,EX
10895653,3162075411,028504,10,02
10895653,3162075411,028503,8,01
10698491,3162075411,028505,5,FI
10698491,3162075411,028503,4,02
10698491,3162075411,028501,3,FI
10698491,3162075411,028100,5,FI
13124409,3162075411,028503,10,02
13124409,3162075411,028501,6,FI
11328075,3162075411,028503,3,02
12879841,3162075411,028501,0,02
10924060,3162075411,028502,3,01
10924060,3162075411,028503,4,01
10924060,3162075411,028501,4,01
10924060,3162075411,028501,6,EX
13456219,3162075411,028503,10,02
10906500,3162075411,028502,6,02
10906500,3162075411,028504,8,FI
10906500,3162075411,028001,3,02
10906500,3162075411,028503,0,02
10906500,3162075411,028501,4,01
10906500,3162075411,028501,7,02
10906500,3162075411,028100,5,02
11231768,3162075411,028505,0,EX
11231768,3162075411,028503,0,01
11231768,3162075411,028100,0,01
11231768,3162075411,028100,0,02
11231768,3162075411,028100,0,FI
11231768,3162075411,028100,0,EX
10904182,3162075411,028504,9,01
10904182,3162075411,028505,7,02
13458419,3162075411,028001,8,01
11032717,3162075411,028001,6,02
11032717,3162075411,028503,8,01
10912191,3162075411,028504,3,02
10912191,3162075411,028504,1,FI
10912191,3162075411,028001,0,01
10912191,3162075411,028001,3,02
10912191,3162075411,028501,2,FI
13095949,3162075411,028001,9,02
13095949,3162075411,028503,10,01
13095949,3162075411,028503,10,FI
13456990,3162075411,028502,8,FI
13456990,3162075411,028501,7,02
13456990,3162075411,028100,8,02
10718947,3162075411,028504,9,FI
10718947,3162075411,028503,10,02
11076555,3162075411,028001,4,01
11076555,3162075411,028001,0,EX
10511909,3162075411,028504,0,FI
10511909,3162075411,028505,0,01
10511909,3162075411,028501,0,02
10511909,3162075411,028100,0,FI
11321787,3162075411,028504,10,02
11321787,3162075411,028503,10,01
11321787,3162075411,028503,10,02
10705766,3162075411,028502,0,01
10705766,3162075411,028503,0,FI
13364778,3162075411,028001,9,02
13364778,3162075411,028503,10,02
10401257,3162075411,028502,10,02
10244186,3162075411,028505,7,FI
10244186,3162075411,028501,7,02
12151166,3162075411,028501,7,02
12151166,3162075411,028100,8,01
10803834,3162075411,028505,4,02
10803834,3162075411,028001,8,02
10442635,3162075411,028502,0,FI
10442635,3162075411,028503,4,01
13514018,3162075411,028502,10,02
10913310,3162075411,028504,8,02
10913310,3162075411,028505,4,01
10913310,3162075411,028505,7,FI
10913310,3162075411,028503,2,02
11173156,3162075411,028502,7,02
11173156,3162075411,028505,3,02
10894182,3162075411,028504,8,01
10894182,3162075411,028505,7,01
10894182,3162075411,028100,8,01
10894182,3162075411,028100,9,02
11013996,3162075411,028504,10,FI
11013996,3162075411,028503,6,01
11013996,3162075411,028503,7,02
13459090,3162075411,028502,10,01
10681066,3162075411,028502,9,02
10681066,3162075411,028505,6,02
10384941,3162075411,028503,10,02
10616148,3162075411,028100,7,02
10491541,3162075411,028504,7,01
10491541,3162075411,028100,10,02
11144881,3162075411,028504,0,EX
11144881,3162075411,028001,6,01
11144881,3162075411,028100,7,02
11144881,3162075411,028100,0,FI
11144881,3162075411,028100,0,EX
12510297,3162075411,028001,9,FI
10382918,3162075411,028504,2,02
10382918,3162075411,028504,6,EX
10382918,3162075411,028001,0,02
12373449,3162075411,028504,4,01
10241444,3162075411,028504,3,01
10241444,3162075411,028504,3,02
10241444,3162075411,028503,0,FI
10241444,3162075411,028501,3,01
10241444,3162075411,028100,0,02
11664133,3162075411,028502,9,01
11664133,3162075411,028001,8,01
10017418,3162075411,028001,8,FI
10017418,3162075411,028503,6,02
10017418,3162075411,028503,7,FI
10017418,3162075411,028100,9,02
13230238,3162075411,028505,0,01
13230238,3162075411,028503,0,01
13230238,3162075411,028501,0,02
13230238,3162075411,028100,4,01
13230238,3162075411,028100,0,02
11027241,3162075411,028502,8,FI
11027241,3162075411,028504,9,01
11027241,3162075411,028505,4,02
13035254,3162075411,028504,6,01
13035254,3162075411,028501,7,FI
13124410,3162075411,028504,4,FI
13124410,3162075411,028504,5,EX
13124410,3162075411,028001,7,02
13124410,3162075411,028100,7,01
13124410,3162075411,028100,9,02
12877007,3162075411,028503,8,FI
12877007,3162075411,028100,7,01
10506539,3162075411,028502,6,01
10506539,3162075411,028501,7,02
10407717,3162075411,028502,0,01
12630701,3162075411,028504,7,02
12630701,3162075411,028501,8,02
10925235,3162075411,028502,4,01
10925235,3162075411,028504,0,EX
10925235,3162075411,028505,0,EX
10925235,3162075411,028001,1,02
10925235,3162075411,028100,4,02
13365806,3162075411,028505,8,01
13365806,3162075411,028001,9,01
13365806,3162075411,028501,9,FI
13365806,3162075411,028100,10,01
11236141,3162075411,028505,7,01
11236141,3162075411,028503,7,01
11236141,3162075411,028503,7,02
13289936,3162075411,028502,9,01
13289936,3162075411,028505,8,FI
13289936,3162075411,028501,7,02
12618601,3162075411,028505,0,EX
12618601,3162075411,028503,0,02
12618601,3162075411,028503,0,FI
12618601,3162075411,028503,0,EX
12618601,3162075411,028501,3,01
10952090,3162075411,028505,3,FI
10952090,3162075411,028501,6,FI
13461512,3162075411,028502,9,01
13461512,3162075411,028505,0,02
13461512,3162075411,028501,7,01
13461512,3162075411,028501,0,02
13461512,3162075411,028501,8,FI
13461512,3162075411,028100,8,FI
10894547,3162075418,028601,0,F2
10787438,3162075418,028601,0,F2
10279654,3162075418,028601,0,F2
13033829,3162075418,028601,0,FO
12419064,3162075418,028601,0,F2
11318786,3162075418,028601,0,F2
10281596,3162075418,028601,0,FO
10891407,3162075418,028601,0,F2
10927479,3162075418,028601,0,F2
10835151,3162075418,028601,0,F2
11485242,3162075418,028601,0,F2
10657224,3162075539,1374,8,FI
10652405,3162075539,1377,9,01
10351740,3162075539,1375,9,PO
10831149,3162075539,1375,8,PO
10831149,3162075539,1371,6,01
10486854,3162075539,1372,4,FI
10701794,3162075539,1378,0,FO
10701794,3162075539,1374,8,01
11316204,3162075539,1372,1,01
13242130,3162075539,1371,10,FI
13242130,3162075539,1372,10,FI
10664967,3162075539,CV0004,9,01
10664967,3162075539,1371,7,01
10664967,3162075539,1372,4,01
10664967,3162075539,1372,4,FI
10664967,3162075539,1377,9,FI
13281830,3162075539,CV0004,6,01
13281830,3162075539,1372,8,01
13281830,3162075539,1373,8,FI
10834203,3162075539,1372,7,01
10834203,3162075539,1372,7,FI
10834203,3162075539,1373,8,FI
10396024,3162075539,1372,7,FI
10396024,3162075539,1373,9,01
10620831,3162075539,1371,5,01
10822528,3162075539,1371,7,01
10822528,3162075539,1373,9,01
13011023,3162075539,1375,10,PO
10657734,3162075539,1374,4,01
10859549,3162075539,1372,10,01
10711968,3162075539,1375,10,PO
10711968,3162075539,1372,6,01
10711968,3162075539,1372,8,FI
10711968,3162075539,1377,7,01
13256847,3162075539,1371,10,01
13256847,3162075539,1373,10,FI
10679716,3162075539,1374,10,FI
10698110,3162075539,1375,10,PO
10698110,3162075539,1373,7,01
10698110,3162075539,1374,8,01
10505116,3162075539,1372,6,FI
10319363,3162075539,1372,7,01
10839832,3162075539,CV0004,7,01
10839832,3162075539,1372,7,FI
10839832,3162075539,1374,6,FI
12739203,3162075539,CV0004,7,01
12739203,3162075539,1375,10,PO
10027372,3162075539,1375,10,PO
10027372,3162075539,1373,9,01
10027372,3162075539,1377,9,FI
10689174,3162075539,1373,8,01
10689174,3162075539,1373,9,FI
10689174,3162075539,1374,9,FI
10689174,3162075539,1377,7,01
10817396,3162075539,1378,0,FO
10817396,3162075539,1372,6,01
10817396,3162075539,1374,8,01
10817396,3162075539,1377,8,FI
10781254,3162075539,1373,8,FI
10742955,3162075539,1373,8,FI
10734168,3162075539,1377,9,FI
10707900,3162075539,1373,8,FI
10707900,3162075539,1374,7,01
10017422,3162075539,CV0004,8,FI
10017422,3162075539,1371,9,FI
10017422,3162075539,1373,9,01
10017422,3162075539,1377,8,01
10707896,3162075539,1372,8,01
10734359,3162075539,1375,7,PO
10734359,3162075539,1378,0,FO
10635766,3162075539,1373,5,FI
10635766,3162075539,1377,6,FI
10735610,3162075539,1378,0,FO
10735610,3162075539,1373,8,FI
10320009,3162075539,1375,0,PO
10845796,3162075539,1371,0,01
10845796,3162075539,1371,4,FI
10845796,3162075539,1373,4,FI
10503400,3162075539,1378,0,FO
10937787,3162075539,1378,0,FO
13487291,3162075539,1373,4,FI
10802285,3228404816,0179,7,FI
10802285,3228404816,0651,6,01
10802285,3228404816,0651,7,02
10802285,3228404816,0648,8,02
10802285,3228404816,0648,8,FI
10802285,3228404816,0647,7,02
10802285,3228404816,0647,6,FI
10414870,3228404816,0179,8,02
10414870,3228404816,0650,9,FI
10414870,3228404816,0648,8,FI
13075443,3228404816,1709,7,01
13075443,3228404816,0651,8,01
13075443,3228404816,0650,5,02
13075443,3228404816,0648,7,FI
10025295,3228404816,0179,6,02
10025295,3228404816,0649,4,FI
12690668,3228404816,0657p,9,02
13450442,3228404816,1709,0,01
13450442,3228404816,0649,0,01
13450442,3228404816,0649,0,FI
13450442,3228404816,0647,0,01
13450442,3228404816,0647,0,EX
10711948,3228404816,0657p,7,02
10711948,3228404816,0179,8,01
10711948,3228404816,0179,7,02
10711948,3228404816,0650,6,02
10711948,3228404816,0648,7,01
10711948,3228404816,0647,6,FI
10244048,3228404816,0657p,8,FI
10509186,3228404816,0179,9,02
12332046,3228404816,0179,5,FI
12332046,3228404816,0651,8,02
12332046,3228404816,0651,7,FI
12332046,3228404816,0650,5,01
12332046,3228404816,0650,2,02
12332046,3228404816,0649,0,EX
10452196,3228404816,0648,10,01
10452196,3228404816,0648,10,FI
10452196,3228404816,0647,9,01
10742998,3228404816,0657p,10,FI
10742998,3228404816,0179,8,02
10742998,3228404816,0179,10,FI
10742998,3228404816,0650,10,02
10742998,3228404816,0650,10,FI
10742998,3228404816,0647,10,01
10742998,3228404816,0647,9,02
10961892,3228404816,0179,6,01
10961892,3228404816,0649,6,02
10906957,3228404816,0651,6,02
10906957,3228404816,0649,6,FI
10906957,3228404816,0647,6,01
10677373,3228404816,1709,6,01
10677373,3228404816,1709,0,EX
10677373,3228404816,0657p,0,FI
10677373,3228404816,0179,7,01
10677373,3228404816,0650,0,FI
10677373,3228404816,0648,6,01
10350415,3228404816,0651,6,01
10350415,3228404816,0648,8,01
10350415,3228404816,0649,6,01
10350415,3228404816,0647,8,01
10024578,3228404816,0648,8,01
10024578,3228404816,0649,6,01
13455127,3228404816,1709,9,01
13455127,3228404816,0179,9,02
10780784,3228404816,0650,8,02
10780784,3228404816,0650,8,FI
13078687,3228404816,1709,7,01
13078687,3228404816,0657p,10,01
13078687,3228404816,0647,9,01
10679723,3228404816,0651,5,01
10824617,3228404816,0657p,8,01
10824617,3228404816,0651,8,FI
10824617,3228404816,0650,5,02
10824617,3228404816,0649,6,01
10824617,3228404816,0647,6,02
10824617,3228404816,0647,6,FI
10840138,3228404816,0657p,9,01
10017455,3228404816,0179,10,FI
10017455,3228404816,0650,10,FI
10017455,3228404816,0648,9,02
11806221,3228404816,0648,5,02
11806221,3228404816,0647,6,01
11806221,3228404816,0647,0,FI
13035058,3228404816,0650,9,01
13035058,3228404816,0650,7,02
13035058,3228404816,0650,8,FI
13035058,3228404816,0647,8,01
13035058,3228404816,0647,6,02
10377895,3228404816,0657p,0,01
10377895,3228404816,0650,0,01
10377895,3228404816,0650,0,FI
10377895,3228404816,0649,0,EX
10661639,3228404816,1709,8,02
10661639,3228404816,0657p,8,FI
10357636,3228404816,0650,8,FI
10357636,3228404816,0649,9,01
11338343,3228404816,0651,8,FI
11338343,3228404816,0649,6,02
11338343,3228404816,0649,6,FI
11338343,3228404816,0647,0,02
10991112,3228404816,1709,8,01
10991112,3228404816,0657p,10,FI
10991112,3228404816,0179,7,01
10991112,3228404816,0179,9,02
10991112,3228404816,0649,9,FI
10819112,3228404816,0657p,9,01
10819112,3228404816,0650,4,FI
10819112,3228404816,0648,9,01
10819112,3228404816,0648,8,02
10953575,3228404816,0651,6,FI
10953575,3228404816,0648,7,01
10381846,3228404816,0651,8,02
10381846,3228404816,0650,8,FI
13456235,3228404816,0657p,0,02
13456235,3228404816,0650,0,01
10679695,3228404816,0651,7,01
10679695,3228404816,0647,6,01
10677900,3228404816,0657p,8,FI
10677900,3228404816,0651,6,01
10677900,3228404816,0648,7,01
10677900,3228404816,0649,7,01
13476760,3228404816,0179,5,01
13476760,3228404816,0648,0,FI
13476760,3228404816,0649,0,02
13476760,3228404816,0649,0,FI
13064420,3228404816,0651,6,02
13064420,3228404816,0649,6,01
10256435,3228404816,0179,0,EX
10256435,3228404816,0648,8,01
10256435,3228404816,0648,8,FI
10256435,3228404816,0647,4,FI
13060964,3228404816,0657p,0,02
13060964,3228404816,0648,0,02
13060964,3228404816,0648,0,EX
10279441,3228404816,1709,6,01
10279441,3228404816,0649,9,FI
13264942,3228404816,1709,0,02
13264942,3228404816,0650,0,FI
10953290,3228404816,0657p,9,01
10953290,3228404816,0657p,9,02
10953290,3228404816,0657p,9,FI
10953290,3228404816,0651,8,01
10953290,3228404816,0648,9,02
10953290,3228404816,0649,7,FI
10463434,3228404816,0648,7,01
10463434,3228404816,0649,0,EX
11254695,3228404816,0657p,0,02
11254695,3228404816,0657p,0,FI
11254695,3228404816,0657p,0,EX
11254695,3228404816,0651,0,EX
11254695,3228404816,0647,0,02
11664368,3228404816,0647,3,01
11481642,3228404816,0179,0,02
11889122,3228404816,0179,6,01
11241112,3228404816,0657p,7,01
11241112,3228404816,0650,9,01
11241112,3228404816,0650,8,FI
10819061,3228404816,1709,7,01
10819061,3228404816,0657p,10,FI
10819061,3228404816,0651,7,01
10819061,3228404816,0647,8,FI
10129831,3228404816,0648,7,02
10129831,3228404816,0647,6,02
10789628,3228404816,0657p,5,02
10789628,3228404816,0179,8,02
10789628,3228404816,0651,7,01
10789628,3228404816,0651,8,FI
10783588,3228404816,0657p,10,01
10783588,3228404816,0650,8,01
13035060,3228404816,0657p,9,02
13035060,3228404816,0657p,7,FI
13035060,3228404816,0650,6,FI
13035060,3228404816,0649,6,01
13035060,3228404816,0647,6,01
13035060,3228404816,0647,4,02
13035179,3228404816,0657p,10,01
10321979,3228404816,0649,7,02
10321979,3228404816,0649,6,FI
10615771,3228404816,1709,0,FI
10615771,3228404816,0651,0,02
10615771,3228404816,0648,0,01
10615771,3228404816,0648,0,FI
10615771,3228404816,0647,0,EX
10679722,3228404816,0179,7,02
10679722,3228404816,0650,5,02
10679722,3228404816,0648,4,01
10679722,3228404816,0647,5,01
10679722,3228404816,0647,7,02
10679722,3228404816,0647,6,FI
10762368,3228413080,0379p,7,02
10762368,3228413080,0179,8,01
10762368,3228413080,0372,8,FI
10762368,3228413080,0369,7,02
10796295,3228413080,0370,9,02
10796295,3228413080,0372,9,01
10796295,3228413080,0369,9,01
10635003,3228413080,0372,9,01
10635003,3228413080,0369,10,02
10762343,3228413080,0179,7,01
10762343,3228413080,0371,9,FI
10910600,3228413080,0179,9,01
10910600,3228413080,0373,8,01
10757735,3228413080,0179,9,FI
10757735,3228413080,0373,6,02
11082671,3228413080,1709,6,01
11082671,3228413080,0370,8,FI
11082671,3228413080,0372,9,01
10849397,3228413080,1709,4,02
10849397,3228413080,1709,7,FI
10849397,3228413080,0370,9,FI
10849397,3228413080,0372,8,FI
10805501,3228413080,0370,7,01
10805501,3228413080,0373,4,02
10805501,3228413080,0371,5,FI
10805501,3228413080,0369,4,EX
12854002,3228413080,0179,8,01
12854002,3228413080,0179,9,02
12854002,3228413080,0370,6,FI
12854002,3228413080,0372,5,02
12854002,3228413080,0369,4,02
10840811,3228413080,1709,7,02
10840811,3228413080,0372,8,FI
10737949,3228413080,0370,8,FI
10737949,3228413080,0373,5,02
10737949,3228413080,0372,5,02
10799789,3228413080,0373,10,02
10799789,3228413080,0371,9,02
10783280,3228413080,0371,8,02
10783280,3228413080,0372,7,FI
10652371,3228413080,1709,6,FI
10762023,3228413080,0371,9,02
10762023,3228413080,0372,10,02
10764453,3228413080,0379p,9,01
10764453,3228413080,0379p,9,FI
10764453,3228413080,0372,7,FI
10813139,3228413080,0379p,9,02
10813139,3228413080,0370,7,02
10813139,3228413080,0373,6,02
10813139,3228413080,0372,5,02
10813139,3228413080,0369,9,FI
10756607,3228413080,0372,10,FI
10762338,3228413080,1709,6,01
10762338,3228413080,0369,8,01
10823812,3228413080,0379p,9,FI
10823812,3228413080,0373,6,02
13456011,3228413080,0379p,10,FI
13456011,3228413080,0372,7,02
13456011,3228413080,0369,10,FI
10780756,3228413080,0373,7,01
10780756,3228413080,0371,7,FI
10823807,3228413080,0373,7,01
10823807,3228413080,0369,6,01
11064614,3228413382,0179,0,EX
11064614,3228413382,0487,0,EX
11064614,3228413382,0485,0,01
11064614,3228413382,0485,0,02
11064614,3228413382,0484,0,02
11064614,3228413382,0484,0,FI
11064614,3228413382,0483,7,01
11067623,3228413382,1709,0,01
11067623,3228413382,0373,2,02
13042221,3228413382,0179,0,EX
13042221,3228413382,0484,0,01
13042221,3228413382,0484,0,02
10525885,3228413382,0179,0,01
10525885,3228413382,0373,0,EX
10525885,3228413382,0483,0,02
10525885,3228413382,0483,0,EX
13455308,3228413382,0483,8,01
10807600,3228413382,0616p,10,01
10807600,3228413382,0373,10,01
10807600,3228413382,0487,9,01
10807600,3228413382,0485,8,01
10807600,3228413382,0483,9,01
10381670,3228413382,0616p,10,FI
10679710,3228413382,0616p,9,02
10679710,3228413382,0616p,8,FI
10736277,3228413382,0487,9,01
10736277,3228413382,0483,9,01
10282899,3228413382,0616p,9,FI
10282899,3228413382,0485,8,02
10797348,3228413382,0616p,9,01
10797348,3228413382,0373,9,01
10695479,3228413382,0616p,0,EX
10695479,3228413382,0484,0,FI
10695479,3228413382,0483,0,EX
10709604,3228413382,1709,9,FI
10709604,3228413382,0179,10,02
10709604,3228413382,0373,10,01
10770964,3228413382,0179,9,02
10770964,3228413382,0485,9,02
10418675,3228413382,0483,2,02
11161106,3228413382,0616p,0,EX
11161106,3228413382,0373,0,EX
11161106,3228413382,0484,0,01
11161106,3228413382,0483,0,EX
10718934,3228413382,0487,4,FI
10718934,3228413382,0484,2,02
13460547,3228413382,0616p,0,02
13460547,3228413382,0616p,0,FI
13460547,3228413382,0179,0,EX
10688878,3228413382,0616p,10,02
10688878,3228413382,0373,10,02
10688878,3228413382,0487,10,FI
10688878,3228413382,0485,10,02
11571094,3228413382,0616p,0,02
11571094,3228413382,0484,6,01
11571094,3228413382,0483,6,EX
11332097,3228413382,0616p,0,02
11332097,3228413382,0487,0,FI
11332097,3228413382,0487,0,EX
11332097,3228413382,0485,0,02
11332097,3228413382,0484,0,FI
10453628,3228413382,1709,0,FI
10453628,3228413382,0179,0,02
10453628,3228413382,0179,0,FI
10453628,3228413382,0485,0,FI
10453628,3228413382,0483,0,01
12500233,3228413382,1709,0,01
12500233,3228413382,0179,0,02
12500233,3228413382,0179,0,EX
10399058,3228413382,0487,0,EX
10399058,3228413382,0485,0,EX
10770657,3228413382,0485,7,02
10711977,3228413382,1709,9,01
10711977,3228413382,0616p,9,FI
10711977,3228413382,0373,9,02
10711977,3228413382,0485,8,02
10711977,3228413382,0484,9,02
10711977,3228413382,0484,10,FI
10308704,3228413382,1709,0,01
10308704,3228413382,0179,0,FI
10308704,3228413382,0373,0,FI
10308704,3228413382,0373,0,EX
10308704,3228413382,0483,0,02
12730778,3228413382,0179,4,01
12730778,3228413382,0179,0,EX
12730778,3228413382,0484,7,01
10471125,3228413382,0373,3,01
10471125,3228413382,0373,0,02
10255502,3228413382,0179,9,01
10255502,3228413382,0179,9,02
10255502,3228413382,0373,8,FI
10810051,3228413382,0616p,7,FI
10810051,3228413382,0373,9,FI
10810051,3228413382,0485,7,02
11569845,3228413382,1709,0,FI
11569845,3228413382,0373,0,02
11569845,3228413382,0487,0,01
11569845,3228413382,0487,0,02
11569845,3228413382,0485,0,FI
11271861,3228413382,0179,8,FI
11271861,3228413382,0373,10,01
11271861,3228413382,0485,8,01
11271861,3228413382,0484,9,02
13459168,3228413382,0616p,9,FI
13459168,3228413382,0487,9,02
13459168,3228413382,0485,9,FI
13459168,3228413382,0484,9,01
13459168,3228413382,0484,9,FI
13459168,3228413382,0483,9,01
10757001,3228413382,0616p,9,FI
10757001,3228413382,0487,8,FI
10757001,3228413382,0485,7,FI
10757001,3228413382,0483,9,FI
10828387,3228413382,0487,6,01
10828387,3228413382,0484,7,01
10828387,3228413382,0483,8,02
13457137,3228413382,0616p,0,02
10401376,3228413382,0616p,0,02
10401376,3228413382,0485,0,EX
10401376,3228413382,0484,0,01
10401376,3228413382,0484,0,EX
11898422,3228413382,0616p,6,01
11898422,3228413382,0179,0,01
11898422,3228413382,0373,3,01
11898422,3228413382,0485,2,02
11898422,3228413382,0484,1,02
11898422,3228413382,0483,4,01
11898422,3228413382,0483,0,FI
13456133,3228413382,1709,0,FI
10205657,3228413382,0484,7,01
10643328,3228413382,0179,10,02
10643328,3228413382,0373,9,01
10643328,3228413382,0484,8,02
10643328,3228413382,0483,9,01
12433428,3228413382,0487,7,02
12433428,3228413382,0485,7,01
12287306,3228413382,0485,0,EX
12287306,3228413382,0484,0,EX
10758419,3228413382,0179,8,01
10758419,3228413382,0487,8,02
10865703,3228415772,1375p,8,01
10865703,3228415772,1369,7,01
10799612,3228415772,1368,9,01
11649640,3228415772,1370,4,FI
11649640,3228415772,1367,6,02
11649640,3228415772,1369,8,02
11649640,3228415772,1369,4,EX
10817945,3228415772,1375p,8,02
10817945,3228415772,1370,3,EX
10817945,3228415772,1367,0,EX
10834174,3228415772,1368,10,01
10834174,3228415772,1369,9,FI
13281768,3228415772,0179,4,01
13281768,3228415772,0179,3,02
13281768,3228415772,1368,6,02
10798915,3228415772,0179,8,01
10798915,3228415772,1369,9,02
10819488,3228415772,0179,7,FI
10819488,3228415772,1370,9,02
10819488,3228415772,1368,8,02
10819488,3228415772,1368,8,FI
10819488,3228415772,1369,7,02
10781492,3228415772,0179,6,01
10781492,3228415772,1370,4,01
10781492,3228415772,1369,6,FI
10413312,3228415772,1709,7,02
10413312,3228415772,1367,0,02
10413312,3228415772,1369,7,01
13273466,3228415772,1368,7,FI
11649375,3228415772,1367,8,01
11649375,3228415772,1369,6,01
10714135,3228415772,1709,5,02
10714135,3228415772,0179,9,01
10714135,3228415772,1370,4,01
10835968,3228415772,1370,8,FI
10842025,3228415772,0179,7,02
10842025,3228415772,1370,4,FI
10842025,3228415772,1370,7,EX
10842025,3228415772,1367,7,FI
10842025,3228415772,1368,4,02
10842025,3228415772,1369,7,01
10842025,3228415772,1369,7,02
10803120,3228415772,1375p,8,02
10803120,3228415772,0179,8,FI
10803120,3228415772,1369,8,01
10803120,3228415772,1369,8,FI
10851445,3228415772,1375p,9,FI
10851445,3228415772,0179,7,FI
10851445,3228415772,1367,8,01
10711961,3228415772,1369,4,02
10678320,3228415772,1367,6,02
11341745,3228415772,0179,8,01
11341745,3228415772,1367,9,01
11341745,3228415772,1367,8,FI
11341745,3228415772,1368,5,02
11251967,3228415772,1370,4,01
11251967,3228415772,1370,8,02
11251967,3228415772,1367,8,01
11251967,3228415772,1367,5,02
11251967,3228415772,1368,5,02
10122344,3228415772,0179,9,01
10122344,3228415772,0179,10,FI
10122344,3228415772,1370,10,02
10122344,3228415772,1367,10,02
10725869,3228415772,1370,4,FI
10725869,3228415772,1368,5,EX
10378823,3228415772,1375p,10,FI
10378823,3228415772,1370,10,02
11104411,3228415772,1369,8,02
10783707,3228415772,1709,8,01
10783707,3228415772,0179,10,FI
10783707,3228415772,1370,10,02
10985551,3228415772,1368,8,FI
10793376,3228415772,1375p,8,FI
10793376,3228415772,0179,8,02
10793376,3228415772,1370,8,01
10793376,3228415772,1370,8,02
10793376,3228415772,1368,7,02
10776515,3228415772,1709,8,02
10776515,3228415772,1709,9,FI
10776515,3228415772,1375p,8,01
10734128,3228415772,1709,8,01
10734128,3228415772,1370,9,01
10734128,3228415772,1367,9,01
10729560,3228415772,1370,6,FI
10819378,3228415772,1375p,10,01
10819378,3228415772,1367,8,FI
10962405,3228415772,1375p,0,EX
10962405,3228415772,1370,6,01
10962405,3228415772,1370,3,02
10962405,3228415772,1370,0,FI
10962405,3228415772,1369,4,02
10962405,3228415772,1369,0,EX
10827153,3228415772,1367,8,01
10827153,3228415772,1369,6,FI
10993836,3228415772,1709,9,FI
10993836,3228415772,1370,9,01
10993836,3228415772,1368,9,01
11514753,3228415772,1375p,10,02
11514753,3228415772,0179,9,02
11514753,3228415772,1370,10,01
11514753,3228415772,1370,10,02
11514753,3228415772,1367,7,FI
11514753,3228415772,1369,9,02
10780789,3228415772,1375p,9,FI
10780789,3228415772,1369,6,FI
13462544,3228415772,1709,7,02
13462544,3228415772,1375p,9,02
13462544,3228415772,0179,8,01
13462544,3228415772,1367,8,02
10809667,3228415772,1367,8,02
10687463,3228415772,1375p,10,01
10687463,3228415772,1370,9,01
10687463,3228415772,1369,9,02
10652580,3228415772,1709,8,02
10652580,3228415772,1370,8,02
10652580,3228415772,1367,9,FI
10652580,3228415772,1368,8,FI
10678151,3228415772,0179,6,01
10678151,3228415772,1370,4,EX
10678151,3228415772,1367,1,FI
10809557,3228415772,1375p,9,FI
10809557,3228415772,1368,9,01
10809557,3228415772,1369,9,02
10944114,3228415772,1375p,9,02
10944114,3228415772,0179,6,01
10944114,3228415772,1370,7,01
10944114,3228415772,1368,5,02
10730519,3228415772,0179,7,FI
10742238,3228415772,1709,7,FI
10742238,3228415772,1367,6,FI
10742238,3228415772,1368,8,EX
12558926,3228415772,1375p,9,02
12558926,3228415772,1370,7,01
12558926,3228415772,1367,6,EX
12558926,3228415772,1368,5,02
10960990,3228379385,0438,9,01
10960990,3228379385,0438,10,FI
11671982,3228379385,0437,6,FI
11671982,3228379385,0441,3,01
11671982,3228379385,0439,8,01
11671982,3228379385,0440,7,FI
11671982,3228379385,0156,7,02
11043785,3228379385,1709,7,FI
11043785,3228379385,0437,4,02
11043785,3228379385,0439,7,01
11043785,3228379385,0440,6,01
10737175,3228379385,0437,7,01
10737175,3228379385,0440,8,02
13133521,3228379385,0441,10,01
13133521,3228379385,0440,9,01
11039273,3228379385,0439,8,01
11039273,3228379385,0438,9,FI
10887720,3228379385,0437,4,02
10887720,3228379385,0439,9,FI
10887720,3228379385,0438,9,01
11029440,3228379385,1709,9,01
11029440,3228379385,0441,10,01
11029440,3228379385,0440,8,FI
10995299,3228379385,0441,8,FI
10835299,3228379385,1709,6,FI
10835299,3228379385,0441,0,EX
10835299,3228379385,0438,6,02
11805803,3228379385,1709,10,01
11805803,3228379385,0439,9,02
11805803,3228379385,0438,10,02
10911748,3228379385,1709,9,01
10911748,3228379385,0438,9,02
10911748,3228379385,0440,9,01
10787655,3228379385,0441,5,01
10787655,3228379385,0438,4,FI
11028742,3228379385,1709,8,FI
11028742,3228379385,0437,6,FI
11028742,3228379385,0438,9,01
11028742,3228379385,0156,9,FI
11026339,3228379385,0437,7,01
11026339,3228379385,0438,5,01
11026339,3228379385,0438,6,FI
10905782,3228379385,0439,6,01
11004486,3228379385,1709,9,FI
11004486,3228379385,0437,7,01
10911568,3228379385,1709,8,02
10911568,3228379385,0438,8,01
11044309,3228379385,0441,5,FI
11044309,3228379385,0439,7,02
11604486,3228379385,0437,0,EX
11604486,3228379385,0441,2,02
11068958,3228379385,0441,0,FI
13466647,3228379385,1709,7,01
13466647,3228379385,0441,6,02
11415744,3228379385,1709,7,FI
11415744,3228379385,0440,9,01
11415744,3228379385,0156,5,01
10787257,3228379385,1709,8,01
10787257,3228379385,0441,8,01
10787257,3228379385,0438,7,FI
10787257,3228379385,0156,3,01
10278634,3228379385,0439,10,02
10278634,3228379385,0440,7,02
10278634,3228379385,0156,8,01
10929912,3228379385,1709,2,02
10929912,3228379385,0438,4,02
10929912,3228379385,0438,5,FI
10929912,3228379385,0156,8,02
11024457,3228379385,0437,8,FI
11024457,3228379385,0441,8,FI
11024457,3228379385,0439,8,01
11024457,3228379385,0438,9,FI
11024457,3228379385,0440,9,01
10302214,3228379385,1709,0,01
10302214,3228379385,1709,0,EX
10302214,3228379385,0437,0,EX
10302214,3228379385,0439,0,FI
10302214,3228379385,0156,0,FI
10302214,3228379385,0156,0,EX
12731640,3228379385,0437,7,02
12731640,3228379385,0439,8,FI
11507257,3228379385,0441,6,01
10951388,3228379385,0437,0,01
10951388,3228379385,0438,0,02
10951388,3228379385,0156,0,FI
10951388,3228379385,0156,0,EX
10435060,3228379385,1709,0,EX
10435060,3228379385,0441,0,02
10435060,3228379385,0438,0,EX
10435060,3228379385,0440,0,01
10421015,3228379385,1709,0,01
10421015,3228379385,0437,0,02
12673295,3228379385,1709,0,02
12673295,3228379385,0438,0,EX
13458066,3228379385,0437,10,02
13458066,3228379385,0441,10,01
13458066,3228379385,0441,9,FI
10650730,3228379385,1709,6,01
10650730,3228379385,0441,2,EX
10650730,3228379385,0438,3,01
10650730,3228379385,0438,0,FI
13459588,3228379385,0437,0,FI
13459588,3228379385,0439,0,EX
13459588,3228379385,0438,0,02
13459588,3228379385,0156,0,02
10311923,3228379385,0156,0,01
10311923,3228379385,0156,0,02
10311923,3228379385,0156,0,FI
11026347,3228379385,0439,9,FI
11026347,3228379385,0440,10,01
11026347,3228379385,0440,9,FI
10307040,3228379385,0156,0,01
11786393,3228379385,0441,0,01
11786393,3228379385,0438,0,EX
10696650,3228379385,1709,4,01
10696650,3228379385,0156,0,01
13459194,3228379385,0439,8,01
13459361,3228379385,0437,0,EX
13459361,3228379385,0441,6,01
13459361,3228379385,0439,8,01
11004716,3228379385,1709,10,01
11004716,3228379385,1709,9,FI
11004716,3228379385,0438,9,01
11004716,3228379385,0156,9,FI
11067932,3228379385,1709,6,01
11067932,3228379385,0437,0,EX
11666166,3228379385,0437,7,02
13221347,3228379385,0439,0,EX
13290996,3228406931,1709,7,01
13290996,3228406931,1010,0,FI
10800028,3228406931,1709,6,02
10800028,3228406931,1012p,8,FI
10800028,3228406931,0623,9,01
10800028,3228406931,0930,7,FI
10800028,3228406931,0931,9,02
10800028,3228406931,1010,6,01
10824007,3228406931,0623,8,01
10635026,3228406931,1012p,8,02
10635026,3228406931,0623,8,02
10635026,3228406931,0623,8,FI
10635026,3228406931,0930,7,FI
10813126,3228406931,1010,8,01
10776549,3228406931,0179,7,02
10776549,3228406931,0623,9,01
10510136,3228406931,0623,0,FI
10510136,3228406931,0930,5,02
10510136,3228406931,1010,0,02
10824614,3228406931,1709,0,01
10824614,3228406931,0931,0,01
10824614,3228406931,0931,3,FI
10709557,3228406931,1709,2,02
10709557,3228406931,1709,0,EX
10709557,3228406931,0930,3,01
10422716,3228406931,0179,0,01
10422716,3228406931,0179,0,FI
10422716,3228406931,1010,0,01
10422716,3228406931,1010,0,02
10862032,3228406931,1012p,5,01
10862032,3228406931,0931,0,EX
10726936,3228406931,1012p,8,02
10726936,3228406931,1012p,7,FI
10726936,3228406931,0930,6,FI
10726936,3228406931,1010,5,02
10764144,3228406931,0623,6,EX
10764144,3228406931,1010,3,02
10819701,3228406931,0179,0,FI
10817903,3228406931,0930,8,FI
10805294,3228406931,1012p,8,02
10530803,3228406931,0930,7,FI
10530803,3228406931,1010,6,02
10796065,3228406931,1709,6,02
10796065,3228406931,0179,7,01
10796065,3228406931,0623,9,02
10796065,3228406931,0930,7,FI
10349498,3228406931,0931,10,FI
10630363,3228406931,1012p,9,01
10630363,3228406931,1012p,5,02
10630363,3228406931,1012p,8,FI
10630363,3228406931,0179,6,FI
10852161,3228406931,0179,5,01
10819684,3228406931,0931,8,FI
10199483,3228406931,0930,0,01
10397687,3228406931,1012p,9,01
10397687,3228406931,0930,5,01
10397687,3228406931,0930,4,02
11811552,3228406931,1012p,0,02
10323559,3228406931,0930,5,01
10323559,3228406931,0930,0,FI
13458157,3228406931,1709,0,02
13458157,3228406931,0623,0,01
13456007,3228406931,0623,9,02
13456007,3228406931,0931,9,FI
13523913,3228406931,1010,0,EX
10940616,3228406931,1012p,0,FI
10940616,3228406931,0623,0,FI
10940616,3228406931,0930,0,01
10940616,3228406931,1010,0,EX
13458161,3228406931,1012p,9,02
13458161,3228406931,1010,6,02
11059841,3228406931,1012p,9,02
11059841,3228406931,0931,8,02
11059841,3228406931,1010,7,02
10461934,3228406931,1010,5,01
10381708,3228406931,1012p,0,02
10381708,3228406931,0179,0,02
10381708,3228406931,0179,0,EX
10381708,3228406931,0623,0,02
10381708,3228406931,0930,0,EX
10381708,3228406931,0931,0,EX
10852107,3228406931,0930,0,FI
10304385,3228406931,0930,6,02
11800453,3228406931,0179,0,02
11800453,3228406931,0623,0,02
11800453,3228406931,0623,0,EX
11800453,3228406931,0930,0,FI
10330111,3228406931,0930,7,FI
10330111,3228406931,0931,8,01
10443575,3228406931,0179,0,EX
10443575,3228406931,0930,3,01
10443575,3228406931,0930,0,02
10443575,3228406931,0931,3,02
10443575,3228406931,1010,2,01
10818191,3228406931,1709,0,02
10818191,3228406931,1012p,0,01
10818191,3228406931,0623,0,02
10818191,3228406931,0930,0,02
10818191,3228406931,0931,0,EX
10499331,3228406931,1012p,0,02
10499331,3228406931,0930,5,02
10499331,3228406931,0931,6,02
10499331,3228406931,1010,3,01
11089472,3228406931,0179,7,01
11089472,3228406931,0930,5,01
10699271,3228406931,1709,6,FI
10699271,3228406931,0930,7,01
10699271,3228406931,0930,6,FI
10699271,3228406931,1010,5,01
11629523,3228406931,0931,0,01
10042816,3228406931,0179,0,FI
10042816,3228406931,0931,0,FI
10303628,3228406931,1709,7,01
10303628,3228406931,1010,3,02
10303628,3228406931,1010,6,EX
12561661,3228406931,1012p,7,FI
12561661,3228406931,0179,4,02
12561661,3228406931,0931,8,FI
12561661,3228406931,1010,3,02
10797573,3228406931,1012p,9,01
10797573,3228406931,1012p,8,02
10797573,3228406931,0179,6,01
10797573,3228406931,0179,7,02
10797573,3228406931,0930,6,FI
10797573,3228406931,1010,3,02
10479899,3228406931,1012p,9,FI
10918602,3228406931,0179,6,01
10918602,3228406931,0623,6,EX
10754604,3228406931,0623,8,FI
10365221,3228406931,0623,9,01
10365221,3228406931,0930,6,02
13461591,3228406931,1709,8,FI
13461591,3228406931,0930,6,02
10630337,3228406931,1012p,6,FI
10630337,3228406931,0179,5,EX
10630337,3228406931,1010,3,01
10630337,3228406931,1010,2,FI
10249410,3228406931,0623,6,02
10249410,3228406931,0930,8,01
10249410,3228406931,0931,8,02
10766452,3228406545,0625,7,02
10766452,3228406545,CV0008,9,02
10766452,3228406545,CV0009,10,FI
10729793,3228406545,0179,6,02
10729793,3228406545,0179,6,FI
10729793,3228406545,0622,4,02
10729793,3228406545,0623,6,FI
12607926,3228406545,0627,5,02
11790917,3228406545,0828p,10,01
11790917,3228406545,0179,3,01
11790917,3228406545,0623,8,01
11790917,3228406545,0627,7,01
11790917,3228406545,CV0009,8,FI
10689201,3228406545,0622,8,01
10689201,3228406545,0622,7,FI
10689201,3228406545,0623,7,FI
10689201,3228406545,CV0009,9,FI
10742994,3228406545,0622,7,01
10742994,3228406545,0622,8,FI
10742994,3228406545,0625,7,01
10487336,3228406545,0828p,10,02
10487336,3228406545,0179,2,01
10487336,3228406545,0622,7,02
10487336,3228406545,0623,8,02
10857816,3228406545,CV0008,10,FI
10857816,3228406545,CV0009,9,FI
10847609,3228406545,0622,5,02
10766414,3228406545,0623,9,02
10766414,3228406545,0627,9,01
10856038,3228406545,1709,5,01
10856038,3228406545,1709,5,02
10856038,3228406545,0625,7,FI
10856038,3228406545,0623,7,FI
10856038,3228406545,0627,7,01
10856038,3228406545,CV0008,8,02
11433224,3228406545,CV0008,9,02
11433224,3228406545,CV0008,10,FI
11073751,3228406545,0828p,9,02
11073751,3228406545,0828p,9,FI
11073751,3228406545,0625,9,FI
10593810,3228406545,0627,6,02
11231507,3228406545,0179,0,EX
11231507,3228406545,0625,0,EX
11231507,3228406545,0623,5,01
11231507,3228406545,CV0008,0,EX
12912678,3228406545,1709,8,02
12912678,3228406545,0622,8,01
12912678,3228406545,0622,8,02
12912678,3228406545,0622,8,FI
12912678,3228406545,0627,8,01
12912678,3228406545,CV0008,8,01
12912678,3228406545,CV0008,10,02
10804606,3228406545,0623,7,02
10707892,3228406545,0622,7,01
10707892,3228406545,0622,6,02
10707892,3228406545,0625,7,FI
13470345,3228406545,1709,5,01
13470345,3228406545,1709,0,EX
13470345,3228406545,0622,0,FI
13470345,3228406545,0627,0,EX
13473425,3228406545,1709,8,02
13473425,3228406545,1709,8,FI
13473425,3228406545,0179,9,01
13473425,3228406545,0179,9,02
13473425,3228406545,0622,9,01
13473425,3228406545,0625,10,02
13473425,3228406545,0623,9,01
13473425,3228406545,0623,9,FI
10711954,3228406545,1709,4,02
10711954,3228406545,0623,7,FI
10711954,3228406545,CV0008,5,01
10711954,3228406545,CV0008,9,02
10835673,3228406545,1709,5,01
10835673,3228406545,0179,9,01
10835673,3228406545,0179,9,FI
10734184,3228406545,0622,7,02
10734184,3228406545,0625,9,01
13170472,3228406545,0828p,9,01
13170472,3228406545,0828p,8,02
13170472,3228406545,0179,0,EX
13170472,3228406545,0622,0,EX
13170472,3228406545,0625,2,02
13170472,3228406545,0627,3,02
13170472,3228406545,CV0008,0,FI
13170472,3228406545,CV0008,0,EX
10766479,3228410748,0181p,6,02
10766479,3228410748,0177,7,FI
10843404,3228410748,0181p,8,02
10843404,3228410748,0179,5,01
11782717,3228410748,0179,7,01
11782717,3228410748,0179,7,02
11782717,3228410748,0171,8,FI
10254373,3228410748,0181p,8,01
10254373,3228410748,0179,9,02
10254373,3228410748,0171,8,02
10254373,3228410748,0173,7,02
10254373,3228410748,0174,7,02
13453640,3228410748,0172,7,01
13453640,3228410748,0172,8,FI
13453640,3228410748,0177,7,02
10700069,3228410748,0171,0,FI
10392181,3228410748,1709,7,01
10392181,3228410748,0179,8,FI
10392181,3228410748,0171,7,FI
10392181,3228410748,0172,7,FI
10688815,3228410748,0179,9,FI
10688815,3228410748,0173,7,01
10688815,3228410748,0174,7,FI
10506040,3228410748,0179,0,EX
10506040,3228410748,0174,0,EX
10506040,3228410748,0177,3,01
10488332,3228410748,0181p,9,FI
10488332,3228410748,0174,5,01
10488332,3228410748,0174,4,02
13455952,3228410748,0181p,9,FI
13455952,3228410748,0171,9,01
13455952,3228410748,0172,7,02
10664803,3228410748,1709,0,FI
10664803,3228410748,0181p,0,EX
10664803,3228410748,0179,0,01
10664803,3228410748,0172,0,FI
10664803,3228410748,0174,0,FI
12413993,3228410748,1709,0,02
12413993,3228410748,0181p,0,02
12413993,3228410748,0181p,0,FI
12413993,3228410748,0181p,0,EX
12413993,3228410748,0179,0,FI
12413993,3228410748,0171,0,EX
12413993,3228410748,0177,0,EX
13480000,3228410748,0181p,7,EX
10509253,3228410748,0179,0,01
10509253,3228410748,0172,0,01
10509253,3228410748,0173,0,01
10509253,3228410748,0177,0,FI
13455821,3228410748,1709,7,FI
13455821,3228410748,0181p,8,01
13455821,3228410748,0181p,5,FI
13455821,3228410748,0179,8,01
10664909,3228410748,0174,7,FI
10664909,3228410748,0177,7,01
11567443,3228410748,0181p,8,FI
11567443,3228410748,0171,4,01
11567443,3228410748,0172,0,01
11567443,3228410748,0172,7,02
11567443,3228410748,0173,4,01
11567443,3228410748,0173,7,02
11567443,3228410748,0177,1,01
13456058,3228410748,0179,0,FI
13456058,3228410748,0172,3,02
10639978,3228410748,0181p,9,02
10639978,3228410748,0179,0,FI
10639978,3228410748,0172,9,01
13255125,3228410748,0181p,0,01
10507411,3228410748,1709,0,EX
10507411,3228410748,0181p,0,01
10507411,3228410748,0172,0,FI
10507411,3228410748,0173,0,02
10507411,3228410748,0174,0,EX
10507411,3228410748,0177,0,01
10745573,3228410357,0400p,8,01
10745573,3228410357,0384,7,FI
10745573,3228410357,0172,8,FI
10585531,3228410357,0400p,8,02
10585531,3228410357,0400p,7,FI
10585531,3228410357,0172,6,01
10585531,3228410357,0172,5,FI
10648032,3228410357,0171,7,01
10648032,3228410357,0172,3,01
10648032,3228410357,0172,6,EX
10698109,3228410357,1709,7,02
10698109,3228410357,0383,7,02
10698109,3228410357,0172,7,01
10698109,3228410357,0173,8,01
11627062,3228410357,0171,8,02
11627062,3228410357,0383,8,01
11627062,3228410357,0383,7,02
10675936,3228410357,1709,8,01
10675936,3228410357,1709,7,02
10675936,3228410357,0383,7,01
10675936,3228410357,0173,7,FI
10729539,3228410357,0171,9,FI
10729539,3228410357,0383,9,FI
10410077,3228410357,0179,6,01
10410077,3228410357,0384,4,FI
10530795,3228410357,0179,6,FI
10530795,3228410357,0383,8,01
10530795,3228410357,0384,8,01
10530795,3228410357,0172,8,02
13455702,3228410357,1709,8,02
13455702,3228410357,0400p,8,02
13455702,3228410357,0384,9,01
13455702,3228410357,0384,9,FI
13455702,3228410357,0172,8,FI
10719000,3228410357,1709,8,01
10719000,3228410357,1709,6,02
10719000,3228410357,0179,7,01
10719000,3228410357,0171,8,FI
10719000,3228410357,0384,6,02
10719000,3228410357,0384,7,FI
13456027,3228410357,1709,6,02
13456027,3228410357,0400p,8,02
13456027,3228410357,0171,6,FI
13251013,3228410357,0400p,9,FI
13251013,3228410357,0172,9,02
10835750,3228410357,0384,7,01
10766449,3228410357,0383,8,01
10766449,3228410357,0172,5,01
10766449,3228410357,0172,6,02
10645102,3228410357,1709,8,01
10820272,3228410357,0400p,8,01
10820272,3228410357,0171,8,01
10820272,3228410357,0171,8,FI
10820272,3228410357,0173,7,FI
13487222,3228410357,1709,8,01
13487222,3228410357,0400p,9,FI
13487222,3228410357,0383,9,FI
13487222,3228410357,0384,9,02
10687498,3228410892,0173,9,01
10687498,3228410892,0173,8,02
10742128,3228410892,1709,8,02
10742128,3228410892,0383,9,02
10742128,3228410892,0384,8,01
10742128,3228410892,0172,6,02
13455012,3228410892,0388p,5,FI
13455012,3228410892,0171,1,01
13455012,3228410892,0383,6,FI
10749811,3228410892,0179,8,02
10749811,3228410892,0383,7,FI
10749811,3228410892,0384,7,FI
10749811,3228410892,0172,4,01
10749811,3228410892,0172,7,02
10749811,3228410892,0173,7,01
13454999,3228410892,0172,1,01
10678997,3228410892,0179,5,02
10320497,3228410892,0388p,9,02
10320497,3228410892,0383,9,02
10320497,3228410892,0173,9,01
10320497,3228410892,0173,8,FI
10808311,3228410892,1709,8,02
10808311,3228410892,0179,8,01
10808311,3228410892,0179,9,02
10808311,3228410892,0171,7,FI
10808311,3228410892,0173,7,02
10808311,3228410892,0173,8,FI
13450196,3228410892,1709,9,FI
13450196,3228410892,0179,9,FI
13450196,3228410892,0173,9,01
13450196,3228410892,0173,9,02
10761594,3228410892,0171,3,01
10736502,3228410892,0383,9,01
10736502,3228410892,0384,8,02
11330085,3228410892,0179,7,01
10676318,3228410892,0171,4,02
13472424,3228410892,0383,8,01
13472424,3228410892,0173,8,01
13475599,3228410892,0383,10,01
13475599,3228410892,0384,9,FI
13475599,3228410892,0172,9,FI
13475599,3228410892,0173,9,02
13475662,3228410892,0171,9,02
13475662,3228410892,0172,9,02
13475662,3228410892,0173,9,FI
10514139,3228410892,0171,9,FI
10514139,3228410892,0383,9,01
10514139,3228410892,0172,8,02
12912453,3228410892,0179,5,01
12912453,3228410892,0171,2,FI
12912453,3228410892,0383,8,01
12912453,3228410892,0173,7,FI
11036107,3228381273,0156,2,02
11036107,3228381273,0156,0,FI
11036107,3228381273,1231,0,FI
11036107,3228381273,1232,0,FI
10793641,3228381273,0156,0,FI
10793641,3228381273,0156,0,EX
10793641,3228381273,1226,0,FI
10793641,3228381273,1226,0,EX
10793641,3228381273,1232,2,02
10793641,3228381273,1232,0,FI
10931235,3228381273,1709,6,02
10931235,3228381273,0156,6,02
11003632,3228381273,1229,3,01
11003632,3228381273,1231,4,01
11003632,3228381273,1233,3,01
12607119,3228381273,0156,8,02
12607119,3228381273,1229,6,02
12607119,3228381273,1233,6,02
12607119,3228381273,1233,7,FI
13291541,3228381273,1232,8,02
12744964,3228381273,0156,6,FI
12744964,3228381273,1231,0,01
12744964,3228381273,1232,6,01
10924853,3228381273,1709,8,FI
10924853,3228381273,1232,7,02
11798264,3228381273,0156,9,02
11798264,3228381273,1229,5,01
11798264,3228381273,1229,4,02
11798264,3228381273,1232,6,FI
10648909,3228381273,0156,7,01
10648909,3228381273,1232,6,01
10889537,3228381273,1709,6,02
10889537,3228381273,1709,7,FI
10889537,3228381273,1226,4,FI
10889537,3228381273,1229,5,FI
10889537,3228381273,1231,3,02
10912710,3228381273,1709,7,01
10912710,3228381273,1709,6,FI
10912710,3228381273,0156,5,01
10912710,3228381273,1226,2,01
10912710,3228381273,1229,3,02
10912710,3228381273,1229,0,EX
10912710,3228381273,1232,0,EX
10787502,3228381273,1709,7,01
10787502,3228381273,1226,7,FI
10787502,3228381273,1229,5,02
10787502,3228381273,1233,7,FI
10904203,3228381273,1229,8,01
10904203,3228381273,1229,7,FI
11024352,3228381273,1231,6,FI
10899896,3228381273,1232,8,02
13099124,3228381273,1709,7,01
13099124,3228381273,0156,7,FI
13099124,3228381273,1226,8,02
13099124,3228381273,1229,7,FI
13099124,3228381273,1232,8,01
11004108,3228381273,1709,9,01
11004108,3228381273,0156,8,02
11004108,3228381273,0156,8,FI
12465550,3228381273,1232,4,FI
12465550,3228381273,1233,9,02
10916721,3228381273,1709,7,01
10916721,3228381273,1709,4,FI
10916721,3228381273,0156,4,FI
10916721,3228381273,0156,0,EX
10916721,3228381273,1232,1,01
10916721,3228381273,1232,0,02
10912726,3228381273,1709,7,FI
10912726,3228381273,1226,7,01
10912726,3228381273,1226,7,FI
10912726,3228381273,1233,7,02
11184512,3228381273,1709,8,01
11184512,3228381273,0156,8,FI
11184512,3228381273,1226,7,01
11184512,3228381273,1231,5,01
10654915,3228381273,0156,0,02
10654915,3228381273,1226,0,01
10654915,3228381273,1231,0,EX
10654915,3228381273,1232,0,FI
10654915,3228381273,1232,0,EX
11040995,3228381273,1229,5,02
10708167,3228390016,1709,0,01
10708167,3228390016,0223,5,01
10708167,3228390016,0223,6,FI
10708167,3228390016,0156,5,01
11002913,3228390016,0225,10,FI
11002913,3228390016,0223,10,FI
11002913,3228390016,0221,9,01
11002913,3228390016,0156,10,01
12563453,3228390016,0156,9,FI
10846382,3228390016,0222,4,FI
12563453,3228390016,0223,5,EX
10846382,3228390016,0156,6,02
10903261,3228390016,1709,8,FI
11002807,3228390016,0223,8,02
11002807,3228390016,0156,10,02
11002807,3228390016,0156,9,FI
10897212,3228390016,0221,4,01
10929469,3228390016,1709,0,01
10929469,3228390016,0223,4,02
10929469,3228390016,0222,1,02
10929469,3228390016,0156,4,01
10812899,3228390016,0222,7,02
10812899,3228390016,0222,6,EX
10893131,3228390016,0222,9,02
10893131,3228390016,0156,8,01
10893131,3228390016,0156,7,FI
13452408,3228390016,0156,9,01
13452408,3228390016,0156,9,FI
11011197,3228390016,1709,8,01
11011197,3228390016,0221,9,FI
12270997,3228390016,1709,0,02
12270997,3228390016,0225,0,FI
12270997,3228390016,0156,0,01
11088265,3228390016,0225,9,FI
11088265,3228390016,0156,8,01
11088265,3228390016,0156,9,FI
11248234,3228390016,1709,6,01
11248234,3228390016,0156,0,02
13458016,3228390016,0225,0,EX
13458016,3228390016,0221,0,02
13458016,3228390016,0222,0,EX
10776723,3228390016,0225,5,01
10776723,3228390016,0225,5,EX
10959217,3228390016,0223,10,01
13114371,3228390016,0156,9,FI
13459021,3228390016,1709,0,02
13459021,3228390016,0225,0,01
13459021,3228390016,0223,2,01
13459021,3228390016,0221,0,FI
13459021,3228390016,0221,0,EX
13459021,3228390016,0222,0,EX
13459021,3228390016,0156,0,02
12651696,3228390016,1709,0,01
10353865,3228390016,1709,6,02
10353865,3228390016,0225,6,FI
11763179,3228390016,0225,8,02
13238582,3228390016,0156,0,01
13238582,3228390016,0156,0,02
11479705,3228390016,1709,4,01
11479705,3228390016,0222,6,EX
13316624,3228390016,1709,6,02
10070165,3228390016,1709,7,01
10070165,3228390016,0223,5,02
10070165,3228390016,0223,6,FI
10517185,3228390016,0225,0,02
10517185,3228390016,0222,2,01
10517185,3228390016,0156,0,02
10517185,3228390016,0156,0,FI
10517185,3228390016,0156,0,EX
13458659,3228390016,1709,0,FI
13458659,3228390016,0225,0,EX
13458659,3228390016,0221,0,EX
13458659,3228390016,0222,0,FI
13458659,3228390016,0156,0,EX
12510101,3228390016,0156,0,EX
12875318,3228390016,1709,7,02
12875318,3228390016,0223,7,FI
12875318,3228390016,0221,8,01
12875318,3228390016,0222,8,02
13006056,3228390016,0225,6,01
13366127,3228390016,0225,9,FI
13366127,3228390016,0156,7,02
13366127,3228390016,0156,9,FI
10473027,3228390016,1709,0,01
10473027,3228390016,1709,0,02
10473027,3228390016,0225,0,FI
10473027,3228390016,0222,0,EX
10675115,3228390016,1709,4,01
10675115,3228390016,1709,4,02
10675115,3228390016,0222,6,02
12739645,3228390016,0222,9,FI
10885064,3228390016,0221,6,02
10885064,3228390016,0221,6,FI
10459081,3228390016,0223,0,02
10459081,3228390016,0156,0,01
12736802,3228390016,0221,0,EX
12736802,3228390016,0156,0,01
10803714,3228390016,0225,9,FI
10803714,3228390016,0223,9,02
10803714,3228390016,0221,7,01
10803714,3228390016,0221,8,02
10803714,3228390016,0221,7,FI
10803714,3228390016,0222,7,01
11323147,3228390016,0225,0,02
11323147,3228390016,0225,0,EX
11323147,3228390016,0223,0,02
11847570,3228390016,0225,0,FI
11847570,3228390016,0156,0,FI
10762386,3162077488,1230,7,FI
10762386,3162077488,1234,5,FI
13112701,3162077488,CV0002,6,FI
13112701,3162077488,1227,9,FI
13112701,3162077488,1228,9,01
10776722,3162077488,1230,0,EX
10932819,3162077488,CV0002,7,FI
10932819,3162077488,1234,7,01
10766806,3162077488,1237,0,FO
10932819,3162077488,1237,0,FO
10789649,3162077488,1235,7,FI
11667242,3162077488,CV0002,8,01
11667242,3162077488,1227,8,FI
11744036,3162077488,1234,9,01
10791133,3162077488,1235,6,01
10791133,3162077488,1237,0,FO
12907793,3162077488,1227,8,01
10909605,3162077488,CV0002,7,01
10909605,3162077488,1228,9,01
10889204,3162077488,CV0002,7,01
10889204,3162077488,1228,9,01
10897205,3162077488,1235,6,01
10805487,3162077488,1230,6,01
10805487,3162077488,1235,6,FI
10858044,3162077488,1228,9,01
10858044,3162077488,1235,3,01
10852104,3162077488,1227,5,FI
10852104,3162077488,1234,6,FI
10887844,3162077488,1235,7,FI
10802935,3162077488,CV0002,6,FI
10802935,3162077488,1227,0,01
10802935,3162077488,1234,7,01
10770893,3162077488,CV0002,7,FI
10770893,3162077488,1227,0,FI
10770893,3162077488,1228,0,01
10770893,3162077488,1230,0,01
10770893,3162077488,1234,5,FI
10707734,3162077488,1237,0,FO
10895114,3162077488,1230,8,FI
10895114,3162077488,1234,6,01
11336367,3162077488,CV0002,9,FI
11336367,3162077488,1227,8,01
11336367,3162077488,1230,7,FI
11336367,3162077488,1235,7,01
10920099,3162077488,1227,10,FI
10920099,3162077488,1228,8,01
10920099,3162077488,1230,10,01
10920099,3162077488,1235,8,01
10920099,3162077488,1237,0,FO
12932662,3162077488,CV0002,7,01
12932662,3162077488,1227,9,FI
10851064,3162077488,1228,4,01
10851064,3162077488,1230,4,01
10851064,3162077488,1230,5,FI
10718886,3162077600,CV0004,4,01
10718886,3162077600,1013,0,FO
10690358,3162077600,CV0004,5,01
10690358,3162077600,1007,8,FI
10690358,3162077600,1008,6,FI
10690358,3162077600,1110,9,01
10826692,3162077600,1007,10,FI
10826692,3162077600,1008,6,01
10852071,3162077600,1008,7,FI
10852071,3162077600,1009,6,FI
10707845,3162077600,1011,8,01
10375121,3162077600,1110,9,01
10795882,3162077600,1007,8,FI
10795882,3162077600,1009,6,01
10833265,3162077600,CV0004,6,FI
10833265,3162077600,1007,10,FI
10768351,3162077600,1009,6,01
12719809,3162077600,1007,9,01
12719809,3162077600,1009,7,FI
10737190,3162077600,CV0004,7,01
10737190,3162077600,1008,8,01
10737190,3162077600,1011,9,01
10737190,3162077600,1013,0,FO
10426520,3162077600,1110,9,FI
10432949,3162077600,1008,8,FI
10432949,3162077600,1011,9,FI
10432949,3162077600,1109,9,01
10820754,3162077600,1008,6,FI
10466022,3162077600,CV0004,6,FI
10466022,3162077600,1007,6,01
10723795,3162077600,1007,9,FI
10664778,3162077600,1009,7,FI
10664778,3162077600,1011,7,FI
13282254,3162077600,CV0004,5,FI
13282254,3162077600,1007,6,FI
10698475,3162077600,1110,8,FI
10792793,3162077600,1009,8,01
10792793,3162077600,1110,10,FI
10532574,3162077600,1008,0,FI
13040510,3162077600,1007,9,01
13040510,3162077600,1007,9,FI
13040510,3162077600,1011,8,01
13040510,3162077600,1012,4,PO
13040510,3162077600,1013,0,FO
13243061,3162077600,1110,7,01
10690015,3162077600,CV0004,7,FI
10690015,3162077600,1110,8,FI
10378770,3162077600,1011,0,01
10378770,3162077600,1109,0,FI
13249466,3162077600,1009,9,01
13249466,3162077600,1110,9,01
12424432,3162077600,1007,9,FI
12424432,3162077600,1011,9,FI
12424432,3162077600,1109,8,01
12424432,3162077600,1109,9,FI
10375621,3162077600,1008,8,01
10375621,3162077600,1009,9,01
11502177,3162077600,1009,9,FI
11502177,3162077600,1013,0,FO
10809481,3162077600,1007,9,01
10809481,3162077600,1008,8,01
10809481,3162077600,1109,8,FI
10303629,3162077600,1012,5,PE
12630557,3162077600,1007,0,EX
12630557,3162077600,1008,0,01
12630557,3162077600,1009,0,01
12735439,3162077600,1007,9,01
12300236,3162077600,CV0004,4,01
12300236,3162077600,1109,7,FI
13460322,3162077600,1009,5,FI
10434495,3162077600,1011,0,01
10318774,3162077600,1007,5,01
10318774,3162077600,1008,7,01
10318774,3162077600,1012,6,PO
10451295,3162077600,1011,8,FI
10803572,3162077600,1007,4,01
10803572,3162077600,1009,7,FI
10803572,3162077600,1011,8,FI
10736212,3162077600,1009,0,01
10736212,3162077600,1110,9,01
10736212,3162077600,1110,5,EX
10278035,3162077600,1007,8,FI
13242370,3162077600,1109,9,01
13242370,3162077600,1110,7,FI
10786442,3162077600,1011,9,FI
10354121,3162077600,1007,0,EX
10354121,3162077600,1109,3,FI
10691616,3162077600,1011,7,01
10691616,3162077600,1110,7,FI
10691616,3162077600,1012,6,PO
13242369,3162077600,1011,0,01
13242369,3162077600,1110,0,FI
10404684,3162077600,1007,4,01
10404684,3162077600,1008,0,01
10017290,3162077600,1009,9,01
10318925,3162077600,1007,6,FI
10431067,3162077600,1007,3,01
10123639,3162077600,1012,0,PO
10382660,3162077600,1013,0,F2
11074029,3162077551,0823,7,01
11074029,3162077551,0822,7,01
10804683,3162077551,0825,9,FI
10804683,3162077551,CV0010,9,FI
10397145,3162077551,0825,9,01
10752122,3162077551,0826,8,01
10808796,3162077551,0823,8,01
10808796,3162077551,0822,8,FI
10808796,3162077551,CV0010,10,FI
13288467,3162077551,0827,8,01
13288467,3162077551,0822,8,01
10243788,3162077551,0822,6,FI
10713535,3162077551,0827,7,01
10700138,3162077551,0826,6,FI
10323951,3162077551,0825,9,FI
10323951,3162077551,0823,7,FI
10323951,3162077551,0826,7,FI
10729579,3162077551,0828,9,PO
10770133,3162077551,0828,4,PO
10706042,3162077551,0824,6,FI
10706042,3162077551,CV0010,6,FI
13288446,3162077551,0823,8,01
13288446,3162077551,0824,8,01
10819055,3162077551,0822,8,FI
10819055,3162077551,0824,6,FI
10748318,3162077551,0825,7,01
10748318,3162077551,0827,6,FI
10748318,3162077551,0826,4,01
10748318,3162077551,0826,4,FI
10748318,3162077551,0826,6,EX
13293379,3162077551,CV0004,9,01
13293379,3162077551,0825,8,FI
13293379,3162077551,0828,10,PO
10809450,3162077551,0823,9,01
10809450,3162077551,0827,9,FI
10809450,3162077551,0824,8,FI
10758378,3162078584,243264,9,FI
10699142,3162078584,243264,4,02
13448029,3162078584,243267,10,01
13448029,3162078584,243267,9,02
13448029,3162078584,243266,9,01
10791102,3162078584,243265,10,01
11285049,3162078584,243265,10,02
10347923,3162078584,243264,9,FI
10675598,3162078584,243265,9,FI
10675598,3162078584,243267,5,02
10783224,3162078584,243265,8,01
10783224,3162078584,243267,9,02
10783224,3162078584,243266,9,FI
13447274,3162078584,243267,9,02
13447274,3162078584,243264,9,01
13447284,3162078584,243266,4,01
13467527,3162078584,243265,8,FI
13467527,3162078584,243264,4,02
10287348,3162078584,243265,9,FI
10287348,3162078584,243267,9,01
11316053,3162078584,243265,9,FI
10869145,3162078584,243265,9,FI
10869145,3162078584,243266,8,FI
10814418,3162078584,243267,7,02
10862205,3162078584,243266,9,02
11564293,3162078584,243265,9,01
11564293,3162078584,243266,8,FI
11564293,3162078584,243264,4,02
11564293,3162078584,243264,7,FI
10745557,3162078584,243265,8,02
10745557,3162078584,243266,6,01
10515204,3162078591,243601,0,FO
11251858,3162078591,243602,9,FI
10645661,3162078591,243602,9,01
10645661,3162078591,243604,8,FI
10697595,3162078591,243604,7,01
10709718,3162078591,243602,7,01
10689702,3162078591,243602,8,01
10689702,3162078591,243271,8,FI
10689702,3162078591,243270,8,FI
10772056,3162078591,243602,7,01
10499298,3162078591,243601,0,FO
10723900,3162078591,243602,8,01
10723900,3162078591,243604,9,FI
10510771,3162078591,243602,9,FI
10510771,3162078591,243601,0,FO
10689283,3162078591,243602,9,01
10689283,3162078591,243604,6,01
10689283,3162078591,243270,9,FI
10242875,3162078591,243604,8,01
10850218,3162078591,243271,9,FI
10697823,3162078591,243270,7,01
10706060,3162078591,243602,10,FI
10697613,3162078591,243270,9,FI
10352409,3162078591,243602,9,FI
10711820,3162078591,243602,9,FI
10711820,3162078591,243270,9,FI
10507995,3162076035,CV0004,8,FI
10507995,3162076035,0180,0,01
10507995,3162076035,0175,7,FI
10507995,3162076035,0181,0,PE
10640379,3162076035,0181,5,P1
13263308,3162076035,0178,6,FI
11568873,3162076035,0176,7,FI
10742422,3162076035,0184,0,FO
10805336,3162076035,0181,3,PE
10805336,3162076035,0178,5,FI
10487908,3162076035,0180,9,FI
10487908,3162076035,0178,9,FI
13245158,3162076035,0180,9,FI
13245158,3162076035,0175,7,FI
10610451,3162076035,0180,9,01
10610451,3162076035,0184,0,FO
10610451,3162076035,0176,6,FI
10814531,3162076035,CV0004,9,01
10814531,3162076035,0178,10,FI
10838901,3162076035,0181,0,PO
10838901,3162076035,0183,6,01
10838901,3162076035,0176,6,01
10581335,3162076035,0180,9,FI
10581335,3162076035,0178,8,01
10713910,3162076035,0184,0,FO
10713910,3162076035,0175,9,FI
10706770,3162076035,CV0004,7,01
10706770,3162076035,0184,0,FO
10706770,3162076035,0178,7,01
10849475,3162076035,0181,4,PO
10849475,3162076035,0178,8,FI
10468091,3162076035,0184,0,FO
10468091,3162076035,0175,9,01
10267575,3162076035,0181,0,PE
10420918,3162076035,CV0004,7,01
11264068,3162076035,0181,5,PE
11264068,3162076035,0178,6,FI
10392821,3162076035,CV0004,5,FI
10392821,3162076035,0181,7,FO
10392821,3162076035,0178,8,FI
10392821,3162076035,0175,7,FI
11921786,3162076035,0181,8,PO
11921786,3162076035,0183,7,01
11921786,3162076035,0178,8,01
13249462,3162076035,0181,9,PE
13249462,3162076035,0176,8,01
13249462,3162076035,0176,9,FI
13249462,3162076035,0178,10,FI
10301350,3162076035,0181,7,PO
10301350,3162076035,0176,9,01
10301350,3162076035,0175,8,FI
10264508,3162076035,0178,0,EX
10411178,3162076098,CV0004,9,01
10282475,3162076098,0398,8,FI
10282475,3162076098,0180,9,EX
10675919,3162076098,CV0004,8,01
10837553,3162076098,0397,9,01
10305439,3162076098,0398,6,FI
10699672,3162076098,0400,4,PO
10677163,3162076098,CV0004,7,01
10677163,3162076098,CV0004,4,FI
10677163,3162076098,CV0004,7,EX
10677163,3162076098,0180,8,01
10707825,3162076098,0400,0,PO
10707825,3162076098,0397,3,01
10837523,3162076098,0398,4,FI
12468964,3162076098,0397,8,FI
10700883,3162076098,CV0004,8,FI
10700883,3162076098,0180,8,FI
13127380,3162076098,CV0004,0,EX
13127380,3162076098,0180,2,01
13127380,3162076098,0397,8,FI
10709639,3162076098,CV0004,6,01
10709639,3162076098,0400,4,PO
10709639,3162076098,0397,8,FI
13456089,3162076098,CV0004,8,FI
13456089,3162076098,0398,7,FI
10321371,3162076119,0388,5,PE
10664986,3162076119,0385,0,FI
10664986,3162076119,0390,7,01
11632133,3162076119,0385,8,FI
10690446,3162076119,CV0004,9,01
10690446,3162076119,0388,7,PO
12058330,3162076119,0385,8,FI
12058330,3162076119,0390,8,FI
12058330,3162076119,0387,7,01
12058330,3162076119,0387,8,FI
10742990,3162076119,0385,9,FI
10742990,3162076119,0390,9,01
10428047,3162076119,0388,0,PE
10041748,3162076119,CV0004,0,FI
10277303,3162076119,0391,0,FO
10486936,3162076119,0386,8,FI
10610383,3162076119,0388,9,PO
12734916,3162076119,0386,0,01
10887591,3162079713,CV0002,8,01
10780309,3162076119,0388,6,P1
10926432,3162079713,0443,8,01
10926432,3162079713,0448,9,FI
10737176,3162079713,0442,8,01
10737176,3162079713,0448,8,01
10857947,3162079713,CV0002,7,01
10857947,3162079713,0443,3,01
10916753,3162079713,CV0002,9,01
10916753,3162079713,0442,7,FI
10840996,3162079713,0446,8,01
10840996,3162079713,0448,6,01
11802825,3162079713,CV0002,8,01
11802825,3162079713,0446,7,FI
11802825,3162079713,0448,7,01
10925424,3162079713,CV0002,9,FI
10925424,3162079713,0442,9,FI
12890835,3162079713,0443,6,FI
12890835,3162079713,0448,4,01
10707891,3162079713,CV0002,4,01
10707891,3162079713,0442,7,01
11594116,3162079713,0446,4,01
10688886,3162079713,0448,7,01
10924358,3162079713,CV0002,6,01
10924358,3162079713,0448,6,01
10798521,3162079713,0446,8,FI
10798521,3162079713,0443,7,01
10798521,3162079713,0443,6,FI
10798521,3162079713,0442,8,01
10657315,3162079713,0446,10,01
10657315,3162079713,0448,10,01
12788547,3162079713,0442,7,FI
12788547,3162079713,0448,6,FI
10787713,3162079713,CV0002,8,FI
10787713,3162079713,0443,5,01
10787713,3162079713,0448,6,01
10793462,3162079713,0446,7,01
13116617,3162079713,0442,9,01
13116617,3162079713,0442,8,FI
13116617,3162079713,0448,6,FI
12424801,3162079713,0446,7,FI
12424801,3162079713,0443,7,FI
10431853,3162079713,CV0002,7,FI
13101838,3162079713,0446,6,FI
13101838,3162079713,0448,6,01
10308441,3162079713,0442,0,FI
10308441,3162079713,0442,6,EX
10416752,3162079713,CV0002,7,EX
10416752,3162079713,0446,7,FI
11738860,3162079713,CV0002,0,FI
11738860,3162079713,0446,0,EX
10442321,3162079713,CV0002,0,FI
11780432,3162079713,0446,4,01
12380827,3162079713,0442,0,01
13458925,3162079713,CV0002,8,01
13249406,3162079713,0442,7,FI
10940185,3162079713,0443,7,01
10940185,3162079713,0451,0,FO
12736231,3162079713,0446,8,01
13041457,3162079713,0442,0,01
13459444,3162079713,0448,0,01
11402624,3162079713,0442,8,FI
10410324,3162079713,0443,2,01
10410324,3162079713,0448,2,01
11349452,3162079713,0442,7,01
12832437,3162079713,0442,5,01
12853739,3162079713,0443,6,01
10735143,3162079790,0652,0,EX
10735143,3162079790,0653,0,EX
11158351,3162079790,0657,9,PO
11319435,3162079790,0654,4,FI
10852355,3162079790,0655,6,FI
13282224,3162079790,0654,8,FI
12840433,3162079790,0655,8,FI
11837806,3162079790,0654,6,FI
10657739,3162079790,CV0004,9,01
10657739,3162079790,0657,9,PO
10679661,3162079790,CV0004,8,01
10437711,3162079790,0657,6,PO
10437711,3162079790,0660,0,FO
10509826,3162079790,0654,6,01
11262097,3162079790,0653,8,FI
10500611,3162079790,CV0004,6,FI
10500611,3162079790,0655,10,01
10500611,3162079790,0655,9,FI
10500611,3162079790,0657,8,PO
10500611,3162079790,0652,4,01
10500611,3162079790,0653,4,01
10500611,3162079790,0660,0,FO
12839144,3162079790,CV0004,7,FI
12839144,3162079790,0652,5,FI
12839144,3162079790,0653,2,01
12839144,3162079790,0654,2,FI
10679690,3162079790,0655,9,FI
13038791,3162079790,CV0004,7,01
13235855,3162079790,0655,8,01
13235855,3162079790,0653,7,FI
13235855,3162079790,0656,9,01
10652411,3162079790,0655,8,01
10652411,3162079790,0652,6,01
10515573,3162079790,0654,0,FI
11825237,3162079790,0655,7,FI
11825237,3162079790,0653,4,01
11825237,3162079790,0656,6,01
11825237,3162079790,0654,5,EX
10862522,3162079790,0655,5,FI
10862522,3162079790,0652,6,FI
10862522,3162079790,0653,7,FI
10792061,3162079790,0656,7,FI
10792061,3162079790,0654,4,01
10699015,3162079790,CV0004,8,FI
10829023,3162079790,0657,6,PO
10829023,3162079790,0654,6,01
10707732,3162079790,0655,9,FI
10707732,3162079790,0652,7,FI
13245586,3162079790,0660,0,FO
11144559,3162079790,0652,8,FI
11144559,3162079790,0660,0,FO
11144559,3162079790,0654,9,FI
13246215,3162079790,0653,8,FI
13246215,3162079790,0660,0,FO
13246215,3162079790,0654,7,01
11335638,3162079790,0652,6,FI
10689191,3162079790,0653,10,FI
12737880,3162079790,CV0004,9,01
11409670,3162079790,0653,0,FI
11409670,3162079790,0654,0,EX
13320897,3162079790,CV0004,3,01
13320897,3162079790,0655,0,01
12731205,3162079790,0656,9,01
10816926,3162079790,CV0004,8,FI
13248595,3162079790,0655,6,01
13248595,3162079790,0657,8,PO
12735122,3162079790,CV0004,5,FI
12735122,3162079790,0657,5,PE
12020369,3162079790,0654,3,01
13527455,3162079790,0655,5,01
13527455,3162079790,0657,9,PO
13038809,3162079790,CV0004,6,FI
11875204,3162079790,0655,4,01
11875204,3162079790,0652,5,FI
13298754,3162079790,0652,0,EX
10283680,3162079790,CV0004,0,EX
13248312,3162079790,CV0004,5,FI
10707654,3162080071,0382,0,FO
10027669,3162079936,0227,0,EX
10792793,3162077600,1013,0,FO
12832437,3162079713,CV0002,3,01
10709639,3162076098,0180,6,FI
10041748,3162076119,CV0004,0,EX
10857947,3162079713,0446,6,01
11010026,3162079713,0443,7,EX
12839144,3162079790,0655,5,EX
10792061,3162079790,CV0004,8,01
11335638,3162079790,CV0004,6,01
10689191,3162079790,CV0004,9,01
11825237,3162079790,CV0004,9,01
10862522,3162079790,CV0004,8,01
13527455,3162079790,0656,0,01
10735143,3162079790,0656,0,01
10380889,3162079860,5023,10,FI
10652552,3162079860,5021,9,01
10586308,3162079860,5021,9,01
10517224,3162079860,5021,10,01
10707654,3162080071,0381,6,FI
10303547,3162080071,0379,7,P1
10303547,3162080071,0382,0,F2
12433973,3162079993,0492,10,PO
13248857,3162079993,0492,9,PE
13248857,3162079993,0489,5,EX
10364384,3162079993,CV0004,10,01
10277644,3162079993,0495,0,F2
10293307,3162079993,0495,0,F2
10279324,3162079993,0495,0,F2
10279375,3162079957,0616,0,PE
10679666,3162079936,0224,0,EX
10486854,3162075539,CV0004,5,EX
10961892,3228404816,0179,6,FI
10679722,3228404816,0649,6,FI
10819061,3228404816,0649,8,FI
12854002,3228413080,0179,9,FI
13456011,3228413080,0179,7,FI
11082671,3228413080,0179,8,FI
13456011,3228413080,0371,9,02
10635003,3228413080,0371,10,02
10962405,3228415772,1709,0,EX
10714135,3228415772,1368,4,02
10906307,3228379385,0439,5,FI
10284131,3228379385,0156,0,FI
10499331,3228406931,0931,7,FI
10843404,3228410748,0174,9,01
10843404,3228410748,0181p,10,01
10392181,3228410748,0181p,6,01
10392181,3228410748,0174,7,01
10664803,3228410748,0173,0,FI
12413993,3228410748,0173,0,FI
10509253,3228410748,0173,0,FI
11330085,3228410892,0171,5,EX
13458016,3228390016,0156,0,01
13006056,3228390016,0225,2,02
10466022,3162077600,1012,6,PE
13249466,3162077600,1012,10,PO
10278035,3162077600,1007,0,01
10792522,3162077600,1011,6,01
10259264,3162077600,1011,9,01
10709718,3162078591,243271,2,EX
10772056,3162078591,243271,0,EX
11324910,3162078591,243601,0,FO
10420918,3162076035,0181,6,PE
10264508,3162076035,0176,0,EX
10677163,3162076098,0180,8,FI
10411178,3162076098,0180,8,FI
10707825,3162076098,0402,0,EX
12468964,3162076098,0180,9,FI
10688886,3162079713,0446,7,FI
10735143,3162079790,0653,0,FI
13038797,3162079790,0653,0,FI
11319435,3162079790,0660,0,FO
10500611,3162079790,0656,6,FI
12839144,3162079790,0653,1,EX
10862522,3162079790,0660,0,FO
10829023,3162079790,0660,0,FO
11825237,3162079790,0660,0,FO
10083896,3162079790,0653,0,FI
13248857,3162079993,0494,6,EX
12427040,3162079993,0492,9,PO
10640914,3162079993,0494,7,FI
11904882,3162079993,0495,0,FO
10663109,3162079936,0226,0,EX
10663493,3162079957,0616,9,P1
10428502,3162075411,028001,8,01
11260593,3162075411,028502,0,EX
10442635,3162075411,028502,0,EX
11321787,3162075411,028502,10,01
10442635,3162075411,028503,0,EX
10803834,3162075411,028503,0,EX
10783722,3162075418,028601,0,FO
10244802,3162075418,028601,0,FO
13105352,3162075418,028601,0,FO
10707780,3162075418,028601,0,FO
10323990,3162075418,028601,0,F2
10486854,3162075539,1371,5,EX
10635766,3162075539,1374,6,EX
12332046,3228404816,0179,7,01
10824617,3228404816,0649,4,FI
10381846,3228404816,0651,9,FI
10463434,3228404816,0651,0,FI
10819061,3228404816,0179,7,FI
10770501,3228415772,1375p,0,02
10635026,3228406931,0179,8,FI
13458161,3228406931,0931,7,FI
10499331,3228406931,1012p,8,FI
10022321,3228406931,1012p,4,FI
10639978,3228410748,0171,7,FI
10639978,3228410748,0173,8,FI
10353865,3228390016,0223,4,FI
13282254,3162077600,1009,5,FI
10279046,3162077600,1009,5,FI
10690015,3162077600,1013,0,FO
10804683,3162077551,0827,8,01
10397145,3162077551,0828,8,FO
10770133,3162077551,0828,5,FO
10748318,3162077551,0827,7,01
10705571,3162078584,243267,10,FI
10507995,3162076035,0180,8,FI
11186762,3162076035,0178,0,EX
10778000,3162076098,0180,8,FI
12734916,3162076119,0387,0,EX
12853739,3162079713,0451,0,FO
13038791,3162079790,0660,0,FE
10515573,3162079790,0653,0,FI
11170823,3162079790,CV0004,0,01
11904882,3162079993,0492,5,PO
10945672,3162079957,0616,9,PO
10392051,3162079957,0619,0,FO
13281547,3162075418,028601,0,F3
12826253,3162075539,1378,0,F2
13487291,3162075539,1373,6,EX
10802285,3228404816,0649,4,FI
10711948,3228404816,0649,6,FI
12332046,3228404816,0647,6,FI
10805501,3228413080,0372,0,EX
10679710,3228413382,0179,7,01
10510136,3228406931,0931,0,FI
10397687,3228406931,1012p,4,FI
10323559,3228406931,1012p,0,FI
10303628,3228406931,1012p,8,FI
10303628,3228406931,0931,7,FI
12912453,3228410892,0179,4,FI
10887844,3162077488,1230,6,FI
10532574,3162077600,1110,0,EX
13242369,3162077600,1007,0,01
10772056,3162078591,243270,0,EX
12734916,3162076119,0386,0,EX
13248312,3162079790,0652,3,FI
12731503,3162079790,0656,0,FI
12567860,3162079790,0654,7,01
10454503,3162079790,0652,5,01
10279159,3162079790,0655,5,FI
10279159,3162079790,0654,6,01
12685301,3162079790,CV0004,0,01
12685301,3162079790,0652,0,EX
11553064,3162079790,CV0004,8,01
11553064,3162079790,CV0004,7,FI
11553064,3162079790,0652,5,FI
10416763,3162079790,0655,0,EX
10416763,3162079790,0654,0,EX
13457149,3162079790,CV0004,7,01
10427669,3162079790,0653,6,FI
10412777,3162079790,0657,0,PO
10730130,3162079790,0654,0,FI
10451024,3162079790,0655,4,01
10451024,3162079790,0656,8,FI
11170823,3162079790,CV0004,0,FI
11170823,3162079790,0655,0,01
10349643,3162079790,0656,8,01
13248215,3162079790,CV0004,5,FI
13038797,3162079790,0653,0,01
11312274,3162079790,0654,1,01
10083896,3162079790,0655,0,EX
10840651,3162079860,5023,10,FI
10840651,3162079860,5025,10,01
11263266,3162079860,5023,0,01
11263266,3162079860,5023,9,FI
10809218,3162079860,5021,9,01
10809218,3162079860,5023,10,FI
10809218,3162079860,5024,9,01
10415513,3162079860,5023,9,01
10415513,3162079860,5023,10,FI
12724396,3162079860,5026,9,FI
10380889,3162079860,5024,9,FI
10517224,3162079860,5023,10,FI
10740579,3162079860,5026,7,01
10846791,3162079860,5026,8,FI
11430890,3162079860,5021,5,FI
11430890,3162079860,5024,7,01
11430890,3162079860,5025,5,FI
10652552,3162079860,5024,9,01
10652552,3162079860,5026,8,01
10810094,3162079860,5024,2,01
10810094,3162079860,5024,2,FI
10355633,3162079860,5021,8,01
10355633,3162079860,5023,9,FI
10355633,3162079860,5024,8,FI
11482158,3162079860,5024,7,01
11482158,3162079860,5025,2,01
10808794,3162079860,5021,9,01
10808794,3162079860,5024,9,FI
12874164,3162079860,5025,9,01
10781314,3162079860,5022,7,FI
10678728,3162079860,5023,8,01
10678728,3162079860,5024,4,01
10678728,3162079860,5025,7,FI
10586308,3162079860,5023,9,FI
10736698,3162079874,5071,8,FI
10328167,3162079874,5073,0,FI
10841155,3162079874,5075,0,01
10832732,3162079874,5073,8,01
10294470,3162079874,5072,0,EX
10294470,3162079874,5073,0,FI
10481669,3162079874,5075,8,01
10747327,3162079874,5071,8,FI
10747327,3162079874,5075,8,01
10304881,3162079874,5075,0,EX
10516191,3162079874,5071,9,FI
10516191,3162079874,5073,10,01
10837507,3162079874,5071,0,FI
10405270,3162079874,5071,0,01
10405270,3162079874,5073,0,FI
10405270,3162079874,5074,0,EX
10403933,3162079874,5071,0,01
10403933,3162079874,5071,0,EX
10403933,3162079874,5072,0,FI
10403933,3162079874,5074,0,FI
12923163,3162079874,5071,8,FI
12923163,3162079874,5075,8,FI
10406026,3162079874,5071,9,01
10406026,3162079874,5074,10,FI
10406026,3162079874,5075,5,01
12068421,3162079874,5072,10,FI
12068421,3162079874,5075,8,01
10837451,3162080071,CV0004,8,FI
11635385,3162080071,CV0004,8,01
10707778,3162080071,0375,0,01
10707778,3162080071,0377,0,EX
10855729,3162080071,CV0004,8,01
10855729,3162080071,CV0004,9,FI
10855729,3162080071,0376,9,01
10611327,3162080071,0378,10,01
11242377,3162080071,0379,10,PO
10267085,3162080071,CV0004,9,FI
10707901,3162080071,0375,5,01
10832107,3162080071,0374,9,01
10832107,3162080071,0374,10,FI
10679688,3162080071,0378,7,01
10679688,3162080071,0374,7,FI
10707654,3162080071,0378,2,FI
10707654,3162080071,0378,5,EX
10707654,3162080071,0377,5,FI
10707654,3162080071,0376,7,01
10837560,3162080071,0375,9,FI
10864476,3162080071,0381,8,FI
10832097,3162080071,0375,3,01
10832097,3162080071,0377,6,01
10332972,3162080071,0382,0,FO
12722174,3162080071,0378,3,FI
12722174,3162080071,0375,0,01
13257199,3162080071,0375,10,FI
10634348,3162080071,0378,5,FI
10963354,3162080071,0378,9,01
10963354,3162080071,0374,10,FI
10748092,3162080071,0378,4,01
10748092,3162080071,0377,6,FI
10691654,3162080071,CV0004,9,FI
10687382,3162080071,0377,3,FI
10687382,3162080071,0376,2,EX
10500950,3162080071,0378,3,FI
10500950,3162080071,0377,5,01
10711859,3162080071,0378,0,FI
10711859,3162080071,0375,0,EX
10711859,3162080071,0377,0,EX
10711859,3162080071,0374,0,FI
12433973,3162079993,0490,8,FI
13248857,3162079993,CV0004,0,01
13248857,3162079993,0492,0,PO
13248857,3162079993,0494,6,FI
13248857,3162079993,0486,0,01
10679671,3162079993,0491,1,FI
10679671,3162079993,0488,8,01
12636620,3162079993,0494,0,FI
12636620,3162079993,0494,0,EX
10525745,3162079993,0491,1,01
10437714,3162079993,0491,0,FI
13459614,3162079993,0494,0,01
11254010,3162079993,0490,9,01
10332148,3162079993,0494,0,FI
10332148,3162079993,0490,0,01
10332148,3162079993,0489,7,FI
11400429,3162079993,CV0004,6,FI
11400429,3162079993,0488,5,01
11400429,3162079993,0486,6,01
10279313,3162079993,0491,2,01
10279313,3162079993,0490,1,EX
10640914,3162079993,0489,9,FI
10640914,3162079993,0486,8,FI
10905913,3162079993,0488,0,EX
10905913,3162079993,0486,0,EX
13038149,3162079993,CV0004,8,01
13038149,3162079993,0491,2,01
12735228,3162079993,0495,0,FO
12735228,3162079993,0491,9,01
12735228,3162079993,0489,8,01
12735228,3162079993,0488,7,FI
12735228,3162079993,0486,9,01
12735228,3162079993,0486,8,FI
10512597,3162079993,0492,8,PO
10512597,3162079993,0491,5,FI
10512597,3162079993,0490,5,FI
10512597,3162079993,0488,3,01
10512597,3162079993,0486,8,01
10512597,3162079993,0486,8,FI
10979745,3162079993,0495,0,F2
11904882,3162079993,0494,6,FI
11904882,3162079993,0489,5,01
12636390,3162079993,0494,8,01
10254372,3162079993,0495,0,FO
10984790,3162079993,0489,6,01
11891674,3162079993,0494,5,EX
11891674,3162079993,0491,0,01
10635824,3162079993,0491,5,FI
10711791,3162079957,0613,3,01
10666129,3162079957,0619,0,FO
10666129,3162079957,0616,9,PO
11572662,3162079993,0492,10,P1
10945672,3162079957,0613,7,FI
10736098,3162079957,0616,9,PO
10254986,3162079957,0613,7,01
10201417,3162079957,0615,7,01
10201417,3162079957,0612,7,01
10730670,3162079957,0612,10,FI
10820972,3162079957,0619,0,FO
10820972,3162079957,0612,9,01
10663063,3162079957,0612,3,01
10392051,3162079957,CV0004,10,FI
10392051,3162079957,0615,5,EX
10392051,3162079957,0614,5,EX
10392051,3162079957,0613,2,01
10489583,3162079957,0615,9,FI
10489583,3162079957,0612,10,FI
13294635,3162079957,0614,9,FI
11736342,3162079957,0619,0,FO
11736342,3162079957,0614,10,01
11736342,3162079957,0613,10,FI
11736342,3162079957,0612,9,01
10689194,3162079957,0615,8,FI
10689194,3162079957,0614,8,FI
10817332,3162079957,0614,8,FI
10817332,3162079957,0612,6,01
10657057,3162079957,CV0004,6,FI
10657057,3162079957,0616,0,PO
10910799,3162079936,0231,0,FO
10888617,3162079936,CV0002,9,01
10888617,3162079936,CV0002,8,FI
10888617,3162079936,0228,10,FI
10888617,3162079936,0226,8,FI
10904569,3162079936,0230,9,01
10904569,3162079936,0226,7,FI
10904569,3162079936,0227,4,01
10892259,3162079936,0228,7,01
10892259,3162079936,0228,8,FI
10911129,3162079936,CV0002,10,FI
10911129,3162079936,0228,4,01
10911129,3162079936,0226,7,FI
10911129,3162079936,0227,3,01
13261957,3162079936,CV0002,6,FI
13261957,3162079936,0230,8,01
13261957,3162079936,0228,8,EX
13261957,3162079936,0226,6,01
13261957,3162079936,0224,5,01
10911373,3162079936,0224,10,FI
10663109,3162079936,0228,0,01
10663109,3162079936,0227,0,FI
10663109,3162079936,0227,0,EX
10789656,3162079936,0230,8,FI
11088604,3162079936,0228,9,01
11088604,3162079936,0224,8,01
10909591,3162079936,0231,0,FO
10909591,3162079936,0227,10,FI
10390554,3162079936,0228,8,FI
10017433,3162079936,0228,9,FI
10895404,3162079936,CV0002,10,FI
10895404,3162079936,0227,10,FI
12730601,3162079936,0224,8,FI
12505624,3162079936,0228,8,FI
13086978,3162079936,CV0002,7,FI
11421089,3162079936,CV0002,7,FI
11421089,3162079936,0227,7,FI
10283255,3162079936,0226,6,01
10283255,3162079936,0227,7,FI
11825745,3162079936,0228,0,EX
11825745,3162079936,0227,0,FI
10344575,3162079936,0226,7,FI
12636621,3162079936,CV0002,9,FI
12636621,3162079936,0226,8,01
10427584,3162079936,0227,4,01
13250561,3162079936,0226,0,FI
10978459,3162079936,0228,0,01
10978459,3162079936,0227,0,FI
10793625,3162075411,028502,9,01
10793625,3162075411,028001,7,02
10793625,3162075411,028501,7,02
10793625,3162075411,028501,8,FI
10793625,3162075411,028100,10,02
10260898,3162075411,028001,7,01
10260898,3162075411,028503,9,02
10260898,3162075411,028100,10,FI
12921679,3162075411,028503,3,02
12921679,3162075411,028100,8,FI
13452193,3162075411,028505,4,02
13452193,3162075411,028505,8,FI
13452193,3162075411,028100,10,FI
10471049,3162075411,028503,9,01
10464351,3162075411,028503,7,01
10464351,3162075411,028100,10,FI
10931651,3162075411,028505,4,02
10783770,3162075411,028100,7,FI
11006716,3162075411,028502,7,02
11006716,3162075411,028001,6,01
11006716,3162075411,028501,3,02
11004261,3162075411,028502,8,01
11004261,3162075411,028502,7,02
11004261,3162075411,028502,7,FI
11004261,3162075411,028503,4,01
11004261,3162075411,028501,6,FI
11004261,3162075411,028100,5,01
10901871,3162075411,028100,9,02
11001548,3162075411,028502,8,FI
11001548,3162075411,028504,9,01
11001548,3162075411,028503,7,FI
10409975,3162075411,028502,0,02
10409975,3162075411,028504,0,FI
10409975,3162075411,028501,0,01
10409975,3162075411,028501,0,EX
13451031,3162075411,028502,8,FI
13451031,3162075411,028503,9,02
10428502,3162075411,028504,7,FI
10428502,3162075411,028503,8,FI
10904286,3162075411,028502,4,02
10904286,3162075411,028503,7,02
10904286,3162075411,028100,9,FI
12869703,3162075411,028502,4,01
12869703,3162075411,028100,6,FI
11176344,3162075411,028504,6,02
11176344,3162075411,028001,8,01
11176344,3162075411,028501,4,02
11176344,3162075411,028100,6,02
10824027,3162075411,028502,6,02
10824027,3162075411,028502,6,FI
10824027,3162075411,028505,4,01
10358166,3162075411,028502,10,FI
10358166,3162075411,028503,10,01
11318443,3162075411,028503,8,01
11318443,3162075411,028501,9,01
11318443,3162075411,028501,10,02
11318443,3162075411,028100,10,FI
10906346,3162075411,028502,8,02
10906346,3162075411,028504,10,02
10906346,3162075411,028001,8,FI
10927446,3162075411,028504,10,01
10927446,3162075411,028505,8,FI
10927446,3162075411,028001,9,FI
10927446,3162075411,028503,8,FI
10777684,3162075411,028502,4,02
10777684,3162075411,028505,4,02
10777684,3162075411,028503,6,EX
10777684,3162075411,028501,7,02
13246042,3162075411,028502,10,02
10805472,3162075411,028502,6,01
10805472,3162075411,028502,4,02
10805472,3162075411,028001,5,02
10805472,3162075411,028001,5,FI
10926900,3162075411,028505,9,02
10926900,3162075411,028503,8,01
10926900,3162075411,028503,8,02
10926900,3162075411,028100,8,FI
13287506,3162075411,028504,9,FI
13287506,3162075411,028001,8,FI
13287506,3162075411,028100,9,FI
10801002,3162075411,028001,7,02
10801002,3162075411,028100,8,FI
13071991,3162075411,028100,9,01
11260593,3162075411,028502,2,01
11260593,3162075411,028502,0,FI
11260593,3162075411,028503,0,EX
11260593,3162075411,028100,0,FI
10895653,3162075411,028503,8,02
10698491,3162075411,028505,7,01
13124409,3162075411,028502,7,02
13124409,3162075411,028504,7,FI
13124409,3162075411,028001,8,01
11328075,3162075411,028502,4,02
11328075,3162075411,028501,7,FI
11328075,3162075411,028100,8,01
11328075,3162075411,028100,7,02
12879841,3162075411,028502,3,01
12879841,3162075411,028505,0,02
10924060,3162075411,028502,7,FI
10924060,3162075411,028100,6,01
10924060,3162075411,028100,7,FI
13456219,3162075411,028100,10,01
10906500,3162075411,028502,6,FI
10906500,3162075411,028504,9,02
10906500,3162075411,028001,4,01
11231768,3162075411,028502,0,02
11231768,3162075411,028502,0,FI
11231768,3162075411,028502,0,EX
11231768,3162075411,028503,0,02
11231768,3162075411,028503,0,EX
10904182,3162075411,028502,6,01
10904182,3162075411,028502,8,FI
10904182,3162075411,028001,8,FI
13458419,3162075411,028502,9,01
13458419,3162075411,028501,7,01
13458419,3162075411,028501,7,FI
11032717,3162075411,028503,8,FI
11032717,3162075411,028100,7,01
10446775,3162075411,028505,0,02
10446775,3162075411,028503,0,02
10446775,3162075411,028503,0,EX
10912191,3162075411,028505,4,01
10912191,3162075411,028505,0,EX
10912191,3162075411,028501,3,02
13095949,3162075411,028502,9,01
13095949,3162075411,028502,9,02
13095949,3162075411,028501,8,FI
13456990,3162075411,028501,3,01
13458439,3162075411,028503,10,02
13458439,3162075411,028100,9,02
10718947,3162075411,028502,9,01
10718947,3162075411,028501,8,FI
10718947,3162075411,028100,10,FI
10251126,3162075411,028503,0,01
11076555,3162075411,028505,0,FI
11076555,3162075411,028503,0,02
11076555,3162075411,028503,0,FI
11076555,3162075411,028100,0,02
11076555,3162075411,028100,0,FI
10511909,3162075411,028502,0,FI
11321787,3162075411,028505,10,01
11321787,3162075411,028001,10,01
11321787,3162075411,028001,10,02
11321787,3162075411,028503,10,FI
10705766,3162075411,028504,0,02
10705766,3162075411,028505,3,01
10705766,3162075411,028503,7,01
13364778,3162075411,028502,9,FI
13364778,3162075411,028504,8,02
13364778,3162075411,028505,8,01
13364778,3162075411,028505,9,02
10401257,3162075411,028100,10,02
10401257,3162075411,028100,10,FI
10244186,3162075411,028504,6,FI
10244186,3162075411,028505,4,01
10244186,3162075411,028100,9,02
10244186,3162075411,028100,9,FI
10803834,3162075411,028504,8,02
10803834,3162075411,028504,6,FI
10803834,3162075411,028501,5,01
10442635,3162075411,028504,3,01
13514018,3162075411,028505,8,FI
13514018,3162075411,028503,8,01
10913310,3162075411,028001,7,FI
10913310,3162075411,028503,4,01
10913310,3162075411,028501,6,01
11173156,3162075411,028505,4,FI
10894182,3162075411,028504,8,02
11013996,3162075411,028502,8,02
11013996,3162075411,028505,7,FI
11013996,3162075411,028001,8,02
13459090,3162075411,028505,9,01
13459090,3162075411,028503,10,02
10681066,3162075411,028502,9,FI
10681066,3162075411,028505,4,01
10681066,3162075411,028503,10,FI
10384941,3162075411,028501,9,02
10616148,3162075411,028505,7,EX
10616148,3162075411,028503,9,02
10616148,3162075411,028503,8,FI
12878698,3162075411,028502,0,FI
12459446,3162075411,028504,8,FI
12459446,3162075411,028501,6,01
12459446,3162075411,028501,9,FI
11144881,3162075411,028504,0,FI
11144881,3162075411,028501,3,01
12510297,3162075411,028502,10,FI
12510297,3162075411,028505,4,02
12373449,3162075411,028504,8,FI
12373449,3162075411,028505,7,FI
12373449,3162075411,028001,6,01
12373449,3162075411,028501,8,FI
12373449,3162075411,028100,7,02
10241444,3162075411,028503,0,01
10241444,3162075411,028503,0,02
10241444,3162075411,028501,4,02
10241444,3162075411,028501,0,FI
11664133,3162075411,028502,8,02
11664133,3162075411,028505,4,02
11664133,3162075411,028505,7,FI
11664133,3162075411,028501,6,01
10017418,3162075411,028504,8,01
10017418,3162075411,028001,7,02
13230238,3162075411,028504,0,02
11027241,3162075411,028001,8,FI
11027241,3162075411,028501,7,02
13035254,3162075411,028502,8,02
13035254,3162075411,028504,2,02
13035254,3162075411,028503,9,FI
13035254,3162075411,028100,8,01
13124410,3162075411,028502,9,FI
12877007,3162075411,028502,7,FI
12877007,3162075411,028001,7,FI
12877007,3162075411,028100,7,FI
10506539,3162075411,028503,4,01
10506539,3162075411,028501,7,01
10407717,3162075411,028505,0,02
10407717,3162075411,028501,0,02
12630701,3162075411,028502,9,02
12630701,3162075411,028100,8,02
10724616,3162075411,028502,4,02
10388125,3162075411,028505,7,02
10388125,3162075411,028001,5,01
10388125,3162075411,028001,5,02
10925235,3162075411,028504,3,01
10925235,3162075411,028504,4,FI
10925235,3162075411,028001,1,01
10925235,3162075411,028503,2,FI
13365806,3162075411,028501,8,02
13289936,3162075411,028504,6,02
13289936,3162075411,028001,9,02
12618601,3162075411,028502,0,EX
10952090,3162075411,028505,4,EX
10952090,3162075411,028501,4,01
10952090,3162075411,028100,10,02
13461512,3162075411,028504,7,FI
13281688,3162075418,028601,0,FO
10808367,3162075418,028601,0,FO
10884628,3162075418,028601,0,F2
13034194,3162075418,028601,0,F2
13246090,3162075418,028601,0,F2
10819064,3162075418,028601,0,FO
10657224,3162075539,1377,8,01
10652405,3162075539,CV0004,8,FI
10652405,3162075539,1371,7,EX
10831149,3162075539,CV0004,7,01
10486854,3162075539,1375,0,PO
10486854,3162075539,1371,4,01
10486854,3162075539,1371,4,FI
10486854,3162075539,1373,6,01
10486854,3162075539,1373,6,EX
13242130,3162075539,1375,10,PO
13242130,3162075539,1373,10,01
10664967,3162075539,1372,7,EX
10664967,3162075539,1377,7,01
13281830,3162075539,1371,7,01
13281830,3162075539,1371,8,FI
10834203,3162075539,1377,8,FI
10396024,3162075539,1373,9,FI
10396024,3162075539,1374,8,FI
10620831,3162075539,CV0004,8,FI
10620831,3162075539,1377,8,01
13011023,3162075539,1374,8,FI
10657734,3162075539,CV0004,8,FI
10657734,3162075539,1377,7,01
10711968,3162075539,CV0004,9,FI
10711968,3162075539,1378,0,FO
10679716,3162075539,1371,10,FI
10698110,3162075539,1371,8,01
10698110,3162075539,1372,9,FI
10243955,3162075539,1375,8,PO
10505116,3162075539,1375,9,PO
10505116,3162075539,1378,0,FO
10319363,3162075539,1371,7,01
10839832,3162075539,1371,6,01
12739203,3162075539,CV0004,7,FI
12739203,3162075539,1371,9,01
10027372,3162075539,1372,9,FI
10027372,3162075539,1374,9,FI
10689174,3162075539,1371,8,01
10689174,3162075539,1374,8,01
10698052,3162075539,1371,7,01
10698052,3162075539,1372,4,FI
10781254,3162075539,1372,9,FI
11831183,3162075539,1378,0,FO
10734168,3162075539,1371,8,FI
10707900,3162075539,1371,7,FI
10707900,3162075539,1377,9,FI
10017422,3162075539,CV0004,8,01
10776959,3162075539,1373,0,01
10707896,3162075539,1371,7,FI
10707896,3162075539,1373,9,FI
10707896,3162075539,1374,9,01
10635766,3162075539,1372,3,01
10635766,3162075539,1372,5,EX
10635766,3162075539,1373,6,01
11155646,3162075539,1371,7,FI
11155646,3162075539,1372,6,FI
11155646,3162075539,1373,8,01
10503400,3162075539,1372,4,01
10503400,3162075539,1373,9,01
10517919,3162075539,1375,10,PO
13487291,3162075539,1374,4,01
10420607,3162075418,028601,0,FO
13261957,3162079936,0231,0,FO
11242377,3162080071,0382,0,FO
10293307,3162079993,0492,7,PO
10279324,3162079993,0492,5,PO
13245900,3162079993,CV0004,5,01
12735228,3162079993,CV0004,4,01
10789656,3162079936,0231,0,FO
10344575,3162079936,0231,0,FJ
