anyo,alumno,curso,contenido,nota_numerica,evaluacion
2025_26,5ac34ee7e62bdd1b65552dc909caeb1a0ac0af27df4f603ddc212d3b55eeff9b,3306170521,028502,0,01
2025_26,5ac34ee7e62bdd1b65552dc909caeb1a0ac0af27df4f603ddc212d3b55eeff9b,3306170521,028100,0,01
2025_26,cb2f3622fd46e5a188a70951f1a0a4f1667d5b798042e4adb17bb3dd225b52ca,3306170521,028502,4,01
2025_26,aff61f02da7c1dd91f488081256c56e4c2ba9ec373690b6294f43fe9cbbfa259,3306170521,028502,4,01
2025_26,3bedc53d2b1eeba0ff31d994b18cb626e2818a1dc482c4ac9cb06fc5656634aa,3306170521,028100,4,01
2025_26,8ca8629f0f65eda3b36ebe943e02eb51d2013c8dd12919796d764412e70b9104,3306170619,0179,6,01
2025_26,9debc5f8bb923c70db668d08a54a20846a9610b4dc47f242e1693d955305a86a,3306170521,028505,7,01
2025_26,8926f9a7a704a09ea3b42a86c9adc638ab072753a1b4f3d39cd3318e08adc6ee,3306170521,028505,3,01
2025_26,48b73079c4660ac35b1e4638cc1950b62d85c757cfeaa52f18094bcfcc5adfdc,3306170521,028501,3,01
2025_26,a637be37e4c089e89341a092cbca97996ab1827967a7474345035dd046fef8fe,3306170521,028501,6,01
2025_26,7db971b21cf92c7681b1a9d04220b8b08bd1d2f48585bd60dfe0f4d239864a73,3306170521,028501,0,01
2025_26,bda256ea54b837bf330a0e65e9671f152d987a26af725fe6dda7adb8023da25f,3306170521,028501,8,01
2025_26,5b8172cb7a0521d71922f0c7ac97b0f2661b737c5806b00a9c23c1ce4ea275ca,3306170521,028501,9,01
2025_26,2527e406af7bfba88ff27376a426f845411e9752dc849bc6ae36d3655f135c5e,3306170521,028100,1,01
2025_26,98d9213f705ab8b2f6291e2c25c5af23def7f55fc899f5dd9b65c84ad120f603,3306170521,028100,9,01
2025_26,baedc5903d15e1567bef65830f3c1053a288f55cbd6802f55ee81fbce4d76493,3306170521,028100,7,01
2025_26,04946fba826f68b406956db6c36b6c166c3fc8e2f9072f511d0fa30e058a8bc0,3306170521,028503,7,01
2025_26,49c5799d463b0f152bf30315f8361d2607edfb1792c416d0da1df4b6bd3513ec,3306170521,028504,9,01
2025_26,0d7c13979908103b1d7d8168996c4238bb04455e573468238311bee7b0f968ba,3306170521,028504,5,01
2025_26,8ac3d28bd9c47a5ef9902a0e8591a636026398954c8df7c6447c9a6da3957933,3306170521,028504,7,01
2025_26,cd303b5315bcf55b62bc9b9c50354fdd57acedbcd7f92ef113c80d34bd91b126,3306170521,028504,9,01
2025_26,bda256ea54b837bf330a0e65e9671f152d987a26af725fe6dda7adb8023da25f,3306170521,028001,7,01
2025_26,b25ea42b8fc14bd6e9ef389f79b2d0fa7e6b578949776c63c0ba827a5c21e27b,3306170521,028001,8,01
2025_26,3dd58e718a3c96d8b7406e13433c7930bc55c903e747611ec6ead0019ec91ed2,3306170521,028001,8,01
2025_26,c3ddf6ae9243b56f4898c5306eb81b3691b99d1f63a001f94a91af3a729a5874,3306170521,028502,8,01
2025_26,7b6a746112364849d3d4c652dced9e8ebfcf8947f0bf69c4b549b9f083800216,3306170521,028502,4,01
2025_26,cd303b5315bcf55b62bc9b9c50354fdd57acedbcd7f92ef113c80d34bd91b126,3306170521,028505,8,01
2025_26,b25ea42b8fc14bd6e9ef389f79b2d0fa7e6b578949776c63c0ba827a5c21e27b,3306170521,028505,8,01
2025_26,2d72f2453f670d755fe9cb074194ce16dc7cba3b86637b21b0b87b34c661a25e,3306170521,028504,0,01
2025_26,e126f996595f7a88f1b742723a734a63cc94d4c2a04768c36d94924faaa567b8,3306170521,028505,8,01
2025_26,de9c3907f562e486a093626e76795cd34b1dcc3a7e947a97c738e46308bfeaca,3306170521,028505,8,01
2025_26,32b5edd5bee9739a8eef7108b9520ce97700e6e5903af79e36fa964db42951c4,3306170521,028505,8,01
2025_26,186abf87a350419f70914aa6a7328eb8de89b3bf888d0ef26919b2a1a114a915,3306170521,028503,8,01
2025_26,15b96f395e4a9b4284bd3d279425ca20fd94bbf2455856a64cf52ee22cda2c87,3306170619,1370,4,01
2025_26,ab7c5e7f3488e631d96d1a47445b5ce803fe312c3c6cae0eb29e2419eb05dbb3,3306170619,1370,4,01
2025_26,cc7f0e8de5c71ad10c99beada05214d476643738a834b1136de10fde808f0b3b,3306170619,1370,7,01
2025_26,8e14f8473a031e6fc8f0a78a852f8517c0b054f2b6e0a7647dd0d5f866be54d6,3306170619,1367,8,01
2025_26,54349a067b7a114242dc5e5303c37688823f097019818193dffa5fadb8bdd93a,3306170619,0179,9,01
2025_26,c3c72ad80a61762249e2757d4f3965629c259f74808eb56ebaf9177b74395f9e,3306170619,0179,9,01
2025_26,a64fe9ae8d7b5464787bb6e310b678f1013688208a980210492c67808688a5f7,3306170619,0179,4,01
2025_26,33c6e4c027f63adb60292d14cbde392baa44d6704eb1a1dca58e64b58ad4e038,3306170619,0179,8,01
2025_26,241667b006d43473579d2a4776eadbe78a6b7e419cb18eb79a9d7f0a89b664ee,3306170619,0179,4,01
2025_26,d4bbad0529f6fd800827d384619b449fa1de2974843bc7d3fcac6a9794071345,3306170619,1367,4,01
2025_26,a64fe9ae8d7b5464787bb6e310b678f1013688208a980210492c67808688a5f7,3306170619,1367,7,01
2025_26,6a27594cfbf82d4b4c1b0a2429dc3baf2bf5bc3b690cd18b36eeee408c638a56,3306170619,1367,7,01
2025_26,9ec5811c3c02cbda791ecb3d6745e24a4a06d4f994840e114108177f51e0262b,3306170619,1367,7,01
2025_26,60e059d1bc54474f161f98d265058e7a446fdcc442a605f9e1352eb7b242bb93,3306170619,1369,6,01
2025_26,3b78022f36e9e8bd27b66d3ad21d730880c105a69952d4a13673150a2d73e968,3306170619,1369,7,01
2025_26,8fff600bed16552a8a44af2bc446cd5a18fd59999a7d9cb361c29d69c7f00016,3306170619,1709,9,01
2025_26,8fff600bed16552a8a44af2bc446cd5a18fd59999a7d9cb361c29d69c7f00016,3306170619,0179,10,01
2025_26,d81ef893d1f7cba006a3cb892c2c23c295f9245dfd7dd68ccd4a376637f16095,3306170619,0179,8,01
2025_26,8fff600bed16552a8a44af2bc446cd5a18fd59999a7d9cb361c29d69c7f00016,3306170619,1368,9,01
2025_26,d2ad385152055962f2d99bbc16a1c3325852dd3db06ac97c60b48cab21840f31,3306170619,1368,3,01
2025_26,e91ba58c3e7b5dc73bc10817400f1989b4c5aca5eaeeaa0f5e24dcf2a25982d6,3306170619,1368,4,01
2025_26,66cc2865d265da3972b1dc1a69e32dafe2573e5de96ffe4be3a2432fc1e21b0c,3306170619,1368,6,01
2025_26,0d5b5b2d036d44955d1754f745ec7d3776ab024adc77a6794fd0ce6221ad57f3,3306170619,1370,6,01
2025_26,d2ad385152055962f2d99bbc16a1c3325852dd3db06ac97c60b48cab21840f31,3306170619,1375p,0,01
2025_26,0313a3d3a4f62d8a557c28097dc5b4911e5d1f9555a8a0a26491b48e5642dac7,3306170619,1375p,10,01
2025_26,0c09633410adf4b72db5c0929c4a0bde111ceea80fdfebf10c3d54a092d1534d,3306170619,1370,8,01
2025_26,8ca8629f0f65eda3b36ebe943e02eb51d2013c8dd12919796d764412e70b9104,3306170619,1370,4,01
2025_26,6167c9d27cb91387d6784af48213ea4c8299fe1efd32d547e5828e7cb52f5cdc,3306170619,1369,4,01
2025_26,4185e8fe0cfb70268ed5764912dfff02a1816d6f05e98bf1b993d62e75538432,3306170619,1375p,10,01
2025_26,b437954538af098ea4779c88684b9d3cb8c3f2c8cd8ea5b75d5ef72c16aaad90,3306172484,0171,1,01
2025_26,228af0d303e803601fc22add67aa81b72f76b0f22cf548014add45df728a0070,3306172484,0181p,0,01
2025_26,179bcb47efa07209af941aa93953a39bf55a67078269246da2014a4f9330fd65,3306172484,0172,3,01
2025_26,24954405527efcf1156cb40f5cf5d303fbdb2840c01c450c837b3737b6582aab,3306172484,0172,9,01
2025_26,f21a9088f8e91fdf90ea50affcd2a8f1feaf4b257552a7de6c68eaf7cf2da39c,3306172484,0172,8,01
2025_26,f58e4815da1d286a17a81a170b55a32cee2a18ce312c64203582d53729179865,3306172484,1709,0,01
2025_26,f58e4815da1d286a17a81a170b55a32cee2a18ce312c64203582d53729179865,3306172484,0173,0,01
2025_26,0a72cbedd41d9a956009a377a9f91bdafa4a6797f0d9aa8c3108872360a96a09,3306172484,0172,9,01
2025_26,24954405527efcf1156cb40f5cf5d303fbdb2840c01c450c837b3737b6582aab,3306172484,0179,5,01
2025_26,75daab61b41e8783fa9beabfd25a87ec8c1f2d3dd1b58b6feddad69b43b52999,3306172484,0177,10,01
2025_26,04599d524a14501ab7f50c28aedea9d3b0e72f525e5a48c0f6195aa7b7850a5f,3306172332,0384,7,01
2025_26,b644c741b7909a3ee3011ab43d299e86520606392609fda822a6b446290700d3,3306172332,0400p,0,01
2025_26,c0861bda2c6d6ec59413a46bbb9ae7f5d4f23f1a3df6733d65ff02ca1bb451a0,3306172484,0174,4,01
2025_26,24954405527efcf1156cb40f5cf5d303fbdb2840c01c450c837b3737b6582aab,3306172484,0174,4,01
2025_26,b8a88d08af5241709223617befa68e5f0a722d8ead360c6a9d7f2f633bb797f1,3306172332,0179,6,01
2025_26,e54e65978c80b80107214ceaf261d716a76c668e49c6543ba496410238fa0d76,3306172332,0173,8,01
2025_26,4d396e492ae51d2c9fa4a78a95d6bb178e813ff511f5d9a45b54100542a4dd34,3306172403,0171,9,01
2025_26,0538f479a15ba1ca6f061fbb6c112b4b4e3bef3bc2dbec9fdb63bd6684bc866d,3306172403,0171,9,01
2025_26,acbff48c382974534c4475b8c1a9124a27b51a638dba6c21d28f4f9be8c0807f,3306172403,0179,8,01
2025_26,0538f479a15ba1ca6f061fbb6c112b4b4e3bef3bc2dbec9fdb63bd6684bc866d,3306172403,0179,6,01
2025_26,0749dd7d42e7ed184c0b2d2cc77c3cbd8dfbe7a5663691c312dd8d107a835f6b,3306172403,0179,0,01
2025_26,36f4a0e5e6c88186f72e6f51f83d245b0353463ac5a7280a45ba4ff66b2f8e9a,3306172403,0388p,7,01
2025_26,60639bfb5dc9abbcf6a49860321a2a054e505585ff525aba56b047b8270d5d0c,3306172403,0388p,8,01
2025_26,36f4a0e5e6c88186f72e6f51f83d245b0353463ac5a7280a45ba4ff66b2f8e9a,3306172403,0172,7,01
2025_26,60639bfb5dc9abbcf6a49860321a2a054e505585ff525aba56b047b8270d5d0c,3306172403,0172,9,01
2025_26,0d36490a2af88aeb7e5411190a3f6befaf3afd8c21c7778350d71f084a8de905,3306172403,0173,0,01
2025_26,60639bfb5dc9abbcf6a49860321a2a054e505585ff525aba56b047b8270d5d0c,3306172403,0173,8,01
2025_26,f714c01431e10a233b40e709331d3b183c21da87e24794c424dcb9041909ac21,3306172403,0383,4,01
2025_26,ed7a8afba3b42b34310eb0490f2569a9ccc012d458a59148caae9fa85bbc7f0b,3306172053,1231,0,01
2025_26,be86024b185c2777f0285e6434c636cab8a3afc385926385c1deebb1a5fbd1ea,3306172053,1231,3,01
2025_26,8ca685b85919398176e54bb27765832fec61d14a7d0e18184ef7ef0bdd7f97ce,3306172053,0156,0,01
2025_26,a6546d51226e2f31639a41a8734c09f253d098e94c85f6840b0a1034346ed940,3306172053,1233,6,01
2025_26,be86024b185c2777f0285e6434c636cab8a3afc385926385c1deebb1a5fbd1ea,3306172053,1232,3,01
2025_26,b20a171668ba1b9645aec6544170136af26603af65543323dccf7f32d5fde310,3306172053,1232,3,01
2025_26,49c056d4c0d20e981091636ff535ed3934e378ab5d82e9634a801dbc6d7bf8bf,3306172053,1232,0,01
2025_26,2c3a3022cdbb2cb7cfdf2524a1eaba5bf665488a7a37b17a15357e7aab856544,3306172053,1709,6,01
2025_26,49c056d4c0d20e981091636ff535ed3934e378ab5d82e9634a801dbc6d7bf8bf,3306172053,1709,7,01
2025_26,a5723ad11f3b800d43630fe99a72e50417a475ccf88bee5f5743a8be473dc8e4,3306172167,1010,4,01
2025_26,7ece99e699dc74e987ff15eb9338e514e4fafb32530f6b963da765c8102587e0,3306172167,1010,8,01
2025_26,b75dd131b381eec0f23c6680c741d954a46cfeddd87954c10c6900fd27485e74,3306172167,1010,4,01
2025_26,ac4d273ed219a79442d92f16391a8a8bf74d50d9fa628495067d7af2ff7d9b78,3306172167,1010,7,01
2025_26,66acb78e0f2f532fc48be30f026fe4e7b9dc40f8b88aa7a570489f5aac96a3ef,3306172167,0179,0,01
2025_26,54c4944fa6b1588458c7e489e8e3fcb17bc811203ff6765923b891968b8eecf0,3306172167,0179,0,01
2025_26,e6766bb7a662bcc5fef811c4323b2287321f6df94d65de895e6365dde16bea65,3306172167,0623,0,01
2025_26,7ba5fec4c68b2ffacc3722aa61739710ef2821f659a389e247a34ac0ec422157,3306172167,0623,2,01
2025_26,c23fe6438377952a8ec708b5d926a9fd9193a1f756ee34d0638bf17d75b2104a,3306172167,0623,9,01
2025_26,3086fead5c25510ad45d8b6b21798fde3227f36b30777b2e7a04d85aeb7b843c,3306172167,1012p,9,01
2025_26,a6d91449ce19fdefa764a2ca1b330091e37a585bfa65a08cd298768b45c0e25e,3306172167,1010,0,01
2025_26,10037b1abc48ba2d385a1a10faeaa9e7a3df532dfcee168dd2587ffc171940e0,3306172167,1010,0,01
2025_26,3a3defafa340cf2f27cf0a3e826c1ead5c36c0be8acf105d6d9025491ff078f8,3306172167,1010,6,01
2025_26,c23fe6438377952a8ec708b5d926a9fd9193a1f756ee34d0638bf17d75b2104a,3306172167,1010,7,01
2025_26,ff433c34c1eb6d8569c874829c7ffd5a2291f378669ad2025956397b123a3950,3306172167,1012p,9,01
2025_26,7e44edd1551552291ed3b63a73ce9b6d6c471007c7554c1e311c4aa80a67f215,3306172167,0930,7,01
2025_26,8ff672e53d013f2fe9945389b4d7f59cc3bbc84779d382de66396b3a69076047,3306172167,0930,2,01
2025_26,492b332f301408f8e92883512cbf3a440293300e41db6bc40eef59693e545818,3306172167,0930,4,01
2025_26,202312ea24d1e7773563b9fac2e285905c837c7109d089c3123b66459013281c,3306172167,0623,5,01
2025_26,b22ebd4eb75cbe3b0ff7dac7fcc8fdb3a16924a4e8bfbbb082ec2496a6f471fc,3306172167,0179,4,01
2025_26,d1b37a860ded5b908b00860f6c0e8e2e218923ec29f1795656fad92eb5004887,3306172167,0179,10,01
2025_26,86a7407c9014c8d9cede63897dca64aa8b6d28489e3be381cf1f28b48cb7dc87,3306172167,0179,7,01
2025_26,e1467bcc27ff8a4e4d8f0e7f055e914139f2f29b3b11cfb56a22a8c23d5b237c,3306172167,0931,9,01
2025_26,eac642876d4d82fc5096158360f2b64301519f81425a8f37c6d213a7403b0c33,3306172167,0931,9,01
2025_26,29807ef81aa8412b3d9068732861b3e6e760e22c893da83a7514f91ce9031e82,3306172167,0931,8,01
2025_26,0da8a9f5a321121865e8de88e5399494e3da2b6b2845f1daab8cac313f0314a1,3306172167,0930,7,01
2025_26,47c52f8c9ca8aa71e43bf7cd4aa83200d14199cfca869c19fc9f845620de2265,3306172135,0622,8,01
2025_26,861d3c7718472c6d7e7b5ec2f41e3cc79a920e5c8a9bd5469050faf9cecec108,3306172135,0622,4,01
2025_26,0a4a85a56a67cc069b028d7a02d5e0d9c13cc050abc682925c584a06024159af,3306172135,0622,6,01
2025_26,6990f1064643b438a23741916aa5f305a2d53de24c2adcacd7e13adba9675936,3306172135,0622,6,01
2025_26,582e5eeebbc710f9f2b91e5ccaf9f0bb23612b2769bc53ef920abfed25d4a8e2,3306172135,0627,6,01
2025_26,bd1c7e06faef39ee5e181e62c9655b5fbe0b7df4ec1487a37935f891c58f3b3d,3306172135,0627,8,01
2025_26,861d3c7718472c6d7e7b5ec2f41e3cc79a920e5c8a9bd5469050faf9cecec108,3306172135,0627,3,01
2025_26,bd1c7e06faef39ee5e181e62c9655b5fbe0b7df4ec1487a37935f891c58f3b3d,3306172135,0828p,7,01
2025_26,861d3c7718472c6d7e7b5ec2f41e3cc79a920e5c8a9bd5469050faf9cecec108,3306172135,0828p,7,01
2025_26,926c34c957226b24a955f5dee1f93405dcce4c08b05378e2cf5aab489f97fcd0,3306172135,0828p,6,01
2025_26,ddc099d7f233e777fd85c2a80815ce0425febe954a5897b61907a61f7a458f8d,3306172135,0623,8,01
2025_26,7ba79957534e0d56c4984f7596b16921af49ffd490210b4545587de27a230f40,3306172135,0623,3,01
2025_26,0a4a85a56a67cc069b028d7a02d5e0d9c13cc050abc682925c584a06024159af,3306172135,0623,7,01
2025_26,926c34c957226b24a955f5dee1f93405dcce4c08b05378e2cf5aab489f97fcd0,3306172135,0623,8,01
2025_26,56db3247627ae2c8a9f1de02cc22e02ebd36090868de7d525550c741db5e9417,3306172135,0179,9,01
2025_26,b8d478f266682c7ae7072879351cb7d7d8dbb7f01c4363e7c45ff69edf49f575,3306169433,243264,7,01
2025_26,0ebd1c9c04813645ba46043bf61d9c26e73b1c2d29d65b232170d589c2b541e5,3306169433,243266,9,01
2025_26,b18760267ce0f1845b7d2526a817f33fc4769842148e2b48e6f740bc65dc2b85,3306169433,243266,0,01
2025_26,3c1e4bca3648dfee11c4432841df90fc32fa919930dcfc02ff763ce4b1ba75b9,3306169433,243267,0,01
2025_26,21f00a7209eae4abca3d24c7d852a8e67521b34a226c2bee61d8e5bc12c026d8,3306169433,243265,4,01
2025_26,c3894aa1a66c49260eb22e721df4460473e53b216a36fd54155fafaccf7dc046,3306169440,243602,8,01
2025_26,a68a763bf4eda5fbee88e631e57fb2c3ef95ff74358379e819b7326b16d41e8f,3306169440,243604,6,01
2025_26,a81e4df1f5d5eccc3aff90579c8dbeaa8074a72ad33048d61c75f2bb5ae06f9f,3306169440,243271,9,01
2025_26,f3e361914caee481e2c69987451da75b6d43276f47f74a9fb5a8d8102c1434cf,3306173997,1709,5,01
2025_26,a3ba243a30e89c399e77472295e92dadfa68a9a8df4401c3569ea15a60eaebe8,3306173997,0438,9,01
2025_26,99a5d5cb53fc49914b4008b394fd079ccb621d29803e1d75287c36e50ad6b5cd,3306173997,0438,7,01
2025_26,f08738b34fa52088a1cd70d731e720a843d6bf0e18ca1f440ee0e2326958e07c,3306173997,1709,9,01
2025_26,c912b7c54223e15ec625cb8b27081ad549d4eed859fbaeef7d1bbb493fdfb66c,3306169593,0156,9,01
2025_26,0cf9870fe9fd232ac1e27611a8a4ec5c9cb4dbb87dbdf318aa9859cb88f3ac3d,3306174046,1665001,7,01
2025_26,2012af3d9f00b60bfe2d9bab1d99339d1f5c96656f2243a15c2a16fd6c93d2c2,3306174046,1665001,7,01
2025_26,4da51a862191fa00559c5883592b1b7ed8c8075bf9349428067e86fe1a991f05,3306172133,CVOPT,7,01
2025_26,c95621294d444b7ad01d9fa148fd2c949593e54a0efb9bab582ea7c3721530a1,3306173997,1709,6,01
2025_26,52e1bfd2f4f927e6394669ab0b2b3634c5262fe3d3e6271911ee9da01a024ea4,3306173997,1709,8,01
2025_26,e6460e1a0c2b69deec87703915055645caf94ffb6d6c8104ea287f8413cdf4dd,3306173997,1709,8,01
2025_26,7e44edd1551552291ed3b63a73ce9b6d6c471007c7554c1e311c4aa80a67f215,3306172167,1709,8,01
2025_26,3a3defafa340cf2f27cf0a3e826c1ead5c36c0be8acf105d6d9025491ff078f8,3306172167,1012p,8,01
2025_26,7f5aa83c55c9f8732fc96953899d8b7e01b6956d5c4dfdae4445b264ebc42047,3306172167,0931,0,01
2025_26,fbc951bcf616da89e5d668aa36dd89c670338ebcb99ee6b51f6d6627976a2a28,3306173997,0156,10,01
2025_26,4e1d1005ebb3119a75fc83fe1c1d4f6e5252b66900315b7631025c6ebe4f4229,3306173997,0156,7,01
2025_26,9ec30307478bd2a241b56a78ceda9122197177cd5d3466ec1ed79e82345453e1,3306173997,0156,8,01
2025_26,6feb54b641bbe5377f97f2915023ccabd0c3657a3a0b85b5b2ccdf62acc14180,3306173997,0156,5,01
2025_26,82f4cd82df5906af29b89396af141a505bcc8a7ccbd1d2e071a4fbf9230f5120,3306173997,0441,9,01
2025_26,af673f9bc4b85f6c3fb335b0844087d4346f0cc8bb99a557f9f46f3a550b5b7d,3306173997,0156,4,01
2025_26,9de602683d52a430978bbccbb713cd00d3bc855aec0823fa2214a31abb3a3a73,3306173997,0156,0,01
2025_26,44bb3b50f94143e18209aadd9fc423192475c093e844d232cbe4cd567698009c,3306173997,0441,10,01
2025_26,d2666d7807c3ac6f7104ca6bbb16acf3193d5fdd49cdd4fbbb70be1d4a0155fc,3306173997,0441,9,01
2025_26,e03ae84a3d1bbae3bc9ffaf91c107620b079c1ce8a950b9ea858c3bcadbc4adc,3306173997,0438,7,01
2025_26,3f0fe81c38f6059b7dd17dc43aae33525fedc5fe7110024684a3c08c4f0a7621,3306173997,0439,7,01
2025_26,e69651263a80a35e3c4ae96a923130be898abc66664f628f17a9852f5cf5dbd5,3306173997,0439,0,01
2025_26,5349136ea57cf06102bdd2ca6b12daa4a15944b4a05a413bdf98bfdbf7761b78,3306173997,0437,0,02
2025_26,e69651263a80a35e3c4ae96a923130be898abc66664f628f17a9852f5cf5dbd5,3306173997,0437,0,01
2025_26,6758f5550724df4504c56397b78503b6c9e2f9cdada4fa92d5be4dc7b4213260,3306173997,0438,7,01
2025_26,6758f5550724df4504c56397b78503b6c9e2f9cdada4fa92d5be4dc7b4213260,3306173997,0440,7,01
2025_26,e249af66eb371e7982620386acb6f14199ed7e337f9a3ad9a70fc1df76e5ca98,3306174048,0650,9,01
2025_26,4b9045212484beaf5ff4f9e3f90e65df0abe2887cc4d6c5a592d6b00f80b36b9,3306174048,0650,4,01
2025_26,1977e49773eddb32cf3532de61ed2974ff5381d27ee507278dfa01691c125b26,3306174048,0648,0,01
2025_26,855debfe9f0a935f207ea0c9563e6cc586554599b8aadd3ff59df67d96dbac6b,3306174048,0647,8,01
2025_26,0fe3858f393b63931a48cb0a11665cc15e78869df39db723517400a173938b62,3306174048,0647,8,01
2025_26,5f758b4853d526dfa589ded2361cffd1665552c77372f4bf9193edc0df68cae8,3306174048,0647,4,01
2025_26,a9690538725d1bf2c36632a334bb95cb1c3edc1587c6d6773fc81c9a13b35201,3306174048,0647,6,01
2025_26,746b21f0c5644caedb58be2450afd9764fe2cdcb4eaf78547028bc4be2976f5f,3306174048,0651,6,01
2025_26,5d35bcc04a8a8c531fc3fd43b6612b695f283bd6c1385c6107e7af6b2cf6df25,3306174048,0651,6,01
2025_26,d4770efeedf867d67817ea96b57b9b2c3a0141a576d6a61f1ec0faf26b4d7593,3306174048,0651,6,01
2025_26,5c5fba0e2a1f84975ab3b3333dd3c7bdee986f9d57664119012ef6ea2eb3a11b,3306174048,0649,7,01
2025_26,15915e90212f145d91771a5cb3612a7ca6bdea5ce41847a3f41413256dd5be60,3306174048,1709,0,01
2025_26,15915e90212f145d91771a5cb3612a7ca6bdea5ce41847a3f41413256dd5be60,3306174048,0649,2,01
2025_26,a9690538725d1bf2c36632a334bb95cb1c3edc1587c6d6773fc81c9a13b35201,3306174048,0649,6,01
2025_26,88f742bd9ef7e77b0c34a01029fb0598e3b818e6b6e2a023cda021ab03aba01d,3306174048,0657p,8,01
2025_26,d909254b542d716952f37b0c4eff05d8b0c87e636624c25562550f856a4d2c95,3306174048,0657p,8,01
2025_26,1d31bcb25f551fcf6244c79d9618f76621792691b92239811fce1643519aac90,3306174048,0657p,7,01
2025_26,8ab6c1228327b705e1790f3232dcb1d9d4aac248cfe99e88c18b4adc5e709823,3306174048,0651,0,01
2025_26,7ace8404accee77e58ff5c84ea986329e54fe9bb2c8af9410689109e91a20e25,3306174048,0657p,7,01
2025_26,e6a9ce4b45a4bfdaac8da7d961333a634dc084b22fe2087174afd7d63afcf340,3306174048,0657p,0,01
2025_26,7d5f843705ff9bf765125cf22e7a5fdd9ae2c9bc0d8cdfd89d6b33e7bfcef539,3306174048,0657p,0,01
2025_26,19459ec28e22f566c94be0c1367ba1d7387ef0e6a722a7238ed217ae8ac98368,3306174048,0657p,7,01
2025_26,1e0f85ea446e582d4cae80f18e948a085d531f823c47f394c25c5920a62d09bd,3306174048,0648,8,01
2025_26,1d31bcb25f551fcf6244c79d9618f76621792691b92239811fce1643519aac90,3306174048,0648,6,01
2025_26,301e23a9e517dd9029a91b326c13fd34a76b173595ee00de976acb07a8da7afa,3306174048,1709,0,01
2025_26,3119a899d1f8adbdb38d33322d64dd0c315d8d78abd92ebaa5994f505f82e1e5,3306174048,0651,6,01
2025_26,5f758b4853d526dfa589ded2361cffd1665552c77372f4bf9193edc0df68cae8,3306174048,0648,4,01
2025_26,0b907759cfddadc2676d686458d1a07c559d890e5b75f33e5aabf29c4e2e351c,3306174048,0179,10,01
2025_26,0b907759cfddadc2676d686458d1a07c559d890e5b75f33e5aabf29c4e2e351c,3306174048,0649,9,01
2025_26,7d5f843705ff9bf765125cf22e7a5fdd9ae2c9bc0d8cdfd89d6b33e7bfcef539,3306174048,0179,0,01
2025_26,6900636775a889229edcb9f308133b50bad7074450c7211e0ae73d64e31c3d59,3306174048,0179,7,01
2025_26,8f3f9b303674c18c555ad45151ab75e63365dca7a93499f9c31f95698ea59d56,3306174048,0179,4,01
2025_26,be76f899a61f28be818aaf201fdbd5648c16322b66276604cead7784af4b3cfd,3306174048,1709,9,01
2025_26,09e345f2240b0daad255f253204d36516bf66b770a9ae8ebcc1e67e936d287cd,3306174048,1709,8,01
2025_26,f25075d5220086066691a063a7a354aa7d6abf12360ab61e34aabccaaf0c8423,3306174048,0179,8,01
2025_26,5799d2317bc92b24819d419a013c394545c9c567d520a8add895dc8da541f26e,3306169744,0179,9,01
2025_26,b8d3c2fa0f073f24929c89bdcef485c273d2c2f26bd3a1546edc4a1e07984b96,3306169744,0179,9,01
2025_26,f903e1554284e19278483168367070a0efaebe8b738c2cfaa4ca8d5bb1e5a3de,3306169744,0370,8,01
2025_26,8fc80d74b924c4a325fd136b55d295e906e183a7b86193ef0bd9ece604fdf689,3306169744,0379p,10,01
2025_26,0fc39efaee8a2b371ffe60942f1f2249f7a85f617d3588228f473dd386b1ec72,3306169744,0379p,9,01
2025_26,2b582d9fbca7b9c82d7db62cbb59d7fc98b49affeec50b05634c274a03e84a83,3306169744,0371,8,01
2025_26,ecda8bab5b553f3f4ac280c27e7418b1693c301554a99611eb382510df1b28ed,3306169744,0371,8,01
2025_26,5023e9854aa02b3d436fb00301802c9480cc77bee79c8fab75c6abd4db866733,3306169744,0373,6,01
2025_26,7fa333ecff9c754014beeea2afb8f3ff300d9e15f6060a6be02955c94216e4c0,3306169651,0487,7,01
2025_26,e7dc4209404cb5cc1eea33a9b118f2662946ed820f704695465ffc543b55231e,3306169651,0487,0,01
2025_26,9cbc4b73c84ef49583fa65563958fa766fc9d8e4b6eb67bdb8e3ce36d5ca553f,3306169651,0487,2,01
2025_26,9ac16bba90597ba91a766c5d82d02b2ceb323c3a226e7b1331abdf1addedb978,3306169651,0484,9,01
2025_26,574d0f2aeef64bd94edf50eaad27b7fd7a494a5b9e1cb60f4e07d9f5ad1cd238,3306169651,0484,8,01
2025_26,2f020675fb262606292d8afdb33dff2edde6f09546428edd47cae01039c05a18,3306169651,0484,7,01
2025_26,cc42cfc0f92af6b941969bd8c5a31b8a735b4ec6c0a93460da779df7a75f44b4,3306169651,1709,0,01
2025_26,08334713821fc607619b962b682d4c51a10da81782aa9afab7c1c0a286cb8b5b,3306169651,1709,0,01
2025_26,cf8bfad29e6fd74819f0cf4c10deeb7cbb2e6d44dfeadac12796a294c1c55a7e,3306169651,0487,6,01
2025_26,a14c29e7f8efe6f3727ad8b5de1f0d53008713a2a4fad89bcd7aa8a8ff70f559,3306169651,0487,10,01
2025_26,8f888b395955d255e4a39c3fd880d2b2d87f6ef203a54d03fe597bd2f1752bd0,3306169651,0487,10,01
2025_26,669fcbeda710201f5fd11c75e45714326f98f7976a5094020301695e106db8a4,3306169651,0484,4,01
2025_26,a14c29e7f8efe6f3727ad8b5de1f0d53008713a2a4fad89bcd7aa8a8ff70f559,3306169651,0484,6,01
2025_26,13556de0742a0121646ee0023958dd986147ff716e5e5d4351f561e5c0bb2a74,3306169651,0484,0,01
2025_26,d9f41ff462b6b2d3296ecef8799441d2091e2c35520aefc3f23aa1900a58ae53,3306169651,0485,7,01
2025_26,a14c29e7f8efe6f3727ad8b5de1f0d53008713a2a4fad89bcd7aa8a8ff70f559,3306169651,0485,4,01
2025_26,9ca2f24a566439fa473c9753e02ddaa00b5f6d430bc388726dc4d55ee7283103,3306169651,0485,7,01
2025_26,08168dc990651d328420c95b8b706de5cbc4643c8b1c182e32637cfad20741c2,3306169651,0485,7,01
2025_26,cb436e2b2c25e07fa227a698a8d0dd50b89dd2f103fdfcae3ef3ebe1a71f04c6,3306169651,0485,9,01
2025_26,fccb98ada73c199a1f2c97687fad4157378b5f69f222f8a6090a95df5bf0ae2c,3306169651,0483,9,01
2025_26,6b0232da83e26d978e5b2adb3aa434fc5838823c09091a38712088665aa71460,3306169651,0483,9,01
2025_26,7a026f0bf74ae52c2d253369127d67b8147cd6d58d1b8cb1697b05b9d0f7a9ab,3306169651,0483,0,01
2025_26,ef6cab817e2f5103d5224cdba786257167240ca0b3ec1c67983bb9fe70064cc7,3306169651,0483,0,01
2025_26,cdfe57e30b518df0ef6bf4917ad5f791dec6ff963fbf35790f62ef99aaac0471,3306169651,0483,9,01
2025_26,deeecb0b8976c33daab642b060597a975f129437a11f98aedc972e8678088108,3306169651,0373,0,01
2025_26,bdbc1a8276fa82ca8995eeef1d32afd3b177e7267e3c99155168d4d0436e1741,3306169651,0616p,9,01
2025_26,cdfe57e30b518df0ef6bf4917ad5f791dec6ff963fbf35790f62ef99aaac0471,3306169651,0616p,9,01
2025_26,b933641fb3c4cefbaed7a01f1de14a86489da970e304bbedecd45f540943b8c0,3306169651,0616p,0,01
2025_26,d553fb9eaa382b49195f1a1d3e83cf64037d67910aa2d48b313004034c46032d,3306169651,0616p,7,01
2025_26,eb8ef6a3581b0aeee9ca131ba8551842301a79ed9c465df132f1e33e8e2344c9,3306169658,1708190,10,01
2025_26,ead8d9329a3a47f3b1c79a0f10473bd4ffe9609692298c9e807563b88f29fa2a,3306169658,1708190,9,01
2025_26,c303fd0de72abdcaae99b76c62086b2a18f5b9af8bf44ee82d79c669cf0d8590,3306169658,1708190,8,01
2025_26,a31b384e901fc8142b4f808ad61f4e618a5077d1bb0305b8f0246b179136f379,3306169658,1708190,4,01
2025_26,9cbc4b73c84ef49583fa65563958fa766fc9d8e4b6eb67bdb8e3ce36d5ca553f,3306169651,0373,4,01
2025_26,cb436e2b2c25e07fa227a698a8d0dd50b89dd2f103fdfcae3ef3ebe1a71f04c6,3306169651,0373,8,01
2025_26,00294639d38f54b740cae7137cb094cd74635005a241b9805cd9f91a99952fba,3306169651,0373,8,01
2025_26,7cae0f896ff36f0012d755afc2d552983e6a4c729486688b34fb3f126e765a4d,3306169651,0179,7,01
2025_26,6b0232da83e26d978e5b2adb3aa434fc5838823c09091a38712088665aa71460,3306169651,0616p,10,01
2025_26,19b542507ece7d6579bb2fb8a9acdb6de11a46054605e903202271ef22923b19,3306169593,0223,8,01
2025_26,098b2ef6969a0f0c66979e7379318025519424d473cb778988c74fe046ac852c,3306169593,0223,9,01
2025_26,c27b5f405a4d1b07c527961e9cdf96bf53903e11ca227c731b6ad81d9eea27ae,3306169593,0223,7,01
2025_26,5a55151d75c2047df3433f92a6e3482a166f2af11a8aa2841965ec85a942972d,3306169593,0223,7,01
2025_26,730e5609ae44f1cae55cd42b825a846268d603ddd221007056f1ac895f0b9b17,3306169593,0223,4,01
2025_26,c4cfdefbf15b31608a7f20acaa612c6c0a9ef7529baabdb9bff5d3e7c55ad07c,3306169593,0225,9,01
2025_26,517882b129db5b3576f788d07cfc20cb6ceddc08d55560d5ba72c532776a994d,3306169593,0225,0,01
2025_26,6570305035c4d3e4d9d433fea8249dc8b6e366ab540c925475800afaed2650f0,3306169593,1709,10,01
2025_26,6570305035c4d3e4d9d433fea8249dc8b6e366ab540c925475800afaed2650f0,3306169593,0156,9,01
2025_26,8707cf4a6dec03839ba36735135394a9e15d03a2cac3d198c8ff2fb26c164f84,3306169593,0221,7,01
2025_26,d6b684fac33c8112a4a40df824bbcce34385cc1ec713c73beb931d16837ec020,3306169593,1709,8,01
2025_26,b2666dbaef1c64e54dea760df64e057594880a6647a7ea6f5b85923c0b0a3d57,3306169593,1709,7,01
2025_26,730e5609ae44f1cae55cd42b825a846268d603ddd221007056f1ac895f0b9b17,3306169593,1709,8,01
2025_26,5a55151d75c2047df3433f92a6e3482a166f2af11a8aa2841965ec85a942972d,3306169593,0222,4,01
2025_26,f815127661d6f87d2032bac4c55120edcd952489dc1f8de4497dc9ee12339a51,3306169593,0221,0,01
2025_26,397620bbb61beef4fc5682dbe236e1b07f50b459709b28ae7a901be909410374,3306169591,0227,7,01
2025_26,451fcfb9691652b0cc11cf1978d05b6ac429f6c19a9fb94c69ce0e8c0ca6d249,3306169591,0227,7,01
2025_26,6b8553049bad85c165181a7a09dbef3bf8a9f818ef899b9060bd4a1071bdead9,3306169591,0227,4,01
2025_26,6f0bb76a6ca11427a14e1756950bdcdaaf79e63529c5f8f310a51752248bf9d8,3306169591,1710,8,01
2025_26,c35fd8e3f12257fec8587c921a2e93d04f2ef7fa2e46437eb1b719cf0a1b9051,3306169591,0228,8,01
2025_26,37356441705934396fa0c885fb1428aea26ccabe8285a5b2576f8de81897e733,3306169591,0228,1,01
2025_26,3c9480648c862cce6802c831efd1c1660c993c26fd1dd6074fb64e269a276553,3306169591,CVOPT,10,01
2025_26,867202a83dba25714edad821cd1e24322696bb5104c8266db215c3c841d86a54,3306169591,CVOPT,8,01
2025_26,cf933a5eaa45244f67884eae884d781eddda67259e94af5b840b6e7ec9caefe0,3306169591,0224,10,01
2025_26,f9e6a2cc80aafe38b3543b1e81ca59e44e8bb707a5b2f29a87758354d3ffda01,3306169591,0224,8,01
2025_26,451fcfb9691652b0cc11cf1978d05b6ac429f6c19a9fb94c69ce0e8c0ca6d249,3306169591,1664190,9,01
2025_26,097a4aa5acce0fbd7f683522178c9076649c9f39f052c00d0dc3f0891d82534f,3306169591,1664190,10,01
2025_26,40d6bf597a1a0718d02db2dbfcd0b0ba061b997085a81760d1b2cf4a7c34c8e3,3306169591,1664190,8,01
2025_26,867202a83dba25714edad821cd1e24322696bb5104c8266db215c3c841d86a54,3306169591,1664190,10,01
2025_26,7415989e98feb213cbac9eee9f4f232930f30e81b4881a0de273ebdaeab3411b,3306169591,1664190,7,01
2025_26,13451625fe737ce41011d37b17504dd26a9be73c5926e67d52a99b4574184c28,3306169591,1708190,8,01
2025_26,b8590c9158241ef9e50c6e2869590385492e89dc85527e39fa482066ca2a2d73,3306169751,0376,9,01
2025_26,74747ce230305dbeef72ba2d2bc98e74e9436abdb3b40fdb5c1d0f0d7714457a,3306169751,0376,7,01
2025_26,1915452ee704091b5b6b3d1dcca4f67aae2059e4126a7fff35a8320973c46780,3306169751,0377,6,01
2025_26,6c6c08962698faf434d13596a2f4fa9b83d0800492f2c7f3d0ab5b67368f3fc7,3306169751,0377,8,01
2025_26,f6c302768e0468951fe73d905bfa4ed345d8158b6735ac696cdd997dffa0f26a,3306169751,0379s,8,01
2025_26,7dcd35216c81d13e79e914b6181c0f7084d693b45ac5fd704dc0c28f02a4291c,3306169751,0379s,10,01
2025_26,31e50edfbf662ab9e584909431c51b4e7d6deed1e2c74a78061ec9a58c3f47cd,3306172060,1664020,5,01
2025_26,d132915c261a277711c823ee394868eff73ea7e3b7212aadf7e66da8d9e04c10,3306172060,1664020,5,01
2025_26,f6c302768e0468951fe73d905bfa4ed345d8158b6735ac696cdd997dffa0f26a,3306169751,1710,8,01
2025_26,142158b5efced2348a21368f2b7976d4eee50a9fe6e4f4c765bd7d8775dbe6d7,3306169751,1708190,8,01
2025_26,5872c3e58784ceb438cc562ea71874e41536dc38240bd7045fbef87586fae298,3306169751,1665190,10,01
2025_26,7dcd35216c81d13e79e914b6181c0f7084d693b45ac5fd704dc0c28f02a4291c,3306169751,1665190,9,01
2025_26,fdec83d934356de77e279025a07ea734bc2d5ae4269315aa4ef56bba6613e1e5,3306169751,1665190,9,01
2025_26,5872c3e58784ceb438cc562ea71874e41536dc38240bd7045fbef87586fae298,3306169751,0378,8,01
2025_26,047d440784e11fa29ad2e96d76f3fdb9a2629d7440f44893cca04bfc9807a23e,3306169751,0378,7,01
2025_26,7dcd35216c81d13e79e914b6181c0f7084d693b45ac5fd704dc0c28f02a4291c,3306169751,0378,6,01
2025_26,047d440784e11fa29ad2e96d76f3fdb9a2629d7440f44893cca04bfc9807a23e,3306169751,0374,9,01
2025_26,486a3babd9dfb2bca9d288c58c57225f9296ce86eac7a10abcdf48057c728a96,3306169751,CVOPT,9,01
2025_26,ff28efbf05517539507a63494d128f20d746c5353d6bdb0abc951b0d7c259521,3306169658,1665190,7,01
2025_26,ff28efbf05517539507a63494d128f20d746c5353d6bdb0abc951b0d7c259521,3306169658,1710,8,01
2025_26,703738a6468bc4796ba2b43304578127697c7299a7b46bf82e8a826129ce9439,3306169658,1710,7,01
2025_26,ee29b13c0682d2c9d4550e33452944e6982b8e8198b2841e1fa30164a1b9ec71,3306169658,0616s,9,01
2025_26,703738a6468bc4796ba2b43304578127697c7299a7b46bf82e8a826129ce9439,3306169658,0616s,7,01
2025_26,c70c4641d8b02f785948ceca733032a6946d0c2e7a7047fac9af48fc3c868792,3306169658,0616s,5,01
2025_26,b5199a49b597efc5d445ecac778e7ebb6dbd0f6a37e5fb6e47d8e59b4bbb5dbf,3306169658,0614,6,01
2025_26,703738a6468bc4796ba2b43304578127697c7299a7b46bf82e8a826129ce9439,3306169658,0614,8,01
2025_26,bebbe6728733d38d65a0d2bf234b8573ea9a2a7b3cb15d4ff31f3251cb00e76a,3306169658,0615,6,01
2025_26,eb8ef6a3581b0aeee9ca131ba8551842301a79ed9c465df132f1e33e8e2344c9,3306169658,0615,1,01
2025_26,bdfb2d3f06a43a86401824ba6d87e4be999170c50364f06ba0a5a7ea8f910f3c,3306169658,0615,8,01
2025_26,2d0c3145df52a0dd7aa0877b406d3de0f9e0092a8c4b5d22480b936ab498b7e2,3306169658,0615,4,01
2025_26,c70c4641d8b02f785948ceca733032a6946d0c2e7a7047fac9af48fc3c868792,3306169658,0615,4,01
2025_26,72136e99de43f1522b65fb25c40b9febef237c253d7c9822c3abd4417da02638,3306169658,CVOPT,8,01
2025_26,bdfb2d3f06a43a86401824ba6d87e4be999170c50364f06ba0a5a7ea8f910f3c,3306169658,CVOPT,9,01
2025_26,72136e99de43f1522b65fb25c40b9febef237c253d7c9822c3abd4417da02638,3306169658,0612,10,01
2025_26,fbfbe620a8c50c0bc4429c8c551777c8e8e99a1d69981d4240195ce9da3f878b,3306169658,0612,1,01
2025_26,a31b384e901fc8142b4f808ad61f4e618a5077d1bb0305b8f0246b179136f379,3306169658,0613,5,01
2025_26,f45aff09ab6f9c05fbb7dc5f9ae7a4b9b1c9ba197cf2cf85a93cccfe99a5a1bd,3306169658,0613,6,01
2025_26,d67b23354ef222838b79cb1a20689af26e9dc5402c84a97ebae5825a157142ad,3306170617,CVOPT,10,01
2025_26,d67b23354ef222838b79cb1a20689af26e9dc5402c84a97ebae5825a157142ad,3306170617,1375s,10,01
2025_26,00cd633df05eb2b09eba521d31d4fb6c94bbc7c3e9669029562055d710110496,3306170617,1375s,9,01
2025_26,6944cea63ecf762d09d04fe663cff7874b0992dded018bb37f9572e3a06d8214,3306170617,1708061,10,01
2025_26,1076a7e61a8af788675b68090326b12080a81f374eb459f011aaded8b5ba9a50,3306170617,1708061,10,01
2025_26,615b692a42042fbca24c874fcde9bfd1a7e6633e68af55a2454d70442d2eb202,3306170617,1708061,10,01
2025_26,6944cea63ecf762d09d04fe663cff7874b0992dded018bb37f9572e3a06d8214,3306170617,1374,6,01
2025_26,7657e190bfe788ddf76b72b85bbd8aff95ddf3d13a88174b780436cb66a28822,3306170617,1374,6,01
2025_26,bad52ec410ef9ce0051f70ec5c38daf52646cb8007be67b3fe41a946a1fca973,3306170617,1373,9,01
2025_26,37c799c39ac725eb0ef72ec5f4e49d96e9ef687e21f841390df96cebc7ef8eb1,3306170617,1373,8,01
2025_26,01e96e74b169d9aaab00add750e530fc0c693a31cc53d1072f52917694c87408,3306170617,1373,7,01
2025_26,61e300eba18f2733f3f16bdc0e87d76436a89025a49824fc244023643b740b3f,3306170617,1373,9,01
2025_26,c1d21d77bf08b135bc5ca9b6ab0a6852da4e978470aa6835fa9f0caf55cb0589,3306170617,1372,7,01
2025_26,3f037844a9647d20e5f72d1fa8d954c918b3db8d2106c9866757a01d41f5954b,3306170617,1372,10,01
2025_26,ce94958738da932e7d31a5c46ecc4771b1fc0dd2b39101fb2a5bfd35bf3b1364,3306170617,1372,8,01
2025_26,d5a7dd69007d7516308fc0a0b7099b5933414942235685c2eb0c1ef241c11216,3306170617,1372,8,01
2025_26,f24a68675bc961e6515b38d660f58aa2ab1956394f1f866a86067dfcbc24d907,3306170617,1708061,7,01
2025_26,be9c72347a884f358f08b2f0c6f629479c16c8bdc7b817ef09cfaa9946c1f609,3306170617,1374,4,01
2025_26,d8c9f520e910796788523b36ff465e7d3167a736f96e0b230362aace73941a2e,3306170617,1374,10,01
2025_26,ce94958738da932e7d31a5c46ecc4771b1fc0dd2b39101fb2a5bfd35bf3b1364,3306170617,1374,7,01
2025_26,01e96e74b169d9aaab00add750e530fc0c693a31cc53d1072f52917694c87408,3306170617,1374,8,01
2025_26,0c2c743c07cbe87db69ef4db3ab14970b0f4b4767a386f28bd5e10343f363c75,3306170617,1373,10,01
2025_26,39a89a30f732b388e13374e4bc0ce3513b48c5c6aeff625b7cb6bcee02478af1,3306170617,1373,8,01
2025_26,78d715824defdc31dc8a6cacb87d510ad35387fae7f39291fc8dc95af65248ca,3306170617,1371,4,01
2025_26,d5a7dd69007d7516308fc0a0b7099b5933414942235685c2eb0c1ef241c11216,3306170617,1371,8,01
2025_26,f8ec17a695b6b88c35d54d0a4977cd92a48f6ae835ca0a46bb9ce94068400306,3306170617,CVOPT,8,01
2025_26,e05c52d1293d0cdd11cd1b64e99622b55ea751e9a3baa3977dee2c301c71b00a,3306170617,1375s,5,01
2025_26,6de184a5bc9a3b92f574c417b403db4a28e0b17da98b466a0a8b93f416cc50d5,3306170617,1375s,5,01
2025_26,9b5bba959f4148a97cef7db6b47d8b0005c4b2431d53c21492be4c3fa34e83cc,3306170617,1375s,5,01
2025_26,185a80bf9689b7f20dccd28324d37a2b8593981b03fd5889d528a86d0e517140,3306170617,1375s,5,01
2025_26,7657e190bfe788ddf76b72b85bbd8aff95ddf3d13a88174b780436cb66a28822,3306170617,1375s,5,01
2025_26,01e96e74b169d9aaab00add750e530fc0c693a31cc53d1072f52917694c87408,3306170617,1665061,9,01
2025_26,5cb8dbe0ac1dec3ddd2f4e2161054f7466a4f1f1770e0f6c23480964fb27f0cc,3306170617,1708061,7,01
2025_26,c2353f978474d787d7a9bff77ef935ac2f3ad4b22524ef4f8e14a969823c80af,3306173995,0442,7,01
2025_26,b39d3e2225b94e54b2c7b93c071ae0b0e318488da8e38a37001fb5f90221cc57,3306173995,0442,10,01
2025_26,2bed8b63d7fc93d4354293e63f943b3d3ffdaa368162ed737662782454b565bf,3306173995,0442,9,01
2025_26,2e66a6f71652815fe5a551e62767c77769ebdfc8e978525ae9c8055e6326a7f2,3306173995,0442,8,01
2025_26,7239bc90b0c510c6aa59291aba3bd356efd538a20fcfd33b5c9f366802a52583,3306173995,0442,7,01
2025_26,e15dd3a5d2d0b462ce364b56a404a95933cc3e99a6c10f245e3bec48956da069,3306173995,1708001,9,01
2025_26,0e3f65fdb6c703e0ea8a9e1261a4fbef2d36e64183ee3af36786efbb6bcd4b59,3306173995,CVOPT,7,01
2025_26,9fda87fd660d386ce9adb61f4876c165c2abdcff7044e5b7604f8579dd766ca3,3306173995,CVOPT,8,01
2025_26,613b7d5c2a37c56e7764e7423d73381c43e4a53da28c97e7f192add8001b5e8a,3306173995,CVOPT,10,01
2025_26,2bed8b63d7fc93d4354293e63f943b3d3ffdaa368162ed737662782454b565bf,3306173995,0443,7,01
2025_26,77952da7dfbc104e59c48b90503f35af9294a28d9cfa4f2bca5ed7eda5654ee5,3306173995,0443,5,01
2025_26,07503cfa68ced971a764825e66979cae15cd24caad7f78094fb5d7e81656a3c0,3306173995,0448,3,01
2025_26,a42315ece951a5f0d39bcfb3425f7e8c23b48f8671883926e49f3dcb93789d9e,3306173995,0448,3,01
2025_26,9fda87fd660d386ce9adb61f4876c165c2abdcff7044e5b7604f8579dd766ca3,3306173995,1664001,10,01
2025_26,a42315ece951a5f0d39bcfb3425f7e8c23b48f8671883926e49f3dcb93789d9e,3306173995,1664001,8,01
2025_26,93206ed8b3d8c6b7197f92294c4a77dc2d8b59e9ca0519c5bee22886cda7d724,3306174046,0654,9,01
2025_26,33080c2143f96f4f9f6d0f176ef6d1d87a3c61b0cbb6ceb05d67d3cbfce0671a,3306174046,0657s,8,01
2025_26,701f85a2666f7f20918c046d1683f508178c91d254681744fd5536340b0d38d1,3306174046,0657s,6,01
2025_26,33080c2143f96f4f9f6d0f176ef6d1d87a3c61b0cbb6ceb05d67d3cbfce0671a,3306174046,1710,7,01
2025_26,0cf9870fe9fd232ac1e27611a8a4ec5c9cb4dbb87dbdf318aa9859cb88f3ac3d,3306174046,1710,6,01
2025_26,a93c361f43102379e16c7e4e48c0e7cc3863a05b2e58f0592632b5791da0bf6e,3306174046,0652,4,01
2025_26,7b9e0f274b0f9d4241a20cdb01cc52ffe9042b1646224e2c922517f7b8e20f79,3306172060,1234,4,01
2025_26,c9ef752d08cc60dce5011bbde18c7ff045ab7c63736b8ce9ffbbfa6c568e0e51,3306172060,1234,9,01
2025_26,1d74bb939aafc1f226d23d9f80169b2b041b259d52826203031cd26bfd8bebe9,3306172060,1228,6,01
2025_26,1d74bb939aafc1f226d23d9f80169b2b041b259d52826203031cd26bfd8bebe9,3306172060,1235,8,01
2025_26,118ee637d91088196e5ccb982f9455c5d3a14a0d17b92b7b8435c6ad5f4f1f96,3306172060,1230,8,01
2025_26,4d221609629a54c2cc889a926875ba0857431f12397b1a54ca04e468fc623b78,3306172060,1230,4,01
2025_26,083403937763efa0bf3730e3765044e41a6b8d2da7c174a6dcece6983ba2277f,3306172060,1713925,7,01
2025_26,e773b48cdd73183ec7055140222e7d2b309dc3275732be2e6d891795be8ce223,3306172060,1713925,7,01
2025_26,c9ef752d08cc60dce5011bbde18c7ff045ab7c63736b8ce9ffbbfa6c568e0e51,3306172060,1227,9,01
2025_26,8206ce53ba6f91e07c2251815d626c29860cba2a3838e4d76a389a68a5e8ec61,3306172060,1708020,9,01
2025_26,2867126a6247e3d096289dfce8876bf5da64c50ecc7e17b582743249b56c38ee,3306172133,1708020,7,01
2025_26,ebc0cc1c1d35a1e5f445c8c563772509a1067e38df2753d2a92f504938a4b1f0,3306172133,1708020,6,01
2025_26,ebc0cc1c1d35a1e5f445c8c563772509a1067e38df2753d2a92f504938a4b1f0,3306172133,0825,8,01
2025_26,90e11333d1fc18cd172687c94dbf8b530e5d4653baefc95838598781c89df0cd,3306172133,0825,6,01
2025_26,4b1f4157d94a8428e3c2239db5596635e28c864de1461cdb75ed48981a0538aa,3306172133,0828s,6,01
2025_26,4b1f4157d94a8428e3c2239db5596635e28c864de1461cdb75ed48981a0538aa,3306172133,0827,6,01
2025_26,04b7cfef01e64cfd4b1496b768be2fa88ad1d6be84bfd088c045854f4373fb89,3306172133,0824,7,01
2025_26,bed77cf24823a5b75d91cbd87ee22d08b49a0907ce0b687087efe731c8fc6c2b,3306172133,1665020,3,01
2025_26,362a6754483125d335aa747a3631172731d1707ae50efe4bebf613546f0c5a4e,3306172165,1009,8,01
2025_26,40df7244c17d1f35ad1bcb47e3820f87226697e8bbd8d79383bc2cfdf77b0ec5,3306172165,1110,8,01
2025_26,53844a0401518f4786913feb68c71d156d8f4fcbf6b1030a97d73a6e86aa41af,3306172165,1009,7,01
2025_26,08b8f3ab23205e730331294cdb8ddf0c55f3a3484b6dfffa3d4cc9d8af7c9e8b,3306172410,1708039,8,01
2025_26,0ea65640b217a50fa35570e2457ed71c99bdd51077ef6efcdef0f6624754bb44,3306172410,1708039,8,01
2025_26,4d66a5c0df55905e5c0ffb59e7d77eba0e684e5d972a2f331ad492459289180d,3306170521,028100,0,01
2025_26,68e8627c95cd42030041963a7d9d433adacb452f566a5bdfac060ea714ffdc00,3306170521,028505,3,01
2025_26,0f9dee20320920bbbebdb7602636dfc2d8e94b962995f8b29398f820387b67b6,3306170521,028100,7,01
2025_26,7db971b21cf92c7681b1a9d04220b8b08bd1d2f48585bd60dfe0f4d239864a73,3306170521,028504,0,01
2025_26,615b8b995f6715768e1c09bca23c6b48cf9ed11e76d5b3864386824d05b3cba2,3306170521,028504,6,01
2025_26,beba00d30aaf3bae44d4aa78ff198db84a86c216d66e1f19e13e223e743c2ca7,3306170521,028503,4,01
2025_26,3ed99de57e81f09b735ad0226098bffd3afca7f17948499b3c3a1917b233cb52,3306170521,028504,6,01
2025_26,04946fba826f68b406956db6c36b6c166c3fc8e2f9072f511d0fa30e058a8bc0,3306170521,028100,8,01
2025_26,845fad0034339e0c9ceedbbb560b1f65699ab277eea8a168d73c22cb559bd2d9,3306170521,028100,10,01
2025_26,c3ddf6ae9243b56f4898c5306eb81b3691b99d1f63a001f94a91af3a729a5874,3306170521,028501,5,01
2025_26,3b56379f2564a12611733b52398d95ce2b49dd21656ac5d5e3b3ad2a78e9aafc,3306170521,028501,6,01
2025_26,e8cd252904005e36dd1571fde9f9f1effa92877f5c3deae501596878ec357039,3306170521,028505,3,01
2025_26,e8cd252904005e36dd1571fde9f9f1effa92877f5c3deae501596878ec357039,3306170521,028501,2,01
2025_26,6a5b10b841d4d0442e3bbaeed458ae36a560666c104fdd660cf35ddab6f1c183,3306170521,028505,4,01
2025_26,15c79adb9358647d39c42d451abd1570c7b1ae839ed6244464dedf8d6276d438,3306170521,028505,0,01
2025_26,f85195aef3e0186ddeb86a45974480680c5f311636ad524d129228a6dd6fb873,3306170521,028001,8,01
2025_26,e126f996595f7a88f1b742723a734a63cc94d4c2a04768c36d94924faaa567b8,3306170521,028504,7,01
2025_26,e126f996595f7a88f1b742723a734a63cc94d4c2a04768c36d94924faaa567b8,3306170521,028501,8,01
2025_26,e7af79143c10274cd8b74d8bd5587ab46ceb7666724f1a8db272e9d19bf7ad05,3306170521,028501,3,01
2025_26,83d59c136367a204da11ae035f66193059704d47b8e3cdb506624ce211100a1a,3306170521,028505,3,01
2025_26,ec12eb45409f9db1df1ba9b7013dd20eaedea031c7deb10ca6b858587e121003,3306170521,028504,5,01
2025_26,32b5edd5bee9739a8eef7108b9520ce97700e6e5903af79e36fa964db42951c4,3306170521,028502,9,01
2025_26,bf8cd8210eafd24c387b7a328b6a2b6440818b33a769d8236bc06554ebb647b0,3306170521,028501,10,01
2025_26,9c57203687222f6a366ab584e07fdd297fb72e45be919693a6521c9034ef4d23,3306170521,028503,7,01
2025_26,1b8d03292ca7fc46e73b37b67de5a086a7354daabd766650edfa2fcde1e1d1f0,3306170619,1370,4,01
2025_26,d0ea10679b889b78d4dcfe23d05d9a1f3a5d276681e4da47c12815a11605060a,3306170619,1368,4,01
2025_26,54349a067b7a114242dc5e5303c37688823f097019818193dffa5fadb8bdd93a,3306170619,1370,8,01
2025_26,d3baf49f1de65e68ceb8817093bad0208535f89e4d95e280474673f798b79600,3306170619,1375p,10,01
2025_26,d3baf49f1de65e68ceb8817093bad0208535f89e4d95e280474673f798b79600,3306170619,1367,8,01
2025_26,3a5b59411d4c1960c8e7eaf4a6cfd1f8f4dc6b0016444cc2e8f55e1045fd6ce5,3306170619,1368,8,01
2025_26,6a27594cfbf82d4b4c1b0a2429dc3baf2bf5bc3b690cd18b36eeee408c638a56,3306170619,1370,4,01
2025_26,311e8ff4a01a8161ea999a97f3979369a7c7af86a1faa604c70d7cda054d7275,3306170619,1375p,10,01
2025_26,76879a9c2b070ca3e877bb93c604134e0e68e5abd971dbc1a537683aea4004e8,3306170619,0179,10,01
2025_26,3d218338f01dd05245671842b3efcab28d379ba633cee6d960201f547fa1310a,3306170619,0179,8,01
2025_26,505ed976440916bff7e1aa09a0fab31b779cb21617e49c4abb2e5a70aee7dddb,3306170619,0179,8,01
2025_26,2df9d463129e4d05e3f33b2c232c18b367b30c21d40eaaa2ca09e9ef22aa148a,3306170619,1375p,9,01
2025_26,d81ef893d1f7cba006a3cb892c2c23c295f9245dfd7dd68ccd4a376637f16095,3306170619,1709,8,01
2025_26,ab7c5e7f3488e631d96d1a47445b5ce803fe312c3c6cae0eb29e2419eb05dbb3,3306170619,1369,8,01
2025_26,0c09633410adf4b72db5c0929c4a0bde111ceea80fdfebf10c3d54a092d1534d,3306170619,1369,8,01
2025_26,cc7f0e8de5c71ad10c99beada05214d476643738a834b1136de10fde808f0b3b,3306170619,0179,9,01
2025_26,cc7f0e8de5c71ad10c99beada05214d476643738a834b1136de10fde808f0b3b,3306170619,1367,7,01
2025_26,586ab46864d00f1267ea22a38dc946bba5304ff52a110c87b950521b3361cc8d,3306170619,1367,4,01
2025_26,4185e8fe0cfb70268ed5764912dfff02a1816d6f05e98bf1b993d62e75538432,3306170619,0179,9,01
2025_26,19bde2654221ed68dbe749f75cdd118ccb641becb894042f75dc25923fbafb04,3306172484,0174,0,01
2025_26,3d5145adddab824aed143996a74a489ee218827a6b487acfaf0aa616f788843e,3306172484,0181p,0,01
2025_26,860a875d52ff463fda2b259dccb9fd6408ad5fa250fb6bd4baa139fed5df1282,3306172484,0179,4,01
2025_26,179bcb47efa07209af941aa93953a39bf55a67078269246da2014a4f9330fd65,3306172484,0173,9,01
2025_26,179bcb47efa07209af941aa93953a39bf55a67078269246da2014a4f9330fd65,3306172484,0174,8,01
2025_26,1e00a5dfdeca69854dc8558d512d56159cbda6ee7bdb4a73505a83ff7abc497b,3306172484,0181p,0,01
2025_26,c0861bda2c6d6ec59413a46bbb9ae7f5d4f23f1a3df6733d65ff02ca1bb451a0,3306172484,1709,0,01
2025_26,24954405527efcf1156cb40f5cf5d303fbdb2840c01c450c837b3737b6582aab,3306172484,1709,5,01
2025_26,82a326ee68830799e2aa0faa9f5ad9eed20ff04c6bc701ced90fe20dc739b58f,3306172484,0177,5,01
2025_26,2441a618859278c4696273380e492c6cfe3d98a5784f18b672f5ef65e2117a01,3306172332,0179,8,01
2025_26,05e47021fdac03b363a54fc393073f06fd3736b9f71c0dbb88306ec68b01489a,3306172403,0383,10,01
2025_26,1f051152a6460ec7e4bf1da7cef3ee3192580958791a890b74d91c2a9e39aa4d,3306172403,0172,8,01
2025_26,acbff48c382974534c4475b8c1a9124a27b51a638dba6c21d28f4f9be8c0807f,3306172403,0383,9,01
2025_26,acbff48c382974534c4475b8c1a9124a27b51a638dba6c21d28f4f9be8c0807f,3306172403,0173,4,01
2025_26,d51601f1bbe2f9f8a53e2af4d57d38468cbb1ce95c7b2a134f1d5b77b6c737cf,3306172403,0388p,0,01
2025_26,d51601f1bbe2f9f8a53e2af4d57d38468cbb1ce95c7b2a134f1d5b77b6c737cf,3306172403,0179,0,01
2025_26,e5a747a73af9fd9b3346afe40b3f408e5ec6a9f3f4d0308c60ac0f4638cfe1bb,3306172403,0171,8,01
2025_26,4abdc8fb98b5977017777a10c21af1f801e444f70f572e406affc9ee2d4ef8d1,3306172403,0173,0,01
2025_26,0749dd7d42e7ed184c0b2d2cc77c3cbd8dfbe7a5663691c312dd8d107a835f6b,3306172403,0171,9,01
2025_26,f714c01431e10a233b40e709331d3b183c21da87e24794c424dcb9041909ac21,3306172403,0388p,7,01
2025_26,7b54d0e651f21ab14549c85c5d4cdf08127c01ab10b6cb68adb593029ee4a9d3,3306172053,1231,6,01
2025_26,d072033afae597d59d0e63c73571611c0bbe15cbdc49f80251683584561dd559,3306172053,0156,5,01
2025_26,b20a171668ba1b9645aec6544170136af26603af65543323dccf7f32d5fde310,3306172053,1231,6,01
2025_26,eb6187d7c813a5b6801aaf0fc5f593e76072a44fdaa75af7466ac48430fbcc90,3306172053,1232,6,01
2025_26,8cd2ea858dcb39a8f88486d677b32f1a26ee2c3fde5e8a13ba175e408c60b67c,3306172053,1231,4,01
2025_26,cd85a75073090be1dce0a50ea82bec285f5cd7e5d17def7328bb568f7ce4d30c,3306172167,0623,9,01
2025_26,cd85a75073090be1dce0a50ea82bec285f5cd7e5d17def7328bb568f7ce4d30c,3306172167,1010,8,01
2025_26,cc065d6e783097cde71b8227e21c94e755d69b99650343af9facc7414235769a,3306172167,1010,5,01
2025_26,5a32c2badb6de022920b15632eed0ee1b4cd37014542deeff767da2c614fdf83,3306172167,1012p,4,01
2025_26,66acb78e0f2f532fc48be30f026fe4e7b9dc40f8b88aa7a570489f5aac96a3ef,3306172167,0930,0,01
2025_26,8ba08d4d675f9d4437fc4107e2bab57cba8b351f28b431ea843efe62ce14706f,3306172167,1012p,6,01
2025_26,e6766bb7a662bcc5fef811c4323b2287321f6df94d65de895e6365dde16bea65,3306172167,1010,6,01
2025_26,b3a949d93cc62757a826262789475a485bb2c2bb4699a96e025892263d2d7507,3306172167,0931,8,01
2025_26,680fdf556b15f2e30e6befe9e3835467055e13678a0860e126b7ef0bd8fc8043,3306172167,0623,0,01
2025_26,8503dd2f90ef2c543dc75b95d15ccebb4aa1a4301dc1bd615748966ff97def4c,3306172167,0179,4,01
2025_26,13936f02540f52c6a9d60fe1ca8b60495709d9ffca28aa49ee374587b45e00f9,3306172167,1010,2,01
2025_26,46ed0bd04248e6213164fa5f8a2bc0b7bf5350dda25087bce6f0015bb28146cf,3306172167,1010,3,01
2025_26,da5f9d93567899e0c4b7ed339e91585837f37cf76db08ef801f2e6beaf593760,3306172167,1010,8,01
2025_26,7ece99e699dc74e987ff15eb9338e514e4fafb32530f6b963da765c8102587e0,3306172167,0930,7,01
2025_26,c5b3d6ff7ea3ec612e2ebf88d553ad9da94e937aa8d20bb1ffc89d89a3b5fb1f,3306172167,1012p,8,01
2025_26,0e8210aacf83f98e8fbc544a15b9dd6b86ede02ad3e8092e8c825233d5823d3f,3306172167,1709,0,01
2025_26,7ba5fec4c68b2ffacc3722aa61739710ef2821f659a389e247a34ac0ec422157,3306172167,1012p,0,01
2025_26,f21577308bb1f08b2e6a1d707efd451f73bab471daca1b8787025ecfe043747a,3306172167,0623,7,01
2025_26,0e83d9422f681b71db271c4e1c865b6caf3706498acdd93141c434660df57c12,3306172167,1709,0,01
2025_26,eac642876d4d82fc5096158360f2b64301519f81425a8f37c6d213a7403b0c33,3306172167,0930,4,01
2025_26,f9ce3c9ac0d6ad246a9545012746926a30e1652dd36d0c828c5267e7bb607200,3306172167,1012p,0,01
2025_26,c23fe6438377952a8ec708b5d926a9fd9193a1f756ee34d0638bf17d75b2104a,3306172167,0930,7,01
2025_26,059ce46d42cf723fc4c29d2d31571b41fd9210c2e1a1eac5ac4372f691ba6da7,3306172135,0828p,4,01
2025_26,059ce46d42cf723fc4c29d2d31571b41fd9210c2e1a1eac5ac4372f691ba6da7,3306172135,0179,7,01
2025_26,059ce46d42cf723fc4c29d2d31571b41fd9210c2e1a1eac5ac4372f691ba6da7,3306172135,0622,8,01
2025_26,ef9df7a74a2ed9ac96ac3318cf96b76fe381433ecb9193bd0196014a6208881b,3306169433,243264,6,01
2025_26,b8d478f266682c7ae7072879351cb7d7d8dbb7f01c4363e7c45ff69edf49f575,3306169433,243267,9,01
2025_26,02bf03ff8922a7bc144a9a21a57c1ef196ad1af030c9ff9cdddde01972a39c80,3306169433,243267,8,01
2025_26,02bf03ff8922a7bc144a9a21a57c1ef196ad1af030c9ff9cdddde01972a39c80,3306169433,243264,5,01
2025_26,b5320c3307df7584ceed07f8bb12e6c18040682076311ec1986fa08466b2101e,3306169433,243265,8,01
2025_26,fe8fedfe7a3acbab2007f51cd4e265c6ba4e444bf9a6f74aa7990c1e3d0b6d5f,3306169433,243266,6,01
2025_26,77fc29adc18b16f106a77456bc2e79082d30cc260bcab3c237269b96a52423b4,3306169433,243266,4,01
2025_26,90df183030847d3f7578ebaa4b1b67408e25555516589fa52e055d104905bddd,3306169433,243267,8,01
2025_26,90df183030847d3f7578ebaa4b1b67408e25555516589fa52e055d104905bddd,3306169433,243264,9,01
2025_26,27f7df28d91dcda1e0991be1aba32d6fa8d6b4ef64156d80da783fe3bb6476be,3306169433,243266,8,01
2025_26,2d2f1c4de960edf861dd325911b20d168a68d0cbd183f83976a080bcbc043f09,3306169433,243266,6,01
2025_26,d94387913fd192bf5ade4948db5ec9924433759a3e2c77b1f593c4b30efe751b,3306169433,243266,8,01
2025_26,cbf9d5f0f347bede72636f524c4ac3b5b3def2d6fe54a186807f07644917eb31,3306169440,243602,9,01
2025_26,cbf9d5f0f347bede72636f524c4ac3b5b3def2d6fe54a186807f07644917eb31,3306169440,243271,8,01
2025_26,73c04ef00c54c63432669979a4b78fdde28c1f884f9fc745939ea78ecb22c7b1,3306169440,243602,9,01
2025_26,73c04ef00c54c63432669979a4b78fdde28c1f884f9fc745939ea78ecb22c7b1,3306169440,243604,8,01
2025_26,62c365e91ac32dbaa00ff9888d4173ecb376fb5de7d6ff959fedf49e62f646b5,3306169440,243604,5,01
2025_26,0b5299c8463d52c297a16eff68cffe3260fc48ced964815d9c6b58b8f3f930dc,3306173997,0441,8,01
2025_26,c6ae007bba9122296320f13a7a7fccb996ad1ce6d71157ea0fe0b18897debb67,3306173997,0439,7,01
2025_26,dfcb1d155f75b995a872ad71d7f08d559ef8eda53ee1b0a1fa58fee6198f93ad,3306173997,0439,7,01
2025_26,498c097a93eec82ceb15f758df9c330ea62cae123e177c27a2818b6e726047f1,3306173997,0437,10,01
2025_26,33b19e3967b4a5ea99767ba1211724e00b8911857de88f0271ca8bd4f4417528,3306173997,1709,3,01
2025_26,a533a19664ac80b4bcb53c30e4747d29dfc8c1cb1c76f25bc757f6414e3d2456,3306173997,0439,8,01
2025_26,01e3f64bd51485d35b24211fa6f02d4154380cff02ed6f4751286546b3d9b7a5,3306173997,0156,8,01
2025_26,2c756c7db5eff09cddc48aee523c3287c5bfe5bc841ca6ca5ac8a8f8be497864,3306173997,0156,6,01
2025_26,050dbfbef2b83666e35e7bc19498b29f79675dbd21757efba497ed6b6b0a1731,3306173997,0439,8,01
2025_26,050dbfbef2b83666e35e7bc19498b29f79675dbd21757efba497ed6b6b0a1731,3306173997,0156,4,01
2025_26,e6460e1a0c2b69deec87703915055645caf94ffb6d6c8104ea287f8413cdf4dd,3306173997,0437,9,02
2025_26,e03ae84a3d1bbae3bc9ffaf91c107620b079c1ce8a950b9ea858c3bcadbc4adc,3306173997,0441,7,01
2025_26,9de602683d52a430978bbccbb713cd00d3bc855aec0823fa2214a31abb3a3a73,3306173997,0441,0,01
2025_26,f08738b34fa52088a1cd70d731e720a843d6bf0e18ca1f440ee0e2326958e07c,3306173997,0438,7,01
2025_26,2793c9d93fe5e438a1449c14c37fc045cf00367e16a1f5979b620a125700184a,3306173997,0439,5,01
2025_26,49d96f743472dc2e355719eea684ba2359ef5cd381bb570d732d80aed99f427b,3306173997,0439,6,01
2025_26,ef4d79efa0a1b22adac94b2ad2adbcd3edd3092d481749f33ab681f28528d9f1,3306174048,0657p,4,01
2025_26,0017a974bf5bf8f4a5ed2d0c04e7b660befdebff60d553c4ce49f8344e410951,3306174048,1709,10,01
2025_26,bbc414a3f1787dc8d186f0f6c24c58a16cec07a8ffa64d22120bfce27ca64690,3306174048,0649,7,01
2025_26,754e9f8683cf353b1a5a6f3559c6559deaf13a81803dd8f9da3347adac9927d8,3306174048,0179,0,01
2025_26,7f4dcd935b9cd442dbff4911afbe1175635788f67851fba06d2a1b570c12c3b7,3306174048,0649,8,01
2025_26,15915e90212f145d91771a5cb3612a7ca6bdea5ce41847a3f41413256dd5be60,3306174048,0648,4,01
2025_26,259e3a7e85d42000c0407c0541f1531cffe100dcc14ac66e14085f91f456eddf,3306174048,0657p,9,01
2025_26,d4770efeedf867d67817ea96b57b9b2c3a0141a576d6a61f1ec0faf26b4d7593,3306174048,0648,5,01
2025_26,ef283753c7783374433622e447dcfa9e77badcea221d67438f84617039453ea2,3306174048,0650,6,01
2025_26,7ace8404accee77e58ff5c84ea986329e54fe9bb2c8af9410689109e91a20e25,3306174048,0179,0,01
2025_26,741412a5c0b73ecbc962fa1286b8ec6bd63912db67d5fe38c7897ef68c6ebc23,3306174048,0649,7,01
2025_26,301e23a9e517dd9029a91b326c13fd34a76b173595ee00de976acb07a8da7afa,3306174048,0657p,7,01
2025_26,be76f899a61f28be818aaf201fdbd5648c16322b66276604cead7784af4b3cfd,3306174048,0657p,7,01
2025_26,19459ec28e22f566c94be0c1367ba1d7387ef0e6a722a7238ed217ae8ac98368,3306174048,0649,4,01
2025_26,75bdde496c1d132c19a4e4a81223f54e9fa3f2b67de0b134f4862aae49fe9a84,3306174048,0647,8,01
2025_26,f25075d5220086066691a063a7a354aa7d6abf12360ab61e34aabccaaf0c8423,3306174048,0648,3,01
2025_26,1f5e61236ae478abc64f239a596d73b6770f93f6fd73177b53a8c22ff6d2143a,3306169744,0373,5,01
2025_26,230c7dcf7b05175ef97151f2cf230cc290223e3ac2c54d0bb576cea5f8ee98e1,3306169744,0371,7,01
2025_26,b8d3c2fa0f073f24929c89bdcef485c273d2c2f26bd3a1546edc4a1e07984b96,3306169744,0371,8,01
2025_26,5023e9854aa02b3d436fb00301802c9480cc77bee79c8fab75c6abd4db866733,3306169744,0371,8,01
2025_26,f2bbc66bbf9f37f06cc3dfe420671c7df8704372f850dd94d6bdd6dbf498aaaa,3306169744,0379p,9,01
2025_26,63ed81bb4c902123bc989bf9cb695408a685875bcbb1c611646a69f60ad97a24,3306169744,0179,9,01
2025_26,36609aef4e3365e525f60e03085709425ac73d55cf7e05a42254a739d704896f,3306169744,0373,8,01
2025_26,36609aef4e3365e525f60e03085709425ac73d55cf7e05a42254a739d704896f,3306169744,0371,9,01
2025_26,ca802b7c3cb9249e5845772acef88dc682f7092a20d8923ddf30c2a97f1f6329,3306169744,0379p,9,01
2025_26,9ac16bba90597ba91a766c5d82d02b2ceb323c3a226e7b1331abdf1addedb978,3306169651,0373,9,01
2025_26,96eed9d1dc68d145cfdb31ffb4d9fa80c0b7c24c9f4fee70a0fa888c25e22831,3306169651,0485,9,01
2025_26,cc42cfc0f92af6b941969bd8c5a31b8a735b4ec6c0a93460da779df7a75f44b4,3306169651,0616p,0,01
2025_26,c4124b00fb930f72317c2d46aa716f692afe2e2942444d2ef1a52e57f5bc9cd0,3306169651,0179,7,01
2025_26,81502b77746a7e90a1473731fac1ac48bd5b41016d506ce8b3c940c51cef5c4a,3306169651,0484,7,01
2025_26,2ae85d0ad6646d4c4e28efba98d2a957028b32f8c101d9dd623a030faec023dc,3306169651,0485,7,01
2025_26,5b735f26e6f77b4ce69f0ddd5322adfca02cefb60f5f3b1150d2e19ae545df9c,3306169651,0485,3,01
2025_26,9cbc4b73c84ef49583fa65563958fa766fc9d8e4b6eb67bdb8e3ce36d5ca553f,3306169651,0485,5,01
2025_26,93492738c7c3194e944ef91f483afbccb5e4c091ef5619d676a3413d04d8b87c,3306169651,0179,0,01
2025_26,ba44679b64ba7c572f1252d22ff5ead617482ee8cf2ccdd4e8de558afc385616,3306169651,0485,0,01
2025_26,371d57f65d21544c1eacd29a3bfce03c28ff70f4d2f4dd551f4e35a4a4a2f39d,3306169651,0484,10,01
2025_26,ef6cab817e2f5103d5224cdba786257167240ca0b3ec1c67983bb9fe70064cc7,3306169651,0485,0,01
2025_26,b933641fb3c4cefbaed7a01f1de14a86489da970e304bbedecd45f540943b8c0,3306169651,1709,0,01
2025_26,13556de0742a0121646ee0023958dd986147ff716e5e5d4351f561e5c0bb2a74,3306169651,0487,0,01
2025_26,d553fb9eaa382b49195f1a1d3e83cf64037d67910aa2d48b313004034c46032d,3306169651,0373,4,01
2025_26,efc11e1ad05f0894e0e1878ea0fa27690fa464c0fb0a32283e74fe8f2516f7e0,3306169651,0373,2,01
2025_26,f7922319cb0cd36b9128286223df7f163a72308d740d032141ab3235f1335b79,3306169651,0485,0,01
2025_26,67c094115b3ab7cc91c12e659538b1896085fc44bba7abd636163028a58e9761,3306169651,0373,0,01
2025_26,c4cfdefbf15b31608a7f20acaa612c6c0a9ef7529baabdb9bff5d3e7c55ad07c,3306169593,0156,9,01
2025_26,df2ae9813bf7a62adcd85eba405c00c1d8b84010a82d06c9048aa17a8a2bdd95,3306169593,0225,0,01
2025_26,71a3ab9ce36415bce23285e1075b5fa4825143da6a98f2418953e85b7a849a4b,3306169593,0225,8,01
2025_26,564fdfb0dbed48f2553890b73f56423148084a5bd88d27fe0186a496b854acd8,3306169593,0223,0,01
2025_26,f0aa5208447420c5226d65c72a24cf65253d559d8850829a2e8214d5d1242f97,3306169593,0221,6,01
2025_26,c7a50cc1a1886bf65a913f00dec28cdf0671eb7e8aea86b65f8d79aea888a0b8,3306169593,0225,6,01
2025_26,c270cf51d7021e5c3ea3a7c80cf0fef3cbad0a9da2d1f22995130e508b6848c1,3306169593,0223,4,01
2025_26,2bfad9fb4060ebe95778a54325e7a3f292d8b3d084ce9df6356159be81de583c,3306169593,0223,8,01
2025_26,8db80d9d0d84b39cffa78d71a9a8232b0794dec42ad8c39c0bab5120ff105138,3306169593,0225,2,01
2025_26,cf933a5eaa45244f67884eae884d781eddda67259e94af5b840b6e7ec9caefe0,3306169591,1710,10,01
2025_26,cbb720b6857bb3d96bfca740ea7c94ad75ff5a6aa911d15f5a3610f1f187216d,3306169591,1708190,6,01
2025_26,cbb720b6857bb3d96bfca740ea7c94ad75ff5a6aa911d15f5a3610f1f187216d,3306169591,0228,6,01
2025_26,1e42ada0b2318cf8bc4389f9dc81952b5494142aca0971d0c524e20bea7461a2,3306169591,1708190,3,01
2025_26,097a4aa5acce0fbd7f683522178c9076649c9f39f052c00d0dc3f0891d82534f,3306169591,0224,9,01
2025_26,097a4aa5acce0fbd7f683522178c9076649c9f39f052c00d0dc3f0891d82534f,3306169591,1710,10,01
2025_26,972661a5ded9b351208d3e9d46c91f13f8b0f21cc39df20e321d725890e177b9,3306169591,1708190,9,01
2025_26,3427aab0bbced6f91552419e1f42eaf7e2cef6bf5a8c1707cf1c2abf5422e987,3306169591,0227,9,01
2025_26,1a487e080b7e34f09ed31a18d39ba6a382a8112a21ea90683035a187bf7a85c4,3306169751,0377,9,01
2025_26,34891adaac5a043d44f3d15d546540da0039886c4e4a9657c88ebdbd1fb2c275,3306169751,1708190,9,01
2025_26,1915452ee704091b5b6b3d1dcca4f67aae2059e4126a7fff35a8320973c46780,3306169751,1708190,9,01
2025_26,f6c302768e0468951fe73d905bfa4ed345d8158b6735ac696cdd997dffa0f26a,3306169751,0374,4,01
2025_26,998ed5c5da662f7d54122066b719c193b194034411a7a88d8b3f7c0a5fc5849e,3306169751,0374,9,01
2025_26,5872c3e58784ceb438cc562ea71874e41536dc38240bd7045fbef87586fae298,3306169751,1710,9,01
2025_26,c48ad409c59015dfd30e638356dd68478c1929dade8718ef91de07eb96302ef5,3306169751,0374,3,01
2025_26,142158b5efced2348a21368f2b7976d4eee50a9fe6e4f4c765bd7d8775dbe6d7,3306169751,CVOPT,6,01
2025_26,74747ce230305dbeef72ba2d2bc98e74e9436abdb3b40fdb5c1d0f0d7714457a,3306169751,1708190,8,01
2025_26,fdec83d934356de77e279025a07ea734bc2d5ae4269315aa4ef56bba6613e1e5,3306169751,0377,6,01
2025_26,fdec83d934356de77e279025a07ea734bc2d5ae4269315aa4ef56bba6613e1e5,3306169751,0374,4,01
2025_26,6c6c08962698faf434d13596a2f4fa9b83d0800492f2c7f3d0ab5b67368f3fc7,3306169751,0378,8,01
2025_26,18b4aa34646e373e0d227c0db5d8e42992ae5fc0b477267e9f38fc6fa0db5afd,3306169751,1708190,10,01
2025_26,6569a81d2cb8baf0f76c2f36b1318d216b9a052f89fa5416620bb0df30996500,3306169751,CVOPT,9,01
2025_26,6569a81d2cb8baf0f76c2f36b1318d216b9a052f89fa5416620bb0df30996500,3306169751,0377,7,01
2025_26,ff28efbf05517539507a63494d128f20d746c5353d6bdb0abc951b0d7c259521,3306169658,0612,2,01
2025_26,ee29b13c0682d2c9d4550e33452944e6982b8e8198b2841e1fa30164a1b9ec71,3306169658,CVOPT,8,01
2025_26,b5199a49b597efc5d445ecac778e7ebb6dbd0f6a37e5fb6e47d8e59b4bbb5dbf,3306169658,CVOPT,3,01
2025_26,d0a0fa4a3759fddb967ad99422e20c543e10b4402ac1ca77926fb36686eeb146,3306169658,1665190,10,01
2025_26,d0a0fa4a3759fddb967ad99422e20c543e10b4402ac1ca77926fb36686eeb146,3306169658,0613,6,01
2025_26,411ed29ce82c50a407b536c0cd30217a7ffdf8e258cca9c5adc38081d5b908be,3306169658,0613,5,01
2025_26,ead8d9329a3a47f3b1c79a0f10473bd4ffe9609692298c9e807563b88f29fa2a,3306169658,0614,5,01
2025_26,fbfbe620a8c50c0bc4429c8c551777c8e8e99a1d69981d4240195ce9da3f878b,3306169658,0613,5,01
2025_26,0f0e267f4a27b75b87cad6c03403a0306e712c168d4122c8f81df5ecf1f1fcfa,3306169658,0616s,5,01
2025_26,5e40c103b2933fdc8aa8c99a1ebd3e2da981a70c64788bd3c81a5ea42eb154f7,3306169658,0614,10,01
2025_26,c303fd0de72abdcaae99b76c62086b2a18f5b9af8bf44ee82d79c669cf0d8590,3306169658,1665190,8,01
2025_26,c303fd0de72abdcaae99b76c62086b2a18f5b9af8bf44ee82d79c669cf0d8590,3306169658,0615,4,01
2025_26,f45aff09ab6f9c05fbb7dc5f9ae7a4b9b1c9ba197cf2cf85a93cccfe99a5a1bd,3306169658,0616s,6,01
2025_26,f45aff09ab6f9c05fbb7dc5f9ae7a4b9b1c9ba197cf2cf85a93cccfe99a5a1bd,3306169658,0614,1,01
2025_26,c70c4641d8b02f785948ceca733032a6946d0c2e7a7047fac9af48fc3c868792,3306169658,1710,1,01
2025_26,4809cb4342e17cbd1cb864924d77094d6f16c0f734dcdc4ee5dcbe0464b25252,3306170617,1374,4,01
2025_26,f24a68675bc961e6515b38d660f58aa2ab1956394f1f866a86067dfcbc24d907,3306170617,1372,4,01
2025_26,889f4e53a56cb6de5bb45ec3a7e05c428f432173d7d4942e6b94d8ac65f79d51,3306170617,1665061,9,01
2025_26,889f4e53a56cb6de5bb45ec3a7e05c428f432173d7d4942e6b94d8ac65f79d51,3306170617,1708061,9,01
2025_26,889f4e53a56cb6de5bb45ec3a7e05c428f432173d7d4942e6b94d8ac65f79d51,3306170617,1375s,7,01
2025_26,ba8f7ea03669b6f608dd446d6e1b60983b93b3d6aea2ea4e17b6b43b25236914,3306170617,1708061,9,01
2025_26,615b692a42042fbca24c874fcde9bfd1a7e6633e68af55a2454d70442d2eb202,3306170617,CVOPT,9,01
2025_26,78d715824defdc31dc8a6cacb87d510ad35387fae7f39291fc8dc95af65248ca,3306170617,CVOPT,9,01
2025_26,e05c52d1293d0cdd11cd1b64e99622b55ea751e9a3baa3977dee2c301c71b00a,3306170617,1372,8,01
2025_26,f1a7a595289c28e8614c14feaded8bf8242c3e102a4fc8006cdc584d23b63952,3306170617,1374,6,01
2025_26,01e96e74b169d9aaab00add750e530fc0c693a31cc53d1072f52917694c87408,3306170617,1708061,8,01
2025_26,5cb8dbe0ac1dec3ddd2f4e2161054f7466a4f1f1770e0f6c23480964fb27f0cc,3306170617,1372,7,01
2025_26,7b93ffde8b50bbf7be6884b4dcec62562e1b4194a0d484ca424ccc0d268ad043,3306170617,CVOPT,8,01
2025_26,39a89a30f732b388e13374e4bc0ce3513b48c5c6aeff625b7cb6bcee02478af1,3306170617,1372,7,01
2025_26,e3a75ebd29ec97f36ce8f3302bbf092118c0d38e196884799c7b81146d404906,3306170617,1373,7,01
2025_26,fbda2d29ae9b0ce147516fb74b0142f6396f10151ea62a475d529314f462d40a,3306170617,1373,4,01
2025_26,b7f57d1a9d04a3e6007ef528923e74c6a7c626f96332ca150312fd2d1c516728,3306173995,0448,4,01
2025_26,c2353f978474d787d7a9bff77ef935ac2f3ad4b22524ef4f8e14a969823c80af,3306173995,1708001,8,01
2025_26,72b104dd5719c53f8579320c4d908b5b707a00397e5c6e11d246c9c8aca973cf,3306173995,0448,9,01
2025_26,4f51007c14551241733c4d6bd7d10aa1224f9da82b5347aae91b41754641f589,3306173995,1664001,10,01
2025_26,a009548ef1cd4aefa8762d14f3e43d928affd242163f9f3fbfc2ca7f94d7c430,3306173995,0448,7,01
2025_26,b39d3e2225b94e54b2c7b93c071ae0b0e318488da8e38a37001fb5f90221cc57,3306173995,CVOPT,9,01
2025_26,2e66a6f71652815fe5a551e62767c77769ebdfc8e978525ae9c8055e6326a7f2,3306173995,0443,8,01
2025_26,4e6a9ddf2a03b43755f14b59e9664e7b0e7f9703c0d40a6163564efeb033070d,3306173995,0442,6,01
2025_26,7239bc90b0c510c6aa59291aba3bd356efd538a20fcfd33b5c9f366802a52583,3306173995,0443,1,01
2025_26,16a98646b82b2dbd549249b157b770cb209a408ef0a4d03f22a48752b4fc7816,3306173995,1708001,4,01
2025_26,46ac30514bdb0b402d69df73aa8ed80ab47502f9256e303177696d988e40ee14,3306174046,1708001,5,01
2025_26,252a32167aa02f42e9280f38270f85fa5aab05a829285d000cf47baa6ffee1b7,3306174046,0657s,6,01
2025_26,2012af3d9f00b60bfe2d9bab1d99339d1f5c96656f2243a15c2a16fd6c93d2c2,3306174046,0652,3,01
2025_26,55d28cef7f2bf8ca567bbe12e527991798dafae748be04611c3fd59bd33d420b,3306172060,1235,8,01
2025_26,7b9e0f274b0f9d4241a20cdb01cc52ffe9042b1646224e2c922517f7b8e20f79,3306172060,1227,7,01
2025_26,7b9e0f274b0f9d4241a20cdb01cc52ffe9042b1646224e2c922517f7b8e20f79,3306172060,1235,4,01
2025_26,1d74bb939aafc1f226d23d9f80169b2b041b259d52826203031cd26bfd8bebe9,3306172060,1234,4,01
2025_26,9d8befe021a31ed9d6639e6b6dc77d0541ca338e8e032e9137947eb6e5632efa,3306172060,1664020,6,01
2025_26,c3f586139b4b3d972d92987178718a8c0ab01ef8e182622a8b1cdcafe1750d21,3306172060,1234,8,01
2025_26,2867126a6247e3d096289dfce8876bf5da64c50ecc7e17b582743249b56c38ee,3306172133,0824,8,01
2025_26,bea9be527b1b7fbda4923f07edaed2f75276ad1191fbb9e2064c0e22b8905eb0,3306172133,CVOPT,6,01
2025_26,bea9be527b1b7fbda4923f07edaed2f75276ad1191fbb9e2064c0e22b8905eb0,3306172133,0827,7,01
2025_26,9f6df2a01eb0cd47b19d211cf1e645e7ad84ce895f249236440b1f4a4896ae7e,3306172133,0828s,8,01
2025_26,d99696ac7399f9b7c7d23393943d9c321015b9b768cc1bd628dceb80aad5221d,3306172133,0824,8,01
2025_26,3c87e691a1f7011ac25c7751a89981120b23266b7e85e4ab802b1080925dfbdd,3306172133,CVOPT,8,01
2025_26,bed77cf24823a5b75d91cbd87ee22d08b49a0907ce0b687087efe731c8fc6c2b,3306172133,0828s,7,01
2025_26,80898bbf3c16081e89b78ffee53f978b5595d335fe9470dd35aa11379763ac28,3306172165,1110,7,01
2025_26,4fa33e61b4eb9ed69b12f6adcd6110318f36a4d30781964c40d42a086c3ab0cb,3306172165,1009,8,01
2025_26,4fa33e61b4eb9ed69b12f6adcd6110318f36a4d30781964c40d42a086c3ab0cb,3306172165,1110,7,01
2025_26,8a51ee8d214208085d15559e67bc3c1b34f4c6204f1104eaf5cba58b359582fd,3306172482,1708039,7,01
2025_26,7cd31ea1c2ca0a607526ca96138dc61627afbc6fd52ecbcf0257f3b7cd310360,3306172410,0385,6,01
2025_26,fd877dc1c7b93c8c06a462d2eff37378191c79b52a50cfc0cec21d0c4d29b22c,3306172165,1012s,7,01
2025_26,34a85fa256424c26834edefed25024b96dcf5af2e040dd4ea080cad20a31d45a,3306172165,1012s,9,01
2025_26,362a6754483125d335aa747a3631172731d1707ae50efe4bebf613546f0c5a4e,3306172165,1012s,10,01
2025_26,89cf0a66566c86c99a42d9fdcdcd36680b6a1cf332cb79b1827e92532d2e9f40,3306172165,1012s,8,01
2025_26,fd877dc1c7b93c8c06a462d2eff37378191c79b52a50cfc0cec21d0c4d29b22c,3306172165,1109,6,01
2025_26,9c0fce6f3681dc9cefff66e8b9d82a0a3350fc714cd310c012786a61646f57c5,3306172165,1109,8,01
2025_26,362a6754483125d335aa747a3631172731d1707ae50efe4bebf613546f0c5a4e,3306172165,1109,8,01
2025_26,4d204e60470d5745757c8ab5cafe9a98db40cf0a77d53be827b92adc4639c0ad,3306172165,1109,7,01
2025_26,4351560f508fc11659de5ba50352b6b4e517724a7c3a92d0fd9dbfd7280d6598,3306172165,1109,7,01
2025_26,c646a2df3c29b8de72b91dfdb20afda82fa2563ccea2144990a2d6f67cac2d36,3306172165,1109,8,01
2025_26,7aba2cba017da4eeb6bdf9fcde48a949c632972ff8ad40e93c19f3fb9991df10,3306172165,1109,8,01
2025_26,6c6277232e2cc6ec6dcbc11a604eee0f707d2720ff98e52a6b83033f3a50af33,3306172165,1007,7,01
2025_26,7e95db372fc0c37c10ef4dd85070d24ff8731cc0f2de155c73b66d47ad38a1af,3306172165,1007,9,01
2025_26,c6ee0034b9360ccb04b98189b17fb0de020e3a845b447db574339de434c7e4e2,3306172165,1007,7,01
2025_26,e1fa5399686a4a29ca1f422357b1509019d4486fb7a00a9c806c933b2cbdee5e,3306172165,CVOPT,8,01
2025_26,35bd981afa9407ae8bc274a0955391a7a57f30ac357a6b90d04c85cc7b7cd921,3306172165,CVOPT,8,01
2025_26,4351560f508fc11659de5ba50352b6b4e517724a7c3a92d0fd9dbfd7280d6598,3306172165,1708020,6,01
2025_26,4351560f508fc11659de5ba50352b6b4e517724a7c3a92d0fd9dbfd7280d6598,3306172165,1008,4,01
2025_26,34a85fa256424c26834edefed25024b96dcf5af2e040dd4ea080cad20a31d45a,3306172165,CVOPT,9,01
2025_26,858a01846ac6f7b808cbd6d6f4557f51b9030d59cd6e0b22a7706248dfcdcd55,3306172165,CVOPT,9,01
2025_26,c646a2df3c29b8de72b91dfdb20afda82fa2563ccea2144990a2d6f67cac2d36,3306172165,1011,8,01
2025_26,858a01846ac6f7b808cbd6d6f4557f51b9030d59cd6e0b22a7706248dfcdcd55,3306172165,1011,8,01
2025_26,53844a0401518f4786913feb68c71d156d8f4fcbf6b1030a97d73a6e86aa41af,3306172165,1011,6,01
2025_26,3beca415d97ec131dbfe58cf1385051ef098d8339096fdddd5f19d0432a5a3ed,3306172330,1665039,10,01
2025_26,faefc3940058ed484c2135ec9ef99c0ea8c84ba2ec2831450812dda415015ccf,3306172330,1665039,10,01
2025_26,b22633b0d8057984e3f6c64bdf2ffb4e910d02f6f66f35e26c773dfde01fc2bb,3306172330,1665039,8,01
2025_26,482ad2af2aa1a8c7050d4eb6971b0db96b9aeefc17d13212fc543ac2e46d2405,3306172330,1665039,8,01
2025_26,3beca415d97ec131dbfe58cf1385051ef098d8339096fdddd5f19d0432a5a3ed,3306172330,0398,4,01
2025_26,ee3e9df092da331541d83c266b944d2c9c5acbce79426e8ab367f935edf6c7fc,3306172330,0398,4,01
2025_26,500af0b47ae2bb32658dc7b3f2f66d16d4b157e29000fa767c9b037d8c4006f2,3306172330,0398,4,01
2025_26,b22633b0d8057984e3f6c64bdf2ffb4e910d02f6f66f35e26c773dfde01fc2bb,3306172330,0398,9,01
2025_26,fad603f0e64f8d13d486e50e07c7988627f53b2d9be9212b1123f1362ec93901,3306172330,0398,9,01
2025_26,3beca415d97ec131dbfe58cf1385051ef098d8339096fdddd5f19d0432a5a3ed,3306172330,1710,8,01
2025_26,500af0b47ae2bb32658dc7b3f2f66d16d4b157e29000fa767c9b037d8c4006f2,3306172330,1710,7,01
2025_26,8a0a44ffb2baf1c087924d37d0a767c7ba9ada2bf745620fcf98484b37216bae,3306172330,1708039,7,01
2025_26,e179147e1e9f1da10690bad75cdd5125980853fc7e17982c06a8267b6fb80907,3306172330,0400s,9,01
2025_26,faefc3940058ed484c2135ec9ef99c0ea8c84ba2ec2831450812dda415015ccf,3306172330,0180,4,01
2025_26,fad603f0e64f8d13d486e50e07c7988627f53b2d9be9212b1123f1362ec93901,3306172330,0180,8,01
2025_26,3e0cfb63a0f2284de35bca6fb6f60faf4c1539090dc5bd78f2a7826806b04ec0,3306172330,0397,9,01
2025_26,b22633b0d8057984e3f6c64bdf2ffb4e910d02f6f66f35e26c773dfde01fc2bb,3306172330,0397,9,01
2025_26,482ad2af2aa1a8c7050d4eb6971b0db96b9aeefc17d13212fc543ac2e46d2405,3306172330,0397,8,01
2025_26,a16786f726e999c32f3eeb7c8571b768f7cf4527885f12fe1cc04e108b4e4474,3306172410,0385,8,01
2025_26,08b8f3ab23205e730331294cdb8ddf0c55f3a3484b6dfffa3d4cc9d8af7c9e8b,3306172410,0385,6,01
2025_26,0ea65640b217a50fa35570e2457ed71c99bdd51077ef6efcdef0f6624754bb44,3306172410,0385,6,01
2025_26,a16786f726e999c32f3eeb7c8571b768f7cf4527885f12fe1cc04e108b4e4474,3306172410,0387,8,01
2025_26,08b8f3ab23205e730331294cdb8ddf0c55f3a3484b6dfffa3d4cc9d8af7c9e8b,3306172410,0387,6,01
2025_26,5eb561428ece52d4d029369904d44732faf5a12da6093086ea923b8adf461a86,3306172410,0387,8,01
2025_26,5eb561428ece52d4d029369904d44732faf5a12da6093086ea923b8adf461a86,3306172410,0388s,7,01
2025_26,fd2b193bc9cb6dccbce2ad63eddcad3a3980dfc1edcf348daf6583aff9e55bab,3306172410,0388s,8,01
2025_26,fd2b193bc9cb6dccbce2ad63eddcad3a3980dfc1edcf348daf6583aff9e55bab,3306172410,1665039,9,01
2025_26,fd2b193bc9cb6dccbce2ad63eddcad3a3980dfc1edcf348daf6583aff9e55bab,3306172410,0386,8,01
2025_26,b1da45ca137b661d744f20870e7c8de3a5d9a5cdfc04bc53e0c079a282d15d4d,3306172410,0386,9,01
2025_26,08b8f3ab23205e730331294cdb8ddf0c55f3a3484b6dfffa3d4cc9d8af7c9e8b,3306172410,0386,7,01
2025_26,7cd31ea1c2ca0a607526ca96138dc61627afbc6fd52ecbcf0257f3b7cd310360,3306172410,CVOPT,9,01
2025_26,b1da45ca137b661d744f20870e7c8de3a5d9a5cdfc04bc53e0c079a282d15d4d,3306172410,CVOPT,9,01
2025_26,5eb561428ece52d4d029369904d44732faf5a12da6093086ea923b8adf461a86,3306172410,CVOPT,9,01
2025_26,6b0ede0d0b600169c8f6d3c4c052c571f3c113382679d872bcdb5aaf057a445b,3306172410,CVOPT,10,01
2025_26,9debc5f8bb923c70db668d08a54a20846a9610b4dc47f242e1693d955305a86a,3306170521,028504,7,01
2025_26,a698ce3ab28744588725071882c2f05456b8cc8e9cd251fe8e9696ca04f2c85a,3306170521,028504,8,01
2025_26,cb7851bae955c19b380ccb7be31d320ad71fa073f8564614b2220955686dfb55,3306170521,028001,9,01
2025_26,2e091436d5804d889b5cb7ad28a97125ebd66ebe4b150eef3df3498b819c5bf0,3306170521,028001,3,01
2025_26,3ed99de57e81f09b735ad0226098bffd3afca7f17948499b3c3a1917b233cb52,3306170521,028100,7,01
2025_26,87befead417eaf7598a221e90c22a4d9b8155dae7efdd7d6019f923f186fc82f,3306170521,028100,9,01
2025_26,f85195aef3e0186ddeb86a45974480680c5f311636ad524d129228a6dd6fb873,3306170521,028100,7,01
2025_26,a698ce3ab28744588725071882c2f05456b8cc8e9cd251fe8e9696ca04f2c85a,3306170521,028501,8,01
2025_26,8926f9a7a704a09ea3b42a86c9adc638ab072753a1b4f3d39cd3318e08adc6ee,3306170521,028501,1,01
2025_26,3b245c6e790c610679e4ca0213dcb0f43b00ee3a0400e325630c8440ca168ca7,3306170521,028501,1,01
2025_26,c292523085b4e8e34ef930c37511ea67b09f6c3cfd30fe0fe854e51699022d9c,3306170521,028001,10,01
2025_26,4ffb08fda9cd4b1d0bbf93d8002f21acf5b8d684c1b1f6b00e854eba0b476585,3306170521,028001,8,01
2025_26,7b6a746112364849d3d4c652dced9e8ebfcf8947f0bf69c4b549b9f083800216,3306170521,028001,9,01
2025_26,630efbe37293d4a53b328df5c5b538bf75a4d6c8553c0f70543fd39f99191daa,3306170521,028503,4,01
2025_26,3c5ed9f9fe9713bd422293b8977efe400af102fcba2e9d6302a3260f6303d1cc,3306170521,028503,4,01
2025_26,5ef69a60e3e5984c2b2d41c1f71b7dd534c79430bb3018721a34d7a55e18de34,3306170521,028503,4,01
2025_26,83d59c136367a204da11ae035f66193059704d47b8e3cdb506624ce211100a1a,3306170521,028503,4,01
2025_26,3c5ed9f9fe9713bd422293b8977efe400af102fcba2e9d6302a3260f6303d1cc,3306170521,028502,8,01
2025_26,3b78022f36e9e8bd27b66d3ad21d730880c105a69952d4a13673150a2d73e968,3306170619,1375p,9,01
2025_26,b0bdab705e6d59ee639e1d6e3a1e0add22251684c31b423500c73bdb37742d1e,3306172484,0171,7,01
2025_26,1e00a5dfdeca69854dc8558d512d56159cbda6ee7bdb4a73505a83ff7abc497b,3306172484,0171,3,01
2025_26,bb04a9e420b4e2f2e8b01c8dd56cd689cbfd5c54c457ba20c9229edf8c6c5a2e,3306172484,0177,3,01
2025_26,f21a9088f8e91fdf90ea50affcd2a8f1feaf4b257552a7de6c68eaf7cf2da39c,3306172484,0177,8,01
2025_26,84123aabb04b3d023251b08ffacfdabf2d45830cd611035c0c30dd79a3d27115,3306172484,0181p,9,01
2025_26,279330d1c898d3403380adbed34c26392439ddd009daecea4254428506a7db2c,3306172484,0181p,0,01
2025_26,84123aabb04b3d023251b08ffacfdabf2d45830cd611035c0c30dd79a3d27115,3306172484,0177,3,01
2025_26,bcb004e1c0721070a6ce6eb8dc24f215635d8a292a69375445b74cc477850728,3306172484,0177,0,01
2025_26,279330d1c898d3403380adbed34c26392439ddd009daecea4254428506a7db2c,3306172484,1709,0,01
2025_26,7da27355b3451d0309f553f487dba920b0d960a85ab4d10a78f8e035706c4979,3306172484,0171,4,01
2025_26,8afe0981f85cbead344db403e2609811041eadd2ca3066d4d3cbcb29c7e3ae5b,3306172332,0171,0,01
2025_26,b644c741b7909a3ee3011ab43d299e86520606392609fda822a6b446290700d3,3306172332,1709,0,01
2025_26,708c9514c5e3bcaf44fe1d5968e7cd99299df1500c4075c0f9f1dc03e78abe85,3306172332,0172,7,01
2025_26,1f051152a6460ec7e4bf1da7cef3ee3192580958791a890b74d91c2a9e39aa4d,3306172403,0384,4,01
2025_26,0538f479a15ba1ca6f061fbb6c112b4b4e3bef3bc2dbec9fdb63bd6684bc866d,3306172403,0384,6,01
2025_26,d072033afae597d59d0e63c73571611c0bbe15cbdc49f80251683584561dd559,3306172053,1229,9,01
2025_26,47e4d5b07965a3d101f5fb9efe047d03a8cf3853032eac9c807a5dbcf6242b7b,3306172053,1229,9,01
2025_26,1c392a3a3a8adba8848e7edaa1a766cf9b384796c53974412f3b1dca325e604d,3306172167,1012p,0,01
2025_26,8ff672e53d013f2fe9945389b4d7f59cc3bbc84779d382de66396b3a69076047,3306172167,0623,6,01
2025_26,492b332f301408f8e92883512cbf3a440293300e41db6bc40eef59693e545818,3306172167,0931,7,01
2025_26,86a7407c9014c8d9cede63897dca64aa8b6d28489e3be381cf1f28b48cb7dc87,3306172167,0931,7,01
2025_26,47c52f8c9ca8aa71e43bf7cd4aa83200d14199cfca869c19fc9f845620de2265,3306172135,1709,8,01
2025_26,fbc13b227bc0c3115d765c5bd383806cdfc71a33b6fc698a54cef6ff5d0d5462,3306172135,1709,8,01
2025_26,926c34c957226b24a955f5dee1f93405dcce4c08b05378e2cf5aab489f97fcd0,3306172135,1709,8,01
2025_26,6990f1064643b438a23741916aa5f305a2d53de24c2adcacd7e13adba9675936,3306172135,1709,8,01
2025_26,fbc13b227bc0c3115d765c5bd383806cdfc71a33b6fc698a54cef6ff5d0d5462,3306172135,0625,7,01
2025_26,ddc099d7f233e777fd85c2a80815ce0425febe954a5897b61907a61f7a458f8d,3306172135,0625,6,01
2025_26,0a4a85a56a67cc069b028d7a02d5e0d9c13cc050abc682925c584a06024159af,3306172135,0625,4,01
2025_26,0a3c60d85008a3ca5f20ae02c4b1dbc0b0b2d1a3f6b21f251c374ca63b74e975,3306172135,0625,8,01
2025_26,b18d0b2c28c9a31872d0ac28830e8244ba185d0b65c5f14c1d824287cb6458e7,3306169440,243270,8,01
2025_26,02e963aadb8e832f6acc69c8ec27dff192de10864589cc20b641afc7ccc39765,3306169440,243270,9,01
2025_26,f3e361914caee481e2c69987451da75b6d43276f47f74a9fb5a8d8102c1434cf,3306173997,0439,6,01
2025_26,3ee17d91c35c7eaf8eb3d72e1aea822ba6216aa87afc3464be568ba4947a2df4,3306173997,0439,6,01
2025_26,dfe72718a8fa8b613c48b3fb50ab1613df452fadc557b00be7d0c17f8d8e3626,3306173997,0439,7,01
2025_26,4cd7dbdd62e45a9f6d8973133641230dca95ff6cebd23d5a888b912f54e28835,3306173997,0439,8,01
2025_26,44bb3b50f94143e18209aadd9fc423192475c093e844d232cbe4cd567698009c,3306173997,0439,8,01
2025_26,c95621294d444b7ad01d9fa148fd2c949593e54a0efb9bab582ea7c3721530a1,3306173997,0437,7,01
2025_26,d88a30b93f4e2486928f49de052532a469fe3fa97b67c6673d097938bf97f814,3306173997,0437,7,01
2025_26,2c756c7db5eff09cddc48aee523c3287c5bfe5bc841ca6ca5ac8a8f8be497864,3306173997,0437,6,01
2025_26,fb08df1c5f415ac814446b15c86f3fce18a7f8e0cb2f174115e02ffd8cf2f9f8,3306173997,0437,7,01
2025_26,77f85ac39e2d5fab2e8009c0c9e49d903e98ed22e293eb565681d9ce0ba511df,3306174048,0650,7,01
2025_26,994ad8b46d13a4faa4c005ecb20612b1863781a152fe3075dea53ab8becfe528,3306174048,0650,9,01
2025_26,69fbdb5a4eadcaff8ba32514179d048f01f07f5ef8f20020214aa6390b23ccaf,3306174048,0650,0,01
2025_26,0017a974bf5bf8f4a5ed2d0c04e7b660befdebff60d553c4ce49f8344e410951,3306174048,0647,3,01
2025_26,3119a899d1f8adbdb38d33322d64dd0c315d8d78abd92ebaa5994f505f82e1e5,3306174048,0647,5,01
2025_26,754e9f8683cf353b1a5a6f3559c6559deaf13a81803dd8f9da3347adac9927d8,3306174048,0649,6,01
2025_26,4350e22aca365f5ce4c11ca2e7cec534449486aee21dc723aa854281ebc5b0f9,3306174048,0179,9,01
2025_26,69fbdb5a4eadcaff8ba32514179d048f01f07f5ef8f20020214aa6390b23ccaf,3306174048,0649,0,01
2025_26,592dc1d4cc750281494b8ea94853afd538817e5f5f3947f50d726269730acddc,3306169744,0369,7,01
2025_26,b8d3c2fa0f073f24929c89bdcef485c273d2c2f26bd3a1546edc4a1e07984b96,3306169744,0369,8,01
2025_26,dc97e11d001faf560fcfdd332bcea9ce77a96bb3e6cff98c29a3aff929df53e0,3306169744,1709,8,01
2025_26,2b582d9fbca7b9c82d7db62cbb59d7fc98b49affeec50b05634c274a03e84a83,3306169744,1709,9,01
2025_26,f01785da7bac5212fb248201f3ae61fc19674acad246c0a7a93f3a4099ae6695,3306169744,0372,9,01
2025_26,5132140f311395bb90c39a96567a53962f24db07e6ddbbd9cc8eb114e9ce516c,3306169744,0372,10,01
2025_26,cf8bfad29e6fd74819f0cf4c10deeb7cbb2e6d44dfeadac12796a294c1c55a7e,3306169651,0179,9,01
2025_26,269ee833882e0b42d2a58c0729ec816e127e477f419cfb909ff0589c0e504fe0,3306169651,0179,0,01
2025_26,7e1a3466b59db77ddf8fdad863326c426521f3cd4e43f38ac7d0c45aa17b1264,3306169651,0179,9,01
2025_26,110769e651318579ad49bd73a4c3a6439c5245f46c43b401edd87375a3552297,3306169651,0373,8,01
2025_26,ee8ceecdba3aa64670372f139d2dcf87676104524bef30ccd1a7c77606ff4906,3306169651,0373,0,01
2025_26,d33d217352215c15a50b65791fe0b680bea94205ac4e8f26b211280625f698eb,3306169593,0156,8,01
2025_26,f47280db65398776afc9da1107a7605cb7a201df40e0109a0a18509c3e8430b2,3306169593,0223,8,01
2025_26,2bfad9fb4060ebe95778a54325e7a3f292d8b3d084ce9df6356159be81de583c,3306169593,0222,9,01
2025_26,b9cea5129706acdb5708e79384f6f56906f0f8f315a8cfd60f84123ebad9ed2c,3306169593,0222,4,01
2025_26,cf933a5eaa45244f67884eae884d781eddda67259e94af5b840b6e7ec9caefe0,3306169591,0226,9,01
2025_26,972661a5ded9b351208d3e9d46c91f13f8b0f21cc39df20e321d725890e177b9,3306169591,0226,10,01
2025_26,93b2dc132dae5e63cf300efa0a0ce1acd4833ec2f09b7a04ca6ddff85be13b4b,3306169591,0226,3,01
2025_26,3a111abf1a7a21bf577200ea113d05c9edf3025035dfa4bf9b7e8f0a8998526c,3306169591,0226,6,01
2025_26,451fcfb9691652b0cc11cf1978d05b6ac429f6c19a9fb94c69ce0e8c0ca6d249,3306169591,1713707,9,01
2025_26,26fbf179f16297cb979067633c4ef2fe0ed66a62036a368e306d8fd7163b19ef,3306170617,1665061,10,01
2025_26,615b692a42042fbca24c874fcde9bfd1a7e6633e68af55a2454d70442d2eb202,3306170617,1665061,10,01
2025_26,0c2c743c07cbe87db69ef4db3ab14970b0f4b4767a386f28bd5e10343f363c75,3306170617,1665061,10,01
2025_26,185a80bf9689b7f20dccd28324d37a2b8593981b03fd5889d528a86d0e517140,3306170617,1665061,9,01
2025_26,e8486e1a2d14386349a57a043fa682d617eb229cdc6554d1268e98c1e57caf52,3306170617,1710,10,01
2025_26,7234520aa22fdb5caa8b2da3eb966cab981758e3231befa8e56dbc82b44872c2,3306170617,1710,4,01
2025_26,e3a75ebd29ec97f36ce8f3302bbf092118c0d38e196884799c7b81146d404906,3306170617,CVOPT,8,01
2025_26,b7f57d1a9d04a3e6007ef528923e74c6a7c626f96332ca150312fd2d1c516728,3306173995,1713472,8,01
2025_26,c1cb32b4131ca04b24d6978afba8257dbdcaeaa44bacac476447b76bedb2e2c8,3306173995,1713472,9,01
2025_26,2e66a6f71652815fe5a551e62767c77769ebdfc8e978525ae9c8055e6326a7f2,3306173995,1713472,9,01
2025_26,b7f57d1a9d04a3e6007ef528923e74c6a7c626f96332ca150312fd2d1c516728,3306173995,1710,8,01
2025_26,613b7d5c2a37c56e7764e7423d73381c43e4a53da28c97e7f192add8001b5e8a,3306173995,1710,9,01
2025_26,2bed8b63d7fc93d4354293e63f943b3d3ffdaa368162ed737662782454b565bf,3306173995,1710,8,01
2025_26,38e75f70c8cfb37616f566aa5b06524ce35ae0d2a881f05bc2bda34de5d9f69d,3306173995,0446,6,01
2025_26,72b104dd5719c53f8579320c4d908b5b707a00397e5c6e11d246c9c8aca973cf,3306173995,0446,7,01
2025_26,f3a6a572aa8dfd5d12682e0bdf14c7bcb46b45000c806e7765067e9bcc4fbf64,3306174046,0655,3,01
2025_26,2ef5f3dc4d9e9b198f70769a417efae3d20bd86a1612e14c99018c61f1d02b4d,3306174046,0656,5,01
2025_26,0cf9870fe9fd232ac1e27611a8a4ec5c9cb4dbb87dbdf318aa9859cb88f3ac3d,3306174046,0656,7,01
2025_26,a87559877bb04d535bdb35adfbc31ba61dafe1d317623db6107544a20fd39369,3306174046,0656,9,01
2025_26,33080c2143f96f4f9f6d0f176ef6d1d87a3c61b0cbb6ceb05d67d3cbfce0671a,3306174046,0653,4,01
2025_26,4d221609629a54c2cc889a926875ba0857431f12397b1a54ca04e468fc623b78,3306172060,CVOPT,6,01
2025_26,8206ce53ba6f91e07c2251815d626c29860cba2a3838e4d76a389a68a5e8ec61,3306172060,1710,9,01
2025_26,31e50edfbf662ab9e584909431c51b4e7d6deed1e2c74a78061ec9a58c3f47cd,3306172060,1710,6,01
2025_26,3d49daba5c4f953c780165526e1b476e90947883e6a50faea53ae70b9149249b,3306172133,0823,6,01
2025_26,90e11333d1fc18cd172687c94dbf8b530e5d4653baefc95838598781c89df0cd,3306172133,1710,10,01
2025_26,6c6277232e2cc6ec6dcbc11a604eee0f707d2720ff98e52a6b83033f3a50af33,3306172165,1665020,7,01
2025_26,80898bbf3c16081e89b78ffee53f978b5595d335fe9470dd35aa11379763ac28,3306172165,1665020,8,01
2025_26,362a6754483125d335aa747a3631172731d1707ae50efe4bebf613546f0c5a4e,3306172165,1665020,8,01
2025_26,8a51ee8d214208085d15559e67bc3c1b34f4c6204f1104eaf5cba58b359582fd,3306172482,1665039,7,01
2025_26,8a51ee8d214208085d15559e67bc3c1b34f4c6204f1104eaf5cba58b359582fd,3306172482,1710,7,01
2025_26,a16786f726e999c32f3eeb7c8571b768f7cf4527885f12fe1cc04e108b4e4474,3306172410,1710,7,01
2025_26,efebd2e836e756da51b1c4bf56dd09a6804345f63609a8233dd4846b5df9979e,3306172410,1665039,9,01
2025_26,b1da45ca137b661d744f20870e7c8de3a5d9a5cdfc04bc53e0c079a282d15d4d,3306172410,0385,9,01
2025_26,5d07d7c6dd68eb03f522c47f213fad93764f82641aa22d608fae7801dabd224d,3306172410,1665039,7,01
2025_26,5d07d7c6dd68eb03f522c47f213fad93764f82641aa22d608fae7801dabd224d,3306172410,0385,9,01
2025_26,48b73079c4660ac35b1e4638cc1950b62d85c757cfeaa52f18094bcfcc5adfdc,3306170521,028001,10,01
2025_26,615b8b995f6715768e1c09bca23c6b48cf9ed11e76d5b3864386824d05b3cba2,3306170521,028505,4,01
2025_26,cb7851bae955c19b380ccb7be31d320ad71fa073f8564614b2220955686dfb55,3306170521,028502,8,01
2025_26,2e06046b74a2c57560d32df9bf3703df877f19cdc3c310f810f2fa86acf7fc9c,3306170521,028100,0,01
2025_26,841556b45573535d207de38deb5f147cc2c2c84a44b014bf492e71b270c85314,3306170521,028504,9,01
2025_26,3ead738ae5596b1e8aca6f0a3a3a6f570d1fd7d8e4bd553aea161646401eeef6,3306170521,028505,4,01
2025_26,9153d6f39429dbf290fa465d00b0b75c2aa60a41839986aea1c2f522a204b866,3306170521,028502,5,01
2025_26,9153d6f39429dbf290fa465d00b0b75c2aa60a41839986aea1c2f522a204b866,3306170521,028504,0,01
2025_26,039c961773bf793190f5162ea33ef2ba5454d352c597f35f248579c0f9231c06,3306170521,028505,7,01
2025_26,a698ce3ab28744588725071882c2f05456b8cc8e9cd251fe8e9696ca04f2c85a,3306170521,028502,7,01
2025_26,a698ce3ab28744588725071882c2f05456b8cc8e9cd251fe8e9696ca04f2c85a,3306170521,028505,8,01
2025_26,bb816528a73f6b87f0edc6a461bc1a0e9d5fbdcaf34a86204d8d4a60bc3003e1,3306170521,028505,7,01
2025_26,bda256ea54b837bf330a0e65e9671f152d987a26af725fe6dda7adb8023da25f,3306170521,028505,4,01
2025_26,c3ddf6ae9243b56f4898c5306eb81b3691b99d1f63a001f94a91af3a729a5874,3306170521,028100,10,01
2025_26,b5afaf839f2a8422b0589bcd3c219073df397f05155fb0bf33df9b03e1fe7ed7,3306170521,028501,0,01
2025_26,b5afaf839f2a8422b0589bcd3c219073df397f05155fb0bf33df9b03e1fe7ed7,3306170521,028100,0,01
2025_26,87befead417eaf7598a221e90c22a4d9b8155dae7efdd7d6019f923f186fc82f,3306170521,028503,8,01
2025_26,58a78a355a8dc0f8d14cc27d867ee1cf785571b74badcd6c6362f50c12c947b4,3306170521,028505,8,01
2025_26,15c79adb9358647d39c42d451abd1570c7b1ae839ed6244464dedf8d6276d438,3306170521,028100,0,01
2025_26,f85195aef3e0186ddeb86a45974480680c5f311636ad524d129228a6dd6fb873,3306170521,028505,8,01
2025_26,3dd58e718a3c96d8b7406e13433c7930bc55c903e747611ec6ead0019ec91ed2,3306170521,028100,7,01
2025_26,6f256302cdd343707fc316fa23446b41376fe3a8c5fd0e87d4b9c57f18c7d276,3306170521,028501,0,01
2025_26,14b24882d87c7bfa16878f14d8288e45431bfba2dd34f19cb46f3e613f6197f9,3306170521,028505,7,01
2025_26,5ef69a60e3e5984c2b2d41c1f71b7dd534c79430bb3018721a34d7a55e18de34,3306170521,028001,6,01
2025_26,98d9213f705ab8b2f6291e2c25c5af23def7f55fc899f5dd9b65c84ad120f603,3306170521,028505,7,01
2025_26,ca03206a8dad5dd2b6df8a0bb98585f35760d99e43ceb6167fd475fb2e220265,3306170521,028505,0,01
2025_26,3a853aedb3bb5f722608f0aef498b0301b761f81e28e7a5eae0bf0a9a2af9e62,3306170521,028504,7,01
2025_26,115f95f994847ad1a62a2cb1fa9ce17f40f39cc4c4b182aebb853810bb938cfb,3306170521,028501,7,01
2025_26,67a9be4b2e282f333bfaece21b461c7741b7c8c09a5d238592243f4a945632ba,3306170521,028505,8,01
2025_26,fb649d98f8d2fbfbe7d77989bf9dfd1d090e481b4be1c1739743d905e2a22a96,3306170521,028100,10,01
2025_26,9c57203687222f6a366ab584e07fdd297fb72e45be919693a6521c9034ef4d23,3306170521,028502,7,01
2025_26,b6498a9e99e235ec4c3b2716174ecfdbb483d0664df0442d9b325d691e06df05,3306170521,028504,7,01
2025_26,016926cd0804d57fe183f553db2ebf142155501abc059e0436729e464f04f409,3306170619,0179,0,01
2025_26,016926cd0804d57fe183f553db2ebf142155501abc059e0436729e464f04f409,3306170619,1369,0,01
2025_26,d0ea10679b889b78d4dcfe23d05d9a1f3a5d276681e4da47c12815a11605060a,3306170619,1367,8,01
2025_26,15b96f395e4a9b4284bd3d279425ca20fd94bbf2455856a64cf52ee22cda2c87,3306170619,0179,7,01
2025_26,8e14f8473a031e6fc8f0a78a852f8517c0b054f2b6e0a7647dd0d5f866be54d6,3306170619,1375p,10,01
2025_26,79db9180189dc395a91381b07f6305d49f650def623257e3e4f0980cf0b95bb9,3306170619,1367,4,01
2025_26,3b78022f36e9e8bd27b66d3ad21d730880c105a69952d4a13673150a2d73e968,3306170619,1367,4,01
2025_26,d2ad385152055962f2d99bbc16a1c3325852dd3db06ac97c60b48cab21840f31,3306170619,1367,0,01
2025_26,33c6e4c027f63adb60292d14cbde392baa44d6704eb1a1dca58e64b58ad4e038,3306170619,1368,4,01
2025_26,241667b006d43473579d2a4776eadbe78a6b7e419cb18eb79a9d7f0a89b664ee,3306170619,1368,8,01
2025_26,91356baca2338102b59ab27a8da7f986daba6e7fb0b632cf723c23dc6ee6cf7e,3306170619,1370,9,01
2025_26,311e8ff4a01a8161ea999a97f3979369a7c7af86a1faa604c70d7cda054d7275,3306170619,0179,4,01
2025_26,311e8ff4a01a8161ea999a97f3979369a7c7af86a1faa604c70d7cda054d7275,3306170619,1368,7,01
2025_26,76879a9c2b070ca3e877bb93c604134e0e68e5abd971dbc1a537683aea4004e8,3306170619,1367,0,01
2025_26,855dff481201f4c6ba45de221a2c23a88b5aaf24670787c9b6602a154ae3ac68,3306170619,1369,5,01
2025_26,2df9d463129e4d05e3f33b2c232c18b367b30c21d40eaaa2ca09e9ef22aa148a,3306170619,1367,4,01
2025_26,ec4fa9fbcaa6765193a4c8804c21ab63a15f31794a78bbd94af78f7d7e9c568c,3306170619,1375p,10,01
2025_26,76b71d9428ab01fb5e50ea91f66efa74849370f4775daaeb5e0bb9e8b6b975a4,3306170619,1370,9,01
2025_26,4e29f106ffa263a6061238e3176383841258ab098d5a70d43c58529d77807abd,3306170619,1375p,3,01
2025_26,4e29f106ffa263a6061238e3176383841258ab098d5a70d43c58529d77807abd,3306170619,1369,4,01
2025_26,ab7c5e7f3488e631d96d1a47445b5ce803fe312c3c6cae0eb29e2419eb05dbb3,3306170619,1367,7,01
2025_26,ee6ddb91a625f7d001fae8e0f554d2c79a2eeb0b540bc586b44474bfa5882cb5,3306170619,0179,6,01
2025_26,82cbd2a4e9e7996bae3f368994377b400f3d39a56ce530c0cb03fc5ad8a1af97,3306170619,0179,7,01
2025_26,82cbd2a4e9e7996bae3f368994377b400f3d39a56ce530c0cb03fc5ad8a1af97,3306170619,1367,7,01
2025_26,0f43ed258bd1ed44c2f16fd9adbed7052398fae62027cef6c18285515b932ecb,3306170619,1375p,10,01
2025_26,0f43ed258bd1ed44c2f16fd9adbed7052398fae62027cef6c18285515b932ecb,3306170619,1369,8,01
2025_26,586ab46864d00f1267ea22a38dc946bba5304ff52a110c87b950521b3361cc8d,3306170619,1375p,3,01
2025_26,586ab46864d00f1267ea22a38dc946bba5304ff52a110c87b950521b3361cc8d,3306170619,1370,1,01
2025_26,586ab46864d00f1267ea22a38dc946bba5304ff52a110c87b950521b3361cc8d,3306170619,1368,4,01
2025_26,577fa898f066a5081c7b314e264d90bac7c5b5bb295b64a6d60e183584cc6b86,3306172484,0181p,5,01
2025_26,577fa898f066a5081c7b314e264d90bac7c5b5bb295b64a6d60e183584cc6b86,3306172484,0179,9,01
2025_26,577fa898f066a5081c7b314e264d90bac7c5b5bb295b64a6d60e183584cc6b86,3306172484,0174,1,01
2025_26,bb04a9e420b4e2f2e8b01c8dd56cd689cbfd5c54c457ba20c9229edf8c6c5a2e,3306172484,0174,4,01
2025_26,3d5145adddab824aed143996a74a489ee218827a6b487acfaf0aa616f788843e,3306172484,0174,0,01
2025_26,001b13a7ccd54646deda0e2336a737d10cb14c55e95f229b72b745a8c1783a8e,3306172484,0177,0,01
2025_26,860a875d52ff463fda2b259dccb9fd6408ad5fa250fb6bd4baa139fed5df1282,3306172484,0181p,9,01
2025_26,a03b1de068503a19b0dbdbc1ff79ca367b32d609fecfa55f8d78fc4cd313d549,3306172484,0181p,9,01
2025_26,a03b1de068503a19b0dbdbc1ff79ca367b32d609fecfa55f8d78fc4cd313d549,3306172484,0173,5,01
2025_26,84123aabb04b3d023251b08ffacfdabf2d45830cd611035c0c30dd79a3d27115,3306172484,0179,4,01
2025_26,a2851ce55df13f85f4b927d9efa11f3de6d85ef12d7b096542696a2c6cf7a690,3306172484,1709,0,01
2025_26,a2851ce55df13f85f4b927d9efa11f3de6d85ef12d7b096542696a2c6cf7a690,3306172484,0179,0,01
2025_26,179bcb47efa07209af941aa93953a39bf55a67078269246da2014a4f9330fd65,3306172484,0179,7,01
2025_26,179bcb47efa07209af941aa93953a39bf55a67078269246da2014a4f9330fd65,3306172484,0171,8,01
2025_26,39f119c6205fa1b6a149ca85cb628d731b3ef8ad9b6c3c3b336219806ac4769a,3306172484,0173,6,01
2025_26,24954405527efcf1156cb40f5cf5d303fbdb2840c01c450c837b3737b6582aab,3306172484,0171,5,01
2025_26,7f235497405564ee31daf2af1d273c1a8c261f97aa837250ac5b9116bc9e16bd,3306172484,0181p,0,01
2025_26,75daab61b41e8783fa9beabfd25a87ec8c1f2d3dd1b58b6feddad69b43b52999,3306172484,1709,7,01
2025_26,75daab61b41e8783fa9beabfd25a87ec8c1f2d3dd1b58b6feddad69b43b52999,3306172484,0172,9,01
2025_26,8afe0981f85cbead344db403e2609811041eadd2ca3066d4d3cbcb29c7e3ae5b,3306172332,0172,0,01
2025_26,708c9514c5e3bcaf44fe1d5968e7cd99299df1500c4075c0f9f1dc03e78abe85,3306172332,0179,8,01
2025_26,2441a618859278c4696273380e492c6cfe3d98a5784f18b672f5ef65e2117a01,3306172332,0172,8,01
2025_26,e54e65978c80b80107214ceaf261d716a76c668e49c6543ba496410238fa0d76,3306172332,0384,7,01
2025_26,fdf285ec84c307e540dd1357d50cc29cb637dd72f0c152772e0262dd4a5ddd72,3306172332,0400p,8,01
2025_26,fdf285ec84c307e540dd1357d50cc29cb637dd72f0c152772e0262dd4a5ddd72,3306172332,0172,10,01
2025_26,6875e2615a6ff3348abef167d520bf04eada2f0143e9ae4b7bc2cf80266694db,3306172332,0171,8,01
2025_26,a04a47effd9c495c71eaf0e6896400eb8a5b33a3358b3f3e7a08a7901006a375,3306172332,0171,9,01
2025_26,a04a47effd9c495c71eaf0e6896400eb8a5b33a3358b3f3e7a08a7901006a375,3306172332,0172,9,01
2025_26,4d396e492ae51d2c9fa4a78a95d6bb178e813ff511f5d9a45b54100542a4dd34,3306172403,0179,7,01
2025_26,05e47021fdac03b363a54fc393073f06fd3736b9f71c0dbb88306ec68b01489a,3306172403,0171,7,01
2025_26,0e3cc32a7bdc6379c6d2c3f73a90e971371d1b64df6fe42a11058cd89f94739c,3306172403,0171,7,01
2025_26,0e3cc32a7bdc6379c6d2c3f73a90e971371d1b64df6fe42a11058cd89f94739c,3306172403,0383,9,01
2025_26,90664ab00d95b16d0becfb398df3219490a039e16cac828ed6e3cfa63faa61cd,3306172403,0179,6,01
2025_26,90664ab00d95b16d0becfb398df3219490a039e16cac828ed6e3cfa63faa61cd,3306172403,0384,4,01
2025_26,36f4a0e5e6c88186f72e6f51f83d245b0353463ac5a7280a45ba4ff66b2f8e9a,3306172403,0383,8,01
2025_26,36f4a0e5e6c88186f72e6f51f83d245b0353463ac5a7280a45ba4ff66b2f8e9a,3306172403,0173,4,01
2025_26,1fe342b058528873edffbabba05604ceb47e07f139eff186a774d4f414476061,3306172403,0383,8,01
2025_26,52412faf76719de313a2c94b88f2309ad68ec1c8aca689514a6291c03a6f6a31,3306172403,0179,6,01
2025_26,051be607fcc51ef1e7da6c10925fb5e50cac5af2a578076a2474a0b453884a27,3306172403,0384,4,01
2025_26,79292bafd2903c6fe707f48e2ac3f36a5dcca0026313ef42f487c9fc642f8ad7,3306172403,0384,3,01
2025_26,0d36490a2af88aeb7e5411190a3f6befaf3afd8c21c7778350d71f084a8de905,3306172403,0179,0,01
2025_26,0749dd7d42e7ed184c0b2d2cc77c3cbd8dfbe7a5663691c312dd8d107a835f6b,3306172403,0172,9,01
2025_26,60639bfb5dc9abbcf6a49860321a2a054e505585ff525aba56b047b8270d5d0c,3306172403,0384,4,01
2025_26,f714c01431e10a233b40e709331d3b183c21da87e24794c424dcb9041909ac21,3306172403,0171,5,01
2025_26,f714c01431e10a233b40e709331d3b183c21da87e24794c424dcb9041909ac21,3306172403,0173,4,01
2025_26,3a46280747e6661344b9d4ebcdaec4e73b009c94d891386f8e5ef93f24197f1d,3306172053,1232,5,01
2025_26,cd9cc0164e0ea3df63044883a11048dd28f6bf07413d9fe26d642d097a058e5c,3306172053,1233,7,01
2025_26,9f9afd4aff4e441a8659a752e2d513de54ca75711680dce390dbb0e0e77b1060,3306172053,1709,6,01
2025_26,be86024b185c2777f0285e6434c636cab8a3afc385926385c1deebb1a5fbd1ea,3306172053,1709,6,01
2025_26,ae66f5d287c808d91ea29f466052db9482cfbc42d5036b09839e1d0db43a0cb1,3306172053,1709,5,01
2025_26,810cff84a829f9703d343e10a7194e15886c6b1f101bbcbf1c5ff121cbd9b5c6,3306172053,1229,5,01
2025_26,2c3a3022cdbb2cb7cfdf2524a1eaba5bf665488a7a37b17a15357e7aab856544,3306172053,1233,7,01
2025_26,9d814ddad12b96831dc5e3c8875cecb386580b8c7973155f7d6db152073ed837,3306172167,0930,6,01
2025_26,cd85a75073090be1dce0a50ea82bec285f5cd7e5d17def7328bb568f7ce4d30c,3306172167,0931,10,01
2025_26,44fbe4406f1b76fa3f458ba7b37ade29026e9e51240748b6d6d326d077083229,3306172167,1010,6,01
2025_26,cc065d6e783097cde71b8227e21c94e755d69b99650343af9facc7414235769a,3306172167,0623,4,01
2025_26,1c392a3a3a8adba8848e7edaa1a766cf9b384796c53974412f3b1dca325e604d,3306172167,1709,0,01
2025_26,66acb78e0f2f532fc48be30f026fe4e7b9dc40f8b88aa7a570489f5aac96a3ef,3306172167,0623,0,01
2025_26,a6d91449ce19fdefa764a2ca1b330091e37a585bfa65a08cd298768b45c0e25e,3306172167,0623,0,01
2025_26,a6d91449ce19fdefa764a2ca1b330091e37a585bfa65a08cd298768b45c0e25e,3306172167,0931,0,01
2025_26,da5f9d93567899e0c4b7ed339e91585837f37cf76db08ef801f2e6beaf593760,3306172167,0931,9,01
2025_26,ff433c34c1eb6d8569c874829c7ffd5a2291f378669ad2025956397b123a3950,3306172167,0930,7,01
2025_26,ff433c34c1eb6d8569c874829c7ffd5a2291f378669ad2025956397b123a3950,3306172167,1010,7,01
2025_26,45dc16b16fc97478054d54ae70fb28f4d615a1ad84f8bb5a4b976189f44f0f14,3306172167,0179,9,01
2025_26,0e8210aacf83f98e8fbc544a15b9dd6b86ede02ad3e8092e8c825233d5823d3f,3306172167,1010,0,01
2025_26,7ba5fec4c68b2ffacc3722aa61739710ef2821f659a389e247a34ac0ec422157,3306172167,0930,4,01
2025_26,54c4944fa6b1588458c7e489e8e3fcb17bc811203ff6765923b891968b8eecf0,3306172167,1709,0,01
2025_26,7f5aa83c55c9f8732fc96953899d8b7e01b6956d5c4dfdae4445b264ebc42047,3306172167,0930,0,01
2025_26,ee9e61a0d0d7431397da38aae9d312fd99716fd5b51f732372e5df76ba315e22,3306172167,0930,6,01
2025_26,8d2adca43796ef1e91145b4acd880aca05d011c199a09310edb2458df635094d,3306172167,0931,8,01
2025_26,b22ebd4eb75cbe3b0ff7dac7fcc8fdb3a16924a4e8bfbbb082ec2496a6f471fc,3306172167,0931,8,01
2025_26,f21577308bb1f08b2e6a1d707efd451f73bab471daca1b8787025ecfe043747a,3306172167,1012p,10,01
2025_26,29807ef81aa8412b3d9068732861b3e6e760e22c893da83a7514f91ce9031e82,3306172167,0179,9,01
2025_26,eac642876d4d82fc5096158360f2b64301519f81425a8f37c6d213a7403b0c33,3306172167,1709,8,01
2025_26,c23fe6438377952a8ec708b5d926a9fd9193a1f756ee34d0638bf17d75b2104a,3306172167,0931,9,01
2025_26,5077e07b0b966bda3a785ee57cbf6d66d171a0cc2b32eec3ea267de1ad3af2d7,3306172167,0931,6,01
2025_26,ce16b7b7369d94449728b40c500cd789835d6a31f490474148d5192474d113ee,3306172135,0623,9,01
2025_26,f721361d30181ea367549f862721d0b0e50c81a28093f8aa614ab6d0a3b9108b,3306172135,0828p,5,01
2025_26,f721361d30181ea367549f862721d0b0e50c81a28093f8aa614ab6d0a3b9108b,3306172135,0627,5,01
2025_26,67418173869781eac2aa4323678d91266792f5efcc6ccb156c04e31feedc923f,3306172135,0622,6,01
2025_26,67418173869781eac2aa4323678d91266792f5efcc6ccb156c04e31feedc923f,3306172135,0625,6,01
2025_26,f3bf10de5a266d45775e942b9b6283964cc21b316a5b69b15513d8fd7d33e313,3306172135,1709,9,01
2025_26,fbc13b227bc0c3115d765c5bd383806cdfc71a33b6fc698a54cef6ff5d0d5462,3306172135,0627,6,01
2025_26,4a0be8352ee1bb77c6e23382dca2bd6746e56f20901f0ffc11c1e99c64f8026c,3306172135,0179,6,01
2025_26,56db3247627ae2c8a9f1de02cc22e02ebd36090868de7d525550c741db5e9417,3306172135,1709,9,01
2025_26,7ba79957534e0d56c4984f7596b16921af49ffd490210b4545587de27a230f40,3306172135,0179,4,01
2025_26,7ba79957534e0d56c4984f7596b16921af49ffd490210b4545587de27a230f40,3306172135,0622,7,01
2025_26,71c8d9ce59448e78a72305c19facd6ec166f86f858eaa85c14d6b9bc4e08c387,3306172135,1709,9,01
2025_26,71c8d9ce59448e78a72305c19facd6ec166f86f858eaa85c14d6b9bc4e08c387,3306172135,0623,7,01
2025_26,0a4a85a56a67cc069b028d7a02d5e0d9c13cc050abc682925c584a06024159af,3306172135,1709,7,01
2025_26,0a3c60d85008a3ca5f20ae02c4b1dbc0b0b2d1a3f6b21f251c374ca63b74e975,3306172135,0627,8,01
2025_26,ef9df7a74a2ed9ac96ac3318cf96b76fe381433ecb9193bd0196014a6208881b,3306169433,243267,4,01
2025_26,ef9df7a74a2ed9ac96ac3318cf96b76fe381433ecb9193bd0196014a6208881b,3306169433,243266,7,01
2025_26,9a6cc632fed6e081ecef233a8ecc050d1c21a9348ca284f2df370e306f5b0540,3306169433,243264,9,01
2025_26,3e351680c1ec3a97b4dbcfa67a74a39db93cfa26ae27f97f33b12f26abfbbd85,3306169433,243264,7,01
2025_26,387c258ba37317c6783bb15642af9ac44fbac2d1700c6f86ed5d1a0d8fcc92aa,3306169433,243264,9,01
2025_26,e4f80a872e5669bc72767e644d3deb5fb308c6dc5686e6a2333c9af027d50f04,3306169440,243271,7,01
2025_26,b80adf6418b64e37d4b547b0c6fb8aad9d6aa232516bf63bc9d07558c142232a,3306169440,243602,7,01
2025_26,83b3ddc6c475ad4e220122c9875e12ae30c6292ad905b4883b99e3b188fb0c0b,3306169440,243602,8,01
2025_26,cbf9d5f0f347bede72636f524c4ac3b5b3def2d6fe54a186807f07644917eb31,3306169440,243270,8,01
2025_26,8ea11700f83b99e28251f894e5147dc9d7b5681b62afe58e901797dbd7a857b3,3306169440,243602,9,01
2025_26,7ad5d79f2789ccdf6327086b96195426cd2067dac2c2a7238174e3f1ebf01e22,3306169440,243271,7,01
2025_26,31f6368d845d2b9908537c1685f6177d5e237c8aa2d7240ea3cf974ddec160fb,3306169440,243271,9,01
2025_26,0b5299c8463d52c297a16eff68cffe3260fc48ced964815d9c6b58b8f3f930dc,3306173997,0439,8,01
2025_26,a3ba243a30e89c399e77472295e92dadfa68a9a8df4401c3569ea15a60eaebe8,3306173997,0441,9,01
2025_26,a3ba243a30e89c399e77472295e92dadfa68a9a8df4401c3569ea15a60eaebe8,3306173997,0156,9,01
2025_26,c6ae007bba9122296320f13a7a7fccb996ad1ce6d71157ea0fe0b18897debb67,3306173997,0437,6,02
2025_26,785b588c8c1f7ef4bad1fc659a28ea4bf9620355791976500a552a8d07d77ef6,3306173997,0439,8,01
2025_26,c95621294d444b7ad01d9fa148fd2c949593e54a0efb9bab582ea7c3721530a1,3306173997,0156,5,01
2025_26,82f4cd82df5906af29b89396af141a505bcc8a7ccbd1d2e071a4fbf9230f5120,3306173997,0437,9,02
2025_26,dfe72718a8fa8b613c48b3fb50ab1613df452fadc557b00be7d0c17f8d8e3626,3306173997,1709,9,01
2025_26,4cd7dbdd62e45a9f6d8973133641230dca95ff6cebd23d5a888b912f54e28835,3306173997,1709,9,01
2025_26,4e1d1005ebb3119a75fc83fe1c1d4f6e5252b66900315b7631025c6ebe4f4229,3306173997,0438,7,01
2025_26,af673f9bc4b85f6c3fb335b0844087d4346f0cc8bb99a557f9f46f3a550b5b7d,3306173997,0438,7,01
2025_26,88819fad11756b651772d10821d253c349fc80d15c728d4c5b3efba2bd2c6d26,3306173997,0441,7,01
2025_26,88819fad11756b651772d10821d253c349fc80d15c728d4c5b3efba2bd2c6d26,3306173997,0439,8,01
2025_26,01e3f64bd51485d35b24211fa6f02d4154380cff02ed6f4751286546b3d9b7a5,3306173997,0438,9,01
2025_26,44bb3b50f94143e18209aadd9fc423192475c093e844d232cbe4cd567698009c,3306173997,0438,10,01
2025_26,d2666d7807c3ac6f7104ca6bbb16acf3193d5fdd49cdd4fbbb70be1d4a0155fc,3306173997,0437,7,01
2025_26,6feb54b641bbe5377f97f2915023ccabd0c3657a3a0b85b5b2ccdf62acc14180,3306173997,0437,6,01
2025_26,e03ae84a3d1bbae3bc9ffaf91c107620b079c1ce8a950b9ea858c3bcadbc4adc,3306173997,1709,9,01
2025_26,76976ed4eb017122d705ff8b352d5f6e5da1350dd9e83748f08caab535ef3d23,3306173997,1709,9,01
2025_26,76976ed4eb017122d705ff8b352d5f6e5da1350dd9e83748f08caab535ef3d23,3306173997,0439,6,01
2025_26,dea732ff1c7139002d78f9f7e650187e5a1a60f55c81b87df27f137f2c953286,3306173997,0439,7,01
2025_26,dea732ff1c7139002d78f9f7e650187e5a1a60f55c81b87df27f137f2c953286,3306173997,0156,6,01
2025_26,e4993eaf559316a4420008a77be12def37de26dc2aebe9542094625a0d541be7,3306173997,0437,7,01
2025_26,631f426be1c54d8a10cb4eb24239b4f3a8504652ddef0fb451cf5235db7fdabf,3306173997,0437,8,01
2025_26,6758f5550724df4504c56397b78503b6c9e2f9cdada4fa92d5be4dc7b4213260,3306173997,0441,10,01
2025_26,746b21f0c5644caedb58be2450afd9764fe2cdcb4eaf78547028bc4be2976f5f,3306174048,0657p,7,01
2025_26,746b21f0c5644caedb58be2450afd9764fe2cdcb4eaf78547028bc4be2976f5f,3306174048,0648,5,01
2025_26,5d35bcc04a8a8c531fc3fd43b6612b695f283bd6c1385c6107e7af6b2cf6df25,3306174048,0648,7,01
2025_26,4b9859e3a109f7926a75642d0dbe23f108099475d85fda747f555fe0ac842430,3306174048,0657p,8,01
2025_26,4b9859e3a109f7926a75642d0dbe23f108099475d85fda747f555fe0ac842430,3306174048,0647,8,01
2025_26,7f4dcd935b9cd442dbff4911afbe1175635788f67851fba06d2a1b570c12c3b7,3306174048,0179,4,01
2025_26,259e3a7e85d42000c0407c0541f1531cffe100dcc14ac66e14085f91f456eddf,3306174048,0179,8,01
2025_26,259e3a7e85d42000c0407c0541f1531cffe100dcc14ac66e14085f91f456eddf,3306174048,0651,8,01
2025_26,28b9f2465556f037d48935028f3bd1c24740d1afa3b7d5fa28a29473976dcb34,3306174048,0657p,7,01
2025_26,c97fc31e1e1c09a2307cd60fed3cee2d29cb07677d19f3b16094d09d238f749d,3306174048,0650,6,01
2025_26,88f742bd9ef7e77b0c34a01029fb0598e3b818e6b6e2a023cda021ab03aba01d,3306174048,0650,8,01
2025_26,8ab6c1228327b705e1790f3232dcb1d9d4aac248cfe99e88c18b4adc5e709823,3306174048,0657p,0,01
2025_26,7ace8404accee77e58ff5c84ea986329e54fe9bb2c8af9410689109e91a20e25,3306174048,0649,7,01
2025_26,0fe3858f393b63931a48cb0a11665cc15e78869df39db723517400a173938b62,3306174048,0651,9,01
2025_26,dfced5735d0491accf35c8d22aa2113e742b52d286fe536a9f0d63a549ab0476,3306174048,0647,7,01
2025_26,301e23a9e517dd9029a91b326c13fd34a76b173595ee00de976acb07a8da7afa,3306174048,0649,0,01
2025_26,3119a899d1f8adbdb38d33322d64dd0c315d8d78abd92ebaa5994f505f82e1e5,3306174048,0649,6,01
2025_26,e6a9ce4b45a4bfdaac8da7d961333a634dc084b22fe2087174afd7d63afcf340,3306174048,0650,0,01
2025_26,516200967fac07b86bc69c8fefa2f1494fcc6262de2ec9f49e4453104344e2b9,3306174048,0650,8,01
2025_26,72427340d156cfa5d3bff484691d891dd082b245d18990f94dc761e6169fd462,3306174048,0648,6,01
2025_26,0b907759cfddadc2676d686458d1a07c559d890e5b75f33e5aabf29c4e2e351c,3306174048,0647,9,01
2025_26,dfd6cd2d7dbdc135f89772cab1f8c654a087a4856c7c9ce08d3698fff6cb84a9,3306174048,0648,6,01
2025_26,da0f53698eeb3574347e384758155cca56d7ef072b005c1f9a5926a44323af88,3306174048,0650,9,01
2025_26,a9690538725d1bf2c36632a334bb95cb1c3edc1587c6d6773fc81c9a13b35201,3306174048,0651,7,01
2025_26,1d31bcb25f551fcf6244c79d9618f76621792691b92239811fce1643519aac90,3306174048,0650,8,01
2025_26,09e345f2240b0daad255f253204d36516bf66b770a9ae8ebcc1e67e936d287cd,3306174048,0657p,5,01
2025_26,09e345f2240b0daad255f253204d36516bf66b770a9ae8ebcc1e67e936d287cd,3306174048,0650,7,01
2025_26,09e345f2240b0daad255f253204d36516bf66b770a9ae8ebcc1e67e936d287cd,3306174048,0647,9,01
2025_26,c6c9a9747bb554bce90bbb5ac6a2740111b27d1d572e1d0a07ee0ff1d9911f9e,3306174048,0650,6,01
2025_26,c6c9a9747bb554bce90bbb5ac6a2740111b27d1d572e1d0a07ee0ff1d9911f9e,3306174048,0648,8,01
2025_26,e0d2bd9058f7d603d6e9c2775650340c6f126ae2fbb6b75ac2c2d08940a9eff9,3306169744,0373,6,01
2025_26,5799d2317bc92b24819d419a013c394545c9c567d520a8add895dc8da541f26e,3306169744,0370,6,01
2025_26,d168ac375fa0c9e2fe709a71e25ebcd6569efabad2140cc94550c618be93b324,3306169744,1709,6,01
2025_26,d168ac375fa0c9e2fe709a71e25ebcd6569efabad2140cc94550c618be93b324,3306169744,0379p,9,01
2025_26,f903e1554284e19278483168367070a0efaebe8b738c2cfaa4ca8d5bb1e5a3de,3306169744,0379p,9,01
2025_26,4158f447a7539f464220b10801ddbb1271d4c1ca3a4b51bbdbb69ad902105f6c,3306169744,0371,9,01
2025_26,230c7dcf7b05175ef97151f2cf230cc290223e3ac2c54d0bb576cea5f8ee98e1,3306169744,0373,5,01
2025_26,f01785da7bac5212fb248201f3ae61fc19674acad246c0a7a93f3a4099ae6695,3306169744,0379p,10,01
2025_26,f2bbc66bbf9f37f06cc3dfe420671c7df8704372f850dd94d6bdd6dbf498aaaa,3306169744,1709,9,01
2025_26,5471ff231c6295962e7f8f1607cb2d3d1b50a1062bca01dae2195138920d2c00,3306169744,0372,10,01
2025_26,5132140f311395bb90c39a96567a53962f24db07e6ddbbd9cc8eb114e9ce516c,3306169744,0179,10,01
2025_26,7fa333ecff9c754014beeea2afb8f3ff300d9e15f6060a6be02955c94216e4c0,3306169651,0485,8,01
2025_26,e7dc4209404cb5cc1eea33a9b118f2662946ed820f704695465ffc543b55231e,3306169651,0483,5,01
2025_26,96eed9d1dc68d145cfdb31ffb4d9fa80c0b7c24c9f4fee70a0fa888c25e22831,3306169651,0179,9,01
2025_26,2ee363575015a5fd983f00c2f6195e745236e5999b23e9e23b803f74761c74ec,3306169651,0179,10,01
2025_26,2ee363575015a5fd983f00c2f6195e745236e5999b23e9e23b803f74761c74ec,3306169651,0484,8,01
2025_26,10d4e7f9d6af776fd91779dfcd1b59493e4cccbea0766fc0b90ada402c4f34e3,3306169651,0179,3,01
2025_26,cf8bfad29e6fd74819f0cf4c10deeb7cbb2e6d44dfeadac12796a294c1c55a7e,3306169651,0484,6,01
2025_26,669fcbeda710201f5fd11c75e45714326f98f7976a5094020301695e106db8a4,3306169651,0373,10,01
2025_26,d9f41ff462b6b2d3296ecef8799441d2091e2c35520aefc3f23aa1900a58ae53,3306169651,0616p,9,01
2025_26,81502b77746a7e90a1473731fac1ac48bd5b41016d506ce8b3c940c51cef5c4a,3306169651,0483,6,01
2025_26,8f888b395955d255e4a39c3fd880d2b2d87f6ef203a54d03fe597bd2f1752bd0,3306169651,0179,10,01
2025_26,7a026f0bf74ae52c2d253369127d67b8147cd6d58d1b8cb1697b05b9d0f7a9ab,3306169651,0373,0,01
2025_26,7a026f0bf74ae52c2d253369127d67b8147cd6d58d1b8cb1697b05b9d0f7a9ab,3306169651,0485,0,01
2025_26,bdbc1a8276fa82ca8995eeef1d32afd3b177e7267e3c99155168d4d0436e1741,3306169651,0484,0,01
2025_26,826391349266038923c3e20caec6cef0af39e2204a3e90eef18e827eca08570c,3306169651,0483,8,01
2025_26,93492738c7c3194e944ef91f483afbccb5e4c091ef5619d676a3413d04d8b87c,3306169651,0487,0,01
2025_26,3fee0f2d8d9164f6781fddcbcbaa74bac3147f6db473d8e698b6561a72923e56,3306169651,0483,7,01
2025_26,00294639d38f54b740cae7137cb094cd74635005a241b9805cd9f91a99952fba,3306169651,0485,8,01
2025_26,00294639d38f54b740cae7137cb094cd74635005a241b9805cd9f91a99952fba,3306169651,0484,8,01
2025_26,7cae0f896ff36f0012d755afc2d552983e6a4c729486688b34fb3f126e765a4d,3306169651,0485,7,01
2025_26,4aeb981a6a6a729f913c85c3b69fb6e6850a42e5d7ec38a896e147444c0cc7e2,3306169651,0373,10,01
2025_26,4aeb981a6a6a729f913c85c3b69fb6e6850a42e5d7ec38a896e147444c0cc7e2,3306169651,0487,10,01
2025_26,4aeb981a6a6a729f913c85c3b69fb6e6850a42e5d7ec38a896e147444c0cc7e2,3306169651,0484,8,01
2025_26,8054c6e0476794e30dd745a77398ecb1bc638ee6760945ec2a0f161e6352860e,3306169651,0179,8,01
2025_26,c9cfbe96940988702f1916e3a0f4629e0876c7bdec39928605df2a5b824d0fef,3306169651,0485,0,01
2025_26,ef6cab817e2f5103d5224cdba786257167240ca0b3ec1c67983bb9fe70064cc7,3306169651,0616p,0,01
2025_26,c7ea8347822517daf10bef47363e83b60f2d6fe85c91fdc3e47d5a3170ec2cd3,3306169651,0373,9,01
2025_26,c7ea8347822517daf10bef47363e83b60f2d6fe85c91fdc3e47d5a3170ec2cd3,3306169651,0485,8,01
2025_26,42aa98471b8bdd8a90a522888480b7ae7fb42d954b81b107863bb1d6f6c0b30e,3306169651,0485,7,01
2025_26,ce045cfc530be71fe755bf0a6c018039ddf4d5cb15c342bba6cd8ff4ad4b517b,3306169593,0222,4,01
2025_26,65dd2a914e473a6f5a4fe6d55d59a1adbe87f5e83563009ab7cc6a2d233499ee,3306169593,0223,8,01
2025_26,65dd2a914e473a6f5a4fe6d55d59a1adbe87f5e83563009ab7cc6a2d233499ee,3306169593,0221,8,01
2025_26,12d8981d25d9ffcaa861d706ccb26fce00dfc97746500d9d73e9b776e9fc35f4,3306169593,0222,0,01
2025_26,59c699fa25069387fef2adc86da1c68366a9797e0d40d3d734725f0079715bea,3306169593,1709,7,01
2025_26,564fdfb0dbed48f2553890b73f56423148084a5bd88d27fe0186a496b854acd8,3306169593,0222,0,01
2025_26,564fdfb0dbed48f2553890b73f56423148084a5bd88d27fe0186a496b854acd8,3306169593,0156,0,01
2025_26,9673d5b87abeaf830663453a3bcbaaf54332910bc9d68c338b6f559a245819ff,3306169593,0223,9,01
2025_26,9673d5b87abeaf830663453a3bcbaaf54332910bc9d68c338b6f559a245819ff,3306169593,0156,9,01
2025_26,0c82d1b7bb2d719eae7d56062f60e58af95acc9306c2ce5c19a684c6b7421116,3306169593,0222,4,01
2025_26,d33d217352215c15a50b65791fe0b680bea94205ac4e8f26b211280625f698eb,3306169593,0225,4,01
2025_26,a2a701f2889655ebdf59e42e41668e039160544a1b836f89f23ff139b81f61c1,3306169593,0223,7,01
2025_26,6595bc3d5ccb32c09b5227f7d96f3e7c870795abe37443fb13e3a9b09f664645,3306169593,0221,6,01
2025_26,08b4e716be694a0d06d911f2c82f4be6636505a5b58febca8ab364021dbfc10f,3306169593,1709,5,01
2025_26,5b603f43f6da8da457b566e13a1e6532a543815877a1b3f29b076de940953650,3306169593,0221,3,01
2025_26,cb22b35cf7d5fa87ab53e32a2e0e8fde97cfe73392aaf4a982d1582a915ca377,3306169593,0225,3,01
2025_26,3272e0ba26c370c4425d1c133230690d9ab8636361c7c7138e84b8abfe3bc2a9,3306169593,0222,0,01
2025_26,986ea345b8c0f642d97dd03949254b5cccb491e1291ba3ce8a4033014faf7622,3306169593,0221,7,01
2025_26,986ea345b8c0f642d97dd03949254b5cccb491e1291ba3ce8a4033014faf7622,3306169593,0156,0,01
2025_26,f815127661d6f87d2032bac4c55120edcd952489dc1f8de4497dc9ee12339a51,3306169593,0223,0,01
2025_26,cbb720b6857bb3d96bfca740ea7c94ad75ff5a6aa911d15f5a3610f1f187216d,3306169591,0226,8,01
2025_26,cbb720b6857bb3d96bfca740ea7c94ad75ff5a6aa911d15f5a3610f1f187216d,3306169591,1710,6,01
2025_26,451fcfb9691652b0cc11cf1978d05b6ac429f6c19a9fb94c69ce0e8c0ca6d249,3306169591,0228,9,01
2025_26,972661a5ded9b351208d3e9d46c91f13f8b0f21cc39df20e321d725890e177b9,3306169591,1710,9,01
2025_26,55065ac001cc44138a2be476c6f71a186d58c7e63b673c5d634a4ccf6cba9fea,3306169591,1708190,10,01
2025_26,3a111abf1a7a21bf577200ea113d05c9edf3025035dfa4bf9b7e8f0a8998526c,3306169591,1710,9,01
2025_26,3427aab0bbced6f91552419e1f42eaf7e2cef6bf5a8c1707cf1c2abf5422e987,3306169591,1713707,9,01
2025_26,f9e6a2cc80aafe38b3543b1e81ca59e44e8bb707a5b2f29a87758354d3ffda01,3306169591,0227,10,01
2025_26,f9e6a2cc80aafe38b3543b1e81ca59e44e8bb707a5b2f29a87758354d3ffda01,3306169591,1710,8,01
2025_26,4f249067ea2db7f9eec53b8ba44fa8b903b2e5b3c4128b8d831b0bf08dfcc47b,3306169751,1708190,7,01
2025_26,2f3b973e2c58e5e89b6cf7408df34a45b0a3182aa3ec727bdb0d513622a443d6,3306169751,CVOPT,10,01
2025_26,1915452ee704091b5b6b3d1dcca4f67aae2059e4126a7fff35a8320973c46780,3306169751,0376,9,01
2025_26,f6c302768e0468951fe73d905bfa4ed345d8158b6735ac696cdd997dffa0f26a,3306169751,CVOPT,5,01
2025_26,998ed5c5da662f7d54122066b719c193b194034411a7a88d8b3f7c0a5fc5849e,3306169751,0376,8,01
2025_26,142158b5efced2348a21368f2b7976d4eee50a9fe6e4f4c765bd7d8775dbe6d7,3306169751,0378,4,01
2025_26,cccc7db51b4df292d3e8a6a8b38251f157c570d6550f27cbfc3d9b846988d425,3306169751,0376,7,01
2025_26,d3f405665eac5f3802415539fa1deabe78f41dce1e5fdb28f34a6f13845ea53f,3306169751,1710,7,01
2025_26,6c6c08962698faf434d13596a2f4fa9b83d0800492f2c7f3d0ab5b67368f3fc7,3306169751,0379s,10,01
2025_26,6569a81d2cb8baf0f76c2f36b1318d216b9a052f89fa5416620bb0df30996500,3306169751,1710,7,01
2025_26,b4762867c3406253055e231d10983787abce3b2952fe6c121446ab0feec5a447,3306169658,1665190,0,01
2025_26,b4762867c3406253055e231d10983787abce3b2952fe6c121446ab0feec5a447,3306169658,0614,0,01
2025_26,b4762867c3406253055e231d10983787abce3b2952fe6c121446ab0feec5a447,3306169658,0612,0,01
2025_26,56123c5daf65aff67ba55ae7d2bb9a58bddfb5a0e0e07b1fed49efdfcf208a75,3306169658,0616s,7,01
2025_26,ead8d9329a3a47f3b1c79a0f10473bd4ffe9609692298c9e807563b88f29fa2a,3306169658,CVOPT,3,01
2025_26,0f0e267f4a27b75b87cad6c03403a0306e712c168d4122c8f81df5ecf1f1fcfa,3306169658,1708190,9,01
2025_26,e3f55fc31ce2712635ef445b4be7f353b8a183b48ccc80638dae2ee349852a82,3306169658,0612,1,01
2025_26,5e40c103b2933fdc8aa8c99a1ebd3e2da981a70c64788bd3c81a5ea42eb154f7,3306169658,0616s,9,01
2025_26,bdfb2d3f06a43a86401824ba6d87e4be999170c50364f06ba0a5a7ea8f910f3c,3306169658,0614,8,01
2025_26,c70c4641d8b02f785948ceca733032a6946d0c2e7a7047fac9af48fc3c868792,3306169658,0612,9,01
2025_26,d67b23354ef222838b79cb1a20689af26e9dc5402c84a97ebae5825a157142ad,3306170617,1373,9,01
2025_26,55a6cb48eb7c43e50d7031b4c9ca448a4cf2a4dcd805ffdc206fcc3fa1636937,3306170617,1708061,10,01
2025_26,55a6cb48eb7c43e50d7031b4c9ca448a4cf2a4dcd805ffdc206fcc3fa1636937,3306170617,1371,9,01
2025_26,6944cea63ecf762d09d04fe663cff7874b0992dded018bb37f9572e3a06d8214,3306170617,1665061,8,01
2025_26,6944cea63ecf762d09d04fe663cff7874b0992dded018bb37f9572e3a06d8214,3306170617,1375s,5,01
2025_26,f24a68675bc961e6515b38d660f58aa2ab1956394f1f866a86067dfcbc24d907,3306170617,1710,7,01
2025_26,3f037844a9647d20e5f72d1fa8d954c918b3db8d2106c9866757a01d41f5954b,3306170617,1708061,10,01
2025_26,d8c9f520e910796788523b36ff465e7d3167a736f96e0b230362aace73941a2e,3306170617,CVOPT,10,01
2025_26,1a90ec68d25bac310537cb92eda308416342e749306872965efb75164d367c70,3306170617,1665061,10,01
2025_26,1076a7e61a8af788675b68090326b12080a81f374eb459f011aaded8b5ba9a50,3306170617,1375s,5,01
2025_26,ba8f7ea03669b6f608dd446d6e1b60983b93b3d6aea2ea4e17b6b43b25236914,3306170617,CVOPT,9,01
2025_26,df514e09fa707c221ba8573c11454fdce911dba3441ca71c615437c130d6defe,3306170617,1373,7,01
2025_26,56e107d5499404c540be1a0a6f5a3b8dc90fe1996a17d74f921f8f0eb6f67aa9,3306170617,1371,9,01
2025_26,78d715824defdc31dc8a6cacb87d510ad35387fae7f39291fc8dc95af65248ca,3306170617,1373,7,01
2025_26,61c96ae7ac4201dc18773fa161e6abb76b34b52814782b9078fe401a5e811129,3306170617,1371,7,01
2025_26,6de184a5bc9a3b92f574c417b403db4a28e0b17da98b466a0a8b93f416cc50d5,3306170617,1708061,10,01
2025_26,6de184a5bc9a3b92f574c417b403db4a28e0b17da98b466a0a8b93f416cc50d5,3306170617,1372,8,01
2025_26,f1a7a595289c28e8614c14feaded8bf8242c3e102a4fc8006cdc584d23b63952,3306170617,1710,7,01
2025_26,49bb1a981ecc70bbaff4d5a6b7ab9f9b84c41f449c7b0025f69621b7c23345c4,3306170617,1375s,8,01
2025_26,6bb7bd00e07a53a2f63df6d28f6a2fd6c0f1d718e082f327a8b217df7ead3d9e,3306170617,1375s,5,01
2025_26,7b93ffde8b50bbf7be6884b4dcec62562e1b4194a0d484ca424ccc0d268ad043,3306170617,1371,8,01
2025_26,e8486e1a2d14386349a57a043fa682d617eb229cdc6554d1268e98c1e57caf52,3306170617,1375s,5,01
2025_26,7234520aa22fdb5caa8b2da3eb966cab981758e3231befa8e56dbc82b44872c2,3306170617,1371,5,01
2025_26,7234520aa22fdb5caa8b2da3eb966cab981758e3231befa8e56dbc82b44872c2,3306170617,1373,3,01
2025_26,fbda2d29ae9b0ce147516fb74b0142f6396f10151ea62a475d529314f462d40a,3306170617,1372,4,01
2025_26,0778efbb244a74934514f6651f9817676287c0a5415b5d29815ace1c4b2d97b7,3306173995,0442,8,01
2025_26,38e75f70c8cfb37616f566aa5b06524ce35ae0d2a881f05bc2bda34de5d9f69d,3306173995,0448,7,01
2025_26,72b104dd5719c53f8579320c4d908b5b707a00397e5c6e11d246c9c8aca973cf,3306173995,CVOPT,9,01
2025_26,4f51007c14551241733c4d6bd7d10aa1224f9da82b5347aae91b41754641f589,3306173995,0448,6,01
2025_26,e15dd3a5d2d0b462ce364b56a404a95933cc3e99a6c10f245e3bec48956da069,3306173995,0442,7,01
2025_26,e15dd3a5d2d0b462ce364b56a404a95933cc3e99a6c10f245e3bec48956da069,3306173995,1710,8,01
2025_26,d42397f3ca5aa5d233525300f7a803acafa3de4eceab07e106838913c0652410,3306173995,1708001,8,01
2025_26,d42397f3ca5aa5d233525300f7a803acafa3de4eceab07e106838913c0652410,3306173995,1710,7,01
2025_26,a009548ef1cd4aefa8762d14f3e43d928affd242163f9f3fbfc2ca7f94d7c430,3306173995,CVOPT,7,01
2025_26,a009548ef1cd4aefa8762d14f3e43d928affd242163f9f3fbfc2ca7f94d7c430,3306173995,1708001,7,01
2025_26,b39d3e2225b94e54b2c7b93c071ae0b0e318488da8e38a37001fb5f90221cc57,3306173995,0448,9,01
2025_26,77952da7dfbc104e59c48b90503f35af9294a28d9cfa4f2bca5ed7eda5654ee5,3306173995,CVOPT,8,01
2025_26,07503cfa68ced971a764825e66979cae15cd24caad7f78094fb5d7e81656a3c0,3306173995,0442,4,01
2025_26,a10c7519c10305dc5ddfb23ad2e20dd5ff792007e3ee8bb116aa3f907156de86,3306173995,CVOPT,9,01
2025_26,4e6a9ddf2a03b43755f14b59e9664e7b0e7f9703c0d40a6163564efeb033070d,3306173995,CVOPT,7,01
2025_26,4e6a9ddf2a03b43755f14b59e9664e7b0e7f9703c0d40a6163564efeb033070d,3306173995,1664001,10,01
2025_26,2fd2849e253ffeb93882260f25dff541d5f5050507f5d467d6a8aeff756aaa4c,3306173995,1708001,7,01
2025_26,2fd2849e253ffeb93882260f25dff541d5f5050507f5d467d6a8aeff756aaa4c,3306173995,0446,6,01
2025_26,7239bc90b0c510c6aa59291aba3bd356efd538a20fcfd33b5c9f366802a52583,3306173995,0446,2,01
2025_26,16a98646b82b2dbd549249b157b770cb209a408ef0a4d03f22a48752b4fc7816,3306173995,0446,8,01
2025_26,85637b5b384a6209622bef2375ad3c31cdc94868b271d2912ecb248c28bcee6e,3306173995,0443,1,01
2025_26,93206ed8b3d8c6b7197f92294c4a77dc2d8b59e9ca0519c5bee22886cda7d724,3306174046,1708001,10,01
2025_26,93206ed8b3d8c6b7197f92294c4a77dc2d8b59e9ca0519c5bee22886cda7d724,3306174046,0653,8,01
2025_26,2ef5f3dc4d9e9b198f70769a417efae3d20bd86a1612e14c99018c61f1d02b4d,3306174046,1708001,5,01
2025_26,2ef5f3dc4d9e9b198f70769a417efae3d20bd86a1612e14c99018c61f1d02b4d,3306174046,0653,2,01
2025_26,e33706626d3e37c5c20e9f08e01388fdbf20f89aeb32b784039f9d3b788de7d9,3306174046,1708001,3,01
2025_26,701f85a2666f7f20918c046d1683f508178c91d254681744fd5536340b0d38d1,3306174046,1665001,7,01
2025_26,701f85a2666f7f20918c046d1683f508178c91d254681744fd5536340b0d38d1,3306174046,1708001,6,01
2025_26,a93c361f43102379e16c7e4e48c0e7cc3863a05b2e58f0592632b5791da0bf6e,3306174046,0655,7,01
2025_26,5f1fc32d6bf54a01dde61ab010daf07ed029afca5be0daca90eb4d9fa3c9475e,3306174046,1665001,9,01
2025_26,5f1fc32d6bf54a01dde61ab010daf07ed029afca5be0daca90eb4d9fa3c9475e,3306174046,0655,10,01
2025_26,09df3749b33c5e50c10d4bd62f7f25f8935679e00ebc243c9348c5e5eae87b95,3306174046,1710,6,01
2025_26,4432d120bcfaec86e2c4f8b58860122c3892c5d3bbeb68b6816e87afb1750aba,3306174046,0654,6,01
2025_26,252a32167aa02f42e9280f38270f85fa5aab05a829285d000cf47baa6ffee1b7,3306174046,1665001,5,01
2025_26,dc93dfb5a07fda1fbac7e3234b177154239f1b9a8217682337b1e493ae53a436,3306174046,0657s,8,01
2025_26,55d28cef7f2bf8ca567bbe12e527991798dafae748be04611c3fd59bd33d420b,3306172060,1230,8,01
2025_26,55d28cef7f2bf8ca567bbe12e527991798dafae748be04611c3fd59bd33d420b,3306172060,1710,7,01
2025_26,e8f0a240355191b2daff2e573c7edcf73285557b9f2ce69fe50f7c3e800d489d,3306172060,1234,7,01
2025_26,e8f0a240355191b2daff2e573c7edcf73285557b9f2ce69fe50f7c3e800d489d,3306172060,1235,4,01
2025_26,1d74bb939aafc1f226d23d9f80169b2b041b259d52826203031cd26bfd8bebe9,3306172060,1710,8,01
2025_26,118ee637d91088196e5ccb982f9455c5d3a14a0d17b92b7b8435c6ad5f4f1f96,3306172060,1710,8,01
2025_26,73c09fe9cee7a2b51013fc4723575d73584b5177d5088389f595986754cd5304,3306172060,1713925,4,01
2025_26,73c09fe9cee7a2b51013fc4723575d73584b5177d5088389f595986754cd5304,3306172060,1228,5,01
2025_26,083403937763efa0bf3730e3765044e41a6b8d2da7c174a6dcece6983ba2277f,3306172060,1708020,8,01
2025_26,083403937763efa0bf3730e3765044e41a6b8d2da7c174a6dcece6983ba2277f,3306172060,1230,8,01
2025_26,c9ef752d08cc60dce5011bbde18c7ff045ab7c63736b8ce9ffbbfa6c568e0e51,3306172060,1228,9,01
2025_26,c9ef752d08cc60dce5011bbde18c7ff045ab7c63736b8ce9ffbbfa6c568e0e51,3306172060,1710,9,01
2025_26,4d221609629a54c2cc889a926875ba0857431f12397b1a54ca04e468fc623b78,3306172060,1708020,7,01
2025_26,e773b48cdd73183ec7055140222e7d2b309dc3275732be2e6d891795be8ce223,3306172060,1664020,7,01
2025_26,e773b48cdd73183ec7055140222e7d2b309dc3275732be2e6d891795be8ce223,3306172060,1227,4,01
2025_26,a973d545d119fd034f5a346c8a5212ac54a7aaf59f97fe0a52de38bcdb2e8b29,3306172060,1708020,9,01
2025_26,70d288a37ce05ca78e1eeeda48cc6e8bfe6b57b4560821c59dcfdc660fca2951,3306172060,1230,7,01
2025_26,8f00023f27a98d52ed9a1f1de2bcdc5a1ae71052cebb74e19eea9d92bd02ffbe,3306172060,1664020,5,01
2025_26,8f00023f27a98d52ed9a1f1de2bcdc5a1ae71052cebb74e19eea9d92bd02ffbe,3306172060,1230,9,01
2025_26,c3f586139b4b3d972d92987178718a8c0ab01ef8e182622a8b1cdcafe1750d21,3306172060,1227,9,01
2025_26,2867126a6247e3d096289dfce8876bf5da64c50ecc7e17b582743249b56c38ee,3306172133,0827,7,01
2025_26,3d49daba5c4f953c780165526e1b476e90947883e6a50faea53ae70b9149249b,3306172133,1708020,8,01
2025_26,af13b1e047cc871852ff8c50af4ec5448ebf57eb43ab0a5f946dd4bb22d2246a,3306172133,0825,5,01
2025_26,b6946ff8d85eee2504e1044d1faa355bd5549eff5f2d318025b581ad6be24ed4,3306172133,0823,7,01
2025_26,9f6df2a01eb0cd47b19d211cf1e645e7ad84ce895f249236440b1f4a4896ae7e,3306172133,1708020,8,01
2025_26,747fba7693508896e573474d215d7d6c251d9d4d7c121bd14518a76e5ecea2f4,3306172133,CVOPT,10,01
2025_26,77e403a6901bc2fc86de730faec36f305ace8095795f811af5ca544611b29d3b,3306172133,CVOPT,7,01
2025_26,77e403a6901bc2fc86de730faec36f305ace8095795f811af5ca544611b29d3b,3306172133,0827,6,01
2025_26,3c87e691a1f7011ac25c7751a89981120b23266b7e85e4ab802b1080925dfbdd,3306172133,0825,8,01
2025_26,bed77cf24823a5b75d91cbd87ee22d08b49a0907ce0b687087efe731c8fc6c2b,3306172133,0824,5,01
2025_26,fd877dc1c7b93c8c06a462d2eff37378191c79b52a50cfc0cec21d0c4d29b22c,3306172165,1011,5,01
2025_26,6c6277232e2cc6ec6dcbc11a604eee0f707d2720ff98e52a6b83033f3a50af33,3306172165,CVOPT,7,01
2025_26,7e95db372fc0c37c10ef4dd85070d24ff8731cc0f2de155c73b66d47ad38a1af,3306172165,CVOPT,9,01
2025_26,668b543fd712bf0e03cedc4437c8da84271e2312325642dd9e273e19d4615777,3306172165,1011,6,01
2025_26,668b543fd712bf0e03cedc4437c8da84271e2312325642dd9e273e19d4615777,3306172165,1110,7,01
2025_26,89cf0a66566c86c99a42d9fdcdcd36680b6a1cf332cb79b1827e92532d2e9f40,3306172165,1007,6,01
2025_26,35bd981afa9407ae8bc274a0955391a7a57f30ac357a6b90d04c85cc7b7cd921,3306172165,1110,8,01
2025_26,799798f993c4f212a337dbf6c94fe05f7b9150de73eaf1019095a86fa76c5330,3306172165,1708020,8,01
2025_26,799798f993c4f212a337dbf6c94fe05f7b9150de73eaf1019095a86fa76c5330,3306172165,1007,10,01
2025_26,799798f993c4f212a337dbf6c94fe05f7b9150de73eaf1019095a86fa76c5330,3306172165,1110,8,01
2025_26,504eedb52a4b86251bf102232af293556e33bc206a7ee75e92e9cc9ae32a495d,3306172165,1110,3,01
2025_26,c646a2df3c29b8de72b91dfdb20afda82fa2563ccea2144990a2d6f67cac2d36,3306172165,1008,7,01
2025_26,c646a2df3c29b8de72b91dfdb20afda82fa2563ccea2144990a2d6f67cac2d36,3306172165,1009,8,01
2025_26,7aba2cba017da4eeb6bdf9fcde48a949c632972ff8ad40e93c19f3fb9991df10,3306172165,1012s,8,01
2025_26,63b2019f4a54cf6a7ebd381d87fc6396900b930a788c622ba2966ab9a8b0f87d,3306172165,CVOPT,8,01
2025_26,53844a0401518f4786913feb68c71d156d8f4fcbf6b1030a97d73a6e86aa41af,3306172165,1110,6,01
2025_26,858a01846ac6f7b808cbd6d6f4557f51b9030d59cd6e0b22a7706248dfcdcd55,3306172165,1708020,6,01
2025_26,858a01846ac6f7b808cbd6d6f4557f51b9030d59cd6e0b22a7706248dfcdcd55,3306172165,1009,7,01
2025_26,858a01846ac6f7b808cbd6d6f4557f51b9030d59cd6e0b22a7706248dfcdcd55,3306172165,1109,6,01
2025_26,5f21b0db1be9a82ec2eed40399a3b24051ea1cdb4ad448ccf3922ab9fb84178b,3306172165,1008,8,01
2025_26,5f21b0db1be9a82ec2eed40399a3b24051ea1cdb4ad448ccf3922ab9fb84178b,3306172165,1011,8,01
2025_26,8a0a44ffb2baf1c087924d37d0a767c7ba9ada2bf745620fcf98484b37216bae,3306172330,1665039,7,01
2025_26,66eedee21f82a34060ae90994886def7ed10f96e2847bfe2bf1c8e563fd69849,3306172330,0398,4,01
2025_26,66eedee21f82a34060ae90994886def7ed10f96e2847bfe2bf1c8e563fd69849,3306172330,1710,8,01
2025_26,ee3e9df092da331541d83c266b944d2c9c5acbce79426e8ab367f935edf6c7fc,3306172330,0397,4,01
2025_26,faefc3940058ed484c2135ec9ef99c0ea8c84ba2ec2831450812dda415015ccf,3306172330,0398,9,01
2025_26,88564b49001659b85cfebf94a9d42a941d5b83aa3c2475de2432eb9f044ce742,3306172330,0180,4,01
2025_26,fad603f0e64f8d13d486e50e07c7988627f53b2d9be9212b1123f1362ec93901,3306172330,0397,9,01
2025_26,3e0cfb63a0f2284de35bca6fb6f60faf4c1539090dc5bd78f2a7826806b04ec0,3306172330,0399,9,01
2025_26,3e0cfb63a0f2284de35bca6fb6f60faf4c1539090dc5bd78f2a7826806b04ec0,3306172330,1710,9,01
2025_26,500af0b47ae2bb32658dc7b3f2f66d16d4b157e29000fa767c9b037d8c4006f2,3306172330,0400s,8,01
2025_26,500af0b47ae2bb32658dc7b3f2f66d16d4b157e29000fa767c9b037d8c4006f2,3306172330,0397,8,01
2025_26,c73bed8dd2bb5ad1102d3ab77c54d4ad4f1d32ace3fd9cca9f9139194cc08c80,3306172330,0400s,8,01
2025_26,c73bed8dd2bb5ad1102d3ab77c54d4ad4f1d32ace3fd9cca9f9139194cc08c80,3306172330,1710,7,01
2025_26,109e2f4131443cb7c6ed2280187dbbb24a6d42e28648d3beed6c8b15109cd446,3306172410,0385,7,01
2025_26,109e2f4131443cb7c6ed2280187dbbb24a6d42e28648d3beed6c8b15109cd446,3306172410,1710,6,01
2025_26,e5fa39725e801d6baa9f1ea2cf79e5ba2479424ae73719b1cfa1c05075f7fb14,3306172410,1665039,9,01
2025_26,e5fa39725e801d6baa9f1ea2cf79e5ba2479424ae73719b1cfa1c05075f7fb14,3306172410,0386,8,01
2025_26,fd2b193bc9cb6dccbce2ad63eddcad3a3980dfc1edcf348daf6583aff9e55bab,3306172410,1710,9,01
2025_26,40d9855a94024647711d015af41f94c65763daa4803ceb1058761ed056688465,3306172410,CVOPT,7,01
2025_26,21c0f5a5d516830e1efbc81d673d1499f8d9d0a1c9096ed482e67e18ccf0738b,3306172410,CVOPT,9,01
2025_26,21c0f5a5d516830e1efbc81d673d1499f8d9d0a1c9096ed482e67e18ccf0738b,3306172410,1710,7,01
2025_26,b8ab5a108fa0c4ad3521bf8ce05cacece6abcec84c384ae2a9a26934d78abca4,3306170521,028501,7,01
2025_26,5ac34ee7e62bdd1b65552dc909caeb1a0ac0af27df4f603ddc212d3b55eeff9b,3306170521,028501,0,01
2025_26,0f9dee20320920bbbebdb7602636dfc2d8e94b962995f8b29398f820387b67b6,3306170521,028504,7,01
2025_26,615b8b995f6715768e1c09bca23c6b48cf9ed11e76d5b3864386824d05b3cba2,3306170521,028501,4,01
2025_26,2527e406af7bfba88ff27376a426f845411e9752dc849bc6ae36d3655f135c5e,3306170521,028001,10,01
2025_26,2527e406af7bfba88ff27376a426f845411e9752dc849bc6ae36d3655f135c5e,3306170521,028503,4,01
2025_26,beba00d30aaf3bae44d4aa78ff198db84a86c216d66e1f19e13e223e743c2ca7,3306170521,028504,6,01
2025_26,2e091436d5804d889b5cb7ad28a97125ebd66ebe4b150eef3df3498b819c5bf0,3306170521,028502,4,01
2025_26,30dd42cf7eb51a6cdeb50a7d54266291a28ca7e8b2d69b05c6be759cc16c95cc,3306170521,028001,6,01
2025_26,30dd42cf7eb51a6cdeb50a7d54266291a28ca7e8b2d69b05c6be759cc16c95cc,3306170521,028100,8,01
2025_26,845fad0034339e0c9ceedbbb560b1f65699ab277eea8a168d73c22cb559bd2d9,3306170521,028503,4,01
2025_26,cb2f3622fd46e5a188a70951f1a0a4f1667d5b798042e4adb17bb3dd225b52ca,3306170521,028001,4,01
2025_26,cb2f3622fd46e5a188a70951f1a0a4f1667d5b798042e4adb17bb3dd225b52ca,3306170521,028100,3,01
2025_26,8926f9a7a704a09ea3b42a86c9adc638ab072753a1b4f3d39cd3318e08adc6ee,3306170521,028502,4,01
2025_26,8926f9a7a704a09ea3b42a86c9adc638ab072753a1b4f3d39cd3318e08adc6ee,3306170521,028100,1,01
2025_26,bda256ea54b837bf330a0e65e9671f152d987a26af725fe6dda7adb8023da25f,3306170521,028100,7,01
2025_26,7cbda138d8b81070feb23c7616f93d99969784e71aed6ee706b61955d46a05b9,3306170521,028504,6,01
2025_26,87befead417eaf7598a221e90c22a4d9b8155dae7efdd7d6019f923f186fc82f,3306170521,028001,7,01
2025_26,d30551ce41430a40d66e66ecc1a4bb6be5979765aa2b71493cb493dc43136ca7,3306170521,028502,9,01
2025_26,4ffb08fda9cd4b1d0bbf93d8002f21acf5b8d684c1b1f6b00e854eba0b476585,3306170521,028505,6,01
2025_26,6a5b10b841d4d0442e3bbaeed458ae36a560666c104fdd660cf35ddab6f1c183,3306170521,028502,7,01
2025_26,d5603b90f17a28cd9a2d3c20b830978d7f6db3a409ac7906be2d3c5101613bca,3306170521,028504,7,01
2025_26,d5603b90f17a28cd9a2d3c20b830978d7f6db3a409ac7906be2d3c5101613bca,3306170521,028001,7,01
2025_26,d5603b90f17a28cd9a2d3c20b830978d7f6db3a409ac7906be2d3c5101613bca,3306170521,028503,4,01
2025_26,cd303b5315bcf55b62bc9b9c50354fdd57acedbcd7f92ef113c80d34bd91b126,3306170521,028503,8,01
2025_26,6b0773ab084b25e49f8fa05f13d74118ea5c34066ac66995f01b42c039986a92,3306170521,028504,0,01
2025_26,6b0773ab084b25e49f8fa05f13d74118ea5c34066ac66995f01b42c039986a92,3306170521,028505,0,01
2025_26,6b0773ab084b25e49f8fa05f13d74118ea5c34066ac66995f01b42c039986a92,3306170521,028503,0,01
2025_26,2d72f2453f670d755fe9cb074194ce16dc7cba3b86637b21b0b87b34c661a25e,3306170521,028505,0,01
2025_26,163f3413dea946a35d84914fe54c2e3b0b6bce79c16800a0c7203895dd30868a,3306170521,028501,4,01
2025_26,bcb816fd50a5ac70ae307d68f8050458cb16a010e2d56ddabba9b6b9ed7a797d,3306170521,028502,4,01
2025_26,3bedc53d2b1eeba0ff31d994b18cb626e2818a1dc482c4ac9cb06fc5656634aa,3306170521,028503,4,01
2025_26,630efbe37293d4a53b328df5c5b538bf75a4d6c8553c0f70543fd39f99191daa,3306170521,028501,7,01
2025_26,14b24882d87c7bfa16878f14d8288e45431bfba2dd34f19cb46f3e613f6197f9,3306170521,028503,4,01
2025_26,ca1c0d1e38b64753887e5e3c4d4b39c4f7edd9ad956d9c9169afe3b1bb2a8d4b,3306170521,028505,0,01
2025_26,ca1c0d1e38b64753887e5e3c4d4b39c4f7edd9ad956d9c9169afe3b1bb2a8d4b,3306170521,028001,0,01
2025_26,ca1c0d1e38b64753887e5e3c4d4b39c4f7edd9ad956d9c9169afe3b1bb2a8d4b,3306170521,028503,0,01
2025_26,968ef9dd599cf571a523a2b4a8d19dfa958650eb7ecfe414568763d94309c789,3306170521,028001,9,01
2025_26,968ef9dd599cf571a523a2b4a8d19dfa958650eb7ecfe414568763d94309c789,3306170521,028503,8,01
2025_26,98d9213f705ab8b2f6291e2c25c5af23def7f55fc899f5dd9b65c84ad120f603,3306170521,028501,8,01
2025_26,ca03206a8dad5dd2b6df8a0bb98585f35760d99e43ceb6167fd475fb2e220265,3306170521,028502,0,01
2025_26,e7af79143c10274cd8b74d8bd5587ab46ceb7666724f1a8db272e9d19bf7ad05,3306170521,028502,6,01
2025_26,1e6289e84b08699b422b973bef4bff5d64aedd75c1a58396d5221741f0e2186c,3306170521,028505,0,01
2025_26,2752942803b77267913f1e8510f02e775fbfdc4b2508bddf5b7b6696968b4332,3306170521,028505,4,01
2025_26,ec12eb45409f9db1df1ba9b7013dd20eaedea031c7deb10ca6b858587e121003,3306170521,028502,7,01
2025_26,0a760563bf4d78583a74c13185cd81a0586e87302c6b05925c2e9634758261fb,3306170521,028505,0,01
2025_26,0a760563bf4d78583a74c13185cd81a0586e87302c6b05925c2e9634758261fb,3306170521,028001,3,01
2025_26,67a9be4b2e282f333bfaece21b461c7741b7c8c09a5d238592243f4a945632ba,3306170521,028100,8,01
2025_26,a637be37e4c089e89341a092cbca97996ab1827967a7474345035dd046fef8fe,3306170521,028100,10,01
2025_26,bf8cd8210eafd24c387b7a328b6a2b6440818b33a769d8236bc06554ebb647b0,3306170521,028505,9,01
2025_26,52f04eb409483c6b747ce1a46768dabac3b24a00b55b5a00a56c0fd68376581c,3306170521,028503,6,01
2025_26,e8cf299298c057c2054d9b8877c31b62c81059528226e946de29f23a8c463b57,3306170521,028100,6,01
2025_26,d0ea10679b889b78d4dcfe23d05d9a1f3a5d276681e4da47c12815a11605060a,3306170619,1369,8,01
2025_26,15b96f395e4a9b4284bd3d279425ca20fd94bbf2455856a64cf52ee22cda2c87,3306170619,1375p,9,01
2025_26,1f3c5cbbebbae4bb3b3d635f05c4b39bb1a693775f681cdd6dd304931a3671ab,3306170619,1368,8,01
2025_26,79db9180189dc395a91381b07f6305d49f650def623257e3e4f0980cf0b95bb9,3306170619,1370,4,01
2025_26,3a5b59411d4c1960c8e7eaf4a6cfd1f8f4dc6b0016444cc2e8f55e1045fd6ce5,3306170619,1367,8,01
2025_26,60e059d1bc54474f161f98d265058e7a446fdcc442a605f9e1352eb7b242bb93,3306170619,1367,4,01
2025_26,baad4bf50eb7612b75945283bb6ae8ceaec189327c73bdaac26839d8c40b9a4a,3306170619,0179,4,01
2025_26,a8d5c798d9df6cdb225f912cf13d48431b439055f6045394455c0cd3db915ffa,3306170619,1709,10,01
2025_26,a8d5c798d9df6cdb225f912cf13d48431b439055f6045394455c0cd3db915ffa,3306170619,1369,10,01
2025_26,03d7fe033f706b3073f815a16243a27563efcbcafc8253b6c8917b3ca9636b23,3306170619,1370,7,01
2025_26,e91ba58c3e7b5dc73bc10817400f1989b4c5aca5eaeeaa0f5e24dcf2a25982d6,3306170619,0179,0,01
2025_26,d550ff824bfda9e88341ad29cb2d3961644bce3f79658892e706d6c5b796210e,3306170619,1370,0,01
2025_26,855dff481201f4c6ba45de221a2c23a88b5aaf24670787c9b6602a154ae3ac68,3306170619,1367,4,01
2025_26,505ed976440916bff7e1aa09a0fab31b779cb21617e49c4abb2e5a70aee7dddb,3306170619,1375p,4,01
2025_26,d81ef893d1f7cba006a3cb892c2c23c295f9245dfd7dd68ccd4a376637f16095,3306170619,1367,7,01
2025_26,ec4fa9fbcaa6765193a4c8804c21ab63a15f31794a78bbd94af78f7d7e9c568c,3306170619,0179,4,01
2025_26,2f7c7651b956a7795368411ba42c889be0c1f4d9941ded0ca03df4072281b2f4,3306170619,1370,8,01
2025_26,ee6ddb91a625f7d001fae8e0f554d2c79a2eeb0b540bc586b44474bfa5882cb5,3306170619,1367,7,01
2025_26,b437954538af098ea4779c88684b9d3cb8c3f2c8cd8ea5b75d5ef72c16aaad90,3306172484,1709,0,01
2025_26,19bde2654221ed68dbe749f75cdd118ccb641becb894042f75dc25923fbafb04,3306172484,0177,0,01
2025_26,3be61f93a0c666bdfa7c02733932de8505b00847eac9c099d12766f8d895d1db,3306172484,0172,3,01
2025_26,b0bdab705e6d59ee639e1d6e3a1e0add22251684c31b423500c73bdb37742d1e,3306172484,0177,5,01
2025_26,d16ea4ba5f2f5f34eca94b01a7872921f6bd7b2e8e2c902861bec64e100340da,3306172484,0179,4,01
2025_26,860a875d52ff463fda2b259dccb9fd6408ad5fa250fb6bd4baa139fed5df1282,3306172484,0172,9,01
2025_26,42e96a27b879e12b0cc53ed06b723028b7d00f3a62451643b0d0eb5aea6fb585,3306172484,0174,2,01
2025_26,f58e4815da1d286a17a81a170b55a32cee2a18ce312c64203582d53729179865,3306172484,0174,0,01
2025_26,279330d1c898d3403380adbed34c26392439ddd009daecea4254428506a7db2c,3306172484,0177,0,01
2025_26,ca3493937ea6acd77a05ea1852aea724619830fc51252a75ac6762b0963b1f7f,3306172484,0173,0,01
2025_26,f21a9088f8e91fdf90ea50affcd2a8f1feaf4b257552a7de6c68eaf7cf2da39c,3306172484,0179,10,01
2025_26,04599d524a14501ab7f50c28aedea9d3b0e72f525e5a48c0f6195aa7b7850a5f,3306172332,1709,6,01
2025_26,8afe0981f85cbead344db403e2609811041eadd2ca3066d4d3cbcb29c7e3ae5b,3306172332,0384,0,01
2025_26,b644c741b7909a3ee3011ab43d299e86520606392609fda822a6b446290700d3,3306172332,0172,0,01
2025_26,d0cd6c7e2e4d0ff90e4b4f3db2e4bd1b1dd99be8bd14ca48ca9a875d82d34def,3306172332,0179,9,01
2025_26,708c9514c5e3bcaf44fe1d5968e7cd99299df1500c4075c0f9f1dc03e78abe85,3306172332,0400p,8,01
2025_26,af6c44aa3b6ba4d4a46ce0f345aa00afbcfbf6d5ca21c8e9982621dcbddc741f,3306172332,0384,8,01
2025_26,2441a618859278c4696273380e492c6cfe3d98a5784f18b672f5ef65e2117a01,3306172332,0400p,8,01
2025_26,f59a7053c9ec24d386d4e7c9def957593d67b36b4862acb454f261cde30b5691,3306172332,0400p,0,01
2025_26,e54e65978c80b80107214ceaf261d716a76c668e49c6543ba496410238fa0d76,3306172332,0400p,8,01
2025_26,e54e65978c80b80107214ceaf261d716a76c668e49c6543ba496410238fa0d76,3306172332,0172,10,01
2025_26,0e3cc32a7bdc6379c6d2c3f73a90e971371d1b64df6fe42a11058cd89f94739c,3306172403,0384,3,01
2025_26,988588d3ae61e3dce6ed91e7ef0972f3201320466c7db2b90eddae305f8ec80e,3306172403,0179,0,01
2025_26,79292bafd2903c6fe707f48e2ac3f36a5dcca0026313ef42f487c9fc642f8ad7,3306172403,0172,5,01
2025_26,0749dd7d42e7ed184c0b2d2cc77c3cbd8dfbe7a5663691c312dd8d107a835f6b,3306172403,0173,9,01
2025_26,f714c01431e10a233b40e709331d3b183c21da87e24794c424dcb9041909ac21,3306172403,0384,3,01
2025_26,478fe009cfeeedabde10e7bda080eb490dc288b756cff2bd2131b6623424f2f9,3306172053,1709,5,01
2025_26,478fe009cfeeedabde10e7bda080eb490dc288b756cff2bd2131b6623424f2f9,3306172053,1229,4,01
2025_26,478fe009cfeeedabde10e7bda080eb490dc288b756cff2bd2131b6623424f2f9,3306172053,1231,4,01
2025_26,a6546d51226e2f31639a41a8734c09f253d098e94c85f6840b0a1034346ed940,3306172053,0156,6,01
2025_26,c79105884bf0d149ad54e2f39ed5bd11955b16febdc482e4ad19ff6a12fe2e09,3306172053,1233,8,01
2025_26,993b41d3faa98c916ac7eb08b1714c60f88ab9bdb184379a8ff553c173feac8e,3306172053,1709,5,01
2025_26,83338d02a56c7c278207e4f5647d51c9bfa76edde759527563260f325f42e669,3306172167,1709,0,01
2025_26,44fbe4406f1b76fa3f458ba7b37ade29026e9e51240748b6d6d326d077083229,3306172167,0623,5,01
2025_26,1c392a3a3a8adba8848e7edaa1a766cf9b384796c53974412f3b1dca325e604d,3306172167,1010,0,01
2025_26,41f11c9dcd8e294def960484be153dc65b59fb0091c9da372cc641844a24cba7,3306172167,1010,7,01
2025_26,ee87f35829d64d3f5a5aef263175e958edbfe0d0f4b6add104cfe8ea04e2df4d,3306172167,1012p,0,01
2025_26,b3a949d93cc62757a826262789475a485bb2c2bb4699a96e025892263d2d7507,3306172167,1709,7,01
2025_26,b3a949d93cc62757a826262789475a485bb2c2bb4699a96e025892263d2d7507,3306172167,0179,7,01
2025_26,e7127618527681553b25242fc9c76a03ac9868ec74979b2325b586a9dfbe2cd2,3306172167,1012p,9,01
2025_26,f8a4cee414ec4d149aa6f65e19ac60f2310d5bd60646b5a5707405d50edc013e,3306172167,0179,9,01
2025_26,680fdf556b15f2e30e6befe9e3835467055e13678a0860e126b7ef0bd8fc8043,3306172167,0931,0,01
2025_26,7ece99e699dc74e987ff15eb9338e514e4fafb32530f6b963da765c8102587e0,3306172167,0179,8,01
2025_26,7e44edd1551552291ed3b63a73ce9b6d6c471007c7554c1e311c4aa80a67f215,3306172167,0179,9,01
2025_26,45dc16b16fc97478054d54ae70fb28f4d615a1ad84f8bb5a4b976189f44f0f14,3306172167,1012p,9,01
2025_26,45dc16b16fc97478054d54ae70fb28f4d615a1ad84f8bb5a4b976189f44f0f14,3306172167,0931,9,01
2025_26,202312ea24d1e7773563b9fac2e285905c837c7109d089c3123b66459013281c,3306172167,0179,9,01
2025_26,b75dd131b381eec0f23c6680c741d954a46cfeddd87954c10c6900fd27485e74,3306172167,0930,4,01
2025_26,08cdc734ad04f41ade219537506ae91a954d3a2cabbbda6d6c83fdaa49518644,3306172167,0179,5,01
2025_26,9deb4d50273d2cdea9229aa9afa9cf71f45d5596c6b3e2adea89532cdee749a8,3306172167,0931,8,01
2025_26,eac642876d4d82fc5096158360f2b64301519f81425a8f37c6d213a7403b0c33,3306172167,0623,7,01
2025_26,292541a4a2af20fbe5e5c7df9f8df93e71a255add1bb290f3689c4d7b53fcea6,3306172167,1010,1,01
2025_26,ea8a99bacb12d20a4c2b1f615af3ce9e1df3565b0e2091da8ccd7e0a6de608cf,3306172167,0623,6,01
2025_26,8dca4dc6bea430986162073bc80007371e18e6f4d038834884c6d5612251197a,3306172167,0179,7,01
2025_26,0da8a9f5a321121865e8de88e5399494e3da2b6b2845f1daab8cac313f0314a1,3306172167,1010,8,01
2025_26,90609e821d9a1fc60b1cd740a0309ead357c0011698170695f3f86138e35b5d8,3306172167,1012p,8,01
2025_26,d1b37a860ded5b908b00860f6c0e8e2e218923ec29f1795656fad92eb5004887,3306172167,0930,4,01
2025_26,582e5eeebbc710f9f2b91e5ccaf9f0bb23612b2769bc53ef920abfed25d4a8e2,3306172135,0828p,7,01
2025_26,582e5eeebbc710f9f2b91e5ccaf9f0bb23612b2769bc53ef920abfed25d4a8e2,3306172135,0625,7,01
2025_26,67418173869781eac2aa4323678d91266792f5efcc6ccb156c04e31feedc923f,3306172135,0179,6,01
2025_26,bd1c7e06faef39ee5e181e62c9655b5fbe0b7df4ec1487a37935f891c58f3b3d,3306172135,0622,9,01
2025_26,861d3c7718472c6d7e7b5ec2f41e3cc79a920e5c8a9bd5469050faf9cecec108,3306172135,0625,7,01
2025_26,861d3c7718472c6d7e7b5ec2f41e3cc79a920e5c8a9bd5469050faf9cecec108,3306172135,0623,7,01
2025_26,4a0be8352ee1bb77c6e23382dca2bd6746e56f20901f0ffc11c1e99c64f8026c,3306172135,0622,8,01
2025_26,9174a0c1ecedda39bd89fbf326d4208c1b2da70eb6370e8ccc09ec26ff5d566e,3306172135,0625,6,01
2025_26,9174a0c1ecedda39bd89fbf326d4208c1b2da70eb6370e8ccc09ec26ff5d566e,3306172135,0623,7,01
2025_26,ddc099d7f233e777fd85c2a80815ce0425febe954a5897b61907a61f7a458f8d,3306172135,0627,6,01
2025_26,7ba79957534e0d56c4984f7596b16921af49ffd490210b4545587de27a230f40,3306172135,0625,7,01
2025_26,6990f1064643b438a23741916aa5f305a2d53de24c2adcacd7e13adba9675936,3306172135,0179,9,01
2025_26,ac1dd32e02d478bdd68608c03db8b0c36ff11e3c49c3f02aed77fa880aab984f,3306169433,243265,8,01
2025_26,3e351680c1ec3a97b4dbcfa67a74a39db93cfa26ae27f97f33b12f26abfbbd85,3306169433,243267,9,01
2025_26,fe8fedfe7a3acbab2007f51cd4e265c6ba4e444bf9a6f74aa7990c1e3d0b6d5f,3306169433,243264,4,01
2025_26,387c258ba37317c6783bb15642af9ac44fbac2d1700c6f86ed5d1a0d8fcc92aa,3306169433,243265,9,01
2025_26,21f00a7209eae4abca3d24c7d852a8e67521b34a226c2bee61d8e5bc12c026d8,3306169433,243264,8,01
2025_26,e597610428e7dcdd09c087823c46d132e12c09b87f02532195e7d6728257fd00,3306169433,243266,9,01
2025_26,e597610428e7dcdd09c087823c46d132e12c09b87f02532195e7d6728257fd00,3306169433,243264,10,01
2025_26,2d2f1c4de960edf861dd325911b20d168a68d0cbd183f83976a080bcbc043f09,3306169433,243265,7,01
2025_26,2d2f1c4de960edf861dd325911b20d168a68d0cbd183f83976a080bcbc043f09,3306169433,243267,8,01
2025_26,d94387913fd192bf5ade4948db5ec9924433759a3e2c77b1f593c4b30efe751b,3306169433,243265,8,01
2025_26,1db8fb484681e0a441aa19ee6738a4b24972d68a5e0b28d92011791931055e6a,3306169440,243604,7,01
2025_26,77a40e721d5fd2c8501a3e19dbcc3f8d5814a3f5ef0d8b9d0cb65ef94db4296b,3306169440,243604,8,01
2025_26,83b3ddc6c475ad4e220122c9875e12ae30c6292ad905b4883b99e3b188fb0c0b,3306169440,243604,5,01
2025_26,a34055c3a568b071a92fb858dc09cd09c5aea1b1b05065076384d42b3c1a7bb2,3306169440,243604,7,01
2025_26,a34055c3a568b071a92fb858dc09cd09c5aea1b1b05065076384d42b3c1a7bb2,3306169440,243271,8,01
2025_26,a68a763bf4eda5fbee88e631e57fb2c3ef95ff74358379e819b7326b16d41e8f,3306169440,243270,8,01
2025_26,7ad5d79f2789ccdf6327086b96195426cd2067dac2c2a7238174e3f1ebf01e22,3306169440,243604,6,01
2025_26,f3e361914caee481e2c69987451da75b6d43276f47f74a9fb5a8d8102c1434cf,3306173997,0438,8,01
2025_26,a3ba243a30e89c399e77472295e92dadfa68a9a8df4401c3569ea15a60eaebe8,3306173997,1709,7,01
2025_26,2568472b82555eea1cdbededd07e79f33be137f8a3db237ad593c58acc6993e5,3306173997,0441,9,01
2025_26,dfcb1d155f75b995a872ad71d7f08d559ef8eda53ee1b0a1fa58fee6198f93ad,3306173997,0156,4,01
2025_26,3ee17d91c35c7eaf8eb3d72e1aea822ba6216aa87afc3464be568ba4947a2df4,3306173997,0437,6,01
2025_26,b2b67d5fc8eb6a7be68262b1b2e465d7ef533ee529ba56cd280f0d81c779cfce,3306173997,0438,7,01
2025_26,e46f9bfe68f3772a73907d4ae3733b372567da5a4d86c2bf7bfceabf3a672a26,3306173997,0438,10,01
2025_26,e4df794ed66bcbaa4291a3db4b9fd4021c002d6f612bc4a76fce2531c16fac32,3306173997,0437,0,01
2025_26,52e1bfd2f4f927e6394669ab0b2b3634c5262fe3d3e6271911ee9da01a024ea4,3306173997,0156,4,01
2025_26,88819fad11756b651772d10821d253c349fc80d15c728d4c5b3efba2bd2c6d26,3306173997,1709,6,01
2025_26,2c756c7db5eff09cddc48aee523c3287c5bfe5bc841ca6ca5ac8a8f8be497864,3306173997,0441,1,01
2025_26,6feb54b641bbe5377f97f2915023ccabd0c3657a3a0b85b5b2ccdf62acc14180,3306173997,0439,6,01
2025_26,050dbfbef2b83666e35e7bc19498b29f79675dbd21757efba497ed6b6b0a1731,3306173997,1709,8,01
2025_26,e6460e1a0c2b69deec87703915055645caf94ffb6d6c8104ea287f8413cdf4dd,3306173997,0441,9,01
2025_26,ea42808b4247a3065b28093737aeb4712a18a4b747daa53c9bc505bf01864cdb,3306173997,0441,9,01
2025_26,76976ed4eb017122d705ff8b352d5f6e5da1350dd9e83748f08caab535ef3d23,3306173997,0441,9,01
2025_26,e88784ff773ab7436dad9ad8f3614a3e609f682b9fa1a84f785cf74372576937,3306173997,0437,6,01
2025_26,dea732ff1c7139002d78f9f7e650187e5a1a60f55c81b87df27f137f2c953286,3306173997,1709,8,01
2025_26,5349136ea57cf06102bdd2ca6b12daa4a15944b4a05a413bdf98bfdbf7761b78,3306173997,0156,0,01
2025_26,e69651263a80a35e3c4ae96a923130be898abc66664f628f17a9852f5cf5dbd5,3306173997,0441,0,01
2025_26,e69651263a80a35e3c4ae96a923130be898abc66664f628f17a9852f5cf5dbd5,3306173997,0438,0,01
2025_26,e4993eaf559316a4420008a77be12def37de26dc2aebe9542094625a0d541be7,3306173997,0441,10,01
2025_26,6758f5550724df4504c56397b78503b6c9e2f9cdada4fa92d5be4dc7b4213260,3306173997,0439,7,01
2025_26,baa98429d22421f703b4df8ac09015448bcf1031acad3ba4707d320591ba27b0,3306174048,0649,0,01
2025_26,38a5625071b65f7c459d5b033b19ead9f5364b6ad238970c71d979131f9520b4,3306174048,0657p,7,01
2025_26,38a5625071b65f7c459d5b033b19ead9f5364b6ad238970c71d979131f9520b4,3306174048,0179,1,01
2025_26,855debfe9f0a935f207ea0c9563e6cc586554599b8aadd3ff59df67d96dbac6b,3306174048,0179,8,01
2025_26,746b21f0c5644caedb58be2450afd9764fe2cdcb4eaf78547028bc4be2976f5f,3306174048,0179,4,01
2025_26,bbc414a3f1787dc8d186f0f6c24c58a16cec07a8ffa64d22120bfce27ca64690,3306174048,0647,4,01
2025_26,259e3a7e85d42000c0407c0541f1531cffe100dcc14ac66e14085f91f456eddf,3306174048,0649,7,01
2025_26,28b9f2465556f037d48935028f3bd1c24740d1afa3b7d5fa28a29473976dcb34,3306174048,0650,9,01
2025_26,ebe7f27767ac34c33ad465439b3c78641f76e970d247d126d4112258a2643551,3306174048,0648,7,01
2025_26,88f742bd9ef7e77b0c34a01029fb0598e3b818e6b6e2a023cda021ab03aba01d,3306174048,0648,4,01
2025_26,8ab6c1228327b705e1790f3232dcb1d9d4aac248cfe99e88c18b4adc5e709823,3306174048,0647,0,01
2025_26,741412a5c0b73ecbc962fa1286b8ec6bd63912db67d5fe38c7897ef68c6ebc23,3306174048,0647,9,01
2025_26,1e0f85ea446e582d4cae80f18e948a085d531f823c47f394c25c5920a62d09bd,3306174048,0657p,8,01
2025_26,9f411de2a8e07ab41bec90fc6f9b154f0299b14931075f105bcabded76c33d2b,3306174048,0647,0,01
2025_26,4350e22aca365f5ce4c11ca2e7cec534449486aee21dc723aa854281ebc5b0f9,3306174048,0657p,9,01
2025_26,4350e22aca365f5ce4c11ca2e7cec534449486aee21dc723aa854281ebc5b0f9,3306174048,0647,10,01
2025_26,1497ed5ffe286232d740cfe4c7eb1898773fa3989688b7c5d17b3d9b00fe7217,3306174048,0647,4,01
2025_26,dfd6cd2d7dbdc135f89772cab1f8c654a087a4856c7c9ce08d3698fff6cb84a9,3306174048,0650,5,01
2025_26,7887cf073f3bd53ee24563e801537af5a5f504d6cee6545e403c61f470db4a70,3306174048,0650,8,01
2025_26,6900636775a889229edcb9f308133b50bad7074450c7211e0ae73d64e31c3d59,3306174048,0657p,7,01
2025_26,6900636775a889229edcb9f308133b50bad7074450c7211e0ae73d64e31c3d59,3306174048,0649,8,01
2025_26,a9690538725d1bf2c36632a334bb95cb1c3edc1587c6d6773fc81c9a13b35201,3306174048,0657p,8,01
2025_26,a9690538725d1bf2c36632a334bb95cb1c3edc1587c6d6773fc81c9a13b35201,3306174048,0179,4,01
2025_26,8f3f9b303674c18c555ad45151ab75e63365dca7a93499f9c31f95698ea59d56,3306174048,0657p,8,01
2025_26,8f3f9b303674c18c555ad45151ab75e63365dca7a93499f9c31f95698ea59d56,3306174048,0650,6,01
2025_26,c0e7999379153e1d269287dc998b1df4027e1e1da7d5b966e779e20909fa148b,3306174048,0649,9,01
2025_26,a7ce7a95f69105dac37ed079edda833e2ea4f6f9a7fe68dc9c624245f0d13f0b,3306174048,0179,2,01
2025_26,a7ce7a95f69105dac37ed079edda833e2ea4f6f9a7fe68dc9c624245f0d13f0b,3306174048,0651,5,01
2025_26,a7ce7a95f69105dac37ed079edda833e2ea4f6f9a7fe68dc9c624245f0d13f0b,3306174048,0650,10,01
2025_26,75bdde496c1d132c19a4e4a81223f54e9fa3f2b67de0b134f4862aae49fe9a84,3306174048,0650,8,01
2025_26,f25075d5220086066691a063a7a354aa7d6abf12360ab61e34aabccaaf0c8423,3306174048,0651,6,01
2025_26,f25075d5220086066691a063a7a354aa7d6abf12360ab61e34aabccaaf0c8423,3306174048,0649,2,01
2025_26,5799d2317bc92b24819d419a013c394545c9c567d520a8add895dc8da541f26e,3306169744,0373,5,01
2025_26,f903e1554284e19278483168367070a0efaebe8b738c2cfaa4ca8d5bb1e5a3de,3306169744,1709,8,01
2025_26,4158f447a7539f464220b10801ddbb1271d4c1ca3a4b51bbdbb69ad902105f6c,3306169744,0379p,9,01
2025_26,4158f447a7539f464220b10801ddbb1271d4c1ca3a4b51bbdbb69ad902105f6c,3306169744,0369,8,01
2025_26,230c7dcf7b05175ef97151f2cf230cc290223e3ac2c54d0bb576cea5f8ee98e1,3306169744,0379p,9,01
2025_26,2b582d9fbca7b9c82d7db62cbb59d7fc98b49affeec50b05634c274a03e84a83,3306169744,0379p,9,01
2025_26,f2bbc66bbf9f37f06cc3dfe420671c7df8704372f850dd94d6bdd6dbf498aaaa,3306169744,0371,9,01
2025_26,cc42cfc0f92af6b941969bd8c5a31b8a735b4ec6c0a93460da779df7a75f44b4,3306169651,0179,0,01
2025_26,317609100b6ce9ce4f77583907b1578dc91c2ee01b308678d4125b4fafda3dfd,3306169651,0373,0,01
2025_26,574d0f2aeef64bd94edf50eaad27b7fd7a494a5b9e1cb60f4e07d9f5ad1cd238,3306169651,0487,9,01
2025_26,d9f41ff462b6b2d3296ecef8799441d2091e2c35520aefc3f23aa1900a58ae53,3306169651,0483,9,01
2025_26,81502b77746a7e90a1473731fac1ac48bd5b41016d506ce8b3c940c51cef5c4a,3306169651,0487,5,01
2025_26,110769e651318579ad49bd73a4c3a6439c5245f46c43b401edd87375a3552297,3306169651,0483,4,01
2025_26,fccb98ada73c199a1f2c97687fad4157378b5f69f222f8a6090a95df5bf0ae2c,3306169651,0485,6,01
2025_26,fccb98ada73c199a1f2c97687fad4157378b5f69f222f8a6090a95df5bf0ae2c,3306169651,0484,9,01
2025_26,5b735f26e6f77b4ce69f0ddd5322adfca02cefb60f5f3b1150d2e19ae545df9c,3306169651,0373,8,01
2025_26,5b735f26e6f77b4ce69f0ddd5322adfca02cefb60f5f3b1150d2e19ae545df9c,3306169651,0487,7,01
2025_26,0c6899bd15672e3a00ed2e0a1198c8737bacc08f329ea1420efc295a90b5a0f8,3306169651,0487,0,01
2025_26,8f888b395955d255e4a39c3fd880d2b2d87f6ef203a54d03fe597bd2f1752bd0,3306169651,0485,10,01
2025_26,8f888b395955d255e4a39c3fd880d2b2d87f6ef203a54d03fe597bd2f1752bd0,3306169651,0484,9,01
2025_26,7a026f0bf74ae52c2d253369127d67b8147cd6d58d1b8cb1697b05b9d0f7a9ab,3306169651,0179,0,01
2025_26,7a026f0bf74ae52c2d253369127d67b8147cd6d58d1b8cb1697b05b9d0f7a9ab,3306169651,0487,0,01
2025_26,deeecb0b8976c33daab642b060597a975f129437a11f98aedc972e8678088108,3306169651,0485,0,01
2025_26,826391349266038923c3e20caec6cef0af39e2204a3e90eef18e827eca08570c,3306169651,0373,8,01
2025_26,ba44679b64ba7c572f1252d22ff5ead617482ee8cf2ccdd4e8de558afc385616,3306169651,0373,0,01
2025_26,1d2f19c63cc53cdb25b3d5896af53ea745918c257ed4b8213d042ebc9dc93bf3,3306169651,0483,9,01
2025_26,6b0232da83e26d978e5b2adb3aa434fc5838823c09091a38712088665aa71460,3306169651,0179,7,01
2025_26,6b0232da83e26d978e5b2adb3aa434fc5838823c09091a38712088665aa71460,3306169651,0487,7,01
2025_26,4aeb981a6a6a729f913c85c3b69fb6e6850a42e5d7ec38a896e147444c0cc7e2,3306169651,0483,8,01
2025_26,2f020675fb262606292d8afdb33dff2edde6f09546428edd47cae01039c05a18,3306169651,0485,8,01
2025_26,8054c6e0476794e30dd745a77398ecb1bc638ee6760945ec2a0f161e6352860e,3306169651,0487,5,01
2025_26,ef6cab817e2f5103d5224cdba786257167240ca0b3ec1c67983bb9fe70064cc7,3306169651,0484,0,01
2025_26,cdfe57e30b518df0ef6bf4917ad5f791dec6ff963fbf35790f62ef99aaac0471,3306169651,0485,7,01
2025_26,7e1a3466b59db77ddf8fdad863326c426521f3cd4e43f38ac7d0c45aa17b1264,3306169651,0616p,0,01
2025_26,7e1a3466b59db77ddf8fdad863326c426521f3cd4e43f38ac7d0c45aa17b1264,3306169651,0487,10,01
2025_26,c7ea8347822517daf10bef47363e83b60f2d6fe85c91fdc3e47d5a3170ec2cd3,3306169651,0487,9,01
2025_26,7fc58a72092e2dc3a445c82979a1090d6a6ee0f59cdf3356b35aa81abefdfc1f,3306169651,0616p,9,01
2025_26,7fc58a72092e2dc3a445c82979a1090d6a6ee0f59cdf3356b35aa81abefdfc1f,3306169651,0487,9,01
2025_26,9ca2f24a566439fa473c9753e02ddaa00b5f6d430bc388726dc4d55ee7283103,3306169651,0616p,9,01
2025_26,ce045cfc530be71fe755bf0a6c018039ddf4d5cb15c342bba6cd8ff4ad4b517b,3306169593,0221,8,01
2025_26,3a352c4ca7ebb651adc14be2851171f73cac5e5575a3389a656cedab1e1080ed,3306169593,0225,2,01
2025_26,c81363532f96ae36b05ff57caee1cb92d4d3cb609cebb21a6f77f2540feefcc0,3306169593,0221,7,01
2025_26,c81363532f96ae36b05ff57caee1cb92d4d3cb609cebb21a6f77f2540feefcc0,3306169593,0222,4,01
2025_26,c912b7c54223e15ec625cb8b27081ad549d4eed859fbaeef7d1bbb493fdfb66c,3306169593,0225,8,01
2025_26,12d8981d25d9ffcaa861d706ccb26fce00dfc97746500d9d73e9b776e9fc35f4,3306169593,0225,0,01
2025_26,d33d217352215c15a50b65791fe0b680bea94205ac4e8f26b211280625f698eb,3306169593,1709,5,01
2025_26,6570305035c4d3e4d9d433fea8249dc8b6e366ab540c925475800afaed2650f0,3306169593,0225,9,01
2025_26,731b21a279cfad27b0bdf09f8c531e2ab8a933e095818ddcece5bd5b65090a42,3306169593,0221,6,01
2025_26,f47280db65398776afc9da1107a7605cb7a201df40e0109a0a18509c3e8430b2,3306169593,0222,9,01
2025_26,9001b89edc33b2bcce9ded9f344830d56cc59b520b86c9db0b9c8b9eddca8370,3306169593,1709,0,01
2025_26,098b2ef6969a0f0c66979e7379318025519424d473cb778988c74fe046ac852c,3306169593,0221,9,01
2025_26,098b2ef6969a0f0c66979e7379318025519424d473cb778988c74fe046ac852c,3306169593,0222,8,01
2025_26,1222a23776f7f5bb7c69319ef20a31b83563cb9c64974864bb24673e511f53b1,3306169593,0225,2,01
2025_26,f815127661d6f87d2032bac4c55120edcd952489dc1f8de4497dc9ee12339a51,3306169593,0225,0,01
2025_26,f815127661d6f87d2032bac4c55120edcd952489dc1f8de4497dc9ee12339a51,3306169593,0222,0,01
2025_26,757f4a2c28913db43512c9ee59364ed03b24981ee7c839ce91cafbb9407af5dd,3306169593,0223,3,01
2025_26,6f0bb76a6ca11427a14e1756950bdcdaaf79e63529c5f8f310a51752248bf9d8,3306169591,1713707,8,01
2025_26,93b2dc132dae5e63cf300efa0a0ce1acd4833ec2f09b7a04ca6ddff85be13b4b,3306169591,0224,3,01
2025_26,7415989e98feb213cbac9eee9f4f232930f30e81b4881a0de273ebdaeab3411b,3306169591,0228,7,01
2025_26,37356441705934396fa0c885fb1428aea26ccabe8285a5b2576f8de81897e733,3306169591,0227,2,01
2025_26,4f249067ea2db7f9eec53b8ba44fa8b903b2e5b3c4128b8d831b0bf08dfcc47b,3306169751,0376,4,01
2025_26,4f249067ea2db7f9eec53b8ba44fa8b903b2e5b3c4128b8d831b0bf08dfcc47b,3306169751,0374,1,01
2025_26,1915452ee704091b5b6b3d1dcca4f67aae2059e4126a7fff35a8320973c46780,3306169751,0379s,9,01
2025_26,5872c3e58784ceb438cc562ea71874e41536dc38240bd7045fbef87586fae298,3306169751,CVOPT,10,01
2025_26,5872c3e58784ceb438cc562ea71874e41536dc38240bd7045fbef87586fae298,3306169751,0374,8,01
2025_26,c48ad409c59015dfd30e638356dd68478c1929dade8718ef91de07eb96302ef5,3306169751,0376,6,01
2025_26,047d440784e11fa29ad2e96d76f3fdb9a2629d7440f44893cca04bfc9807a23e,3306169751,1665190,10,01
2025_26,348eda024cfa001cde4a6ee02d96741347277693927793885808c3a1ff13b6dd,3306169751,1665190,9,01
2025_26,6c6c08962698faf434d13596a2f4fa9b83d0800492f2c7f3d0ab5b67368f3fc7,3306169751,0376,8,01
2025_26,6569a81d2cb8baf0f76c2f36b1318d216b9a052f89fa5416620bb0df30996500,3306169751,0376,8,01
2025_26,b4762867c3406253055e231d10983787abce3b2952fe6c121446ab0feec5a447,3306169658,CVOPT,0,01
2025_26,b5199a49b597efc5d445ecac778e7ebb6dbd0f6a37e5fb6e47d8e59b4bbb5dbf,3306169658,0616s,6,01
2025_26,d0a0fa4a3759fddb967ad99422e20c543e10b4402ac1ca77926fb36686eeb146,3306169658,1710,7,01
2025_26,411ed29ce82c50a407b536c0cd30217a7ffdf8e258cca9c5adc38081d5b908be,3306169658,1665190,8,01
2025_26,411ed29ce82c50a407b536c0cd30217a7ffdf8e258cca9c5adc38081d5b908be,3306169658,0616s,6,01
2025_26,7583f648a5c0fe3aac388c64097ed996e8f085163d129b68572ca9035f215d7a,3306169658,0616s,8,01
2025_26,fbfbe620a8c50c0bc4429c8c551777c8e8e99a1d69981d4240195ce9da3f878b,3306169658,1708190,8,01
2025_26,336869d5e562b49cf02518e0800cb658d19a9c575633794e430bbf954f943a6c,3306169658,0615,3,01
2025_26,c303fd0de72abdcaae99b76c62086b2a18f5b9af8bf44ee82d79c669cf0d8590,3306169658,0614,8,01
2025_26,a31b384e901fc8142b4f808ad61f4e618a5077d1bb0305b8f0246b179136f379,3306169658,1665190,4,01
2025_26,a31b384e901fc8142b4f808ad61f4e618a5077d1bb0305b8f0246b179136f379,3306169658,CVOPT,5,01
2025_26,a31b384e901fc8142b4f808ad61f4e618a5077d1bb0305b8f0246b179136f379,3306169658,0616s,5,01
2025_26,a31b384e901fc8142b4f808ad61f4e618a5077d1bb0305b8f0246b179136f379,3306169658,0615,5,01
2025_26,d67b23354ef222838b79cb1a20689af26e9dc5402c84a97ebae5825a157142ad,3306170617,1374,10,01
2025_26,737707c351c6e86b25434026b6a51bb510a2332183a908c7c39779c2da78b40d,3306170617,CVOPT,8,01
2025_26,737707c351c6e86b25434026b6a51bb510a2332183a908c7c39779c2da78b40d,3306170617,1371,9,01
2025_26,737707c351c6e86b25434026b6a51bb510a2332183a908c7c39779c2da78b40d,3306170617,1373,7,01
2025_26,3f037844a9647d20e5f72d1fa8d954c918b3db8d2106c9866757a01d41f5954b,3306170617,1710,9,01
2025_26,d8c9f520e910796788523b36ff465e7d3167a736f96e0b230362aace73941a2e,3306170617,1372,9,01
2025_26,1a90ec68d25bac310537cb92eda308416342e749306872965efb75164d367c70,3306170617,CVOPT,10,01
2025_26,889f4e53a56cb6de5bb45ec3a7e05c428f432173d7d4942e6b94d8ac65f79d51,3306170617,1374,6,01
2025_26,c8bc289f304189c63b6e42cc40757b11ca4bf1f178c59d32055f1bc89817405b,3306170617,1373,9,01
2025_26,ba8f7ea03669b6f608dd446d6e1b60983b93b3d6aea2ea4e17b6b43b25236914,3306170617,1371,9,01
2025_26,23f72a570e8d01479c0d9ebacf5471421ce8652915584368def9cf2b5bda320e,3306170617,1374,8,01
2025_26,cb75aa59969b33eb3565b054b705aa6d51301fa2ad2b215b6e327a5198841d4a,3306170617,1374,7,01
2025_26,df514e09fa707c221ba8573c11454fdce911dba3441ca71c615437c130d6defe,3306170617,1710,3,01
2025_26,0c2c743c07cbe87db69ef4db3ab14970b0f4b4767a386f28bd5e10343f363c75,3306170617,1371,10,01
2025_26,56e107d5499404c540be1a0a6f5a3b8dc90fe1996a17d74f921f8f0eb6f67aa9,3306170617,1372,8,01
2025_26,56e107d5499404c540be1a0a6f5a3b8dc90fe1996a17d74f921f8f0eb6f67aa9,3306170617,1373,9,01
2025_26,56e107d5499404c540be1a0a6f5a3b8dc90fe1996a17d74f921f8f0eb6f67aa9,3306170617,1374,8,01
2025_26,f8ec17a695b6b88c35d54d0a4977cd92a48f6ae835ca0a46bb9ce94068400306,3306170617,1371,8,01
2025_26,e05c52d1293d0cdd11cd1b64e99622b55ea751e9a3baa3977dee2c301c71b00a,3306170617,1665061,6,01
2025_26,e05c52d1293d0cdd11cd1b64e99622b55ea751e9a3baa3977dee2c301c71b00a,3306170617,1371,9,01
2025_26,f1a7a595289c28e8614c14feaded8bf8242c3e102a4fc8006cdc584d23b63952,3306170617,1373,7,01
2025_26,5cb8dbe0ac1dec3ddd2f4e2161054f7466a4f1f1770e0f6c23480964fb27f0cc,3306170617,1710,7,01
2025_26,6bb7bd00e07a53a2f63df6d28f6a2fd6c0f1d718e082f327a8b217df7ead3d9e,3306170617,1372,7,01
2025_26,7657e190bfe788ddf76b72b85bbd8aff95ddf3d13a88174b780436cb66a28822,3306170617,1372,7,01
2025_26,f1ee0488df612eb8efddc259b60bed37e930b0cf6ac0a0d59a638baf63e0e963,3306170617,1373,8,01
2025_26,61e300eba18f2733f3f16bdc0e87d76436a89025a49824fc244023643b740b3f,3306170617,CVOPT,9,01
2025_26,b7f57d1a9d04a3e6007ef528923e74c6a7c626f96332ca150312fd2d1c516728,3306173995,0443,7,01
2025_26,12c88ccd3604c160e06b29326cd06a27f76e3d6434bdf6dea1d9ab2c9a54513a,3306173995,0448,6,01
2025_26,e15dd3a5d2d0b462ce364b56a404a95933cc3e99a6c10f245e3bec48956da069,3306173995,1713472,6,01
2025_26,2e66a6f71652815fe5a551e62767c77769ebdfc8e978525ae9c8055e6326a7f2,3306173995,1664001,9,01
2025_26,07503cfa68ced971a764825e66979cae15cd24caad7f78094fb5d7e81656a3c0,3306173995,CVOPT,6,01
2025_26,2fd2849e253ffeb93882260f25dff541d5f5050507f5d467d6a8aeff756aaa4c,3306173995,1713472,8,01
2025_26,2fd2849e253ffeb93882260f25dff541d5f5050507f5d467d6a8aeff756aaa4c,3306173995,0442,6,01
2025_26,16a98646b82b2dbd549249b157b770cb209a408ef0a4d03f22a48752b4fc7816,3306173995,0442,9,01
2025_26,46ac30514bdb0b402d69df73aa8ed80ab47502f9256e303177696d988e40ee14,3306174046,0655,7,01
2025_26,46ac30514bdb0b402d69df73aa8ed80ab47502f9256e303177696d988e40ee14,3306174046,0653,4,01
2025_26,4d933911ec67fab83b1ff1b5dadac814e1ae898a283e160cc491fbd342971b45,3306174046,0653,4,01
2025_26,4d933911ec67fab83b1ff1b5dadac814e1ae898a283e160cc491fbd342971b45,3306174046,0654,4,01
2025_26,93206ed8b3d8c6b7197f92294c4a77dc2d8b59e9ca0519c5bee22886cda7d724,3306174046,0657s,10,01
2025_26,93206ed8b3d8c6b7197f92294c4a77dc2d8b59e9ca0519c5bee22886cda7d724,3306174046,0655,7,01
2025_26,93206ed8b3d8c6b7197f92294c4a77dc2d8b59e9ca0519c5bee22886cda7d724,3306174046,1710,7,01
2025_26,e33706626d3e37c5c20e9f08e01388fdbf20f89aeb32b784039f9d3b788de7d9,3306174046,0654,6,01
2025_26,701f85a2666f7f20918c046d1683f508178c91d254681744fd5536340b0d38d1,3306174046,0654,6,01
2025_26,0cf9870fe9fd232ac1e27611a8a4ec5c9cb4dbb87dbdf318aa9859cb88f3ac3d,3306174046,0654,5,01
2025_26,9b4203abce2e19bec55c83f8c1e84d1ba0ae742e8ebc17190a0e27b8faab512d,3306174046,0656,6,01
2025_26,9b4203abce2e19bec55c83f8c1e84d1ba0ae742e8ebc17190a0e27b8faab512d,3306174046,1710,4,01
2025_26,a87559877bb04d535bdb35adfbc31ba61dafe1d317623db6107544a20fd39369,3306174046,1708001,5,01
2025_26,13a5db0c47e6dc1b97e6e4b545ba2a42ef13e0e9040144aca8359463ce78bcf8,3306174046,0653,5,01
2025_26,dbde61117f82c3f18ba4229558f81c8ae2d36e4ae4ee771d798606cce794fcfc,3306174046,0653,4,01
2025_26,dc93dfb5a07fda1fbac7e3234b177154239f1b9a8217682337b1e493ae53a436,3306174046,1710,5,01
2025_26,2012af3d9f00b60bfe2d9bab1d99339d1f5c96656f2243a15c2a16fd6c93d2c2,3306174046,0654,4,01
2025_26,7b9e0f274b0f9d4241a20cdb01cc52ffe9042b1646224e2c922517f7b8e20f79,3306172060,1713925,4,01
2025_26,e8f0a240355191b2daff2e573c7edcf73285557b9f2ce69fe50f7c3e800d489d,3306172060,1713925,4,01
2025_26,e8f0a240355191b2daff2e573c7edcf73285557b9f2ce69fe50f7c3e800d489d,3306172060,1664020,5,01
2025_26,73c09fe9cee7a2b51013fc4723575d73584b5177d5088389f595986754cd5304,3306172060,1230,6,01
2025_26,9d8befe021a31ed9d6639e6b6dc77d0541ca338e8e032e9137947eb6e5632efa,3306172060,1234,5,01
2025_26,8206ce53ba6f91e07c2251815d626c29860cba2a3838e4d76a389a68a5e8ec61,3306172060,1228,7,01
2025_26,a973d545d119fd034f5a346c8a5212ac54a7aaf59f97fe0a52de38bcdb2e8b29,3306172060,1235,8,01
2025_26,6e8a2bf0a06ba8011fb9654d9e95ab9f4bedc01519a234d06a5b692f31023915,3306172060,1230,7,01
2025_26,9f6df2a01eb0cd47b19d211cf1e645e7ad84ce895f249236440b1f4a4896ae7e,3306172133,0823,8,01
2025_26,9f6df2a01eb0cd47b19d211cf1e645e7ad84ce895f249236440b1f4a4896ae7e,3306172133,1710,9,01
2025_26,04b7cfef01e64cfd4b1496b768be2fa88ad1d6be84bfd088c045854f4373fb89,3306172133,0825,8,01
2025_26,d99696ac7399f9b7c7d23393943d9c321015b9b768cc1bd628dceb80aad5221d,3306172133,0827,9,01
2025_26,4da51a862191fa00559c5883592b1b7ed8c8075bf9349428067e86fe1a991f05,3306172133,0828s,9,01
2025_26,4da51a862191fa00559c5883592b1b7ed8c8075bf9349428067e86fe1a991f05,3306172133,0824,7,01
2025_26,c6ee0034b9360ccb04b98189b17fb0de020e3a845b447db574339de434c7e4e2,3306172165,1008,4,01
2025_26,c6ee0034b9360ccb04b98189b17fb0de020e3a845b447db574339de434c7e4e2,3306172165,1011,8,01
2025_26,9c0fce6f3681dc9cefff66e8b9d82a0a3350fc714cd310c012786a61646f57c5,3306172165,1708020,5,01
2025_26,4fa33e61b4eb9ed69b12f6adcd6110318f36a4d30781964c40d42a086c3ab0cb,3306172165,1008,4,01
2025_26,4fa33e61b4eb9ed69b12f6adcd6110318f36a4d30781964c40d42a086c3ab0cb,3306172165,1011,6,01
2025_26,89cf0a66566c86c99a42d9fdcdcd36680b6a1cf332cb79b1827e92532d2e9f40,3306172165,1110,8,01
2025_26,7283b898d94bcb71dd4883a04bd05fc0a9931b719946ebebbea7b83723773460,3306172165,1007,8,01
2025_26,4351560f508fc11659de5ba50352b6b4e517724a7c3a92d0fd9dbfd7280d6598,3306172165,CVOPT,9,01
2025_26,799798f993c4f212a337dbf6c94fe05f7b9150de73eaf1019095a86fa76c5330,3306172165,CVOPT,9,01
2025_26,799798f993c4f212a337dbf6c94fe05f7b9150de73eaf1019095a86fa76c5330,3306172165,1665020,9,01
2025_26,504eedb52a4b86251bf102232af293556e33bc206a7ee75e92e9cc9ae32a495d,3306172165,1007,5,01
2025_26,504eedb52a4b86251bf102232af293556e33bc206a7ee75e92e9cc9ae32a495d,3306172165,1009,3,01
2025_26,1cb1280ee0aa3f42ca66c3d1f51d9671e4c46d2abe933543cc4c4b95134071ac,3306172165,1109,7,01
2025_26,63b2019f4a54cf6a7ebd381d87fc6396900b930a788c622ba2966ab9a8b0f87d,3306172165,1708020,8,01
2025_26,ce2076990e96d467de48f1c448adc651a05b87e0fa30df4da62902d6a529e516,3306172165,1008,3,01
2025_26,ce2076990e96d467de48f1c448adc651a05b87e0fa30df4da62902d6a529e516,3306172165,1011,6,01
2025_26,ce2076990e96d467de48f1c448adc651a05b87e0fa30df4da62902d6a529e516,3306172165,1110,8,01
2025_26,8a0a44ffb2baf1c087924d37d0a767c7ba9ada2bf745620fcf98484b37216bae,3306172330,0397,4,01
2025_26,3b1455c37be7ad0cbba16c0a68a84c732314dcd193bc4c290c72d3a53dbfa370,3306172330,0398,4,01
2025_26,f4f6a647f626144044314a4101b8beeac8600537e08407bbe17ea15514ceaeda,3306172330,1708039,8,01
2025_26,4be6fceacd848015b94864995fe0e2b9f2fdf6bbe183ca66d9d23d607b03ecff,3306172330,0399,4,01
2025_26,ee3e9df092da331541d83c266b944d2c9c5acbce79426e8ab367f935edf6c7fc,3306172330,0400s,6,01
2025_26,ee3e9df092da331541d83c266b944d2c9c5acbce79426e8ab367f935edf6c7fc,3306172330,1665039,5,01
2025_26,3bb91f2d1c74f2d8bf89d734ec8f6884aab423a161e398a553e0809b0bddbc8d,3306172330,0400s,9,01
2025_26,555a18eb56053d57cd79d35db4decccaa5aa6f83f82f8a903a1aa22320a6484f,3306172330,0180,5,01
2025_26,3e0cfb63a0f2284de35bca6fb6f60faf4c1539090dc5bd78f2a7826806b04ec0,3306172330,CVOPT,9,01
2025_26,5ff5e9da59f37d39dd6a7ee95cdf639bad5bae0e77ede5c1cdbf45a7e531b3a7,3306172330,CVOPT,8,01
2025_26,500af0b47ae2bb32658dc7b3f2f66d16d4b157e29000fa767c9b037d8c4006f2,3306172330,1708039,8,01
2025_26,e1b59cc3d5c7d96fca18d00598892e45a80dd79b6a80114568587b04eb87db69,3306172482,1708039,7,01
2025_26,e1b59cc3d5c7d96fca18d00598892e45a80dd79b6a80114568587b04eb87db69,3306172482,1710,6,01
2025_26,a16786f726e999c32f3eeb7c8571b768f7cf4527885f12fe1cc04e108b4e4474,3306172410,1708039,9,01
2025_26,a16786f726e999c32f3eeb7c8571b768f7cf4527885f12fe1cc04e108b4e4474,3306172410,0386,8,01
2025_26,fd2b193bc9cb6dccbce2ad63eddcad3a3980dfc1edcf348daf6583aff9e55bab,3306172410,CVOPT,9,01
2025_26,fd2b193bc9cb6dccbce2ad63eddcad3a3980dfc1edcf348daf6583aff9e55bab,3306172410,0385,8,01
2025_26,76d65155e32131fe918a05f2a9d4cc62c868a87ce9e178b4ec650b9299ab935e,3306172410,1665039,5,01
2025_26,40d9855a94024647711d015af41f94c65763daa4803ceb1058761ed056688465,3306172410,1710,4,01
2025_26,efebd2e836e756da51b1c4bf56dd09a6804345f63609a8233dd4846b5df9979e,3306172410,0385,8,01
2025_26,b1da45ca137b661d744f20870e7c8de3a5d9a5cdfc04bc53e0c079a282d15d4d,3306172410,1708039,8,01
2025_26,b1da45ca137b661d744f20870e7c8de3a5d9a5cdfc04bc53e0c079a282d15d4d,3306172410,1710,7,01
2025_26,9debc5f8bb923c70db668d08a54a20846a9610b4dc47f242e1693d955305a86a,3306170521,028501,6,01
2025_26,0f9dee20320920bbbebdb7602636dfc2d8e94b962995f8b29398f820387b67b6,3306170521,028501,3,01
2025_26,e3af526660ab413757281d31e85dec5f4e58c4ff50f16d44b4859194106261be,3306170521,028503,7,01
2025_26,cb7851bae955c19b380ccb7be31d320ad71fa073f8564614b2220955686dfb55,3306170521,028504,9,01
2025_26,cb7851bae955c19b380ccb7be31d320ad71fa073f8564614b2220955686dfb55,3306170521,028505,8,01
2025_26,3ead738ae5596b1e8aca6f0a3a3a6f570d1fd7d8e4bd553aea161646401eeef6,3306170521,028001,6,01
2025_26,2e091436d5804d889b5cb7ad28a97125ebd66ebe4b150eef3df3498b819c5bf0,3306170521,028501,1,01
2025_26,09175cfe10609c7b3180410a786533dc00fab4611b34cfda183260b6e472184d,3306170521,028505,8,01
2025_26,845fad0034339e0c9ceedbbb560b1f65699ab277eea8a168d73c22cb559bd2d9,3306170521,028001,10,01
2025_26,bb816528a73f6b87f0edc6a461bc1a0e9d5fbdcaf34a86204d8d4a60bc3003e1,3306170521,028502,7,01
2025_26,48fc59694cc66c1c8c231f29a2ff8f6bb8db334057ec41bf6d0bf6a6253512fc,3306170521,028501,6,01
2025_26,c292523085b4e8e34ef930c37511ea67b09f6c3cfd30fe0fe854e51699022d9c,3306170521,028503,7,01
2025_26,7cbda138d8b81070feb23c7616f93d99969784e71aed6ee706b61955d46a05b9,3306170521,028505,4,01
2025_26,5b8172cb7a0521d71922f0c7ac97b0f2661b737c5806b00a9c23c1ce4ea275ca,3306170521,028504,9,01
2025_26,69f2055bd71487cb086778620782a7ff3eee039273546c5f4300489e6e1336a0,3306170521,028503,7,01
2025_26,10e3725bc98af10f6ee6e7202a5139eea1afa879b9ffa61238f5619751598943,3306170521,028100,8,01
2025_26,0d7c13979908103b1d7d8168996c4238bb04455e573468238311bee7b0f968ba,3306170521,028501,3,01
2025_26,87befead417eaf7598a221e90c22a4d9b8155dae7efdd7d6019f923f186fc82f,3306170521,028504,8,01
2025_26,d30551ce41430a40d66e66ecc1a4bb6be5979765aa2b71493cb493dc43136ca7,3306170521,028504,8,01
2025_26,4ffb08fda9cd4b1d0bbf93d8002f21acf5b8d684c1b1f6b00e854eba0b476585,3306170521,028504,5,01
2025_26,4ffb08fda9cd4b1d0bbf93d8002f21acf5b8d684c1b1f6b00e854eba0b476585,3306170521,028503,6,01
2025_26,4ffb08fda9cd4b1d0bbf93d8002f21acf5b8d684c1b1f6b00e854eba0b476585,3306170521,028501,6,01
2025_26,6a5b10b841d4d0442e3bbaeed458ae36a560666c104fdd660cf35ddab6f1c183,3306170521,028100,9,01
2025_26,d5603b90f17a28cd9a2d3c20b830978d7f6db3a409ac7906be2d3c5101613bca,3306170521,028100,8,01
2025_26,17affae56bc36ed22f15f4341dd531cb54bfb15aa6a0ded0bb59f6c0b9b448ca,3306170521,028501,3,01
2025_26,630efbe37293d4a53b328df5c5b538bf75a4d6c8553c0f70543fd39f99191daa,3306170521,028001,7,01
2025_26,e126f996595f7a88f1b742723a734a63cc94d4c2a04768c36d94924faaa567b8,3306170521,028503,7,01
2025_26,ca1c0d1e38b64753887e5e3c4d4b39c4f7edd9ad956d9c9169afe3b1bb2a8d4b,3306170521,028501,0,01
2025_26,c7c8882d78fac9cff3ded32f21eb2af5a63a698856d06a4c76294cae4cdb3af1,3306170521,028502,0,01
2025_26,c7c8882d78fac9cff3ded32f21eb2af5a63a698856d06a4c76294cae4cdb3af1,3306170521,028501,0,01
2025_26,c7c8882d78fac9cff3ded32f21eb2af5a63a698856d06a4c76294cae4cdb3af1,3306170521,028100,6,01
2025_26,4486ef00404e429fa2c560439e38fbe5a072a62cd7a238c792b13e4b9404cf1b,3306170521,028505,4,01
2025_26,4486ef00404e429fa2c560439e38fbe5a072a62cd7a238c792b13e4b9404cf1b,3306170521,028501,9,01
2025_26,ca03206a8dad5dd2b6df8a0bb98585f35760d99e43ceb6167fd475fb2e220265,3306170521,028501,0,01
2025_26,e7af79143c10274cd8b74d8bd5587ab46ceb7666724f1a8db272e9d19bf7ad05,3306170521,028503,4,01
2025_26,2752942803b77267913f1e8510f02e775fbfdc4b2508bddf5b7b6696968b4332,3306170521,028503,5,01
2025_26,ec12eb45409f9db1df1ba9b7013dd20eaedea031c7deb10ca6b858587e121003,3306170521,028501,2,01
2025_26,a637be37e4c089e89341a092cbca97996ab1827967a7474345035dd046fef8fe,3306170521,028504,9,01
2025_26,e8cf299298c057c2054d9b8877c31b62c81059528226e946de29f23a8c463b57,3306170521,028501,8,01
2025_26,9c57203687222f6a366ab584e07fdd297fb72e45be919693a6521c9034ef4d23,3306170521,028001,9,01
2025_26,34410ec48d67cc6836e5d055b157716c0866ee75ced23f0b3b0ef37d1278f73d,3306170521,028502,0,01
2025_26,54349a067b7a114242dc5e5303c37688823f097019818193dffa5fadb8bdd93a,3306170619,1369,9,01
2025_26,3d51c4ac2d0c52289d8613a810aecc53b12dfd7a9111b6ad83295d8b7301bdbf,3306170619,1370,8,01
2025_26,79db9180189dc395a91381b07f6305d49f650def623257e3e4f0980cf0b95bb9,3306170619,1369,8,01
2025_26,c3c72ad80a61762249e2757d4f3965629c259f74808eb56ebaf9177b74395f9e,3306170619,1370,8,01
2025_26,1831a86e23110dcc1146c78f19153573b9f9e7d93dc918316085362c1a7c4897,3306170619,0179,0,01
2025_26,66cc2865d265da3972b1dc1a69e32dafe2573e5de96ffe4be3a2432fc1e21b0c,3306170619,0179,8,01
2025_26,d2ad385152055962f2d99bbc16a1c3325852dd3db06ac97c60b48cab21840f31,3306170619,1369,0,01
2025_26,a8d5c798d9df6cdb225f912cf13d48431b439055f6045394455c0cd3db915ffa,3306170619,1367,8,01
2025_26,0313a3d3a4f62d8a557c28097dc5b4911e5d1f9555a8a0a26491b48e5642dac7,3306170619,1368,4,01
2025_26,91356baca2338102b59ab27a8da7f986daba6e7fb0b632cf723c23dc6ee6cf7e,3306170619,1375p,9,01
2025_26,3d218338f01dd05245671842b3efcab28d379ba633cee6d960201f547fa1310a,3306170619,1370,4,01
2025_26,2df9d463129e4d05e3f33b2c232c18b367b30c21d40eaaa2ca09e9ef22aa148a,3306170619,1368,8,01
2025_26,0c09633410adf4b72db5c0929c4a0bde111ceea80fdfebf10c3d54a092d1534d,3306170619,1375p,10,01
2025_26,0f43ed258bd1ed44c2f16fd9adbed7052398fae62027cef6c18285515b932ecb,3306170619,1367,8,01
2025_26,6167c9d27cb91387d6784af48213ea4c8299fe1efd32d547e5828e7cb52f5cdc,3306170619,1368,4,01
2025_26,4185e8fe0cfb70268ed5764912dfff02a1816d6f05e98bf1b993d62e75538432,3306170619,1370,10,01
2025_26,e53c12bd1cedcd149cf322b6d80b43f41f636bec285583f1d615693c1afb884e,3306172484,1709,6,01
2025_26,19bde2654221ed68dbe749f75cdd118ccb641becb894042f75dc25923fbafb04,3306172484,0172,0,01
2025_26,19bde2654221ed68dbe749f75cdd118ccb641becb894042f75dc25923fbafb04,3306172484,0173,0,01
2025_26,3d5145adddab824aed143996a74a489ee218827a6b487acfaf0aa616f788843e,3306172484,0172,0,01
2025_26,228af0d303e803601fc22add67aa81b72f76b0f22cf548014add45df728a0070,3306172484,0177,0,01
2025_26,84123aabb04b3d023251b08ffacfdabf2d45830cd611035c0c30dd79a3d27115,3306172484,1709,3,01
2025_26,bcb004e1c0721070a6ce6eb8dc24f215635d8a292a69375445b74cc477850728,3306172484,0172,0,01
2025_26,279330d1c898d3403380adbed34c26392439ddd009daecea4254428506a7db2c,3306172484,0172,3,01
2025_26,7da27355b3451d0309f553f487dba920b0d960a85ab4d10a78f8e035706c4979,3306172484,0181p,9,01
2025_26,7da27355b3451d0309f553f487dba920b0d960a85ab4d10a78f8e035706c4979,3306172484,0172,5,01
2025_26,24954405527efcf1156cb40f5cf5d303fbdb2840c01c450c837b3737b6582aab,3306172484,0177,6,01
2025_26,ebad8964334ada3832e40e8251227c7e222329bf524b8f374df16309028cb1a0,3306172484,0181p,9,01
2025_26,7f235497405564ee31daf2af1d273c1a8c261f97aa837250ac5b9116bc9e16bd,3306172484,0179,0,01
2025_26,f21a9088f8e91fdf90ea50affcd2a8f1feaf4b257552a7de6c68eaf7cf2da39c,3306172484,0174,8,01
2025_26,04599d524a14501ab7f50c28aedea9d3b0e72f525e5a48c0f6195aa7b7850a5f,3306172332,0171,8,01
2025_26,04599d524a14501ab7f50c28aedea9d3b0e72f525e5a48c0f6195aa7b7850a5f,3306172332,0172,8,01
2025_26,8afe0981f85cbead344db403e2609811041eadd2ca3066d4d3cbcb29c7e3ae5b,3306172332,0400p,0,01
2025_26,b644c741b7909a3ee3011ab43d299e86520606392609fda822a6b446290700d3,3306172332,0171,0,01
2025_26,fdb7a3ecf88720b5622862c8ccb4de3211a6ea23630c5b24eb1a9924aac2f20e,3306172332,0400p,8,01
2025_26,fdb7a3ecf88720b5622862c8ccb4de3211a6ea23630c5b24eb1a9924aac2f20e,3306172332,0172,8,01
2025_26,b8a88d08af5241709223617befa68e5f0a722d8ead360c6a9d7f2f633bb797f1,3306172332,1709,5,01
2025_26,d0cd6c7e2e4d0ff90e4b4f3db2e4bd1b1dd99be8bd14ca48ca9a875d82d34def,3306172332,1709,7,01
2025_26,af6c44aa3b6ba4d4a46ce0f345aa00afbcfbf6d5ca21c8e9982621dcbddc741f,3306172332,0400p,8,01
2025_26,2441a618859278c4696273380e492c6cfe3d98a5784f18b672f5ef65e2117a01,3306172332,0173,6,01
2025_26,f59a7053c9ec24d386d4e7c9def957593d67b36b4862acb454f261cde30b5691,3306172332,0172,0,01
2025_26,6875e2615a6ff3348abef167d520bf04eada2f0143e9ae4b7bc2cf80266694db,3306172332,0172,9,01
2025_26,6875e2615a6ff3348abef167d520bf04eada2f0143e9ae4b7bc2cf80266694db,3306172332,0173,7,01
2025_26,acbff48c382974534c4475b8c1a9124a27b51a638dba6c21d28f4f9be8c0807f,3306172403,0171,8,01
2025_26,1a210b1aa13db5a02d6033fda2b175841db3040d1b3529d5e77f7e6d715e230d,3306172403,0171,8,01
2025_26,1a210b1aa13db5a02d6033fda2b175841db3040d1b3529d5e77f7e6d715e230d,3306172403,0172,8,01
2025_26,988588d3ae61e3dce6ed91e7ef0972f3201320466c7db2b90eddae305f8ec80e,3306172403,0173,0,01
2025_26,051be607fcc51ef1e7da6c10925fb5e50cac5af2a578076a2474a0b453884a27,3306172403,0388p,10,01
2025_26,051be607fcc51ef1e7da6c10925fb5e50cac5af2a578076a2474a0b453884a27,3306172403,0171,8,01
2025_26,051be607fcc51ef1e7da6c10925fb5e50cac5af2a578076a2474a0b453884a27,3306172403,0172,7,01
2025_26,0538f479a15ba1ca6f061fbb6c112b4b4e3bef3bc2dbec9fdb63bd6684bc866d,3306172403,0172,8,01
2025_26,0538f479a15ba1ca6f061fbb6c112b4b4e3bef3bc2dbec9fdb63bd6684bc866d,3306172403,0173,8,01
2025_26,eeb1c38aba526b9d8ddbd3a6bbeb34b375896c01f5277a2f845e611f78efca1f,3306172403,0384,6,01
2025_26,eeb1c38aba526b9d8ddbd3a6bbeb34b375896c01f5277a2f845e611f78efca1f,3306172403,0173,9,01
2025_26,60639bfb5dc9abbcf6a49860321a2a054e505585ff525aba56b047b8270d5d0c,3306172403,0179,6,01
2025_26,ed7a8afba3b42b34310eb0490f2569a9ccc012d458a59148caae9fa85bbc7f0b,3306172053,1709,0,01
2025_26,ed7a8afba3b42b34310eb0490f2569a9ccc012d458a59148caae9fa85bbc7f0b,3306172053,1229,0,01
2025_26,ed7a8afba3b42b34310eb0490f2569a9ccc012d458a59148caae9fa85bbc7f0b,3306172053,1233,0,01
2025_26,3a46280747e6661344b9d4ebcdaec4e73b009c94d891386f8e5ef93f24197f1d,3306172053,1231,4,01
2025_26,be86024b185c2777f0285e6434c636cab8a3afc385926385c1deebb1a5fbd1ea,3306172053,1233,7,01
2025_26,993b41d3faa98c916ac7eb08b1714c60f88ab9bdb184379a8ff553c173feac8e,3306172053,0156,5,01
2025_26,993b41d3faa98c916ac7eb08b1714c60f88ab9bdb184379a8ff553c173feac8e,3306172053,1229,5,01
2025_26,ae66f5d287c808d91ea29f466052db9482cfbc42d5036b09839e1d0db43a0cb1,3306172053,1229,5,01
2025_26,47e4d5b07965a3d101f5fb9efe047d03a8cf3853032eac9c807a5dbcf6242b7b,3306172053,1231,9,01
2025_26,b20a171668ba1b9645aec6544170136af26603af65543323dccf7f32d5fde310,3306172053,1709,5,01
2025_26,2c3a3022cdbb2cb7cfdf2524a1eaba5bf665488a7a37b17a15357e7aab856544,3306172053,1229,4,01
2025_26,8cd2ea858dcb39a8f88486d677b32f1a26ee2c3fde5e8a13ba175e408c60b67c,3306172053,1229,2,01
2025_26,49c056d4c0d20e981091636ff535ed3934e378ab5d82e9634a801dbc6d7bf8bf,3306172053,1229,7,01
2025_26,cd85a75073090be1dce0a50ea82bec285f5cd7e5d17def7328bb568f7ce4d30c,3306172167,1709,8,01
2025_26,a5723ad11f3b800d43630fe99a72e50417a475ccf88bee5f5743a8be473dc8e4,3306172167,0931,7,01
2025_26,6560abc82fc7fcd63c0b60333d8226646dde6cd32c1520e8913003be004604a2,3306172167,0623,2,01
2025_26,66acb78e0f2f532fc48be30f026fe4e7b9dc40f8b88aa7a570489f5aac96a3ef,3306172167,0931,0,01
2025_26,c8e204ceae06e6d0bfdae535f368f119c11cffb3b87da5856ea983b3a296e9de,3306172167,0930,0,01
2025_26,c8e204ceae06e6d0bfdae535f368f119c11cffb3b87da5856ea983b3a296e9de,3306172167,1010,0,01
2025_26,e7127618527681553b25242fc9c76a03ac9868ec74979b2325b586a9dfbe2cd2,3306172167,0930,5,01
2025_26,e7127618527681553b25242fc9c76a03ac9868ec74979b2325b586a9dfbe2cd2,3306172167,1010,6,01
2025_26,f8a4cee414ec4d149aa6f65e19ac60f2310d5bd60646b5a5707405d50edc013e,3306172167,0930,9,01
2025_26,f8a4cee414ec4d149aa6f65e19ac60f2310d5bd60646b5a5707405d50edc013e,3306172167,1010,8,01
2025_26,13936f02540f52c6a9d60fe1ca8b60495709d9ffca28aa49ee374587b45e00f9,3306172167,0931,7,01
2025_26,a6d91449ce19fdefa764a2ca1b330091e37a585bfa65a08cd298768b45c0e25e,3306172167,0930,0,01
2025_26,7ece99e699dc74e987ff15eb9338e514e4fafb32530f6b963da765c8102587e0,3306172167,0931,8,01
2025_26,0e8210aacf83f98e8fbc544a15b9dd6b86ede02ad3e8092e8c825233d5823d3f,3306172167,1012p,0,01
2025_26,202312ea24d1e7773563b9fac2e285905c837c7109d089c3123b66459013281c,3306172167,0931,9,01
2025_26,54c4944fa6b1588458c7e489e8e3fcb17bc811203ff6765923b891968b8eecf0,3306172167,0623,0,01
2025_26,54c4944fa6b1588458c7e489e8e3fcb17bc811203ff6765923b891968b8eecf0,3306172167,0930,0,01
2025_26,ee9e61a0d0d7431397da38aae9d312fd99716fd5b51f732372e5df76ba315e22,3306172167,0623,3,01
2025_26,ee9e61a0d0d7431397da38aae9d312fd99716fd5b51f732372e5df76ba315e22,3306172167,1010,7,01
2025_26,f21577308bb1f08b2e6a1d707efd451f73bab471daca1b8787025ecfe043747a,3306172167,0931,9,01
2025_26,dcd5a9071261194853ac2e95d9b399f34b580ab9554c6aa0faf925e32be750b0,3306172167,1012p,7,01
2025_26,ac4d273ed219a79442d92f16391a8a8bf74d50d9fa628495067d7af2ff7d9b78,3306172167,0931,3,01
2025_26,292541a4a2af20fbe5e5c7df9f8df93e71a255add1bb290f3689c4d7b53fcea6,3306172167,0931,4,01
2025_26,3a3defafa340cf2f27cf0a3e826c1ead5c36c0be8acf105d6d9025491ff078f8,3306172167,0623,5,01
2025_26,c23fe6438377952a8ec708b5d926a9fd9193a1f756ee34d0638bf17d75b2104a,3306172167,1012p,9,01
2025_26,8dca4dc6bea430986162073bc80007371e18e6f4d038834884c6d5612251197a,3306172167,0930,3,01
2025_26,d1b37a860ded5b908b00860f6c0e8e2e218923ec29f1795656fad92eb5004887,3306172167,1010,3,01
2025_26,f5a30cd1b19b9cfd960d2f23274d2136f5ab4dd49d385de28056862e3171efe7,3306172135,0828p,6,01
2025_26,70a23789cfd7badaf71196c6ab772b8d1beed83bd899508d13ebccc64a0a9095,3306172135,0622,3,01
2025_26,ddc099d7f233e777fd85c2a80815ce0425febe954a5897b61907a61f7a458f8d,3306172135,0622,7,01
2025_26,6990f1064643b438a23741916aa5f305a2d53de24c2adcacd7e13adba9675936,3306172135,0828p,4,01
2025_26,b8d478f266682c7ae7072879351cb7d7d8dbb7f01c4363e7c45ff69edf49f575,3306169433,243266,8,01
2025_26,77fc29adc18b16f106a77456bc2e79082d30cc260bcab3c237269b96a52423b4,3306169433,243265,4,01
2025_26,77fc29adc18b16f106a77456bc2e79082d30cc260bcab3c237269b96a52423b4,3306169433,243267,7,01
2025_26,dba67911054d7f8e39d63085c6bf2039ac066208f23f647abc83c585e38b2808,3306169440,243602,6,01
2025_26,b80adf6418b64e37d4b547b0c6fb8aad9d6aa232516bf63bc9d07558c142232a,3306169440,243271,7,01
2025_26,a68a763bf4eda5fbee88e631e57fb2c3ef95ff74358379e819b7326b16d41e8f,3306169440,243602,9,01
2025_26,a68a763bf4eda5fbee88e631e57fb2c3ef95ff74358379e819b7326b16d41e8f,3306169440,243271,8,01
2025_26,cbf9d5f0f347bede72636f524c4ac3b5b3def2d6fe54a186807f07644917eb31,3306169440,243604,7,01
2025_26,73c04ef00c54c63432669979a4b78fdde28c1f884f9fc745939ea78ecb22c7b1,3306169440,243270,8,01
2025_26,62c365e91ac32dbaa00ff9888d4173ecb376fb5de7d6ff959fedf49e62f646b5,3306169440,243271,4,01
2025_26,a81e4df1f5d5eccc3aff90579c8dbeaa8074a72ad33048d61c75f2bb5ae06f9f,3306169440,243604,8,01
2025_26,0b5299c8463d52c297a16eff68cffe3260fc48ced964815d9c6b58b8f3f930dc,3306173997,0438,7,01
2025_26,c6ae007bba9122296320f13a7a7fccb996ad1ce6d71157ea0fe0b18897debb67,3306173997,0441,5,01
2025_26,2568472b82555eea1cdbededd07e79f33be137f8a3db237ad593c58acc6993e5,3306173997,0438,7,01
2025_26,dfcb1d155f75b995a872ad71d7f08d559ef8eda53ee1b0a1fa58fee6198f93ad,3306173997,1709,7,01
2025_26,785b588c8c1f7ef4bad1fc659a28ea4bf9620355791976500a552a8d07d77ef6,3306173997,0441,9,01
2025_26,82f4cd82df5906af29b89396af141a505bcc8a7ccbd1d2e071a4fbf9230f5120,3306173997,0437,9,01
2025_26,d88a30b93f4e2486928f49de052532a469fe3fa97b67c6673d097938bf97f814,3306173997,0441,8,01
2025_26,af673f9bc4b85f6c3fb335b0844087d4346f0cc8bb99a557f9f46f3a550b5b7d,3306173997,0441,6,01
2025_26,66e5cc51115596eb57d5e354ea7020b4bc8e747245cce2695f213dda87e6a315,3306173997,0439,9,01
2025_26,077f040efc63d8ecddc796053bda0fe19ff99ffdd787d37094b231df8e736142,3306173997,0439,8,01
2025_26,52e1bfd2f4f927e6394669ab0b2b3634c5262fe3d3e6271911ee9da01a024ea4,3306173997,0439,8,01
2025_26,d2666d7807c3ac6f7104ca6bbb16acf3193d5fdd49cdd4fbbb70be1d4a0155fc,3306173997,0156,7,01
2025_26,050dbfbef2b83666e35e7bc19498b29f79675dbd21757efba497ed6b6b0a1731,3306173997,0437,4,02
2025_26,050dbfbef2b83666e35e7bc19498b29f79675dbd21757efba497ed6b6b0a1731,3306173997,0441,1,01
2025_26,ea42808b4247a3065b28093737aeb4712a18a4b747daa53c9bc505bf01864cdb,3306173997,0438,9,01
2025_26,ea42808b4247a3065b28093737aeb4712a18a4b747daa53c9bc505bf01864cdb,3306173997,0156,5,01
2025_26,3f0fe81c38f6059b7dd17dc43aae33525fedc5fe7110024684a3c08c4f0a7621,3306173997,0441,1,01
2025_26,3f0fe81c38f6059b7dd17dc43aae33525fedc5fe7110024684a3c08c4f0a7621,3306173997,0438,7,01
2025_26,f08738b34fa52088a1cd70d731e720a843d6bf0e18ca1f440ee0e2326958e07c,3306173997,0156,9,01
2025_26,e6904d1914d020249cecb44f8979f74197aa24953ef0be8e768c03aecd9a9320,3306173997,1709,9,01
2025_26,5349136ea57cf06102bdd2ca6b12daa4a15944b4a05a413bdf98bfdbf7761b78,3306173997,0439,0,01
2025_26,5349136ea57cf06102bdd2ca6b12daa4a15944b4a05a413bdf98bfdbf7761b78,3306173997,0438,0,01
2025_26,2793c9d93fe5e438a1449c14c37fc045cf00367e16a1f5979b620a125700184a,3306173997,0438,4,01
2025_26,49d96f743472dc2e355719eea684ba2359ef5cd381bb570d732d80aed99f427b,3306173997,0437,6,02
2025_26,77e82833effdd877303f10568eefd8ce3012d02a48ea3dac86c0f0af6a84fbb4,3306173997,0156,7,01
2025_26,77f85ac39e2d5fab2e8009c0c9e49d903e98ed22e293eb565681d9ce0ba511df,3306174048,0657p,6,01
2025_26,1977e49773eddb32cf3532de61ed2974ff5381d27ee507278dfa01691c125b26,3306174048,0657p,4,01
2025_26,0017a974bf5bf8f4a5ed2d0c04e7b660befdebff60d553c4ce49f8344e410951,3306174048,0650,2,01
2025_26,5c5fba0e2a1f84975ab3b3333dd3c7bdee986f9d57664119012ef6ea2eb3a11b,3306174048,0647,5,01
2025_26,754e9f8683cf353b1a5a6f3559c6559deaf13a81803dd8f9da3347adac9927d8,3306174048,0650,5,01
2025_26,7f4dcd935b9cd442dbff4911afbe1175635788f67851fba06d2a1b570c12c3b7,3306174048,0647,7,01
2025_26,c97fc31e1e1c09a2307cd60fed3cee2d29cb07677d19f3b16094d09d238f749d,3306174048,0651,7,01
2025_26,88f742bd9ef7e77b0c34a01029fb0598e3b818e6b6e2a023cda021ab03aba01d,3306174048,0179,7,01
2025_26,8ab6c1228327b705e1790f3232dcb1d9d4aac248cfe99e88c18b4adc5e709823,3306174048,0650,0,01
2025_26,8ab6c1228327b705e1790f3232dcb1d9d4aac248cfe99e88c18b4adc5e709823,3306174048,0648,0,01
2025_26,40d9855a94024647711d015af41f94c65763daa4803ceb1058761ed056688465,3306172410,0180,4,01
2025_26,e5fa39725e801d6baa9f1ea2cf79e5ba2479424ae73719b1cfa1c05075f7fb14,3306172410,0180,9,01
2025_26,630efbe37293d4a53b328df5c5b538bf75a4d6c8553c0f70543fd39f99191daa,3306170521,028505,7,01
2025_26,67a9be4b2e282f333bfaece21b461c7741b7c8c09a5d238592243f4a945632ba,3306170521,028502,9,01
2025_26,9fb25e1f84e010fd8b6e824897ec650a9ea122abf5675d5712c8ad7904f0683c,3306170619,1709,9,01
2025_26,cc7f0e8de5c71ad10c99beada05214d476643738a834b1136de10fde808f0b3b,3306170619,1709,8,01
2025_26,6167c9d27cb91387d6784af48213ea4c8299fe1efd32d547e5828e7cb52f5cdc,3306170619,1709,5,01
2025_26,24ff1f9a7836ce09bef515660bdc12572c8f0972ff281f671978ea3b6c6c6430,3306170719,1371,4,01
2025_26,a03b1de068503a19b0dbdbc1ff79ca367b32d609fecfa55f8d78fc4cd313d549,3306172484,0174,3,01
2025_26,84123aabb04b3d023251b08ffacfdabf2d45830cd611035c0c30dd79a3d27115,3306172484,0174,4,01
2025_26,7dda2189bc542dabd8f58ddda07f80a11dda21c9f8092c5a19a80ab86848efd7,3306172484,0174,8,01
2025_26,05e47021fdac03b363a54fc393073f06fd3736b9f71c0dbb88306ec68b01489a,3306172403,1709,8,01
2025_26,0538f479a15ba1ca6f061fbb6c112b4b4e3bef3bc2dbec9fdb63bd6684bc866d,3306172403,1709,7,01
2025_26,0749dd7d42e7ed184c0b2d2cc77c3cbd8dfbe7a5663691c312dd8d107a835f6b,3306172403,1709,9,01
2025_26,c79105884bf0d149ad54e2f39ed5bd11955b16febdc482e4ad19ff6a12fe2e09,3306172053,1226,9,01
2025_26,993b41d3faa98c916ac7eb08b1714c60f88ab9bdb184379a8ff553c173feac8e,3306172053,1226,7,01
2025_26,b20a171668ba1b9645aec6544170136af26603af65543323dccf7f32d5fde310,3306172053,1226,5,01
2025_26,49c056d4c0d20e981091636ff535ed3934e378ab5d82e9634a801dbc6d7bf8bf,3306172053,1226,6,01
2025_26,2c3a3022cdbb2cb7cfdf2524a1eaba5bf665488a7a37b17a15357e7aab856544,3306172053,1226,4,01
2025_26,49c056d4c0d20e981091636ff535ed3934e378ab5d82e9634a801dbc6d7bf8bf,3306172053,0156,9,01
2025_26,2c3a3022cdbb2cb7cfdf2524a1eaba5bf665488a7a37b17a15357e7aab856544,3306172053,0156,4,01
2025_26,be86024b185c2777f0285e6434c636cab8a3afc385926385c1deebb1a5fbd1ea,3306172053,0156,4,01
2025_26,45dc16b16fc97478054d54ae70fb28f4d615a1ad84f8bb5a4b976189f44f0f14,3306172167,1709,8,01
2025_26,ff433c34c1eb6d8569c874829c7ffd5a2291f378669ad2025956397b123a3950,3306172167,1709,6,01
2025_26,08cdc734ad04f41ade219537506ae91a954d3a2cabbbda6d6c83fdaa49518644,3306172167,1709,6,01
2025_26,0da8a9f5a321121865e8de88e5399494e3da2b6b2845f1daab8cac313f0314a1,3306172167,1709,8,01
2025_26,8dca4dc6bea430986162073bc80007371e18e6f4d038834884c6d5612251197a,3306172167,1012p,4,01
2025_26,f59b96c5926d2a1119855eca5d10377ccb032ccb535f80a600ab8f9adafc3c96,3306173997,0440,9,01
2025_26,2568472b82555eea1cdbededd07e79f33be137f8a3db237ad593c58acc6993e5,3306173997,0440,9,01
2025_26,498c097a93eec82ceb15f758df9c330ea62cae123e177c27a2818b6e726047f1,3306173997,0440,0,01
2025_26,52e1bfd2f4f927e6394669ab0b2b3634c5262fe3d3e6271911ee9da01a024ea4,3306173997,0440,9,01
2025_26,9de602683d52a430978bbccbb713cd00d3bc855aec0823fa2214a31abb3a3a73,3306173997,0440,7,01
2025_26,a533a19664ac80b4bcb53c30e4747d29dfc8c1cb1c76f25bc757f6414e3d2456,3306173997,0440,10,01
2025_26,d88a30b93f4e2486928f49de052532a469fe3fa97b67c6673d097938bf97f814,3306173997,0440,7,01
2025_26,e4df794ed66bcbaa4291a3db4b9fd4021c002d6f612bc4a76fce2531c16fac32,3306173997,0440,0,01
2025_26,e6460e1a0c2b69deec87703915055645caf94ffb6d6c8104ea287f8413cdf4dd,3306173997,0440,9,01
2025_26,3f0fe81c38f6059b7dd17dc43aae33525fedc5fe7110024684a3c08c4f0a7621,3306173997,0440,8,01
2025_26,fb08df1c5f415ac814446b15c86f3fce18a7f8e0cb2f174115e02ffd8cf2f9f8,3306173997,0440,7,01
2025_26,01e3f64bd51485d35b24211fa6f02d4154380cff02ed6f4751286546b3d9b7a5,3306173997,0440,7,01
2025_26,76976ed4eb017122d705ff8b352d5f6e5da1350dd9e83748f08caab535ef3d23,3306173997,0440,9,01
2025_26,4b9859e3a109f7926a75642d0dbe23f108099475d85fda747f555fe0ac842430,3306174048,0648,6,01
2025_26,0b907759cfddadc2676d686458d1a07c559d890e5b75f33e5aabf29c4e2e351c,3306174048,0648,9,01
2025_26,7d5f843705ff9bf765125cf22e7a5fdd9ae2c9bc0d8cdfd89d6b33e7bfcef539,3306174048,0648,0,01
2025_26,7794bb65492780cde77c03c1db4b8127660777050f463049f98d6917d5ccf34f,3306174048,0648,0,01
2025_26,516200967fac07b86bc69c8fefa2f1494fcc6262de2ec9f49e4453104344e2b9,3306174048,0651,5,01
2025_26,4b9045212484beaf5ff4f9e3f90e65df0abe2887cc4d6c5a592d6b00f80b36b9,3306174048,0651,6,01
2025_26,5f758b4853d526dfa589ded2361cffd1665552c77372f4bf9193edc0df68cae8,3306174048,1709,6,01
2025_26,4b9045212484beaf5ff4f9e3f90e65df0abe2887cc4d6c5a592d6b00f80b36b9,3306174048,1709,7,01
2025_26,1d31bcb25f551fcf6244c79d9618f76621792691b92239811fce1643519aac90,3306174048,1709,7,01
2025_26,10d4e7f9d6af776fd91779dfcd1b59493e4cccbea0766fc0b90ada402c4f34e3,3306169651,1709,5,01
2025_26,5b735f26e6f77b4ce69f0ddd5322adfca02cefb60f5f3b1150d2e19ae545df9c,3306169651,1709,7,01
2025_26,8f888b395955d255e4a39c3fd880d2b2d87f6ef203a54d03fe597bd2f1752bd0,3306169651,1709,7,01
2025_26,42aa98471b8bdd8a90a522888480b7ae7fb42d954b81b107863bb1d6f6c0b30e,3306169651,1709,5,01
2025_26,cf8bfad29e6fd74819f0cf4c10deeb7cbb2e6d44dfeadac12796a294c1c55a7e,3306169651,1709,6,01
2025_26,db237067000ca6e09e080b13aa0f8c069465d8d3e2a1f9c2cb05f576067ae13f,3306169651,0616p,10,01
2025_26,8054c6e0476794e30dd745a77398ecb1bc638ee6760945ec2a0f161e6352860e,3306169651,0616p,10,01
2025_26,9cbc4b73c84ef49583fa65563958fa766fc9d8e4b6eb67bdb8e3ce36d5ca553f,3306169651,0616p,9,01
2025_26,fdec83d934356de77e279025a07ea734bc2d5ae4269315aa4ef56bba6613e1e5,3306169751,0375,4,01
2025_26,142158b5efced2348a21368f2b7976d4eee50a9fe6e4f4c765bd7d8775dbe6d7,3306169751,0375,1,01
2025_26,6c6c08962698faf434d13596a2f4fa9b83d0800492f2c7f3d0ab5b67368f3fc7,3306169751,0375,8,01
2025_26,09df3749b33c5e50c10d4bd62f7f25f8935679e00ebc243c9348c5e5eae87b95,3306174046,CVOPT,9,01
2025_26,dc93dfb5a07fda1fbac7e3234b177154239f1b9a8217682337b1e493ae53a436,3306174046,CVOPT,8,01
2025_26,2012af3d9f00b60bfe2d9bab1d99339d1f5c96656f2243a15c2a16fd6c93d2c2,3306174046,CVOPT,8,01
2025_26,252a32167aa02f42e9280f38270f85fa5aab05a829285d000cf47baa6ffee1b7,3306174046,0655,6,01
2025_26,b62e2f0d9a44280c59ea52b9f938ef252ff323f431ade972979add08b0b783c4,3306174046,0655,10,01
2025_26,13a5db0c47e6dc1b97e6e4b545ba2a42ef13e0e9040144aca8359463ce78bcf8,3306174046,0655,8,01
2025_26,6e8a2bf0a06ba8011fb9654d9e95ab9f4bedc01519a234d06a5b692f31023915,3306172060,CVOPT,9,01
2025_26,73c09fe9cee7a2b51013fc4723575d73584b5177d5088389f595986754cd5304,3306172060,CVOPT,5,01
2025_26,c9ef752d08cc60dce5011bbde18c7ff045ab7c63736b8ce9ffbbfa6c568e0e51,3306172060,CVOPT,10,01
2025_26,2867126a6247e3d096289dfce8876bf5da64c50ecc7e17b582743249b56c38ee,3306172133,0822,8,01
2025_26,90e11333d1fc18cd172687c94dbf8b530e5d4653baefc95838598781c89df0cd,3306172133,0822,4,01
2025_26,77e403a6901bc2fc86de730faec36f305ace8095795f811af5ca544611b29d3b,3306172133,0822,7,01
2025_26,bc12ba4a1e0744bf0ad86028f479ed024620c3e3a9df29da836ed8770fd65e3b,3306172330,CVOPT,6,01
2025_26,3bb91f2d1c74f2d8bf89d734ec8f6884aab423a161e398a553e0809b0bddbc8d,3306172330,CVOPT,8,01
2025_26,500af0b47ae2bb32658dc7b3f2f66d16d4b157e29000fa767c9b037d8c4006f2,3306172330,CVOPT,8,01
2025_26,482ad2af2aa1a8c7050d4eb6971b0db96b9aeefc17d13212fc543ac2e46d2405,3306172330,CVOPT,8,01
2025_26,73604c4070d76bd0ecd73856b8cd6b9355187e07f9cc8c618cd8d82855418516,3306172410,1708039,8,01
2025_26,e126f996595f7a88f1b742723a734a63cc94d4c2a04768c36d94924faaa567b8,3306170521,028502,9,01
2025_26,2752942803b77267913f1e8510f02e775fbfdc4b2508bddf5b7b6696968b4332,3306170521,028502,7,01
2025_26,2441a618859278c4696273380e492c6cfe3d98a5784f18b672f5ef65e2117a01,3306172332,0383,7,01
2025_26,e54e65978c80b80107214ceaf261d716a76c668e49c6543ba496410238fa0d76,3306172332,0383,8,01
2025_26,f59a7053c9ec24d386d4e7c9def957593d67b36b4862acb454f261cde30b5691,3306172332,0179,0,01
2025_26,f8a4cee414ec4d149aa6f65e19ac60f2310d5bd60646b5a5707405d50edc013e,3306172167,1012p,9,01
2025_26,9b320d9bee526d1c898bdafc98f9c91d0947f6180a0b2194951c7c9447b033b2,3306172167,1012p,9,01
2025_26,d2666d7807c3ac6f7104ca6bbb16acf3193d5fdd49cdd4fbbb70be1d4a0155fc,3306173997,0438,7,01
2025_26,e15dd3a5d2d0b462ce364b56a404a95933cc3e99a6c10f245e3bec48956da069,3306173995,CVOPT,8,01
2025_26,70d288a37ce05ca78e1eeeda48cc6e8bfe6b57b4560821c59dcfdc660fca2951,3306172060,CVOPT,8,01
2025_26,af13b1e047cc871852ff8c50af4ec5448ebf57eb43ab0a5f946dd4bb22d2246a,3306172133,0826,6,01
2025_26,b6946ff8d85eee2504e1044d1faa355bd5549eff5f2d318025b581ad6be24ed4,3306172133,1665020,8,01
2025_26,3beca415d97ec131dbfe58cf1385051ef098d8339096fdddd5f19d0432a5a3ed,3306172330,0399,9,01
2025_26,e1b59cc3d5c7d96fca18d00598892e45a80dd79b6a80114568587b04eb87db69,3306172482,0178,7,01
2025_26,d34e796d182a1709226891b921273fdd1aabaa285fb0197ccd1679cf81c684ec,3306170719,1371,6,01
2025_26,c7e1a8c406319d76c7bde0470ed7c5bf40f7165795bd388f4f63532390612c3a,3306172053,1226,4,01
2025_26,492b332f301408f8e92883512cbf3a440293300e41db6bc40eef59693e545818,3306172167,0623,6,01
2025_26,9ec30307478bd2a241b56a78ceda9122197177cd5d3466ec1ed79e82345453e1,3306173997,0438,9,01
2025_26,d2666d7807c3ac6f7104ca6bbb16acf3193d5fdd49cdd4fbbb70be1d4a0155fc,3306173997,0440,7,01
2025_26,855debfe9f0a935f207ea0c9563e6cc586554599b8aadd3ff59df67d96dbac6b,3306174048,1709,10,01
2025_26,dfced5735d0491accf35c8d22aa2113e742b52d286fe536a9f0d63a549ab0476,3306174048,0657p,7,01
2025_26,dfced5735d0491accf35c8d22aa2113e742b52d286fe536a9f0d63a549ab0476,3306174048,0650,7,01
2025_26,9f411de2a8e07ab41bec90fc6f9b154f0299b14931075f105bcabded76c33d2b,3306174048,0650,0,01
2025_26,516200967fac07b86bc69c8fefa2f1494fcc6262de2ec9f49e4453104344e2b9,3306174048,0179,7,01
2025_26,5f758b4853d526dfa589ded2361cffd1665552c77372f4bf9193edc0df68cae8,3306174048,0657p,6,01
2025_26,1497ed5ffe286232d740cfe4c7eb1898773fa3989688b7c5d17b3d9b00fe7217,3306174048,0179,0,01
2025_26,72427340d156cfa5d3bff484691d891dd082b245d18990f94dc761e6169fd462,3306174048,0649,7,01
2025_26,0b907759cfddadc2676d686458d1a07c559d890e5b75f33e5aabf29c4e2e351c,3306174048,0651,9,01
2025_26,69fbdb5a4eadcaff8ba32514179d048f01f07f5ef8f20020214aa6390b23ccaf,3306174048,0651,0,01
2025_26,7d5f843705ff9bf765125cf22e7a5fdd9ae2c9bc0d8cdfd89d6b33e7bfcef539,3306174048,0650,0,01
2025_26,7c60a1e422fb050fff9fbba3df25064d8f9d4f5c24b47e6741e5f5a207a021e4,3306174048,0647,3,01
2025_26,af057deff173124dea920906a444c5b2c4c6c37e2f2f30268ed15c55c53b6200,3306174048,0650,9,01
2025_26,7887cf073f3bd53ee24563e801537af5a5f504d6cee6545e403c61f470db4a70,3306174048,0648,7,01
2025_26,da0f53698eeb3574347e384758155cca56d7ef072b005c1f9a5926a44323af88,3306174048,0647,8,01
2025_26,2e266d5ff239c10a1a8b9b5f0d860d9a39c9ebd49de35a4f271a1248c4b14fd7,3306174048,0179,5,01
2025_26,e0d2bd9058f7d603d6e9c2775650340c6f126ae2fbb6b75ac2c2d08940a9eff9,3306169744,0372,10,01
2025_26,592dc1d4cc750281494b8ea94853afd538817e5f5f3947f50d726269730acddc,3306169744,1709,7,01
2025_26,f903e1554284e19278483168367070a0efaebe8b738c2cfaa4ca8d5bb1e5a3de,3306169744,0371,8,01
2025_26,230c7dcf7b05175ef97151f2cf230cc290223e3ac2c54d0bb576cea5f8ee98e1,3306169744,0372,9,01
2025_26,ba2c0b743bb5223c2f624a60fca8e425074f221b6072c47e1c4c018c8cd8eb4a,3306169744,0370,8,01
2025_26,2b582d9fbca7b9c82d7db62cbb59d7fc98b49affeec50b05634c274a03e84a83,3306169744,0372,9,01
2025_26,36609aef4e3365e525f60e03085709425ac73d55cf7e05a42254a739d704896f,3306169744,0179,9,01
2025_26,0fc39efaee8a2b371ffe60942f1f2249f7a85f617d3588228f473dd386b1ec72,3306169744,0370,9,01
2025_26,96eed9d1dc68d145cfdb31ffb4d9fa80c0b7c24c9f4fee70a0fa888c25e22831,3306169651,0487,7,01
2025_26,78590b2aa79899c53c39d4d3d5b393f2668afa57332492dec4b1e8607e4e126e,3306169651,0485,4,01
2025_26,78590b2aa79899c53c39d4d3d5b393f2668afa57332492dec4b1e8607e4e126e,3306169651,0484,6,01
2025_26,3542ae54700cd06e480070de6a472768137da5473577581b88eb63c6be22ef76,3306169651,0616p,9,01
2025_26,2ee363575015a5fd983f00c2f6195e745236e5999b23e9e23b803f74761c74ec,3306169651,0616p,10,01
2025_26,c4124b00fb930f72317c2d46aa716f692afe2e2942444d2ef1a52e57f5bc9cd0,3306169651,0616p,10,01
2025_26,c4124b00fb930f72317c2d46aa716f692afe2e2942444d2ef1a52e57f5bc9cd0,3306169651,0487,5,01
2025_26,822091bb64610fdffc78ad0538be10601f5c9ca18b1d4a19f08083ac18c8542b,3306169651,0616p,9,01
2025_26,826391349266038923c3e20caec6cef0af39e2204a3e90eef18e827eca08570c,3306169651,0487,7,01
2025_26,00294639d38f54b740cae7137cb094cd74635005a241b9805cd9f91a99952fba,3306169651,0487,9,01
2025_26,db237067000ca6e09e080b13aa0f8c069465d8d3e2a1f9c2cb05f576067ae13f,3306169651,0373,9,01
2025_26,371d57f65d21544c1eacd29a3bfce03c28ff70f4d2f4dd551f4e35a4a4a2f39d,3306169651,0485,9,01
2025_26,0fa55fc5fd6a4a78829f6bf58c8a6ed35816130e835d902321d0605dd6b8e18e,3306169651,0487,0,01
2025_26,8eccad113aa249e1ba8e20c6777f7a3ae8bc6fcea1aca1035c4a5671fb26f1e3,3306169651,1709,0,01
2025_26,2f020675fb262606292d8afdb33dff2edde6f09546428edd47cae01039c05a18,3306169651,0487,6,01
2025_26,c9cfbe96940988702f1916e3a0f4629e0876c7bdec39928605df2a5b824d0fef,3306169651,0179,0,01
2025_26,c903fc0e07b7002fbe5941dd10224160fc8054af1ae26bf9f4d37e27e7f315c7,3306169651,0483,2,01
2025_26,cdfe57e30b518df0ef6bf4917ad5f791dec6ff963fbf35790f62ef99aaac0471,3306169651,0179,8,01
2025_26,b933641fb3c4cefbaed7a01f1de14a86489da970e304bbedecd45f540943b8c0,3306169651,0484,0,01
2025_26,13556de0742a0121646ee0023958dd986147ff716e5e5d4351f561e5c0bb2a74,3306169651,0179,0,01
2025_26,7e1a3466b59db77ddf8fdad863326c426521f3cd4e43f38ac7d0c45aa17b1264,3306169651,1709,8,01
2025_26,a1108d5a0e4be9aef28d4cd6b1eed26cb4f3419d2db69f80714556f0002c1a2a,3306169593,0223,7,01
2025_26,26b36a7a83a944789a57096aa71471ac90c405052886d56b9402d3568883b350,3306169593,0221,0,01
2025_26,c912b7c54223e15ec625cb8b27081ad549d4eed859fbaeef7d1bbb493fdfb66c,3306169593,0222,9,01
2025_26,59c699fa25069387fef2adc86da1c68366a9797e0d40d3d734725f0079715bea,3306169593,0225,7,01
2025_26,f0aa5208447420c5226d65c72a24cf65253d559d8850829a2e8214d5d1242f97,3306169593,0156,5,01
2025_26,a2a701f2889655ebdf59e42e41668e039160544a1b836f89f23ff139b81f61c1,3306169593,1709,7,01
2025_26,15863fc7fde487861197fce158abdeb3bf1bec6673200d901193aa05205d4484,3306169593,0223,4,01
2025_26,6595bc3d5ccb32c09b5227f7d96f3e7c870795abe37443fb13e3a9b09f664645,3306169593,0225,4,01
2025_26,739c0dd4cb324f970995671f1d472e4f1c226bd418750b76292aca1c579765ce,3306169593,0156,8,01
2025_26,d6b684fac33c8112a4a40df824bbcce34385cc1ec713c73beb931d16837ec020,3306169593,0225,7,01
2025_26,74a73353144a73ae62fe025cf095ccaa79c7d901cf13812e3a25364327c26309,3306169593,0223,0,01
2025_26,1222a23776f7f5bb7c69319ef20a31b83563cb9c64974864bb24673e511f53b1,3306169593,0222,4,01
2025_26,85f988e9688efa19474841a092c5c32195d3a0fa497fc1cc31df3c92b1a78bbd,3306169593,0222,4,01
2025_26,c27b5f405a4d1b07c527961e9cdf96bf53903e11ca227c731b6ad81d9eea27ae,3306169593,1709,7,01
2025_26,b9cea5129706acdb5708e79384f6f56906f0f8f315a8cfd60f84123ebad9ed2c,3306169593,0221,1,01
2025_26,08b4e716be694a0d06d911f2c82f4be6636505a5b58febca8ab364021dbfc10f,3306169593,0225,2,01
2025_26,08b4e716be694a0d06d911f2c82f4be6636505a5b58febca8ab364021dbfc10f,3306169593,0156,9,01
2025_26,dff0715b4ee7566ec99187f7aecedbf4b48b5f95015c063825950c72497176eb,3306169593,0225,7,01
2025_26,757f4a2c28913db43512c9ee59364ed03b24981ee7c839ce91cafbb9407af5dd,3306169593,0221,5,01
2025_26,397620bbb61beef4fc5682dbe236e1b07f50b459709b28ae7a901be909410374,3306169591,0226,7,01
2025_26,6f0bb76a6ca11427a14e1756950bdcdaaf79e63529c5f8f310a51752248bf9d8,3306169591,0227,3,01
2025_26,40d6bf597a1a0718d02db2dbfcd0b0ba061b997085a81760d1b2cf4a7c34c8e3,3306169591,0226,8,01
2025_26,40d6bf597a1a0718d02db2dbfcd0b0ba061b997085a81760d1b2cf4a7c34c8e3,3306169591,1710,8,01
2025_26,867202a83dba25714edad821cd1e24322696bb5104c8266db215c3c841d86a54,3306169591,1708190,10,01
2025_26,867202a83dba25714edad821cd1e24322696bb5104c8266db215c3c841d86a54,3306169591,1713707,10,01
2025_26,972661a5ded9b351208d3e9d46c91f13f8b0f21cc39df20e321d725890e177b9,3306169591,CVOPT,10,01
2025_26,3a111abf1a7a21bf577200ea113d05c9edf3025035dfa4bf9b7e8f0a8998526c,3306169591,1708190,9,01
2025_26,13451625fe737ce41011d37b17504dd26a9be73c5926e67d52a99b4574184c28,3306169591,0224,4,01
2025_26,34891adaac5a043d44f3d15d546540da0039886c4e4a9657c88ebdbd1fb2c275,3306169751,1665190,10,01
2025_26,34891adaac5a043d44f3d15d546540da0039886c4e4a9657c88ebdbd1fb2c275,3306169751,0379s,9,01
2025_26,1915452ee704091b5b6b3d1dcca4f67aae2059e4126a7fff35a8320973c46780,3306169751,0374,9,01
2025_26,f6c302768e0468951fe73d905bfa4ed345d8158b6735ac696cdd997dffa0f26a,3306169751,0375,2,01
2025_26,047d440784e11fa29ad2e96d76f3fdb9a2629d7440f44893cca04bfc9807a23e,3306169751,1708190,10,01
2025_26,142158b5efced2348a21368f2b7976d4eee50a9fe6e4f4c765bd7d8775dbe6d7,3306169751,1665190,9,01
2025_26,f1520e95b298e1cc0b3942f1f72175760424a5ea017a91c29ed982bbe1cde3b4,3306169751,0374,8,01
2025_26,74747ce230305dbeef72ba2d2bc98e74e9436abdb3b40fdb5c1d0f0d7714457a,3306169751,1710,9,01
2025_26,cccc7db51b4df292d3e8a6a8b38251f157c570d6550f27cbfc3d9b846988d425,3306169751,CVOPT,10,01
2025_26,cccc7db51b4df292d3e8a6a8b38251f157c570d6550f27cbfc3d9b846988d425,3306169751,0375,8,01
2025_26,fdec83d934356de77e279025a07ea734bc2d5ae4269315aa4ef56bba6613e1e5,3306169751,0379s,9,01
2025_26,d3f405665eac5f3802415539fa1deabe78f41dce1e5fdb28f34a6f13845ea53f,3306169751,0377,3,01
2025_26,d3f405665eac5f3802415539fa1deabe78f41dce1e5fdb28f34a6f13845ea53f,3306169751,0374,7,01
2025_26,348eda024cfa001cde4a6ee02d96741347277693927793885808c3a1ff13b6dd,3306169751,0375,7,01
2025_26,348eda024cfa001cde4a6ee02d96741347277693927793885808c3a1ff13b6dd,3306169751,0377,7,01
2025_26,348eda024cfa001cde4a6ee02d96741347277693927793885808c3a1ff13b6dd,3306169751,0376,8,01
2025_26,b4762867c3406253055e231d10983787abce3b2952fe6c121446ab0feec5a447,3306169658,1710,0,01
2025_26,ee29b13c0682d2c9d4550e33452944e6982b8e8198b2841e1fa30164a1b9ec71,3306169658,0614,6,01
2025_26,ee29b13c0682d2c9d4550e33452944e6982b8e8198b2841e1fa30164a1b9ec71,3306169658,0613,8,01
2025_26,b5199a49b597efc5d445ecac778e7ebb6dbd0f6a37e5fb6e47d8e59b4bbb5dbf,3306169658,1708190,9,01
2025_26,d0a0fa4a3759fddb967ad99422e20c543e10b4402ac1ca77926fb36686eeb146,3306169658,0614,3,01
2025_26,411ed29ce82c50a407b536c0cd30217a7ffdf8e258cca9c5adc38081d5b908be,3306169658,0615,8,01
2025_26,7583f648a5c0fe3aac388c64097ed996e8f085163d129b68572ca9035f215d7a,3306169658,1665190,8,01
2025_26,ead8d9329a3a47f3b1c79a0f10473bd4ffe9609692298c9e807563b88f29fa2a,3306169658,0616s,3,01
2025_26,0f0e267f4a27b75b87cad6c03403a0306e712c168d4122c8f81df5ecf1f1fcfa,3306169658,0613,3,01
2025_26,e3f55fc31ce2712635ef445b4be7f353b8a183b48ccc80638dae2ee349852a82,3306169658,0616s,8,01
2025_26,e3f55fc31ce2712635ef445b4be7f353b8a183b48ccc80638dae2ee349852a82,3306169658,0613,2,01
2025_26,336869d5e562b49cf02518e0800cb658d19a9c575633794e430bbf954f943a6c,3306169658,0612,3,01
2025_26,bdfb2d3f06a43a86401824ba6d87e4be999170c50364f06ba0a5a7ea8f910f3c,3306169658,0612,10,01
2025_26,2d0c3145df52a0dd7aa0877b406d3de0f9e0092a8c4b5d22480b936ab498b7e2,3306169658,CVOPT,3,01
2025_26,c70c4641d8b02f785948ceca733032a6946d0c2e7a7047fac9af48fc3c868792,3306169658,1708190,4,01
2025_26,c7b9e230aa6a79929c8d84c945acee0cabdeefc73fd5513684b11397eced637a,3306170617,1710,4,01
2025_26,f6458d55d1e6e6e12668bec18ae36d5d274d11121e8fabb071e6c048319d0ffa,3306170617,1708061,8,01
2025_26,4809cb4342e17cbd1cb864924d77094d6f16c0f734dcdc4ee5dcbe0464b25252,3306170617,1371,3,01
2025_26,bad52ec410ef9ce0051f70ec5c38daf52646cb8007be67b3fe41a946a1fca973,3306170617,1372,9,01
2025_26,bad52ec410ef9ce0051f70ec5c38daf52646cb8007be67b3fe41a946a1fca973,3306170617,1374,9,01
2025_26,c1d21d77bf08b135bc5ca9b6ab0a6852da4e978470aa6835fa9f0caf55cb0589,3306170617,1665061,10,01
2025_26,d8c9f520e910796788523b36ff465e7d3167a736f96e0b230362aace73941a2e,3306170617,1665061,9,01
2025_26,1076a7e61a8af788675b68090326b12080a81f374eb459f011aaded8b5ba9a50,3306170617,1371,7,01
2025_26,26fbf179f16297cb979067633c4ef2fe0ed66a62036a368e306d8fd7163b19ef,3306170617,1375s,5,01
2025_26,23f72a570e8d01479c0d9ebacf5471421ce8652915584368def9cf2b5bda320e,3306170617,1371,9,01
2025_26,615b692a42042fbca24c874fcde9bfd1a7e6633e68af55a2454d70442d2eb202,3306170617,1373,8,01
2025_26,df514e09fa707c221ba8573c11454fdce911dba3441ca71c615437c130d6defe,3306170617,1372,4,01
2025_26,56e107d5499404c540be1a0a6f5a3b8dc90fe1996a17d74f921f8f0eb6f67aa9,3306170617,1708061,10,01
2025_26,d5a7dd69007d7516308fc0a0b7099b5933414942235685c2eb0c1ef241c11216,3306170617,1374,8,01
2025_26,9b5bba959f4148a97cef7db6b47d8b0005c4b2431d53c21492be4c3fa34e83cc,3306170617,1373,9,01
2025_26,37c799c39ac725eb0ef72ec5f4e49d96e9ef687e21f841390df96cebc7ef8eb1,3306170617,1710,8,01
2025_26,6bb7bd00e07a53a2f63df6d28f6a2fd6c0f1d718e082f327a8b217df7ead3d9e,3306170617,1665061,9,01
2025_26,7657e190bfe788ddf76b72b85bbd8aff95ddf3d13a88174b780436cb66a28822,3306170617,1371,8,01
2025_26,fbda2d29ae9b0ce147516fb74b0142f6396f10151ea62a475d529314f462d40a,3306170617,1665061,6,01
2025_26,b7f57d1a9d04a3e6007ef528923e74c6a7c626f96332ca150312fd2d1c516728,3306173995,1664001,10,01
2025_26,b7f57d1a9d04a3e6007ef528923e74c6a7c626f96332ca150312fd2d1c516728,3306173995,0446,6,01
2025_26,b7f57d1a9d04a3e6007ef528923e74c6a7c626f96332ca150312fd2d1c516728,3306173995,0442,5,01
2025_26,38e75f70c8cfb37616f566aa5b06524ce35ae0d2a881f05bc2bda34de5d9f69d,3306173995,1713472,9,01
2025_26,c2353f978474d787d7a9bff77ef935ac2f3ad4b22524ef4f8e14a969823c80af,3306173995,0448,6,01
2025_26,72b104dd5719c53f8579320c4d908b5b707a00397e5c6e11d246c9c8aca973cf,3306173995,1664001,10,01
2025_26,72b104dd5719c53f8579320c4d908b5b707a00397e5c6e11d246c9c8aca973cf,3306173995,1708001,9,01
2025_26,4f51007c14551241733c4d6bd7d10aa1224f9da82b5347aae91b41754641f589,3306173995,1713472,6,01
2025_26,e15dd3a5d2d0b462ce364b56a404a95933cc3e99a6c10f245e3bec48956da069,3306173995,1664001,9,01
2025_26,e15dd3a5d2d0b462ce364b56a404a95933cc3e99a6c10f245e3bec48956da069,3306173995,0448,8,01
2025_26,0e3f65fdb6c703e0ea8a9e1261a4fbef2d36e64183ee3af36786efbb6bcd4b59,3306173995,0448,4,01
2025_26,613b7d5c2a37c56e7764e7423d73381c43e4a53da28c97e7f192add8001b5e8a,3306173995,1664001,9,01
2025_26,a009548ef1cd4aefa8762d14f3e43d928affd242163f9f3fbfc2ca7f94d7c430,3306173995,0443,6,01
2025_26,b39d3e2225b94e54b2c7b93c071ae0b0e318488da8e38a37001fb5f90221cc57,3306173995,0446,8,01
2025_26,77952da7dfbc104e59c48b90503f35af9294a28d9cfa4f2bca5ed7eda5654ee5,3306173995,0442,8,01
2025_26,979c7209c849880e6f2b7e0f6911df426fc58b5e59d839dfb4662284193ac960,3306173995,CVOPT,10,01
2025_26,979c7209c849880e6f2b7e0f6911df426fc58b5e59d839dfb4662284193ac960,3306173995,1664001,9,01
2025_26,979c7209c849880e6f2b7e0f6911df426fc58b5e59d839dfb4662284193ac960,3306173995,1710,9,01
2025_26,a10c7519c10305dc5ddfb23ad2e20dd5ff792007e3ee8bb116aa3f907156de86,3306173995,1713472,6,01
2025_26,a10c7519c10305dc5ddfb23ad2e20dd5ff792007e3ee8bb116aa3f907156de86,3306173995,0442,8,01
2025_26,7239bc90b0c510c6aa59291aba3bd356efd538a20fcfd33b5c9f366802a52583,3306173995,1708001,3,01
2025_26,7239bc90b0c510c6aa59291aba3bd356efd538a20fcfd33b5c9f366802a52583,3306173995,1710,3,01
2025_26,9fda87fd660d386ce9adb61f4876c165c2abdcff7044e5b7604f8579dd766ca3,3306173995,0446,4,01
2025_26,a42315ece951a5f0d39bcfb3425f7e8c23b48f8671883926e49f3dcb93789d9e,3306173995,1708001,4,01
2025_26,a42315ece951a5f0d39bcfb3425f7e8c23b48f8671883926e49f3dcb93789d9e,3306173995,0442,5,01
2025_26,e33706626d3e37c5c20e9f08e01388fdbf20f89aeb32b784039f9d3b788de7d9,3306174046,1665001,8,01
2025_26,5f1fc32d6bf54a01dde61ab010daf07ed029afca5be0daca90eb4d9fa3c9475e,3306174046,CVOPT,10,01
2025_26,5f1fc32d6bf54a01dde61ab010daf07ed029afca5be0daca90eb4d9fa3c9475e,3306174046,0653,9,01
2025_26,09df3749b33c5e50c10d4bd62f7f25f8935679e00ebc243c9348c5e5eae87b95,3306174046,0656,9,01
2025_26,4432d120bcfaec86e2c4f8b58860122c3892c5d3bbeb68b6816e87afb1750aba,3306174046,0653,6,01
2025_26,0cf9870fe9fd232ac1e27611a8a4ec5c9cb4dbb87dbdf318aa9859cb88f3ac3d,3306174046,0657s,7,01
2025_26,a87559877bb04d535bdb35adfbc31ba61dafe1d317623db6107544a20fd39369,3306174046,0655,6,01
2025_26,b62e2f0d9a44280c59ea52b9f938ef252ff323f431ade972979add08b0b783c4,3306174046,CVOPT,10,01
2025_26,252a32167aa02f42e9280f38270f85fa5aab05a829285d000cf47baa6ffee1b7,3306174046,0656,7,01
2025_26,dc93dfb5a07fda1fbac7e3234b177154239f1b9a8217682337b1e493ae53a436,3306174046,0654,4,01
2025_26,7b9e0f274b0f9d4241a20cdb01cc52ffe9042b1646224e2c922517f7b8e20f79,3306172060,1664020,5,01
2025_26,1d74bb939aafc1f226d23d9f80169b2b041b259d52826203031cd26bfd8bebe9,3306172060,1713925,8,01
2025_26,1d74bb939aafc1f226d23d9f80169b2b041b259d52826203031cd26bfd8bebe9,3306172060,1664020,7,01
2025_26,118ee637d91088196e5ccb982f9455c5d3a14a0d17b92b7b8435c6ad5f4f1f96,3306172060,1664020,7,01
2025_26,73c09fe9cee7a2b51013fc4723575d73584b5177d5088389f595986754cd5304,3306172060,1235,4,01
2025_26,083403937763efa0bf3730e3765044e41a6b8d2da7c174a6dcece6983ba2277f,3306172060,1228,7,01
2025_26,c9ef752d08cc60dce5011bbde18c7ff045ab7c63736b8ce9ffbbfa6c568e0e51,3306172060,1230,9,01
2025_26,70d288a37ce05ca78e1eeeda48cc6e8bfe6b57b4560821c59dcfdc660fca2951,3306172060,1713925,7,01
2025_26,70d288a37ce05ca78e1eeeda48cc6e8bfe6b57b4560821c59dcfdc660fca2951,3306172060,1227,7,01
2025_26,d132915c261a277711c823ee394868eff73ea7e3b7212aadf7e66da8d9e04c10,3306172060,1713925,5,01
2025_26,8f00023f27a98d52ed9a1f1de2bcdc5a1ae71052cebb74e19eea9d92bd02ffbe,3306172060,1713925,5,01
2025_26,c3f586139b4b3d972d92987178718a8c0ab01ef8e182622a8b1cdcafe1750d21,3306172060,CVOPT,8,01
2025_26,2867126a6247e3d096289dfce8876bf5da64c50ecc7e17b582743249b56c38ee,3306172133,0823,8,01
2025_26,af13b1e047cc871852ff8c50af4ec5448ebf57eb43ab0a5f946dd4bb22d2246a,3306172133,0823,5,01
2025_26,8604e649b4230808cacc32cc8cc9b7b57d52446ff659e100169b13d1a500f5bb,3306172133,1665020,4,01
2025_26,b6946ff8d85eee2504e1044d1faa355bd5549eff5f2d318025b581ad6be24ed4,3306172133,0827,7,01
2025_26,77e403a6901bc2fc86de730faec36f305ace8095795f811af5ca544611b29d3b,3306172133,1665020,8,01
2025_26,77e403a6901bc2fc86de730faec36f305ace8095795f811af5ca544611b29d3b,3306172133,0825,7,01
2025_26,04b7cfef01e64cfd4b1496b768be2fa88ad1d6be84bfd088c045854f4373fb89,3306172133,0822,8,01
2025_26,d99696ac7399f9b7c7d23393943d9c321015b9b768cc1bd628dceb80aad5221d,3306172133,CVOPT,9,01
2025_26,fd877dc1c7b93c8c06a462d2eff37378191c79b52a50cfc0cec21d0c4d29b22c,3306172165,1007,6,01
2025_26,fd877dc1c7b93c8c06a462d2eff37378191c79b52a50cfc0cec21d0c4d29b22c,3306172165,1110,6,01
2025_26,35bd981afa9407ae8bc274a0955391a7a57f30ac357a6b90d04c85cc7b7cd921,3306172165,1011,6,01
2025_26,7283b898d94bcb71dd4883a04bd05fc0a9931b719946ebebbea7b83723773460,3306172165,1708020,8,01
2025_26,7283b898d94bcb71dd4883a04bd05fc0a9931b719946ebebbea7b83723773460,3306172165,1008,4,01
2025_26,7283b898d94bcb71dd4883a04bd05fc0a9931b719946ebebbea7b83723773460,3306172165,1109,8,01
2025_26,799798f993c4f212a337dbf6c94fe05f7b9150de73eaf1019095a86fa76c5330,3306172165,1009,9,01
2025_26,4d204e60470d5745757c8ab5cafe9a98db40cf0a77d53be827b92adc4639c0ad,3306172165,1110,7,01
2025_26,504eedb52a4b86251bf102232af293556e33bc206a7ee75e92e9cc9ae32a495d,3306172165,1109,6,01
2025_26,34a85fa256424c26834edefed25024b96dcf5af2e040dd4ea080cad20a31d45a,3306172165,1665020,9,01
2025_26,1cb1280ee0aa3f42ca66c3d1f51d9671e4c46d2abe933543cc4c4b95134071ac,3306172165,1012s,7,01
2025_26,1cb1280ee0aa3f42ca66c3d1f51d9671e4c46d2abe933543cc4c4b95134071ac,3306172165,1011,6,01
2025_26,63b2019f4a54cf6a7ebd381d87fc6396900b930a788c622ba2966ab9a8b0f87d,3306172165,1009,8,01
2025_26,2c01a6c4817fa6f5afe9dfec0380f37c72859b57e1e72f6ccdb289de0a0c40f3,3306172165,1008,8,01
2025_26,b22633b0d8057984e3f6c64bdf2ffb4e910d02f6f66f35e26c773dfde01fc2bb,3306172330,CVOPT,9,01
2025_26,3b1455c37be7ad0cbba16c0a68a84c732314dcd193bc4c290c72d3a53dbfa370,3306172330,0400s,8,01
2025_26,3b1455c37be7ad0cbba16c0a68a84c732314dcd193bc4c290c72d3a53dbfa370,3306172330,0399,4,01
2025_26,4be6fceacd848015b94864995fe0e2b9f2fdf6bbe183ca66d9d23d607b03ecff,3306172330,0397,8,01
2025_26,3bb91f2d1c74f2d8bf89d734ec8f6884aab423a161e398a553e0809b0bddbc8d,3306172330,1665039,10,01
2025_26,555a18eb56053d57cd79d35db4decccaa5aa6f83f82f8a903a1aa22320a6484f,3306172330,1708039,8,01
2025_26,5ff5e9da59f37d39dd6a7ee95cdf639bad5bae0e77ede5c1cdbf45a7e531b3a7,3306172330,0399,9,01
2025_26,acf7ac0981ae9815fff3fb4a9202a4921d21d1975a6eb94f4978ebc9c17493f8,3306172330,1710,5,01
2025_26,dc5939cc7312ae42f5413593ef2fc78f9613c7b37df39b22ba0ef86979c7ef90,3306172482,0180,8,01
2025_26,dc5939cc7312ae42f5413593ef2fc78f9613c7b37df39b22ba0ef86979c7ef90,3306172482,0176,8,01
2025_26,e1b59cc3d5c7d96fca18d00598892e45a80dd79b6a80114568587b04eb87db69,3306172482,0180,8,01
2025_26,eae4f911bd7aa2f94bd3285eed5f5c3050724b14c5d4cbedb61d4bf91c100817,3306172410,1665039,9,01
2025_26,eae4f911bd7aa2f94bd3285eed5f5c3050724b14c5d4cbedb61d4bf91c100817,3306172410,0385,7,01
2025_26,5eb561428ece52d4d029369904d44732faf5a12da6093086ea923b8adf461a86,3306172410,0385,8,01
2025_26,0ea65640b217a50fa35570e2457ed71c99bdd51077ef6efcdef0f6624754bb44,3306172410,0386,7,01
2025_26,7cd31ea1c2ca0a607526ca96138dc61627afbc6fd52ecbcf0257f3b7cd310360,3306172410,1708039,5,01
2025_26,7cd31ea1c2ca0a607526ca96138dc61627afbc6fd52ecbcf0257f3b7cd310360,3306172410,0388s,6,01
2025_26,76d65155e32131fe918a05f2a9d4cc62c868a87ce9e178b4ec650b9299ab935e,3306172410,0180,7,01
2025_26,b1da45ca137b661d744f20870e7c8de3a5d9a5cdfc04bc53e0c079a282d15d4d,3306172410,0180,8,01
2025_26,5d07d7c6dd68eb03f522c47f213fad93764f82641aa22d608fae7801dabd224d,3306172410,1710,7,01
2025_26,68e8627c95cd42030041963a7d9d433adacb452f566a5bdfac060ea714ffdc00,3306170521,028501,2,01
2025_26,7db971b21cf92c7681b1a9d04220b8b08bd1d2f48585bd60dfe0f4d239864a73,3306170521,028502,0,01
2025_26,615b8b995f6715768e1c09bca23c6b48cf9ed11e76d5b3864386824d05b3cba2,3306170521,028100,9,01
2025_26,2527e406af7bfba88ff27376a426f845411e9752dc849bc6ae36d3655f135c5e,3306170521,028502,6,01
2025_26,bc63bf21b52db90a0da34d3f79dfa25e1ba82950378031faa3b863b7a8bced18,3306170521,028502,8,01
2025_26,bc63bf21b52db90a0da34d3f79dfa25e1ba82950378031faa3b863b7a8bced18,3306170521,028001,6,01
2025_26,039c961773bf793190f5162ea33ef2ba5454d352c597f35f248579c0f9231c06,3306170521,028502,9,01
2025_26,cb2f3622fd46e5a188a70951f1a0a4f1667d5b798042e4adb17bb3dd225b52ca,3306170521,028504,7,01
2025_26,ee46f10a1c817b275f8092b93986aa4da6fa5cb4c1632329c5280944d66b15a5,3306170521,028100,10,01
2025_26,df52cf35404de0f324a36b4dbf11cd459843820c3d12be9d835b3078a1053542,3306170521,028501,0,01
2025_26,b5afaf839f2a8422b0589bcd3c219073df397f05155fb0bf33df9b03e1fe7ed7,3306170521,028001,0,01
2025_26,f56a6243dafb4e0eeda5be7ce3bb96877360006b836a9c73462e4a8080b73559,3306170521,028100,0,01
2025_26,348143a311d44e189eefe967c501c6b2cd09cccad68f3cc26a30bfa56c595a7f,3306170521,028503,7,01
2025_26,5b8172cb7a0521d71922f0c7ac97b0f2661b737c5806b00a9c23c1ce4ea275ca,3306170521,028502,10,01
2025_26,5b8172cb7a0521d71922f0c7ac97b0f2661b737c5806b00a9c23c1ce4ea275ca,3306170521,028503,7,01
2025_26,10e3725bc98af10f6ee6e7202a5139eea1afa879b9ffa61238f5619751598943,3306170521,028001,10,01
2025_26,e8cd252904005e36dd1571fde9f9f1effa92877f5c3deae501596878ec357039,3306170521,028504,5,01
2025_26,d30551ce41430a40d66e66ecc1a4bb6be5979765aa2b71493cb493dc43136ca7,3306170521,028505,0,01
2025_26,6a5b10b841d4d0442e3bbaeed458ae36a560666c104fdd660cf35ddab6f1c183,3306170521,028503,4,01
2025_26,f85195aef3e0186ddeb86a45974480680c5f311636ad524d129228a6dd6fb873,3306170521,028503,9,01
2025_26,163f3413dea946a35d84914fe54c2e3b0b6bce79c16800a0c7203895dd30868a,3306170521,028503,7,01
2025_26,954713ecdbc049287bec4fd11597143215f55ab35825b80eb117cffbb6dbaebf,3306170521,028504,7,01
2025_26,ca1c0d1e38b64753887e5e3c4d4b39c4f7edd9ad956d9c9169afe3b1bb2a8d4b,3306170521,028504,0,01
2025_26,c7c8882d78fac9cff3ded32f21eb2af5a63a698856d06a4c76294cae4cdb3af1,3306170521,028001,7,01
2025_26,ca03206a8dad5dd2b6df8a0bb98585f35760d99e43ceb6167fd475fb2e220265,3306170521,028503,0,01
2025_26,4939686c912d22884d42c7d404d29aa20ce06a088bd0dbcedc7f89938ed0c565,3306170521,028505,6,01
2025_26,e7af79143c10274cd8b74d8bd5587ab46ceb7666724f1a8db272e9d19bf7ad05,3306170521,028504,3,01
2025_26,baedc5903d15e1567bef65830f3c1053a288f55cbd6802f55ee81fbce4d76493,3306170521,028505,8,01
2025_26,baedc5903d15e1567bef65830f3c1053a288f55cbd6802f55ee81fbce4d76493,3306170521,028001,10,01
2025_26,2752942803b77267913f1e8510f02e775fbfdc4b2508bddf5b7b6696968b4332,3306170521,028504,5,01
2025_26,115f95f994847ad1a62a2cb1fa9ce17f40f39cc4c4b182aebb853810bb938cfb,3306170521,028001,8,01
2025_26,0a760563bf4d78583a74c13185cd81a0586e87302c6b05925c2e9634758261fb,3306170521,028504,0,01
2025_26,bf8cd8210eafd24c387b7a328b6a2b6440818b33a769d8236bc06554ebb647b0,3306170521,028502,9,01
2025_26,e8cf299298c057c2054d9b8877c31b62c81059528226e946de29f23a8c463b57,3306170521,028502,4,01
2025_26,e8cf299298c057c2054d9b8877c31b62c81059528226e946de29f23a8c463b57,3306170521,028001,6,01
2025_26,9c57203687222f6a366ab584e07fdd297fb72e45be919693a6521c9034ef4d23,3306170521,028504,8,01
2025_26,b6498a9e99e235ec4c3b2716174ecfdbb483d0664df0442d9b325d691e06df05,3306170521,028501,8,01
2025_26,b6498a9e99e235ec4c3b2716174ecfdbb483d0664df0442d9b325d691e06df05,3306170521,028100,10,01
2025_26,1f3c5cbbebbae4bb3b3d635f05c4b39bb1a693775f681cdd6dd304931a3671ab,3306170619,1370,4,01
2025_26,d3baf49f1de65e68ceb8817093bad0208535f89e4d95e280474673f798b79600,3306170619,1370,4,01
2025_26,d4bbad0529f6fd800827d384619b449fa1de2974843bc7d3fcac6a9794071345,3306170619,1370,4,01
2025_26,726cb7b2e15d4002381b2e97d76e7de2835ab19e6d8b144c828a05edd55f1097,3306170619,1370,4,01
2025_26,a64fe9ae8d7b5464787bb6e310b678f1013688208a980210492c67808688a5f7,3306170619,1375p,9,01
2025_26,8fff600bed16552a8a44af2bc446cd5a18fd59999a7d9cb361c29d69c7f00016,3306170619,1375p,10,01
2025_26,9fb25e1f84e010fd8b6e824897ec650a9ea122abf5675d5712c8ad7904f0683c,3306170619,1375p,9,01
2025_26,9fb25e1f84e010fd8b6e824897ec650a9ea122abf5675d5712c8ad7904f0683c,3306170619,1369,8,01
2025_26,03d7fe033f706b3073f815a16243a27563efcbcafc8253b6c8917b3ca9636b23,3306170619,1369,8,01
2025_26,33c6e4c027f63adb60292d14cbde392baa44d6704eb1a1dca58e64b58ad4e038,3306170619,1367,4,01
2025_26,e91ba58c3e7b5dc73bc10817400f1989b4c5aca5eaeeaa0f5e24dcf2a25982d6,3306170619,1370,4,01
2025_26,241667b006d43473579d2a4776eadbe78a6b7e419cb18eb79a9d7f0a89b664ee,3306170619,1375p,9,01
2025_26,241667b006d43473579d2a4776eadbe78a6b7e419cb18eb79a9d7f0a89b664ee,3306170619,1369,8,01
2025_26,6a27594cfbf82d4b4c1b0a2429dc3baf2bf5bc3b690cd18b36eeee408c638a56,3306170619,1375p,8,01
2025_26,6a27594cfbf82d4b4c1b0a2429dc3baf2bf5bc3b690cd18b36eeee408c638a56,3306170619,0179,6,01
2025_26,91356baca2338102b59ab27a8da7f986daba6e7fb0b632cf723c23dc6ee6cf7e,3306170619,0179,9,01
2025_26,855dff481201f4c6ba45de221a2c23a88b5aaf24670787c9b6602a154ae3ac68,3306170619,1370,4,01
2025_26,3d218338f01dd05245671842b3efcab28d379ba633cee6d960201f547fa1310a,3306170619,1369,8,01
2025_26,0c09633410adf4b72db5c0929c4a0bde111ceea80fdfebf10c3d54a092d1534d,3306170619,1368,9,01
2025_26,82cbd2a4e9e7996bae3f368994377b400f3d39a56ce530c0cb03fc5ad8a1af97,3306170619,1369,6,01
2025_26,6167c9d27cb91387d6784af48213ea4c8299fe1efd32d547e5828e7cb52f5cdc,3306170619,1375p,9,01
2025_26,577fa898f066a5081c7b314e264d90bac7c5b5bb295b64a6d60e183584cc6b86,3306172484,0172,4,01
2025_26,e53c12bd1cedcd149cf322b6d80b43f41f636bec285583f1d615693c1afb884e,3306172484,0174,9,01
2025_26,3be61f93a0c666bdfa7c02733932de8505b00847eac9c099d12766f8d895d1db,3306172484,0181p,9,01
2025_26,b0bdab705e6d59ee639e1d6e3a1e0add22251684c31b423500c73bdb37742d1e,3306172484,0179,7,01
2025_26,d16ea4ba5f2f5f34eca94b01a7872921f6bd7b2e8e2c902861bec64e100340da,3306172484,0172,7,01
2025_26,d16ea4ba5f2f5f34eca94b01a7872921f6bd7b2e8e2c902861bec64e100340da,3306172484,0177,4,01
2025_26,228af0d303e803601fc22add67aa81b72f76b0f22cf548014add45df728a0070,3306172484,0171,0,01
2025_26,39f119c6205fa1b6a149ca85cb628d731b3ef8ad9b6c3c3b336219806ac4769a,3306172484,0172,8,01
2025_26,c0861bda2c6d6ec59413a46bbb9ae7f5d4f23f1a3df6733d65ff02ca1bb451a0,3306172484,0171,6,01
2025_26,24954405527efcf1156cb40f5cf5d303fbdb2840c01c450c837b3737b6582aab,3306172484,0181p,8,01
2025_26,7dda2189bc542dabd8f58ddda07f80a11dda21c9f8092c5a19a80ab86848efd7,3306172484,0172,9,01
2025_26,ca3493937ea6acd77a05ea1852aea724619830fc51252a75ac6762b0963b1f7f,3306172484,0174,0,01
2025_26,ebad8964334ada3832e40e8251227c7e222329bf524b8f374df16309028cb1a0,3306172484,0177,3,01
2025_26,7f235497405564ee31daf2af1d273c1a8c261f97aa837250ac5b9116bc9e16bd,3306172484,0174,0,01
2025_26,f21a9088f8e91fdf90ea50affcd2a8f1feaf4b257552a7de6c68eaf7cf2da39c,3306172484,0171,7,01
2025_26,75daab61b41e8783fa9beabfd25a87ec8c1f2d3dd1b58b6feddad69b43b52999,3306172484,0171,10,01
2025_26,fdb7a3ecf88720b5622862c8ccb4de3211a6ea23630c5b24eb1a9924aac2f20e,3306172332,0179,5,01
2025_26,b8a88d08af5241709223617befa68e5f0a722d8ead360c6a9d7f2f633bb797f1,3306172332,0172,6,01
2025_26,f59a7053c9ec24d386d4e7c9def957593d67b36b4862acb454f261cde30b5691,3306172332,0383,0,01
2025_26,05e47021fdac03b363a54fc393073f06fd3736b9f71c0dbb88306ec68b01489a,3306172403,0384,8,01
2025_26,1f051152a6460ec7e4bf1da7cef3ee3192580958791a890b74d91c2a9e39aa4d,3306172403,1709,0,01
2025_26,1f051152a6460ec7e4bf1da7cef3ee3192580958791a890b74d91c2a9e39aa4d,3306172403,0179,0,01
2025_26,acbff48c382974534c4475b8c1a9124a27b51a638dba6c21d28f4f9be8c0807f,3306172403,0384,4,01
2025_26,d51601f1bbe2f9f8a53e2af4d57d38468cbb1ce95c7b2a134f1d5b77b6c737cf,3306172403,0383,0,01
2025_26,90664ab00d95b16d0becfb398df3219490a039e16cac828ed6e3cfa63faa61cd,3306172403,0383,9,01
2025_26,90664ab00d95b16d0becfb398df3219490a039e16cac828ed6e3cfa63faa61cd,3306172403,0172,9,01
2025_26,90664ab00d95b16d0becfb398df3219490a039e16cac828ed6e3cfa63faa61cd,3306172403,0173,7,01
2025_26,e5a747a73af9fd9b3346afe40b3f408e5ec6a9f3f4d0308c60ac0f4638cfe1bb,3306172403,0388p,10,01
2025_26,1a210b1aa13db5a02d6033fda2b175841db3040d1b3529d5e77f7e6d715e230d,3306172403,0179,9,01
2025_26,1a210b1aa13db5a02d6033fda2b175841db3040d1b3529d5e77f7e6d715e230d,3306172403,0384,5,01
2025_26,79292bafd2903c6fe707f48e2ac3f36a5dcca0026313ef42f487c9fc642f8ad7,3306172403,0179,3,01
2025_26,f714c01431e10a233b40e709331d3b183c21da87e24794c424dcb9041909ac21,3306172403,1709,2,01
2025_26,7b54d0e651f21ab14549c85c5d4cdf08127c01ab10b6cb68adb593029ee4a9d3,3306172053,1232,5,01
2025_26,d072033afae597d59d0e63c73571611c0bbe15cbdc49f80251683584561dd559,3306172053,1231,7,01
2025_26,3a46280747e6661344b9d4ebcdaec4e73b009c94d891386f8e5ef93f24197f1d,3306172053,1709,6,01
2025_26,a635ebf231742e694609d4e1178605c914fb01581c634dca780ebd4607397edf,3306172053,1233,0,01
2025_26,c7e1a8c406319d76c7bde0470ed7c5bf40f7165795bd388f4f63532390612c3a,3306172053,1232,6,01
2025_26,c7e1a8c406319d76c7bde0470ed7c5bf40f7165795bd388f4f63532390612c3a,3306172053,1233,8,01
2025_26,a6546d51226e2f31639a41a8734c09f253d098e94c85f6840b0a1034346ed940,3306172053,1231,4,01
2025_26,a6546d51226e2f31639a41a8734c09f253d098e94c85f6840b0a1034346ed940,3306172053,1232,3,01
2025_26,993b41d3faa98c916ac7eb08b1714c60f88ab9bdb184379a8ff553c173feac8e,3306172053,1231,5,01
2025_26,993b41d3faa98c916ac7eb08b1714c60f88ab9bdb184379a8ff553c173feac8e,3306172053,1233,4,01
2025_26,ae66f5d287c808d91ea29f466052db9482cfbc42d5036b09839e1d0db43a0cb1,3306172053,1232,6,01
2025_26,ae66f5d287c808d91ea29f466052db9482cfbc42d5036b09839e1d0db43a0cb1,3306172053,1233,7,01
2025_26,e8ad3b4177b334fb62c540d2a30766bd6e17ec516b3c010ad1594d404941a390,3306172053,0156,10,01
2025_26,810cff84a829f9703d343e10a7194e15886c6b1f101bbcbf1c5ff121cbd9b5c6,3306172053,1232,5,01
2025_26,6ae47c614ea8512e113ea31edd3f499dfe19b6be0af188fd0310554fd1ca7a83,3306172053,1231,6,01
2025_26,b20a171668ba1b9645aec6544170136af26603af65543323dccf7f32d5fde310,3306172053,0156,8,01
2025_26,be5cc20ef1bc14efbe0bf8ef76602b7ed16279d02e9275db381154e3abdcb305,3306172053,1709,7,01
2025_26,be5cc20ef1bc14efbe0bf8ef76602b7ed16279d02e9275db381154e3abdcb305,3306172053,1229,7,01
2025_26,be5cc20ef1bc14efbe0bf8ef76602b7ed16279d02e9275db381154e3abdcb305,3306172053,1233,7,01
2025_26,eb6187d7c813a5b6801aaf0fc5f593e76072a44fdaa75af7466ac48430fbcc90,3306172053,1231,7,01
2025_26,68cf11f2a0c86b6bf258cdd97fae2403417e332286020f60a6d3710925ad18de,3306172053,0156,7,01
2025_26,44fbe4406f1b76fa3f458ba7b37ade29026e9e51240748b6d6d326d077083229,3306172167,1012p,9,01
2025_26,44fbe4406f1b76fa3f458ba7b37ade29026e9e51240748b6d6d326d077083229,3306172167,0930,4,01
2025_26,46ed0bd04248e6213164fa5f8a2bc0b7bf5350dda25087bce6f0015bb28146cf,3306172167,0930,3,01
2025_26,7e44edd1551552291ed3b63a73ce9b6d6c471007c7554c1e311c4aa80a67f215,3306172167,0931,8,01
2025_26,6309fac77be30ab9ec553bb3de2a0238b073bf9a5f43963f2fb2f82594db668e,3306172167,1010,0,01
2025_26,c5b3d6ff7ea3ec612e2ebf88d553ad9da94e937aa8d20bb1ffc89d89a3b5fb1f,3306172167,0623,5,01
2025_26,0e8210aacf83f98e8fbc544a15b9dd6b86ede02ad3e8092e8c825233d5823d3f,3306172167,0930,0,01
2025_26,54c4944fa6b1588458c7e489e8e3fcb17bc811203ff6765923b891968b8eecf0,3306172167,0931,0,01
2025_26,7f5aa83c55c9f8732fc96953899d8b7e01b6956d5c4dfdae4445b264ebc42047,3306172167,1012p,0,01
2025_26,7f5aa83c55c9f8732fc96953899d8b7e01b6956d5c4dfdae4445b264ebc42047,3306172167,0623,0,01
2025_26,10037b1abc48ba2d385a1a10faeaa9e7a3df532dfcee168dd2587ffc171940e0,3306172167,0931,0,01
2025_26,e1467bcc27ff8a4e4d8f0e7f055e914139f2f29b3b11cfb56a22a8c23d5b237c,3306172167,0623,7,01
2025_26,e1467bcc27ff8a4e4d8f0e7f055e914139f2f29b3b11cfb56a22a8c23d5b237c,3306172167,0930,6,01
2025_26,29807ef81aa8412b3d9068732861b3e6e760e22c893da83a7514f91ce9031e82,3306172167,0930,8,01
2025_26,f9ce3c9ac0d6ad246a9545012746926a30e1652dd36d0c828c5267e7bb607200,3306172167,1010,0,01
2025_26,292541a4a2af20fbe5e5c7df9f8df93e71a255add1bb290f3689c4d7b53fcea6,3306172167,0179,0,01
2025_26,814a06a63cae2ad2bb46a3ab2af0427e95212bd8d68c531c31ac22cc1e79e475,3306172167,1709,7,01
2025_26,0da8a9f5a321121865e8de88e5399494e3da2b6b2845f1daab8cac313f0314a1,3306172167,0179,9,01
2025_26,86a7407c9014c8d9cede63897dca64aa8b6d28489e3be381cf1f28b48cb7dc87,3306172167,0623,6,01
2025_26,582e5eeebbc710f9f2b91e5ccaf9f0bb23612b2769bc53ef920abfed25d4a8e2,3306172135,0623,8,01
2025_26,8863a24e24e14b0539421db06bdc6e8f065d4a3fee02a53867731440d4dfc828,3306172135,0622,6,01
2025_26,0a3c60d85008a3ca5f20ae02c4b1dbc0b0b2d1a3f6b21f251c374ca63b74e975,3306172135,0179,8,01
2025_26,2e0458627883be8489942b5aa1b06446774afcf4a1e83870f975091e1f1e6515,3306169433,243267,6,01
2025_26,0ebd1c9c04813645ba46043bf61d9c26e73b1c2d29d65b232170d589c2b541e5,3306169433,243264,7,01
2025_26,3e351680c1ec3a97b4dbcfa67a74a39db93cfa26ae27f97f33b12f26abfbbd85,3306169433,243266,9,01
2025_26,9d5ad08b4c7fbbd5bea94a48b1cfeffb66ea49c0a332aa6e77151041e753d250,3306169433,243265,4,01
2025_26,2d2f1c4de960edf861dd325911b20d168a68d0cbd183f83976a080bcbc043f09,3306169433,243264,5,01
2025_26,b18d0b2c28c9a31872d0ac28830e8244ba185d0b65c5f14c1d824287cb6458e7,3306169440,243602,9,01
2025_26,c3894aa1a66c49260eb22e721df4460473e53b216a36fd54155fafaccf7dc046,3306169440,243271,9,01
2025_26,2586f994e94a5013be3fe4188ae4d97925eac71c4f510c6f5ff38bd6ed48b9c0,3306169440,243604,6,01
2025_26,2586f994e94a5013be3fe4188ae4d97925eac71c4f510c6f5ff38bd6ed48b9c0,3306169440,243270,8,01
2025_26,02e963aadb8e832f6acc69c8ec27dff192de10864589cc20b641afc7ccc39765,3306169440,243602,8,01
2025_26,5f6daa1db1b32279936d20cbc88da1bbf233bb328cb1fddf1319d28ba3da6dcd,3306169440,243602,8,01
2025_26,a81e4df1f5d5eccc3aff90579c8dbeaa8074a72ad33048d61c75f2bb5ae06f9f,3306169440,243270,9,01
2025_26,f3e361914caee481e2c69987451da75b6d43276f47f74a9fb5a8d8102c1434cf,3306173997,0437,6,01
2025_26,f3e361914caee481e2c69987451da75b6d43276f47f74a9fb5a8d8102c1434cf,3306173997,0156,6,01
2025_26,3ee17d91c35c7eaf8eb3d72e1aea822ba6216aa87afc3464be568ba4947a2df4,3306173997,0156,4,01
2025_26,c95621294d444b7ad01d9fa148fd2c949593e54a0efb9bab582ea7c3721530a1,3306173997,0439,4,01
2025_26,e46f9bfe68f3772a73907d4ae3733b372567da5a4d86c2bf7bfceabf3a672a26,3306173997,0437,4,01
2025_26,a533a19664ac80b4bcb53c30e4747d29dfc8c1cb1c76f25bc757f6414e3d2456,3306173997,0441,8,01
2025_26,dfe72718a8fa8b613c48b3fb50ab1613df452fadc557b00be7d0c17f8d8e3626,3306173997,0441,9,01
2025_26,4cd7dbdd62e45a9f6d8973133641230dca95ff6cebd23d5a888b912f54e28835,3306173997,0438,10,01
2025_26,af673f9bc4b85f6c3fb335b0844087d4346f0cc8bb99a557f9f46f3a550b5b7d,3306173997,0437,5,01
2025_26,52e1bfd2f4f927e6394669ab0b2b3634c5262fe3d3e6271911ee9da01a024ea4,3306173997,0438,8,01
2025_26,bde9180c50f31739dc05fad2e9f7b520b0fc35d89def4fbfe56de8b1ac3db3c8,3306173997,0441,7,01
2025_26,6feb54b641bbe5377f97f2915023ccabd0c3657a3a0b85b5b2ccdf62acc14180,3306173997,0441,8,01
2025_26,e03ae84a3d1bbae3bc9ffaf91c107620b079c1ce8a950b9ea858c3bcadbc4adc,3306173997,0440,7,01
2025_26,9de602683d52a430978bbccbb713cd00d3bc855aec0823fa2214a31abb3a3a73,3306173997,1709,0,01
2025_26,bbb6f786c7dfd6df579e08e70a94dbbf15457a49cbb7d06f56603e95167a2977,3306173997,0439,4,01
2025_26,bbb6f786c7dfd6df579e08e70a94dbbf15457a49cbb7d06f56603e95167a2977,3306173997,0440,8,01
2025_26,fb08df1c5f415ac814446b15c86f3fce18a7f8e0cb2f174115e02ffd8cf2f9f8,3306173997,0156,8,01
2025_26,e69651263a80a35e3c4ae96a923130be898abc66664f628f17a9852f5cf5dbd5,3306173997,0437,0,02
2025_26,e69651263a80a35e3c4ae96a923130be898abc66664f628f17a9852f5cf5dbd5,3306173997,0156,4,01
2025_26,2793c9d93fe5e438a1449c14c37fc045cf00367e16a1f5979b620a125700184a,3306173997,0156,4,01
2025_26,054db9ff17c33efc2a07172c7e5f1f473d82a4d1dead9b602c3e1bc0c5c4d96f,3306173997,0437,9,01
2025_26,baa98429d22421f703b4df8ac09015448bcf1031acad3ba4707d320591ba27b0,3306174048,0657p,3,01
2025_26,baa98429d22421f703b4df8ac09015448bcf1031acad3ba4707d320591ba27b0,3306174048,0651,0,01
2025_26,771736b19af40f1e7e48b1f4135322f7b87edecdbe4de4edeb3448c5336bac98,3306174048,0179,4,01
2025_26,d36ed655c38ddd39a2ae843664e6fa11b49d6b3ebdc3c5dbbed7492b056624b9,3306174048,0657p,8,01
2025_26,855debfe9f0a935f207ea0c9563e6cc586554599b8aadd3ff59df67d96dbac6b,3306174048,0657p,8,01
2025_26,7794bb65492780cde77c03c1db4b8127660777050f463049f98d6917d5ccf34f,3306174048,0647,0,01
2025_26,5c5fba0e2a1f84975ab3b3333dd3c7bdee986f9d57664119012ef6ea2eb3a11b,3306174048,0651,8,01
2025_26,5c5fba0e2a1f84975ab3b3333dd3c7bdee986f9d57664119012ef6ea2eb3a11b,3306174048,0648,7,01
2025_26,15915e90212f145d91771a5cb3612a7ca6bdea5ce41847a3f41413256dd5be60,3306174048,0650,1,01
2025_26,ebe7f27767ac34c33ad465439b3c78641f76e970d247d126d4112258a2643551,3306174048,0657p,9,01
2025_26,ebe7f27767ac34c33ad465439b3c78641f76e970d247d126d4112258a2643551,3306174048,0651,8,01
2025_26,ebe7f27767ac34c33ad465439b3c78641f76e970d247d126d4112258a2643551,3306174048,0650,9,01
2025_26,c97fc31e1e1c09a2307cd60fed3cee2d29cb07677d19f3b16094d09d238f749d,3306174048,0648,8,01
2025_26,741412a5c0b73ecbc962fa1286b8ec6bd63912db67d5fe38c7897ef68c6ebc23,3306174048,0657p,8,01
2025_26,741412a5c0b73ecbc962fa1286b8ec6bd63912db67d5fe38c7897ef68c6ebc23,3306174048,0648,8,01
2025_26,301e23a9e517dd9029a91b326c13fd34a76b173595ee00de976acb07a8da7afa,3306174048,0648,0,01
2025_26,994ad8b46d13a4faa4c005ecb20612b1863781a152fe3075dea53ab8becfe528,3306174048,0657p,10,01
2025_26,3119a899d1f8adbdb38d33322d64dd0c315d8d78abd92ebaa5994f505f82e1e5,3306174048,0648,7,01
2025_26,485d972d86d38409eee2144e1f24953ebfd2a7723c0b2e5f304692cd05304b34,3306174048,0647,6,01
2025_26,7d5f843705ff9bf765125cf22e7a5fdd9ae2c9bc0d8cdfd89d6b33e7bfcef539,3306174048,0651,0,01
2025_26,dfd6cd2d7dbdc135f89772cab1f8c654a087a4856c7c9ce08d3698fff6cb84a9,3306174048,0651,7,01
2025_26,dfd6cd2d7dbdc135f89772cab1f8c654a087a4856c7c9ce08d3698fff6cb84a9,3306174048,0649,7,01
2025_26,af057deff173124dea920906a444c5b2c4c6c37e2f2f30268ed15c55c53b6200,3306174048,0657p,10,01
2025_26,7887cf073f3bd53ee24563e801537af5a5f504d6cee6545e403c61f470db4a70,3306174048,0647,6,01
2025_26,da0f53698eeb3574347e384758155cca56d7ef072b005c1f9a5926a44323af88,3306174048,0179,8,01
2025_26,d909254b542d716952f37b0c4eff05d8b0c87e636624c25562550f856a4d2c95,3306174048,0651,8,01
2025_26,8f3f9b303674c18c555ad45151ab75e63365dca7a93499f9c31f95698ea59d56,3306174048,0649,6,01
2025_26,ceda5e23a55c7fcf9c1ea03196e5283903b9690aa300201263c806fedb286716,3306174048,0647,6,01
2025_26,19459ec28e22f566c94be0c1367ba1d7387ef0e6a722a7238ed217ae8ac98368,3306174048,0647,8,01
2025_26,75bdde496c1d132c19a4e4a81223f54e9fa3f2b67de0b134f4862aae49fe9a84,3306174048,0649,8,01
2025_26,5799d2317bc92b24819d419a013c394545c9c567d520a8add895dc8da541f26e,3306169744,0371,7,01
2025_26,1f5e61236ae478abc64f239a596d73b6770f93f6fd73177b53a8c22ff6d2143a,3306169744,0369,6,01
2025_26,8fc80d74b924c4a325fd136b55d295e906e183a7b86193ef0bd9ece604fdf689,3306169744,0372,10,01
2025_26,f2bbc66bbf9f37f06cc3dfe420671c7df8704372f850dd94d6bdd6dbf498aaaa,3306169744,0179,10,01
2025_26,f2bbc66bbf9f37f06cc3dfe420671c7df8704372f850dd94d6bdd6dbf498aaaa,3306169744,0373,9,01
2025_26,5471ff231c6295962e7f8f1607cb2d3d1b50a1062bca01dae2195138920d2c00,3306169744,1709,7,01
2025_26,5471ff231c6295962e7f8f1607cb2d3d1b50a1062bca01dae2195138920d2c00,3306169744,0370,6,01
2025_26,ca802b7c3cb9249e5845772acef88dc682f7092a20d8923ddf30c2a97f1f6329,3306169744,0179,10,01
2025_26,ca802b7c3cb9249e5845772acef88dc682f7092a20d8923ddf30c2a97f1f6329,3306169744,0373,7,01
2025_26,f37cafdc0818626d5a2a938c9bcd4a0787e41977e4e441203cd69a8784c07ab6,3306169651,0485,0,01
2025_26,e7dc4209404cb5cc1eea33a9b118f2662946ed820f704695465ffc543b55231e,3306169651,0485,2,01
2025_26,96eed9d1dc68d145cfdb31ffb4d9fa80c0b7c24c9f4fee70a0fa888c25e22831,3306169651,0484,7,01
2025_26,3542ae54700cd06e480070de6a472768137da5473577581b88eb63c6be22ef76,3306169651,0487,7,01
2025_26,3542ae54700cd06e480070de6a472768137da5473577581b88eb63c6be22ef76,3306169651,0485,3,01
2025_26,2ee363575015a5fd983f00c2f6195e745236e5999b23e9e23b803f74761c74ec,3306169651,0485,7,01
2025_26,c4124b00fb930f72317c2d46aa716f692afe2e2942444d2ef1a52e57f5bc9cd0,3306169651,0373,8,01
2025_26,d9f41ff462b6b2d3296ecef8799441d2091e2c35520aefc3f23aa1900a58ae53,3306169651,0179,9,01
2025_26,81502b77746a7e90a1473731fac1ac48bd5b41016d506ce8b3c940c51cef5c4a,3306169651,0616p,9,01
2025_26,110769e651318579ad49bd73a4c3a6439c5245f46c43b401edd87375a3552297,3306169651,0485,0,01
2025_26,fccb98ada73c199a1f2c97687fad4157378b5f69f222f8a6090a95df5bf0ae2c,3306169651,0373,8,01
2025_26,822091bb64610fdffc78ad0538be10601f5c9ca18b1d4a19f08083ac18c8542b,3306169651,0483,7,01
2025_26,1019f423e06dfc1bd138af3f8d935552503b0205ca9619f97ca8dcd6ad7bb267,3306169651,0616p,0,01
2025_26,1019f423e06dfc1bd138af3f8d935552503b0205ca9619f97ca8dcd6ad7bb267,3306169651,0179,0,01
2025_26,8f888b395955d255e4a39c3fd880d2b2d87f6ef203a54d03fe597bd2f1752bd0,3306169651,0373,10,01
2025_26,7a026f0bf74ae52c2d253369127d67b8147cd6d58d1b8cb1697b05b9d0f7a9ab,3306169651,1709,0,01
2025_26,deeecb0b8976c33daab642b060597a975f129437a11f98aedc972e8678088108,3306169651,0616p,9,01
2025_26,bdbc1a8276fa82ca8995eeef1d32afd3b177e7267e3c99155168d4d0436e1741,3306169651,0485,1,01
2025_26,ba44679b64ba7c572f1252d22ff5ead617482ee8cf2ccdd4e8de558afc385616,3306169651,1709,0,01
2025_26,ba44679b64ba7c572f1252d22ff5ead617482ee8cf2ccdd4e8de558afc385616,3306169651,0484,0,01
2025_26,ba44679b64ba7c572f1252d22ff5ead617482ee8cf2ccdd4e8de558afc385616,3306169651,0483,0,01
2025_26,3fee0f2d8d9164f6781fddcbcbaa74bac3147f6db473d8e698b6561a72923e56,3306169651,0373,9,01
2025_26,00294639d38f54b740cae7137cb094cd74635005a241b9805cd9f91a99952fba,3306169651,0179,9,01
2025_26,1d2f19c63cc53cdb25b3d5896af53ea745918c257ed4b8213d042ebc9dc93bf3,3306169651,0485,6,01
2025_26,6b0232da83e26d978e5b2adb3aa434fc5838823c09091a38712088665aa71460,3306169651,0484,9,01
2025_26,0fa55fc5fd6a4a78829f6bf58c8a6ed35816130e835d902321d0605dd6b8e18e,3306169651,0179,4,01
2025_26,8eccad113aa249e1ba8e20c6777f7a3ae8bc6fcea1aca1035c4a5671fb26f1e3,3306169651,0373,9,01
2025_26,8054c6e0476794e30dd745a77398ecb1bc638ee6760945ec2a0f161e6352860e,3306169651,0483,8,01
2025_26,c903fc0e07b7002fbe5941dd10224160fc8054af1ae26bf9f4d37e27e7f315c7,3306169651,0485,1,01
2025_26,d553fb9eaa382b49195f1a1d3e83cf64037d67910aa2d48b313004034c46032d,3306169651,0485,0,01
2025_26,7e1a3466b59db77ddf8fdad863326c426521f3cd4e43f38ac7d0c45aa17b1264,3306169651,0485,10,01
2025_26,72c0d318de07d63d810117cd7469da10c37b7e1cd667b92cc219809c97c06227,3306169651,0373,9,01
2025_26,42aa98471b8bdd8a90a522888480b7ae7fb42d954b81b107863bb1d6f6c0b30e,3306169651,0179,9,01
2025_26,08334713821fc607619b962b682d4c51a10da81782aa9afab7c1c0a286cb8b5b,3306169651,0179,0,01
2025_26,9ca2f24a566439fa473c9753e02ddaa00b5f6d430bc388726dc4d55ee7283103,3306169651,0483,7,01
2025_26,67c094115b3ab7cc91c12e659538b1896085fc44bba7abd636163028a58e9761,3306169651,0179,0,01
2025_26,ce045cfc530be71fe755bf0a6c018039ddf4d5cb15c342bba6cd8ff4ad4b517b,3306169593,0223,8,01
2025_26,a1108d5a0e4be9aef28d4cd6b1eed26cb4f3419d2db69f80714556f0002c1a2a,3306169593,0156,6,01
2025_26,df2ae9813bf7a62adcd85eba405c00c1d8b84010a82d06c9048aa17a8a2bdd95,3306169593,0222,0,01
2025_26,c912b7c54223e15ec625cb8b27081ad549d4eed859fbaeef7d1bbb493fdfb66c,3306169593,0223,9,01
2025_26,71a3ab9ce36415bce23285e1075b5fa4825143da6a98f2418953e85b7a849a4b,3306169593,0221,8,01
2025_26,12d8981d25d9ffcaa861d706ccb26fce00dfc97746500d9d73e9b776e9fc35f4,3306169593,0223,0,01
2025_26,59c699fa25069387fef2adc86da1c68366a9797e0d40d3d734725f0079715bea,3306169593,0221,6,01
2025_26,f0aa5208447420c5226d65c72a24cf65253d559d8850829a2e8214d5d1242f97,3306169593,0225,4,01
2025_26,6570305035c4d3e4d9d433fea8249dc8b6e366ab540c925475800afaed2650f0,3306169593,0221,9,01
2025_26,8707cf4a6dec03839ba36735135394a9e15d03a2cac3d198c8ff2fb26c164f84,3306169593,1709,8,01
2025_26,c7a50cc1a1886bf65a913f00dec28cdf0671eb7e8aea86b65f8d79aea888a0b8,3306169593,0221,7,01
2025_26,9001b89edc33b2bcce9ded9f344830d56cc59b520b86c9db0b9c8b9eddca8370,3306169593,0225,0,01
2025_26,2bfad9fb4060ebe95778a54325e7a3f292d8b3d084ce9df6356159be81de583c,3306169593,0156,6,01
2025_26,85f988e9688efa19474841a092c5c32195d3a0fa497fc1cc31df3c92b1a78bbd,3306169593,0225,4,01
2025_26,08b4e716be694a0d06d911f2c82f4be6636505a5b58febca8ab364021dbfc10f,3306169593,0223,6,01
2025_26,8db80d9d0d84b39cffa78d71a9a8232b0794dec42ad8c39c0bab5120ff105138,3306169593,1709,7,01
2025_26,4a47d64c52b62c0b4f2f60da7e06c934b57a329ff716509c44a9f28a4c9fb86c,3306169593,0222,7,01
2025_26,e735f013c8c7c3f956f1d3164ad2d2f80e18a0af23590af59ec208691dc917e4,3306169593,0156,0,01
2025_26,3272e0ba26c370c4425d1c133230690d9ab8636361c7c7138e84b8abfe3bc2a9,3306169593,0225,1,01
2025_26,986ea345b8c0f642d97dd03949254b5cccb491e1291ba3ce8a4033014faf7622,3306169593,0225,8,01
2025_26,757f4a2c28913db43512c9ee59364ed03b24981ee7c839ce91cafbb9407af5dd,3306169593,0225,8,01
2025_26,397620bbb61beef4fc5682dbe236e1b07f50b459709b28ae7a901be909410374,3306169591,1713707,7,01
2025_26,397620bbb61beef4fc5682dbe236e1b07f50b459709b28ae7a901be909410374,3306169591,1710,7,01
2025_26,6f0bb76a6ca11427a14e1756950bdcdaaf79e63529c5f8f310a51752248bf9d8,3306169591,0224,3,01
2025_26,c35fd8e3f12257fec8587c921a2e93d04f2ef7fa2e46437eb1b719cf0a1b9051,3306169591,CVOPT,7,01
2025_26,cbb720b6857bb3d96bfca740ea7c94ad75ff5a6aa911d15f5a3610f1f187216d,3306169591,0224,9,01
2025_26,097a4aa5acce0fbd7f683522178c9076649c9f39f052c00d0dc3f0891d82534f,3306169591,1708190,10,01
2025_26,40d6bf597a1a0718d02db2dbfcd0b0ba061b997085a81760d1b2cf4a7c34c8e3,3306169591,1708190,8,01
2025_26,40d6bf597a1a0718d02db2dbfcd0b0ba061b997085a81760d1b2cf4a7c34c8e3,3306169591,0228,8,01
2025_26,972661a5ded9b351208d3e9d46c91f13f8b0f21cc39df20e321d725890e177b9,3306169591,0228,9,01
2025_26,55065ac001cc44138a2be476c6f71a186d58c7e63b673c5d634a4ccf6cba9fea,3306169591,0227,9,01
2025_26,3a111abf1a7a21bf577200ea113d05c9edf3025035dfa4bf9b7e8f0a8998526c,3306169591,1664190,9,01
2025_26,3a111abf1a7a21bf577200ea113d05c9edf3025035dfa4bf9b7e8f0a8998526c,3306169591,0224,9,01
2025_26,37356441705934396fa0c885fb1428aea26ccabe8285a5b2576f8de81897e733,3306169591,0226,4,01
2025_26,4f249067ea2db7f9eec53b8ba44fa8b903b2e5b3c4128b8d831b0bf08dfcc47b,3306169751,1665190,9,01
2025_26,b8590c9158241ef9e50c6e2869590385492e89dc85527e39fa482066ca2a2d73,3306169751,0375,4,01
2025_26,b8590c9158241ef9e50c6e2869590385492e89dc85527e39fa482066ca2a2d73,3306169751,1710,8,01
2025_26,1915452ee704091b5b6b3d1dcca4f67aae2059e4126a7fff35a8320973c46780,3306169751,0375,4,01
2025_26,998ed5c5da662f7d54122066b719c193b194034411a7a88d8b3f7c0a5fc5849e,3306169751,1665190,9,01
2025_26,142158b5efced2348a21368f2b7976d4eee50a9fe6e4f4c765bd7d8775dbe6d7,3306169751,0379s,9,01
2025_26,142158b5efced2348a21368f2b7976d4eee50a9fe6e4f4c765bd7d8775dbe6d7,3306169751,0374,2,01
2025_26,cccc7db51b4df292d3e8a6a8b38251f157c570d6550f27cbfc3d9b846988d425,3306169751,0377,7,01
2025_26,486a3babd9dfb2bca9d288c58c57225f9296ce86eac7a10abcdf48057c728a96,3306169751,0376,7,01
2025_26,3dca1d5c2e19668ebb8647603a0ab65fff7988f0bb37c078d6cbe5e9688b42b6,3306169751,CVOPT,10,01
2025_26,3dca1d5c2e19668ebb8647603a0ab65fff7988f0bb37c078d6cbe5e9688b42b6,3306169751,0375,4,01
2025_26,348eda024cfa001cde4a6ee02d96741347277693927793885808c3a1ff13b6dd,3306169751,0378,8,01
2025_26,6569a81d2cb8baf0f76c2f36b1318d216b9a052f89fa5416620bb0df30996500,3306169751,0374,8,01
2025_26,ff28efbf05517539507a63494d128f20d746c5353d6bdb0abc951b0d7c259521,3306169658,0614,4,01
2025_26,ff28efbf05517539507a63494d128f20d746c5353d6bdb0abc951b0d7c259521,3306169658,0613,4,01
2025_26,bebbe6728733d38d65a0d2bf234b8573ea9a2a7b3cb15d4ff31f3251cb00e76a,3306169658,1665190,10,01
2025_26,72136e99de43f1522b65fb25c40b9febef237c253d7c9822c3abd4417da02638,3306169658,0614,4,01
2025_26,e3f55fc31ce2712635ef445b4be7f353b8a183b48ccc80638dae2ee349852a82,3306169658,1665190,9,01
2025_26,336869d5e562b49cf02518e0800cb658d19a9c575633794e430bbf954f943a6c,3306169658,1665190,9,01
2025_26,5e40c103b2933fdc8aa8c99a1ebd3e2da981a70c64788bd3c81a5ea42eb154f7,3306169658,1708190,8,01
2025_26,5e40c103b2933fdc8aa8c99a1ebd3e2da981a70c64788bd3c81a5ea42eb154f7,3306169658,0615,9,01
2025_26,a31b384e901fc8142b4f808ad61f4e618a5077d1bb0305b8f0246b179136f379,3306169658,0612,3,01
2025_26,c7b9e230aa6a79929c8d84c945acee0cabdeefc73fd5513684b11397eced637a,3306170617,1375s,8,01
2025_26,55a6cb48eb7c43e50d7031b4c9ca448a4cf2a4dcd805ffdc206fcc3fa1636937,3306170617,1710,10,01
2025_26,4809cb4342e17cbd1cb864924d77094d6f16c0f734dcdc4ee5dcbe0464b25252,3306170617,1665061,8,01
2025_26,bad52ec410ef9ce0051f70ec5c38daf52646cb8007be67b3fe41a946a1fca973,3306170617,1708061,9,01
2025_26,c1d21d77bf08b135bc5ca9b6ab0a6852da4e978470aa6835fa9f0caf55cb0589,3306170617,1708061,9,01
2025_26,be9c72347a884f358f08b2f0c6f629479c16c8bdc7b817ef09cfaa9946c1f609,3306170617,1375s,9,01
2025_26,be9c72347a884f358f08b2f0c6f629479c16c8bdc7b817ef09cfaa9946c1f609,3306170617,1373,7,01
2025_26,1a90ec68d25bac310537cb92eda308416342e749306872965efb75164d367c70,3306170617,1372,10,01
2025_26,480f035055bab83a61c75c92b1c99e6aa96c062d7d31eaefcad185787faf0a82,3306170617,CVOPT,9,01
2025_26,c8bc289f304189c63b6e42cc40757b11ca4bf1f178c59d32055f1bc89817405b,3306170617,1708061,10,01
2025_26,c8bc289f304189c63b6e42cc40757b11ca4bf1f178c59d32055f1bc89817405b,3306170617,CVOPT,9,01
2025_26,23f72a570e8d01479c0d9ebacf5471421ce8652915584368def9cf2b5bda320e,3306170617,1373,8,01
2025_26,61c96ae7ac4201dc18773fa161e6abb76b34b52814782b9078fe401a5e811129,3306170617,1375s,9,01
2025_26,61c96ae7ac4201dc18773fa161e6abb76b34b52814782b9078fe401a5e811129,3306170617,1374,5,01
2025_26,9b5bba959f4148a97cef7db6b47d8b0005c4b2431d53c21492be4c3fa34e83cc,3306170617,1372,8,01
2025_26,01e96e74b169d9aaab00add750e530fc0c693a31cc53d1072f52917694c87408,3306170617,1371,8,01
2025_26,49bb1a981ecc70bbaff4d5a6b7ab9f9b84c41f449c7b0025f69621b7c23345c4,3306170617,CVOPT,8,01
2025_26,49bb1a981ecc70bbaff4d5a6b7ab9f9b84c41f449c7b0025f69621b7c23345c4,3306170617,1372,5,01
2025_26,49bb1a981ecc70bbaff4d5a6b7ab9f9b84c41f449c7b0025f69621b7c23345c4,3306170617,1374,4,01
2025_26,7b93ffde8b50bbf7be6884b4dcec62562e1b4194a0d484ca424ccc0d268ad043,3306170617,1665061,10,01
2025_26,39a89a30f732b388e13374e4bc0ce3513b48c5c6aeff625b7cb6bcee02478af1,3306170617,1374,5,01
2025_26,e8486e1a2d14386349a57a043fa682d617eb229cdc6554d1268e98c1e57caf52,3306170617,1371,9,01
2025_26,e8486e1a2d14386349a57a043fa682d617eb229cdc6554d1268e98c1e57caf52,3306170617,1372,8,01
2025_26,f1ee0488df612eb8efddc259b60bed37e930b0cf6ac0a0d59a638baf63e0e963,3306170617,1372,7,01
2025_26,7234520aa22fdb5caa8b2da3eb966cab981758e3231befa8e56dbc82b44872c2,3306170617,1665061,7,01
2025_26,fbda2d29ae9b0ce147516fb74b0142f6396f10151ea62a475d529314f462d40a,3306170617,CVOPT,0,01
2025_26,c2353f978474d787d7a9bff77ef935ac2f3ad4b22524ef4f8e14a969823c80af,3306173995,1713472,9,01
2025_26,c2353f978474d787d7a9bff77ef935ac2f3ad4b22524ef4f8e14a969823c80af,3306173995,CVOPT,7,01
2025_26,c2353f978474d787d7a9bff77ef935ac2f3ad4b22524ef4f8e14a969823c80af,3306173995,1664001,9,01
2025_26,72b104dd5719c53f8579320c4d908b5b707a00397e5c6e11d246c9c8aca973cf,3306173995,0442,10,01
2025_26,4f51007c14551241733c4d6bd7d10aa1224f9da82b5347aae91b41754641f589,3306173995,0443,4,01
2025_26,4f51007c14551241733c4d6bd7d10aa1224f9da82b5347aae91b41754641f589,3306173995,1710,7,01
2025_26,e15dd3a5d2d0b462ce364b56a404a95933cc3e99a6c10f245e3bec48956da069,3306173995,0446,7,01
2025_26,a009548ef1cd4aefa8762d14f3e43d928affd242163f9f3fbfc2ca7f94d7c430,3306173995,0446,8,01
2025_26,c1cb32b4131ca04b24d6978afba8257dbdcaeaa44bacac476447b76bedb2e2c8,3306173995,1708001,9,01
2025_26,c1cb32b4131ca04b24d6978afba8257dbdcaeaa44bacac476447b76bedb2e2c8,3306173995,1710,8,01
2025_26,b39d3e2225b94e54b2c7b93c071ae0b0e318488da8e38a37001fb5f90221cc57,3306173995,1664001,10,01
2025_26,2e66a6f71652815fe5a551e62767c77769ebdfc8e978525ae9c8055e6326a7f2,3306173995,1710,8,01
2025_26,07503cfa68ced971a764825e66979cae15cd24caad7f78094fb5d7e81656a3c0,3306173995,1708001,6,01
2025_26,4e6a9ddf2a03b43755f14b59e9664e7b0e7f9703c0d40a6163564efeb033070d,3306173995,0446,6,01
2025_26,16a98646b82b2dbd549249b157b770cb209a408ef0a4d03f22a48752b4fc7816,3306173995,1713472,8,01
2025_26,9fda87fd660d386ce9adb61f4876c165c2abdcff7044e5b7604f8579dd766ca3,3306173995,0443,6,01
2025_26,85637b5b384a6209622bef2375ad3c31cdc94868b271d2912ecb248c28bcee6e,3306173995,0446,3,01
2025_26,46ac30514bdb0b402d69df73aa8ed80ab47502f9256e303177696d988e40ee14,3306174046,0657s,6,01
2025_26,4d933911ec67fab83b1ff1b5dadac814e1ae898a283e160cc491fbd342971b45,3306174046,1708001,6,01
2025_26,93206ed8b3d8c6b7197f92294c4a77dc2d8b59e9ca0519c5bee22886cda7d724,3306174046,1665001,8,01
2025_26,2ef5f3dc4d9e9b198f70769a417efae3d20bd86a1612e14c99018c61f1d02b4d,3306174046,0655,7,01
2025_26,e33706626d3e37c5c20e9f08e01388fdbf20f89aeb32b784039f9d3b788de7d9,3306174046,0652,4,01
2025_26,a93c361f43102379e16c7e4e48c0e7cc3863a05b2e58f0592632b5791da0bf6e,3306174046,1708001,6,01
2025_26,5f1fc32d6bf54a01dde61ab010daf07ed029afca5be0daca90eb4d9fa3c9475e,3306174046,1708001,10,01
2025_26,4432d120bcfaec86e2c4f8b58860122c3892c5d3bbeb68b6816e87afb1750aba,3306174046,0655,8,01
2025_26,a87559877bb04d535bdb35adfbc31ba61dafe1d317623db6107544a20fd39369,3306174046,0653,0,01
2025_26,13a5db0c47e6dc1b97e6e4b545ba2a42ef13e0e9040144aca8359463ce78bcf8,3306174046,1665001,7,01
2025_26,13a5db0c47e6dc1b97e6e4b545ba2a42ef13e0e9040144aca8359463ce78bcf8,3306174046,0654,7,01
2025_26,252a32167aa02f42e9280f38270f85fa5aab05a829285d000cf47baa6ffee1b7,3306174046,0654,7,01
2025_26,2012af3d9f00b60bfe2d9bab1d99339d1f5c96656f2243a15c2a16fd6c93d2c2,3306174046,0655,6,01
2025_26,2012af3d9f00b60bfe2d9bab1d99339d1f5c96656f2243a15c2a16fd6c93d2c2,3306174046,0653,3,01
2025_26,55d28cef7f2bf8ca567bbe12e527991798dafae748be04611c3fd59bd33d420b,3306172060,1713925,7,01
2025_26,55d28cef7f2bf8ca567bbe12e527991798dafae748be04611c3fd59bd33d420b,3306172060,1227,8,01
2025_26,7b9e0f274b0f9d4241a20cdb01cc52ffe9042b1646224e2c922517f7b8e20f79,3306172060,CVOPT,6,01
2025_26,1d74bb939aafc1f226d23d9f80169b2b041b259d52826203031cd26bfd8bebe9,3306172060,CVOPT,7,01
2025_26,118ee637d91088196e5ccb982f9455c5d3a14a0d17b92b7b8435c6ad5f4f1f96,3306172060,CVOPT,8,01
2025_26,083403937763efa0bf3730e3765044e41a6b8d2da7c174a6dcece6983ba2277f,3306172060,1664020,7,01
2025_26,083403937763efa0bf3730e3765044e41a6b8d2da7c174a6dcece6983ba2277f,3306172060,1235,8,01
2025_26,9d8befe021a31ed9d6639e6b6dc77d0541ca338e8e032e9137947eb6e5632efa,3306172060,1713925,5,01
2025_26,776d572764ff42c9157da1eb15e1df4ea0d1f080a43d821bd85c4a456b2ae47f,3306172060,CVOPT,9,01
2025_26,776d572764ff42c9157da1eb15e1df4ea0d1f080a43d821bd85c4a456b2ae47f,3306172060,1227,9,01
2025_26,a973d545d119fd034f5a346c8a5212ac54a7aaf59f97fe0a52de38bcdb2e8b29,3306172060,1664020,7,01
2025_26,d132915c261a277711c823ee394868eff73ea7e3b7212aadf7e66da8d9e04c10,3306172060,1235,5,01
2025_26,c3f586139b4b3d972d92987178718a8c0ab01ef8e182622a8b1cdcafe1750d21,3306172060,1664020,7,01
2025_26,2867126a6247e3d096289dfce8876bf5da64c50ecc7e17b582743249b56c38ee,3306172133,1710,9,01
2025_26,3d49daba5c4f953c780165526e1b476e90947883e6a50faea53ae70b9149249b,3306172133,0822,8,01
2025_26,af13b1e047cc871852ff8c50af4ec5448ebf57eb43ab0a5f946dd4bb22d2246a,3306172133,0822,7,01
2025_26,b6946ff8d85eee2504e1044d1faa355bd5549eff5f2d318025b581ad6be24ed4,3306172133,1708020,8,01
2025_26,9f6df2a01eb0cd47b19d211cf1e645e7ad84ce895f249236440b1f4a4896ae7e,3306172133,1665020,8,01
2025_26,9f6df2a01eb0cd47b19d211cf1e645e7ad84ce895f249236440b1f4a4896ae7e,3306172133,0827,7,01
2025_26,747fba7693508896e573474d215d7d6c251d9d4d7c121bd14518a76e5ecea2f4,3306172133,1665020,9,01
2025_26,747fba7693508896e573474d215d7d6c251d9d4d7c121bd14518a76e5ecea2f4,3306172133,0822,8,01
2025_26,4da51a862191fa00559c5883592b1b7ed8c8075bf9349428067e86fe1a991f05,3306172133,0823,7,01
2025_26,c6ee0034b9360ccb04b98189b17fb0de020e3a845b447db574339de434c7e4e2,3306172165,1012s,6,01
2025_26,c6ee0034b9360ccb04b98189b17fb0de020e3a845b447db574339de434c7e4e2,3306172165,1110,8,01
2025_26,6c6277232e2cc6ec6dcbc11a604eee0f707d2720ff98e52a6b83033f3a50af33,3306172165,1009,8,01
2025_26,7e95db372fc0c37c10ef4dd85070d24ff8731cc0f2de155c73b66d47ad38a1af,3306172165,1008,9,01
2025_26,40df7244c17d1f35ad1bcb47e3820f87226697e8bbd8d79383bc2cfdf77b0ec5,3306172165,1009,8,01
2025_26,7283b898d94bcb71dd4883a04bd05fc0a9931b719946ebebbea7b83723773460,3306172165,1665020,8,01
2025_26,504eedb52a4b86251bf102232af293556e33bc206a7ee75e92e9cc9ae32a495d,3306172165,1011,6,01
2025_26,7aba2cba017da4eeb6bdf9fcde48a949c632972ff8ad40e93c19f3fb9991df10,3306172165,1007,8,01
2025_26,7aba2cba017da4eeb6bdf9fcde48a949c632972ff8ad40e93c19f3fb9991df10,3306172165,1008,7,01
2025_26,ce2076990e96d467de48f1c448adc651a05b87e0fa30df4da62902d6a529e516,3306172165,1708020,6,01
2025_26,3beca415d97ec131dbfe58cf1385051ef098d8339096fdddd5f19d0432a5a3ed,3306172330,CVOPT,9,01
2025_26,e179147e1e9f1da10690bad75cdd5125980853fc7e17982c06a8267b6fb80907,3306172330,0180,7,01
2025_26,3b1455c37be7ad0cbba16c0a68a84c732314dcd193bc4c290c72d3a53dbfa370,3306172330,CVOPT,7,01
2025_26,3b1455c37be7ad0cbba16c0a68a84c732314dcd193bc4c290c72d3a53dbfa370,3306172330,0180,6,01
2025_26,66eedee21f82a34060ae90994886def7ed10f96e2847bfe2bf1c8e563fd69849,3306172330,0397,8,01
2025_26,ee3e9df092da331541d83c266b944d2c9c5acbce79426e8ab367f935edf6c7fc,3306172330,1708039,5,01
2025_26,faefc3940058ed484c2135ec9ef99c0ea8c84ba2ec2831450812dda415015ccf,3306172330,0399,9,01
2025_26,fad603f0e64f8d13d486e50e07c7988627f53b2d9be9212b1123f1362ec93901,3306172330,0399,9,01
2025_26,fad603f0e64f8d13d486e50e07c7988627f53b2d9be9212b1123f1362ec93901,3306172330,1710,9,01
2025_26,555a18eb56053d57cd79d35db4decccaa5aa6f83f82f8a903a1aa22320a6484f,3306172330,0398,4,01
2025_26,3e0cfb63a0f2284de35bca6fb6f60faf4c1539090dc5bd78f2a7826806b04ec0,3306172330,1665039,10,01
2025_26,5ff5e9da59f37d39dd6a7ee95cdf639bad5bae0e77ede5c1cdbf45a7e531b3a7,3306172330,0400s,9,01
2025_26,5ff5e9da59f37d39dd6a7ee95cdf639bad5bae0e77ede5c1cdbf45a7e531b3a7,3306172330,1710,8,01
2025_26,500af0b47ae2bb32658dc7b3f2f66d16d4b157e29000fa767c9b037d8c4006f2,3306172330,1665039,8,01
2025_26,c73bed8dd2bb5ad1102d3ab77c54d4ad4f1d32ace3fd9cca9f9139194cc08c80,3306172330,0399,4,01
2025_26,eae4f911bd7aa2f94bd3285eed5f5c3050724b14c5d4cbedb61d4bf91c100817,3306172410,0386,8,01
2025_26,5eb561428ece52d4d029369904d44732faf5a12da6093086ea923b8adf461a86,3306172410,1665039,8,01
2025_26,e5fa39725e801d6baa9f1ea2cf79e5ba2479424ae73719b1cfa1c05075f7fb14,3306172410,CVOPT,9,01
2025_26,0ea65640b217a50fa35570e2457ed71c99bdd51077ef6efcdef0f6624754bb44,3306172410,CVOPT,9,01
2025_26,0ea65640b217a50fa35570e2457ed71c99bdd51077ef6efcdef0f6624754bb44,3306172410,0388s,6,01
2025_26,6b0ede0d0b600169c8f6d3c4c052c571f3c113382679d872bcdb5aaf057a445b,3306172410,1708039,7,01
2025_26,7cd31ea1c2ca0a607526ca96138dc61627afbc6fd52ecbcf0257f3b7cd310360,3306172410,0387,6,01
2025_26,7cd31ea1c2ca0a607526ca96138dc61627afbc6fd52ecbcf0257f3b7cd310360,3306172410,0386,7,01
2025_26,40d9855a94024647711d015af41f94c65763daa4803ceb1058761ed056688465,3306172410,0388s,6,01
2025_26,40d9855a94024647711d015af41f94c65763daa4803ceb1058761ed056688465,3306172410,1665039,7,01
2025_26,40d9855a94024647711d015af41f94c65763daa4803ceb1058761ed056688465,3306172410,0386,7,01
2025_26,21c0f5a5d516830e1efbc81d673d1499f8d9d0a1c9096ed482e67e18ccf0738b,3306172410,0180,6,01
2025_26,efebd2e836e756da51b1c4bf56dd09a6804345f63609a8233dd4846b5df9979e,3306172410,0386,8,01
2025_26,5d07d7c6dd68eb03f522c47f213fad93764f82641aa22d608fae7801dabd224d,3306172410,CVOPT,8,01
2025_26,73604c4070d76bd0ecd73856b8cd6b9355187e07f9cc8c618cd8d82855418516,3306172410,0385,7,01
2025_26,b8ab5a108fa0c4ad3521bf8ce05cacece6abcec84c384ae2a9a26934d78abca4,3306170521,028504,7,01
2025_26,68e8627c95cd42030041963a7d9d433adacb452f566a5bdfac060ea714ffdc00,3306170521,028100,1,01
2025_26,48b73079c4660ac35b1e4638cc1950b62d85c757cfeaa52f18094bcfcc5adfdc,3306170521,028505,7,01
2025_26,48b73079c4660ac35b1e4638cc1950b62d85c757cfeaa52f18094bcfcc5adfdc,3306170521,028503,7,01
2025_26,0f9dee20320920bbbebdb7602636dfc2d8e94b962995f8b29398f820387b67b6,3306170521,028505,4,01
2025_26,beba00d30aaf3bae44d4aa78ff198db84a86c216d66e1f19e13e223e743c2ca7,3306170521,028505,4,01
2025_26,3ed99de57e81f09b735ad0226098bffd3afca7f17948499b3c3a1917b233cb52,3306170521,028503,4,01
2025_26,3ead738ae5596b1e8aca6f0a3a3a6f570d1fd7d8e4bd553aea161646401eeef6,3306170521,028502,4,01
2025_26,2e091436d5804d889b5cb7ad28a97125ebd66ebe4b150eef3df3498b819c5bf0,3306170521,028505,2,01
2025_26,039c961773bf793190f5162ea33ef2ba5454d352c597f35f248579c0f9231c06,3306170521,028504,8,01
2025_26,c3ddf6ae9243b56f4898c5306eb81b3691b99d1f63a001f94a91af3a729a5874,3306170521,028504,3,01
2025_26,48fc59694cc66c1c8c231f29a2ff8f6bb8db334057ec41bf6d0bf6a6253512fc,3306170521,028502,8,01
2025_26,348143a311d44e189eefe967c501c6b2cd09cccad68f3cc26a30bfa56c595a7f,3306170521,028502,7,01
2025_26,348143a311d44e189eefe967c501c6b2cd09cccad68f3cc26a30bfa56c595a7f,3306170521,028501,6,01
2025_26,c292523085b4e8e34ef930c37511ea67b09f6c3cfd30fe0fe854e51699022d9c,3306170521,028100,10,01
2025_26,7cbda138d8b81070feb23c7616f93d99969784e71aed6ee706b61955d46a05b9,3306170521,028100,7,01
2025_26,58a78a355a8dc0f8d14cc27d867ee1cf785571b74badcd6c6362f50c12c947b4,3306170521,028502,5,01
2025_26,d30551ce41430a40d66e66ecc1a4bb6be5979765aa2b71493cb493dc43136ca7,3306170521,028501,8,01
2025_26,15c79adb9358647d39c42d451abd1570c7b1ae839ed6244464dedf8d6276d438,3306170521,028501,0,01
2025_26,8ac3d28bd9c47a5ef9902a0e8591a636026398954c8df7c6447c9a6da3957933,3306170521,028503,4,01
2025_26,b25ea42b8fc14bd6e9ef389f79b2d0fa7e6b578949776c63c0ba827a5c21e27b,3306170521,028503,8,01
2025_26,17affae56bc36ed22f15f4341dd531cb54bfb15aa6a0ded0bb59f6c0b9b448ca,3306170521,028504,3,01
2025_26,2d72f2453f670d755fe9cb074194ce16dc7cba3b86637b21b0b87b34c661a25e,3306170521,028502,0,01
2025_26,3dd58e718a3c96d8b7406e13433c7930bc55c903e747611ec6ead0019ec91ed2,3306170521,028503,4,01
2025_26,954713ecdbc049287bec4fd11597143215f55ab35825b80eb117cffbb6dbaebf,3306170521,028001,6,01
2025_26,954713ecdbc049287bec4fd11597143215f55ab35825b80eb117cffbb6dbaebf,3306170521,028503,6,01
2025_26,bcb816fd50a5ac70ae307d68f8050458cb16a010e2d56ddabba9b6b9ed7a797d,3306170521,028504,6,01
2025_26,3b245c6e790c610679e4ca0213dcb0f43b00ee3a0400e325630c8440ca168ca7,3306170521,028100,2,01
2025_26,ca1c0d1e38b64753887e5e3c4d4b39c4f7edd9ad956d9c9169afe3b1bb2a8d4b,3306170521,028100,0,01
2025_26,5ef69a60e3e5984c2b2d41c1f71b7dd534c79430bb3018721a34d7a55e18de34,3306170521,028100,6,01
2025_26,115f95f994847ad1a62a2cb1fa9ce17f40f39cc4c4b182aebb853810bb938cfb,3306170521,028502,7,01
2025_26,115f95f994847ad1a62a2cb1fa9ce17f40f39cc4c4b182aebb853810bb938cfb,3306170521,028505,9,01
2025_26,bf8cd8210eafd24c387b7a328b6a2b6440818b33a769d8236bc06554ebb647b0,3306170521,028001,10,01
2025_26,bf8cd8210eafd24c387b7a328b6a2b6440818b33a769d8236bc06554ebb647b0,3306170521,028503,9,01
2025_26,52f04eb409483c6b747ce1a46768dabac3b24a00b55b5a00a56c0fd68376581c,3306170521,028505,7,01
2025_26,e8cf299298c057c2054d9b8877c31b62c81059528226e946de29f23a8c463b57,3306170521,028504,9,01
2025_26,34410ec48d67cc6836e5d055b157716c0866ee75ced23f0b3b0ef37d1278f73d,3306170521,028503,6,01
2025_26,1b8d03292ca7fc46e73b37b67de5a086a7354daabd766650edfa2fcde1e1d1f0,3306170619,1368,4,01
2025_26,15b96f395e4a9b4284bd3d279425ca20fd94bbf2455856a64cf52ee22cda2c87,3306170619,1709,8,01
2025_26,8e14f8473a031e6fc8f0a78a852f8517c0b054f2b6e0a7647dd0d5f866be54d6,3306170619,1370,9,01
2025_26,8e14f8473a031e6fc8f0a78a852f8517c0b054f2b6e0a7647dd0d5f866be54d6,3306170619,1368,10,01
2025_26,54349a067b7a114242dc5e5303c37688823f097019818193dffa5fadb8bdd93a,3306170619,1375p,9,01
2025_26,d3baf49f1de65e68ceb8817093bad0208535f89e4d95e280474673f798b79600,3306170619,0179,7,01
2025_26,3a5b59411d4c1960c8e7eaf4a6cfd1f8f4dc6b0016444cc2e8f55e1045fd6ce5,3306170619,1375p,9,01
2025_26,726cb7b2e15d4002381b2e97d76e7de2835ab19e6d8b144c828a05edd55f1097,3306170619,1369,8,01
2025_26,1831a86e23110dcc1146c78f19153573b9f9e7d93dc918316085362c1a7c4897,3306170619,1375p,0,01
2025_26,8fff600bed16552a8a44af2bc446cd5a18fd59999a7d9cb361c29d69c7f00016,3306170619,1370,8,01
2025_26,8fff600bed16552a8a44af2bc446cd5a18fd59999a7d9cb361c29d69c7f00016,3306170619,1367,7,01
2025_26,9fb25e1f84e010fd8b6e824897ec650a9ea122abf5675d5712c8ad7904f0683c,3306170619,1367,7,01
2025_26,a8d5c798d9df6cdb225f912cf13d48431b439055f6045394455c0cd3db915ffa,3306170619,1370,10,01
2025_26,6a27594cfbf82d4b4c1b0a2429dc3baf2bf5bc3b690cd18b36eeee408c638a56,3306170619,1368,7,01
2025_26,311e8ff4a01a8161ea999a97f3979369a7c7af86a1faa604c70d7cda054d7275,3306170619,1369,6,01
2025_26,855dff481201f4c6ba45de221a2c23a88b5aaf24670787c9b6602a154ae3ac68,3306170619,1368,8,01
2025_26,505ed976440916bff7e1aa09a0fab31b779cb21617e49c4abb2e5a70aee7dddb,3306170619,1367,4,01
2025_26,2df9d463129e4d05e3f33b2c232c18b367b30c21d40eaaa2ca09e9ef22aa148a,3306170619,1709,8,01
2025_26,76b71d9428ab01fb5e50ea91f66efa74849370f4775daaeb5e0bb9e8b6b975a4,3306170619,1709,10,01
2025_26,ee6ddb91a625f7d001fae8e0f554d2c79a2eeb0b540bc586b44474bfa5882cb5,3306170619,1370,8,01
2025_26,82cbd2a4e9e7996bae3f368994377b400f3d39a56ce530c0cb03fc5ad8a1af97,3306170619,1370,4,01
2025_26,219685fa6e26474d80e774aa6c64dc6c6fd2f3134cdda1f30b74067b6b4dd77c,3306170619,1370,8,01
2025_26,6167c9d27cb91387d6784af48213ea4c8299fe1efd32d547e5828e7cb52f5cdc,3306170619,1367,4,01
2025_26,d34e796d182a1709226891b921273fdd1aabaa285fb0197ccd1679cf81c684ec,3306170719,1372,4,01
2025_26,3be61f93a0c666bdfa7c02733932de8505b00847eac9c099d12766f8d895d1db,3306172484,0174,3,01
2025_26,bb04a9e420b4e2f2e8b01c8dd56cd689cbfd5c54c457ba20c9229edf8c6c5a2e,3306172484,0172,6,01
2025_26,860a875d52ff463fda2b259dccb9fd6408ad5fa250fb6bd4baa139fed5df1282,3306172484,0171,9,01
2025_26,860a875d52ff463fda2b259dccb9fd6408ad5fa250fb6bd4baa139fed5df1282,3306172484,0174,8,01
2025_26,a2851ce55df13f85f4b927d9efa11f3de6d85ef12d7b096542696a2c6cf7a690,3306172484,0181p,0,01
2025_26,a2851ce55df13f85f4b927d9efa11f3de6d85ef12d7b096542696a2c6cf7a690,3306172484,0177,0,01
2025_26,1e00a5dfdeca69854dc8558d512d56159cbda6ee7bdb4a73505a83ff7abc497b,3306172484,0174,4,01
2025_26,1e00a5dfdeca69854dc8558d512d56159cbda6ee7bdb4a73505a83ff7abc497b,3306172484,0177,1,01
2025_26,c0861bda2c6d6ec59413a46bbb9ae7f5d4f23f1a3df6733d65ff02ca1bb451a0,3306172484,0179,7,01
2025_26,c0861bda2c6d6ec59413a46bbb9ae7f5d4f23f1a3df6733d65ff02ca1bb451a0,3306172484,0173,8,01
2025_26,7dda2189bc542dabd8f58ddda07f80a11dda21c9f8092c5a19a80ab86848efd7,3306172484,0173,7,01
2025_26,ca3493937ea6acd77a05ea1852aea724619830fc51252a75ac6762b0963b1f7f,3306172484,0181p,0,01
2025_26,ea31583863c7fc4338528d0394c79257e05a8bbe958e6d6d80c17c6f9ecde530,3306172484,0174,9,01
2025_26,f21a9088f8e91fdf90ea50affcd2a8f1feaf4b257552a7de6c68eaf7cf2da39c,3306172484,0181p,5,01
2025_26,b644c741b7909a3ee3011ab43d299e86520606392609fda822a6b446290700d3,3306172332,0383,0,01
2025_26,fdb7a3ecf88720b5622862c8ccb4de3211a6ea23630c5b24eb1a9924aac2f20e,3306172332,0173,7,01
2025_26,d0cd6c7e2e4d0ff90e4b4f3db2e4bd1b1dd99be8bd14ca48ca9a875d82d34def,3306172332,0384,9,01
2025_26,af6c44aa3b6ba4d4a46ce0f345aa00afbcfbf6d5ca21c8e9982621dcbddc741f,3306172332,0179,9,01
2025_26,a04a47effd9c495c71eaf0e6896400eb8a5b33a3358b3f3e7a08a7901006a375,3306172332,0179,10,01
2025_26,d51601f1bbe2f9f8a53e2af4d57d38468cbb1ce95c7b2a134f1d5b77b6c737cf,3306172403,0171,0,01
2025_26,d51601f1bbe2f9f8a53e2af4d57d38468cbb1ce95c7b2a134f1d5b77b6c737cf,3306172403,0384,0,01
2025_26,90664ab00d95b16d0becfb398df3219490a039e16cac828ed6e3cfa63faa61cd,3306172403,0171,9,01
2025_26,36f4a0e5e6c88186f72e6f51f83d245b0353463ac5a7280a45ba4ff66b2f8e9a,3306172403,0171,8,01
2025_26,1fe342b058528873edffbabba05604ceb47e07f139eff186a774d4f414476061,3306172403,0173,4,01
2025_26,c4faed228d9cdc627be2c939c45b873b44424fe89864fa19b2dcbfb5cbe5c471,3306172403,0171,8,01
2025_26,051be607fcc51ef1e7da6c10925fb5e50cac5af2a578076a2474a0b453884a27,3306172403,0383,9,01
2025_26,4abdc8fb98b5977017777a10c21af1f801e444f70f572e406affc9ee2d4ef8d1,3306172403,1709,0,01
2025_26,4abdc8fb98b5977017777a10c21af1f801e444f70f572e406affc9ee2d4ef8d1,3306172403,0171,0,01
2025_26,4abdc8fb98b5977017777a10c21af1f801e444f70f572e406affc9ee2d4ef8d1,3306172403,0172,0,01
2025_26,f714c01431e10a233b40e709331d3b183c21da87e24794c424dcb9041909ac21,3306172403,0172,2,01
2025_26,478fe009cfeeedabde10e7bda080eb490dc288b756cff2bd2131b6623424f2f9,3306172053,0156,9,01
2025_26,d072033afae597d59d0e63c73571611c0bbe15cbdc49f80251683584561dd559,3306172053,1233,6,01
2025_26,cd9cc0164e0ea3df63044883a11048dd28f6bf07413d9fe26d642d097a058e5c,3306172053,1229,5,01
2025_26,c7e1a8c406319d76c7bde0470ed7c5bf40f7165795bd388f4f63532390612c3a,3306172053,0156,8,01
2025_26,a6546d51226e2f31639a41a8734c09f253d098e94c85f6840b0a1034346ed940,3306172053,1229,2,01
2025_26,c79105884bf0d149ad54e2f39ed5bd11955b16febdc482e4ad19ff6a12fe2e09,3306172053,0156,8,01
2025_26,e8ad3b4177b334fb62c540d2a30766bd6e17ec516b3c010ad1594d404941a390,3306172053,1233,9,01
2025_26,7477c6e8dc02f6edfe795ed77fa9f5e0cad1b527a473118e85cdde61aad0140a,3306172053,0156,4,01
2025_26,7477c6e8dc02f6edfe795ed77fa9f5e0cad1b527a473118e85cdde61aad0140a,3306172053,1231,4,01
2025_26,68cf11f2a0c86b6bf258cdd97fae2403417e332286020f60a6d3710925ad18de,3306172053,1709,7,01
2025_26,68cf11f2a0c86b6bf258cdd97fae2403417e332286020f60a6d3710925ad18de,3306172053,1233,9,01
2025_26,9d814ddad12b96831dc5e3c8875cecb386580b8c7973155f7d6db152073ed837,3306172167,0623,5,01
2025_26,1c392a3a3a8adba8848e7edaa1a766cf9b384796c53974412f3b1dca325e604d,3306172167,0930,0,01
2025_26,6560abc82fc7fcd63c0b60333d8226646dde6cd32c1520e8913003be004604a2,3306172167,0179,7,01
2025_26,5a32c2badb6de022920b15632eed0ee1b4cd37014542deeff767da2c614fdf83,3306172167,0623,4,01
2025_26,66acb78e0f2f532fc48be30f026fe4e7b9dc40f8b88aa7a570489f5aac96a3ef,3306172167,1709,0,01
2025_26,66acb78e0f2f532fc48be30f026fe4e7b9dc40f8b88aa7a570489f5aac96a3ef,3306172167,1010,0,01
2025_26,c8e204ceae06e6d0bfdae535f368f119c11cffb3b87da5856ea983b3a296e9de,3306172167,1012p,0,01
2025_26,ee87f35829d64d3f5a5aef263175e958edbfe0d0f4b6add104cfe8ea04e2df4d,3306172167,0930,0,01
2025_26,3086fead5c25510ad45d8b6b21798fde3227f36b30777b2e7a04d85aeb7b843c,3306172167,1709,5,01
2025_26,8503dd2f90ef2c543dc75b95d15ccebb4aa1a4301dc1bd615748966ff97def4c,3306172167,1012p,5,01
2025_26,492b332f301408f8e92883512cbf3a440293300e41db6bc40eef59693e545818,3306172167,1012p,6,01
2025_26,492b332f301408f8e92883512cbf3a440293300e41db6bc40eef59693e545818,3306172167,1010,5,01
2025_26,202312ea24d1e7773563b9fac2e285905c837c7109d089c3123b66459013281c,3306172167,1010,7,01
2025_26,7f5aa83c55c9f8732fc96953899d8b7e01b6956d5c4dfdae4445b264ebc42047,3306172167,1709,0,01
2025_26,7f5aa83c55c9f8732fc96953899d8b7e01b6956d5c4dfdae4445b264ebc42047,3306172167,0179,0,01
2025_26,10037b1abc48ba2d385a1a10faeaa9e7a3df532dfcee168dd2587ffc171940e0,3306172167,1012p,0,01
2025_26,8d2adca43796ef1e91145b4acd880aca05d011c199a09310edb2458df635094d,3306172167,0930,6,01
2025_26,8d2adca43796ef1e91145b4acd880aca05d011c199a09310edb2458df635094d,3306172167,1010,7,01
2025_26,f21577308bb1f08b2e6a1d707efd451f73bab471daca1b8787025ecfe043747a,3306172167,0179,8,01
2025_26,f21577308bb1f08b2e6a1d707efd451f73bab471daca1b8787025ecfe043747a,3306172167,0930,9,01
2025_26,f21577308bb1f08b2e6a1d707efd451f73bab471daca1b8787025ecfe043747a,3306172167,1010,8,01
2025_26,dcd5a9071261194853ac2e95d9b399f34b580ab9554c6aa0faf925e32be750b0,3306172167,0179,6,01
2025_26,29807ef81aa8412b3d9068732861b3e6e760e22c893da83a7514f91ce9031e82,3306172167,1010,7,01
2025_26,ac4d273ed219a79442d92f16391a8a8bf74d50d9fa628495067d7af2ff7d9b78,3306172167,0623,7,01
2025_26,292541a4a2af20fbe5e5c7df9f8df93e71a255add1bb290f3689c4d7b53fcea6,3306172167,1012p,4,01
2025_26,3a3defafa340cf2f27cf0a3e826c1ead5c36c0be8acf105d6d9025491ff078f8,3306172167,0179,8,01
2025_26,ea8a99bacb12d20a4c2b1f615af3ce9e1df3565b0e2091da8ccd7e0a6de608cf,3306172167,0930,8,01
2025_26,f79e2121bd525cbd1686949ac59aada5dfa26f6c316921c73d2de4def7813bda,3306172167,1012p,8,01
2025_26,8dca4dc6bea430986162073bc80007371e18e6f4d038834884c6d5612251197a,3306172167,0931,8,01
2025_26,90609e821d9a1fc60b1cd740a0309ead357c0011698170695f3f86138e35b5d8,3306172167,0179,9,01
2025_26,582e5eeebbc710f9f2b91e5ccaf9f0bb23612b2769bc53ef920abfed25d4a8e2,3306172135,0622,6,01
2025_26,059ce46d42cf723fc4c29d2d31571b41fd9210c2e1a1eac5ac4372f691ba6da7,3306172135,0623,7,01
2025_26,059ce46d42cf723fc4c29d2d31571b41fd9210c2e1a1eac5ac4372f691ba6da7,3306172135,0627,4,01
2025_26,70a23789cfd7badaf71196c6ab772b8d1beed83bd899508d13ebccc64a0a9095,3306172135,0828p,6,01
2025_26,2f25b1329ef0281d40755ced48ddf9d5d18c688b3263ffa33d3e5ff4dc9ad9cf,3306172135,0179,8,01
2025_26,4a0be8352ee1bb77c6e23382dca2bd6746e56f20901f0ffc11c1e99c64f8026c,3306172135,0625,8,01
2025_26,9174a0c1ecedda39bd89fbf326d4208c1b2da70eb6370e8ccc09ec26ff5d566e,3306172135,0828p,5,01
2025_26,7ba79957534e0d56c4984f7596b16921af49ffd490210b4545587de27a230f40,3306172135,0828p,5,01
2025_26,2e0458627883be8489942b5aa1b06446774afcf4a1e83870f975091e1f1e6515,3306169433,243264,3,01
2025_26,ef9df7a74a2ed9ac96ac3318cf96b76fe381433ecb9193bd0196014a6208881b,3306169433,243265,8,01
2025_26,b8d478f266682c7ae7072879351cb7d7d8dbb7f01c4363e7c45ff69edf49f575,3306169433,243265,8,01
2025_26,21f00a7209eae4abca3d24c7d852a8e67521b34a226c2bee61d8e5bc12c026d8,3306169433,243267,6,01
2025_26,d94387913fd192bf5ade4948db5ec9924433759a3e2c77b1f593c4b30efe751b,3306169433,243267,9,01
2025_26,a34055c3a568b071a92fb858dc09cd09c5aea1b1b05065076384d42b3c1a7bb2,3306169440,243270,9,01
2025_26,2586f994e94a5013be3fe4188ae4d97925eac71c4f510c6f5ff38bd6ed48b9c0,3306169440,243271,8,01
2025_26,ee533db89a9236b29dce215fedd76a086d678de79b352d17a534c894de8f4e11,3306169440,243602,8,01
2025_26,ee533db89a9236b29dce215fedd76a086d678de79b352d17a534c894de8f4e11,3306169440,243604,8,01
2025_26,62c365e91ac32dbaa00ff9888d4173ecb376fb5de7d6ff959fedf49e62f646b5,3306169440,243270,9,01
2025_26,fdf50feb75491ad9866acd67c809ea264cd71fff4afd94007c53e186fc7cb0c5,3306169440,243270,8,01
2025_26,a81e4df1f5d5eccc3aff90579c8dbeaa8074a72ad33048d61c75f2bb5ae06f9f,3306169440,243602,9,01
2025_26,f59b96c5926d2a1119855eca5d10377ccb032ccb535f80a600ab8f9adafc3c96,3306173997,0437,9,01
2025_26,2568472b82555eea1cdbededd07e79f33be137f8a3db237ad593c58acc6993e5,3306173997,0437,7,01
2025_26,498c097a93eec82ceb15f758df9c330ea62cae123e177c27a2818b6e726047f1,3306173997,0441,8,01
2025_26,498c097a93eec82ceb15f758df9c330ea62cae123e177c27a2818b6e726047f1,3306173997,0439,10,01
2025_26,fbc951bcf616da89e5d668aa36dd89c670338ebcb99ee6b51f6d6627976a2a28,3306173997,0437,7,01
2025_26,82f4cd82df5906af29b89396af141a505bcc8a7ccbd1d2e071a4fbf9230f5120,3306173997,1709,9,01
2025_26,82f4cd82df5906af29b89396af141a505bcc8a7ccbd1d2e071a4fbf9230f5120,3306173997,0156,9,01
2025_26,dfe72718a8fa8b613c48b3fb50ab1613df452fadc557b00be7d0c17f8d8e3626,3306173997,0437,7,01
2025_26,4e1d1005ebb3119a75fc83fe1c1d4f6e5252b66900315b7631025c6ebe4f4229,3306173997,0441,8,01
2025_26,af673f9bc4b85f6c3fb335b0844087d4346f0cc8bb99a557f9f46f3a550b5b7d,3306173997,1709,5,01
2025_26,52e1bfd2f4f927e6394669ab0b2b3634c5262fe3d3e6271911ee9da01a024ea4,3306173997,0437,9,02
2025_26,01e3f64bd51485d35b24211fa6f02d4154380cff02ed6f4751286546b3d9b7a5,3306173997,0439,6,01
2025_26,bde9180c50f31739dc05fad2e9f7b520b0fc35d89def4fbfe56de8b1ac3db3c8,3306173997,0440,8,01
2025_26,e6904d1914d020249cecb44f8979f74197aa24953ef0be8e768c03aecd9a9320,3306173997,0441,10,01
2025_26,e6904d1914d020249cecb44f8979f74197aa24953ef0be8e768c03aecd9a9320,3306173997,0439,8,01
2025_26,5349136ea57cf06102bdd2ca6b12daa4a15944b4a05a413bdf98bfdbf7761b78,3306173997,1709,0,01
2025_26,5349136ea57cf06102bdd2ca6b12daa4a15944b4a05a413bdf98bfdbf7761b78,3306173997,0437,0,01
2025_26,6758f5550724df4504c56397b78503b6c9e2f9cdada4fa92d5be4dc7b4213260,3306173997,1709,8,01
2025_26,baa98429d22421f703b4df8ac09015448bcf1031acad3ba4707d320591ba27b0,3306174048,0179,0,01
2025_26,baa98429d22421f703b4df8ac09015448bcf1031acad3ba4707d320591ba27b0,3306174048,0647,0,01
2025_26,d36ed655c38ddd39a2ae843664e6fa11b49d6b3ebdc3c5dbbed7492b056624b9,3306174048,0651,9,01
2025_26,ef4d79efa0a1b22adac94b2ad2adbcd3edd3092d481749f33ab681f28528d9f1,3306174048,0651,0,01
2025_26,1977e49773eddb32cf3532de61ed2974ff5381d27ee507278dfa01691c125b26,3306174048,0651,0,01
2025_26,0017a974bf5bf8f4a5ed2d0c04e7b660befdebff60d553c4ce49f8344e410951,3306174048,0651,3,01
2025_26,754e9f8683cf353b1a5a6f3559c6559deaf13a81803dd8f9da3347adac9927d8,3306174048,0647,5,01
2025_26,8ab6c1228327b705e1790f3232dcb1d9d4aac248cfe99e88c18b4adc5e709823,3306174048,0179,0,01
2025_26,1e0f85ea446e582d4cae80f18e948a085d531f823c47f394c25c5920a62d09bd,3306174048,0650,9,01
2025_26,301e23a9e517dd9029a91b326c13fd34a76b173595ee00de976acb07a8da7afa,3306174048,0647,0,01
2025_26,bf49f7fd826ec978cb0949140f03d422dd2dd8e722cf8da2621a008b35452551,3306174048,0179,7,01
2025_26,bf49f7fd826ec978cb0949140f03d422dd2dd8e722cf8da2621a008b35452551,3306174048,0651,7,01
2025_26,3119a899d1f8adbdb38d33322d64dd0c315d8d78abd92ebaa5994f505f82e1e5,3306174048,0650,5,01
2025_26,1497ed5ffe286232d740cfe4c7eb1898773fa3989688b7c5d17b3d9b00fe7217,3306174048,1709,6,01
2025_26,0b907759cfddadc2676d686458d1a07c559d890e5b75f33e5aabf29c4e2e351c,3306174048,0657p,9,01
2025_26,69fbdb5a4eadcaff8ba32514179d048f01f07f5ef8f20020214aa6390b23ccaf,3306174048,0657p,0,01
2025_26,7c60a1e422fb050fff9fbba3df25064d8f9d4f5c24b47e6741e5f5a207a021e4,3306174048,0657p,5,01
2025_26,af057deff173124dea920906a444c5b2c4c6c37e2f2f30268ed15c55c53b6200,3306174048,0179,0,01
2025_26,4b9045212484beaf5ff4f9e3f90e65df0abe2887cc4d6c5a592d6b00f80b36b9,3306174048,0648,4,01
2025_26,23bc8fdaa0b1fd1219b32e0e84d55a77e03cb2a0112629c69420a3230945f215,3306174048,0650,8,01
2025_26,75bdde496c1d132c19a4e4a81223f54e9fa3f2b67de0b134f4862aae49fe9a84,3306174048,0651,8,01
2025_26,f25075d5220086066691a063a7a354aa7d6abf12360ab61e34aabccaaf0c8423,3306174048,1709,4,01
2025_26,592dc1d4cc750281494b8ea94853afd538817e5f5f3947f50d726269730acddc,3306169744,0373,8,01
2025_26,d168ac375fa0c9e2fe709a71e25ebcd6569efabad2140cc94550c618be93b324,3306169744,0179,10,01
2025_26,d168ac375fa0c9e2fe709a71e25ebcd6569efabad2140cc94550c618be93b324,3306169744,0370,8,01
2025_26,f903e1554284e19278483168367070a0efaebe8b738c2cfaa4ca8d5bb1e5a3de,3306169744,0372,10,01
2025_26,230c7dcf7b05175ef97151f2cf230cc290223e3ac2c54d0bb576cea5f8ee98e1,3306169744,0370,7,01
2025_26,b8d3c2fa0f073f24929c89bdcef485c273d2c2f26bd3a1546edc4a1e07984b96,3306169744,0373,7,01
2025_26,dc97e11d001faf560fcfdd332bcea9ce77a96bb3e6cff98c29a3aff929df53e0,3306169744,0379p,10,01
2025_26,dc97e11d001faf560fcfdd332bcea9ce77a96bb3e6cff98c29a3aff929df53e0,3306169744,0370,7,01
2025_26,63ed81bb4c902123bc989bf9cb695408a685875bcbb1c611646a69f60ad97a24,3306169744,0372,10,01
2025_26,36609aef4e3365e525f60e03085709425ac73d55cf7e05a42254a739d704896f,3306169744,0369,8,01
2025_26,0fc39efaee8a2b371ffe60942f1f2249f7a85f617d3588228f473dd386b1ec72,3306169744,0179,10,01
2025_26,0fc39efaee8a2b371ffe60942f1f2249f7a85f617d3588228f473dd386b1ec72,3306169744,0369,8,01
2025_26,5471ff231c6295962e7f8f1607cb2d3d1b50a1062bca01dae2195138920d2c00,3306169744,0371,8,01
2025_26,f37cafdc0818626d5a2a938c9bcd4a0787e41977e4e441203cd69a8784c07ab6,3306169651,0483,0,01
2025_26,9ac16bba90597ba91a766c5d82d02b2ceb323c3a226e7b1331abdf1addedb978,3306169651,0487,4,01
2025_26,9ac16bba90597ba91a766c5d82d02b2ceb323c3a226e7b1331abdf1addedb978,3306169651,0485,7,01
2025_26,317609100b6ce9ce4f77583907b1578dc91c2ee01b308678d4125b4fafda3dfd,3306169651,0484,0,01
2025_26,574d0f2aeef64bd94edf50eaad27b7fd7a494a5b9e1cb60f4e07d9f5ad1cd238,3306169651,0616p,9,01
2025_26,78590b2aa79899c53c39d4d3d5b393f2668afa57332492dec4b1e8607e4e126e,3306169651,0179,8,01
2025_26,2ee363575015a5fd983f00c2f6195e745236e5999b23e9e23b803f74761c74ec,3306169651,1709,7,01
2025_26,10d4e7f9d6af776fd91779dfcd1b59493e4cccbea0766fc0b90ada402c4f34e3,3306169651,0485,2,01
2025_26,cf8bfad29e6fd74819f0cf4c10deeb7cbb2e6d44dfeadac12796a294c1c55a7e,3306169651,0616p,8,01
2025_26,fccb98ada73c199a1f2c97687fad4157378b5f69f222f8a6090a95df5bf0ae2c,3306169651,0179,7,01
2025_26,a6467a417ee402344cc49c6d8b65a50ed1f44ddd07fdd4fb2d7ef7132099e0f5,3306169651,0179,0,01
2025_26,269ee833882e0b42d2a58c0729ec816e127e477f419cfb909ff0589c0e504fe0,3306169651,0616p,0,01
2025_26,269ee833882e0b42d2a58c0729ec816e127e477f419cfb909ff0589c0e504fe0,3306169651,0484,0,01
2025_26,7a026f0bf74ae52c2d253369127d67b8147cd6d58d1b8cb1697b05b9d0f7a9ab,3306169651,0484,0,01
2025_26,deeecb0b8976c33daab642b060597a975f129437a11f98aedc972e8678088108,3306169651,0179,0,01
2025_26,93492738c7c3194e944ef91f483afbccb5e4c091ef5619d676a3413d04d8b87c,3306169651,0485,0,01
2025_26,cb436e2b2c25e07fa227a698a8d0dd50b89dd2f103fdfcae3ef3ebe1a71f04c6,3306169651,0484,9,01
2025_26,7cae0f896ff36f0012d755afc2d552983e6a4c729486688b34fb3f126e765a4d,3306169651,0373,4,01
2025_26,db237067000ca6e09e080b13aa0f8c069465d8d3e2a1f9c2cb05f576067ae13f,3306169651,0485,9,01
2025_26,db237067000ca6e09e080b13aa0f8c069465d8d3e2a1f9c2cb05f576067ae13f,3306169651,0484,9,01
2025_26,ee8ceecdba3aa64670372f139d2dcf87676104524bef30ccd1a7c77606ff4906,3306169651,0483,0,01
2025_26,371d57f65d21544c1eacd29a3bfce03c28ff70f4d2f4dd551f4e35a4a4a2f39d,3306169651,0487,8,01
2025_26,8eccad113aa249e1ba8e20c6777f7a3ae8bc6fcea1aca1035c4a5671fb26f1e3,3306169651,0487,9,01
2025_26,2f020675fb262606292d8afdb33dff2edde6f09546428edd47cae01039c05a18,3306169651,0616p,8,01
2025_26,2f020675fb262606292d8afdb33dff2edde6f09546428edd47cae01039c05a18,3306169651,0373,6,01
2025_26,8054c6e0476794e30dd745a77398ecb1bc638ee6760945ec2a0f161e6352860e,3306169651,0373,7,01
2025_26,c9cfbe96940988702f1916e3a0f4629e0876c7bdec39928605df2a5b824d0fef,3306169651,0616p,0,01
2025_26,c9cfbe96940988702f1916e3a0f4629e0876c7bdec39928605df2a5b824d0fef,3306169651,0373,0,01
2025_26,cdfe57e30b518df0ef6bf4917ad5f791dec6ff963fbf35790f62ef99aaac0471,3306169651,0373,9,01
2025_26,cdfe57e30b518df0ef6bf4917ad5f791dec6ff963fbf35790f62ef99aaac0471,3306169651,0487,9,01
2025_26,13556de0742a0121646ee0023958dd986147ff716e5e5d4351f561e5c0bb2a74,3306169651,0483,0,01
2025_26,76057169af686e2c065d0129d8103858c908853c2ccec95ab214dd8a48a5cd19,3306169651,0487,9,01
2025_26,d553fb9eaa382b49195f1a1d3e83cf64037d67910aa2d48b313004034c46032d,3306169651,0484,3,01
2025_26,efc11e1ad05f0894e0e1878ea0fa27690fa464c0fb0a32283e74fe8f2516f7e0,3306169651,0483,4,01
2025_26,f7922319cb0cd36b9128286223df7f163a72308d740d032141ab3235f1335b79,3306169651,1709,0,01
2025_26,42aa98471b8bdd8a90a522888480b7ae7fb42d954b81b107863bb1d6f6c0b30e,3306169651,0373,10,01
2025_26,a1108d5a0e4be9aef28d4cd6b1eed26cb4f3419d2db69f80714556f0002c1a2a,3306169593,0222,5,01
2025_26,564fdfb0dbed48f2553890b73f56423148084a5bd88d27fe0186a496b854acd8,3306169593,1709,0,01
2025_26,f0aa5208447420c5226d65c72a24cf65253d559d8850829a2e8214d5d1242f97,3306169593,0223,6,01
2025_26,731b21a279cfad27b0bdf09f8c531e2ab8a933e095818ddcece5bd5b65090a42,3306169593,1709,7,01
2025_26,15863fc7fde487861197fce158abdeb3bf1bec6673200d901193aa05205d4484,3306169593,0222,4,01
2025_26,6595bc3d5ccb32c09b5227f7d96f3e7c870795abe37443fb13e3a9b09f664645,3306169593,1709,7,01
2025_26,6595bc3d5ccb32c09b5227f7d96f3e7c870795abe37443fb13e3a9b09f664645,3306169593,0222,4,01
2025_26,739c0dd4cb324f970995671f1d472e4f1c226bd418750b76292aca1c579765ce,3306169593,0221,5,01
2025_26,9001b89edc33b2bcce9ded9f344830d56cc59b520b86c9db0b9c8b9eddca8370,3306169593,0222,0,01
2025_26,9001b89edc33b2bcce9ded9f344830d56cc59b520b86c9db0b9c8b9eddca8370,3306169593,0156,0,01
2025_26,74a73353144a73ae62fe025cf095ccaa79c7d901cf13812e3a25364327c26309,3306169593,0221,0,01
2025_26,cd9202b902344af3cd5daba1a6e1e37eef41360625e68f20131a8f2d1243bd3a,3306169593,0221,6,01
2025_26,2bfad9fb4060ebe95778a54325e7a3f292d8b3d084ce9df6356159be81de583c,3306169593,1709,7,01
2025_26,85f988e9688efa19474841a092c5c32195d3a0fa497fc1cc31df3c92b1a78bbd,3306169593,0223,7,01
2025_26,c27b5f405a4d1b07c527961e9cdf96bf53903e11ca227c731b6ad81d9eea27ae,3306169593,0221,6,01
2025_26,5a55151d75c2047df3433f92a6e3482a166f2af11a8aa2841965ec85a942972d,3306169593,1709,4,01
2025_26,8db80d9d0d84b39cffa78d71a9a8232b0794dec42ad8c39c0bab5120ff105138,3306169593,0221,6,01
2025_26,e735f013c8c7c3f956f1d3164ad2d2f80e18a0af23590af59ec208691dc917e4,3306169593,0225,1,01
2025_26,3272e0ba26c370c4425d1c133230690d9ab8636361c7c7138e84b8abfe3bc2a9,3306169593,1709,1,01
2025_26,3272e0ba26c370c4425d1c133230690d9ab8636361c7c7138e84b8abfe3bc2a9,3306169593,0223,1,01
2025_26,e77c8c1e2a36c0ef1cdce060bf606dd2b5f56eca95b6bc06ed13d043ebb2e16f,3306169593,0222,9,01
2025_26,cf933a5eaa45244f67884eae884d781eddda67259e94af5b840b6e7ec9caefe0,3306169591,1713707,10,01
2025_26,cf933a5eaa45244f67884eae884d781eddda67259e94af5b840b6e7ec9caefe0,3306169591,0227,8,01
2025_26,451fcfb9691652b0cc11cf1978d05b6ac429f6c19a9fb94c69ce0e8c0ca6d249,3306169591,1708190,9,01
2025_26,1e42ada0b2318cf8bc4389f9dc81952b5494142aca0971d0c524e20bea7461a2,3306169591,0226,4,01
2025_26,1e42ada0b2318cf8bc4389f9dc81952b5494142aca0971d0c524e20bea7461a2,3306169591,0227,3,01
2025_26,867202a83dba25714edad821cd1e24322696bb5104c8266db215c3c841d86a54,3306169591,0227,8,01
2025_26,6b8553049bad85c165181a7a09dbef3bf8a9f818ef899b9060bd4a1071bdead9,3306169591,CVOPT,2,01
2025_26,3a111abf1a7a21bf577200ea113d05c9edf3025035dfa4bf9b7e8f0a8998526c,3306169591,0227,8,01
2025_26,f9e6a2cc80aafe38b3543b1e81ca59e44e8bb707a5b2f29a87758354d3ffda01,3306169591,CVOPT,10,01
2025_26,4f249067ea2db7f9eec53b8ba44fa8b903b2e5b3c4128b8d831b0bf08dfcc47b,3306169751,0378,7,01
2025_26,b8590c9158241ef9e50c6e2869590385492e89dc85527e39fa482066ca2a2d73,3306169751,1708190,9,01
2025_26,b8590c9158241ef9e50c6e2869590385492e89dc85527e39fa482066ca2a2d73,3306169751,0379s,8,01
2025_26,2f3b973e2c58e5e89b6cf7408df34a45b0a3182aa3ec727bdb0d513622a443d6,3306169751,0378,10,01
2025_26,34891adaac5a043d44f3d15d546540da0039886c4e4a9657c88ebdbd1fb2c275,3306169751,0374,9,01
2025_26,998ed5c5da662f7d54122066b719c193b194034411a7a88d8b3f7c0a5fc5849e,3306169751,CVOPT,10,01
2025_26,047d440784e11fa29ad2e96d76f3fdb9a2629d7440f44893cca04bfc9807a23e,3306169751,1710,9,01
2025_26,7dcd35216c81d13e79e914b6181c0f7084d693b45ac5fd704dc0c28f02a4291c,3306169751,CVOPT,5,01
2025_26,7dcd35216c81d13e79e914b6181c0f7084d693b45ac5fd704dc0c28f02a4291c,3306169751,0374,4,01
2025_26,74747ce230305dbeef72ba2d2bc98e74e9436abdb3b40fdb5c1d0f0d7714457a,3306169751,CVOPT,6,01
2025_26,74747ce230305dbeef72ba2d2bc98e74e9436abdb3b40fdb5c1d0f0d7714457a,3306169751,0375,1,01
2025_26,cccc7db51b4df292d3e8a6a8b38251f157c570d6550f27cbfc3d9b846988d425,3306169751,1708190,9,01
2025_26,cccc7db51b4df292d3e8a6a8b38251f157c570d6550f27cbfc3d9b846988d425,3306169751,0379s,9,01
2025_26,486a3babd9dfb2bca9d288c58c57225f9296ce86eac7a10abcdf48057c728a96,3306169751,1665190,7,01
2025_26,486a3babd9dfb2bca9d288c58c57225f9296ce86eac7a10abcdf48057c728a96,3306169751,1708190,7,01
2025_26,d3f405665eac5f3802415539fa1deabe78f41dce1e5fdb28f34a6f13845ea53f,3306169751,0378,6,01
2025_26,6c6c08962698faf434d13596a2f4fa9b83d0800492f2c7f3d0ab5b67368f3fc7,3306169751,CVOPT,5,01
2025_26,a93690df50d8d2e69d1d2d81076dea3a80165cd43a1b171526b4b50e61d3af71,3306169751,CVOPT,10,01
2025_26,a93690df50d8d2e69d1d2d81076dea3a80165cd43a1b171526b4b50e61d3af71,3306169751,1710,6,01
2025_26,18b4aa34646e373e0d227c0db5d8e42992ae5fc0b477267e9f38fc6fa0db5afd,3306169751,0379s,10,01
2025_26,b4762867c3406253055e231d10983787abce3b2952fe6c121446ab0feec5a447,3306169658,0615,0,01
2025_26,ff28efbf05517539507a63494d128f20d746c5353d6bdb0abc951b0d7c259521,3306169658,1708190,7,01
2025_26,ee29b13c0682d2c9d4550e33452944e6982b8e8198b2841e1fa30164a1b9ec71,3306169658,0615,5,01
2025_26,411ed29ce82c50a407b536c0cd30217a7ffdf8e258cca9c5adc38081d5b908be,3306169658,CVOPT,5,01
2025_26,7583f648a5c0fe3aac388c64097ed996e8f085163d129b68572ca9035f215d7a,3306169658,1710,9,01
2025_26,336869d5e562b49cf02518e0800cb658d19a9c575633794e430bbf954f943a6c,3306169658,CVOPT,4,01
2025_26,703738a6468bc4796ba2b43304578127697c7299a7b46bf82e8a826129ce9439,3306169658,CVOPT,8,01
2025_26,f45aff09ab6f9c05fbb7dc5f9ae7a4b9b1c9ba197cf2cf85a93cccfe99a5a1bd,3306169658,CVOPT,6,01
2025_26,c70c4641d8b02f785948ceca733032a6946d0c2e7a7047fac9af48fc3c868792,3306169658,0614,3,01
2025_26,c7b9e230aa6a79929c8d84c945acee0cabdeefc73fd5513684b11397eced637a,3306170617,1371,7,01
2025_26,55a6cb48eb7c43e50d7031b4c9ca448a4cf2a4dcd805ffdc206fcc3fa1636937,3306170617,1375s,5,01
2025_26,4809cb4342e17cbd1cb864924d77094d6f16c0f734dcdc4ee5dcbe0464b25252,3306170617,1372,3,01
2025_26,be9c72347a884f358f08b2f0c6f629479c16c8bdc7b817ef09cfaa9946c1f609,3306170617,1708061,9,01
2025_26,be9c72347a884f358f08b2f0c6f629479c16c8bdc7b817ef09cfaa9946c1f609,3306170617,1371,7,01
2025_26,889f4e53a56cb6de5bb45ec3a7e05c428f432173d7d4942e6b94d8ac65f79d51,3306170617,CVOPT,7,01
2025_26,26fbf179f16297cb979067633c4ef2fe0ed66a62036a368e306d8fd7163b19ef,3306170617,1374,8,01
2025_26,cb75aa59969b33eb3565b054b705aa6d51301fa2ad2b215b6e327a5198841d4a,3306170617,1708061,10,01
2025_26,0c2c743c07cbe87db69ef4db3ab14970b0f4b4767a386f28bd5e10343f363c75,3306170617,1375s,5,01
2025_26,56e107d5499404c540be1a0a6f5a3b8dc90fe1996a17d74f921f8f0eb6f67aa9,3306170617,1375s,5,01
2025_26,78d715824defdc31dc8a6cacb87d510ad35387fae7f39291fc8dc95af65248ca,3306170617,1665061,7,01
2025_26,e05c52d1293d0cdd11cd1b64e99622b55ea751e9a3baa3977dee2c301c71b00a,3306170617,1374,9,01
2025_26,6de184a5bc9a3b92f574c417b403db4a28e0b17da98b466a0a8b93f416cc50d5,3306170617,1665061,10,01
2025_26,6de184a5bc9a3b92f574c417b403db4a28e0b17da98b466a0a8b93f416cc50d5,3306170617,1710,9,01
2025_26,9b5bba959f4148a97cef7db6b47d8b0005c4b2431d53c21492be4c3fa34e83cc,3306170617,1710,8,01
2025_26,f1a7a595289c28e8614c14feaded8bf8242c3e102a4fc8006cdc584d23b63952,3306170617,CVOPT,9,01
2025_26,5cb8dbe0ac1dec3ddd2f4e2161054f7466a4f1f1770e0f6c23480964fb27f0cc,3306170617,CVOPT,7,01
2025_26,49bb1a981ecc70bbaff4d5a6b7ab9f9b84c41f449c7b0025f69621b7c23345c4,3306170617,1373,7,01
2025_26,6bb7bd00e07a53a2f63df6d28f6a2fd6c0f1d718e082f327a8b217df7ead3d9e,3306170617,1374,6,01
2025_26,7b93ffde8b50bbf7be6884b4dcec62562e1b4194a0d484ca424ccc0d268ad043,3306170617,1375s,5,01
2025_26,185a80bf9689b7f20dccd28324d37a2b8593981b03fd5889d528a86d0e517140,3306170617,1374,8,01
2025_26,f1ee0488df612eb8efddc259b60bed37e930b0cf6ac0a0d59a638baf63e0e963,3306170617,1371,9,01
2025_26,7234520aa22fdb5caa8b2da3eb966cab981758e3231befa8e56dbc82b44872c2,3306170617,1372,1,01
2025_26,e3a75ebd29ec97f36ce8f3302bbf092118c0d38e196884799c7b81146d404906,3306170617,1372,8,01
2025_26,fbda2d29ae9b0ce147516fb74b0142f6396f10151ea62a475d529314f462d40a,3306170617,1371,3,01
2025_26,fbda2d29ae9b0ce147516fb74b0142f6396f10151ea62a475d529314f462d40a,3306170617,1374,4,01
2025_26,0778efbb244a74934514f6651f9817676287c0a5415b5d29815ace1c4b2d97b7,3306173995,1664001,10,01
2025_26,0778efbb244a74934514f6651f9817676287c0a5415b5d29815ace1c4b2d97b7,3306173995,0443,3,01
2025_26,0e3f65fdb6c703e0ea8a9e1261a4fbef2d36e64183ee3af36786efbb6bcd4b59,3306173995,0443,3,01
2025_26,a009548ef1cd4aefa8762d14f3e43d928affd242163f9f3fbfc2ca7f94d7c430,3306173995,1713472,7,01
2025_26,2bed8b63d7fc93d4354293e63f943b3d3ffdaa368162ed737662782454b565bf,3306173995,CVOPT,9,01
2025_26,77952da7dfbc104e59c48b90503f35af9294a28d9cfa4f2bca5ed7eda5654ee5,3306173995,1713472,8,01
2025_26,979c7209c849880e6f2b7e0f6911df426fc58b5e59d839dfb4662284193ac960,3306173995,0448,9,01
2025_26,07503cfa68ced971a764825e66979cae15cd24caad7f78094fb5d7e81656a3c0,3306173995,1710,6,01
2025_26,a10c7519c10305dc5ddfb23ad2e20dd5ff792007e3ee8bb116aa3f907156de86,3306173995,0448,9,01
2025_26,2fd2849e253ffeb93882260f25dff541d5f5050507f5d467d6a8aeff756aaa4c,3306173995,CVOPT,8,01
2025_26,7239bc90b0c510c6aa59291aba3bd356efd538a20fcfd33b5c9f366802a52583,3306173995,1664001,9,01
2025_26,a42315ece951a5f0d39bcfb3425f7e8c23b48f8671883926e49f3dcb93789d9e,3306173995,0443,3,01
2025_26,85637b5b384a6209622bef2375ad3c31cdc94868b271d2912ecb248c28bcee6e,3306173995,1710,5,01
2025_26,46ac30514bdb0b402d69df73aa8ed80ab47502f9256e303177696d988e40ee14,3306174046,0652,4,01
2025_26,93206ed8b3d8c6b7197f92294c4a77dc2d8b59e9ca0519c5bee22886cda7d724,3306174046,CVOPT,9,01
2025_26,2ef5f3dc4d9e9b198f70769a417efae3d20bd86a1612e14c99018c61f1d02b4d,3306174046,0652,3,01
2025_26,2ef5f3dc4d9e9b198f70769a417efae3d20bd86a1612e14c99018c61f1d02b4d,3306174046,0654,3,01
2025_26,33080c2143f96f4f9f6d0f176ef6d1d87a3c61b0cbb6ceb05d67d3cbfce0671a,3306174046,0656,7,01
2025_26,e33706626d3e37c5c20e9f08e01388fdbf20f89aeb32b784039f9d3b788de7d9,3306174046,0655,5,01
2025_26,701f85a2666f7f20918c046d1683f508178c91d254681744fd5536340b0d38d1,3306174046,0652,4,01
2025_26,a93c361f43102379e16c7e4e48c0e7cc3863a05b2e58f0592632b5791da0bf6e,3306174046,0657s,6,01
2025_26,a93c361f43102379e16c7e4e48c0e7cc3863a05b2e58f0592632b5791da0bf6e,3306174046,0653,4,01
2025_26,a93c361f43102379e16c7e4e48c0e7cc3863a05b2e58f0592632b5791da0bf6e,3306174046,1710,4,01
2025_26,09df3749b33c5e50c10d4bd62f7f25f8935679e00ebc243c9348c5e5eae87b95,3306174046,1665001,7,01
2025_26,4432d120bcfaec86e2c4f8b58860122c3892c5d3bbeb68b6816e87afb1750aba,3306174046,0652,5,01
2025_26,9b4203abce2e19bec55c83f8c1e84d1ba0ae742e8ebc17190a0e27b8faab512d,3306174046,1708001,3,01
2025_26,9b4203abce2e19bec55c83f8c1e84d1ba0ae742e8ebc17190a0e27b8faab512d,3306174046,0655,4,01
2025_26,a87559877bb04d535bdb35adfbc31ba61dafe1d317623db6107544a20fd39369,3306174046,1710,5,01
2025_26,b62e2f0d9a44280c59ea52b9f938ef252ff323f431ade972979add08b0b783c4,3306174046,0657s,9,01
2025_26,13a5db0c47e6dc1b97e6e4b545ba2a42ef13e0e9040144aca8359463ce78bcf8,3306174046,1710,4,01
2025_26,2012af3d9f00b60bfe2d9bab1d99339d1f5c96656f2243a15c2a16fd6c93d2c2,3306174046,0656,6,01
2025_26,e8f0a240355191b2daff2e573c7edcf73285557b9f2ce69fe50f7c3e800d489d,3306172060,CVOPT,8,01
2025_26,1d74bb939aafc1f226d23d9f80169b2b041b259d52826203031cd26bfd8bebe9,3306172060,1230,8,01
2025_26,118ee637d91088196e5ccb982f9455c5d3a14a0d17b92b7b8435c6ad5f4f1f96,3306172060,1713925,7,01
2025_26,118ee637d91088196e5ccb982f9455c5d3a14a0d17b92b7b8435c6ad5f4f1f96,3306172060,1234,8,01
2025_26,c9ef752d08cc60dce5011bbde18c7ff045ab7c63736b8ce9ffbbfa6c568e0e51,3306172060,1664020,7,01
2025_26,776d572764ff42c9157da1eb15e1df4ea0d1f080a43d821bd85c4a456b2ae47f,3306172060,1708020,8,01
2025_26,776d572764ff42c9157da1eb15e1df4ea0d1f080a43d821bd85c4a456b2ae47f,3306172060,1230,7,01
2025_26,776d572764ff42c9157da1eb15e1df4ea0d1f080a43d821bd85c4a456b2ae47f,3306172060,1234,8,01
2025_26,31e50edfbf662ab9e584909431c51b4e7d6deed1e2c74a78061ec9a58c3f47cd,3306172060,1230,7,01
2025_26,e773b48cdd73183ec7055140222e7d2b309dc3275732be2e6d891795be8ce223,3306172060,1235,7,01
2025_26,70d288a37ce05ca78e1eeeda48cc6e8bfe6b57b4560821c59dcfdc660fca2951,3306172060,1664020,7,01
2025_26,70d288a37ce05ca78e1eeeda48cc6e8bfe6b57b4560821c59dcfdc660fca2951,3306172060,1708020,10,01
2025_26,70d288a37ce05ca78e1eeeda48cc6e8bfe6b57b4560821c59dcfdc660fca2951,3306172060,1710,8,01
2025_26,d132915c261a277711c823ee394868eff73ea7e3b7212aadf7e66da8d9e04c10,3306172060,1228,6,01
2025_26,c3f586139b4b3d972d92987178718a8c0ab01ef8e182622a8b1cdcafe1750d21,3306172060,1710,8,01
2025_26,6e8a2bf0a06ba8011fb9654d9e95ab9f4bedc01519a234d06a5b692f31023915,3306172060,1228,6,01
2025_26,6e8a2bf0a06ba8011fb9654d9e95ab9f4bedc01519a234d06a5b692f31023915,3306172060,1710,8,01
2025_26,326926eb8107ee630b12bf15d71ea51345f7ff33db0f3e9d26a21d129b40a88d,3306172133,1665020,8,01
2025_26,326926eb8107ee630b12bf15d71ea51345f7ff33db0f3e9d26a21d129b40a88d,3306172133,0823,7,01
2025_26,af13b1e047cc871852ff8c50af4ec5448ebf57eb43ab0a5f946dd4bb22d2246a,3306172133,0828s,9,01
2025_26,bea9be527b1b7fbda4923f07edaed2f75276ad1191fbb9e2064c0e22b8905eb0,3306172133,0824,5,01
2025_26,ebc0cc1c1d35a1e5f445c8c563772509a1067e38df2753d2a92f504938a4b1f0,3306172133,0824,7,01
2025_26,747fba7693508896e573474d215d7d6c251d9d4d7c121bd14518a76e5ecea2f4,3306172133,1708020,8,01
2025_26,747fba7693508896e573474d215d7d6c251d9d4d7c121bd14518a76e5ecea2f4,3306172133,0825,9,01
2025_26,4b1f4157d94a8428e3c2239db5596635e28c864de1461cdb75ed48981a0538aa,3306172133,0823,3,01
2025_26,90e11333d1fc18cd172687c94dbf8b530e5d4653baefc95838598781c89df0cd,3306172133,1708020,7,01
2025_26,e6388bf6df50cc83d15525c7b8d9b0b169927ca47da3306cbb5f331f9529a460,3306172133,CVOPT,6,01
2025_26,e6388bf6df50cc83d15525c7b8d9b0b169927ca47da3306cbb5f331f9529a460,3306172133,0823,4,01
2025_26,e6388bf6df50cc83d15525c7b8d9b0b169927ca47da3306cbb5f331f9529a460,3306172133,0824,5,01
2025_26,e6388bf6df50cc83d15525c7b8d9b0b169927ca47da3306cbb5f331f9529a460,3306172133,1710,8,01
2025_26,d99696ac7399f9b7c7d23393943d9c321015b9b768cc1bd628dceb80aad5221d,3306172133,0822,7,01
2025_26,4da51a862191fa00559c5883592b1b7ed8c8075bf9349428067e86fe1a991f05,3306172133,0822,7,01
2025_26,7e95db372fc0c37c10ef4dd85070d24ff8731cc0f2de155c73b66d47ad38a1af,3306172165,1011,9,01
2025_26,80898bbf3c16081e89b78ffee53f978b5595d335fe9470dd35aa11379763ac28,3306172165,1708020,8,01
2025_26,e1fa5399686a4a29ca1f422357b1509019d4486fb7a00a9c806c933b2cbdee5e,3306172165,1009,7,01
2025_26,e1fa5399686a4a29ca1f422357b1509019d4486fb7a00a9c806c933b2cbdee5e,3306172165,1109,7,01
2025_26,9c0fce6f3681dc9cefff66e8b9d82a0a3350fc714cd310c012786a61646f57c5,3306172165,1665020,8,01
2025_26,362a6754483125d335aa747a3631172731d1707ae50efe4bebf613546f0c5a4e,3306172165,1008,8,01
2025_26,89cf0a66566c86c99a42d9fdcdcd36680b6a1cf332cb79b1827e92532d2e9f40,3306172165,CVOPT,8,01
2025_26,40df7244c17d1f35ad1bcb47e3820f87226697e8bbd8d79383bc2cfdf77b0ec5,3306172165,CVOPT,9,01
2025_26,7283b898d94bcb71dd4883a04bd05fc0a9931b719946ebebbea7b83723773460,3306172165,1012s,10,01
2025_26,799798f993c4f212a337dbf6c94fe05f7b9150de73eaf1019095a86fa76c5330,3306172165,1011,9,01
2025_26,4d204e60470d5745757c8ab5cafe9a98db40cf0a77d53be827b92adc4639c0ad,3306172165,1007,7,01
2025_26,504eedb52a4b86251bf102232af293556e33bc206a7ee75e92e9cc9ae32a495d,3306172165,1012s,4,01
2025_26,504eedb52a4b86251bf102232af293556e33bc206a7ee75e92e9cc9ae32a495d,3306172165,1708020,6,01
2025_26,34a85fa256424c26834edefed25024b96dcf5af2e040dd4ea080cad20a31d45a,3306172165,1011,8,01
2025_26,c646a2df3c29b8de72b91dfdb20afda82fa2563ccea2144990a2d6f67cac2d36,3306172165,1012s,10,01
2025_26,c646a2df3c29b8de72b91dfdb20afda82fa2563ccea2144990a2d6f67cac2d36,3306172165,1007,8,01
2025_26,53844a0401518f4786913feb68c71d156d8f4fcbf6b1030a97d73a6e86aa41af,3306172165,1708020,6,01
2025_26,858a01846ac6f7b808cbd6d6f4557f51b9030d59cd6e0b22a7706248dfcdcd55,3306172165,1012s,9,01
2025_26,2c01a6c4817fa6f5afe9dfec0380f37c72859b57e1e72f6ccdb289de0a0c40f3,3306172165,1708020,8,01
2025_26,5f21b0db1be9a82ec2eed40399a3b24051ea1cdb4ad448ccf3922ab9fb84178b,3306172165,1665020,9,01
2025_26,3beca415d97ec131dbfe58cf1385051ef098d8339096fdddd5f19d0432a5a3ed,3306172330,0180,8,01
2025_26,8a0a44ffb2baf1c087924d37d0a767c7ba9ada2bf745620fcf98484b37216bae,3306172330,0400s,8,01
2025_26,bc12ba4a1e0744bf0ad86028f479ed024620c3e3a9df29da836ed8770fd65e3b,3306172330,0398,4,01
2025_26,e179147e1e9f1da10690bad75cdd5125980853fc7e17982c06a8267b6fb80907,3306172330,0399,10,01
2025_26,3b1455c37be7ad0cbba16c0a68a84c732314dcd193bc4c290c72d3a53dbfa370,3306172330,1665039,6,01
2025_26,f4f6a647f626144044314a4101b8beeac8600537e08407bbe17ea15514ceaeda,3306172330,CVOPT,10,01
2025_26,3bb91f2d1c74f2d8bf89d734ec8f6884aab423a161e398a553e0809b0bddbc8d,3306172330,0180,7,01
2025_26,faefc3940058ed484c2135ec9ef99c0ea8c84ba2ec2831450812dda415015ccf,3306172330,0397,9,01
2025_26,5b552cc9e92c004054eab2aaf9286d412df9c39919f6f980371192bd0b400192,3306172330,CVOPT,7,01
2025_26,88564b49001659b85cfebf94a9d42a941d5b83aa3c2475de2432eb9f044ce742,3306172330,1708039,10,01
2025_26,fad603f0e64f8d13d486e50e07c7988627f53b2d9be9212b1123f1362ec93901,3306172330,CVOPT,10,01
2025_26,3e0cfb63a0f2284de35bca6fb6f60faf4c1539090dc5bd78f2a7826806b04ec0,3306172330,0180,8,01
2025_26,acf7ac0981ae9815fff3fb4a9202a4921d21d1975a6eb94f4978ebc9c17493f8,3306172330,CVOPT,7,01
2025_26,8a51ee8d214208085d15559e67bc3c1b34f4c6204f1104eaf5cba58b359582fd,3306172482,0180,7,01
2025_26,dc5939cc7312ae42f5413593ef2fc78f9613c7b37df39b22ba0ef86979c7ef90,3306172482,1708039,8,01
2025_26,153ceff39f1d07c4a91c56738c822cb378b29b87cc3e7b5778bfe87078585b1b,3306172482,0178,7,01
2025_26,e1b59cc3d5c7d96fca18d00598892e45a80dd79b6a80114568587b04eb87db69,3306172482,1665039,7,01
2025_26,eae4f911bd7aa2f94bd3285eed5f5c3050724b14c5d4cbedb61d4bf91c100817,3306172410,1708039,8,01
2025_26,eae4f911bd7aa2f94bd3285eed5f5c3050724b14c5d4cbedb61d4bf91c100817,3306172410,0388s,10,01
2025_26,e5fa39725e801d6baa9f1ea2cf79e5ba2479424ae73719b1cfa1c05075f7fb14,3306172410,0388s,10,01
2025_26,fd2b193bc9cb6dccbce2ad63eddcad3a3980dfc1edcf348daf6583aff9e55bab,3306172410,1708039,8,01
2025_26,76d65155e32131fe918a05f2a9d4cc62c868a87ce9e178b4ec650b9299ab935e,3306172410,0388s,3,01
2025_26,21c0f5a5d516830e1efbc81d673d1499f8d9d0a1c9096ed482e67e18ccf0738b,3306172410,1708039,9,01
2025_26,21c0f5a5d516830e1efbc81d673d1499f8d9d0a1c9096ed482e67e18ccf0738b,3306172410,0386,8,01
2025_26,73604c4070d76bd0ecd73856b8cd6b9355187e07f9cc8c618cd8d82855418516,3306172410,0180,7,01
2025_26,73604c4070d76bd0ecd73856b8cd6b9355187e07f9cc8c618cd8d82855418516,3306172410,0387,6,01
2025_26,d41aa421c4bc25587b0784f016daa828af3eb1d0884ef53aeb9f2e71303b00b2,3306170521,028505,8,01
2025_26,5ac34ee7e62bdd1b65552dc909caeb1a0ac0af27df4f603ddc212d3b55eeff9b,3306170521,028001,1,01
2025_26,2527e406af7bfba88ff27376a426f845411e9752dc849bc6ae36d3655f135c5e,3306170521,028505,4,01
2025_26,e3af526660ab413757281d31e85dec5f4e58c4ff50f16d44b4859194106261be,3306170521,028505,7,01
2025_26,e3af526660ab413757281d31e85dec5f4e58c4ff50f16d44b4859194106261be,3306170521,028001,8,01
2025_26,cb7851bae955c19b380ccb7be31d320ad71fa073f8564614b2220955686dfb55,3306170521,028503,9,01
2025_26,2e06046b74a2c57560d32df9bf3703df877f19cdc3c310f810f2fa86acf7fc9c,3306170521,028001,0,01
2025_26,039c961773bf793190f5162ea33ef2ba5454d352c597f35f248579c0f9231c06,3306170521,028501,7,01
2025_26,04946fba826f68b406956db6c36b6c166c3fc8e2f9072f511d0fa30e058a8bc0,3306170521,028501,8,01
2025_26,49c5799d463b0f152bf30315f8361d2607edfb1792c416d0da1df4b6bd3513ec,3306170521,028100,8,01
2025_26,c3ddf6ae9243b56f4898c5306eb81b3691b99d1f63a001f94a91af3a729a5874,3306170521,028505,6,01
2025_26,c292523085b4e8e34ef930c37511ea67b09f6c3cfd30fe0fe854e51699022d9c,3306170521,028504,8,01
2025_26,c292523085b4e8e34ef930c37511ea67b09f6c3cfd30fe0fe854e51699022d9c,3306170521,028505,8,01
2025_26,aff61f02da7c1dd91f488081256c56e4c2ba9ec373690b6294f43fe9cbbfa259,3306170521,028503,6,01
2025_26,bab209c6f0d441556f07872e9cc58fd42cdd75fabbca0eddafe3d08e3dbfed1c,3306170521,028001,1,01
2025_26,7b6a746112364849d3d4c652dced9e8ebfcf8947f0bf69c4b549b9f083800216,3306170521,028100,8,01
2025_26,d5603b90f17a28cd9a2d3c20b830978d7f6db3a409ac7906be2d3c5101613bca,3306170521,028502,9,01
2025_26,6b0773ab084b25e49f8fa05f13d74118ea5c34066ac66995f01b42c039986a92,3306170521,028100,0,01
2025_26,17affae56bc36ed22f15f4341dd531cb54bfb15aa6a0ded0bb59f6c0b9b448ca,3306170521,028502,4,01
2025_26,2d72f2453f670d755fe9cb074194ce16dc7cba3b86637b21b0b87b34c661a25e,3306170521,028001,0,01
2025_26,163f3413dea946a35d84914fe54c2e3b0b6bce79c16800a0c7203895dd30868a,3306170521,028502,5,01
2025_26,3b245c6e790c610679e4ca0213dcb0f43b00ee3a0400e325630c8440ca168ca7,3306170521,028502,4,01
2025_26,14b24882d87c7bfa16878f14d8288e45431bfba2dd34f19cb46f3e613f6197f9,3306170521,028001,9,01
2025_26,5ef69a60e3e5984c2b2d41c1f71b7dd534c79430bb3018721a34d7a55e18de34,3306170521,028505,4,01
2025_26,968ef9dd599cf571a523a2b4a8d19dfa958650eb7ecfe414568763d94309c789,3306170521,028501,6,01
2025_26,4486ef00404e429fa2c560439e38fbe5a072a62cd7a238c792b13e4b9404cf1b,3306170521,028504,8,01
2025_26,0a760563bf4d78583a74c13185cd81a0586e87302c6b05925c2e9634758261fb,3306170521,028501,0,01
2025_26,34410ec48d67cc6836e5d055b157716c0866ee75ced23f0b3b0ef37d1278f73d,3306170521,028505,4,01
2025_26,016926cd0804d57fe183f553db2ebf142155501abc059e0436729e464f04f409,3306170619,1375p,0,01
2025_26,1b8d03292ca7fc46e73b37b67de5a086a7354daabd766650edfa2fcde1e1d1f0,3306170619,1367,4,01
2025_26,3d51c4ac2d0c52289d8613a810aecc53b12dfd7a9111b6ad83295d8b7301bdbf,3306170619,1367,8,01
2025_26,60e059d1bc54474f161f98d265058e7a446fdcc442a605f9e1352eb7b242bb93,3306170619,0179,8,01
2025_26,3b78022f36e9e8bd27b66d3ad21d730880c105a69952d4a13673150a2d73e968,3306170619,1370,4,01
2025_26,a64fe9ae8d7b5464787bb6e310b678f1013688208a980210492c67808688a5f7,3306170619,1368,8,01
2025_26,a64fe9ae8d7b5464787bb6e310b678f1013688208a980210492c67808688a5f7,3306170619,1369,8,01
2025_26,1831a86e23110dcc1146c78f19153573b9f9e7d93dc918316085362c1a7c4897,3306170619,1367,0,01
2025_26,1831a86e23110dcc1146c78f19153573b9f9e7d93dc918316085362c1a7c4897,3306170619,1369,0,01
2025_26,6a27594cfbf82d4b4c1b0a2429dc3baf2bf5bc3b690cd18b36eeee408c638a56,3306170619,1369,6,01
2025_26,d81ef893d1f7cba006a3cb892c2c23c295f9245dfd7dd68ccd4a376637f16095,3306170619,1370,8,01
2025_26,82cbd2a4e9e7996bae3f368994377b400f3d39a56ce530c0cb03fc5ad8a1af97,3306170619,1375p,10,01
2025_26,82cbd2a4e9e7996bae3f368994377b400f3d39a56ce530c0cb03fc5ad8a1af97,3306170619,1368,8,01
2025_26,219685fa6e26474d80e774aa6c64dc6c6fd2f3134cdda1f30b74067b6b4dd77c,3306170619,1375p,10,01
2025_26,cc7f0e8de5c71ad10c99beada05214d476643738a834b1136de10fde808f0b3b,3306170619,1368,8,01
2025_26,8ca8629f0f65eda3b36ebe943e02eb51d2013c8dd12919796d764412e70b9104,3306170619,1369,8,01
2025_26,4185e8fe0cfb70268ed5764912dfff02a1816d6f05e98bf1b993d62e75538432,3306170619,1369,9,01
2025_26,4fa9ef0957f74add83671481877809f5fd6d5e2ca6bc74fd5e51f734c6a6c86a,3306170719,1371,0,01
2025_26,b0bdab705e6d59ee639e1d6e3a1e0add22251684c31b423500c73bdb37742d1e,3306172484,0174,6,01
2025_26,bb04a9e420b4e2f2e8b01c8dd56cd689cbfd5c54c457ba20c9229edf8c6c5a2e,3306172484,0171,3,01
2025_26,bb04a9e420b4e2f2e8b01c8dd56cd689cbfd5c54c457ba20c9229edf8c6c5a2e,3306172484,0173,5,01
2025_26,d16ea4ba5f2f5f34eca94b01a7872921f6bd7b2e8e2c902861bec64e100340da,3306172484,0174,4,01
2025_26,001b13a7ccd54646deda0e2336a737d10cb14c55e95f229b72b745a8c1783a8e,3306172484,0181p,0,01
2025_26,001b13a7ccd54646deda0e2336a737d10cb14c55e95f229b72b745a8c1783a8e,3306172484,0171,0,01
2025_26,001b13a7ccd54646deda0e2336a737d10cb14c55e95f229b72b745a8c1783a8e,3306172484,0172,0,01
2025_26,a03b1de068503a19b0dbdbc1ff79ca367b32d609fecfa55f8d78fc4cd313d549,3306172484,0179,4,01
2025_26,a03b1de068503a19b0dbdbc1ff79ca367b32d609fecfa55f8d78fc4cd313d549,3306172484,0172,6,01
2025_26,42e96a27b879e12b0cc53ed06b723028b7d00f3a62451643b0d0eb5aea6fb585,3306172484,0177,2,01
2025_26,f58e4815da1d286a17a81a170b55a32cee2a18ce312c64203582d53729179865,3306172484,0179,0,01
2025_26,bcb004e1c0721070a6ce6eb8dc24f215635d8a292a69375445b74cc477850728,3306172484,1709,0,01
2025_26,bcb004e1c0721070a6ce6eb8dc24f215635d8a292a69375445b74cc477850728,3306172484,0171,0,01
2025_26,39f119c6205fa1b6a149ca85cb628d731b3ef8ad9b6c3c3b336219806ac4769a,3306172484,0171,4,01
2025_26,7dda2189bc542dabd8f58ddda07f80a11dda21c9f8092c5a19a80ab86848efd7,3306172484,0179,3,01
2025_26,ebad8964334ada3832e40e8251227c7e222329bf524b8f374df16309028cb1a0,3306172484,0179,4,01
2025_26,b644c741b7909a3ee3011ab43d299e86520606392609fda822a6b446290700d3,3306172332,0179,0,01
2025_26,b644c741b7909a3ee3011ab43d299e86520606392609fda822a6b446290700d3,3306172332,0384,0,01
2025_26,fdb7a3ecf88720b5622862c8ccb4de3211a6ea23630c5b24eb1a9924aac2f20e,3306172332,0383,6,01
2025_26,b8a88d08af5241709223617befa68e5f0a722d8ead360c6a9d7f2f633bb797f1,3306172332,0384,5,01
2025_26,708c9514c5e3bcaf44fe1d5968e7cd99299df1500c4075c0f9f1dc03e78abe85,3306172332,1709,5,01
2025_26,e54e65978c80b80107214ceaf261d716a76c668e49c6543ba496410238fa0d76,3306172332,0179,7,01
2025_26,e54e65978c80b80107214ceaf261d716a76c668e49c6543ba496410238fa0d76,3306172332,0171,9,01
2025_26,fdf285ec84c307e540dd1357d50cc29cb637dd72f0c152772e0262dd4a5ddd72,3306172332,0384,8,01
2025_26,6875e2615a6ff3348abef167d520bf04eada2f0143e9ae4b7bc2cf80266694db,3306172332,0384,7,01
2025_26,05e47021fdac03b363a54fc393073f06fd3736b9f71c0dbb88306ec68b01489a,3306172403,0173,8,01
2025_26,1f051152a6460ec7e4bf1da7cef3ee3192580958791a890b74d91c2a9e39aa4d,3306172403,0171,8,01
2025_26,1fe342b058528873edffbabba05604ceb47e07f139eff186a774d4f414476061,3306172403,0171,7,01
2025_26,1fe342b058528873edffbabba05604ceb47e07f139eff186a774d4f414476061,3306172403,0172,7,01
2025_26,c4faed228d9cdc627be2c939c45b873b44424fe89864fa19b2dcbfb5cbe5c471,3306172403,0388p,10,01
2025_26,051be607fcc51ef1e7da6c10925fb5e50cac5af2a578076a2474a0b453884a27,3306172403,0179,6,01
2025_26,051be607fcc51ef1e7da6c10925fb5e50cac5af2a578076a2474a0b453884a27,3306172403,0173,7,01
2025_26,7b54d0e651f21ab14549c85c5d4cdf08127c01ab10b6cb68adb593029ee4a9d3,3306172053,1229,5,01
2025_26,8ca685b85919398176e54bb27765832fec61d14a7d0e18184ef7ef0bdd7f97ce,3306172053,1229,2,01
2025_26,a6546d51226e2f31639a41a8734c09f253d098e94c85f6840b0a1034346ed940,3306172053,1709,4,01
2025_26,9f9afd4aff4e441a8659a752e2d513de54ca75711680dce390dbb0e0e77b1060,3306172053,0156,5,01
2025_26,9f9afd4aff4e441a8659a752e2d513de54ca75711680dce390dbb0e0e77b1060,3306172053,1231,5,01
2025_26,481155bd75226d186cf789f2bc5a13f2a91ebe8d05e9e090ad950d6bce120d2a,3306172053,0156,7,01
2025_26,481155bd75226d186cf789f2bc5a13f2a91ebe8d05e9e090ad950d6bce120d2a,3306172053,1229,6,01
2025_26,810cff84a829f9703d343e10a7194e15886c6b1f101bbcbf1c5ff121cbd9b5c6,3306172053,0156,8,01
2025_26,68cf11f2a0c86b6bf258cdd97fae2403417e332286020f60a6d3710925ad18de,3306172053,1231,7,01
2025_26,cd85a75073090be1dce0a50ea82bec285f5cd7e5d17def7328bb568f7ce4d30c,3306172167,0930,8,01
2025_26,64309deea76882c67e67470ee6fe5cc5b5b37657473ef5208ecd136f208314bd,3306172167,1709,0,01
2025_26,64309deea76882c67e67470ee6fe5cc5b5b37657473ef5208ecd136f208314bd,3306172167,0179,0,01
2025_26,64309deea76882c67e67470ee6fe5cc5b5b37657473ef5208ecd136f208314bd,3306172167,0623,0,01
2025_26,64309deea76882c67e67470ee6fe5cc5b5b37657473ef5208ecd136f208314bd,3306172167,1010,0,01
2025_26,44fbe4406f1b76fa3f458ba7b37ade29026e9e51240748b6d6d326d077083229,3306172167,0179,6,01
2025_26,5a32c2badb6de022920b15632eed0ee1b4cd37014542deeff767da2c614fdf83,3306172167,0930,4,01
2025_26,8ba08d4d675f9d4437fc4107e2bab57cba8b351f28b431ea843efe62ce14706f,3306172167,1010,5,01
2025_26,3086fead5c25510ad45d8b6b21798fde3227f36b30777b2e7a04d85aeb7b843c,3306172167,0179,9,01
2025_26,f8a4cee414ec4d149aa6f65e19ac60f2310d5bd60646b5a5707405d50edc013e,3306172167,0623,8,01
2025_26,46ed0bd04248e6213164fa5f8a2bc0b7bf5350dda25087bce6f0015bb28146cf,3306172167,0179,4,01
2025_26,46ed0bd04248e6213164fa5f8a2bc0b7bf5350dda25087bce6f0015bb28146cf,3306172167,0623,2,01
2025_26,46ed0bd04248e6213164fa5f8a2bc0b7bf5350dda25087bce6f0015bb28146cf,3306172167,0931,8,01
2025_26,a6d91449ce19fdefa764a2ca1b330091e37a585bfa65a08cd298768b45c0e25e,3306172167,0179,0,01
2025_26,da5f9d93567899e0c4b7ed339e91585837f37cf76db08ef801f2e6beaf593760,3306172167,0930,8,01
2025_26,ff433c34c1eb6d8569c874829c7ffd5a2291f378669ad2025956397b123a3950,3306172167,0623,6,01
2025_26,492b332f301408f8e92883512cbf3a440293300e41db6bc40eef59693e545818,3306172167,0179,7,01
2025_26,54c4944fa6b1588458c7e489e8e3fcb17bc811203ff6765923b891968b8eecf0,3306172167,1012p,0,01
2025_26,b22ebd4eb75cbe3b0ff7dac7fcc8fdb3a16924a4e8bfbbb082ec2496a6f471fc,3306172167,1010,6,01
2025_26,0e83d9422f681b71db271c4e1c865b6caf3706498acdd93141c434660df57c12,3306172167,1012p,0,01
2025_26,0e83d9422f681b71db271c4e1c865b6caf3706498acdd93141c434660df57c12,3306172167,0179,0,01
2025_26,ac4d273ed219a79442d92f16391a8a8bf74d50d9fa628495067d7af2ff7d9b78,3306172167,1012p,7,01
2025_26,f79e2121bd525cbd1686949ac59aada5dfa26f6c316921c73d2de4def7813bda,3306172167,0179,8,01
2025_26,f79e2121bd525cbd1686949ac59aada5dfa26f6c316921c73d2de4def7813bda,3306172167,0931,7,01
2025_26,5077e07b0b966bda3a785ee57cbf6d66d171a0cc2b32eec3ea267de1ad3af2d7,3306172167,0179,8,01
2025_26,0da8a9f5a321121865e8de88e5399494e3da2b6b2845f1daab8cac313f0314a1,3306172167,0931,9,01
2025_26,86a7407c9014c8d9cede63897dca64aa8b6d28489e3be381cf1f28b48cb7dc87,3306172167,1010,7,01
2025_26,f721361d30181ea367549f862721d0b0e50c81a28093f8aa614ab6d0a3b9108b,3306172135,0625,7,01
2025_26,8863a24e24e14b0539421db06bdc6e8f065d4a3fee02a53867731440d4dfc828,3306172135,0627,6,01
2025_26,f3bf10de5a266d45775e942b9b6283964cc21b316a5b69b15513d8fd7d33e313,3306172135,0625,9,01
2025_26,904baf7f393d336f2a993b8d9bf69a0b9e9bd5da329689ab1b6eae9cf78301f2,3306172135,0828p,6,01
2025_26,fbc13b227bc0c3115d765c5bd383806cdfc71a33b6fc698a54cef6ff5d0d5462,3306172135,0179,7,01
2025_26,2f25b1329ef0281d40755ced48ddf9d5d18c688b3263ffa33d3e5ff4dc9ad9cf,3306172135,0828p,6,01
2025_26,9174a0c1ecedda39bd89fbf326d4208c1b2da70eb6370e8ccc09ec26ff5d566e,3306172135,0622,8,01
2025_26,71c8d9ce59448e78a72305c19facd6ec166f86f858eaa85c14d6b9bc4e08c387,3306172135,0179,8,01
2025_26,71c8d9ce59448e78a72305c19facd6ec166f86f858eaa85c14d6b9bc4e08c387,3306172135,0622,9,01
2025_26,71c8d9ce59448e78a72305c19facd6ec166f86f858eaa85c14d6b9bc4e08c387,3306172135,0627,8,01
2025_26,b5320c3307df7584ceed07f8bb12e6c18040682076311ec1986fa08466b2101e,3306169433,243266,8,01
2025_26,3c1e4bca3648dfee11c4432841df90fc32fa919930dcfc02ff763ce4b1ba75b9,3306169433,243266,0,01
2025_26,387c258ba37317c6783bb15642af9ac44fbac2d1700c6f86ed5d1a0d8fcc92aa,3306169433,243267,10,01
2025_26,27f7df28d91dcda1e0991be1aba32d6fa8d6b4ef64156d80da783fe3bb6476be,3306169433,243264,9,01
2025_26,dba67911054d7f8e39d63085c6bf2039ac066208f23f647abc83c585e38b2808,3306169440,243270,9,01
2025_26,b80adf6418b64e37d4b547b0c6fb8aad9d6aa232516bf63bc9d07558c142232a,3306169440,243270,8,01
2025_26,77a40e721d5fd2c8501a3e19dbcc3f8d5814a3f5ef0d8b9d0cb65ef94db4296b,3306169440,243602,9,01
2025_26,50bc2ab59a2cb5b40f0f12fc4823dba18fcd0b829f288c998980123e22d8089f,3306169440,243270,9,01
2025_26,5c5d9d2012600273e47da420695ae3b7f019caeaea8bb3f179f2babb78d7ea2d,3306169440,243602,5,01
2025_26,5c5d9d2012600273e47da420695ae3b7f019caeaea8bb3f179f2babb78d7ea2d,3306169440,243604,7,01
2025_26,7ad5d79f2789ccdf6327086b96195426cd2067dac2c2a7238174e3f1ebf01e22,3306169440,243270,9,01
2025_26,e6ae06c29ed7d8620e65b63d5e16c81363af9df3264a77d5a23cdb3eb5f9bed4,3306173997,0441,3,01
2025_26,0b5299c8463d52c297a16eff68cffe3260fc48ced964815d9c6b58b8f3f930dc,3306173997,1709,6,01
2025_26,0b5299c8463d52c297a16eff68cffe3260fc48ced964815d9c6b58b8f3f930dc,3306173997,0156,5,01
2025_26,a3ba243a30e89c399e77472295e92dadfa68a9a8df4401c3569ea15a60eaebe8,3306173997,0437,9,02
2025_26,3ee17d91c35c7eaf8eb3d72e1aea822ba6216aa87afc3464be568ba4947a2df4,3306173997,1709,9,01
2025_26,3ee17d91c35c7eaf8eb3d72e1aea822ba6216aa87afc3464be568ba4947a2df4,3306173997,0438,5,01
2025_26,c95621294d444b7ad01d9fa148fd2c949593e54a0efb9bab582ea7c3721530a1,3306173997,0437,7,02
2025_26,fbc951bcf616da89e5d668aa36dd89c670338ebcb99ee6b51f6d6627976a2a28,3306173997,0441,9,01
2025_26,82f4cd82df5906af29b89396af141a505bcc8a7ccbd1d2e071a4fbf9230f5120,3306173997,0438,8,01
2025_26,d88a30b93f4e2486928f49de052532a469fe3fa97b67c6673d097938bf97f814,3306173997,0439,7,01
2025_26,af673f9bc4b85f6c3fb335b0844087d4346f0cc8bb99a557f9f46f3a550b5b7d,3306173997,0440,7,01
2025_26,66e5cc51115596eb57d5e354ea7020b4bc8e747245cce2695f213dda87e6a315,3306173997,0156,0,01
2025_26,9ec30307478bd2a241b56a78ceda9122197177cd5d3466ec1ed79e82345453e1,3306173997,0437,7,01
2025_26,9ec30307478bd2a241b56a78ceda9122197177cd5d3466ec1ed79e82345453e1,3306173997,0441,9,01
2025_26,6feb54b641bbe5377f97f2915023ccabd0c3657a3a0b85b5b2ccdf62acc14180,3306173997,0438,9,01
2025_26,e03ae84a3d1bbae3bc9ffaf91c107620b079c1ce8a950b9ea858c3bcadbc4adc,3306173997,0439,8,01
2025_26,ea42808b4247a3065b28093737aeb4712a18a4b747daa53c9bc505bf01864cdb,3306173997,0440,8,01
2025_26,e88784ff773ab7436dad9ad8f3614a3e609f682b9fa1a84f785cf74372576937,3306173997,1709,7,01
2025_26,f08738b34fa52088a1cd70d731e720a843d6bf0e18ca1f440ee0e2326958e07c,3306173997,0439,8,01
2025_26,bbb6f786c7dfd6df579e08e70a94dbbf15457a49cbb7d06f56603e95167a2977,3306173997,0437,5,01
2025_26,bbb6f786c7dfd6df579e08e70a94dbbf15457a49cbb7d06f56603e95167a2977,3306173997,0438,6,01
2025_26,e4993eaf559316a4420008a77be12def37de26dc2aebe9542094625a0d541be7,3306173997,1709,9,01
2025_26,41eb0f32c27b3f905febcfba70457e735929ce7448a0471e4a205747131d5e9b,3306173997,0156,10,01
2025_26,054db9ff17c33efc2a07172c7e5f1f473d82a4d1dead9b602c3e1bc0c5c4d96f,3306173997,0437,9,02
2025_26,054db9ff17c33efc2a07172c7e5f1f473d82a4d1dead9b602c3e1bc0c5c4d96f,3306173997,0439,8,01
2025_26,baa98429d22421f703b4df8ac09015448bcf1031acad3ba4707d320591ba27b0,3306174048,0650,0,01
2025_26,baa98429d22421f703b4df8ac09015448bcf1031acad3ba4707d320591ba27b0,3306174048,0648,0,01
2025_26,38a5625071b65f7c459d5b033b19ead9f5364b6ad238970c71d979131f9520b4,3306174048,0651,2,01
2025_26,d36ed655c38ddd39a2ae843664e6fa11b49d6b3ebdc3c5dbbed7492b056624b9,3306174048,0179,10,01
2025_26,1977e49773eddb32cf3532de61ed2974ff5381d27ee507278dfa01691c125b26,3306174048,0179,0,01
2025_26,bbc414a3f1787dc8d186f0f6c24c58a16cec07a8ffa64d22120bfce27ca64690,3306174048,0648,5,01
2025_26,ef283753c7783374433622e447dcfa9e77badcea221d67438f84617039453ea2,3306174048,0649,4,01
2025_26,741412a5c0b73ecbc962fa1286b8ec6bd63912db67d5fe38c7897ef68c6ebc23,3306174048,0651,9,01
2025_26,bf49f7fd826ec978cb0949140f03d422dd2dd8e722cf8da2621a008b35452551,3306174048,0657p,7,01
2025_26,bf49f7fd826ec978cb0949140f03d422dd2dd8e722cf8da2621a008b35452551,3306174048,0650,8,01
2025_26,516200967fac07b86bc69c8fefa2f1494fcc6262de2ec9f49e4453104344e2b9,3306174048,0647,5,01
2025_26,72427340d156cfa5d3bff484691d891dd082b245d18990f94dc761e6169fd462,3306174048,0651,6,01
2025_26,69fbdb5a4eadcaff8ba32514179d048f01f07f5ef8f20020214aa6390b23ccaf,3306174048,0647,0,01
2025_26,2e266d5ff239c10a1a8b9b5f0d860d9a39c9ebd49de35a4f271a1248c4b14fd7,3306174048,0657p,8,01
2025_26,d909254b542d716952f37b0c4eff05d8b0c87e636624c25562550f856a4d2c95,3306174048,0179,4,01
2025_26,be76f899a61f28be818aaf201fdbd5648c16322b66276604cead7784af4b3cfd,3306174048,0179,9,01
2025_26,8f3f9b303674c18c555ad45151ab75e63365dca7a93499f9c31f95698ea59d56,3306174048,0651,6,01
2025_26,09e345f2240b0daad255f253204d36516bf66b770a9ae8ebcc1e67e936d287cd,3306174048,0651,8,01
2025_26,c0e7999379153e1d269287dc998b1df4027e1e1da7d5b966e779e20909fa148b,3306174048,0648,9,01
2025_26,a7ce7a95f69105dac37ed079edda833e2ea4f6f9a7fe68dc9c624245f0d13f0b,3306174048,0657p,7,01
2025_26,a7ce7a95f69105dac37ed079edda833e2ea4f6f9a7fe68dc9c624245f0d13f0b,3306174048,0648,8,01
2025_26,19459ec28e22f566c94be0c1367ba1d7387ef0e6a722a7238ed217ae8ac98368,3306174048,0648,8,01
2025_26,c6c9a9747bb554bce90bbb5ac6a2740111b27d1d572e1d0a07ee0ff1d9911f9e,3306174048,0651,5,01
2025_26,592dc1d4cc750281494b8ea94853afd538817e5f5f3947f50d726269730acddc,3306169744,0372,10,01
2025_26,4158f447a7539f464220b10801ddbb1271d4c1ca3a4b51bbdbb69ad902105f6c,3306169744,0370,9,01
2025_26,8fc80d74b924c4a325fd136b55d295e906e183a7b86193ef0bd9ece604fdf689,3306169744,0371,7,01
2025_26,5023e9854aa02b3d436fb00301802c9480cc77bee79c8fab75c6abd4db866733,3306169744,0369,8,01
2025_26,63ed81bb4c902123bc989bf9cb695408a685875bcbb1c611646a69f60ad97a24,3306169744,0373,8,01
2025_26,9ac16bba90597ba91a766c5d82d02b2ceb323c3a226e7b1331abdf1addedb978,3306169651,0483,8,01
2025_26,e7dc4209404cb5cc1eea33a9b118f2662946ed820f704695465ffc543b55231e,3306169651,0484,3,01
2025_26,96eed9d1dc68d145cfdb31ffb4d9fa80c0b7c24c9f4fee70a0fa888c25e22831,3306169651,0616p,9,01
2025_26,574d0f2aeef64bd94edf50eaad27b7fd7a494a5b9e1cb60f4e07d9f5ad1cd238,3306169651,0373,7,01
2025_26,574d0f2aeef64bd94edf50eaad27b7fd7a494a5b9e1cb60f4e07d9f5ad1cd238,3306169651,0485,7,01
2025_26,78590b2aa79899c53c39d4d3d5b393f2668afa57332492dec4b1e8607e4e126e,3306169651,0487,4,01
2025_26,2ae85d0ad6646d4c4e28efba98d2a957028b32f8c101d9dd623a030faec023dc,3306169651,0373,10,01
2025_26,2ae85d0ad6646d4c4e28efba98d2a957028b32f8c101d9dd623a030faec023dc,3306169651,0487,9,01
2025_26,8f888b395955d255e4a39c3fd880d2b2d87f6ef203a54d03fe597bd2f1752bd0,3306169651,0616p,10,01
2025_26,269ee833882e0b42d2a58c0729ec816e127e477f419cfb909ff0589c0e504fe0,3306169651,1709,0,01
2025_26,43ce725a46ba0ecb31cfea9b5b6c941c22b9f1b6fecdbaf74454eb1092ac7577,3306169651,0179,0,01
2025_26,43ce725a46ba0ecb31cfea9b5b6c941c22b9f1b6fecdbaf74454eb1092ac7577,3306169651,0485,0,01
2025_26,43ce725a46ba0ecb31cfea9b5b6c941c22b9f1b6fecdbaf74454eb1092ac7577,3306169651,0483,0,01
2025_26,7a026f0bf74ae52c2d253369127d67b8147cd6d58d1b8cb1697b05b9d0f7a9ab,3306169651,0616p,0,01
2025_26,deeecb0b8976c33daab642b060597a975f129437a11f98aedc972e8678088108,3306169651,1709,0,01
2025_26,deeecb0b8976c33daab642b060597a975f129437a11f98aedc972e8678088108,3306169651,0483,0,01
2025_26,9cbc4b73c84ef49583fa65563958fa766fc9d8e4b6eb67bdb8e3ce36d5ca553f,3306169651,0484,4,01
2025_26,ba44679b64ba7c572f1252d22ff5ead617482ee8cf2ccdd4e8de558afc385616,3306169651,0487,0,01
2025_26,3fee0f2d8d9164f6781fddcbcbaa74bac3147f6db473d8e698b6561a72923e56,3306169651,0487,9,01
2025_26,3fee0f2d8d9164f6781fddcbcbaa74bac3147f6db473d8e698b6561a72923e56,3306169651,0484,8,01
2025_26,00294639d38f54b740cae7137cb094cd74635005a241b9805cd9f91a99952fba,3306169651,0483,7,01
2025_26,7cae0f896ff36f0012d755afc2d552983e6a4c729486688b34fb3f126e765a4d,3306169651,0487,8,01
2025_26,1d2f19c63cc53cdb25b3d5896af53ea745918c257ed4b8213d042ebc9dc93bf3,3306169651,0373,9,01
2025_26,371d57f65d21544c1eacd29a3bfce03c28ff70f4d2f4dd551f4e35a4a4a2f39d,3306169651,0616p,10,01
2025_26,c903fc0e07b7002fbe5941dd10224160fc8054af1ae26bf9f4d37e27e7f315c7,3306169651,0179,6,01
2025_26,b933641fb3c4cefbaed7a01f1de14a86489da970e304bbedecd45f540943b8c0,3306169651,0483,0,01
2025_26,13556de0742a0121646ee0023958dd986147ff716e5e5d4351f561e5c0bb2a74,3306169651,0373,0,01
2025_26,76057169af686e2c065d0129d8103858c908853c2ccec95ab214dd8a48a5cd19,3306169651,0483,8,01
2025_26,72c0d318de07d63d810117cd7469da10c37b7e1cd667b92cc219809c97c06227,3306169651,0484,6,01
2025_26,42aa98471b8bdd8a90a522888480b7ae7fb42d954b81b107863bb1d6f6c0b30e,3306169651,0616p,9,01
2025_26,42aa98471b8bdd8a90a522888480b7ae7fb42d954b81b107863bb1d6f6c0b30e,3306169651,0483,9,01
2025_26,7fc58a72092e2dc3a445c82979a1090d6a6ee0f59cdf3356b35aa81abefdfc1f,3306169651,0485,7,01
2025_26,7fc58a72092e2dc3a445c82979a1090d6a6ee0f59cdf3356b35aa81abefdfc1f,3306169651,0483,8,01
2025_26,7e1ed3a8ba93f83dfd8213116565285a9f44d73cb846cd2fda7e8d84c3e21634,3306169593,0156,0,01
2025_26,c4cfdefbf15b31608a7f20acaa612c6c0a9ef7529baabdb9bff5d3e7c55ad07c,3306169593,0223,6,01
2025_26,9673d5b87abeaf830663453a3bcbaaf54332910bc9d68c338b6f559a245819ff,3306169593,0221,10,01
2025_26,731b21a279cfad27b0bdf09f8c531e2ab8a933e095818ddcece5bd5b65090a42,3306169593,0222,4,01
2025_26,a2a701f2889655ebdf59e42e41668e039160544a1b836f89f23ff139b81f61c1,3306169593,0221,7,01
2025_26,c7a50cc1a1886bf65a913f00dec28cdf0671eb7e8aea86b65f8d79aea888a0b8,3306169593,0223,4,01
2025_26,d6b684fac33c8112a4a40df824bbcce34385cc1ec713c73beb931d16837ec020,3306169593,0222,7,01
2025_26,5b3118970c5322195f963c6a61fda5e0a9886d7b632aab4b4bfc4e3fd75c44f7,3306169593,1709,4,01
2025_26,b9cea5129706acdb5708e79384f6f56906f0f8f315a8cfd60f84123ebad9ed2c,3306169593,0223,2,01
2025_26,5b603f43f6da8da457b566e13a1e6532a543815877a1b3f29b076de940953650,3306169593,1709,4,01
2025_26,5b603f43f6da8da457b566e13a1e6532a543815877a1b3f29b076de940953650,3306169593,0156,4,01
2025_26,e77c8c1e2a36c0ef1cdce060bf606dd2b5f56eca95b6bc06ed13d043ebb2e16f,3306169593,0225,10,01
2025_26,6f0bb76a6ca11427a14e1756950bdcdaaf79e63529c5f8f310a51752248bf9d8,3306169591,1664190,8,01
2025_26,6f0bb76a6ca11427a14e1756950bdcdaaf79e63529c5f8f310a51752248bf9d8,3306169591,0228,8,01
2025_26,c35fd8e3f12257fec8587c921a2e93d04f2ef7fa2e46437eb1b719cf0a1b9051,3306169591,0226,7,01
2025_26,c35fd8e3f12257fec8587c921a2e93d04f2ef7fa2e46437eb1b719cf0a1b9051,3306169591,0224,9,01
2025_26,3c9480648c862cce6802c831efd1c1660c993c26fd1dd6074fb64e269a276553,3306169591,1664190,10,01
2025_26,451fcfb9691652b0cc11cf1978d05b6ac429f6c19a9fb94c69ce0e8c0ca6d249,3306169591,0226,7,01
2025_26,451fcfb9691652b0cc11cf1978d05b6ac429f6c19a9fb94c69ce0e8c0ca6d249,3306169591,0224,8,01
2025_26,451fcfb9691652b0cc11cf1978d05b6ac429f6c19a9fb94c69ce0e8c0ca6d249,3306169591,1710,9,01
2025_26,55065ac001cc44138a2be476c6f71a186d58c7e63b673c5d634a4ccf6cba9fea,3306169591,1664190,10,01
2025_26,93b2dc132dae5e63cf300efa0a0ce1acd4833ec2f09b7a04ca6ddff85be13b4b,3306169591,0227,2,01
2025_26,7415989e98feb213cbac9eee9f4f232930f30e81b4881a0de273ebdaeab3411b,3306169591,0227,4,01
2025_26,4f249067ea2db7f9eec53b8ba44fa8b903b2e5b3c4128b8d831b0bf08dfcc47b,3306169751,CVOPT,4,01
2025_26,4f249067ea2db7f9eec53b8ba44fa8b903b2e5b3c4128b8d831b0bf08dfcc47b,3306169751,0375,1,01
2025_26,1a487e080b7e34f09ed31a18d39ba6a382a8112a21ea90683035a187bf7a85c4,3306169751,1665190,10,01
2025_26,1a487e080b7e34f09ed31a18d39ba6a382a8112a21ea90683035a187bf7a85c4,3306169751,0374,9,01
2025_26,047d440784e11fa29ad2e96d76f3fdb9a2629d7440f44893cca04bfc9807a23e,3306169751,CVOPT,9,01
2025_26,047d440784e11fa29ad2e96d76f3fdb9a2629d7440f44893cca04bfc9807a23e,3306169751,0375,8,01
2025_26,f1520e95b298e1cc0b3942f1f72175760424a5ea017a91c29ed982bbe1cde3b4,3306169751,CVOPT,10,01
2025_26,cccc7db51b4df292d3e8a6a8b38251f157c570d6550f27cbfc3d9b846988d425,3306169751,0378,10,01
2025_26,cccc7db51b4df292d3e8a6a8b38251f157c570d6550f27cbfc3d9b846988d425,3306169751,0374,9,01
2025_26,3dca1d5c2e19668ebb8647603a0ab65fff7988f0bb37c078d6cbe5e9688b42b6,3306169751,1708190,8,01
2025_26,d3f405665eac5f3802415539fa1deabe78f41dce1e5fdb28f34a6f13845ea53f,3306169751,1665190,9,01
2025_26,348eda024cfa001cde4a6ee02d96741347277693927793885808c3a1ff13b6dd,3306169751,1708190,8,01
2025_26,7583f648a5c0fe3aac388c64097ed996e8f085163d129b68572ca9035f215d7a,3306169658,0612,9,01
2025_26,eb8ef6a3581b0aeee9ca131ba8551842301a79ed9c465df132f1e33e8e2344c9,3306169658,1665190,10,01
2025_26,ead8d9329a3a47f3b1c79a0f10473bd4ffe9609692298c9e807563b88f29fa2a,3306169658,0613,3,01
2025_26,e3f55fc31ce2712635ef445b4be7f353b8a183b48ccc80638dae2ee349852a82,3306169658,0615,2,01
2025_26,bdfb2d3f06a43a86401824ba6d87e4be999170c50364f06ba0a5a7ea8f910f3c,3306169658,0613,9,01
2025_26,c303fd0de72abdcaae99b76c62086b2a18f5b9af8bf44ee82d79c669cf0d8590,3306169658,0613,4,01
2025_26,703738a6468bc4796ba2b43304578127697c7299a7b46bf82e8a826129ce9439,3306169658,0615,7,01
2025_26,2d0c3145df52a0dd7aa0877b406d3de0f9e0092a8c4b5d22480b936ab498b7e2,3306169658,0616s,5,01
2025_26,a31b384e901fc8142b4f808ad61f4e618a5077d1bb0305b8f0246b179136f379,3306169658,0614,7,01
2025_26,c70c4641d8b02f785948ceca733032a6946d0c2e7a7047fac9af48fc3c868792,3306169658,1665190,4,01
2025_26,c7b9e230aa6a79929c8d84c945acee0cabdeefc73fd5513684b11397eced637a,3306170617,1373,4,01
2025_26,c7b9e230aa6a79929c8d84c945acee0cabdeefc73fd5513684b11397eced637a,3306170617,1374,4,01
2025_26,55a6cb48eb7c43e50d7031b4c9ca448a4cf2a4dcd805ffdc206fcc3fa1636937,3306170617,CVOPT,10,01
2025_26,55a6cb48eb7c43e50d7031b4c9ca448a4cf2a4dcd805ffdc206fcc3fa1636937,3306170617,1372,9,01
2025_26,bad52ec410ef9ce0051f70ec5c38daf52646cb8007be67b3fe41a946a1fca973,3306170617,CVOPT,10,01
2025_26,737707c351c6e86b25434026b6a51bb510a2332183a908c7c39779c2da78b40d,3306170617,1374,7,01
2025_26,1a90ec68d25bac310537cb92eda308416342e749306872965efb75164d367c70,3306170617,1371,10,01
2025_26,ce94958738da932e7d31a5c46ecc4771b1fc0dd2b39101fb2a5bfd35bf3b1364,3306170617,1708061,10,01
2025_26,480f035055bab83a61c75c92b1c99e6aa96c062d7d31eaefcad185787faf0a82,3306170617,1665061,10,01
2025_26,480f035055bab83a61c75c92b1c99e6aa96c062d7d31eaefcad185787faf0a82,3306170617,1708061,9,01
2025_26,480f035055bab83a61c75c92b1c99e6aa96c062d7d31eaefcad185787faf0a82,3306170617,1373,8,01
2025_26,1076a7e61a8af788675b68090326b12080a81f374eb459f011aaded8b5ba9a50,3306170617,1373,6,01
2025_26,1076a7e61a8af788675b68090326b12080a81f374eb459f011aaded8b5ba9a50,3306170617,1374,8,01
2025_26,ba8f7ea03669b6f608dd446d6e1b60983b93b3d6aea2ea4e17b6b43b25236914,3306170617,1710,8,01
2025_26,26fbf179f16297cb979067633c4ef2fe0ed66a62036a368e306d8fd7163b19ef,3306170617,1710,9,01
2025_26,cb75aa59969b33eb3565b054b705aa6d51301fa2ad2b215b6e327a5198841d4a,3306170617,1372,6,01
2025_26,df514e09fa707c221ba8573c11454fdce911dba3441ca71c615437c130d6defe,3306170617,1375s,5,01
2025_26,0c2c743c07cbe87db69ef4db3ab14970b0f4b4767a386f28bd5e10343f363c75,3306170617,1372,10,01
2025_26,0c2c743c07cbe87db69ef4db3ab14970b0f4b4767a386f28bd5e10343f363c75,3306170617,1374,9,01
2025_26,78d715824defdc31dc8a6cacb87d510ad35387fae7f39291fc8dc95af65248ca,3306170617,1708061,10,01
2025_26,78d715824defdc31dc8a6cacb87d510ad35387fae7f39291fc8dc95af65248ca,3306170617,1372,6,01
2025_26,61c96ae7ac4201dc18773fa161e6abb76b34b52814782b9078fe401a5e811129,3306170617,1665061,9,01
2025_26,61c96ae7ac4201dc18773fa161e6abb76b34b52814782b9078fe401a5e811129,3306170617,1708061,8,01
2025_26,d5a7dd69007d7516308fc0a0b7099b5933414942235685c2eb0c1ef241c11216,3306170617,1373,4,01
2025_26,9b5bba959f4148a97cef7db6b47d8b0005c4b2431d53c21492be4c3fa34e83cc,3306170617,1374,8,01
2025_26,5cb8dbe0ac1dec3ddd2f4e2161054f7466a4f1f1770e0f6c23480964fb27f0cc,3306170617,1371,7,01
2025_26,7b93ffde8b50bbf7be6884b4dcec62562e1b4194a0d484ca424ccc0d268ad043,3306170617,1710,8,01
2025_26,185a80bf9689b7f20dccd28324d37a2b8593981b03fd5889d528a86d0e517140,3306170617,1371,9,01
2025_26,7234520aa22fdb5caa8b2da3eb966cab981758e3231befa8e56dbc82b44872c2,3306170617,1708061,4,01
2025_26,e3a75ebd29ec97f36ce8f3302bbf092118c0d38e196884799c7b81146d404906,3306170617,1374,7,01
2025_26,61e300eba18f2733f3f16bdc0e87d76436a89025a49824fc244023643b740b3f,3306170617,1665061,10,01
2025_26,61e300eba18f2733f3f16bdc0e87d76436a89025a49824fc244023643b740b3f,3306170617,1374,8,01
2025_26,fbda2d29ae9b0ce147516fb74b0142f6396f10151ea62a475d529314f462d40a,3306170617,1708061,7,01
2025_26,12c88ccd3604c160e06b29326cd06a27f76e3d6434bdf6dea1d9ab2c9a54513a,3306173995,1710,7,01
2025_26,38e75f70c8cfb37616f566aa5b06524ce35ae0d2a881f05bc2bda34de5d9f69d,3306173995,CVOPT,7,01
2025_26,38e75f70c8cfb37616f566aa5b06524ce35ae0d2a881f05bc2bda34de5d9f69d,3306173995,1664001,9,01
2025_26,72b104dd5719c53f8579320c4d908b5b707a00397e5c6e11d246c9c8aca973cf,3306173995,1713472,9,01
2025_26,d42397f3ca5aa5d233525300f7a803acafa3de4eceab07e106838913c0652410,3306173995,CVOPT,9,01
2025_26,c1cb32b4131ca04b24d6978afba8257dbdcaeaa44bacac476447b76bedb2e2c8,3306173995,1664001,9,01
2025_26,c1cb32b4131ca04b24d6978afba8257dbdcaeaa44bacac476447b76bedb2e2c8,3306173995,0446,9,01
2025_26,979c7209c849880e6f2b7e0f6911df426fc58b5e59d839dfb4662284193ac960,3306173995,1708001,8,01
2025_26,979c7209c849880e6f2b7e0f6911df426fc58b5e59d839dfb4662284193ac960,3306173995,0443,7,01
2025_26,979c7209c849880e6f2b7e0f6911df426fc58b5e59d839dfb4662284193ac960,3306173995,0442,7,01
2025_26,07503cfa68ced971a764825e66979cae15cd24caad7f78094fb5d7e81656a3c0,3306173995,0446,6,01
2025_26,7239bc90b0c510c6aa59291aba3bd356efd538a20fcfd33b5c9f366802a52583,3306173995,1713472,8,01
2025_26,16a98646b82b2dbd549249b157b770cb209a408ef0a4d03f22a48752b4fc7816,3306173995,0448,8,01
2025_26,16a98646b82b2dbd549249b157b770cb209a408ef0a4d03f22a48752b4fc7816,3306173995,1710,7,01
2025_26,85637b5b384a6209622bef2375ad3c31cdc94868b271d2912ecb248c28bcee6e,3306173995,CVOPT,6,01
2025_26,f3a6a572aa8dfd5d12682e0bdf14c7bcb46b45000c806e7765067e9bcc4fbf64,3306174046,0656,6,01
2025_26,2ef5f3dc4d9e9b198f70769a417efae3d20bd86a1612e14c99018c61f1d02b4d,3306174046,CVOPT,7,01
2025_26,2ef5f3dc4d9e9b198f70769a417efae3d20bd86a1612e14c99018c61f1d02b4d,3306174046,0657s,6,01
2025_26,2ef5f3dc4d9e9b198f70769a417efae3d20bd86a1612e14c99018c61f1d02b4d,3306174046,1665001,6,01
2025_26,33080c2143f96f4f9f6d0f176ef6d1d87a3c61b0cbb6ceb05d67d3cbfce0671a,3306174046,0654,3,01
2025_26,701f85a2666f7f20918c046d1683f508178c91d254681744fd5536340b0d38d1,3306174046,0655,7,01
2025_26,5f1fc32d6bf54a01dde61ab010daf07ed029afca5be0daca90eb4d9fa3c9475e,3306174046,0656,10,01
2025_26,09df3749b33c5e50c10d4bd62f7f25f8935679e00ebc243c9348c5e5eae87b95,3306174046,0655,8,01
2025_26,4432d120bcfaec86e2c4f8b58860122c3892c5d3bbeb68b6816e87afb1750aba,3306174046,0656,9,01
2025_26,0cf9870fe9fd232ac1e27611a8a4ec5c9cb4dbb87dbdf318aa9859cb88f3ac3d,3306174046,CVOPT,8,01
2025_26,13a5db0c47e6dc1b97e6e4b545ba2a42ef13e0e9040144aca8359463ce78bcf8,3306174046,0652,4,01
2025_26,252a32167aa02f42e9280f38270f85fa5aab05a829285d000cf47baa6ffee1b7,3306174046,0653,5,01
2025_26,dbde61117f82c3f18ba4229558f81c8ae2d36e4ae4ee771d798606cce794fcfc,3306174046,0655,8,01
2025_26,dbde61117f82c3f18ba4229558f81c8ae2d36e4ae4ee771d798606cce794fcfc,3306174046,0654,3,01
2025_26,dc93dfb5a07fda1fbac7e3234b177154239f1b9a8217682337b1e493ae53a436,3306174046,0655,7,01
2025_26,dc93dfb5a07fda1fbac7e3234b177154239f1b9a8217682337b1e493ae53a436,3306174046,0656,9,01
2025_26,55d28cef7f2bf8ca567bbe12e527991798dafae748be04611c3fd59bd33d420b,3306172060,1664020,8,01
2025_26,55d28cef7f2bf8ca567bbe12e527991798dafae748be04611c3fd59bd33d420b,3306172060,1228,7,01
2025_26,7b9e0f274b0f9d4241a20cdb01cc52ffe9042b1646224e2c922517f7b8e20f79,3306172060,1710,7,01
2025_26,73c09fe9cee7a2b51013fc4723575d73584b5177d5088389f595986754cd5304,3306172060,1708020,7,01
2025_26,4d221609629a54c2cc889a926875ba0857431f12397b1a54ca04e468fc623b78,3306172060,1234,7,01
2025_26,8206ce53ba6f91e07c2251815d626c29860cba2a3838e4d76a389a68a5e8ec61,3306172060,1227,9,01
2025_26,776d572764ff42c9157da1eb15e1df4ea0d1f080a43d821bd85c4a456b2ae47f,3306172060,1228,7,01
2025_26,a973d545d119fd034f5a346c8a5212ac54a7aaf59f97fe0a52de38bcdb2e8b29,3306172060,CVOPT,10,01
2025_26,70d288a37ce05ca78e1eeeda48cc6e8bfe6b57b4560821c59dcfdc660fca2951,3306172060,1235,7,01
2025_26,8f00023f27a98d52ed9a1f1de2bcdc5a1ae71052cebb74e19eea9d92bd02ffbe,3306172060,1708020,8,01
2025_26,8f00023f27a98d52ed9a1f1de2bcdc5a1ae71052cebb74e19eea9d92bd02ffbe,3306172060,1234,7,01
2025_26,2867126a6247e3d096289dfce8876bf5da64c50ecc7e17b582743249b56c38ee,3306172133,0825,0,01
2025_26,3d49daba5c4f953c780165526e1b476e90947883e6a50faea53ae70b9149249b,3306172133,0825,8,01
2025_26,326926eb8107ee630b12bf15d71ea51345f7ff33db0f3e9d26a21d129b40a88d,3306172133,0827,6,01
2025_26,326926eb8107ee630b12bf15d71ea51345f7ff33db0f3e9d26a21d129b40a88d,3306172133,0824,7,01
2025_26,bea9be527b1b7fbda4923f07edaed2f75276ad1191fbb9e2064c0e22b8905eb0,3306172133,0826,7,01
2025_26,b6946ff8d85eee2504e1044d1faa355bd5549eff5f2d318025b581ad6be24ed4,3306172133,0828s,7,01
2025_26,747fba7693508896e573474d215d7d6c251d9d4d7c121bd14518a76e5ecea2f4,3306172133,0823,8,01
2025_26,04b7cfef01e64cfd4b1496b768be2fa88ad1d6be84bfd088c045854f4373fb89,3306172133,0823,6,01
2025_26,bed77cf24823a5b75d91cbd87ee22d08b49a0907ce0b687087efe731c8fc6c2b,3306172133,0825,4,01
2025_26,6c6277232e2cc6ec6dcbc11a604eee0f707d2720ff98e52a6b83033f3a50af33,3306172165,1110,6,01
2025_26,7e95db372fc0c37c10ef4dd85070d24ff8731cc0f2de155c73b66d47ad38a1af,3306172165,1708020,9,01
2025_26,668b543fd712bf0e03cedc4437c8da84271e2312325642dd9e273e19d4615777,3306172165,CVOPT,7,01
2025_26,668b543fd712bf0e03cedc4437c8da84271e2312325642dd9e273e19d4615777,3306172165,1009,8,01
2025_26,668b543fd712bf0e03cedc4437c8da84271e2312325642dd9e273e19d4615777,3306172165,1109,6,01
2025_26,e1fa5399686a4a29ca1f422357b1509019d4486fb7a00a9c806c933b2cbdee5e,3306172165,1708020,8,01
2025_26,9c0fce6f3681dc9cefff66e8b9d82a0a3350fc714cd310c012786a61646f57c5,3306172165,1011,6,01
2025_26,362a6754483125d335aa747a3631172731d1707ae50efe4bebf613546f0c5a4e,3306172165,1007,7,01
2025_26,4fa33e61b4eb9ed69b12f6adcd6110318f36a4d30781964c40d42a086c3ab0cb,3306172165,CVOPT,8,01
2025_26,1cb1280ee0aa3f42ca66c3d1f51d9671e4c46d2abe933543cc4c4b95134071ac,3306172165,1708020,8,01
2025_26,c646a2df3c29b8de72b91dfdb20afda82fa2563ccea2144990a2d6f67cac2d36,3306172165,1665020,8,01
2025_26,7aba2cba017da4eeb6bdf9fcde48a949c632972ff8ad40e93c19f3fb9991df10,3306172165,CVOPT,9,01
2025_26,7aba2cba017da4eeb6bdf9fcde48a949c632972ff8ad40e93c19f3fb9991df10,3306172165,1011,7,01
2025_26,63b2019f4a54cf6a7ebd381d87fc6396900b930a788c622ba2966ab9a8b0f87d,3306172165,1011,6,01
2025_26,63b2019f4a54cf6a7ebd381d87fc6396900b930a788c622ba2966ab9a8b0f87d,3306172165,1110,8,01
2025_26,53844a0401518f4786913feb68c71d156d8f4fcbf6b1030a97d73a6e86aa41af,3306172165,1665020,7,01
2025_26,53844a0401518f4786913feb68c71d156d8f4fcbf6b1030a97d73a6e86aa41af,3306172165,1008,4,01
2025_26,2c01a6c4817fa6f5afe9dfec0380f37c72859b57e1e72f6ccdb289de0a0c40f3,3306172165,1012s,10,01
2025_26,5f21b0db1be9a82ec2eed40399a3b24051ea1cdb4ad448ccf3922ab9fb84178b,3306172165,1708020,7,01
2025_26,5f21b0db1be9a82ec2eed40399a3b24051ea1cdb4ad448ccf3922ab9fb84178b,3306172165,1007,10,01
2025_26,8a0a44ffb2baf1c087924d37d0a767c7ba9ada2bf745620fcf98484b37216bae,3306172330,0399,4,01
2025_26,e179147e1e9f1da10690bad75cdd5125980853fc7e17982c06a8267b6fb80907,3306172330,0398,10,01
2025_26,66eedee21f82a34060ae90994886def7ed10f96e2847bfe2bf1c8e563fd69849,3306172330,CVOPT,8,01
2025_26,66eedee21f82a34060ae90994886def7ed10f96e2847bfe2bf1c8e563fd69849,3306172330,1665039,8,01
2025_26,4be6fceacd848015b94864995fe0e2b9f2fdf6bbe183ca66d9d23d607b03ecff,3306172330,1665039,8,01
2025_26,4be6fceacd848015b94864995fe0e2b9f2fdf6bbe183ca66d9d23d607b03ecff,3306172330,0180,6,01
2025_26,ee3e9df092da331541d83c266b944d2c9c5acbce79426e8ab367f935edf6c7fc,3306172330,CVOPT,7,01
2025_26,3bb91f2d1c74f2d8bf89d734ec8f6884aab423a161e398a553e0809b0bddbc8d,3306172330,1708039,10,01
2025_26,482ad2af2aa1a8c7050d4eb6971b0db96b9aeefc17d13212fc543ac2e46d2405,3306172330,0398,4,01
2025_26,482ad2af2aa1a8c7050d4eb6971b0db96b9aeefc17d13212fc543ac2e46d2405,3306172330,0399,8,01
2025_26,5b552cc9e92c004054eab2aaf9286d412df9c39919f6f980371192bd0b400192,3306172330,0397,7,01
2025_26,fad603f0e64f8d13d486e50e07c7988627f53b2d9be9212b1123f1362ec93901,3306172330,1708039,10,01
2025_26,555a18eb56053d57cd79d35db4decccaa5aa6f83f82f8a903a1aa22320a6484f,3306172330,0399,4,01
2025_26,3e0cfb63a0f2284de35bca6fb6f60faf4c1539090dc5bd78f2a7826806b04ec0,3306172330,0400s,9,01
2025_26,c73bed8dd2bb5ad1102d3ab77c54d4ad4f1d32ace3fd9cca9f9139194cc08c80,3306172330,CVOPT,9,01
2025_26,acf7ac0981ae9815fff3fb4a9202a4921d21d1975a6eb94f4978ebc9c17493f8,3306172330,1708039,6,01
2025_26,acf7ac0981ae9815fff3fb4a9202a4921d21d1975a6eb94f4978ebc9c17493f8,3306172330,0180,3,01
2025_26,153ceff39f1d07c4a91c56738c822cb378b29b87cc3e7b5778bfe87078585b1b,3306172482,1708039,8,01
2025_26,e1b59cc3d5c7d96fca18d00598892e45a80dd79b6a80114568587b04eb87db69,3306172482,0176,6,01
2025_26,109e2f4131443cb7c6ed2280187dbbb24a6d42e28648d3beed6c8b15109cd446,3306172410,0388s,9,01
2025_26,08b8f3ab23205e730331294cdb8ddf0c55f3a3484b6dfffa3d4cc9d8af7c9e8b,3306172410,1665039,9,01
2025_26,0ea65640b217a50fa35570e2457ed71c99bdd51077ef6efcdef0f6624754bb44,3306172410,0180,8,01
2025_26,0ea65640b217a50fa35570e2457ed71c99bdd51077ef6efcdef0f6624754bb44,3306172410,1710,5,01
2025_26,6b0ede0d0b600169c8f6d3c4c052c571f3c113382679d872bcdb5aaf057a445b,3306172410,0180,9,01
2025_26,76d65155e32131fe918a05f2a9d4cc62c868a87ce9e178b4ec650b9299ab935e,3306172410,0386,7,01
2025_26,21c0f5a5d516830e1efbc81d673d1499f8d9d0a1c9096ed482e67e18ccf0738b,3306172410,0388s,10,01
2025_26,efebd2e836e756da51b1c4bf56dd09a6804345f63609a8233dd4846b5df9979e,3306172410,CVOPT,9,01
2025_26,b1da45ca137b661d744f20870e7c8de3a5d9a5cdfc04bc53e0c079a282d15d4d,3306172410,0387,8,01
2025_26,5d07d7c6dd68eb03f522c47f213fad93764f82641aa22d608fae7801dabd224d,3306172410,1708039,6,01
2025_26,5d07d7c6dd68eb03f522c47f213fad93764f82641aa22d608fae7801dabd224d,3306172410,0180,5,01
2025_26,b8ab5a108fa0c4ad3521bf8ce05cacece6abcec84c384ae2a9a26934d78abca4,3306170521,028505,7,01
2025_26,68e8627c95cd42030041963a7d9d433adacb452f566a5bdfac060ea714ffdc00,3306170521,028001,3,01
2025_26,bc63bf21b52db90a0da34d3f79dfa25e1ba82950378031faa3b863b7a8bced18,3306170521,028501,4,01
2025_26,3ed99de57e81f09b735ad0226098bffd3afca7f17948499b3c3a1917b233cb52,3306170521,028502,4,01
2025_26,841556b45573535d207de38deb5f147cc2c2c84a44b014bf492e71b270c85314,3306170521,028100,9,01
2025_26,9153d6f39429dbf290fa465d00b0b75c2aa60a41839986aea1c2f522a204b866,3306170521,028505,3,01
2025_26,9153d6f39429dbf290fa465d00b0b75c2aa60a41839986aea1c2f522a204b866,3306170521,028503,4,01
2025_26,04946fba826f68b406956db6c36b6c166c3fc8e2f9072f511d0fa30e058a8bc0,3306170521,028502,7,01
2025_26,04946fba826f68b406956db6c36b6c166c3fc8e2f9072f511d0fa30e058a8bc0,3306170521,028504,8,01
2025_26,845fad0034339e0c9ceedbbb560b1f65699ab277eea8a168d73c22cb559bd2d9,3306170521,028504,2,01
2025_26,cb2f3622fd46e5a188a70951f1a0a4f1667d5b798042e4adb17bb3dd225b52ca,3306170521,028505,4,01
2025_26,cb2f3622fd46e5a188a70951f1a0a4f1667d5b798042e4adb17bb3dd225b52ca,3306170521,028503,4,01
2025_26,49c5799d463b0f152bf30315f8361d2607edfb1792c416d0da1df4b6bd3513ec,3306170521,028001,8,01
2025_26,bb816528a73f6b87f0edc6a461bc1a0e9d5fbdcaf34a86204d8d4a60bc3003e1,3306170521,028501,4,01
2025_26,bda256ea54b837bf330a0e65e9671f152d987a26af725fe6dda7adb8023da25f,3306170521,028503,4,01
2025_26,ee46f10a1c817b275f8092b93986aa4da6fa5cb4c1632329c5280944d66b15a5,3306170521,028502,7,01
2025_26,ee46f10a1c817b275f8092b93986aa4da6fa5cb4c1632329c5280944d66b15a5,3306170521,028001,9,01
2025_26,b5afaf839f2a8422b0589bcd3c219073df397f05155fb0bf33df9b03e1fe7ed7,3306170521,028505,0,01
2025_26,f56a6243dafb4e0eeda5be7ce3bb96877360006b836a9c73462e4a8080b73559,3306170521,028001,0,01
2025_26,5b8172cb7a0521d71922f0c7ac97b0f2661b737c5806b00a9c23c1ce4ea275ca,3306170521,028505,9,01
2025_26,69f2055bd71487cb086778620782a7ff3eee039273546c5f4300489e6e1336a0,3306170521,028505,7,01
2025_26,10e3725bc98af10f6ee6e7202a5139eea1afa879b9ffa61238f5619751598943,3306170521,028501,3,01
2025_26,0d7c13979908103b1d7d8168996c4238bb04455e573468238311bee7b0f968ba,3306170521,028503,0,01
2025_26,aff61f02da7c1dd91f488081256c56e4c2ba9ec373690b6294f43fe9cbbfa259,3306170521,028505,6,01
2025_26,aff61f02da7c1dd91f488081256c56e4c2ba9ec373690b6294f43fe9cbbfa259,3306170521,028100,7,01
2025_26,e8cd252904005e36dd1571fde9f9f1effa92877f5c3deae501596878ec357039,3306170521,028503,4,01
2025_26,50ec56870037feb78709050eef1709ccff77643731fb28ceb370f7ed0373150f,3306170521,028100,0,01
2025_26,4ffb08fda9cd4b1d0bbf93d8002f21acf5b8d684c1b1f6b00e854eba0b476585,3306170521,028100,6,01
2025_26,6a5b10b841d4d0442e3bbaeed458ae36a560666c104fdd660cf35ddab6f1c183,3306170521,028501,7,01
2025_26,cd303b5315bcf55b62bc9b9c50354fdd57acedbcd7f92ef113c80d34bd91b126,3306170521,028100,8,01
2025_26,b25ea42b8fc14bd6e9ef389f79b2d0fa7e6b578949776c63c0ba827a5c21e27b,3306170521,028100,6,01
2025_26,2d72f2453f670d755fe9cb074194ce16dc7cba3b86637b21b0b87b34c661a25e,3306170521,028501,0,01
2025_26,3dd58e718a3c96d8b7406e13433c7930bc55c903e747611ec6ead0019ec91ed2,3306170521,028504,9,01
2025_26,163f3413dea946a35d84914fe54c2e3b0b6bce79c16800a0c7203895dd30868a,3306170521,028505,6,01
2025_26,6f256302cdd343707fc316fa23446b41376fe3a8c5fd0e87d4b9c57f18c7d276,3306170521,028502,0,01
2025_26,6f256302cdd343707fc316fa23446b41376fe3a8c5fd0e87d4b9c57f18c7d276,3306170521,028001,0,01
2025_26,6f256302cdd343707fc316fa23446b41376fe3a8c5fd0e87d4b9c57f18c7d276,3306170521,028503,0,01
2025_26,bcb816fd50a5ac70ae307d68f8050458cb16a010e2d56ddabba9b6b9ed7a797d,3306170521,028501,4,01
2025_26,3b245c6e790c610679e4ca0213dcb0f43b00ee3a0400e325630c8440ca168ca7,3306170521,028001,5,01
2025_26,4486ef00404e429fa2c560439e38fbe5a072a62cd7a238c792b13e4b9404cf1b,3306170521,028001,8,01
2025_26,ca03206a8dad5dd2b6df8a0bb98585f35760d99e43ceb6167fd475fb2e220265,3306170521,028504,0,01
2025_26,4939686c912d22884d42c7d404d29aa20ce06a088bd0dbcedc7f89938ed0c565,3306170521,028001,7,01
2025_26,1e6289e84b08699b422b973bef4bff5d64aedd75c1a58396d5221741f0e2186c,3306170521,028504,0,01
2025_26,2752942803b77267913f1e8510f02e775fbfdc4b2508bddf5b7b6696968b4332,3306170521,028001,8,01
2025_26,ec12eb45409f9db1df1ba9b7013dd20eaedea031c7deb10ca6b858587e121003,3306170521,028505,4,01
2025_26,8e14f8473a031e6fc8f0a78a852f8517c0b054f2b6e0a7647dd0d5f866be54d6,3306170619,1369,8,01
2025_26,54349a067b7a114242dc5e5303c37688823f097019818193dffa5fadb8bdd93a,3306170619,1367,7,01
2025_26,54349a067b7a114242dc5e5303c37688823f097019818193dffa5fadb8bdd93a,3306170619,1368,8,01
2025_26,d3baf49f1de65e68ceb8817093bad0208535f89e4d95e280474673f798b79600,3306170619,1369,9,01
2025_26,3a5b59411d4c1960c8e7eaf4a6cfd1f8f4dc6b0016444cc2e8f55e1045fd6ce5,3306170619,1709,9,01
2025_26,c3c72ad80a61762249e2757d4f3965629c259f74808eb56ebaf9177b74395f9e,3306170619,1368,9,01
2025_26,726cb7b2e15d4002381b2e97d76e7de2835ab19e6d8b144c828a05edd55f1097,3306170619,1375p,9,01
2025_26,60e059d1bc54474f161f98d265058e7a446fdcc442a605f9e1352eb7b242bb93,3306170619,1370,4,01
2025_26,0d5b5b2d036d44955d1754f745ec7d3776ab024adc77a6794fd0ce6221ad57f3,3306170619,1368,8,01
2025_26,d2ad385152055962f2d99bbc16a1c3325852dd3db06ac97c60b48cab21840f31,3306170619,1370,3,01
2025_26,33c6e4c027f63adb60292d14cbde392baa44d6704eb1a1dca58e64b58ad4e038,3306170619,1375p,9,01
2025_26,e91ba58c3e7b5dc73bc10817400f1989b4c5aca5eaeeaa0f5e24dcf2a25982d6,3306170619,1709,0,01
2025_26,241667b006d43473579d2a4776eadbe78a6b7e419cb18eb79a9d7f0a89b664ee,3306170619,1370,4,01
2025_26,9ec5811c3c02cbda791ecb3d6745e24a4a06d4f994840e114108177f51e0262b,3306170619,1375p,9,01
2025_26,311e8ff4a01a8161ea999a97f3979369a7c7af86a1faa604c70d7cda054d7275,3306170619,1367,4,01
2025_26,ec4fa9fbcaa6765193a4c8804c21ab63a15f31794a78bbd94af78f7d7e9c568c,3306170619,1369,4,01
2025_26,76b71d9428ab01fb5e50ea91f66efa74849370f4775daaeb5e0bb9e8b6b975a4,3306170619,1375p,10,01
2025_26,76b71d9428ab01fb5e50ea91f66efa74849370f4775daaeb5e0bb9e8b6b975a4,3306170619,1368,9,01
2025_26,2f7c7651b956a7795368411ba42c889be0c1f4d9941ded0ca03df4072281b2f4,3306170619,1367,7,01
2025_26,0c09633410adf4b72db5c0929c4a0bde111ceea80fdfebf10c3d54a092d1534d,3306170619,0179,4,01
2025_26,cc7f0e8de5c71ad10c99beada05214d476643738a834b1136de10fde808f0b3b,3306170619,1369,9,01
2025_26,8ca8629f0f65eda3b36ebe943e02eb51d2013c8dd12919796d764412e70b9104,3306170619,1367,4,01
2025_26,6167c9d27cb91387d6784af48213ea4c8299fe1efd32d547e5828e7cb52f5cdc,3306170619,1370,3,01
2025_26,586ab46864d00f1267ea22a38dc946bba5304ff52a110c87b950521b3361cc8d,3306170619,1369,4,01
2025_26,4185e8fe0cfb70268ed5764912dfff02a1816d6f05e98bf1b993d62e75538432,3306170619,1709,10,01
2025_26,4185e8fe0cfb70268ed5764912dfff02a1816d6f05e98bf1b993d62e75538432,3306170619,1368,9,01
2025_26,19bde2654221ed68dbe749f75cdd118ccb641becb894042f75dc25923fbafb04,3306172484,1709,0,01
2025_26,3be61f93a0c666bdfa7c02733932de8505b00847eac9c099d12766f8d895d1db,3306172484,0177,1,01
2025_26,b0bdab705e6d59ee639e1d6e3a1e0add22251684c31b423500c73bdb37742d1e,3306172484,1709,4,01
2025_26,b0bdab705e6d59ee639e1d6e3a1e0add22251684c31b423500c73bdb37742d1e,3306172484,0173,9,01
2025_26,d16ea4ba5f2f5f34eca94b01a7872921f6bd7b2e8e2c902861bec64e100340da,3306172484,1709,4,01
2025_26,d16ea4ba5f2f5f34eca94b01a7872921f6bd7b2e8e2c902861bec64e100340da,3306172484,0173,6,01
2025_26,3d5145adddab824aed143996a74a489ee218827a6b487acfaf0aa616f788843e,3306172484,0173,0,01
2025_26,228af0d303e803601fc22add67aa81b72f76b0f22cf548014add45df728a0070,3306172484,0174,1,01
2025_26,179bcb47efa07209af941aa93953a39bf55a67078269246da2014a4f9330fd65,3306172484,0177,2,01
2025_26,279330d1c898d3403380adbed34c26392439ddd009daecea4254428506a7db2c,3306172484,0179,0,01
2025_26,0a72cbedd41d9a956009a377a9f91bdafa4a6797f0d9aa8c3108872360a96a09,3306172484,0181p,9,01
2025_26,ea31583863c7fc4338528d0394c79257e05a8bbe958e6d6d80c17c6f9ecde530,3306172484,0179,7,01
2025_26,ea31583863c7fc4338528d0394c79257e05a8bbe958e6d6d80c17c6f9ecde530,3306172484,0172,8,01
2025_26,ebad8964334ada3832e40e8251227c7e222329bf524b8f374df16309028cb1a0,3306172484,0171,5,01
2025_26,f21a9088f8e91fdf90ea50affcd2a8f1feaf4b257552a7de6c68eaf7cf2da39c,3306172484,0173,8,01
2025_26,75daab61b41e8783fa9beabfd25a87ec8c1f2d3dd1b58b6feddad69b43b52999,3306172484,0173,9,01
2025_26,8afe0981f85cbead344db403e2609811041eadd2ca3066d4d3cbcb29c7e3ae5b,3306172332,0173,0,01
2025_26,d0cd6c7e2e4d0ff90e4b4f3db2e4bd1b1dd99be8bd14ca48ca9a875d82d34def,3306172332,0383,8,01
2025_26,708c9514c5e3bcaf44fe1d5968e7cd99299df1500c4075c0f9f1dc03e78abe85,3306172332,0384,6,01
2025_26,af6c44aa3b6ba4d4a46ce0f345aa00afbcfbf6d5ca21c8e9982621dcbddc741f,3306172332,0171,8,01
2025_26,af6c44aa3b6ba4d4a46ce0f345aa00afbcfbf6d5ca21c8e9982621dcbddc741f,3306172332,0172,9,01
2025_26,2441a618859278c4696273380e492c6cfe3d98a5784f18b672f5ef65e2117a01,3306172332,0384,7,01
2025_26,fdf285ec84c307e540dd1357d50cc29cb637dd72f0c152772e0262dd4a5ddd72,3306172332,0171,10,01
2025_26,a04a47effd9c495c71eaf0e6896400eb8a5b33a3358b3f3e7a08a7901006a375,3306172332,1709,7,01
2025_26,d51601f1bbe2f9f8a53e2af4d57d38468cbb1ce95c7b2a134f1d5b77b6c737cf,3306172403,1709,0,01
2025_26,d51601f1bbe2f9f8a53e2af4d57d38468cbb1ce95c7b2a134f1d5b77b6c737cf,3306172403,0173,0,01
2025_26,52412faf76719de313a2c94b88f2309ad68ec1c8aca689514a6291c03a6f6a31,3306172403,0172,8,01
2025_26,0d36490a2af88aeb7e5411190a3f6befaf3afd8c21c7778350d71f084a8de905,3306172403,1709,0,01
2025_26,0d36490a2af88aeb7e5411190a3f6befaf3afd8c21c7778350d71f084a8de905,3306172403,0171,0,01
2025_26,0d36490a2af88aeb7e5411190a3f6befaf3afd8c21c7778350d71f084a8de905,3306172403,0383,0,01
2025_26,4abdc8fb98b5977017777a10c21af1f801e444f70f572e406affc9ee2d4ef8d1,3306172403,0388p,0,01
2025_26,4abdc8fb98b5977017777a10c21af1f801e444f70f572e406affc9ee2d4ef8d1,3306172403,0383,0,01
2025_26,60639bfb5dc9abbcf6a49860321a2a054e505585ff525aba56b047b8270d5d0c,3306172403,0171,7,01
2025_26,ed7a8afba3b42b34310eb0490f2569a9ccc012d458a59148caae9fa85bbc7f0b,3306172053,0156,0,01
2025_26,a635ebf231742e694609d4e1178605c914fb01581c634dca780ebd4607397edf,3306172053,1232,0,01
2025_26,cd9cc0164e0ea3df63044883a11048dd28f6bf07413d9fe26d642d097a058e5c,3306172053,0156,9,01
2025_26,cd9cc0164e0ea3df63044883a11048dd28f6bf07413d9fe26d642d097a058e5c,3306172053,1232,6,01
2025_26,8ca685b85919398176e54bb27765832fec61d14a7d0e18184ef7ef0bdd7f97ce,3306172053,1233,0,01
2025_26,c7e1a8c406319d76c7bde0470ed7c5bf40f7165795bd388f4f63532390612c3a,3306172053,1231,6,01
2025_26,9f9afd4aff4e441a8659a752e2d513de54ca75711680dce390dbb0e0e77b1060,3306172053,1226,4,01
2025_26,c79105884bf0d149ad54e2f39ed5bd11955b16febdc482e4ad19ff6a12fe2e09,3306172053,1229,8,01
2025_26,ae66f5d287c808d91ea29f466052db9482cfbc42d5036b09839e1d0db43a0cb1,3306172053,0156,9,01
2025_26,e8ad3b4177b334fb62c540d2a30766bd6e17ec516b3c010ad1594d404941a390,3306172053,1231,9,01
2025_26,47e4d5b07965a3d101f5fb9efe047d03a8cf3853032eac9c807a5dbcf6242b7b,3306172053,1709,7,01
2025_26,6ae47c614ea8512e113ea31edd3f499dfe19b6be0af188fd0310554fd1ca7a83,3306172053,1233,8,01
2025_26,b20a171668ba1b9645aec6544170136af26603af65543323dccf7f32d5fde310,3306172053,1229,5,01
2025_26,be5cc20ef1bc14efbe0bf8ef76602b7ed16279d02e9275db381154e3abdcb305,3306172053,1231,7,01
2025_26,7477c6e8dc02f6edfe795ed77fa9f5e0cad1b527a473118e85cdde61aad0140a,3306172053,1232,2,01
2025_26,68cf11f2a0c86b6bf258cdd97fae2403417e332286020f60a6d3710925ad18de,3306172053,1232,6,01
2025_26,cd85a75073090be1dce0a50ea82bec285f5cd7e5d17def7328bb568f7ce4d30c,3306172167,1012p,10,01
2025_26,6560abc82fc7fcd63c0b60333d8226646dde6cd32c1520e8913003be004604a2,3306172167,1012p,7,01
2025_26,8ba08d4d675f9d4437fc4107e2bab57cba8b351f28b431ea843efe62ce14706f,3306172167,0930,4,01
2025_26,c8e204ceae06e6d0bfdae535f368f119c11cffb3b87da5856ea983b3a296e9de,3306172167,0623,0,01
2025_26,3086fead5c25510ad45d8b6b21798fde3227f36b30777b2e7a04d85aeb7b843c,3306172167,0623,7,01
2025_26,3086fead5c25510ad45d8b6b21798fde3227f36b30777b2e7a04d85aeb7b843c,3306172167,0931,9,01
2025_26,e7127618527681553b25242fc9c76a03ac9868ec74979b2325b586a9dfbe2cd2,3306172167,0179,0,01
2025_26,13936f02540f52c6a9d60fe1ca8b60495709d9ffca28aa49ee374587b45e00f9,3306172167,0179,7,01
2025_26,7ece99e699dc74e987ff15eb9338e514e4fafb32530f6b963da765c8102587e0,3306172167,0623,6,01
2025_26,6309fac77be30ab9ec553bb3de2a0238b073bf9a5f43963f2fb2f82594db668e,3306172167,0931,7,01
2025_26,7ba5fec4c68b2ffacc3722aa61739710ef2821f659a389e247a34ac0ec422157,3306172167,1709,0,01
2025_26,202312ea24d1e7773563b9fac2e285905c837c7109d089c3123b66459013281c,3306172167,0930,5,01
2025_26,ee9e61a0d0d7431397da38aae9d312fd99716fd5b51f732372e5df76ba315e22,3306172167,1709,7,01
2025_26,08cdc734ad04f41ade219537506ae91a954d3a2cabbbda6d6c83fdaa49518644,3306172167,0623,6,01
2025_26,8d2adca43796ef1e91145b4acd880aca05d011c199a09310edb2458df635094d,3306172167,1709,7,01
2025_26,8d2adca43796ef1e91145b4acd880aca05d011c199a09310edb2458df635094d,3306172167,0623,6,01
2025_26,e1467bcc27ff8a4e4d8f0e7f055e914139f2f29b3b11cfb56a22a8c23d5b237c,3306172167,1010,6,01
2025_26,eac642876d4d82fc5096158360f2b64301519f81425a8f37c6d213a7403b0c33,3306172167,1012p,9,01
2025_26,c23fe6438377952a8ec708b5d926a9fd9193a1f756ee34d0638bf17d75b2104a,3306172167,1709,8,01
2025_26,ea8a99bacb12d20a4c2b1f615af3ce9e1df3565b0e2091da8ccd7e0a6de608cf,3306172167,1010,8,01
2025_26,f5a30cd1b19b9cfd960d2f23274d2136f5ab4dd49d385de28056862e3171efe7,3306172135,0623,3,01
2025_26,ce16b7b7369d94449728b40c500cd789835d6a31f490474148d5192474d113ee,3306172135,0625,7,01
2025_26,059ce46d42cf723fc4c29d2d31571b41fd9210c2e1a1eac5ac4372f691ba6da7,3306172135,0625,6,01
2025_26,f3bf10de5a266d45775e942b9b6283964cc21b316a5b69b15513d8fd7d33e313,3306172135,0623,9,01
2025_26,fbc13b227bc0c3115d765c5bd383806cdfc71a33b6fc698a54cef6ff5d0d5462,3306172135,0623,7,01
2025_26,861d3c7718472c6d7e7b5ec2f41e3cc79a920e5c8a9bd5469050faf9cecec108,3306172135,0179,4,01
2025_26,4a0be8352ee1bb77c6e23382dca2bd6746e56f20901f0ffc11c1e99c64f8026c,3306172135,0828p,7,01
2025_26,56db3247627ae2c8a9f1de02cc22e02ebd36090868de7d525550c741db5e9417,3306172135,0622,8,01
2025_26,926c34c957226b24a955f5dee1f93405dcce4c08b05378e2cf5aab489f97fcd0,3306172135,0179,9,01
2025_26,6990f1064643b438a23741916aa5f305a2d53de24c2adcacd7e13adba9675936,3306172135,0627,6,01
2025_26,02bf03ff8922a7bc144a9a21a57c1ef196ad1af030c9ff9cdddde01972a39c80,3306169433,243266,7,01
2025_26,38e0a8d4b8608c3b6cefdc65c828c9e2313513ed01ca1ca02f6abe80b9e73705,3306169433,243266,7,01
2025_26,38e0a8d4b8608c3b6cefdc65c828c9e2313513ed01ca1ca02f6abe80b9e73705,3306169433,243264,7,01
2025_26,37412174619670b5ea32cb40428736252e5ebf92131bf3cde20a6cbb19364fb7,3306169433,243267,7,01
2025_26,387c258ba37317c6783bb15642af9ac44fbac2d1700c6f86ed5d1a0d8fcc92aa,3306169433,243266,9,01
2025_26,b18760267ce0f1845b7d2526a817f33fc4769842148e2b48e6f740bc65dc2b85,3306169433,243264,0,01
2025_26,e597610428e7dcdd09c087823c46d132e12c09b87f02532195e7d6728257fd00,3306169433,243265,10,01
2025_26,c3894aa1a66c49260eb22e721df4460473e53b216a36fd54155fafaccf7dc046,3306169440,243604,8,01
2025_26,c3894aa1a66c49260eb22e721df4460473e53b216a36fd54155fafaccf7dc046,3306169440,243270,9,01
2025_26,1db8fb484681e0a441aa19ee6738a4b24972d68a5e0b28d92011791931055e6a,3306169440,243271,8,01
2025_26,77a40e721d5fd2c8501a3e19dbcc3f8d5814a3f5ef0d8b9d0cb65ef94db4296b,3306169440,243270,9,01
2025_26,83b3ddc6c475ad4e220122c9875e12ae30c6292ad905b4883b99e3b188fb0c0b,3306169440,243270,4,01
2025_26,be0156152229ed4f2292309d5e68ffa919f1d7f25c434349345105a03a81056e,3306169440,243271,7,01
2025_26,ba0b121ab7279d65fecaf566dce8072fff5f5c854988ae9643e662c1bc9106c3,3306169440,243270,9,01
2025_26,e6ae06c29ed7d8620e65b63d5e16c81363af9df3264a77d5a23cdb3eb5f9bed4,3306173997,0440,5,01
2025_26,0b5299c8463d52c297a16eff68cffe3260fc48ced964815d9c6b58b8f3f930dc,3306173997,0437,7,02
2025_26,f59b96c5926d2a1119855eca5d10377ccb032ccb535f80a600ab8f9adafc3c96,3306173997,0441,6,01
2025_26,a3ba243a30e89c399e77472295e92dadfa68a9a8df4401c3569ea15a60eaebe8,3306173997,0437,9,01
2025_26,c95621294d444b7ad01d9fa148fd2c949593e54a0efb9bab582ea7c3721530a1,3306173997,0438,8,01
2025_26,e46f9bfe68f3772a73907d4ae3733b372567da5a4d86c2bf7bfceabf3a672a26,3306173997,0439,7,01
2025_26,fbc951bcf616da89e5d668aa36dd89c670338ebcb99ee6b51f6d6627976a2a28,3306173997,0440,8,01
2025_26,82f4cd82df5906af29b89396af141a505bcc8a7ccbd1d2e071a4fbf9230f5120,3306173997,0439,8,01
2025_26,dfe72718a8fa8b613c48b3fb50ab1613df452fadc557b00be7d0c17f8d8e3626,3306173997,0438,8,01
2025_26,4cd7dbdd62e45a9f6d8973133641230dca95ff6cebd23d5a888b912f54e28835,3306173997,0441,10,01
2025_26,d88a30b93f4e2486928f49de052532a469fe3fa97b67c6673d097938bf97f814,3306173997,0156,6,01
2025_26,077f040efc63d8ecddc796053bda0fe19ff99ffdd787d37094b231df8e736142,3306173997,1709,8,01
2025_26,077f040efc63d8ecddc796053bda0fe19ff99ffdd787d37094b231df8e736142,3306173997,0441,7,01
2025_26,88819fad11756b651772d10821d253c349fc80d15c728d4c5b3efba2bd2c6d26,3306173997,0156,4,01
2025_26,01e3f64bd51485d35b24211fa6f02d4154380cff02ed6f4751286546b3d9b7a5,3306173997,1709,8,01
2025_26,01e3f64bd51485d35b24211fa6f02d4154380cff02ed6f4751286546b3d9b7a5,3306173997,0437,6,01
2025_26,bde9180c50f31739dc05fad2e9f7b520b0fc35d89def4fbfe56de8b1ac3db3c8,3306173997,1709,8,01
2025_26,44bb3b50f94143e18209aadd9fc423192475c093e844d232cbe4cd567698009c,3306173997,0437,8,01
2025_26,44bb3b50f94143e18209aadd9fc423192475c093e844d232cbe4cd567698009c,3306173997,0156,10,01
2025_26,d2666d7807c3ac6f7104ca6bbb16acf3193d5fdd49cdd4fbbb70be1d4a0155fc,3306173997,0439,7,01
2025_26,e6460e1a0c2b69deec87703915055645caf94ffb6d6c8104ea287f8413cdf4dd,3306173997,0439,9,01
2025_26,e6460e1a0c2b69deec87703915055645caf94ffb6d6c8104ea287f8413cdf4dd,3306173997,0438,8,01
2025_26,e03ae84a3d1bbae3bc9ffaf91c107620b079c1ce8a950b9ea858c3bcadbc4adc,3306173997,0437,6,01
2025_26,3f0fe81c38f6059b7dd17dc43aae33525fedc5fe7110024684a3c08c4f0a7621,3306173997,0437,7,01
2025_26,3f0fe81c38f6059b7dd17dc43aae33525fedc5fe7110024684a3c08c4f0a7621,3306173997,0437,7,02
2025_26,e88784ff773ab7436dad9ad8f3614a3e609f682b9fa1a84f785cf74372576937,3306173997,0438,8,01
2025_26,dea732ff1c7139002d78f9f7e650187e5a1a60f55c81b87df27f137f2c953286,3306173997,0437,5,01
2025_26,fb08df1c5f415ac814446b15c86f3fce18a7f8e0cb2f174115e02ffd8cf2f9f8,3306173997,1709,8,01
2025_26,fb08df1c5f415ac814446b15c86f3fce18a7f8e0cb2f174115e02ffd8cf2f9f8,3306173997,0438,9,01
2025_26,2793c9d93fe5e438a1449c14c37fc045cf00367e16a1f5979b620a125700184a,3306173997,1709,4,01
2025_26,2793c9d93fe5e438a1449c14c37fc045cf00367e16a1f5979b620a125700184a,3306173997,0441,5,01
2025_26,2793c9d93fe5e438a1449c14c37fc045cf00367e16a1f5979b620a125700184a,3306173997,0440,4,01
2025_26,38a5625071b65f7c459d5b033b19ead9f5364b6ad238970c71d979131f9520b4,3306174048,0650,4,01
2025_26,38a5625071b65f7c459d5b033b19ead9f5364b6ad238970c71d979131f9520b4,3306174048,0649,4,01
2025_26,0017a974bf5bf8f4a5ed2d0c04e7b660befdebff60d553c4ce49f8344e410951,3306174048,0648,6,01
2025_26,746b21f0c5644caedb58be2450afd9764fe2cdcb4eaf78547028bc4be2976f5f,3306174048,0649,4,01
2025_26,7794bb65492780cde77c03c1db4b8127660777050f463049f98d6917d5ccf34f,3306174048,1709,0,01
2025_26,754e9f8683cf353b1a5a6f3559c6559deaf13a81803dd8f9da3347adac9927d8,3306174048,0657p,3,01
2025_26,754e9f8683cf353b1a5a6f3559c6559deaf13a81803dd8f9da3347adac9927d8,3306174048,0648,5,01
2025_26,00d10dda285b7a9284d39df2e481ce8a4696a790059ef52592d182490ce44bf0,3306174048,1709,2,01
2025_26,259e3a7e85d42000c0407c0541f1531cffe100dcc14ac66e14085f91f456eddf,3306174048,0650,9,01
2025_26,259e3a7e85d42000c0407c0541f1531cffe100dcc14ac66e14085f91f456eddf,3306174048,0648,8,01
2025_26,28b9f2465556f037d48935028f3bd1c24740d1afa3b7d5fa28a29473976dcb34,3306174048,0648,5,01
2025_26,28b9f2465556f037d48935028f3bd1c24740d1afa3b7d5fa28a29473976dcb34,3306174048,0647,7,01
2025_26,ebe7f27767ac34c33ad465439b3c78641f76e970d247d126d4112258a2643551,3306174048,0649,8,01
2025_26,ef283753c7783374433622e447dcfa9e77badcea221d67438f84617039453ea2,3306174048,0657p,8,01
2025_26,7ace8404accee77e58ff5c84ea986329e54fe9bb2c8af9410689109e91a20e25,3306174048,0651,6,01
2025_26,dfced5735d0491accf35c8d22aa2113e742b52d286fe536a9f0d63a549ab0476,3306174048,0649,4,01
2025_26,9f411de2a8e07ab41bec90fc6f9b154f0299b14931075f105bcabded76c33d2b,3306174048,0657p,7,01
2025_26,9f411de2a8e07ab41bec90fc6f9b154f0299b14931075f105bcabded76c33d2b,3306174048,0648,0,01
2025_26,bf49f7fd826ec978cb0949140f03d422dd2dd8e722cf8da2621a008b35452551,3306174048,0648,8,01
2025_26,994ad8b46d13a4faa4c005ecb20612b1863781a152fe3075dea53ab8becfe528,3306174048,0651,10,01
2025_26,e6a9ce4b45a4bfdaac8da7d961333a634dc084b22fe2087174afd7d63afcf340,3306174048,1709,4,01
2025_26,5f758b4853d526dfa589ded2361cffd1665552c77372f4bf9193edc0df68cae8,3306174048,0651,5,01
2025_26,1497ed5ffe286232d740cfe4c7eb1898773fa3989688b7c5d17b3d9b00fe7217,3306174048,0648,7,01
2025_26,485d972d86d38409eee2144e1f24953ebfd2a7723c0b2e5f304692cd05304b34,3306174048,0179,4,01
2025_26,0b907759cfddadc2676d686458d1a07c559d890e5b75f33e5aabf29c4e2e351c,3306174048,1709,4,01
2025_26,af057deff173124dea920906a444c5b2c4c6c37e2f2f30268ed15c55c53b6200,3306174048,0649,4,01
2025_26,7887cf073f3bd53ee24563e801537af5a5f504d6cee6545e403c61f470db4a70,3306174048,0179,8,01
2025_26,4b9045212484beaf5ff4f9e3f90e65df0abe2887cc4d6c5a592d6b00f80b36b9,3306174048,0647,4,01
2025_26,da0f53698eeb3574347e384758155cca56d7ef072b005c1f9a5926a44323af88,3306174048,0649,9,01
2025_26,2e266d5ff239c10a1a8b9b5f0d860d9a39c9ebd49de35a4f271a1248c4b14fd7,3306174048,0649,8,01
2025_26,1d31bcb25f551fcf6244c79d9618f76621792691b92239811fce1643519aac90,3306174048,0179,7,01
2025_26,c0e7999379153e1d269287dc998b1df4027e1e1da7d5b966e779e20909fa148b,3306174048,0179,7,01
2025_26,a7ce7a95f69105dac37ed079edda833e2ea4f6f9a7fe68dc9c624245f0d13f0b,3306174048,0647,6,01
2025_26,75bdde496c1d132c19a4e4a81223f54e9fa3f2b67de0b134f4862aae49fe9a84,3306174048,0657p,9,01
2025_26,f25075d5220086066691a063a7a354aa7d6abf12360ab61e34aabccaaf0c8423,3306174048,0647,3,01
2025_26,1f5e61236ae478abc64f239a596d73b6770f93f6fd73177b53a8c22ff6d2143a,3306169744,0179,10,01
2025_26,b8d3c2fa0f073f24929c89bdcef485c273d2c2f26bd3a1546edc4a1e07984b96,3306169744,0379p,9,01
2025_26,b8d3c2fa0f073f24929c89bdcef485c273d2c2f26bd3a1546edc4a1e07984b96,3306169744,0372,10,01
2025_26,dc97e11d001faf560fcfdd332bcea9ce77a96bb3e6cff98c29a3aff929df53e0,3306169744,0371,9,01
2025_26,2b582d9fbca7b9c82d7db62cbb59d7fc98b49affeec50b05634c274a03e84a83,3306169744,0370,9,01
2025_26,f01785da7bac5212fb248201f3ae61fc19674acad246c0a7a93f3a4099ae6695,3306169744,0371,7,01
2025_26,5023e9854aa02b3d436fb00301802c9480cc77bee79c8fab75c6abd4db866733,3306169744,0179,10,01
2025_26,ecda8bab5b553f3f4ac280c27e7418b1693c301554a99611eb382510df1b28ed,3306169744,0369,7,01
2025_26,63ed81bb4c902123bc989bf9cb695408a685875bcbb1c611646a69f60ad97a24,3306169744,0371,9,01
2025_26,5132140f311395bb90c39a96567a53962f24db07e6ddbbd9cc8eb114e9ce516c,3306169744,0370,8,01
2025_26,5132140f311395bb90c39a96567a53962f24db07e6ddbbd9cc8eb114e9ce516c,3306169744,0371,9,01
2025_26,5132140f311395bb90c39a96567a53962f24db07e6ddbbd9cc8eb114e9ce516c,3306169744,0369,8,01
2025_26,96eed9d1dc68d145cfdb31ffb4d9fa80c0b7c24c9f4fee70a0fa888c25e22831,3306169651,0483,8,01
2025_26,317609100b6ce9ce4f77583907b1578dc91c2ee01b308678d4125b4fafda3dfd,3306169651,0485,0,01
2025_26,3542ae54700cd06e480070de6a472768137da5473577581b88eb63c6be22ef76,3306169651,0483,7,01
2025_26,c4124b00fb930f72317c2d46aa716f692afe2e2942444d2ef1a52e57f5bc9cd0,3306169651,0485,9,01
2025_26,c4124b00fb930f72317c2d46aa716f692afe2e2942444d2ef1a52e57f5bc9cd0,3306169651,0484,9,01
2025_26,81502b77746a7e90a1473731fac1ac48bd5b41016d506ce8b3c940c51cef5c4a,3306169651,1709,6,01
2025_26,fccb98ada73c199a1f2c97687fad4157378b5f69f222f8a6090a95df5bf0ae2c,3306169651,0487,6,01
2025_26,822091bb64610fdffc78ad0538be10601f5c9ca18b1d4a19f08083ac18c8542b,3306169651,0373,3,01
2025_26,2ae85d0ad6646d4c4e28efba98d2a957028b32f8c101d9dd623a030faec023dc,3306169651,0483,8,01
2025_26,5b735f26e6f77b4ce69f0ddd5322adfca02cefb60f5f3b1150d2e19ae545df9c,3306169651,0616p,5,01
2025_26,5b735f26e6f77b4ce69f0ddd5322adfca02cefb60f5f3b1150d2e19ae545df9c,3306169651,0179,8,01
2025_26,43ce725a46ba0ecb31cfea9b5b6c941c22b9f1b6fecdbaf74454eb1092ac7577,3306169651,1709,0,01
2025_26,deeecb0b8976c33daab642b060597a975f129437a11f98aedc972e8678088108,3306169651,0487,0,01
2025_26,826391349266038923c3e20caec6cef0af39e2204a3e90eef18e827eca08570c,3306169651,0179,8,01
2025_26,826391349266038923c3e20caec6cef0af39e2204a3e90eef18e827eca08570c,3306169651,0484,8,01
2025_26,93492738c7c3194e944ef91f483afbccb5e4c091ef5619d676a3413d04d8b87c,3306169651,0483,1,01
2025_26,3fee0f2d8d9164f6781fddcbcbaa74bac3147f6db473d8e698b6561a72923e56,3306169651,0616p,9,01
2025_26,7cae0f896ff36f0012d755afc2d552983e6a4c729486688b34fb3f126e765a4d,3306169651,0616p,6,01
2025_26,1d2f19c63cc53cdb25b3d5896af53ea745918c257ed4b8213d042ebc9dc93bf3,3306169651,0179,7,01
2025_26,db237067000ca6e09e080b13aa0f8c069465d8d3e2a1f9c2cb05f576067ae13f,3306169651,0487,10,01
2025_26,ee8ceecdba3aa64670372f139d2dcf87676104524bef30ccd1a7c77606ff4906,3306169651,1709,0,01
2025_26,4aeb981a6a6a729f913c85c3b69fb6e6850a42e5d7ec38a896e147444c0cc7e2,3306169651,0485,6,01
2025_26,371d57f65d21544c1eacd29a3bfce03c28ff70f4d2f4dd551f4e35a4a4a2f39d,3306169651,0483,9,01
2025_26,c9cfbe96940988702f1916e3a0f4629e0876c7bdec39928605df2a5b824d0fef,3306169651,0484,0,01
2025_26,ef6cab817e2f5103d5224cdba786257167240ca0b3ec1c67983bb9fe70064cc7,3306169651,1709,0,01
2025_26,b933641fb3c4cefbaed7a01f1de14a86489da970e304bbedecd45f540943b8c0,3306169651,0179,0,01
2025_26,efc11e1ad05f0894e0e1878ea0fa27690fa464c0fb0a32283e74fe8f2516f7e0,3306169651,0485,1,01
2025_26,f7922319cb0cd36b9128286223df7f163a72308d740d032141ab3235f1335b79,3306169651,0483,0,01
2025_26,08334713821fc607619b962b682d4c51a10da81782aa9afab7c1c0a286cb8b5b,3306169651,0487,0,01
2025_26,7fc58a72092e2dc3a445c82979a1090d6a6ee0f59cdf3356b35aa81abefdfc1f,3306169651,0179,8,01
2025_26,ce045cfc530be71fe755bf0a6c018039ddf4d5cb15c342bba6cd8ff4ad4b517b,3306169593,0225,6,01
2025_26,65dd2a914e473a6f5a4fe6d55d59a1adbe87f5e83563009ab7cc6a2d233499ee,3306169593,0222,0,01
2025_26,7e1ed3a8ba93f83dfd8213116565285a9f44d73cb846cd2fda7e8d84c3e21634,3306169593,0222,0,01
2025_26,26b36a7a83a944789a57096aa71471ac90c405052886d56b9402d3568883b350,3306169593,0225,0,01
2025_26,71a3ab9ce36415bce23285e1075b5fa4825143da6a98f2418953e85b7a849a4b,3306169593,0222,8,01
2025_26,59c699fa25069387fef2adc86da1c68366a9797e0d40d3d734725f0079715bea,3306169593,0222,3,01
2025_26,564fdfb0dbed48f2553890b73f56423148084a5bd88d27fe0186a496b854acd8,3306169593,0221,0,01
2025_26,517882b129db5b3576f788d07cfc20cb6ceddc08d55560d5ba72c532776a994d,3306169593,0222,0,01
2025_26,15863fc7fde487861197fce158abdeb3bf1bec6673200d901193aa05205d4484,3306169593,0225,0,01
2025_26,6595bc3d5ccb32c09b5227f7d96f3e7c870795abe37443fb13e3a9b09f664645,3306169593,0156,9,01
2025_26,f47280db65398776afc9da1107a7605cb7a201df40e0109a0a18509c3e8430b2,3306169593,0221,8,01
2025_26,d6b684fac33c8112a4a40df824bbcce34385cc1ec713c73beb931d16837ec020,3306169593,0223,9,01
2025_26,098b2ef6969a0f0c66979e7379318025519424d473cb778988c74fe046ac852c,3306169593,1709,8,01
2025_26,08b4e716be694a0d06d911f2c82f4be6636505a5b58febca8ab364021dbfc10f,3306169593,0222,7,01
2025_26,b2666dbaef1c64e54dea760df64e057594880a6647a7ea6f5b85923c0b0a3d57,3306169593,0156,10,01
2025_26,5a55151d75c2047df3433f92a6e3482a166f2af11a8aa2841965ec85a942972d,3306169593,0221,6,01
2025_26,3272e0ba26c370c4425d1c133230690d9ab8636361c7c7138e84b8abfe3bc2a9,3306169593,0221,3,01
2025_26,f815127661d6f87d2032bac4c55120edcd952489dc1f8de4497dc9ee12339a51,3306169593,1709,0,01
2025_26,f815127661d6f87d2032bac4c55120edcd952489dc1f8de4497dc9ee12339a51,3306169593,0156,0,01
2025_26,397620bbb61beef4fc5682dbe236e1b07f50b459709b28ae7a901be909410374,3306169591,1664190,7,01
2025_26,3c9480648c862cce6802c831efd1c1660c993c26fd1dd6074fb64e269a276553,3306169591,0227,10,01
2025_26,cbb720b6857bb3d96bfca740ea7c94ad75ff5a6aa911d15f5a3610f1f187216d,3306169591,1713707,6,01
2025_26,1e42ada0b2318cf8bc4389f9dc81952b5494142aca0971d0c524e20bea7461a2,3306169591,1713707,3,01
2025_26,972661a5ded9b351208d3e9d46c91f13f8b0f21cc39df20e321d725890e177b9,3306169591,0224,9,01
2025_26,55065ac001cc44138a2be476c6f71a186d58c7e63b673c5d634a4ccf6cba9fea,3306169591,0224,9,01
2025_26,6b8553049bad85c165181a7a09dbef3bf8a9f818ef899b9060bd4a1071bdead9,3306169591,1713707,5,01
2025_26,3427aab0bbced6f91552419e1f42eaf7e2cef6bf5a8c1707cf1c2abf5422e987,3306169591,CVOPT,8,01
2025_26,3427aab0bbced6f91552419e1f42eaf7e2cef6bf5a8c1707cf1c2abf5422e987,3306169591,1710,9,01
2025_26,b8590c9158241ef9e50c6e2869590385492e89dc85527e39fa482066ca2a2d73,3306169751,0377,7,01
2025_26,2f3b973e2c58e5e89b6cf7408df34a45b0a3182aa3ec727bdb0d513622a443d6,3306169751,1665190,10,01
2025_26,34891adaac5a043d44f3d15d546540da0039886c4e4a9657c88ebdbd1fb2c275,3306169751,0375,8,01
2025_26,34891adaac5a043d44f3d15d546540da0039886c4e4a9657c88ebdbd1fb2c275,3306169751,0376,10,01
2025_26,5872c3e58784ceb438cc562ea71874e41536dc38240bd7045fbef87586fae298,3306169751,1708190,10,01
2025_26,f1520e95b298e1cc0b3942f1f72175760424a5ea017a91c29ed982bbe1cde3b4,3306169751,1708190,8,01
2025_26,486a3babd9dfb2bca9d288c58c57225f9296ce86eac7a10abcdf48057c728a96,3306169751,0379s,8,01
2025_26,3dca1d5c2e19668ebb8647603a0ab65fff7988f0bb37c078d6cbe5e9688b42b6,3306169751,0377,8,01
2025_26,3dca1d5c2e19668ebb8647603a0ab65fff7988f0bb37c078d6cbe5e9688b42b6,3306169751,0374,4,01
2025_26,18b4aa34646e373e0d227c0db5d8e42992ae5fc0b477267e9f38fc6fa0db5afd,3306169751,1665190,10,01
2025_26,18b4aa34646e373e0d227c0db5d8e42992ae5fc0b477267e9f38fc6fa0db5afd,3306169751,0375,7,01
2025_26,18b4aa34646e373e0d227c0db5d8e42992ae5fc0b477267e9f38fc6fa0db5afd,3306169751,0376,8,01
2025_26,6569a81d2cb8baf0f76c2f36b1318d216b9a052f89fa5416620bb0df30996500,3306169751,0379s,8,01
2025_26,b4762867c3406253055e231d10983787abce3b2952fe6c121446ab0feec5a447,3306169658,1708190,0,01
2025_26,b4762867c3406253055e231d10983787abce3b2952fe6c121446ab0feec5a447,3306169658,0613,0,01
2025_26,56123c5daf65aff67ba55ae7d2bb9a58bddfb5a0e0e07b1fed49efdfcf208a75,3306169658,0612,9,01
2025_26,ee29b13c0682d2c9d4550e33452944e6982b8e8198b2841e1fa30164a1b9ec71,3306169658,1708190,8,01
2025_26,7583f648a5c0fe3aac388c64097ed996e8f085163d129b68572ca9035f215d7a,3306169658,0614,4,01
2025_26,7583f648a5c0fe3aac388c64097ed996e8f085163d129b68572ca9035f215d7a,3306169658,0613,5,01
2025_26,bebbe6728733d38d65a0d2bf234b8573ea9a2a7b3cb15d4ff31f3251cb00e76a,3306169658,CVOPT,8,01
2025_26,ead8d9329a3a47f3b1c79a0f10473bd4ffe9609692298c9e807563b88f29fa2a,3306169658,1665190,9,01
2025_26,ead8d9329a3a47f3b1c79a0f10473bd4ffe9609692298c9e807563b88f29fa2a,3306169658,0615,2,01
2025_26,ead8d9329a3a47f3b1c79a0f10473bd4ffe9609692298c9e807563b88f29fa2a,3306169658,0612,1,01
2025_26,ead8d9329a3a47f3b1c79a0f10473bd4ffe9609692298c9e807563b88f29fa2a,3306169658,1710,6,01
2025_26,e3f55fc31ce2712635ef445b4be7f353b8a183b48ccc80638dae2ee349852a82,3306169658,0614,6,01
2025_26,f45aff09ab6f9c05fbb7dc5f9ae7a4b9b1c9ba197cf2cf85a93cccfe99a5a1bd,3306169658,0615,3,01
2025_26,f6458d55d1e6e6e12668bec18ae36d5d274d11121e8fabb071e6c048319d0ffa,3306170617,CVOPT,9,01
2025_26,f6458d55d1e6e6e12668bec18ae36d5d274d11121e8fabb071e6c048319d0ffa,3306170617,1374,6,01
2025_26,4809cb4342e17cbd1cb864924d77094d6f16c0f734dcdc4ee5dcbe0464b25252,3306170617,CVOPT,8,01
2025_26,bad52ec410ef9ce0051f70ec5c38daf52646cb8007be67b3fe41a946a1fca973,3306170617,1665061,10,01
2025_26,bad52ec410ef9ce0051f70ec5c38daf52646cb8007be67b3fe41a946a1fca973,3306170617,1375s,10,01
2025_26,f24a68675bc961e6515b38d660f58aa2ab1956394f1f866a86067dfcbc24d907,3306170617,1665061,6,01
2025_26,f24a68675bc961e6515b38d660f58aa2ab1956394f1f866a86067dfcbc24d907,3306170617,1373,8,01
2025_26,3f037844a9647d20e5f72d1fa8d954c918b3db8d2106c9866757a01d41f5954b,3306170617,1374,10,01
2025_26,be9c72347a884f358f08b2f0c6f629479c16c8bdc7b817ef09cfaa9946c1f609,3306170617,1372,4,01
2025_26,d8c9f520e910796788523b36ff465e7d3167a736f96e0b230362aace73941a2e,3306170617,1708061,10,01
2025_26,ba8f7ea03669b6f608dd446d6e1b60983b93b3d6aea2ea4e17b6b43b25236914,3306170617,1373,7,01
2025_26,26fbf179f16297cb979067633c4ef2fe0ed66a62036a368e306d8fd7163b19ef,3306170617,1371,9,01
2025_26,26fbf179f16297cb979067633c4ef2fe0ed66a62036a368e306d8fd7163b19ef,3306170617,1373,9,01
2025_26,23f72a570e8d01479c0d9ebacf5471421ce8652915584368def9cf2b5bda320e,3306170617,1375s,5,01
2025_26,cb75aa59969b33eb3565b054b705aa6d51301fa2ad2b215b6e327a5198841d4a,3306170617,1373,8,01
2025_26,615b692a42042fbca24c874fcde9bfd1a7e6633e68af55a2454d70442d2eb202,3306170617,1371,9,01
2025_26,df514e09fa707c221ba8573c11454fdce911dba3441ca71c615437c130d6defe,3306170617,1371,7,01
2025_26,56e107d5499404c540be1a0a6f5a3b8dc90fe1996a17d74f921f8f0eb6f67aa9,3306170617,CVOPT,10,01
2025_26,78d715824defdc31dc8a6cacb87d510ad35387fae7f39291fc8dc95af65248ca,3306170617,1374,5,01
2025_26,f8ec17a695b6b88c35d54d0a4977cd92a48f6ae835ca0a46bb9ce94068400306,3306170617,1708061,10,01
2025_26,f8ec17a695b6b88c35d54d0a4977cd92a48f6ae835ca0a46bb9ce94068400306,3306170617,1375s,5,01
2025_26,e05c52d1293d0cdd11cd1b64e99622b55ea751e9a3baa3977dee2c301c71b00a,3306170617,1373,9,01
2025_26,e05c52d1293d0cdd11cd1b64e99622b55ea751e9a3baa3977dee2c301c71b00a,3306170617,1710,10,01
2025_26,9b5bba959f4148a97cef7db6b47d8b0005c4b2431d53c21492be4c3fa34e83cc,3306170617,1665061,9,01
2025_26,f1a7a595289c28e8614c14feaded8bf8242c3e102a4fc8006cdc584d23b63952,3306170617,1371,8,01
2025_26,01e96e74b169d9aaab00add750e530fc0c693a31cc53d1072f52917694c87408,3306170617,1372,6,01
2025_26,00cd633df05eb2b09eba521d31d4fb6c94bbc7c3e9669029562055d710110496,3306170617,1372,9,01
2025_26,00cd633df05eb2b09eba521d31d4fb6c94bbc7c3e9669029562055d710110496,3306170617,1710,8,01
2025_26,7b93ffde8b50bbf7be6884b4dcec62562e1b4194a0d484ca424ccc0d268ad043,3306170617,1373,8,01
2025_26,e8486e1a2d14386349a57a043fa682d617eb229cdc6554d1268e98c1e57caf52,3306170617,1373,9,01
2025_26,f1ee0488df612eb8efddc259b60bed37e930b0cf6ac0a0d59a638baf63e0e963,3306170617,1665061,6,01
2025_26,b7f57d1a9d04a3e6007ef528923e74c6a7c626f96332ca150312fd2d1c516728,3306173995,CVOPT,9,01
2025_26,12c88ccd3604c160e06b29326cd06a27f76e3d6434bdf6dea1d9ab2c9a54513a,3306173995,0443,5,01
2025_26,72b104dd5719c53f8579320c4d908b5b707a00397e5c6e11d246c9c8aca973cf,3306173995,0443,9,01
2025_26,72b104dd5719c53f8579320c4d908b5b707a00397e5c6e11d246c9c8aca973cf,3306173995,1710,9,01
2025_26,613b7d5c2a37c56e7764e7423d73381c43e4a53da28c97e7f192add8001b5e8a,3306173995,0443,9,01
2025_26,613b7d5c2a37c56e7764e7423d73381c43e4a53da28c97e7f192add8001b5e8a,3306173995,0448,8,01
2025_26,c1cb32b4131ca04b24d6978afba8257dbdcaeaa44bacac476447b76bedb2e2c8,3306173995,0448,8,01
2025_26,b39d3e2225b94e54b2c7b93c071ae0b0e318488da8e38a37001fb5f90221cc57,3306173995,0443,9,01
2025_26,2bed8b63d7fc93d4354293e63f943b3d3ffdaa368162ed737662782454b565bf,3306173995,1664001,10,01
2025_26,77952da7dfbc104e59c48b90503f35af9294a28d9cfa4f2bca5ed7eda5654ee5,3306173995,1708001,8,01
2025_26,2e66a6f71652815fe5a551e62767c77769ebdfc8e978525ae9c8055e6326a7f2,3306173995,1708001,9,01
2025_26,07503cfa68ced971a764825e66979cae15cd24caad7f78094fb5d7e81656a3c0,3306173995,1664001,9,01
2025_26,4e6a9ddf2a03b43755f14b59e9664e7b0e7f9703c0d40a6163564efeb033070d,3306173995,0443,3,01
2025_26,4e6a9ddf2a03b43755f14b59e9664e7b0e7f9703c0d40a6163564efeb033070d,3306173995,0448,4,01
2025_26,2fd2849e253ffeb93882260f25dff541d5f5050507f5d467d6a8aeff756aaa4c,3306173995,0448,4,01
2025_26,7239bc90b0c510c6aa59291aba3bd356efd538a20fcfd33b5c9f366802a52583,3306173995,0448,3,01
2025_26,16a98646b82b2dbd549249b157b770cb209a408ef0a4d03f22a48752b4fc7816,3306173995,1664001,9,01
2025_26,16a98646b82b2dbd549249b157b770cb209a408ef0a4d03f22a48752b4fc7816,3306173995,0443,8,01
2025_26,9fda87fd660d386ce9adb61f4876c165c2abdcff7044e5b7604f8579dd766ca3,3306173995,1713472,3,01
2025_26,9fda87fd660d386ce9adb61f4876c165c2abdcff7044e5b7604f8579dd766ca3,3306173995,1708001,8,01
2025_26,4d933911ec67fab83b1ff1b5dadac814e1ae898a283e160cc491fbd342971b45,3306174046,1710,3,01
2025_26,33080c2143f96f4f9f6d0f176ef6d1d87a3c61b0cbb6ceb05d67d3cbfce0671a,3306174046,1708001,5,01
2025_26,33080c2143f96f4f9f6d0f176ef6d1d87a3c61b0cbb6ceb05d67d3cbfce0671a,3306174046,0655,5,01
2025_26,a93c361f43102379e16c7e4e48c0e7cc3863a05b2e58f0592632b5791da0bf6e,3306174046,0656,7,01
2025_26,5f1fc32d6bf54a01dde61ab010daf07ed029afca5be0daca90eb4d9fa3c9475e,3306174046,0652,8,01
2025_26,09df3749b33c5e50c10d4bd62f7f25f8935679e00ebc243c9348c5e5eae87b95,3306174046,1708001,6,01
2025_26,a87559877bb04d535bdb35adfbc31ba61dafe1d317623db6107544a20fd39369,3306174046,1665001,3,01
2025_26,b62e2f0d9a44280c59ea52b9f938ef252ff323f431ade972979add08b0b783c4,3306174046,1665001,9,01
2025_26,dbde61117f82c3f18ba4229558f81c8ae2d36e4ae4ee771d798606cce794fcfc,3306174046,0656,7,01
2025_26,7b9e0f274b0f9d4241a20cdb01cc52ffe9042b1646224e2c922517f7b8e20f79,3306172060,1228,5,01
2025_26,e8f0a240355191b2daff2e573c7edcf73285557b9f2ce69fe50f7c3e800d489d,3306172060,1227,6,01
2025_26,e8f0a240355191b2daff2e573c7edcf73285557b9f2ce69fe50f7c3e800d489d,3306172060,1228,5,01
2025_26,118ee637d91088196e5ccb982f9455c5d3a14a0d17b92b7b8435c6ad5f4f1f96,3306172060,1228,8,01
2025_26,73c09fe9cee7a2b51013fc4723575d73584b5177d5088389f595986754cd5304,3306172060,1710,6,01
2025_26,5c776c52f2ad140614ec800e3fa5de188a5606700c15cdc0a08bba66a48a17cc,3306172060,1230,8,01
2025_26,9d8befe021a31ed9d6639e6b6dc77d0541ca338e8e032e9137947eb6e5632efa,3306172060,1235,5,01
2025_26,776d572764ff42c9157da1eb15e1df4ea0d1f080a43d821bd85c4a456b2ae47f,3306172060,1664020,7,01
2025_26,776d572764ff42c9157da1eb15e1df4ea0d1f080a43d821bd85c4a456b2ae47f,3306172060,1710,8,01
2025_26,31e50edfbf662ab9e584909431c51b4e7d6deed1e2c74a78061ec9a58c3f47cd,3306172060,1713925,5,01
2025_26,e773b48cdd73183ec7055140222e7d2b309dc3275732be2e6d891795be8ce223,3306172060,1708020,8,01
2025_26,a973d545d119fd034f5a346c8a5212ac54a7aaf59f97fe0a52de38bcdb2e8b29,3306172060,1228,7,01
2025_26,a973d545d119fd034f5a346c8a5212ac54a7aaf59f97fe0a52de38bcdb2e8b29,3306172060,1230,8,01
2025_26,8f00023f27a98d52ed9a1f1de2bcdc5a1ae71052cebb74e19eea9d92bd02ffbe,3306172060,CVOPT,9,01
2025_26,6e8a2bf0a06ba8011fb9654d9e95ab9f4bedc01519a234d06a5b692f31023915,3306172060,1235,5,01
2025_26,af13b1e047cc871852ff8c50af4ec5448ebf57eb43ab0a5f946dd4bb22d2246a,3306172133,CVOPT,4,01
2025_26,af13b1e047cc871852ff8c50af4ec5448ebf57eb43ab0a5f946dd4bb22d2246a,3306172133,1708020,6,01
2025_26,bea9be527b1b7fbda4923f07edaed2f75276ad1191fbb9e2064c0e22b8905eb0,3306172133,1665020,7,01
2025_26,b6946ff8d85eee2504e1044d1faa355bd5549eff5f2d318025b581ad6be24ed4,3306172133,1710,10,01
2025_26,9f6df2a01eb0cd47b19d211cf1e645e7ad84ce895f249236440b1f4a4896ae7e,3306172133,0824,7,01
2025_26,747fba7693508896e573474d215d7d6c251d9d4d7c121bd14518a76e5ecea2f4,3306172133,0828s,9,01
2025_26,4b1f4157d94a8428e3c2239db5596635e28c864de1461cdb75ed48981a0538aa,3306172133,1665020,6,01
2025_26,e6388bf6df50cc83d15525c7b8d9b0b169927ca47da3306cbb5f331f9529a460,3306172133,1708020,4,01
2025_26,77e403a6901bc2fc86de730faec36f305ace8095795f811af5ca544611b29d3b,3306172133,1710,8,01
2025_26,d99696ac7399f9b7c7d23393943d9c321015b9b768cc1bd628dceb80aad5221d,3306172133,1710,8,01
2025_26,4da51a862191fa00559c5883592b1b7ed8c8075bf9349428067e86fe1a991f05,3306172133,1708020,8,01
2025_26,6c6277232e2cc6ec6dcbc11a604eee0f707d2720ff98e52a6b83033f3a50af33,3306172165,1708020,6,01
2025_26,362a6754483125d335aa747a3631172731d1707ae50efe4bebf613546f0c5a4e,3306172165,1110,7,01
2025_26,4fa33e61b4eb9ed69b12f6adcd6110318f36a4d30781964c40d42a086c3ab0cb,3306172165,1012s,9,01
2025_26,4fa33e61b4eb9ed69b12f6adcd6110318f36a4d30781964c40d42a086c3ab0cb,3306172165,1007,7,01
2025_26,89cf0a66566c86c99a42d9fdcdcd36680b6a1cf332cb79b1827e92532d2e9f40,3306172165,1009,7,01
2025_26,35bd981afa9407ae8bc274a0955391a7a57f30ac357a6b90d04c85cc7b7cd921,3306172165,1665020,9,01
2025_26,40df7244c17d1f35ad1bcb47e3820f87226697e8bbd8d79383bc2cfdf77b0ec5,3306172165,1008,8,01
2025_26,7283b898d94bcb71dd4883a04bd05fc0a9931b719946ebebbea7b83723773460,3306172165,CVOPT,9,01
2025_26,7283b898d94bcb71dd4883a04bd05fc0a9931b719946ebebbea7b83723773460,3306172165,1009,7,01
2025_26,7283b898d94bcb71dd4883a04bd05fc0a9931b719946ebebbea7b83723773460,3306172165,1011,6,01
2025_26,34a85fa256424c26834edefed25024b96dcf5af2e040dd4ea080cad20a31d45a,3306172165,1708020,7,01
2025_26,1cb1280ee0aa3f42ca66c3d1f51d9671e4c46d2abe933543cc4c4b95134071ac,3306172165,1665020,8,01
2025_26,c646a2df3c29b8de72b91dfdb20afda82fa2563ccea2144990a2d6f67cac2d36,3306172165,CVOPT,9,01
2025_26,63b2019f4a54cf6a7ebd381d87fc6396900b930a788c622ba2966ab9a8b0f87d,3306172165,1665020,9,01
2025_26,2c01a6c4817fa6f5afe9dfec0380f37c72859b57e1e72f6ccdb289de0a0c40f3,3306172165,1109,7,01
2025_26,8a0a44ffb2baf1c087924d37d0a767c7ba9ada2bf745620fcf98484b37216bae,3306172330,CVOPT,7,01
2025_26,8a0a44ffb2baf1c087924d37d0a767c7ba9ada2bf745620fcf98484b37216bae,3306172330,0180,9,01
2025_26,bc12ba4a1e0744bf0ad86028f479ed024620c3e3a9df29da836ed8770fd65e3b,3306172330,0400s,8,01
2025_26,bc12ba4a1e0744bf0ad86028f479ed024620c3e3a9df29da836ed8770fd65e3b,3306172330,0180,4,01
2025_26,b22633b0d8057984e3f6c64bdf2ffb4e910d02f6f66f35e26c773dfde01fc2bb,3306172330,0180,8,01
2025_26,e179147e1e9f1da10690bad75cdd5125980853fc7e17982c06a8267b6fb80907,3306172330,1708039,10,01
2025_26,4be6fceacd848015b94864995fe0e2b9f2fdf6bbe183ca66d9d23d607b03ecff,3306172330,1708039,8,01
2025_26,3bb91f2d1c74f2d8bf89d734ec8f6884aab423a161e398a553e0809b0bddbc8d,3306172330,0399,9,01
2025_26,5b552cc9e92c004054eab2aaf9286d412df9c39919f6f980371192bd0b400192,3306172330,0398,4,01
2025_26,3e0cfb63a0f2284de35bca6fb6f60faf4c1539090dc5bd78f2a7826806b04ec0,3306172330,1708039,10,01
2025_26,c73bed8dd2bb5ad1102d3ab77c54d4ad4f1d32ace3fd9cca9f9139194cc08c80,3306172330,1708039,8,01
2025_26,c73bed8dd2bb5ad1102d3ab77c54d4ad4f1d32ace3fd9cca9f9139194cc08c80,3306172330,0398,4,01
2025_26,acf7ac0981ae9815fff3fb4a9202a4921d21d1975a6eb94f4978ebc9c17493f8,3306172330,0400s,5,01
2025_26,acf7ac0981ae9815fff3fb4a9202a4921d21d1975a6eb94f4978ebc9c17493f8,3306172330,0397,4,01
2025_26,dc5939cc7312ae42f5413593ef2fc78f9613c7b37df39b22ba0ef86979c7ef90,3306172482,0178,10,01
2025_26,153ceff39f1d07c4a91c56738c822cb378b29b87cc3e7b5778bfe87078585b1b,3306172482,CVOPT,8,01
2025_26,153ceff39f1d07c4a91c56738c822cb378b29b87cc3e7b5778bfe87078585b1b,3306172482,0180,3,01
2025_26,5eb561428ece52d4d029369904d44732faf5a12da6093086ea923b8adf461a86,3306172410,0386,8,01
2025_26,109e2f4131443cb7c6ed2280187dbbb24a6d42e28648d3beed6c8b15109cd446,3306172410,0386,9,01
2025_26,08b8f3ab23205e730331294cdb8ddf0c55f3a3484b6dfffa3d4cc9d8af7c9e8b,3306172410,0180,8,01
2025_26,08b8f3ab23205e730331294cdb8ddf0c55f3a3484b6dfffa3d4cc9d8af7c9e8b,3306172410,1710,6,01
2025_26,6b0ede0d0b600169c8f6d3c4c052c571f3c113382679d872bcdb5aaf057a445b,3306172410,1710,7,01
2025_26,7cd31ea1c2ca0a607526ca96138dc61627afbc6fd52ecbcf0257f3b7cd310360,3306172410,1665039,5,01
2025_26,b1da45ca137b661d744f20870e7c8de3a5d9a5cdfc04bc53e0c079a282d15d4d,3306172410,1665039,9,01
2025_26,73604c4070d76bd0ecd73856b8cd6b9355187e07f9cc8c618cd8d82855418516,3306172410,CVOPT,9,01
2025_26,9debc5f8bb923c70db668d08a54a20846a9610b4dc47f242e1693d955305a86a,3306170521,028503,8,01
2025_26,7db971b21cf92c7681b1a9d04220b8b08bd1d2f48585bd60dfe0f4d239864a73,3306170521,028503,0,01
2025_26,615b8b995f6715768e1c09bca23c6b48cf9ed11e76d5b3864386824d05b3cba2,3306170521,028502,7,01
2025_26,e3af526660ab413757281d31e85dec5f4e58c4ff50f16d44b4859194106261be,3306170521,028504,7,01
2025_26,bc63bf21b52db90a0da34d3f79dfa25e1ba82950378031faa3b863b7a8bced18,3306170521,028503,4,01
2025_26,beba00d30aaf3bae44d4aa78ff198db84a86c216d66e1f19e13e223e743c2ca7,3306170521,028001,8,01
2025_26,841556b45573535d207de38deb5f147cc2c2c84a44b014bf492e71b270c85314,3306170521,028505,9,01
2025_26,3ead738ae5596b1e8aca6f0a3a3a6f570d1fd7d8e4bd553aea161646401eeef6,3306170521,028501,2,01
2025_26,9153d6f39429dbf290fa465d00b0b75c2aa60a41839986aea1c2f522a204b866,3306170521,028100,5,01
2025_26,30dd42cf7eb51a6cdeb50a7d54266291a28ca7e8b2d69b05c6be759cc16c95cc,3306170521,028504,6,01
2025_26,30dd42cf7eb51a6cdeb50a7d54266291a28ca7e8b2d69b05c6be759cc16c95cc,3306170521,028501,7,01
2025_26,d57dc88c994c938482d72c8c646e56918f28603f6190a415326e7291f29974ec,3306170521,028001,9,01
2025_26,ee46f10a1c817b275f8092b93986aa4da6fa5cb4c1632329c5280944d66b15a5,3306170521,028503,7,01
2025_26,f56a6243dafb4e0eeda5be7ce3bb96877360006b836a9c73462e4a8080b73559,3306170521,028503,0,01
2025_26,f56a6243dafb4e0eeda5be7ce3bb96877360006b836a9c73462e4a8080b73559,3306170521,028501,0,01
2025_26,348143a311d44e189eefe967c501c6b2cd09cccad68f3cc26a30bfa56c595a7f,3306170521,028505,4,01
2025_26,7cbda138d8b81070feb23c7616f93d99969784e71aed6ee706b61955d46a05b9,3306170521,028503,4,01
2025_26,10e3725bc98af10f6ee6e7202a5139eea1afa879b9ffa61238f5619751598943,3306170521,028502,6,01
2025_26,0d7c13979908103b1d7d8168996c4238bb04455e573468238311bee7b0f968ba,3306170521,028502,0,01
2025_26,87befead417eaf7598a221e90c22a4d9b8155dae7efdd7d6019f923f186fc82f,3306170521,028505,4,01
2025_26,50ec56870037feb78709050eef1709ccff77643731fb28ceb370f7ed0373150f,3306170521,028504,0,01
2025_26,50ec56870037feb78709050eef1709ccff77643731fb28ceb370f7ed0373150f,3306170521,028505,0,01
2025_26,6a5b10b841d4d0442e3bbaeed458ae36a560666c104fdd660cf35ddab6f1c183,3306170521,028504,6,01
2025_26,b25ea42b8fc14bd6e9ef389f79b2d0fa7e6b578949776c63c0ba827a5c21e27b,3306170521,028502,10,01
2025_26,b25ea42b8fc14bd6e9ef389f79b2d0fa7e6b578949776c63c0ba827a5c21e27b,3306170521,028501,7,01
2025_26,2d72f2453f670d755fe9cb074194ce16dc7cba3b86637b21b0b87b34c661a25e,3306170521,028503,0,01
2025_26,2d72f2453f670d755fe9cb074194ce16dc7cba3b86637b21b0b87b34c661a25e,3306170521,028100,0,01
2025_26,f85195aef3e0186ddeb86a45974480680c5f311636ad524d129228a6dd6fb873,3306170521,028502,8,01
2025_26,163f3413dea946a35d84914fe54c2e3b0b6bce79c16800a0c7203895dd30868a,3306170521,028504,7,01
2025_26,163f3413dea946a35d84914fe54c2e3b0b6bce79c16800a0c7203895dd30868a,3306170521,028001,9,01
2025_26,bcb816fd50a5ac70ae307d68f8050458cb16a010e2d56ddabba9b6b9ed7a797d,3306170521,028505,4,01
2025_26,3b245c6e790c610679e4ca0213dcb0f43b00ee3a0400e325630c8440ca168ca7,3306170521,028505,2,01
2025_26,14b24882d87c7bfa16878f14d8288e45431bfba2dd34f19cb46f3e613f6197f9,3306170521,028100,9,01
2025_26,98d9213f705ab8b2f6291e2c25c5af23def7f55fc899f5dd9b65c84ad120f603,3306170521,028001,10,01
2025_26,186abf87a350419f70914aa6a7328eb8de89b3bf888d0ef26919b2a1a114a915,3306170521,028501,8,01
2025_26,115f95f994847ad1a62a2cb1fa9ce17f40f39cc4c4b182aebb853810bb938cfb,3306170521,028504,8,01
2025_26,115f95f994847ad1a62a2cb1fa9ce17f40f39cc4c4b182aebb853810bb938cfb,3306170521,028100,8,01
2025_26,ec12eb45409f9db1df1ba9b7013dd20eaedea031c7deb10ca6b858587e121003,3306170521,028503,4,01
2025_26,67a9be4b2e282f333bfaece21b461c7741b7c8c09a5d238592243f4a945632ba,3306170521,028504,9,01
2025_26,a637be37e4c089e89341a092cbca97996ab1827967a7474345035dd046fef8fe,3306170521,028502,9,01
2025_26,a637be37e4c089e89341a092cbca97996ab1827967a7474345035dd046fef8fe,3306170521,028505,7,01
2025_26,34410ec48d67cc6836e5d055b157716c0866ee75ced23f0b3b0ef37d1278f73d,3306170521,028001,4,01
2025_26,016926cd0804d57fe183f553db2ebf142155501abc059e0436729e464f04f409,3306170619,1368,0,01
2025_26,1f3c5cbbebbae4bb3b3d635f05c4b39bb1a693775f681cdd6dd304931a3671ab,3306170619,0179,5,01
2025_26,d3baf49f1de65e68ceb8817093bad0208535f89e4d95e280474673f798b79600,3306170619,1368,9,01
2025_26,79db9180189dc395a91381b07f6305d49f650def623257e3e4f0980cf0b95bb9,3306170619,1375p,10,01
2025_26,3b78022f36e9e8bd27b66d3ad21d730880c105a69952d4a13673150a2d73e968,3306170619,1368,6,01
2025_26,baad4bf50eb7612b75945283bb6ae8ceaec189327c73bdaac26839d8c40b9a4a,3306170619,1367,8,01
2025_26,baad4bf50eb7612b75945283bb6ae8ceaec189327c73bdaac26839d8c40b9a4a,3306170619,1368,7,01
2025_26,1831a86e23110dcc1146c78f19153573b9f9e7d93dc918316085362c1a7c4897,3306170619,1368,0,01
2025_26,8fff600bed16552a8a44af2bc446cd5a18fd59999a7d9cb361c29d69c7f00016,3306170619,1369,8,01
2025_26,0d5b5b2d036d44955d1754f745ec7d3776ab024adc77a6794fd0ce6221ad57f3,3306170619,1369,7,01
2025_26,d2ad385152055962f2d99bbc16a1c3325852dd3db06ac97c60b48cab21840f31,3306170619,1709,4,01
2025_26,33c6e4c027f63adb60292d14cbde392baa44d6704eb1a1dca58e64b58ad4e038,3306170619,1709,8,01
2025_26,9ec5811c3c02cbda791ecb3d6745e24a4a06d4f994840e114108177f51e0262b,3306170619,0179,6,01
2025_26,76879a9c2b070ca3e877bb93c604134e0e68e5abd971dbc1a537683aea4004e8,3306170619,1369,4,01
2025_26,3d218338f01dd05245671842b3efcab28d379ba633cee6d960201f547fa1310a,3306170619,1367,7,01
2025_26,505ed976440916bff7e1aa09a0fab31b779cb21617e49c4abb2e5a70aee7dddb,3306170619,1370,3,01
2025_26,2df9d463129e4d05e3f33b2c232c18b367b30c21d40eaaa2ca09e9ef22aa148a,3306170619,1369,8,01
2025_26,d81ef893d1f7cba006a3cb892c2c23c295f9245dfd7dd68ccd4a376637f16095,3306170619,1368,4,01
2025_26,d81ef893d1f7cba006a3cb892c2c23c295f9245dfd7dd68ccd4a376637f16095,3306170619,1369,6,01
2025_26,ec4fa9fbcaa6765193a4c8804c21ab63a15f31794a78bbd94af78f7d7e9c568c,3306170619,1368,4,01
2025_26,0f43ed258bd1ed44c2f16fd9adbed7052398fae62027cef6c18285515b932ecb,3306170619,0179,7,01
2025_26,219685fa6e26474d80e774aa6c64dc6c6fd2f3134cdda1f30b74067b6b4dd77c,3306170619,1369,8,01
2025_26,cc7f0e8de5c71ad10c99beada05214d476643738a834b1136de10fde808f0b3b,3306170619,1375p,9,01
2025_26,6167c9d27cb91387d6784af48213ea4c8299fe1efd32d547e5828e7cb52f5cdc,3306170619,0179,6,01
2025_26,586ab46864d00f1267ea22a38dc946bba5304ff52a110c87b950521b3361cc8d,3306170619,0179,7,01
2025_26,4185e8fe0cfb70268ed5764912dfff02a1816d6f05e98bf1b993d62e75538432,3306170619,1367,9,01
2025_26,577fa898f066a5081c7b314e264d90bac7c5b5bb295b64a6d60e183584cc6b86,3306172484,1709,6,01
2025_26,e53c12bd1cedcd149cf322b6d80b43f41f636bec285583f1d615693c1afb884e,3306172484,0179,7,01
2025_26,b437954538af098ea4779c88684b9d3cb8c3f2c8cd8ea5b75d5ef72c16aaad90,3306172484,0179,1,01
2025_26,19bde2654221ed68dbe749f75cdd118ccb641becb894042f75dc25923fbafb04,3306172484,0179,0,01
2025_26,bb04a9e420b4e2f2e8b01c8dd56cd689cbfd5c54c457ba20c9229edf8c6c5a2e,3306172484,0179,6,01
2025_26,001b13a7ccd54646deda0e2336a737d10cb14c55e95f229b72b745a8c1783a8e,3306172484,1709,0,01
2025_26,860a875d52ff463fda2b259dccb9fd6408ad5fa250fb6bd4baa139fed5df1282,3306172484,0173,5,01
2025_26,a2851ce55df13f85f4b927d9efa11f3de6d85ef12d7b096542696a2c6cf7a690,3306172484,0173,0,01
2025_26,179bcb47efa07209af941aa93953a39bf55a67078269246da2014a4f9330fd65,3306172484,1709,0,01
2025_26,279330d1c898d3403380adbed34c26392439ddd009daecea4254428506a7db2c,3306172484,0174,0,01
2025_26,0a72cbedd41d9a956009a377a9f91bdafa4a6797f0d9aa8c3108872360a96a09,3306172484,1709,6,01
2025_26,0a72cbedd41d9a956009a377a9f91bdafa4a6797f0d9aa8c3108872360a96a09,3306172484,0173,6,01
2025_26,ea31583863c7fc4338528d0394c79257e05a8bbe958e6d6d80c17c6f9ecde530,3306172484,0173,8,01
2025_26,ebad8964334ada3832e40e8251227c7e222329bf524b8f374df16309028cb1a0,3306172484,0174,4,01
2025_26,7f235497405564ee31daf2af1d273c1a8c261f97aa837250ac5b9116bc9e16bd,3306172484,1709,0,01
2025_26,7f235497405564ee31daf2af1d273c1a8c261f97aa837250ac5b9116bc9e16bd,3306172484,0171,0,01
2025_26,82a326ee68830799e2aa0faa9f5ad9eed20ff04c6bc701ced90fe20dc739b58f,3306172484,0172,3,01
2025_26,04599d524a14501ab7f50c28aedea9d3b0e72f525e5a48c0f6195aa7b7850a5f,3306172332,0383,7,01
2025_26,fdb7a3ecf88720b5622862c8ccb4de3211a6ea23630c5b24eb1a9924aac2f20e,3306172332,0171,7,01
2025_26,d0cd6c7e2e4d0ff90e4b4f3db2e4bd1b1dd99be8bd14ca48ca9a875d82d34def,3306172332,0171,9,01
2025_26,6875e2615a6ff3348abef167d520bf04eada2f0143e9ae4b7bc2cf80266694db,3306172332,0179,7,01
2025_26,4d396e492ae51d2c9fa4a78a95d6bb178e813ff511f5d9a45b54100542a4dd34,3306172403,0173,8,01
2025_26,acbff48c382974534c4475b8c1a9124a27b51a638dba6c21d28f4f9be8c0807f,3306172403,0172,9,01
2025_26,e5a747a73af9fd9b3346afe40b3f408e5ec6a9f3f4d0308c60ac0f4638cfe1bb,3306172403,0173,9,01
2025_26,1a210b1aa13db5a02d6033fda2b175841db3040d1b3529d5e77f7e6d715e230d,3306172403,1709,7,01
2025_26,1a210b1aa13db5a02d6033fda2b175841db3040d1b3529d5e77f7e6d715e230d,3306172403,0383,9,01
2025_26,79292bafd2903c6fe707f48e2ac3f36a5dcca0026313ef42f487c9fc642f8ad7,3306172403,0173,5,01
2025_26,0d36490a2af88aeb7e5411190a3f6befaf3afd8c21c7778350d71f084a8de905,3306172403,0384,0,01
2025_26,eeb1c38aba526b9d8ddbd3a6bbeb34b375896c01f5277a2f845e611f78efca1f,3306172403,0388p,9,01
2025_26,0749dd7d42e7ed184c0b2d2cc77c3cbd8dfbe7a5663691c312dd8d107a835f6b,3306172403,0383,10,01
2025_26,7b54d0e651f21ab14549c85c5d4cdf08127c01ab10b6cb68adb593029ee4a9d3,3306172053,0156,8,01
2025_26,cd9cc0164e0ea3df63044883a11048dd28f6bf07413d9fe26d642d097a058e5c,3306172053,1231,5,01
2025_26,c79105884bf0d149ad54e2f39ed5bd11955b16febdc482e4ad19ff6a12fe2e09,3306172053,1709,9,01
2025_26,e8ad3b4177b334fb62c540d2a30766bd6e17ec516b3c010ad1594d404941a390,3306172053,1229,9,01
2025_26,e8ad3b4177b334fb62c540d2a30766bd6e17ec516b3c010ad1594d404941a390,3306172053,1232,8,01
2025_26,481155bd75226d186cf789f2bc5a13f2a91ebe8d05e9e090ad950d6bce120d2a,3306172053,1709,6,01
2025_26,8cd2ea858dcb39a8f88486d677b32f1a26ee2c3fde5e8a13ba175e408c60b67c,3306172053,1709,3,01
2025_26,49c056d4c0d20e981091636ff535ed3934e378ab5d82e9634a801dbc6d7bf8bf,3306172053,1233,5,01
2025_26,9d814ddad12b96831dc5e3c8875cecb386580b8c7973155f7d6db152073ed837,3306172167,0931,8,01
2025_26,cc065d6e783097cde71b8227e21c94e755d69b99650343af9facc7414235769a,3306172167,0930,4,01
2025_26,cc065d6e783097cde71b8227e21c94e755d69b99650343af9facc7414235769a,3306172167,0931,8,01
2025_26,a5723ad11f3b800d43630fe99a72e50417a475ccf88bee5f5743a8be473dc8e4,3306172167,0930,2,01
2025_26,6560abc82fc7fcd63c0b60333d8226646dde6cd32c1520e8913003be004604a2,3306172167,0930,3,01
2025_26,41f11c9dcd8e294def960484be153dc65b59fb0091c9da372cc641844a24cba7,3306172167,0179,9,01
2025_26,c8e204ceae06e6d0bfdae535f368f119c11cffb3b87da5856ea983b3a296e9de,3306172167,0179,0,01
2025_26,ee87f35829d64d3f5a5aef263175e958edbfe0d0f4b6add104cfe8ea04e2df4d,3306172167,0623,0,01
2025_26,b3a949d93cc62757a826262789475a485bb2c2bb4699a96e025892263d2d7507,3306172167,0623,7,01
2025_26,680fdf556b15f2e30e6befe9e3835467055e13678a0860e126b7ef0bd8fc8043,3306172167,0930,0,01
2025_26,680fdf556b15f2e30e6befe9e3835467055e13678a0860e126b7ef0bd8fc8043,3306172167,1010,0,01
2025_26,8503dd2f90ef2c543dc75b95d15ccebb4aa1a4301dc1bd615748966ff97def4c,3306172167,1709,7,01
2025_26,13936f02540f52c6a9d60fe1ca8b60495709d9ffca28aa49ee374587b45e00f9,3306172167,0930,5,01
2025_26,ff433c34c1eb6d8569c874829c7ffd5a2291f378669ad2025956397b123a3950,3306172167,0179,9,01
2025_26,45dc16b16fc97478054d54ae70fb28f4d615a1ad84f8bb5a4b976189f44f0f14,3306172167,0930,8,01
2025_26,6309fac77be30ab9ec553bb3de2a0238b073bf9a5f43963f2fb2f82594db668e,3306172167,0623,3,01
2025_26,8ff672e53d013f2fe9945389b4d7f59cc3bbc84779d382de66396b3a69076047,3306172167,1010,6,01
2025_26,c5b3d6ff7ea3ec612e2ebf88d553ad9da94e937aa8d20bb1ffc89d89a3b5fb1f,3306172167,0931,7,01
2025_26,c5b3d6ff7ea3ec612e2ebf88d553ad9da94e937aa8d20bb1ffc89d89a3b5fb1f,3306172167,1010,6,01
2025_26,0e8210aacf83f98e8fbc544a15b9dd6b86ede02ad3e8092e8c825233d5823d3f,3306172167,0623,0,01
2025_26,ee9e61a0d0d7431397da38aae9d312fd99716fd5b51f732372e5df76ba315e22,3306172167,1012p,10,01
2025_26,08cdc734ad04f41ade219537506ae91a954d3a2cabbbda6d6c83fdaa49518644,3306172167,0930,4,01
2025_26,0e83d9422f681b71db271c4e1c865b6caf3706498acdd93141c434660df57c12,3306172167,0930,0,01
2025_26,ac4d273ed219a79442d92f16391a8a8bf74d50d9fa628495067d7af2ff7d9b78,3306172167,0179,9,01
2025_26,f9ce3c9ac0d6ad246a9545012746926a30e1652dd36d0c828c5267e7bb607200,3306172167,0179,9,01
2025_26,3a3defafa340cf2f27cf0a3e826c1ead5c36c0be8acf105d6d9025491ff078f8,3306172167,0930,3,01
2025_26,c23fe6438377952a8ec708b5d926a9fd9193a1f756ee34d0638bf17d75b2104a,3306172167,0179,9,01
2025_26,d1b37a860ded5b908b00860f6c0e8e2e218923ec29f1795656fad92eb5004887,3306172167,0623,5,01
2025_26,86a7407c9014c8d9cede63897dca64aa8b6d28489e3be381cf1f28b48cb7dc87,3306172167,0930,6,01
2025_26,f5a30cd1b19b9cfd960d2f23274d2136f5ab4dd49d385de28056862e3171efe7,3306172135,0627,5,01
2025_26,47c52f8c9ca8aa71e43bf7cd4aa83200d14199cfca869c19fc9f845620de2265,3306172135,0623,8,01
2025_26,47c52f8c9ca8aa71e43bf7cd4aa83200d14199cfca869c19fc9f845620de2265,3306172135,0627,7,01
2025_26,67418173869781eac2aa4323678d91266792f5efcc6ccb156c04e31feedc923f,3306172135,0828p,5,01
2025_26,8863a24e24e14b0539421db06bdc6e8f065d4a3fee02a53867731440d4dfc828,3306172135,0828p,7,01
2025_26,70a23789cfd7badaf71196c6ab772b8d1beed83bd899508d13ebccc64a0a9095,3306172135,0625,7,01
2025_26,70a23789cfd7badaf71196c6ab772b8d1beed83bd899508d13ebccc64a0a9095,3306172135,0623,8,01
2025_26,56db3247627ae2c8a9f1de02cc22e02ebd36090868de7d525550c741db5e9417,3306172135,0623,8,01
2025_26,9a6cc632fed6e081ecef233a8ecc050d1c21a9348ca284f2df370e306f5b0540,3306169433,243267,9,01
2025_26,ac1dd32e02d478bdd68608c03db8b0c36ff11e3c49c3f02aed77fa880aab984f,3306169433,243264,5,01
2025_26,b18760267ce0f1845b7d2526a817f33fc4769842148e2b48e6f740bc65dc2b85,3306169433,243267,0,01
2025_26,7c709d745129dae4172ad5d48dfa761a5d19693f81100b9db0706a98b4058171,3306169433,243267,8,01
2025_26,7c709d745129dae4172ad5d48dfa761a5d19693f81100b9db0706a98b4058171,3306169433,243266,8,01
2025_26,e4f80a872e5669bc72767e644d3deb5fb308c6dc5686e6a2333c9af027d50f04,3306169440,243604,4,01
2025_26,1db8fb484681e0a441aa19ee6738a4b24972d68a5e0b28d92011791931055e6a,3306169440,243270,9,01
2025_26,2586f994e94a5013be3fe4188ae4d97925eac71c4f510c6f5ff38bd6ed48b9c0,3306169440,243602,7,01
2025_26,8ea11700f83b99e28251f894e5147dc9d7b5681b62afe58e901797dbd7a857b3,3306169440,243604,7,01
2025_26,5c5d9d2012600273e47da420695ae3b7f019caeaea8bb3f179f2babb78d7ea2d,3306169440,243271,8,01
2025_26,7ad5d79f2789ccdf6327086b96195426cd2067dac2c2a7238174e3f1ebf01e22,3306169440,243602,10,01
2025_26,5f6daa1db1b32279936d20cbc88da1bbf233bb328cb1fddf1319d28ba3da6dcd,3306169440,243270,7,01
2025_26,31f6368d845d2b9908537c1685f6177d5e237c8aa2d7240ea3cf974ddec160fb,3306169440,243604,6,01
2025_26,cc7db96f1b0950779f80c79bd433abf075056a83546769aacaacb1ea3f1e2d42,3306169440,243271,6,01
2025_26,b58f56da5d75edf899391cfcf284f2099a3cc514747f2c0a12ca5b5befa81ecb,3306173997,0439,6,01
2025_26,b58f56da5d75edf899391cfcf284f2099a3cc514747f2c0a12ca5b5befa81ecb,3306173997,0438,7,01
2025_26,b58f56da5d75edf899391cfcf284f2099a3cc514747f2c0a12ca5b5befa81ecb,3306173997,0440,8,01
2025_26,b58f56da5d75edf899391cfcf284f2099a3cc514747f2c0a12ca5b5befa81ecb,3306173997,0156,6,01
2025_26,f59b96c5926d2a1119855eca5d10377ccb032ccb535f80a600ab8f9adafc3c96,3306173997,0156,7,01
2025_26,a3ba243a30e89c399e77472295e92dadfa68a9a8df4401c3569ea15a60eaebe8,3306173997,0439,8,01
2025_26,99a5d5cb53fc49914b4008b394fd079ccb621d29803e1d75287c36e50ad6b5cd,3306173997,0437,7,02
2025_26,c6ae007bba9122296320f13a7a7fccb996ad1ce6d71157ea0fe0b18897debb67,3306173997,0437,6,01
2025_26,2568472b82555eea1cdbededd07e79f33be137f8a3db237ad593c58acc6993e5,3306173997,0156,5,01
2025_26,3ee17d91c35c7eaf8eb3d72e1aea822ba6216aa87afc3464be568ba4947a2df4,3306173997,0441,6,01
2025_26,c95621294d444b7ad01d9fa148fd2c949593e54a0efb9bab582ea7c3721530a1,3306173997,0440,9,01
2025_26,82f4cd82df5906af29b89396af141a505bcc8a7ccbd1d2e071a4fbf9230f5120,3306173997,0440,9,01
2025_26,dfe72718a8fa8b613c48b3fb50ab1613df452fadc557b00be7d0c17f8d8e3626,3306173997,0440,8,01
2025_26,4cd7dbdd62e45a9f6d8973133641230dca95ff6cebd23d5a888b912f54e28835,3306173997,0440,10,01
2025_26,077f040efc63d8ecddc796053bda0fe19ff99ffdd787d37094b231df8e736142,3306173997,0438,8,01
2025_26,077f040efc63d8ecddc796053bda0fe19ff99ffdd787d37094b231df8e736142,3306173997,0156,9,01
2025_26,6feb54b641bbe5377f97f2915023ccabd0c3657a3a0b85b5b2ccdf62acc14180,3306173997,1709,6,01
2025_26,050dbfbef2b83666e35e7bc19498b29f79675dbd21757efba497ed6b6b0a1731,3306173997,0438,8,01
2025_26,9de602683d52a430978bbccbb713cd00d3bc855aec0823fa2214a31abb3a3a73,3306173997,0439,5,01
2025_26,9de602683d52a430978bbccbb713cd00d3bc855aec0823fa2214a31abb3a3a73,3306173997,0438,6,01
2025_26,76976ed4eb017122d705ff8b352d5f6e5da1350dd9e83748f08caab535ef3d23,3306173997,0437,6,01
2025_26,bbb6f786c7dfd6df579e08e70a94dbbf15457a49cbb7d06f56603e95167a2977,3306173997,0441,7,01
2025_26,dea732ff1c7139002d78f9f7e650187e5a1a60f55c81b87df27f137f2c953286,3306173997,0441,4,01
2025_26,41eb0f32c27b3f905febcfba70457e735929ce7448a0471e4a205747131d5e9b,3306173997,0438,9,01
2025_26,77e82833effdd877303f10568eefd8ce3012d02a48ea3dac86c0f0af6a84fbb4,3306173997,0440,8,01
2025_26,054db9ff17c33efc2a07172c7e5f1f473d82a4d1dead9b602c3e1bc0c5c4d96f,3306173997,0440,9,01
2025_26,77f85ac39e2d5fab2e8009c0c9e49d903e98ed22e293eb565681d9ce0ba511df,3306174048,0651,5,01
2025_26,1977e49773eddb32cf3532de61ed2974ff5381d27ee507278dfa01691c125b26,3306174048,1709,0,01
2025_26,1977e49773eddb32cf3532de61ed2974ff5381d27ee507278dfa01691c125b26,3306174048,0650,0,01
2025_26,0017a974bf5bf8f4a5ed2d0c04e7b660befdebff60d553c4ce49f8344e410951,3306174048,0179,9,01
2025_26,746b21f0c5644caedb58be2450afd9764fe2cdcb4eaf78547028bc4be2976f5f,3306174048,0647,7,01
2025_26,bbc414a3f1787dc8d186f0f6c24c58a16cec07a8ffa64d22120bfce27ca64690,3306174048,0650,4,01
2025_26,5d35bcc04a8a8c531fc3fd43b6612b695f283bd6c1385c6107e7af6b2cf6df25,3306174048,1709,0,01
2025_26,5c5fba0e2a1f84975ab3b3333dd3c7bdee986f9d57664119012ef6ea2eb3a11b,3306174048,1709,5,01
2025_26,4b9859e3a109f7926a75642d0dbe23f108099475d85fda747f555fe0ac842430,3306174048,1709,5,01
2025_26,4b9859e3a109f7926a75642d0dbe23f108099475d85fda747f555fe0ac842430,3306174048,0650,8,01
2025_26,d4770efeedf867d67817ea96b57b9b2c3a0141a576d6a61f1ec0faf26b4d7593,3306174048,0179,3,01
2025_26,88f742bd9ef7e77b0c34a01029fb0598e3b818e6b6e2a023cda021ab03aba01d,3306174048,0647,5,01
2025_26,ef283753c7783374433622e447dcfa9e77badcea221d67438f84617039453ea2,3306174048,0651,7,01
2025_26,741412a5c0b73ecbc962fa1286b8ec6bd63912db67d5fe38c7897ef68c6ebc23,3306174048,1709,7,01
2025_26,0fe3858f393b63931a48cb0a11665cc15e78869df39db723517400a173938b62,3306174048,0648,8,01
2025_26,0fe3858f393b63931a48cb0a11665cc15e78869df39db723517400a173938b62,3306174048,0649,8,01
2025_26,994ad8b46d13a4faa4c005ecb20612b1863781a152fe3075dea53ab8becfe528,3306174048,0648,10,01
2025_26,e6a9ce4b45a4bfdaac8da7d961333a634dc084b22fe2087174afd7d63afcf340,3306174048,0649,0,01
2025_26,5f758b4853d526dfa589ded2361cffd1665552c77372f4bf9193edc0df68cae8,3306174048,0179,3,01
2025_26,1497ed5ffe286232d740cfe4c7eb1898773fa3989688b7c5d17b3d9b00fe7217,3306174048,0650,1,01
2025_26,7d5f843705ff9bf765125cf22e7a5fdd9ae2c9bc0d8cdfd89d6b33e7bfcef539,3306174048,1709,0,01
2025_26,7d5f843705ff9bf765125cf22e7a5fdd9ae2c9bc0d8cdfd89d6b33e7bfcef539,3306174048,0649,0,01
2025_26,af057deff173124dea920906a444c5b2c4c6c37e2f2f30268ed15c55c53b6200,3306174048,0648,7,01
2025_26,af057deff173124dea920906a444c5b2c4c6c37e2f2f30268ed15c55c53b6200,3306174048,0647,7,01
2025_26,4b9045212484beaf5ff4f9e3f90e65df0abe2887cc4d6c5a592d6b00f80b36b9,3306174048,0657p,8,01
2025_26,4b9045212484beaf5ff4f9e3f90e65df0abe2887cc4d6c5a592d6b00f80b36b9,3306174048,0649,8,01
2025_26,2e266d5ff239c10a1a8b9b5f0d860d9a39c9ebd49de35a4f271a1248c4b14fd7,3306174048,0651,8,01
2025_26,2e266d5ff239c10a1a8b9b5f0d860d9a39c9ebd49de35a4f271a1248c4b14fd7,3306174048,0650,9,01
2025_26,2e266d5ff239c10a1a8b9b5f0d860d9a39c9ebd49de35a4f271a1248c4b14fd7,3306174048,0648,8,01
2025_26,d909254b542d716952f37b0c4eff05d8b0c87e636624c25562550f856a4d2c95,3306174048,0648,8,01
2025_26,1d31bcb25f551fcf6244c79d9618f76621792691b92239811fce1643519aac90,3306174048,0651,7,01
2025_26,c6c9a9747bb554bce90bbb5ac6a2740111b27d1d572e1d0a07ee0ff1d9911f9e,3306174048,0649,5,01
2025_26,592dc1d4cc750281494b8ea94853afd538817e5f5f3947f50d726269730acddc,3306169744,0379p,9,01
2025_26,5799d2317bc92b24819d419a013c394545c9c567d520a8add895dc8da541f26e,3306169744,1709,9,01
2025_26,1f5e61236ae478abc64f239a596d73b6770f93f6fd73177b53a8c22ff6d2143a,3306169744,0371,9,01
2025_26,230c7dcf7b05175ef97151f2cf230cc290223e3ac2c54d0bb576cea5f8ee98e1,3306169744,0369,7,01
2025_26,b8d3c2fa0f073f24929c89bdcef485c273d2c2f26bd3a1546edc4a1e07984b96,3306169744,1709,9,01
2025_26,ba2c0b743bb5223c2f624a60fca8e425074f221b6072c47e1c4c018c8cd8eb4a,3306169744,0179,10,01
2025_26,dc97e11d001faf560fcfdd332bcea9ce77a96bb3e6cff98c29a3aff929df53e0,3306169744,0179,10,01
2025_26,dc97e11d001faf560fcfdd332bcea9ce77a96bb3e6cff98c29a3aff929df53e0,3306169744,0373,5,01
2025_26,8fc80d74b924c4a325fd136b55d295e906e183a7b86193ef0bd9ece604fdf689,3306169744,0370,5,01
2025_26,f01785da7bac5212fb248201f3ae61fc19674acad246c0a7a93f3a4099ae6695,3306169744,1709,9,01
2025_26,f01785da7bac5212fb248201f3ae61fc19674acad246c0a7a93f3a4099ae6695,3306169744,0369,7,01
2025_26,5023e9854aa02b3d436fb00301802c9480cc77bee79c8fab75c6abd4db866733,3306169744,0372,10,01
2025_26,ecda8bab5b553f3f4ac280c27e7418b1693c301554a99611eb382510df1b28ed,3306169744,0372,10,01
2025_26,63ed81bb4c902123bc989bf9cb695408a685875bcbb1c611646a69f60ad97a24,3306169744,0379p,9,01
2025_26,63ed81bb4c902123bc989bf9cb695408a685875bcbb1c611646a69f60ad97a24,3306169744,0370,9,01
2025_26,5471ff231c6295962e7f8f1607cb2d3d1b50a1062bca01dae2195138920d2c00,3306169744,0379p,10,01
2025_26,5471ff231c6295962e7f8f1607cb2d3d1b50a1062bca01dae2195138920d2c00,3306169744,0369,6,01
2025_26,ca802b7c3cb9249e5845772acef88dc682f7092a20d8923ddf30c2a97f1f6329,3306169744,0370,9,01
2025_26,ca802b7c3cb9249e5845772acef88dc682f7092a20d8923ddf30c2a97f1f6329,3306169744,0372,10,01
2025_26,3542ae54700cd06e480070de6a472768137da5473577581b88eb63c6be22ef76,3306169651,0484,7,01
2025_26,2ee363575015a5fd983f00c2f6195e745236e5999b23e9e23b803f74761c74ec,3306169651,0483,10,01
2025_26,10d4e7f9d6af776fd91779dfcd1b59493e4cccbea0766fc0b90ada402c4f34e3,3306169651,0373,2,01
2025_26,669fcbeda710201f5fd11c75e45714326f98f7976a5094020301695e106db8a4,3306169651,0487,7,01
2025_26,669fcbeda710201f5fd11c75e45714326f98f7976a5094020301695e106db8a4,3306169651,0485,0,01
2025_26,d9f41ff462b6b2d3296ecef8799441d2091e2c35520aefc3f23aa1900a58ae53,3306169651,0484,9,01
2025_26,0c6899bd15672e3a00ed2e0a1198c8737bacc08f329ea1420efc295a90b5a0f8,3306169651,0485,0,01
2025_26,269ee833882e0b42d2a58c0729ec816e127e477f419cfb909ff0589c0e504fe0,3306169651,0373,0,01
2025_26,bdbc1a8276fa82ca8995eeef1d32afd3b177e7267e3c99155168d4d0436e1741,3306169651,0487,4,01
2025_26,cb436e2b2c25e07fa227a698a8d0dd50b89dd2f103fdfcae3ef3ebe1a71f04c6,3306169651,0483,8,01
2025_26,6b0232da83e26d978e5b2adb3aa434fc5838823c09091a38712088665aa71460,3306169651,0485,6,01
2025_26,ee8ceecdba3aa64670372f139d2dcf87676104524bef30ccd1a7c77606ff4906,3306169651,0179,0,01
2025_26,2f020675fb262606292d8afdb33dff2edde6f09546428edd47cae01039c05a18,3306169651,0179,8,01
2025_26,c903fc0e07b7002fbe5941dd10224160fc8054af1ae26bf9f4d37e27e7f315c7,3306169651,0616p,9,01
2025_26,ef6cab817e2f5103d5224cdba786257167240ca0b3ec1c67983bb9fe70064cc7,3306169651,0487,0,01
2025_26,cdfe57e30b518df0ef6bf4917ad5f791dec6ff963fbf35790f62ef99aaac0471,3306169651,1709,5,01
2025_26,b933641fb3c4cefbaed7a01f1de14a86489da970e304bbedecd45f540943b8c0,3306169651,0485,0,01
2025_26,76057169af686e2c065d0129d8103858c908853c2ccec95ab214dd8a48a5cd19,3306169651,0485,6,01
2025_26,7e1a3466b59db77ddf8fdad863326c426521f3cd4e43f38ac7d0c45aa17b1264,3306169651,0373,0,01
2025_26,72c0d318de07d63d810117cd7469da10c37b7e1cd667b92cc219809c97c06227,3306169651,0179,7,01
2025_26,efc11e1ad05f0894e0e1878ea0fa27690fa464c0fb0a32283e74fe8f2516f7e0,3306169651,0616p,5,01
2025_26,67c094115b3ab7cc91c12e659538b1896085fc44bba7abd636163028a58e9761,3306169651,0484,0,01
2025_26,65dd2a914e473a6f5a4fe6d55d59a1adbe87f5e83563009ab7cc6a2d233499ee,3306169593,0225,8,01
2025_26,a1108d5a0e4be9aef28d4cd6b1eed26cb4f3419d2db69f80714556f0002c1a2a,3306169593,0221,7,01
2025_26,19b542507ece7d6579bb2fb8a9acdb6de11a46054605e903202271ef22923b19,3306169593,0156,9,01
2025_26,c4cfdefbf15b31608a7f20acaa612c6c0a9ef7529baabdb9bff5d3e7c55ad07c,3306169593,1709,7,01
2025_26,df2ae9813bf7a62adcd85eba405c00c1d8b84010a82d06c9048aa17a8a2bdd95,3306169593,0221,0,01
2025_26,12d8981d25d9ffcaa861d706ccb26fce00dfc97746500d9d73e9b776e9fc35f4,3306169593,1709,0,01
2025_26,517882b129db5b3576f788d07cfc20cb6ceddc08d55560d5ba72c532776a994d,3306169593,1709,0,01
2025_26,9673d5b87abeaf830663453a3bcbaaf54332910bc9d68c338b6f559a245819ff,3306169593,1709,8,01
2025_26,9673d5b87abeaf830663453a3bcbaaf54332910bc9d68c338b6f559a245819ff,3306169593,0222,9,01
2025_26,0c82d1b7bb2d719eae7d56062f60e58af95acc9306c2ce5c19a684c6b7421116,3306169593,0221,6,01
2025_26,f0aa5208447420c5226d65c72a24cf65253d559d8850829a2e8214d5d1242f97,3306169593,1709,8,01
2025_26,f0aa5208447420c5226d65c72a24cf65253d559d8850829a2e8214d5d1242f97,3306169593,0222,4,01
2025_26,731b21a279cfad27b0bdf09f8c531e2ab8a933e095818ddcece5bd5b65090a42,3306169593,0223,6,01
2025_26,a2a701f2889655ebdf59e42e41668e039160544a1b836f89f23ff139b81f61c1,3306169593,0222,8,01
2025_26,f47280db65398776afc9da1107a7605cb7a201df40e0109a0a18509c3e8430b2,3306169593,1709,8,01
2025_26,74a73353144a73ae62fe025cf095ccaa79c7d901cf13812e3a25364327c26309,3306169593,0222,0,01
2025_26,5b603f43f6da8da457b566e13a1e6532a543815877a1b3f29b076de940953650,3306169593,0225,4,01
2025_26,684d53095b3a2aa0bebe965c9a32769b6bcfe044c49481358edb9f2165b779e1,3306169593,1709,5,01
2025_26,684d53095b3a2aa0bebe965c9a32769b6bcfe044c49481358edb9f2165b779e1,3306169593,0222,7,01
2025_26,8db80d9d0d84b39cffa78d71a9a8232b0794dec42ad8c39c0bab5120ff105138,3306169593,0222,4,01
2025_26,730e5609ae44f1cae55cd42b825a846268d603ddd221007056f1ac895f0b9b17,3306169593,0221,7,01
2025_26,6f0bb76a6ca11427a14e1756950bdcdaaf79e63529c5f8f310a51752248bf9d8,3306169591,CVOPT,1,01
2025_26,3c9480648c862cce6802c831efd1c1660c993c26fd1dd6074fb64e269a276553,3306169591,1708190,10,01
2025_26,3c9480648c862cce6802c831efd1c1660c993c26fd1dd6074fb64e269a276553,3306169591,0228,10,01
2025_26,3c9480648c862cce6802c831efd1c1660c993c26fd1dd6074fb64e269a276553,3306169591,1710,10,01
2025_26,cf933a5eaa45244f67884eae884d781eddda67259e94af5b840b6e7ec9caefe0,3306169591,1708190,10,01
2025_26,1e42ada0b2318cf8bc4389f9dc81952b5494142aca0971d0c524e20bea7461a2,3306169591,0224,3,01
2025_26,097a4aa5acce0fbd7f683522178c9076649c9f39f052c00d0dc3f0891d82534f,3306169591,CVOPT,10,01
2025_26,097a4aa5acce0fbd7f683522178c9076649c9f39f052c00d0dc3f0891d82534f,3306169591,0227,9,01
2025_26,867202a83dba25714edad821cd1e24322696bb5104c8266db215c3c841d86a54,3306169591,0228,10,01
2025_26,93b2dc132dae5e63cf300efa0a0ce1acd4833ec2f09b7a04ca6ddff85be13b4b,3306169591,1708190,1,01
2025_26,93b2dc132dae5e63cf300efa0a0ce1acd4833ec2f09b7a04ca6ddff85be13b4b,3306169591,1664190,1,01
2025_26,6b8553049bad85c165181a7a09dbef3bf8a9f818ef899b9060bd4a1071bdead9,3306169591,0228,5,01
2025_26,6b8553049bad85c165181a7a09dbef3bf8a9f818ef899b9060bd4a1071bdead9,3306169591,0226,4,01
2025_26,3427aab0bbced6f91552419e1f42eaf7e2cef6bf5a8c1707cf1c2abf5422e987,3306169591,1664190,9,01
2025_26,3427aab0bbced6f91552419e1f42eaf7e2cef6bf5a8c1707cf1c2abf5422e987,3306169591,0224,9,01
2025_26,13451625fe737ce41011d37b17504dd26a9be73c5926e67d52a99b4574184c28,3306169591,0226,8,01
2025_26,37356441705934396fa0c885fb1428aea26ccabe8285a5b2576f8de81897e733,3306169591,1708190,1,01
2025_26,37356441705934396fa0c885fb1428aea26ccabe8285a5b2576f8de81897e733,3306169591,1710,1,01
2025_26,b8590c9158241ef9e50c6e2869590385492e89dc85527e39fa482066ca2a2d73,3306169751,CVOPT,10,01
2025_26,b8590c9158241ef9e50c6e2869590385492e89dc85527e39fa482066ca2a2d73,3306169751,0374,8,01
2025_26,1a487e080b7e34f09ed31a18d39ba6a382a8112a21ea90683035a187bf7a85c4,3306169751,CVOPT,10,01
2025_26,2f3b973e2c58e5e89b6cf7408df34a45b0a3182aa3ec727bdb0d513622a443d6,3306169751,0376,10,01
2025_26,1915452ee704091b5b6b3d1dcca4f67aae2059e4126a7fff35a8320973c46780,3306169751,0378,8,01
2025_26,998ed5c5da662f7d54122066b719c193b194034411a7a88d8b3f7c0a5fc5849e,3306169751,0375,8,01
2025_26,c48ad409c59015dfd30e638356dd68478c1929dade8718ef91de07eb96302ef5,3306169751,0379s,8,01
2025_26,f1520e95b298e1cc0b3942f1f72175760424a5ea017a91c29ed982bbe1cde3b4,3306169751,0377,8,01
2025_26,cccc7db51b4df292d3e8a6a8b38251f157c570d6550f27cbfc3d9b846988d425,3306169751,1665190,10,01
2025_26,486a3babd9dfb2bca9d288c58c57225f9296ce86eac7a10abcdf48057c728a96,3306169751,0378,8,01
2025_26,fdec83d934356de77e279025a07ea734bc2d5ae4269315aa4ef56bba6613e1e5,3306169751,0378,7,01
2025_26,d3f405665eac5f3802415539fa1deabe78f41dce1e5fdb28f34a6f13845ea53f,3306169751,1708190,8,01
2025_26,348eda024cfa001cde4a6ee02d96741347277693927793885808c3a1ff13b6dd,3306169751,CVOPT,9,01
2025_26,a93690df50d8d2e69d1d2d81076dea3a80165cd43a1b171526b4b50e61d3af71,3306169751,0375,6,01
2025_26,18b4aa34646e373e0d227c0db5d8e42992ae5fc0b477267e9f38fc6fa0db5afd,3306169751,CVOPT,9,01
2025_26,56123c5daf65aff67ba55ae7d2bb9a58bddfb5a0e0e07b1fed49efdfcf208a75,3306169658,1665190,9,01
2025_26,7583f648a5c0fe3aac388c64097ed996e8f085163d129b68572ca9035f215d7a,3306169658,CVOPT,5,01
2025_26,bebbe6728733d38d65a0d2bf234b8573ea9a2a7b3cb15d4ff31f3251cb00e76a,3306169658,1708190,10,01
2025_26,bebbe6728733d38d65a0d2bf234b8573ea9a2a7b3cb15d4ff31f3251cb00e76a,3306169658,0614,6,01
2025_26,bebbe6728733d38d65a0d2bf234b8573ea9a2a7b3cb15d4ff31f3251cb00e76a,3306169658,0613,8,01
2025_26,5e40c103b2933fdc8aa8c99a1ebd3e2da981a70c64788bd3c81a5ea42eb154f7,3306169658,CVOPT,9,01
2025_26,c303fd0de72abdcaae99b76c62086b2a18f5b9af8bf44ee82d79c669cf0d8590,3306169658,0612,5,01
2025_26,703738a6468bc4796ba2b43304578127697c7299a7b46bf82e8a826129ce9439,3306169658,1708190,7,01
2025_26,2d0c3145df52a0dd7aa0877b406d3de0f9e0092a8c4b5d22480b936ab498b7e2,3306169658,0613,3,01
2025_26,d67b23354ef222838b79cb1a20689af26e9dc5402c84a97ebae5825a157142ad,3306170617,1708061,9,01
2025_26,6944cea63ecf762d09d04fe663cff7874b0992dded018bb37f9572e3a06d8214,3306170617,CVOPT,9,01
2025_26,737707c351c6e86b25434026b6a51bb510a2332183a908c7c39779c2da78b40d,3306170617,1665061,9,01
2025_26,737707c351c6e86b25434026b6a51bb510a2332183a908c7c39779c2da78b40d,3306170617,1375s,8,01
2025_26,3f037844a9647d20e5f72d1fa8d954c918b3db8d2106c9866757a01d41f5954b,3306170617,1665061,10,01
2025_26,be9c72347a884f358f08b2f0c6f629479c16c8bdc7b817ef09cfaa9946c1f609,3306170617,1665061,9,01
2025_26,be9c72347a884f358f08b2f0c6f629479c16c8bdc7b817ef09cfaa9946c1f609,3306170617,1710,8,01
2025_26,1a90ec68d25bac310537cb92eda308416342e749306872965efb75164d367c70,3306170617,1374,10,01
2025_26,889f4e53a56cb6de5bb45ec3a7e05c428f432173d7d4942e6b94d8ac65f79d51,3306170617,1373,4,01
2025_26,1076a7e61a8af788675b68090326b12080a81f374eb459f011aaded8b5ba9a50,3306170617,CVOPT,8,01
2025_26,23f72a570e8d01479c0d9ebacf5471421ce8652915584368def9cf2b5bda320e,3306170617,1708061,10,01
2025_26,61c96ae7ac4201dc18773fa161e6abb76b34b52814782b9078fe401a5e811129,3306170617,1372,4,01
2025_26,e05c52d1293d0cdd11cd1b64e99622b55ea751e9a3baa3977dee2c301c71b00a,3306170617,1708061,9,01
2025_26,37c799c39ac725eb0ef72ec5f4e49d96e9ef687e21f841390df96cebc7ef8eb1,3306170617,1372,8,01
2025_26,49bb1a981ecc70bbaff4d5a6b7ab9f9b84c41f449c7b0025f69621b7c23345c4,3306170617,1371,6,01
2025_26,7b93ffde8b50bbf7be6884b4dcec62562e1b4194a0d484ca424ccc0d268ad043,3306170617,1374,6,01
2025_26,39a89a30f732b388e13374e4bc0ce3513b48c5c6aeff625b7cb6bcee02478af1,3306170617,1371,6,01
2025_26,185a80bf9689b7f20dccd28324d37a2b8593981b03fd5889d528a86d0e517140,3306170617,1708061,10,01
2025_26,f1ee0488df612eb8efddc259b60bed37e930b0cf6ac0a0d59a638baf63e0e963,3306170617,CVOPT,9,01
2025_26,7234520aa22fdb5caa8b2da3eb966cab981758e3231befa8e56dbc82b44872c2,3306170617,1374,3,01
2025_26,e3a75ebd29ec97f36ce8f3302bbf092118c0d38e196884799c7b81146d404906,3306170617,1371,8,01
2025_26,e3a75ebd29ec97f36ce8f3302bbf092118c0d38e196884799c7b81146d404906,3306170617,1710,7,01
2025_26,0778efbb244a74934514f6651f9817676287c0a5415b5d29815ace1c4b2d97b7,3306173995,0446,7,01
2025_26,0778efbb244a74934514f6651f9817676287c0a5415b5d29815ace1c4b2d97b7,3306173995,1710,8,01
2025_26,c2353f978474d787d7a9bff77ef935ac2f3ad4b22524ef4f8e14a969823c80af,3306173995,0446,6,01
2025_26,c2353f978474d787d7a9bff77ef935ac2f3ad4b22524ef4f8e14a969823c80af,3306173995,1710,7,01
2025_26,4f51007c14551241733c4d6bd7d10aa1224f9da82b5347aae91b41754641f589,3306173995,0442,8,01
2025_26,0e3f65fdb6c703e0ea8a9e1261a4fbef2d36e64183ee3af36786efbb6bcd4b59,3306173995,1708001,8,01
2025_26,b39d3e2225b94e54b2c7b93c071ae0b0e318488da8e38a37001fb5f90221cc57,3306173995,1708001,9,01
2025_26,77952da7dfbc104e59c48b90503f35af9294a28d9cfa4f2bca5ed7eda5654ee5,3306173995,1710,7,01
2025_26,4e6a9ddf2a03b43755f14b59e9664e7b0e7f9703c0d40a6163564efeb033070d,3306173995,1710,6,01
2025_26,9fda87fd660d386ce9adb61f4876c165c2abdcff7044e5b7604f8579dd766ca3,3306173995,1710,5,01
2025_26,a42315ece951a5f0d39bcfb3425f7e8c23b48f8671883926e49f3dcb93789d9e,3306173995,CVOPT,9,01
2025_26,85637b5b384a6209622bef2375ad3c31cdc94868b271d2912ecb248c28bcee6e,3306173995,1708001,7,01
2025_26,f3a6a572aa8dfd5d12682e0bdf14c7bcb46b45000c806e7765067e9bcc4fbf64,3306174046,1665001,7,01
2025_26,f3a6a572aa8dfd5d12682e0bdf14c7bcb46b45000c806e7765067e9bcc4fbf64,3306174046,0652,3,01
2025_26,4d933911ec67fab83b1ff1b5dadac814e1ae898a283e160cc491fbd342971b45,3306174046,0655,6,01
2025_26,4d933911ec67fab83b1ff1b5dadac814e1ae898a283e160cc491fbd342971b45,3306174046,0656,7,01
2025_26,93206ed8b3d8c6b7197f92294c4a77dc2d8b59e9ca0519c5bee22886cda7d724,3306174046,0652,8,01
2025_26,4432d120bcfaec86e2c4f8b58860122c3892c5d3bbeb68b6816e87afb1750aba,3306174046,CVOPT,9,01
2025_26,9b4203abce2e19bec55c83f8c1e84d1ba0ae742e8ebc17190a0e27b8faab512d,3306174046,CVOPT,5,01
2025_26,a87559877bb04d535bdb35adfbc31ba61dafe1d317623db6107544a20fd39369,3306174046,CVOPT,8,01
2025_26,b62e2f0d9a44280c59ea52b9f938ef252ff323f431ade972979add08b0b783c4,3306174046,1708001,10,01
2025_26,b62e2f0d9a44280c59ea52b9f938ef252ff323f431ade972979add08b0b783c4,3306174046,0656,10,01
2025_26,dbde61117f82c3f18ba4229558f81c8ae2d36e4ae4ee771d798606cce794fcfc,3306174046,0657s,7,01
2025_26,dbde61117f82c3f18ba4229558f81c8ae2d36e4ae4ee771d798606cce794fcfc,3306174046,1710,6,01
2025_26,2012af3d9f00b60bfe2d9bab1d99339d1f5c96656f2243a15c2a16fd6c93d2c2,3306174046,1708001,6,01
2025_26,e8f0a240355191b2daff2e573c7edcf73285557b9f2ce69fe50f7c3e800d489d,3306172060,1708020,8,01
2025_26,5c776c52f2ad140614ec800e3fa5de188a5606700c15cdc0a08bba66a48a17cc,3306172060,1234,7,01
2025_26,9d8befe021a31ed9d6639e6b6dc77d0541ca338e8e032e9137947eb6e5632efa,3306172060,1230,4,01
2025_26,8206ce53ba6f91e07c2251815d626c29860cba2a3838e4d76a389a68a5e8ec61,3306172060,1713925,8,01
2025_26,31e50edfbf662ab9e584909431c51b4e7d6deed1e2c74a78061ec9a58c3f47cd,3306172060,CVOPT,7,01
2025_26,31e50edfbf662ab9e584909431c51b4e7d6deed1e2c74a78061ec9a58c3f47cd,3306172060,1227,4,01
2025_26,e773b48cdd73183ec7055140222e7d2b309dc3275732be2e6d891795be8ce223,3306172060,1230,7,01
2025_26,c3f586139b4b3d972d92987178718a8c0ab01ef8e182622a8b1cdcafe1750d21,3306172060,1228,8,01
2025_26,c3f586139b4b3d972d92987178718a8c0ab01ef8e182622a8b1cdcafe1750d21,3306172060,1235,8,01
2025_26,6e8a2bf0a06ba8011fb9654d9e95ab9f4bedc01519a234d06a5b692f31023915,3306172060,1713925,5,01
2025_26,6e8a2bf0a06ba8011fb9654d9e95ab9f4bedc01519a234d06a5b692f31023915,3306172060,1227,4,01
2025_26,326926eb8107ee630b12bf15d71ea51345f7ff33db0f3e9d26a21d129b40a88d,3306172133,CVOPT,7,01
2025_26,326926eb8107ee630b12bf15d71ea51345f7ff33db0f3e9d26a21d129b40a88d,3306172133,1708020,9,01
2025_26,af13b1e047cc871852ff8c50af4ec5448ebf57eb43ab0a5f946dd4bb22d2246a,3306172133,0827,5,01
2025_26,af13b1e047cc871852ff8c50af4ec5448ebf57eb43ab0a5f946dd4bb22d2246a,3306172133,0824,5,01
2025_26,bea9be527b1b7fbda4923f07edaed2f75276ad1191fbb9e2064c0e22b8905eb0,3306172133,0822,7,01
2025_26,8604e649b4230808cacc32cc8cc9b7b57d52446ff659e100169b13d1a500f5bb,3306172133,1708020,7,01
2025_26,8604e649b4230808cacc32cc8cc9b7b57d52446ff659e100169b13d1a500f5bb,3306172133,0823,7,01
2025_26,90e11333d1fc18cd172687c94dbf8b530e5d4653baefc95838598781c89df0cd,3306172133,0828s,9,01
2025_26,90e11333d1fc18cd172687c94dbf8b530e5d4653baefc95838598781c89df0cd,3306172133,0827,7,01
2025_26,77e403a6901bc2fc86de730faec36f305ace8095795f811af5ca544611b29d3b,3306172133,0823,4,01
2025_26,d99696ac7399f9b7c7d23393943d9c321015b9b768cc1bd628dceb80aad5221d,3306172133,0828s,8,01
2025_26,3c87e691a1f7011ac25c7751a89981120b23266b7e85e4ab802b1080925dfbdd,3306172133,0822,9,01
2025_26,3c87e691a1f7011ac25c7751a89981120b23266b7e85e4ab802b1080925dfbdd,3306172133,0824,9,01
2025_26,bed77cf24823a5b75d91cbd87ee22d08b49a0907ce0b687087efe731c8fc6c2b,3306172133,0823,3,01
2025_26,c6ee0034b9360ccb04b98189b17fb0de020e3a845b447db574339de434c7e4e2,3306172165,1665020,8,01
2025_26,c6ee0034b9360ccb04b98189b17fb0de020e3a845b447db574339de434c7e4e2,3306172165,1009,8,01
2025_26,fd877dc1c7b93c8c06a462d2eff37378191c79b52a50cfc0cec21d0c4d29b22c,3306172165,CVOPT,4,01
2025_26,80898bbf3c16081e89b78ffee53f978b5595d335fe9470dd35aa11379763ac28,3306172165,1012s,6,01
2025_26,80898bbf3c16081e89b78ffee53f978b5595d335fe9470dd35aa11379763ac28,3306172165,1008,4,01
2025_26,e1fa5399686a4a29ca1f422357b1509019d4486fb7a00a9c806c933b2cbdee5e,3306172165,1665020,8,01
2025_26,89cf0a66566c86c99a42d9fdcdcd36680b6a1cf332cb79b1827e92532d2e9f40,3306172165,1665020,4,01
2025_26,40df7244c17d1f35ad1bcb47e3820f87226697e8bbd8d79383bc2cfdf77b0ec5,3306172165,1109,8,01
2025_26,4d204e60470d5745757c8ab5cafe9a98db40cf0a77d53be827b92adc4639c0ad,3306172165,1665020,7,01
2025_26,504eedb52a4b86251bf102232af293556e33bc206a7ee75e92e9cc9ae32a495d,3306172165,1665020,7,01
2025_26,34a85fa256424c26834edefed25024b96dcf5af2e040dd4ea080cad20a31d45a,3306172165,1109,7,01
2025_26,1cb1280ee0aa3f42ca66c3d1f51d9671e4c46d2abe933543cc4c4b95134071ac,3306172165,1008,5,01
2025_26,63b2019f4a54cf6a7ebd381d87fc6396900b930a788c622ba2966ab9a8b0f87d,3306172165,1109,9,01
2025_26,858a01846ac6f7b808cbd6d6f4557f51b9030d59cd6e0b22a7706248dfcdcd55,3306172165,1110,7,01
2025_26,2c01a6c4817fa6f5afe9dfec0380f37c72859b57e1e72f6ccdb289de0a0c40f3,3306172165,CVOPT,9,01
2025_26,2c01a6c4817fa6f5afe9dfec0380f37c72859b57e1e72f6ccdb289de0a0c40f3,3306172165,1009,8,01
2025_26,3beca415d97ec131dbfe58cf1385051ef098d8339096fdddd5f19d0432a5a3ed,3306172330,0400s,9,01
2025_26,3b1455c37be7ad0cbba16c0a68a84c732314dcd193bc4c290c72d3a53dbfa370,3306172330,1708039,6,01
2025_26,66eedee21f82a34060ae90994886def7ed10f96e2847bfe2bf1c8e563fd69849,3306172330,0180,7,01
2025_26,f4f6a647f626144044314a4101b8beeac8600537e08407bbe17ea15514ceaeda,3306172330,0399,7,01
2025_26,3bb91f2d1c74f2d8bf89d734ec8f6884aab423a161e398a553e0809b0bddbc8d,3306172330,1710,8,01
2025_26,482ad2af2aa1a8c7050d4eb6971b0db96b9aeefc17d13212fc543ac2e46d2405,3306172330,0180,7,01
2025_26,5b552cc9e92c004054eab2aaf9286d412df9c39919f6f980371192bd0b400192,3306172330,1665039,6,01
2025_26,88564b49001659b85cfebf94a9d42a941d5b83aa3c2475de2432eb9f044ce742,3306172330,CVOPT,8,01
2025_26,3e0cfb63a0f2284de35bca6fb6f60faf4c1539090dc5bd78f2a7826806b04ec0,3306172330,0398,8,01
2025_26,5ff5e9da59f37d39dd6a7ee95cdf639bad5bae0e77ede5c1cdbf45a7e531b3a7,3306172330,0397,9,01
2025_26,acf7ac0981ae9815fff3fb4a9202a4921d21d1975a6eb94f4978ebc9c17493f8,3306172330,1665039,6,01
2025_26,acf7ac0981ae9815fff3fb4a9202a4921d21d1975a6eb94f4978ebc9c17493f8,3306172330,0398,4,01
2025_26,eae4f911bd7aa2f94bd3285eed5f5c3050724b14c5d4cbedb61d4bf91c100817,3306172410,CVOPT,9,01
2025_26,eae4f911bd7aa2f94bd3285eed5f5c3050724b14c5d4cbedb61d4bf91c100817,3306172410,1710,6,01
2025_26,109e2f4131443cb7c6ed2280187dbbb24a6d42e28648d3beed6c8b15109cd446,3306172410,0180,8,01
2025_26,109e2f4131443cb7c6ed2280187dbbb24a6d42e28648d3beed6c8b15109cd446,3306172410,0387,7,01
2025_26,08b8f3ab23205e730331294cdb8ddf0c55f3a3484b6dfffa3d4cc9d8af7c9e8b,3306172410,CVOPT,9,01
2025_26,6b0ede0d0b600169c8f6d3c4c052c571f3c113382679d872bcdb5aaf057a445b,3306172410,0388s,8,01
2025_26,7cd31ea1c2ca0a607526ca96138dc61627afbc6fd52ecbcf0257f3b7cd310360,3306172410,0180,4,01
2025_26,efebd2e836e756da51b1c4bf56dd09a6804345f63609a8233dd4846b5df9979e,3306172410,1708039,9,01
2025_26,efebd2e836e756da51b1c4bf56dd09a6804345f63609a8233dd4846b5df9979e,3306172410,1710,7,01
2025_26,73604c4070d76bd0ecd73856b8cd6b9355187e07f9cc8c618cd8d82855418516,3306172410,0386,7,01
2025_26,73604c4070d76bd0ecd73856b8cd6b9355187e07f9cc8c618cd8d82855418516,3306172410,1710,6,01
2025_26,d41aa421c4bc25587b0784f016daa828af3eb1d0884ef53aeb9f2e71303b00b2,3306170521,028502,7,01
2025_26,d41aa421c4bc25587b0784f016daa828af3eb1d0884ef53aeb9f2e71303b00b2,3306170521,028501,8,01
2025_26,b8ab5a108fa0c4ad3521bf8ce05cacece6abcec84c384ae2a9a26934d78abca4,3306170521,028100,6,01
2025_26,5ac34ee7e62bdd1b65552dc909caeb1a0ac0af27df4f603ddc212d3b55eeff9b,3306170521,028505,0,01
2025_26,68e8627c95cd42030041963a7d9d433adacb452f566a5bdfac060ea714ffdc00,3306170521,028504,1,01
2025_26,9debc5f8bb923c70db668d08a54a20846a9610b4dc47f242e1693d955305a86a,3306170521,028100,8,01
2025_26,e3af526660ab413757281d31e85dec5f4e58c4ff50f16d44b4859194106261be,3306170521,028100,9,01
2025_26,cb7851bae955c19b380ccb7be31d320ad71fa073f8564614b2220955686dfb55,3306170521,028100,9,01
2025_26,beba00d30aaf3bae44d4aa78ff198db84a86c216d66e1f19e13e223e743c2ca7,3306170521,028501,4,01
2025_26,beba00d30aaf3bae44d4aa78ff198db84a86c216d66e1f19e13e223e743c2ca7,3306170521,028100,5,01
2025_26,2e06046b74a2c57560d32df9bf3703df877f19cdc3c310f810f2fa86acf7fc9c,3306170521,028505,0,01
2025_26,841556b45573535d207de38deb5f147cc2c2c84a44b014bf492e71b270c85314,3306170521,028503,10,01
2025_26,841556b45573535d207de38deb5f147cc2c2c84a44b014bf492e71b270c85314,3306170521,028501,9,01
2025_26,9153d6f39429dbf290fa465d00b0b75c2aa60a41839986aea1c2f522a204b866,3306170521,028001,7,01
2025_26,2e091436d5804d889b5cb7ad28a97125ebd66ebe4b150eef3df3498b819c5bf0,3306170521,028503,4,01
2025_26,0f5958e64f7c95049e6bf86aba050fc3347ecd201e33ff0115d25fdb35999d93,3306170521,028505,7,01
2025_26,30dd42cf7eb51a6cdeb50a7d54266291a28ca7e8b2d69b05c6be759cc16c95cc,3306170521,028505,4,01
2025_26,d57dc88c994c938482d72c8c646e56918f28603f6190a415326e7291f29974ec,3306170521,028503,8,01
2025_26,d57dc88c994c938482d72c8c646e56918f28603f6190a415326e7291f29974ec,3306170521,028100,9,01
2025_26,bda256ea54b837bf330a0e65e9671f152d987a26af725fe6dda7adb8023da25f,3306170521,028504,8,01
2025_26,c3ddf6ae9243b56f4898c5306eb81b3691b99d1f63a001f94a91af3a729a5874,3306170521,028503,4,01
2025_26,348143a311d44e189eefe967c501c6b2cd09cccad68f3cc26a30bfa56c595a7f,3306170521,028504,1,01
2025_26,348143a311d44e189eefe967c501c6b2cd09cccad68f3cc26a30bfa56c595a7f,3306170521,028100,10,01
2025_26,aff61f02da7c1dd91f488081256c56e4c2ba9ec373690b6294f43fe9cbbfa259,3306170521,028001,8,01
2025_26,58a78a355a8dc0f8d14cc27d867ee1cf785571b74badcd6c6362f50c12c947b4,3306170521,028001,8,01
2025_26,58a78a355a8dc0f8d14cc27d867ee1cf785571b74badcd6c6362f50c12c947b4,3306170521,028503,7,01
2025_26,e8cd252904005e36dd1571fde9f9f1effa92877f5c3deae501596878ec357039,3306170521,028001,4,01
2025_26,50ec56870037feb78709050eef1709ccff77643731fb28ceb370f7ed0373150f,3306170521,028001,0,01
2025_26,4ffb08fda9cd4b1d0bbf93d8002f21acf5b8d684c1b1f6b00e854eba0b476585,3306170521,028502,8,01
2025_26,856f317d08507f0e9cb35c05e55d6b042ecb45325a4a3306e90a1a734d2f2038,3306170521,028501,7,01
2025_26,8ac3d28bd9c47a5ef9902a0e8591a636026398954c8df7c6447c9a6da3957933,3306170521,028100,7,01
2025_26,954713ecdbc049287bec4fd11597143215f55ab35825b80eb117cffbb6dbaebf,3306170521,028501,3,01
2025_26,bcb816fd50a5ac70ae307d68f8050458cb16a010e2d56ddabba9b6b9ed7a797d,3306170521,028503,7,01
2025_26,630efbe37293d4a53b328df5c5b538bf75a4d6c8553c0f70543fd39f99191daa,3306170521,028502,8,01
2025_26,3b245c6e790c610679e4ca0213dcb0f43b00ee3a0400e325630c8440ca168ca7,3306170521,028503,4,01
2025_26,3c5ed9f9fe9713bd422293b8977efe400af102fcba2e9d6302a3260f6303d1cc,3306170521,028505,7,01
2025_26,5ef69a60e3e5984c2b2d41c1f71b7dd534c79430bb3018721a34d7a55e18de34,3306170521,028504,6,01
2025_26,98d9213f705ab8b2f6291e2c25c5af23def7f55fc899f5dd9b65c84ad120f603,3306170521,028504,2,01
2025_26,d0ea10679b889b78d4dcfe23d05d9a1f3a5d276681e4da47c12815a11605060a,3306170619,1375p,10,01
2025_26,15b96f395e4a9b4284bd3d279425ca20fd94bbf2455856a64cf52ee22cda2c87,3306170619,1367,4,01
2025_26,1f3c5cbbebbae4bb3b3d635f05c4b39bb1a693775f681cdd6dd304931a3671ab,3306170619,1375p,7,01
2025_26,3a5b59411d4c1960c8e7eaf4a6cfd1f8f4dc6b0016444cc2e8f55e1045fd6ce5,3306170619,0179,8,01
2025_26,c3c72ad80a61762249e2757d4f3965629c259f74808eb56ebaf9177b74395f9e,3306170619,1367,9,01
2025_26,726cb7b2e15d4002381b2e97d76e7de2835ab19e6d8b144c828a05edd55f1097,3306170619,1368,8,01
2025_26,baad4bf50eb7612b75945283bb6ae8ceaec189327c73bdaac26839d8c40b9a4a,3306170619,1375p,9,01
2025_26,a64fe9ae8d7b5464787bb6e310b678f1013688208a980210492c67808688a5f7,3306170619,1370,4,01
2025_26,66cc2865d265da3972b1dc1a69e32dafe2573e5de96ffe4be3a2432fc1e21b0c,3306170619,1370,2,01
2025_26,66cc2865d265da3972b1dc1a69e32dafe2573e5de96ffe4be3a2432fc1e21b0c,3306170619,1367,6,01
2025_26,a8d5c798d9df6cdb225f912cf13d48431b439055f6045394455c0cd3db915ffa,3306170619,1368,10,01
2025_26,91356baca2338102b59ab27a8da7f986daba6e7fb0b632cf723c23dc6ee6cf7e,3306170619,1369,8,01
2025_26,3d218338f01dd05245671842b3efcab28d379ba633cee6d960201f547fa1310a,3306170619,1709,8,01
2025_26,505ed976440916bff7e1aa09a0fab31b779cb21617e49c4abb2e5a70aee7dddb,3306170619,1369,8,01
2025_26,d81ef893d1f7cba006a3cb892c2c23c295f9245dfd7dd68ccd4a376637f16095,3306170619,1375p,9,01
2025_26,76b71d9428ab01fb5e50ea91f66efa74849370f4775daaeb5e0bb9e8b6b975a4,3306170619,1369,8,01
2025_26,4e29f106ffa263a6061238e3176383841258ab098d5a70d43c58529d77807abd,3306170619,1368,2,01
2025_26,ab7c5e7f3488e631d96d1a47445b5ce803fe312c3c6cae0eb29e2419eb05dbb3,3306170619,0179,4,01
2025_26,0c09633410adf4b72db5c0929c4a0bde111ceea80fdfebf10c3d54a092d1534d,3306170619,1367,7,01
2025_26,ee6ddb91a625f7d001fae8e0f554d2c79a2eeb0b540bc586b44474bfa5882cb5,3306170619,1375p,10,01
2025_26,ee6ddb91a625f7d001fae8e0f554d2c79a2eeb0b540bc586b44474bfa5882cb5,3306170619,1368,4,01
2025_26,219685fa6e26474d80e774aa6c64dc6c6fd2f3134cdda1f30b74067b6b4dd77c,3306170619,1368,8,01
2025_26,586ab46864d00f1267ea22a38dc946bba5304ff52a110c87b950521b3361cc8d,3306170619,1709,8,01
2025_26,3578b7d660a0b11daf0c6e9e7abe410b55ae6d4798e46d0bc73b27d73fb80a1d,3306170719,1373,0,01
2025_26,e53c12bd1cedcd149cf322b6d80b43f41f636bec285583f1d615693c1afb884e,3306172484,0177,7,01
2025_26,b437954538af098ea4779c88684b9d3cb8c3f2c8cd8ea5b75d5ef72c16aaad90,3306172484,0177,0,01
2025_26,19bde2654221ed68dbe749f75cdd118ccb641becb894042f75dc25923fbafb04,3306172484,0181p,0,01
2025_26,b0bdab705e6d59ee639e1d6e3a1e0add22251684c31b423500c73bdb37742d1e,3306172484,0181p,5,01
2025_26,3d5145adddab824aed143996a74a489ee218827a6b487acfaf0aa616f788843e,3306172484,0171,0,01
2025_26,860a875d52ff463fda2b259dccb9fd6408ad5fa250fb6bd4baa139fed5df1282,3306172484,0177,4,01
2025_26,a03b1de068503a19b0dbdbc1ff79ca367b32d609fecfa55f8d78fc4cd313d549,3306172484,0171,6,01
2025_26,84123aabb04b3d023251b08ffacfdabf2d45830cd611035c0c30dd79a3d27115,3306172484,0173,4,01
2025_26,f58e4815da1d286a17a81a170b55a32cee2a18ce312c64203582d53729179865,3306172484,0181p,0,01
2025_26,f58e4815da1d286a17a81a170b55a32cee2a18ce312c64203582d53729179865,3306172484,0177,0,01
2025_26,bcb004e1c0721070a6ce6eb8dc24f215635d8a292a69375445b74cc477850728,3306172484,0179,0,01
2025_26,7da27355b3451d0309f553f487dba920b0d960a85ab4d10a78f8e035706c4979,3306172484,0173,3,01
2025_26,7da27355b3451d0309f553f487dba920b0d960a85ab4d10a78f8e035706c4979,3306172484,0174,3,01
2025_26,ca3493937ea6acd77a05ea1852aea724619830fc51252a75ac6762b0963b1f7f,3306172484,0172,0,01
2025_26,ea31583863c7fc4338528d0394c79257e05a8bbe958e6d6d80c17c6f9ecde530,3306172484,0171,10,01
2025_26,ea31583863c7fc4338528d0394c79257e05a8bbe958e6d6d80c17c6f9ecde530,3306172484,0177,7,01
2025_26,82a326ee68830799e2aa0faa9f5ad9eed20ff04c6bc701ced90fe20dc739b58f,3306172484,0181p,9,01
2025_26,fdb7a3ecf88720b5622862c8ccb4de3211a6ea23630c5b24eb1a9924aac2f20e,3306172332,1709,5,01
2025_26,fdb7a3ecf88720b5622862c8ccb4de3211a6ea23630c5b24eb1a9924aac2f20e,3306172332,0384,6,01
2025_26,b8a88d08af5241709223617befa68e5f0a722d8ead360c6a9d7f2f633bb797f1,3306172332,0171,7,01
2025_26,af6c44aa3b6ba4d4a46ce0f345aa00afbcfbf6d5ca21c8e9982621dcbddc741f,3306172332,0173,7,01
2025_26,fdf285ec84c307e540dd1357d50cc29cb637dd72f0c152772e0262dd4a5ddd72,3306172332,0383,9,01
2025_26,a04a47effd9c495c71eaf0e6896400eb8a5b33a3358b3f3e7a08a7901006a375,3306172332,0400p,8,01
2025_26,05e47021fdac03b363a54fc393073f06fd3736b9f71c0dbb88306ec68b01489a,3306172403,0388p,10,01
2025_26,0e3cc32a7bdc6379c6d2c3f73a90e971371d1b64df6fe42a11058cd89f94739c,3306172403,0388p,10,01
2025_26,acbff48c382974534c4475b8c1a9124a27b51a638dba6c21d28f4f9be8c0807f,3306172403,1709,8,01
2025_26,acbff48c382974534c4475b8c1a9124a27b51a638dba6c21d28f4f9be8c0807f,3306172403,0388p,8,01
2025_26,36f4a0e5e6c88186f72e6f51f83d245b0353463ac5a7280a45ba4ff66b2f8e9a,3306172403,0384,4,01
2025_26,1a210b1aa13db5a02d6033fda2b175841db3040d1b3529d5e77f7e6d715e230d,3306172403,0173,9,01
2025_26,79292bafd2903c6fe707f48e2ac3f36a5dcca0026313ef42f487c9fc642f8ad7,3306172403,0171,5,01
2025_26,eeb1c38aba526b9d8ddbd3a6bbeb34b375896c01f5277a2f845e611f78efca1f,3306172403,0172,7,01
2025_26,a635ebf231742e694609d4e1178605c914fb01581c634dca780ebd4607397edf,3306172053,1709,0,01
2025_26,cd9cc0164e0ea3df63044883a11048dd28f6bf07413d9fe26d642d097a058e5c,3306172053,1226,4,01
2025_26,8ca685b85919398176e54bb27765832fec61d14a7d0e18184ef7ef0bdd7f97ce,3306172053,1231,2,01
2025_26,9f9afd4aff4e441a8659a752e2d513de54ca75711680dce390dbb0e0e77b1060,3306172053,1233,4,01
2025_26,e8ad3b4177b334fb62c540d2a30766bd6e17ec516b3c010ad1594d404941a390,3306172053,1709,7,01
2025_26,6ae47c614ea8512e113ea31edd3f499dfe19b6be0af188fd0310554fd1ca7a83,3306172053,1232,5,01
2025_26,eb6187d7c813a5b6801aaf0fc5f593e76072a44fdaa75af7466ac48430fbcc90,3306172053,1233,4,01
2025_26,2c3a3022cdbb2cb7cfdf2524a1eaba5bf665488a7a37b17a15357e7aab856544,3306172053,1232,3,01
2025_26,9d814ddad12b96831dc5e3c8875cecb386580b8c7973155f7d6db152073ed837,3306172167,1709,6,01
2025_26,9d814ddad12b96831dc5e3c8875cecb386580b8c7973155f7d6db152073ed837,3306172167,1012p,10,01
2025_26,44fbe4406f1b76fa3f458ba7b37ade29026e9e51240748b6d6d326d077083229,3306172167,0931,7,01
2025_26,1c392a3a3a8adba8848e7edaa1a766cf9b384796c53974412f3b1dca325e604d,3306172167,0931,0,01
2025_26,5a32c2badb6de022920b15632eed0ee1b4cd37014542deeff767da2c614fdf83,3306172167,0931,7,01
2025_26,5a32c2badb6de022920b15632eed0ee1b4cd37014542deeff767da2c614fdf83,3306172167,1010,3,01
2025_26,66acb78e0f2f532fc48be30f026fe4e7b9dc40f8b88aa7a570489f5aac96a3ef,3306172167,1012p,0,01
2025_26,8ba08d4d675f9d4437fc4107e2bab57cba8b351f28b431ea843efe62ce14706f,3306172167,1709,6,01
2025_26,e6766bb7a662bcc5fef811c4323b2287321f6df94d65de895e6365dde16bea65,3306172167,1709,5,01
2025_26,e6766bb7a662bcc5fef811c4323b2287321f6df94d65de895e6365dde16bea65,3306172167,0179,0,01
2025_26,e6766bb7a662bcc5fef811c4323b2287321f6df94d65de895e6365dde16bea65,3306172167,0931,10,01
2025_26,f8a4cee414ec4d149aa6f65e19ac60f2310d5bd60646b5a5707405d50edc013e,3306172167,0931,9,01
2025_26,13936f02540f52c6a9d60fe1ca8b60495709d9ffca28aa49ee374587b45e00f9,3306172167,0623,2,01
2025_26,46ed0bd04248e6213164fa5f8a2bc0b7bf5350dda25087bce6f0015bb28146cf,3306172167,1012p,8,01
2025_26,da5f9d93567899e0c4b7ed339e91585837f37cf76db08ef801f2e6beaf593760,3306172167,0179,8,01
2025_26,6309fac77be30ab9ec553bb3de2a0238b073bf9a5f43963f2fb2f82594db668e,3306172167,0930,4,01
2025_26,8ff672e53d013f2fe9945389b4d7f59cc3bbc84779d382de66396b3a69076047,3306172167,0179,9,01
2025_26,7ba5fec4c68b2ffacc3722aa61739710ef2821f659a389e247a34ac0ec422157,3306172167,1010,2,01
2025_26,08cdc734ad04f41ade219537506ae91a954d3a2cabbbda6d6c83fdaa49518644,3306172167,1010,6,01
2025_26,b22ebd4eb75cbe3b0ff7dac7fcc8fdb3a16924a4e8bfbbb082ec2496a6f471fc,3306172167,0623,6,01
2025_26,9b320d9bee526d1c898bdafc98f9c91d0947f6180a0b2194951c7c9447b033b2,3306172167,0930,3,01
2025_26,9b320d9bee526d1c898bdafc98f9c91d0947f6180a0b2194951c7c9447b033b2,3306172167,1010,3,01
2025_26,f9ce3c9ac0d6ad246a9545012746926a30e1652dd36d0c828c5267e7bb607200,3306172167,0931,7,01
2025_26,ea8a99bacb12d20a4c2b1f615af3ce9e1df3565b0e2091da8ccd7e0a6de608cf,3306172167,0179,4,01
2025_26,90609e821d9a1fc60b1cd740a0309ead357c0011698170695f3f86138e35b5d8,3306172167,0931,7,01
2025_26,d1b37a860ded5b908b00860f6c0e8e2e218923ec29f1795656fad92eb5004887,3306172167,1012p,9,01
2025_26,4a0be8352ee1bb77c6e23382dca2bd6746e56f20901f0ffc11c1e99c64f8026c,3306172135,0623,8,01
2025_26,4a0be8352ee1bb77c6e23382dca2bd6746e56f20901f0ffc11c1e99c64f8026c,3306172135,0627,7,01
2025_26,ddc099d7f233e777fd85c2a80815ce0425febe954a5897b61907a61f7a458f8d,3306172135,1709,8,01
2025_26,71c8d9ce59448e78a72305c19facd6ec166f86f858eaa85c14d6b9bc4e08c387,3306172135,0625,8,01
2025_26,c23ac585710b9b1d744c4d6f73498a0ae9f533569163bd3839857338719fc27e,3306169433,243264,10,01
2025_26,3c1e4bca3648dfee11c4432841df90fc32fa919930dcfc02ff763ce4b1ba75b9,3306169433,243265,0,01
2025_26,9d5ad08b4c7fbbd5bea94a48b1cfeffb66ea49c0a332aa6e77151041e753d250,3306169433,243267,9,01
2025_26,fe8fedfe7a3acbab2007f51cd4e265c6ba4e444bf9a6f74aa7990c1e3d0b6d5f,3306169433,243267,7,01
2025_26,90df183030847d3f7578ebaa4b1b67408e25555516589fa52e055d104905bddd,3306169433,243265,4,01
2025_26,7c709d745129dae4172ad5d48dfa761a5d19693f81100b9db0706a98b4058171,3306169433,243264,5,01
2025_26,b80adf6418b64e37d4b547b0c6fb8aad9d6aa232516bf63bc9d07558c142232a,3306169440,243604,5,01
2025_26,1db8fb484681e0a441aa19ee6738a4b24972d68a5e0b28d92011791931055e6a,3306169440,243602,9,01
2025_26,50bc2ab59a2cb5b40f0f12fc4823dba18fcd0b829f288c998980123e22d8089f,3306169440,243604,6,01
2025_26,abb3aa28e17cba5f2405f4f2dd719c2c9c9a06593f1c87eb01caa5a0154aee6b,3306169440,243604,9,01
2025_26,ee533db89a9236b29dce215fedd76a086d678de79b352d17a534c894de8f4e11,3306169440,243271,7,01
2025_26,02e963aadb8e832f6acc69c8ec27dff192de10864589cc20b641afc7ccc39765,3306169440,243271,9,01
2025_26,be0156152229ed4f2292309d5e68ffa919f1d7f25c434349345105a03a81056e,3306169440,243270,4,01
2025_26,ba0b121ab7279d65fecaf566dce8072fff5f5c854988ae9643e662c1bc9106c3,3306169440,243271,7,01
2025_26,a3ba243a30e89c399e77472295e92dadfa68a9a8df4401c3569ea15a60eaebe8,3306173997,0440,9,01
2025_26,c6ae007bba9122296320f13a7a7fccb996ad1ce6d71157ea0fe0b18897debb67,3306173997,1709,3,01
2025_26,498c097a93eec82ceb15f758df9c330ea62cae123e177c27a2818b6e726047f1,3306173997,0437,10,02
2025_26,498c097a93eec82ceb15f758df9c330ea62cae123e177c27a2818b6e726047f1,3306173997,0438,0,01
2025_26,e46f9bfe68f3772a73907d4ae3733b372567da5a4d86c2bf7bfceabf3a672a26,3306173997,0156,8,01
2025_26,33b19e3967b4a5ea99767ba1211724e00b8911857de88f0271ca8bd4f4417528,3306173997,0441,3,01
2025_26,a533a19664ac80b4bcb53c30e4747d29dfc8c1cb1c76f25bc757f6414e3d2456,3306173997,1709,8,01
2025_26,dfe72718a8fa8b613c48b3fb50ab1613df452fadc557b00be7d0c17f8d8e3626,3306173997,0156,9,01
2025_26,e4df794ed66bcbaa4291a3db4b9fd4021c002d6f612bc4a76fce2531c16fac32,3306173997,0438,0,01
2025_26,88819fad11756b651772d10821d253c349fc80d15c728d4c5b3efba2bd2c6d26,3306173997,0440,9,01
2025_26,01e3f64bd51485d35b24211fa6f02d4154380cff02ed6f4751286546b3d9b7a5,3306173997,0441,8,01
2025_26,e03ae84a3d1bbae3bc9ffaf91c107620b079c1ce8a950b9ea858c3bcadbc4adc,3306173997,0156,7,01
2025_26,e88784ff773ab7436dad9ad8f3614a3e609f682b9fa1a84f785cf74372576937,3306173997,0441,9,01
2025_26,6758f5550724df4504c56397b78503b6c9e2f9cdada4fa92d5be4dc7b4213260,3306173997,0437,6,01
2025_26,41eb0f32c27b3f905febcfba70457e735929ce7448a0471e4a205747131d5e9b,3306173997,0439,9,01
2025_26,d36ed655c38ddd39a2ae843664e6fa11b49d6b3ebdc3c5dbbed7492b056624b9,3306174048,0648,9,01
2025_26,ef4d79efa0a1b22adac94b2ad2adbcd3edd3092d481749f33ab681f28528d9f1,3306174048,0179,0,01
2025_26,855debfe9f0a935f207ea0c9563e6cc586554599b8aadd3ff59df67d96dbac6b,3306174048,0649,9,01
2025_26,7794bb65492780cde77c03c1db4b8127660777050f463049f98d6917d5ccf34f,3306174048,0651,0,01
2025_26,5c5fba0e2a1f84975ab3b3333dd3c7bdee986f9d57664119012ef6ea2eb3a11b,3306174048,0657p,8,01
2025_26,7f4dcd935b9cd442dbff4911afbe1175635788f67851fba06d2a1b570c12c3b7,3306174048,0657p,7,01
2025_26,7f4dcd935b9cd442dbff4911afbe1175635788f67851fba06d2a1b570c12c3b7,3306174048,0648,6,01
2025_26,13f655911354ad375be8ac6c20fea4c2445a327e10c409ec0361f6f9ec0e935f,3306174048,1709,5,01
2025_26,13f655911354ad375be8ac6c20fea4c2445a327e10c409ec0361f6f9ec0e935f,3306174048,0651,3,01
2025_26,ebe7f27767ac34c33ad465439b3c78641f76e970d247d126d4112258a2643551,3306174048,0647,7,01
2025_26,d4770efeedf867d67817ea96b57b9b2c3a0141a576d6a61f1ec0faf26b4d7593,3306174048,0647,3,01
2025_26,c97fc31e1e1c09a2307cd60fed3cee2d29cb07677d19f3b16094d09d238f749d,3306174048,0649,8,01
2025_26,8ab6c1228327b705e1790f3232dcb1d9d4aac248cfe99e88c18b4adc5e709823,3306174048,1709,0,01
2025_26,7ace8404accee77e58ff5c84ea986329e54fe9bb2c8af9410689109e91a20e25,3306174048,1709,7,01
2025_26,0fe3858f393b63931a48cb0a11665cc15e78869df39db723517400a173938b62,3306174048,0650,9,01
2025_26,dfced5735d0491accf35c8d22aa2113e742b52d286fe536a9f0d63a549ab0476,3306174048,1709,4,01
2025_26,dfced5735d0491accf35c8d22aa2113e742b52d286fe536a9f0d63a549ab0476,3306174048,0648,8,01
2025_26,4350e22aca365f5ce4c11ca2e7cec534449486aee21dc723aa854281ebc5b0f9,3306174048,0651,8,01
2025_26,516200967fac07b86bc69c8fefa2f1494fcc6262de2ec9f49e4453104344e2b9,3306174048,0657p,7,01
2025_26,1497ed5ffe286232d740cfe4c7eb1898773fa3989688b7c5d17b3d9b00fe7217,3306174048,0649,0,01
2025_26,485d972d86d38409eee2144e1f24953ebfd2a7723c0b2e5f304692cd05304b34,3306174048,1709,5,01
2025_26,7c60a1e422fb050fff9fbba3df25064d8f9d4f5c24b47e6741e5f5a207a021e4,3306174048,0651,3,01
2025_26,7c60a1e422fb050fff9fbba3df25064d8f9d4f5c24b47e6741e5f5a207a021e4,3306174048,0650,7,01
2025_26,7c60a1e422fb050fff9fbba3df25064d8f9d4f5c24b47e6741e5f5a207a021e4,3306174048,0649,8,01
2025_26,dfd6cd2d7dbdc135f89772cab1f8c654a087a4856c7c9ce08d3698fff6cb84a9,3306174048,0657p,6,01
2025_26,4b9045212484beaf5ff4f9e3f90e65df0abe2887cc4d6c5a592d6b00f80b36b9,3306174048,0179,4,01
2025_26,da0f53698eeb3574347e384758155cca56d7ef072b005c1f9a5926a44323af88,3306174048,0657p,9,01
2025_26,a9690538725d1bf2c36632a334bb95cb1c3edc1587c6d6773fc81c9a13b35201,3306174048,0648,6,01
2025_26,d909254b542d716952f37b0c4eff05d8b0c87e636624c25562550f856a4d2c95,3306174048,0649,8,01
2025_26,ceda5e23a55c7fcf9c1ea03196e5283903b9690aa300201263c806fedb286716,3306174048,0657p,9,01
2025_26,1d31bcb25f551fcf6244c79d9618f76621792691b92239811fce1643519aac90,3306174048,0649,9,01
2025_26,1d31bcb25f551fcf6244c79d9618f76621792691b92239811fce1643519aac90,3306174048,0647,7,01
2025_26,09e345f2240b0daad255f253204d36516bf66b770a9ae8ebcc1e67e936d287cd,3306174048,0179,8,01
2025_26,23bc8fdaa0b1fd1219b32e0e84d55a77e03cb2a0112629c69420a3230945f215,3306174048,0651,7,01
2025_26,23bc8fdaa0b1fd1219b32e0e84d55a77e03cb2a0112629c69420a3230945f215,3306174048,0647,7,01
2025_26,592dc1d4cc750281494b8ea94853afd538817e5f5f3947f50d726269730acddc,3306169744,0370,7,01
2025_26,d168ac375fa0c9e2fe709a71e25ebcd6569efabad2140cc94550c618be93b324,3306169744,0372,9,01
2025_26,dc97e11d001faf560fcfdd332bcea9ce77a96bb3e6cff98c29a3aff929df53e0,3306169744,0372,10,01
2025_26,dc97e11d001faf560fcfdd332bcea9ce77a96bb3e6cff98c29a3aff929df53e0,3306169744,0369,7,01
2025_26,8fc80d74b924c4a325fd136b55d295e906e183a7b86193ef0bd9ece604fdf689,3306169744,1709,7,01
2025_26,2b582d9fbca7b9c82d7db62cbb59d7fc98b49affeec50b05634c274a03e84a83,3306169744,0369,7,01
2025_26,36609aef4e3365e525f60e03085709425ac73d55cf7e05a42254a739d704896f,3306169744,0370,9,01
2025_26,cc42cfc0f92af6b941969bd8c5a31b8a735b4ec6c0a93460da779df7a75f44b4,3306169651,0485,0,01
2025_26,78590b2aa79899c53c39d4d3d5b393f2668afa57332492dec4b1e8607e4e126e,3306169651,0373,6,01
2025_26,c4124b00fb930f72317c2d46aa716f692afe2e2942444d2ef1a52e57f5bc9cd0,3306169651,0483,9,01
2025_26,822091bb64610fdffc78ad0538be10601f5c9ca18b1d4a19f08083ac18c8542b,3306169651,0179,10,01
2025_26,822091bb64610fdffc78ad0538be10601f5c9ca18b1d4a19f08083ac18c8542b,3306169651,0484,8,01
2025_26,2ae85d0ad6646d4c4e28efba98d2a957028b32f8c101d9dd623a030faec023dc,3306169651,0179,0,01
2025_26,8f888b395955d255e4a39c3fd880d2b2d87f6ef203a54d03fe597bd2f1752bd0,3306169651,0483,9,01
2025_26,bdbc1a8276fa82ca8995eeef1d32afd3b177e7267e3c99155168d4d0436e1741,3306169651,0483,0,01
2025_26,826391349266038923c3e20caec6cef0af39e2204a3e90eef18e827eca08570c,3306169651,0485,9,01
2025_26,9cbc4b73c84ef49583fa65563958fa766fc9d8e4b6eb67bdb8e3ce36d5ca553f,3306169651,0179,6,01
2025_26,371d57f65d21544c1eacd29a3bfce03c28ff70f4d2f4dd551f4e35a4a4a2f39d,3306169651,0179,9,01
2025_26,0fa55fc5fd6a4a78829f6bf58c8a6ed35816130e835d902321d0605dd6b8e18e,3306169651,0373,3,01
2025_26,ef6cab817e2f5103d5224cdba786257167240ca0b3ec1c67983bb9fe70064cc7,3306169651,0179,0,01
2025_26,13556de0742a0121646ee0023958dd986147ff716e5e5d4351f561e5c0bb2a74,3306169651,0616p,0,01
2025_26,13556de0742a0121646ee0023958dd986147ff716e5e5d4351f561e5c0bb2a74,3306169651,0485,0,01
2025_26,08334713821fc607619b962b682d4c51a10da81782aa9afab7c1c0a286cb8b5b,3306169651,0485,0,01
2025_26,7fc58a72092e2dc3a445c82979a1090d6a6ee0f59cdf3356b35aa81abefdfc1f,3306169651,0484,6,01
2025_26,67c094115b3ab7cc91c12e659538b1896085fc44bba7abd636163028a58e9761,3306169651,1709,0,01
2025_26,19b542507ece7d6579bb2fb8a9acdb6de11a46054605e903202271ef22923b19,3306169593,1709,5,01
2025_26,26b36a7a83a944789a57096aa71471ac90c405052886d56b9402d3568883b350,3306169593,0223,0,01
2025_26,df2ae9813bf7a62adcd85eba405c00c1d8b84010a82d06c9048aa17a8a2bdd95,3306169593,0156,0,01
2025_26,59c699fa25069387fef2adc86da1c68366a9797e0d40d3d734725f0079715bea,3306169593,0156,7,01
2025_26,d33d217352215c15a50b65791fe0b680bea94205ac4e8f26b211280625f698eb,3306169593,0221,8,01
2025_26,8707cf4a6dec03839ba36735135394a9e15d03a2cac3d198c8ff2fb26c164f84,3306169593,0156,8,01
2025_26,a2a701f2889655ebdf59e42e41668e039160544a1b836f89f23ff139b81f61c1,3306169593,0225,4,01
2025_26,c7a50cc1a1886bf65a913f00dec28cdf0671eb7e8aea86b65f8d79aea888a0b8,3306169593,1709,7,01
2025_26,d6b684fac33c8112a4a40df824bbcce34385cc1ec713c73beb931d16837ec020,3306169593,0221,9,01
2025_26,5b603f43f6da8da457b566e13a1e6532a543815877a1b3f29b076de940953650,3306169593,0222,6,01
2025_26,684d53095b3a2aa0bebe965c9a32769b6bcfe044c49481358edb9f2165b779e1,3306169593,0223,7,01
2025_26,684d53095b3a2aa0bebe965c9a32769b6bcfe044c49481358edb9f2165b779e1,3306169593,0156,8,01
2025_26,cb22b35cf7d5fa87ab53e32a2e0e8fde97cfe73392aaf4a982d1582a915ca377,3306169593,0221,3,01
2025_26,3272e0ba26c370c4425d1c133230690d9ab8636361c7c7138e84b8abfe3bc2a9,3306169593,0156,0,01
2025_26,730e5609ae44f1cae55cd42b825a846268d603ddd221007056f1ac895f0b9b17,3306169593,0156,7,01
2025_26,6f0bb76a6ca11427a14e1756950bdcdaaf79e63529c5f8f310a51752248bf9d8,3306169591,1708190,8,01
2025_26,c35fd8e3f12257fec8587c921a2e93d04f2ef7fa2e46437eb1b719cf0a1b9051,3306169591,1708190,8,01
2025_26,3c9480648c862cce6802c831efd1c1660c993c26fd1dd6074fb64e269a276553,3306169591,1713707,10,01
2025_26,3c9480648c862cce6802c831efd1c1660c993c26fd1dd6074fb64e269a276553,3306169591,0226,10,01
2025_26,cf933a5eaa45244f67884eae884d781eddda67259e94af5b840b6e7ec9caefe0,3306169591,1664190,10,01
2025_26,cbb720b6857bb3d96bfca740ea7c94ad75ff5a6aa911d15f5a3610f1f187216d,3306169591,CVOPT,5,01
2025_26,097a4aa5acce0fbd7f683522178c9076649c9f39f052c00d0dc3f0891d82534f,3306169591,1713707,10,01
2025_26,40d6bf597a1a0718d02db2dbfcd0b0ba061b997085a81760d1b2cf4a7c34c8e3,3306169591,0224,4,01
2025_26,867202a83dba25714edad821cd1e24322696bb5104c8266db215c3c841d86a54,3306169591,0226,9,01
2025_26,972661a5ded9b351208d3e9d46c91f13f8b0f21cc39df20e321d725890e177b9,3306169591,0227,8,01
2025_26,55065ac001cc44138a2be476c6f71a186d58c7e63b673c5d634a4ccf6cba9fea,3306169591,1710,10,01
2025_26,6b8553049bad85c165181a7a09dbef3bf8a9f818ef899b9060bd4a1071bdead9,3306169591,1708190,5,01
2025_26,7415989e98feb213cbac9eee9f4f232930f30e81b4881a0de273ebdaeab3411b,3306169591,0226,7,01
2025_26,f9e6a2cc80aafe38b3543b1e81ca59e44e8bb707a5b2f29a87758354d3ffda01,3306169591,0228,8,01
2025_26,37356441705934396fa0c885fb1428aea26ccabe8285a5b2576f8de81897e733,3306169591,CVOPT,1,01
2025_26,b8590c9158241ef9e50c6e2869590385492e89dc85527e39fa482066ca2a2d73,3306169751,1665190,9,01
2025_26,2f3b973e2c58e5e89b6cf7408df34a45b0a3182aa3ec727bdb0d513622a443d6,3306169751,1708190,10,01
2025_26,2f3b973e2c58e5e89b6cf7408df34a45b0a3182aa3ec727bdb0d513622a443d6,3306169751,0375,10,01
2025_26,f6c302768e0468951fe73d905bfa4ed345d8158b6735ac696cdd997dffa0f26a,3306169751,1708190,7,01
2025_26,998ed5c5da662f7d54122066b719c193b194034411a7a88d8b3f7c0a5fc5849e,3306169751,0378,10,01
2025_26,5872c3e58784ceb438cc562ea71874e41536dc38240bd7045fbef87586fae298,3306169751,0379s,10,01
2025_26,c48ad409c59015dfd30e638356dd68478c1929dade8718ef91de07eb96302ef5,3306169751,1665190,7,01
2025_26,c48ad409c59015dfd30e638356dd68478c1929dade8718ef91de07eb96302ef5,3306169751,1708190,7,01
2025_26,047d440784e11fa29ad2e96d76f3fdb9a2629d7440f44893cca04bfc9807a23e,3306169751,0377,6,01
2025_26,7dcd35216c81d13e79e914b6181c0f7084d693b45ac5fd704dc0c28f02a4291c,3306169751,1708190,9,01
2025_26,74747ce230305dbeef72ba2d2bc98e74e9436abdb3b40fdb5c1d0f0d7714457a,3306169751,0378,6,01
2025_26,74747ce230305dbeef72ba2d2bc98e74e9436abdb3b40fdb5c1d0f0d7714457a,3306169751,0374,2,01
2025_26,fdec83d934356de77e279025a07ea734bc2d5ae4269315aa4ef56bba6613e1e5,3306169751,1708190,9,01
2025_26,3dca1d5c2e19668ebb8647603a0ab65fff7988f0bb37c078d6cbe5e9688b42b6,3306169751,0378,9,01
2025_26,348eda024cfa001cde4a6ee02d96741347277693927793885808c3a1ff13b6dd,3306169751,0374,7,01
2025_26,6c6c08962698faf434d13596a2f4fa9b83d0800492f2c7f3d0ab5b67368f3fc7,3306169751,1665190,9,01
2025_26,a93690df50d8d2e69d1d2d81076dea3a80165cd43a1b171526b4b50e61d3af71,3306169751,0377,8,01
2025_26,56123c5daf65aff67ba55ae7d2bb9a58bddfb5a0e0e07b1fed49efdfcf208a75,3306169658,0615,6,01
2025_26,56123c5daf65aff67ba55ae7d2bb9a58bddfb5a0e0e07b1fed49efdfcf208a75,3306169658,0614,5,01
2025_26,ee29b13c0682d2c9d4550e33452944e6982b8e8198b2841e1fa30164a1b9ec71,3306169658,1665190,8,01
2025_26,b5199a49b597efc5d445ecac778e7ebb6dbd0f6a37e5fb6e47d8e59b4bbb5dbf,3306169658,0612,3,01
2025_26,411ed29ce82c50a407b536c0cd30217a7ffdf8e258cca9c5adc38081d5b908be,3306169658,1708190,8,01
2025_26,411ed29ce82c50a407b536c0cd30217a7ffdf8e258cca9c5adc38081d5b908be,3306169658,0614,8,01
2025_26,eb8ef6a3581b0aeee9ca131ba8551842301a79ed9c465df132f1e33e8e2344c9,3306169658,0614,3,01
2025_26,eb8ef6a3581b0aeee9ca131ba8551842301a79ed9c465df132f1e33e8e2344c9,3306169658,0613,3,01
2025_26,0f0e267f4a27b75b87cad6c03403a0306e712c168d4122c8f81df5ecf1f1fcfa,3306169658,1665190,9,01
2025_26,336869d5e562b49cf02518e0800cb658d19a9c575633794e430bbf954f943a6c,3306169658,0614,6,01
2025_26,f45aff09ab6f9c05fbb7dc5f9ae7a4b9b1c9ba197cf2cf85a93cccfe99a5a1bd,3306169658,1708190,9,01
2025_26,c70c4641d8b02f785948ceca733032a6946d0c2e7a7047fac9af48fc3c868792,3306169658,CVOPT,4,01
2025_26,d67b23354ef222838b79cb1a20689af26e9dc5402c84a97ebae5825a157142ad,3306170617,1371,9,01
2025_26,4809cb4342e17cbd1cb864924d77094d6f16c0f734dcdc4ee5dcbe0464b25252,3306170617,1373,4,01
2025_26,f24a68675bc961e6515b38d660f58aa2ab1956394f1f866a86067dfcbc24d907,3306170617,1374,4,01
2025_26,be9c72347a884f358f08b2f0c6f629479c16c8bdc7b817ef09cfaa9946c1f609,3306170617,CVOPT,9,01
2025_26,d8c9f520e910796788523b36ff465e7d3167a736f96e0b230362aace73941a2e,3306170617,1710,9,01
2025_26,ce94958738da932e7d31a5c46ecc4771b1fc0dd2b39101fb2a5bfd35bf3b1364,3306170617,CVOPT,8,01
2025_26,480f035055bab83a61c75c92b1c99e6aa96c062d7d31eaefcad185787faf0a82,3306170617,1371,10,01
2025_26,480f035055bab83a61c75c92b1c99e6aa96c062d7d31eaefcad185787faf0a82,3306170617,1372,8,01
2025_26,1076a7e61a8af788675b68090326b12080a81f374eb459f011aaded8b5ba9a50,3306170617,1372,4,01
2025_26,c8bc289f304189c63b6e42cc40757b11ca4bf1f178c59d32055f1bc89817405b,3306170617,1375s,5,01
2025_26,ba8f7ea03669b6f608dd446d6e1b60983b93b3d6aea2ea4e17b6b43b25236914,3306170617,1374,7,01
2025_26,26fbf179f16297cb979067633c4ef2fe0ed66a62036a368e306d8fd7163b19ef,3306170617,1708061,10,01
2025_26,cb75aa59969b33eb3565b054b705aa6d51301fa2ad2b215b6e327a5198841d4a,3306170617,1371,9,01
2025_26,615b692a42042fbca24c874fcde9bfd1a7e6633e68af55a2454d70442d2eb202,3306170617,1375s,5,01
2025_26,61c96ae7ac4201dc18773fa161e6abb76b34b52814782b9078fe401a5e811129,3306170617,CVOPT,9,01
2025_26,6de184a5bc9a3b92f574c417b403db4a28e0b17da98b466a0a8b93f416cc50d5,3306170617,1374,8,01
2025_26,9b5bba959f4148a97cef7db6b47d8b0005c4b2431d53c21492be4c3fa34e83cc,3306170617,1708061,10,01
2025_26,f1a7a595289c28e8614c14feaded8bf8242c3e102a4fc8006cdc584d23b63952,3306170617,1665061,9,01
2025_26,f1a7a595289c28e8614c14feaded8bf8242c3e102a4fc8006cdc584d23b63952,3306170617,1375s,5,01
2025_26,37c799c39ac725eb0ef72ec5f4e49d96e9ef687e21f841390df96cebc7ef8eb1,3306170617,1374,8,01
2025_26,5cb8dbe0ac1dec3ddd2f4e2161054f7466a4f1f1770e0f6c23480964fb27f0cc,3306170617,1665061,9,01
2025_26,5cb8dbe0ac1dec3ddd2f4e2161054f7466a4f1f1770e0f6c23480964fb27f0cc,3306170617,1374,5,01
2025_26,00cd633df05eb2b09eba521d31d4fb6c94bbc7c3e9669029562055d710110496,3306170617,CVOPT,9,01
2025_26,6bb7bd00e07a53a2f63df6d28f6a2fd6c0f1d718e082f327a8b217df7ead3d9e,3306170617,CVOPT,9,01
2025_26,6bb7bd00e07a53a2f63df6d28f6a2fd6c0f1d718e082f327a8b217df7ead3d9e,3306170617,1373,8,01
2025_26,7657e190bfe788ddf76b72b85bbd8aff95ddf3d13a88174b780436cb66a28822,3306170617,1373,6,01
2025_26,e3a75ebd29ec97f36ce8f3302bbf092118c0d38e196884799c7b81146d404906,3306170617,1708061,10,01
2025_26,e3a75ebd29ec97f36ce8f3302bbf092118c0d38e196884799c7b81146d404906,3306170617,1375s,8,01
2025_26,61e300eba18f2733f3f16bdc0e87d76436a89025a49824fc244023643b740b3f,3306170617,1371,8,01
2025_26,12c88ccd3604c160e06b29326cd06a27f76e3d6434bdf6dea1d9ab2c9a54513a,3306173995,0446,7,01
2025_26,38e75f70c8cfb37616f566aa5b06524ce35ae0d2a881f05bc2bda34de5d9f69d,3306173995,1710,8,01
2025_26,d42397f3ca5aa5d233525300f7a803acafa3de4eceab07e106838913c0652410,3306173995,0446,6,01
2025_26,0e3f65fdb6c703e0ea8a9e1261a4fbef2d36e64183ee3af36786efbb6bcd4b59,3306173995,1664001,9,01
2025_26,0e3f65fdb6c703e0ea8a9e1261a4fbef2d36e64183ee3af36786efbb6bcd4b59,3306173995,0446,6,01
2025_26,0e3f65fdb6c703e0ea8a9e1261a4fbef2d36e64183ee3af36786efbb6bcd4b59,3306173995,0442,5,01
2025_26,0e3f65fdb6c703e0ea8a9e1261a4fbef2d36e64183ee3af36786efbb6bcd4b59,3306173995,1710,5,01
2025_26,613b7d5c2a37c56e7764e7423d73381c43e4a53da28c97e7f192add8001b5e8a,3306173995,1708001,9,01
2025_26,2bed8b63d7fc93d4354293e63f943b3d3ffdaa368162ed737662782454b565bf,3306173995,1708001,9,01
2025_26,2bed8b63d7fc93d4354293e63f943b3d3ffdaa368162ed737662782454b565bf,3306173995,0448,6,01
2025_26,a42315ece951a5f0d39bcfb3425f7e8c23b48f8671883926e49f3dcb93789d9e,3306173995,0446,6,01
2025_26,f3a6a572aa8dfd5d12682e0bdf14c7bcb46b45000c806e7765067e9bcc4fbf64,3306174046,0653,3,01
2025_26,46ac30514bdb0b402d69df73aa8ed80ab47502f9256e303177696d988e40ee14,3306174046,CVOPT,8,01
2025_26,46ac30514bdb0b402d69df73aa8ed80ab47502f9256e303177696d988e40ee14,3306174046,0654,7,01
2025_26,e33706626d3e37c5c20e9f08e01388fdbf20f89aeb32b784039f9d3b788de7d9,3306174046,0656,6,01
2025_26,5f1fc32d6bf54a01dde61ab010daf07ed029afca5be0daca90eb4d9fa3c9475e,3306174046,0657s,9,01
2025_26,9b4203abce2e19bec55c83f8c1e84d1ba0ae742e8ebc17190a0e27b8faab512d,3306174046,0652,3,01
2025_26,9b4203abce2e19bec55c83f8c1e84d1ba0ae742e8ebc17190a0e27b8faab512d,3306174046,0653,2,01
2025_26,b62e2f0d9a44280c59ea52b9f938ef252ff323f431ade972979add08b0b783c4,3306174046,0652,9,01
2025_26,13a5db0c47e6dc1b97e6e4b545ba2a42ef13e0e9040144aca8359463ce78bcf8,3306174046,0656,7,01
2025_26,252a32167aa02f42e9280f38270f85fa5aab05a829285d000cf47baa6ffee1b7,3306174046,1708001,6,01
2025_26,55d28cef7f2bf8ca567bbe12e527991798dafae748be04611c3fd59bd33d420b,3306172060,1708020,7,01
2025_26,1d74bb939aafc1f226d23d9f80169b2b041b259d52826203031cd26bfd8bebe9,3306172060,1708020,8,01
2025_26,73c09fe9cee7a2b51013fc4723575d73584b5177d5088389f595986754cd5304,3306172060,1234,7,01
2025_26,083403937763efa0bf3730e3765044e41a6b8d2da7c174a6dcece6983ba2277f,3306172060,1710,9,01
2025_26,4d221609629a54c2cc889a926875ba0857431f12397b1a54ca04e468fc623b78,3306172060,1235,4,01
2025_26,9d8befe021a31ed9d6639e6b6dc77d0541ca338e8e032e9137947eb6e5632efa,3306172060,1708020,8,01
2025_26,9d8befe021a31ed9d6639e6b6dc77d0541ca338e8e032e9137947eb6e5632efa,3306172060,1710,6,01
2025_26,8206ce53ba6f91e07c2251815d626c29860cba2a3838e4d76a389a68a5e8ec61,3306172060,1230,9,01
2025_26,8206ce53ba6f91e07c2251815d626c29860cba2a3838e4d76a389a68a5e8ec61,3306172060,1235,8,01
2025_26,31e50edfbf662ab9e584909431c51b4e7d6deed1e2c74a78061ec9a58c3f47cd,3306172060,1228,5,01
2025_26,d132915c261a277711c823ee394868eff73ea7e3b7212aadf7e66da8d9e04c10,3306172060,1227,4,01
2025_26,c3f586139b4b3d972d92987178718a8c0ab01ef8e182622a8b1cdcafe1750d21,3306172060,1708020,9,01
2025_26,c3f586139b4b3d972d92987178718a8c0ab01ef8e182622a8b1cdcafe1750d21,3306172060,1230,9,01
2025_26,6e8a2bf0a06ba8011fb9654d9e95ab9f4bedc01519a234d06a5b692f31023915,3306172060,1708020,6,01
2025_26,3d49daba5c4f953c780165526e1b476e90947883e6a50faea53ae70b9149249b,3306172133,0827,8,01
2025_26,af13b1e047cc871852ff8c50af4ec5448ebf57eb43ab0a5f946dd4bb22d2246a,3306172133,1665020,5,01
2025_26,bea9be527b1b7fbda4923f07edaed2f75276ad1191fbb9e2064c0e22b8905eb0,3306172133,0823,9,01
2025_26,ebc0cc1c1d35a1e5f445c8c563772509a1067e38df2753d2a92f504938a4b1f0,3306172133,0828s,7,01
2025_26,ebc0cc1c1d35a1e5f445c8c563772509a1067e38df2753d2a92f504938a4b1f0,3306172133,0823,7,01
2025_26,ebc0cc1c1d35a1e5f445c8c563772509a1067e38df2753d2a92f504938a4b1f0,3306172133,0822,7,01
2025_26,8604e649b4230808cacc32cc8cc9b7b57d52446ff659e100169b13d1a500f5bb,3306172133,0822,4,01
2025_26,b6946ff8d85eee2504e1044d1faa355bd5549eff5f2d318025b581ad6be24ed4,3306172133,0825,8,01
2025_26,747fba7693508896e573474d215d7d6c251d9d4d7c121bd14518a76e5ecea2f4,3306172133,0824,9,01
2025_26,4b1f4157d94a8428e3c2239db5596635e28c864de1461cdb75ed48981a0538aa,3306172133,0824,5,01
2025_26,4b1f4157d94a8428e3c2239db5596635e28c864de1461cdb75ed48981a0538aa,3306172133,1710,7,01
2025_26,90e11333d1fc18cd172687c94dbf8b530e5d4653baefc95838598781c89df0cd,3306172133,1665020,7,01
2025_26,e6388bf6df50cc83d15525c7b8d9b0b169927ca47da3306cbb5f331f9529a460,3306172133,0828s,6,01
2025_26,e6388bf6df50cc83d15525c7b8d9b0b169927ca47da3306cbb5f331f9529a460,3306172133,0822,4,01
2025_26,bed77cf24823a5b75d91cbd87ee22d08b49a0907ce0b687087efe731c8fc6c2b,3306172133,1708020,3,01
2025_26,bed77cf24823a5b75d91cbd87ee22d08b49a0907ce0b687087efe731c8fc6c2b,3306172133,0827,5,01
2025_26,bed77cf24823a5b75d91cbd87ee22d08b49a0907ce0b687087efe731c8fc6c2b,3306172133,0822,4,01
2025_26,c6ee0034b9360ccb04b98189b17fb0de020e3a845b447db574339de434c7e4e2,3306172165,1708020,7,01
2025_26,fd877dc1c7b93c8c06a462d2eff37378191c79b52a50cfc0cec21d0c4d29b22c,3306172165,1009,7,01
2025_26,7e95db372fc0c37c10ef4dd85070d24ff8731cc0f2de155c73b66d47ad38a1af,3306172165,1665020,10,01
2025_26,7e95db372fc0c37c10ef4dd85070d24ff8731cc0f2de155c73b66d47ad38a1af,3306172165,1009,9,01
2025_26,e1fa5399686a4a29ca1f422357b1509019d4486fb7a00a9c806c933b2cbdee5e,3306172165,1011,6,01
2025_26,362a6754483125d335aa747a3631172731d1707ae50efe4bebf613546f0c5a4e,3306172165,CVOPT,8,01
2025_26,4fa33e61b4eb9ed69b12f6adcd6110318f36a4d30781964c40d42a086c3ab0cb,3306172165,1665020,9,01
2025_26,89cf0a66566c86c99a42d9fdcdcd36680b6a1cf332cb79b1827e92532d2e9f40,3306172165,1708020,8,01
2025_26,4d204e60470d5745757c8ab5cafe9a98db40cf0a77d53be827b92adc4639c0ad,3306172165,1008,4,01
2025_26,34a85fa256424c26834edefed25024b96dcf5af2e040dd4ea080cad20a31d45a,3306172165,1009,8,01
2025_26,1cb1280ee0aa3f42ca66c3d1f51d9671e4c46d2abe933543cc4c4b95134071ac,3306172165,CVOPT,9,01
2025_26,1cb1280ee0aa3f42ca66c3d1f51d9671e4c46d2abe933543cc4c4b95134071ac,3306172165,1007,9,01
2025_26,1cb1280ee0aa3f42ca66c3d1f51d9671e4c46d2abe933543cc4c4b95134071ac,3306172165,1009,8,01
2025_26,7aba2cba017da4eeb6bdf9fcde48a949c632972ff8ad40e93c19f3fb9991df10,3306172165,1110,7,01
2025_26,53844a0401518f4786913feb68c71d156d8f4fcbf6b1030a97d73a6e86aa41af,3306172165,CVOPT,8,01
2025_26,ce2076990e96d467de48f1c448adc651a05b87e0fa30df4da62902d6a529e516,3306172165,1009,7,01
2025_26,ce2076990e96d467de48f1c448adc651a05b87e0fa30df4da62902d6a529e516,3306172165,1109,6,01
2025_26,858a01846ac6f7b808cbd6d6f4557f51b9030d59cd6e0b22a7706248dfcdcd55,3306172165,1665020,9,01
2025_26,2c01a6c4817fa6f5afe9dfec0380f37c72859b57e1e72f6ccdb289de0a0c40f3,3306172165,1011,7,01
2025_26,5f21b0db1be9a82ec2eed40399a3b24051ea1cdb4ad448ccf3922ab9fb84178b,3306172165,1109,8,01
2025_26,bc12ba4a1e0744bf0ad86028f479ed024620c3e3a9df29da836ed8770fd65e3b,3306172330,1708039,8,01
2025_26,3bb91f2d1c74f2d8bf89d734ec8f6884aab423a161e398a553e0809b0bddbc8d,3306172330,0398,9,01
2025_26,555a18eb56053d57cd79d35db4decccaa5aa6f83f82f8a903a1aa22320a6484f,3306172330,1710,8,01
2025_26,5ff5e9da59f37d39dd6a7ee95cdf639bad5bae0e77ede5c1cdbf45a7e531b3a7,3306172330,1708039,10,01
2025_26,c73bed8dd2bb5ad1102d3ab77c54d4ad4f1d32ace3fd9cca9f9139194cc08c80,3306172330,1665039,8,01
2025_26,c73bed8dd2bb5ad1102d3ab77c54d4ad4f1d32ace3fd9cca9f9139194cc08c80,3306172330,0180,4,01
2025_26,acf7ac0981ae9815fff3fb4a9202a4921d21d1975a6eb94f4978ebc9c17493f8,3306172330,0399,6,01
2025_26,8a51ee8d214208085d15559e67bc3c1b34f4c6204f1104eaf5cba58b359582fd,3306172482,0176,5,01
2025_26,dc5939cc7312ae42f5413593ef2fc78f9613c7b37df39b22ba0ef86979c7ef90,3306172482,1665039,9,01
2025_26,153ceff39f1d07c4a91c56738c822cb378b29b87cc3e7b5778bfe87078585b1b,3306172482,1665039,7,01
2025_26,fd2b193bc9cb6dccbce2ad63eddcad3a3980dfc1edcf348daf6583aff9e55bab,3306172410,0180,8,01
2025_26,fd2b193bc9cb6dccbce2ad63eddcad3a3980dfc1edcf348daf6583aff9e55bab,3306172410,0387,8,01
2025_26,6b0ede0d0b600169c8f6d3c4c052c571f3c113382679d872bcdb5aaf057a445b,3306172410,0385,8,01
2025_26,6b0ede0d0b600169c8f6d3c4c052c571f3c113382679d872bcdb5aaf057a445b,3306172410,0386,9,01
2025_26,efebd2e836e756da51b1c4bf56dd09a6804345f63609a8233dd4846b5df9979e,3306172410,0387,9,01
2025_26,5d07d7c6dd68eb03f522c47f213fad93764f82641aa22d608fae7801dabd224d,3306172410,0388s,6,01
2025_26,5d07d7c6dd68eb03f522c47f213fad93764f82641aa22d608fae7801dabd224d,3306172410,0386,7,01
2025_26,48b73079c4660ac35b1e4638cc1950b62d85c757cfeaa52f18094bcfcc5adfdc,3306170521,028502,9,01
2025_26,0f9dee20320920bbbebdb7602636dfc2d8e94b962995f8b29398f820387b67b6,3306170521,028502,7,01
2025_26,cb7851bae955c19b380ccb7be31d320ad71fa073f8564614b2220955686dfb55,3306170521,028501,7,01
2025_26,beba00d30aaf3bae44d4aa78ff198db84a86c216d66e1f19e13e223e743c2ca7,3306170521,028502,6,01
2025_26,2e06046b74a2c57560d32df9bf3703df877f19cdc3c310f810f2fa86acf7fc9c,3306170521,028501,0,01
2025_26,9153d6f39429dbf290fa465d00b0b75c2aa60a41839986aea1c2f522a204b866,3306170521,028501,0,01
2025_26,2e091436d5804d889b5cb7ad28a97125ebd66ebe4b150eef3df3498b819c5bf0,3306170521,028100,5,01
2025_26,0f5958e64f7c95049e6bf86aba050fc3347ecd201e33ff0115d25fdb35999d93,3306170521,028503,7,01
2025_26,30dd42cf7eb51a6cdeb50a7d54266291a28ca7e8b2d69b05c6be759cc16c95cc,3306170521,028503,4,01
2025_26,a698ce3ab28744588725071882c2f05456b8cc8e9cd251fe8e9696ca04f2c85a,3306170521,028100,7,01
2025_26,845fad0034339e0c9ceedbbb560b1f65699ab277eea8a168d73c22cb559bd2d9,3306170521,028505,7,01
2025_26,49c5799d463b0f152bf30315f8361d2607edfb1792c416d0da1df4b6bd3513ec,3306170521,028503,4,01
2025_26,d57dc88c994c938482d72c8c646e56918f28603f6190a415326e7291f29974ec,3306170521,028502,9,01
2025_26,d57dc88c994c938482d72c8c646e56918f28603f6190a415326e7291f29974ec,3306170521,028501,9,01
2025_26,bb816528a73f6b87f0edc6a461bc1a0e9d5fbdcaf34a86204d8d4a60bc3003e1,3306170521,028503,4,01
2025_26,ee46f10a1c817b275f8092b93986aa4da6fa5cb4c1632329c5280944d66b15a5,3306170521,028501,8,01
2025_26,df52cf35404de0f324a36b4dbf11cd459843820c3d12be9d835b3078a1053542,3306170521,028502,0,01
2025_26,b5afaf839f2a8422b0589bcd3c219073df397f05155fb0bf33df9b03e1fe7ed7,3306170521,028503,0,01
2025_26,c292523085b4e8e34ef930c37511ea67b09f6c3cfd30fe0fe854e51699022d9c,3306170521,028502,10,01
2025_26,c292523085b4e8e34ef930c37511ea67b09f6c3cfd30fe0fe854e51699022d9c,3306170521,028501,7,01
2025_26,7cbda138d8b81070feb23c7616f93d99969784e71aed6ee706b61955d46a05b9,3306170521,028501,6,01
2025_26,10e3725bc98af10f6ee6e7202a5139eea1afa879b9ffa61238f5619751598943,3306170521,028504,2,01
2025_26,3b56379f2564a12611733b52398d95ce2b49dd21656ac5d5e3b3ad2a78e9aafc,3306170521,028100,6,01
2025_26,aff61f02da7c1dd91f488081256c56e4c2ba9ec373690b6294f43fe9cbbfa259,3306170521,028501,3,01
2025_26,58a78a355a8dc0f8d14cc27d867ee1cf785571b74badcd6c6362f50c12c947b4,3306170521,028501,4,01
2025_26,e8cd252904005e36dd1571fde9f9f1effa92877f5c3deae501596878ec357039,3306170521,028502,4,01
2025_26,e8cd252904005e36dd1571fde9f9f1effa92877f5c3deae501596878ec357039,3306170521,028100,5,01
2025_26,50ec56870037feb78709050eef1709ccff77643731fb28ceb370f7ed0373150f,3306170521,028502,0,01
2025_26,bab209c6f0d441556f07872e9cc58fd42cdd75fabbca0eddafe3d08e3dbfed1c,3306170521,028503,0,01
2025_26,7b6a746112364849d3d4c652dced9e8ebfcf8947f0bf69c4b549b9f083800216,3306170521,028503,6,01
2025_26,15c79adb9358647d39c42d451abd1570c7b1ae839ed6244464dedf8d6276d438,3306170521,028503,0,01
2025_26,8ac3d28bd9c47a5ef9902a0e8591a636026398954c8df7c6447c9a6da3957933,3306170521,028502,8,01
2025_26,8ac3d28bd9c47a5ef9902a0e8591a636026398954c8df7c6447c9a6da3957933,3306170521,028505,4,01
2025_26,d5603b90f17a28cd9a2d3c20b830978d7f6db3a409ac7906be2d3c5101613bca,3306170521,028505,8,01
2025_26,6b0773ab084b25e49f8fa05f13d74118ea5c34066ac66995f01b42c039986a92,3306170521,028502,0,01
2025_26,b25ea42b8fc14bd6e9ef389f79b2d0fa7e6b578949776c63c0ba827a5c21e27b,3306170521,028504,9,01
2025_26,954713ecdbc049287bec4fd11597143215f55ab35825b80eb117cffbb6dbaebf,3306170521,028502,7,01
2025_26,954713ecdbc049287bec4fd11597143215f55ab35825b80eb117cffbb6dbaebf,3306170521,028505,7,01
2025_26,3c5ed9f9fe9713bd422293b8977efe400af102fcba2e9d6302a3260f6303d1cc,3306170521,028501,3,01
2025_26,ca1c0d1e38b64753887e5e3c4d4b39c4f7edd9ad956d9c9169afe3b1bb2a8d4b,3306170521,028502,0,01
2025_26,4486ef00404e429fa2c560439e38fbe5a072a62cd7a238c792b13e4b9404cf1b,3306170521,028502,9,01
2025_26,98d9213f705ab8b2f6291e2c25c5af23def7f55fc899f5dd9b65c84ad120f603,3306170521,028502,9,01
2025_26,4939686c912d22884d42c7d404d29aa20ce06a088bd0dbcedc7f89938ed0c565,3306170521,028502,4,01
2025_26,4939686c912d22884d42c7d404d29aa20ce06a088bd0dbcedc7f89938ed0c565,3306170521,028503,7,01
2025_26,4939686c912d22884d42c7d404d29aa20ce06a088bd0dbcedc7f89938ed0c565,3306170521,028501,2,01
2025_26,baedc5903d15e1567bef65830f3c1053a288f55cbd6802f55ee81fbce4d76493,3306170521,028502,0,01
2025_26,3a853aedb3bb5f722608f0aef498b0301b761f81e28e7a5eae0bf0a9a2af9e62,3306170521,028502,8,01
2025_26,83d59c136367a204da11ae035f66193059704d47b8e3cdb506624ce211100a1a,3306170521,028501,4,01
2025_26,0a760563bf4d78583a74c13185cd81a0586e87302c6b05925c2e9634758261fb,3306170521,028503,4,01
2025_26,67a9be4b2e282f333bfaece21b461c7741b7c8c09a5d238592243f4a945632ba,3306170521,028501,9,01
2025_26,bf8cd8210eafd24c387b7a328b6a2b6440818b33a769d8236bc06554ebb647b0,3306170521,028100,10,01
2025_26,9c57203687222f6a366ab584e07fdd297fb72e45be919693a6521c9034ef4d23,3306170521,028505,8,01
2025_26,9c57203687222f6a366ab584e07fdd297fb72e45be919693a6521c9034ef4d23,3306170521,028501,7,01
2025_26,a200c687d940e3a30d14f8937cc641204f1ba8c8d08836bc0e2a9a0b2601d1a6,3306170619,1375p,0,01
2025_26,15b96f395e4a9b4284bd3d279425ca20fd94bbf2455856a64cf52ee22cda2c87,3306170619,1368,4,01
2025_26,8e14f8473a031e6fc8f0a78a852f8517c0b054f2b6e0a7647dd0d5f866be54d6,3306170619,1709,10,01
2025_26,8e14f8473a031e6fc8f0a78a852f8517c0b054f2b6e0a7647dd0d5f866be54d6,3306170619,0179,10,01
2025_26,1f3c5cbbebbae4bb3b3d635f05c4b39bb1a693775f681cdd6dd304931a3671ab,3306170619,1367,6,01
2025_26,1f3c5cbbebbae4bb3b3d635f05c4b39bb1a693775f681cdd6dd304931a3671ab,3306170619,1369,8,01
2025_26,d4bbad0529f6fd800827d384619b449fa1de2974843bc7d3fcac6a9794071345,3306170619,1368,6,01
2025_26,3a5b59411d4c1960c8e7eaf4a6cfd1f8f4dc6b0016444cc2e8f55e1045fd6ce5,3306170619,1369,9,01
2025_26,726cb7b2e15d4002381b2e97d76e7de2835ab19e6d8b144c828a05edd55f1097,3306170619,0179,5,01
2025_26,726cb7b2e15d4002381b2e97d76e7de2835ab19e6d8b144c828a05edd55f1097,3306170619,1367,6,01
2025_26,d2ad385152055962f2d99bbc16a1c3325852dd3db06ac97c60b48cab21840f31,3306170619,0179,4,01
2025_26,03d7fe033f706b3073f815a16243a27563efcbcafc8253b6c8917b3ca9636b23,3306170619,1368,8,01
2025_26,241667b006d43473579d2a4776eadbe78a6b7e419cb18eb79a9d7f0a89b664ee,3306170619,1367,7,01
2025_26,91356baca2338102b59ab27a8da7f986daba6e7fb0b632cf723c23dc6ee6cf7e,3306170619,1367,9,01
2025_26,76879a9c2b070ca3e877bb93c604134e0e68e5abd971dbc1a537683aea4004e8,3306170619,1368,10,01
2025_26,d550ff824bfda9e88341ad29cb2d3961644bce3f79658892e706d6c5b796210e,3306170619,1367,0,01
2025_26,505ed976440916bff7e1aa09a0fab31b779cb21617e49c4abb2e5a70aee7dddb,3306170619,1368,7,01
2025_26,2df9d463129e4d05e3f33b2c232c18b367b30c21d40eaaa2ca09e9ef22aa148a,3306170619,0179,6,01
2025_26,2f7c7651b956a7795368411ba42c889be0c1f4d9941ded0ca03df4072281b2f4,3306170619,1368,9,01
2025_26,0f43ed258bd1ed44c2f16fd9adbed7052398fae62027cef6c18285515b932ecb,3306170619,1368,8,01
2025_26,219685fa6e26474d80e774aa6c64dc6c6fd2f3134cdda1f30b74067b6b4dd77c,3306170619,0179,7,01
2025_26,8ca8629f0f65eda3b36ebe943e02eb51d2013c8dd12919796d764412e70b9104,3306170619,1375p,9,01
2025_26,577fa898f066a5081c7b314e264d90bac7c5b5bb295b64a6d60e183584cc6b86,3306172484,0171,0,01
2025_26,b437954538af098ea4779c88684b9d3cb8c3f2c8cd8ea5b75d5ef72c16aaad90,3306172484,0181p,0,01
2025_26,3be61f93a0c666bdfa7c02733932de8505b00847eac9c099d12766f8d895d1db,3306172484,1709,3,01
2025_26,3be61f93a0c666bdfa7c02733932de8505b00847eac9c099d12766f8d895d1db,3306172484,0171,4,01
2025_26,3d5145adddab824aed143996a74a489ee218827a6b487acfaf0aa616f788843e,3306172484,1709,0,01
2025_26,3d5145adddab824aed143996a74a489ee218827a6b487acfaf0aa616f788843e,3306172484,0179,0,01
2025_26,001b13a7ccd54646deda0e2336a737d10cb14c55e95f229b72b745a8c1783a8e,3306172484,0174,0,01
2025_26,228af0d303e803601fc22add67aa81b72f76b0f22cf548014add45df728a0070,3306172484,0172,0,01
2025_26,228af0d303e803601fc22add67aa81b72f76b0f22cf548014add45df728a0070,3306172484,0173,0,01
2025_26,84123aabb04b3d023251b08ffacfdabf2d45830cd611035c0c30dd79a3d27115,3306172484,0171,6,01
2025_26,42e96a27b879e12b0cc53ed06b723028b7d00f3a62451643b0d0eb5aea6fb585,3306172484,0171,1,01
2025_26,f58e4815da1d286a17a81a170b55a32cee2a18ce312c64203582d53729179865,3306172484,0172,0,01
2025_26,bcb004e1c0721070a6ce6eb8dc24f215635d8a292a69375445b74cc477850728,3306172484,0181p,0,01
2025_26,bcb004e1c0721070a6ce6eb8dc24f215635d8a292a69375445b74cc477850728,3306172484,0173,0,01
2025_26,7da27355b3451d0309f553f487dba920b0d960a85ab4d10a78f8e035706c4979,3306172484,0179,4,01
2025_26,7da27355b3451d0309f553f487dba920b0d960a85ab4d10a78f8e035706c4979,3306172484,0177,2,01
2025_26,0a72cbedd41d9a956009a377a9f91bdafa4a6797f0d9aa8c3108872360a96a09,3306172484,0174,8,01
2025_26,c0861bda2c6d6ec59413a46bbb9ae7f5d4f23f1a3df6733d65ff02ca1bb451a0,3306172484,0181p,8,01
2025_26,ebad8964334ada3832e40e8251227c7e222329bf524b8f374df16309028cb1a0,3306172484,1709,4,01
2025_26,7f235497405564ee31daf2af1d273c1a8c261f97aa837250ac5b9116bc9e16bd,3306172484,0177,0,01
2025_26,82a326ee68830799e2aa0faa9f5ad9eed20ff04c6bc701ced90fe20dc739b58f,3306172484,1709,7,01
2025_26,82a326ee68830799e2aa0faa9f5ad9eed20ff04c6bc701ced90fe20dc739b58f,3306172484,0179,9,01
2025_26,75daab61b41e8783fa9beabfd25a87ec8c1f2d3dd1b58b6feddad69b43b52999,3306172484,0179,9,01
2025_26,8afe0981f85cbead344db403e2609811041eadd2ca3066d4d3cbcb29c7e3ae5b,3306172332,0383,0,01
2025_26,f59a7053c9ec24d386d4e7c9def957593d67b36b4862acb454f261cde30b5691,3306172332,1709,0,01
2025_26,6875e2615a6ff3348abef167d520bf04eada2f0143e9ae4b7bc2cf80266694db,3306172332,0400p,8,01
2025_26,0e3cc32a7bdc6379c6d2c3f73a90e971371d1b64df6fe42a11058cd89f94739c,3306172403,0172,9,01
2025_26,c4faed228d9cdc627be2c939c45b873b44424fe89864fa19b2dcbfb5cbe5c471,3306172403,0179,7,01
2025_26,c4faed228d9cdc627be2c939c45b873b44424fe89864fa19b2dcbfb5cbe5c471,3306172403,0172,9,01
2025_26,988588d3ae61e3dce6ed91e7ef0972f3201320466c7db2b90eddae305f8ec80e,3306172403,0388p,0,01
2025_26,52412faf76719de313a2c94b88f2309ad68ec1c8aca689514a6291c03a6f6a31,3306172403,0383,9,01
2025_26,79292bafd2903c6fe707f48e2ac3f36a5dcca0026313ef42f487c9fc642f8ad7,3306172403,0383,8,01
2025_26,eeb1c38aba526b9d8ddbd3a6bbeb34b375896c01f5277a2f845e611f78efca1f,3306172403,1709,7,01
2025_26,0749dd7d42e7ed184c0b2d2cc77c3cbd8dfbe7a5663691c312dd8d107a835f6b,3306172403,0388p,10,01
2025_26,60639bfb5dc9abbcf6a49860321a2a054e505585ff525aba56b047b8270d5d0c,3306172403,1709,8,01
2025_26,a635ebf231742e694609d4e1178605c914fb01581c634dca780ebd4607397edf,3306172053,1231,0,01
2025_26,8ca685b85919398176e54bb27765832fec61d14a7d0e18184ef7ef0bdd7f97ce,3306172053,1226,1,01
2025_26,47e4d5b07965a3d101f5fb9efe047d03a8cf3853032eac9c807a5dbcf6242b7b,3306172053,0156,8,01
2025_26,2c3a3022cdbb2cb7cfdf2524a1eaba5bf665488a7a37b17a15357e7aab856544,3306172053,1231,5,01
2025_26,8cd2ea858dcb39a8f88486d677b32f1a26ee2c3fde5e8a13ba175e408c60b67c,3306172053,1232,2,01
2025_26,cc065d6e783097cde71b8227e21c94e755d69b99650343af9facc7414235769a,3306172167,0179,8,01
2025_26,8ba08d4d675f9d4437fc4107e2bab57cba8b351f28b431ea843efe62ce14706f,3306172167,0179,0,01
2025_26,c8e204ceae06e6d0bfdae535f368f119c11cffb3b87da5856ea983b3a296e9de,3306172167,0931,0,01
2025_26,ee87f35829d64d3f5a5aef263175e958edbfe0d0f4b6add104cfe8ea04e2df4d,3306172167,0931,0,01
2025_26,ee87f35829d64d3f5a5aef263175e958edbfe0d0f4b6add104cfe8ea04e2df4d,3306172167,1010,0,01
2025_26,e7127618527681553b25242fc9c76a03ac9868ec74979b2325b586a9dfbe2cd2,3306172167,0623,3,01
2025_26,a6d91449ce19fdefa764a2ca1b330091e37a585bfa65a08cd298768b45c0e25e,3306172167,1709,0,01
2025_26,8ff672e53d013f2fe9945389b4d7f59cc3bbc84779d382de66396b3a69076047,3306172167,0931,8,01
2025_26,c5b3d6ff7ea3ec612e2ebf88d553ad9da94e937aa8d20bb1ffc89d89a3b5fb1f,3306172167,0179,4,01
2025_26,ee9e61a0d0d7431397da38aae9d312fd99716fd5b51f732372e5df76ba315e22,3306172167,0931,9,01
2025_26,08cdc734ad04f41ade219537506ae91a954d3a2cabbbda6d6c83fdaa49518644,3306172167,1012p,4,01
2025_26,9b320d9bee526d1c898bdafc98f9c91d0947f6180a0b2194951c7c9447b033b2,3306172167,0623,5,01
2025_26,9b320d9bee526d1c898bdafc98f9c91d0947f6180a0b2194951c7c9447b033b2,3306172167,0931,6,01
2025_26,dcd5a9071261194853ac2e95d9b399f34b580ab9554c6aa0faf925e32be750b0,3306172167,0930,6,01
2025_26,eac642876d4d82fc5096158360f2b64301519f81425a8f37c6d213a7403b0c33,3306172167,1010,6,01
2025_26,814a06a63cae2ad2bb46a3ab2af0427e95212bd8d68c531c31ac22cc1e79e475,3306172167,0931,0,01
2025_26,f79e2121bd525cbd1686949ac59aada5dfa26f6c316921c73d2de4def7813bda,3306172167,0930,6,01
2025_26,5077e07b0b966bda3a785ee57cbf6d66d171a0cc2b32eec3ea267de1ad3af2d7,3306172167,0623,7,01
2025_26,90609e821d9a1fc60b1cd740a0309ead357c0011698170695f3f86138e35b5d8,3306172167,1709,8,01
2025_26,d1b37a860ded5b908b00860f6c0e8e2e218923ec29f1795656fad92eb5004887,3306172167,1709,6,01
2025_26,ce16b7b7369d94449728b40c500cd789835d6a31f490474148d5192474d113ee,3306172135,1709,9,01
2025_26,ce16b7b7369d94449728b40c500cd789835d6a31f490474148d5192474d113ee,3306172135,0828p,6,01
2025_26,ce16b7b7369d94449728b40c500cd789835d6a31f490474148d5192474d113ee,3306172135,0179,8,01
2025_26,ce16b7b7369d94449728b40c500cd789835d6a31f490474148d5192474d113ee,3306172135,0627,7,01
2025_26,47c52f8c9ca8aa71e43bf7cd4aa83200d14199cfca869c19fc9f845620de2265,3306172135,0828p,6,01
2025_26,47c52f8c9ca8aa71e43bf7cd4aa83200d14199cfca869c19fc9f845620de2265,3306172135,0179,8,01
2025_26,f3bf10de5a266d45775e942b9b6283964cc21b316a5b69b15513d8fd7d33e313,3306172135,0828p,6,01
2025_26,904baf7f393d336f2a993b8d9bf69a0b9e9bd5da329689ab1b6eae9cf78301f2,3306172135,0179,7,01
2025_26,904baf7f393d336f2a993b8d9bf69a0b9e9bd5da329689ab1b6eae9cf78301f2,3306172135,0623,7,01
2025_26,bd1c7e06faef39ee5e181e62c9655b5fbe0b7df4ec1487a37935f891c58f3b3d,3306172135,0623,9,01
2025_26,9174a0c1ecedda39bd89fbf326d4208c1b2da70eb6370e8ccc09ec26ff5d566e,3306172135,0627,4,01
2025_26,0a3c60d85008a3ca5f20ae02c4b1dbc0b0b2d1a3f6b21f251c374ca63b74e975,3306172135,0828p,7,01
2025_26,0a3c60d85008a3ca5f20ae02c4b1dbc0b0b2d1a3f6b21f251c374ca63b74e975,3306172135,0623,9,01
2025_26,926c34c957226b24a955f5dee1f93405dcce4c08b05378e2cf5aab489f97fcd0,3306172135,0622,7,01
2025_26,926c34c957226b24a955f5dee1f93405dcce4c08b05378e2cf5aab489f97fcd0,3306172135,0627,7,01
2025_26,2e0458627883be8489942b5aa1b06446774afcf4a1e83870f975091e1f1e6515,3306169433,243266,6,01
2025_26,02bf03ff8922a7bc144a9a21a57c1ef196ad1af030c9ff9cdddde01972a39c80,3306169433,243265,4,01
2025_26,c23ac585710b9b1d744c4d6f73498a0ae9f533569163bd3839857338719fc27e,3306169433,243267,10,01
2025_26,38e0a8d4b8608c3b6cefdc65c828c9e2313513ed01ca1ca02f6abe80b9e73705,3306169433,243267,8,01
2025_26,b5320c3307df7584ceed07f8bb12e6c18040682076311ec1986fa08466b2101e,3306169433,243267,10,01
2025_26,ac1dd32e02d478bdd68608c03db8b0c36ff11e3c49c3f02aed77fa880aab984f,3306169433,243267,6,01
2025_26,37412174619670b5ea32cb40428736252e5ebf92131bf3cde20a6cbb19364fb7,3306169433,243264,7,01
2025_26,7c709d745129dae4172ad5d48dfa761a5d19693f81100b9db0706a98b4058171,3306169433,243265,4,01
2025_26,27f7df28d91dcda1e0991be1aba32d6fa8d6b4ef64156d80da783fe3bb6476be,3306169433,243265,9,01
2025_26,27f7df28d91dcda1e0991be1aba32d6fa8d6b4ef64156d80da783fe3bb6476be,3306169433,243267,10,01
2025_26,d94387913fd192bf5ade4948db5ec9924433759a3e2c77b1f593c4b30efe751b,3306169433,243264,5,01
2025_26,0d2e1fb0ff5d9601e51052b895c3963a0bc1b36e6f8c9bba6121881f7556a05b,3306169440,243602,6,01
2025_26,dba67911054d7f8e39d63085c6bf2039ac066208f23f647abc83c585e38b2808,3306169440,243604,6,01
2025_26,abb3aa28e17cba5f2405f4f2dd719c2c9c9a06593f1c87eb01caa5a0154aee6b,3306169440,243270,8,01
2025_26,ee533db89a9236b29dce215fedd76a086d678de79b352d17a534c894de8f4e11,3306169440,243270,9,01
2025_26,73c04ef00c54c63432669979a4b78fdde28c1f884f9fc745939ea78ecb22c7b1,3306169440,243271,6,01
2025_26,02e963aadb8e832f6acc69c8ec27dff192de10864589cc20b641afc7ccc39765,3306169440,243604,7,01
2025_26,ba0b121ab7279d65fecaf566dce8072fff5f5c854988ae9643e662c1bc9106c3,3306169440,243604,7,01
2025_26,fdf50feb75491ad9866acd67c809ea264cd71fff4afd94007c53e186fc7cb0c5,3306169440,243271,6,01
2025_26,e6ae06c29ed7d8620e65b63d5e16c81363af9df3264a77d5a23cdb3eb5f9bed4,3306173997,0438,3,01
2025_26,0b5299c8463d52c297a16eff68cffe3260fc48ced964815d9c6b58b8f3f930dc,3306173997,0437,7,01
2025_26,f3e361914caee481e2c69987451da75b6d43276f47f74a9fb5a8d8102c1434cf,3306173997,0440,9,01
2025_26,f59b96c5926d2a1119855eca5d10377ccb032ccb535f80a600ab8f9adafc3c96,3306173997,1709,6,01
2025_26,f59b96c5926d2a1119855eca5d10377ccb032ccb535f80a600ab8f9adafc3c96,3306173997,0439,8,01
2025_26,fbc951bcf616da89e5d668aa36dd89c670338ebcb99ee6b51f6d6627976a2a28,3306173997,0439,8,01
2025_26,a533a19664ac80b4bcb53c30e4747d29dfc8c1cb1c76f25bc757f6414e3d2456,3306173997,0437,7,01
2025_26,a533a19664ac80b4bcb53c30e4747d29dfc8c1cb1c76f25bc757f6414e3d2456,3306173997,0437,7,02
2025_26,a533a19664ac80b4bcb53c30e4747d29dfc8c1cb1c76f25bc757f6414e3d2456,3306173997,0156,8,01
2025_26,4cd7dbdd62e45a9f6d8973133641230dca95ff6cebd23d5a888b912f54e28835,3306173997,0156,10,01
2025_26,9ec30307478bd2a241b56a78ceda9122197177cd5d3466ec1ed79e82345453e1,3306173997,0440,9,01
2025_26,3f0fe81c38f6059b7dd17dc43aae33525fedc5fe7110024684a3c08c4f0a7621,3306173997,1709,6,01
2025_26,bbb6f786c7dfd6df579e08e70a94dbbf15457a49cbb7d06f56603e95167a2977,3306173997,0156,2,01
2025_26,e6904d1914d020249cecb44f8979f74197aa24953ef0be8e768c03aecd9a9320,3306173997,0437,10,01
2025_26,dea732ff1c7139002d78f9f7e650187e5a1a60f55c81b87df27f137f2c953286,3306173997,0440,9,01
2025_26,fb08df1c5f415ac814446b15c86f3fce18a7f8e0cb2f174115e02ffd8cf2f9f8,3306173997,0441,10,01
2025_26,fb08df1c5f415ac814446b15c86f3fce18a7f8e0cb2f174115e02ffd8cf2f9f8,3306173997,0439,8,01
2025_26,2793c9d93fe5e438a1449c14c37fc045cf00367e16a1f5979b620a125700184a,3306173997,0437,2,02
2025_26,e4993eaf559316a4420008a77be12def37de26dc2aebe9542094625a0d541be7,3306173997,0440,8,01
2025_26,631f426be1c54d8a10cb4eb24239b4f3a8504652ddef0fb451cf5235db7fdabf,3306173997,1709,7,01
2025_26,41eb0f32c27b3f905febcfba70457e735929ce7448a0471e4a205747131d5e9b,3306173997,1709,9,01
2025_26,1977e49773eddb32cf3532de61ed2974ff5381d27ee507278dfa01691c125b26,3306174048,0647,0,01
2025_26,0017a974bf5bf8f4a5ed2d0c04e7b660befdebff60d553c4ce49f8344e410951,3306174048,0649,4,01
2025_26,746b21f0c5644caedb58be2450afd9764fe2cdcb4eaf78547028bc4be2976f5f,3306174048,0650,9,01
2025_26,7794bb65492780cde77c03c1db4b8127660777050f463049f98d6917d5ccf34f,3306174048,0650,0,01
2025_26,bbc414a3f1787dc8d186f0f6c24c58a16cec07a8ffa64d22120bfce27ca64690,3306174048,0657p,7,01
2025_26,bbc414a3f1787dc8d186f0f6c24c58a16cec07a8ffa64d22120bfce27ca64690,3306174048,0651,5,01
2025_26,754e9f8683cf353b1a5a6f3559c6559deaf13a81803dd8f9da3347adac9927d8,3306174048,0651,6,01
2025_26,4b9859e3a109f7926a75642d0dbe23f108099475d85fda747f555fe0ac842430,3306174048,0179,7,01
2025_26,7f4dcd935b9cd442dbff4911afbe1175635788f67851fba06d2a1b570c12c3b7,3306174048,0650,7,01
2025_26,15915e90212f145d91771a5cb3612a7ca6bdea5ce41847a3f41413256dd5be60,3306174048,0179,0,01
2025_26,15915e90212f145d91771a5cb3612a7ca6bdea5ce41847a3f41413256dd5be60,3306174048,0647,5,01
2025_26,13f655911354ad375be8ac6c20fea4c2445a327e10c409ec0361f6f9ec0e935f,3306174048,0179,1,01
2025_26,28b9f2465556f037d48935028f3bd1c24740d1afa3b7d5fa28a29473976dcb34,3306174048,0649,5,01
2025_26,ebe7f27767ac34c33ad465439b3c78641f76e970d247d126d4112258a2643551,3306174048,0179,9,01
2025_26,1e0f85ea446e582d4cae80f18e948a085d531f823c47f394c25c5920a62d09bd,3306174048,0179,9,01
2025_26,0fe3858f393b63931a48cb0a11665cc15e78869df39db723517400a173938b62,3306174048,0179,4,01
2025_26,bf49f7fd826ec978cb0949140f03d422dd2dd8e722cf8da2621a008b35452551,3306174048,0647,7,01
2025_26,4350e22aca365f5ce4c11ca2e7cec534449486aee21dc723aa854281ebc5b0f9,3306174048,0648,8,01
2025_26,e6a9ce4b45a4bfdaac8da7d961333a634dc084b22fe2087174afd7d63afcf340,3306174048,0179,0,01
2025_26,5f758b4853d526dfa589ded2361cffd1665552c77372f4bf9193edc0df68cae8,3306174048,0649,4,01
2025_26,1497ed5ffe286232d740cfe4c7eb1898773fa3989688b7c5d17b3d9b00fe7217,3306174048,0651,6,01
2025_26,72427340d156cfa5d3bff484691d891dd082b245d18990f94dc761e6169fd462,3306174048,0657p,8,01
2025_26,485d972d86d38409eee2144e1f24953ebfd2a7723c0b2e5f304692cd05304b34,3306174048,0648,7,01
2025_26,7887cf073f3bd53ee24563e801537af5a5f504d6cee6545e403c61f470db4a70,3306174048,0649,8,01
2025_26,be76f899a61f28be818aaf201fdbd5648c16322b66276604cead7784af4b3cfd,3306174048,0651,7,01
2025_26,ceda5e23a55c7fcf9c1ea03196e5283903b9690aa300201263c806fedb286716,3306174048,1709,9,01
2025_26,c6c9a9747bb554bce90bbb5ac6a2740111b27d1d572e1d0a07ee0ff1d9911f9e,3306174048,0657p,6,01
2025_26,5799d2317bc92b24819d419a013c394545c9c567d520a8add895dc8da541f26e,3306169744,0372,9,01
2025_26,f903e1554284e19278483168367070a0efaebe8b738c2cfaa4ca8d5bb1e5a3de,3306169744,0369,7,01
2025_26,230c7dcf7b05175ef97151f2cf230cc290223e3ac2c54d0bb576cea5f8ee98e1,3306169744,0179,8,01
2025_26,b8d3c2fa0f073f24929c89bdcef485c273d2c2f26bd3a1546edc4a1e07984b96,3306169744,0370,8,01
2025_26,ba2c0b743bb5223c2f624a60fca8e425074f221b6072c47e1c4c018c8cd8eb4a,3306169744,0371,8,01
2025_26,ba2c0b743bb5223c2f624a60fca8e425074f221b6072c47e1c4c018c8cd8eb4a,3306169744,0369,8,01
2025_26,f01785da7bac5212fb248201f3ae61fc19674acad246c0a7a93f3a4099ae6695,3306169744,0179,9,01
2025_26,f01785da7bac5212fb248201f3ae61fc19674acad246c0a7a93f3a4099ae6695,3306169744,0370,7,01
2025_26,f2bbc66bbf9f37f06cc3dfe420671c7df8704372f850dd94d6bdd6dbf498aaaa,3306169744,0370,8,01
2025_26,36609aef4e3365e525f60e03085709425ac73d55cf7e05a42254a739d704896f,3306169744,0372,10,01
2025_26,f37cafdc0818626d5a2a938c9bcd4a0787e41977e4e441203cd69a8784c07ab6,3306169651,0373,0,01
2025_26,7fa333ecff9c754014beeea2afb8f3ff300d9e15f6060a6be02955c94216e4c0,3306169651,0373,8,01
2025_26,cc42cfc0f92af6b941969bd8c5a31b8a735b4ec6c0a93460da779df7a75f44b4,3306169651,0483,0,01
2025_26,10d4e7f9d6af776fd91779dfcd1b59493e4cccbea0766fc0b90ada402c4f34e3,3306169651,0487,4,01
2025_26,10d4e7f9d6af776fd91779dfcd1b59493e4cccbea0766fc0b90ada402c4f34e3,3306169651,0484,5,01
2025_26,10d4e7f9d6af776fd91779dfcd1b59493e4cccbea0766fc0b90ada402c4f34e3,3306169651,0483,5,01
2025_26,cf8bfad29e6fd74819f0cf4c10deeb7cbb2e6d44dfeadac12796a294c1c55a7e,3306169651,0483,7,01
2025_26,669fcbeda710201f5fd11c75e45714326f98f7976a5094020301695e106db8a4,3306169651,0483,7,01
2025_26,08168dc990651d328420c95b8b706de5cbc4643c8b1c182e32637cfad20741c2,3306169651,0616p,6,01
2025_26,1019f423e06dfc1bd138af3f8d935552503b0205ca9619f97ca8dcd6ad7bb267,3306169651,0485,0,01
2025_26,a14c29e7f8efe6f3727ad8b5de1f0d53008713a2a4fad89bcd7aa8a8ff70f559,3306169651,0616p,9,01
2025_26,0c6899bd15672e3a00ed2e0a1198c8737bacc08f329ea1420efc295a90b5a0f8,3306169651,1709,0,01
2025_26,a6467a417ee402344cc49c6d8b65a50ed1f44ddd07fdd4fb2d7ef7132099e0f5,3306169651,1709,0,01
2025_26,269ee833882e0b42d2a58c0729ec816e127e477f419cfb909ff0589c0e504fe0,3306169651,0483,0,01
2025_26,43ce725a46ba0ecb31cfea9b5b6c941c22b9f1b6fecdbaf74454eb1092ac7577,3306169651,0487,0,01
2025_26,deeecb0b8976c33daab642b060597a975f129437a11f98aedc972e8678088108,3306169651,0484,0,01
2025_26,bdbc1a8276fa82ca8995eeef1d32afd3b177e7267e3c99155168d4d0436e1741,3306169651,0373,2,01
2025_26,93492738c7c3194e944ef91f483afbccb5e4c091ef5619d676a3413d04d8b87c,3306169651,0616p,0,01
2025_26,93492738c7c3194e944ef91f483afbccb5e4c091ef5619d676a3413d04d8b87c,3306169651,0484,0,01
2025_26,3fee0f2d8d9164f6781fddcbcbaa74bac3147f6db473d8e698b6561a72923e56,3306169651,0485,9,01
2025_26,7cae0f896ff36f0012d755afc2d552983e6a4c729486688b34fb3f126e765a4d,3306169651,0483,8,01
2025_26,1d2f19c63cc53cdb25b3d5896af53ea745918c257ed4b8213d042ebc9dc93bf3,3306169651,0616p,9,01
2025_26,1d2f19c63cc53cdb25b3d5896af53ea745918c257ed4b8213d042ebc9dc93bf3,3306169651,0487,9,01
2025_26,6b0232da83e26d978e5b2adb3aa434fc5838823c09091a38712088665aa71460,3306169651,0373,9,01
2025_26,4aeb981a6a6a729f913c85c3b69fb6e6850a42e5d7ec38a896e147444c0cc7e2,3306169651,0616p,9,01
2025_26,371d57f65d21544c1eacd29a3bfce03c28ff70f4d2f4dd551f4e35a4a4a2f39d,3306169651,0373,10,01
2025_26,8eccad113aa249e1ba8e20c6777f7a3ae8bc6fcea1aca1035c4a5671fb26f1e3,3306169651,0179,0,01
2025_26,2f020675fb262606292d8afdb33dff2edde6f09546428edd47cae01039c05a18,3306169651,0483,8,01
2025_26,c9cfbe96940988702f1916e3a0f4629e0876c7bdec39928605df2a5b824d0fef,3306169651,0483,0,01
2025_26,d553fb9eaa382b49195f1a1d3e83cf64037d67910aa2d48b313004034c46032d,3306169651,0179,4,01
2025_26,7e1a3466b59db77ddf8fdad863326c426521f3cd4e43f38ac7d0c45aa17b1264,3306169651,0484,0,01
2025_26,7e1a3466b59db77ddf8fdad863326c426521f3cd4e43f38ac7d0c45aa17b1264,3306169651,0483,0,01
2025_26,72c0d318de07d63d810117cd7469da10c37b7e1cd667b92cc219809c97c06227,3306169651,0616p,8,01
2025_26,efc11e1ad05f0894e0e1878ea0fa27690fa464c0fb0a32283e74fe8f2516f7e0,3306169651,0487,0,01
2025_26,c7ea8347822517daf10bef47363e83b60f2d6fe85c91fdc3e47d5a3170ec2cd3,3306169651,0483,7,01
2025_26,42aa98471b8bdd8a90a522888480b7ae7fb42d954b81b107863bb1d6f6c0b30e,3306169651,0484,9,01
2025_26,08334713821fc607619b962b682d4c51a10da81782aa9afab7c1c0a286cb8b5b,3306169651,0616p,0,01
2025_26,9ca2f24a566439fa473c9753e02ddaa00b5f6d430bc388726dc4d55ee7283103,3306169651,0373,9,01
2025_26,67c094115b3ab7cc91c12e659538b1896085fc44bba7abd636163028a58e9761,3306169651,0487,0,01
2025_26,19b542507ece7d6579bb2fb8a9acdb6de11a46054605e903202271ef22923b19,3306169593,0225,4,01
2025_26,7e1ed3a8ba93f83dfd8213116565285a9f44d73cb846cd2fda7e8d84c3e21634,3306169593,0225,0,01
2025_26,26b36a7a83a944789a57096aa71471ac90c405052886d56b9402d3568883b350,3306169593,0222,0,01
2025_26,26b36a7a83a944789a57096aa71471ac90c405052886d56b9402d3568883b350,3306169593,0156,0,01
2025_26,df2ae9813bf7a62adcd85eba405c00c1d8b84010a82d06c9048aa17a8a2bdd95,3306169593,1709,0,01
2025_26,71a3ab9ce36415bce23285e1075b5fa4825143da6a98f2418953e85b7a849a4b,3306169593,0223,4,01
2025_26,517882b129db5b3576f788d07cfc20cb6ceddc08d55560d5ba72c532776a994d,3306169593,0221,0,01
2025_26,9673d5b87abeaf830663453a3bcbaaf54332910bc9d68c338b6f559a245819ff,3306169593,0225,10,01
2025_26,0c82d1b7bb2d719eae7d56062f60e58af95acc9306c2ce5c19a684c6b7421116,3306169593,0225,7,01
2025_26,d33d217352215c15a50b65791fe0b680bea94205ac4e8f26b211280625f698eb,3306169593,0223,7,01
2025_26,6595bc3d5ccb32c09b5227f7d96f3e7c870795abe37443fb13e3a9b09f664645,3306169593,0223,8,01
2025_26,739c0dd4cb324f970995671f1d472e4f1c226bd418750b76292aca1c579765ce,3306169593,0223,6,01
2025_26,739c0dd4cb324f970995671f1d472e4f1c226bd418750b76292aca1c579765ce,3306169593,0222,8,01
2025_26,c270cf51d7021e5c3ea3a7c80cf0fef3cbad0a9da2d1f22995130e508b6848c1,3306169593,0221,7,01
2025_26,cd9202b902344af3cd5daba1a6e1e37eef41360625e68f20131a8f2d1243bd3a,3306169593,0222,4,01
2025_26,2bfad9fb4060ebe95778a54325e7a3f292d8b3d084ce9df6356159be81de583c,3306169593,0221,10,01
2025_26,85f988e9688efa19474841a092c5c32195d3a0fa497fc1cc31df3c92b1a78bbd,3306169593,0156,9,01
2025_26,c27b5f405a4d1b07c527961e9cdf96bf53903e11ca227c731b6ad81d9eea27ae,3306169593,0156,8,01
2025_26,b9cea5129706acdb5708e79384f6f56906f0f8f315a8cfd60f84123ebad9ed2c,3306169593,1709,2,01
2025_26,08b4e716be694a0d06d911f2c82f4be6636505a5b58febca8ab364021dbfc10f,3306169593,0221,7,01
2025_26,684d53095b3a2aa0bebe965c9a32769b6bcfe044c49481358edb9f2165b779e1,3306169593,0225,3,01
2025_26,5a55151d75c2047df3433f92a6e3482a166f2af11a8aa2841965ec85a942972d,3306169593,0156,9,01
2025_26,dff0715b4ee7566ec99187f7aecedbf4b48b5f95015c063825950c72497176eb,3306169593,0223,4,01
2025_26,dff0715b4ee7566ec99187f7aecedbf4b48b5f95015c063825950c72497176eb,3306169593,0222,4,01
2025_26,e77c8c1e2a36c0ef1cdce060bf606dd2b5f56eca95b6bc06ed13d043ebb2e16f,3306169593,0221,9,01
2025_26,730e5609ae44f1cae55cd42b825a846268d603ddd221007056f1ac895f0b9b17,3306169593,0222,4,01
2025_26,757f4a2c28913db43512c9ee59364ed03b24981ee7c839ce91cafbb9407af5dd,3306169593,0222,4,01
2025_26,397620bbb61beef4fc5682dbe236e1b07f50b459709b28ae7a901be909410374,3306169591,CVOPT,7,01
2025_26,c35fd8e3f12257fec8587c921a2e93d04f2ef7fa2e46437eb1b719cf0a1b9051,3306169591,1664190,8,01
2025_26,cbb720b6857bb3d96bfca740ea7c94ad75ff5a6aa911d15f5a3610f1f187216d,3306169591,0227,8,01
2025_26,1e42ada0b2318cf8bc4389f9dc81952b5494142aca0971d0c524e20bea7461a2,3306169591,1664190,3,01
2025_26,097a4aa5acce0fbd7f683522178c9076649c9f39f052c00d0dc3f0891d82534f,3306169591,0228,10,01
2025_26,40d6bf597a1a0718d02db2dbfcd0b0ba061b997085a81760d1b2cf4a7c34c8e3,3306169591,1713707,8,01
2025_26,40d6bf597a1a0718d02db2dbfcd0b0ba061b997085a81760d1b2cf4a7c34c8e3,3306169591,CVOPT,3,01
2025_26,867202a83dba25714edad821cd1e24322696bb5104c8266db215c3c841d86a54,3306169591,0224,9,01
2025_26,972661a5ded9b351208d3e9d46c91f13f8b0f21cc39df20e321d725890e177b9,3306169591,1713707,9,01
2025_26,93b2dc132dae5e63cf300efa0a0ce1acd4833ec2f09b7a04ca6ddff85be13b4b,3306169591,0228,1,01
2025_26,7415989e98feb213cbac9eee9f4f232930f30e81b4881a0de273ebdaeab3411b,3306169591,1713707,7,01
2025_26,7415989e98feb213cbac9eee9f4f232930f30e81b4881a0de273ebdaeab3411b,3306169591,0224,7,01
2025_26,3a111abf1a7a21bf577200ea113d05c9edf3025035dfa4bf9b7e8f0a8998526c,3306169591,CVOPT,10,01
2025_26,13451625fe737ce41011d37b17504dd26a9be73c5926e67d52a99b4574184c28,3306169591,1664190,8,01
2025_26,13451625fe737ce41011d37b17504dd26a9be73c5926e67d52a99b4574184c28,3306169591,0228,8,01
2025_26,1a487e080b7e34f09ed31a18d39ba6a382a8112a21ea90683035a187bf7a85c4,3306169751,1708190,10,01
2025_26,34891adaac5a043d44f3d15d546540da0039886c4e4a9657c88ebdbd1fb2c275,3306169751,CVOPT,10,01
2025_26,34891adaac5a043d44f3d15d546540da0039886c4e4a9657c88ebdbd1fb2c275,3306169751,0377,7,01
2025_26,998ed5c5da662f7d54122066b719c193b194034411a7a88d8b3f7c0a5fc5849e,3306169751,0379s,10,01
2025_26,5872c3e58784ceb438cc562ea71874e41536dc38240bd7045fbef87586fae298,3306169751,0376,7,01
2025_26,047d440784e11fa29ad2e96d76f3fdb9a2629d7440f44893cca04bfc9807a23e,3306169751,0376,8,01
2025_26,f1520e95b298e1cc0b3942f1f72175760424a5ea017a91c29ed982bbe1cde3b4,3306169751,0379s,9,01
2025_26,7dcd35216c81d13e79e914b6181c0f7084d693b45ac5fd704dc0c28f02a4291c,3306169751,0377,7,01
2025_26,486a3babd9dfb2bca9d288c58c57225f9296ce86eac7a10abcdf48057c728a96,3306169751,0377,7,01
2025_26,3dca1d5c2e19668ebb8647603a0ab65fff7988f0bb37c078d6cbe5e9688b42b6,3306169751,0376,9,01
2025_26,d3f405665eac5f3802415539fa1deabe78f41dce1e5fdb28f34a6f13845ea53f,3306169751,0375,4,01
2025_26,6c6c08962698faf434d13596a2f4fa9b83d0800492f2c7f3d0ab5b67368f3fc7,3306169751,1708190,9,01
2025_26,18b4aa34646e373e0d227c0db5d8e42992ae5fc0b477267e9f38fc6fa0db5afd,3306169751,0374,4,01
2025_26,6569a81d2cb8baf0f76c2f36b1318d216b9a052f89fa5416620bb0df30996500,3306169751,0378,9,01
2025_26,b5199a49b597efc5d445ecac778e7ebb6dbd0f6a37e5fb6e47d8e59b4bbb5dbf,3306169658,0615,6,01
2025_26,d0a0fa4a3759fddb967ad99422e20c543e10b4402ac1ca77926fb36686eeb146,3306169658,0615,2,01
2025_26,eb8ef6a3581b0aeee9ca131ba8551842301a79ed9c465df132f1e33e8e2344c9,3306169658,0612,3,01
2025_26,fbfbe620a8c50c0bc4429c8c551777c8e8e99a1d69981d4240195ce9da3f878b,3306169658,1665190,8,01
2025_26,0f0e267f4a27b75b87cad6c03403a0306e712c168d4122c8f81df5ecf1f1fcfa,3306169658,CVOPT,3,01
2025_26,0f0e267f4a27b75b87cad6c03403a0306e712c168d4122c8f81df5ecf1f1fcfa,3306169658,0614,6,01
2025_26,0f0e267f4a27b75b87cad6c03403a0306e712c168d4122c8f81df5ecf1f1fcfa,3306169658,0612,3,01
2025_26,336869d5e562b49cf02518e0800cb658d19a9c575633794e430bbf954f943a6c,3306169658,1708190,9,01
2025_26,bdfb2d3f06a43a86401824ba6d87e4be999170c50364f06ba0a5a7ea8f910f3c,3306169658,1708190,10,01
2025_26,d67b23354ef222838b79cb1a20689af26e9dc5402c84a97ebae5825a157142ad,3306170617,1665061,10,01
2025_26,c7b9e230aa6a79929c8d84c945acee0cabdeefc73fd5513684b11397eced637a,3306170617,1708061,7,01
2025_26,c7b9e230aa6a79929c8d84c945acee0cabdeefc73fd5513684b11397eced637a,3306170617,CVOPT,8,01
2025_26,55a6cb48eb7c43e50d7031b4c9ca448a4cf2a4dcd805ffdc206fcc3fa1636937,3306170617,1665061,10,01
2025_26,55a6cb48eb7c43e50d7031b4c9ca448a4cf2a4dcd805ffdc206fcc3fa1636937,3306170617,1373,9,01
2025_26,55a6cb48eb7c43e50d7031b4c9ca448a4cf2a4dcd805ffdc206fcc3fa1636937,3306170617,1374,10,01
2025_26,6944cea63ecf762d09d04fe663cff7874b0992dded018bb37f9572e3a06d8214,3306170617,1371,6,01
2025_26,6944cea63ecf762d09d04fe663cff7874b0992dded018bb37f9572e3a06d8214,3306170617,1373,8,01
2025_26,f6458d55d1e6e6e12668bec18ae36d5d274d11121e8fabb071e6c048319d0ffa,3306170617,1375s,9,01
2025_26,737707c351c6e86b25434026b6a51bb510a2332183a908c7c39779c2da78b40d,3306170617,1708061,10,01
2025_26,737707c351c6e86b25434026b6a51bb510a2332183a908c7c39779c2da78b40d,3306170617,1372,7,01
2025_26,f24a68675bc961e6515b38d660f58aa2ab1956394f1f866a86067dfcbc24d907,3306170617,1371,8,01
2025_26,3f037844a9647d20e5f72d1fa8d954c918b3db8d2106c9866757a01d41f5954b,3306170617,1373,9,01
2025_26,ce94958738da932e7d31a5c46ecc4771b1fc0dd2b39101fb2a5bfd35bf3b1364,3306170617,1375s,8,01
2025_26,c8bc289f304189c63b6e42cc40757b11ca4bf1f178c59d32055f1bc89817405b,3306170617,1374,8,01
2025_26,23f72a570e8d01479c0d9ebacf5471421ce8652915584368def9cf2b5bda320e,3306170617,1665061,9,01
2025_26,615b692a42042fbca24c874fcde9bfd1a7e6633e68af55a2454d70442d2eb202,3306170617,1374,8,01
2025_26,0c2c743c07cbe87db69ef4db3ab14970b0f4b4767a386f28bd5e10343f363c75,3306170617,CVOPT,10,01
2025_26,d5a7dd69007d7516308fc0a0b7099b5933414942235685c2eb0c1ef241c11216,3306170617,1708061,10,01
2025_26,d5a7dd69007d7516308fc0a0b7099b5933414942235685c2eb0c1ef241c11216,3306170617,CVOPT,9,01
2025_26,d5a7dd69007d7516308fc0a0b7099b5933414942235685c2eb0c1ef241c11216,3306170617,1375s,9,01
2025_26,6de184a5bc9a3b92f574c417b403db4a28e0b17da98b466a0a8b93f416cc50d5,3306170617,1371,9,01
2025_26,37c799c39ac725eb0ef72ec5f4e49d96e9ef687e21f841390df96cebc7ef8eb1,3306170617,1665061,8,01
2025_26,37c799c39ac725eb0ef72ec5f4e49d96e9ef687e21f841390df96cebc7ef8eb1,3306170617,1371,8,01
2025_26,01e96e74b169d9aaab00add750e530fc0c693a31cc53d1072f52917694c87408,3306170617,1710,6,01
2025_26,5cb8dbe0ac1dec3ddd2f4e2161054f7466a4f1f1770e0f6c23480964fb27f0cc,3306170617,1375s,7,01
2025_26,5cb8dbe0ac1dec3ddd2f4e2161054f7466a4f1f1770e0f6c23480964fb27f0cc,3306170617,1373,7,01
2025_26,00cd633df05eb2b09eba521d31d4fb6c94bbc7c3e9669029562055d710110496,3306170617,1708061,9,01
2025_26,49bb1a981ecc70bbaff4d5a6b7ab9f9b84c41f449c7b0025f69621b7c23345c4,3306170617,1710,6,01
2025_26,7b93ffde8b50bbf7be6884b4dcec62562e1b4194a0d484ca424ccc0d268ad043,3306170617,1708061,9,01
2025_26,39a89a30f732b388e13374e4bc0ce3513b48c5c6aeff625b7cb6bcee02478af1,3306170617,1708061,10,01
2025_26,e8486e1a2d14386349a57a043fa682d617eb229cdc6554d1268e98c1e57caf52,3306170617,CVOPT,10,01
2025_26,7234520aa22fdb5caa8b2da3eb966cab981758e3231befa8e56dbc82b44872c2,3306170617,1375s,7,01
2025_26,61e300eba18f2733f3f16bdc0e87d76436a89025a49824fc244023643b740b3f,3306170617,1372,8,01
2025_26,12c88ccd3604c160e06b29326cd06a27f76e3d6434bdf6dea1d9ab2c9a54513a,3306173995,1708001,7,01
2025_26,4f51007c14551241733c4d6bd7d10aa1224f9da82b5347aae91b41754641f589,3306173995,0446,6,01
2025_26,a009548ef1cd4aefa8762d14f3e43d928affd242163f9f3fbfc2ca7f94d7c430,3306173995,1664001,9,01
2025_26,c1cb32b4131ca04b24d6978afba8257dbdcaeaa44bacac476447b76bedb2e2c8,3306173995,0442,10,01
2025_26,77952da7dfbc104e59c48b90503f35af9294a28d9cfa4f2bca5ed7eda5654ee5,3306173995,1664001,10,01
2025_26,77952da7dfbc104e59c48b90503f35af9294a28d9cfa4f2bca5ed7eda5654ee5,3306173995,0446,6,01
2025_26,77952da7dfbc104e59c48b90503f35af9294a28d9cfa4f2bca5ed7eda5654ee5,3306173995,0448,6,01
2025_26,2e66a6f71652815fe5a551e62767c77769ebdfc8e978525ae9c8055e6326a7f2,3306173995,CVOPT,9,01
2025_26,2fd2849e253ffeb93882260f25dff541d5f5050507f5d467d6a8aeff756aaa4c,3306173995,1710,7,01
2025_26,7239bc90b0c510c6aa59291aba3bd356efd538a20fcfd33b5c9f366802a52583,3306173995,CVOPT,7,01
2025_26,9fda87fd660d386ce9adb61f4876c165c2abdcff7044e5b7604f8579dd766ca3,3306173995,0442,5,01
2025_26,a42315ece951a5f0d39bcfb3425f7e8c23b48f8671883926e49f3dcb93789d9e,3306173995,1713472,8,01
2025_26,85637b5b384a6209622bef2375ad3c31cdc94868b271d2912ecb248c28bcee6e,3306173995,1713472,3,01
2025_26,46ac30514bdb0b402d69df73aa8ed80ab47502f9256e303177696d988e40ee14,3306174046,0656,6,01
2025_26,33080c2143f96f4f9f6d0f176ef6d1d87a3c61b0cbb6ceb05d67d3cbfce0671a,3306174046,CVOPT,8,01
2025_26,e33706626d3e37c5c20e9f08e01388fdbf20f89aeb32b784039f9d3b788de7d9,3306174046,0657s,5,01
2025_26,a93c361f43102379e16c7e4e48c0e7cc3863a05b2e58f0592632b5791da0bf6e,3306174046,CVOPT,8,01
2025_26,09df3749b33c5e50c10d4bd62f7f25f8935679e00ebc243c9348c5e5eae87b95,3306174046,0657s,7,01
2025_26,09df3749b33c5e50c10d4bd62f7f25f8935679e00ebc243c9348c5e5eae87b95,3306174046,0652,4,01
2025_26,09df3749b33c5e50c10d4bd62f7f25f8935679e00ebc243c9348c5e5eae87b95,3306174046,0653,4,01
2025_26,4432d120bcfaec86e2c4f8b58860122c3892c5d3bbeb68b6816e87afb1750aba,3306174046,1708001,6,01
2025_26,13a5db0c47e6dc1b97e6e4b545ba2a42ef13e0e9040144aca8359463ce78bcf8,3306174046,1708001,7,01
2025_26,252a32167aa02f42e9280f38270f85fa5aab05a829285d000cf47baa6ffee1b7,3306174046,0652,4,01
2025_26,dbde61117f82c3f18ba4229558f81c8ae2d36e4ae4ee771d798606cce794fcfc,3306174046,CVOPT,9,01
2025_26,7b9e0f274b0f9d4241a20cdb01cc52ffe9042b1646224e2c922517f7b8e20f79,3306172060,1230,6,01
2025_26,e8f0a240355191b2daff2e573c7edcf73285557b9f2ce69fe50f7c3e800d489d,3306172060,1710,7,01
2025_26,083403937763efa0bf3730e3765044e41a6b8d2da7c174a6dcece6983ba2277f,3306172060,1234,8,01
2025_26,4d221609629a54c2cc889a926875ba0857431f12397b1a54ca04e468fc623b78,3306172060,1713925,4,01
2025_26,5c776c52f2ad140614ec800e3fa5de188a5606700c15cdc0a08bba66a48a17cc,3306172060,1227,4,01
2025_26,5c776c52f2ad140614ec800e3fa5de188a5606700c15cdc0a08bba66a48a17cc,3306172060,1710,7,01
2025_26,e773b48cdd73183ec7055140222e7d2b309dc3275732be2e6d891795be8ce223,3306172060,CVOPT,9,01
2025_26,a973d545d119fd034f5a346c8a5212ac54a7aaf59f97fe0a52de38bcdb2e8b29,3306172060,1713925,8,01
2025_26,a973d545d119fd034f5a346c8a5212ac54a7aaf59f97fe0a52de38bcdb2e8b29,3306172060,1227,6,01
2025_26,c3f586139b4b3d972d92987178718a8c0ab01ef8e182622a8b1cdcafe1750d21,3306172060,1713925,7,01
2025_26,6e8a2bf0a06ba8011fb9654d9e95ab9f4bedc01519a234d06a5b692f31023915,3306172060,1664020,5,01
2025_26,326926eb8107ee630b12bf15d71ea51345f7ff33db0f3e9d26a21d129b40a88d,3306172133,0822,7,01
2025_26,bea9be527b1b7fbda4923f07edaed2f75276ad1191fbb9e2064c0e22b8905eb0,3306172133,0828s,7,01
2025_26,bea9be527b1b7fbda4923f07edaed2f75276ad1191fbb9e2064c0e22b8905eb0,3306172133,0825,8,01
2025_26,bea9be527b1b7fbda4923f07edaed2f75276ad1191fbb9e2064c0e22b8905eb0,3306172133,1710,10,01
2025_26,9f6df2a01eb0cd47b19d211cf1e645e7ad84ce895f249236440b1f4a4896ae7e,3306172133,CVOPT,8,01
2025_26,9f6df2a01eb0cd47b19d211cf1e645e7ad84ce895f249236440b1f4a4896ae7e,3306172133,0825,8,01
2025_26,9f6df2a01eb0cd47b19d211cf1e645e7ad84ce895f249236440b1f4a4896ae7e,3306172133,0822,8,01
2025_26,4b1f4157d94a8428e3c2239db5596635e28c864de1461cdb75ed48981a0538aa,3306172133,CVOPT,4,01
2025_26,4b1f4157d94a8428e3c2239db5596635e28c864de1461cdb75ed48981a0538aa,3306172133,0825,7,01
2025_26,4b1f4157d94a8428e3c2239db5596635e28c864de1461cdb75ed48981a0538aa,3306172133,0822,4,01
2025_26,90e11333d1fc18cd172687c94dbf8b530e5d4653baefc95838598781c89df0cd,3306172133,0823,6,01
2025_26,e6388bf6df50cc83d15525c7b8d9b0b169927ca47da3306cbb5f331f9529a460,3306172133,1665020,6,01
2025_26,77e403a6901bc2fc86de730faec36f305ace8095795f811af5ca544611b29d3b,3306172133,0828s,9,01
2025_26,3c87e691a1f7011ac25c7751a89981120b23266b7e85e4ab802b1080925dfbdd,3306172133,1665020,9,01
2025_26,3c87e691a1f7011ac25c7751a89981120b23266b7e85e4ab802b1080925dfbdd,3306172133,0827,8,01
2025_26,7e95db372fc0c37c10ef4dd85070d24ff8731cc0f2de155c73b66d47ad38a1af,3306172165,1012s,10,01
2025_26,668b543fd712bf0e03cedc4437c8da84271e2312325642dd9e273e19d4615777,3306172165,1708020,7,01
2025_26,e1fa5399686a4a29ca1f422357b1509019d4486fb7a00a9c806c933b2cbdee5e,3306172165,1110,7,01
2025_26,4fa33e61b4eb9ed69b12f6adcd6110318f36a4d30781964c40d42a086c3ab0cb,3306172165,1708020,6,01
2025_26,89cf0a66566c86c99a42d9fdcdcd36680b6a1cf332cb79b1827e92532d2e9f40,3306172165,1011,8,01
2025_26,40df7244c17d1f35ad1bcb47e3820f87226697e8bbd8d79383bc2cfdf77b0ec5,3306172165,1708020,9,01
2025_26,7283b898d94bcb71dd4883a04bd05fc0a9931b719946ebebbea7b83723773460,3306172165,1110,7,01
2025_26,799798f993c4f212a337dbf6c94fe05f7b9150de73eaf1019095a86fa76c5330,3306172165,1008,8,01
2025_26,4d204e60470d5745757c8ab5cafe9a98db40cf0a77d53be827b92adc4639c0ad,3306172165,1012s,7,01
2025_26,858a01846ac6f7b808cbd6d6f4557f51b9030d59cd6e0b22a7706248dfcdcd55,3306172165,1008,6,01
2025_26,5f21b0db1be9a82ec2eed40399a3b24051ea1cdb4ad448ccf3922ab9fb84178b,3306172165,1009,8,01
2025_26,8a0a44ffb2baf1c087924d37d0a767c7ba9ada2bf745620fcf98484b37216bae,3306172330,0398,4,01
2025_26,bc12ba4a1e0744bf0ad86028f479ed024620c3e3a9df29da836ed8770fd65e3b,3306172330,0397,8,01
2025_26,bc12ba4a1e0744bf0ad86028f479ed024620c3e3a9df29da836ed8770fd65e3b,3306172330,1710,7,01
2025_26,66eedee21f82a34060ae90994886def7ed10f96e2847bfe2bf1c8e563fd69849,3306172330,1708039,8,01
2025_26,f4f6a647f626144044314a4101b8beeac8600537e08407bbe17ea15514ceaeda,3306172330,1710,8,01
2025_26,482ad2af2aa1a8c7050d4eb6971b0db96b9aeefc17d13212fc543ac2e46d2405,3306172330,1708039,8,01
2025_26,5b552cc9e92c004054eab2aaf9286d412df9c39919f6f980371192bd0b400192,3306172330,1708039,6,01
2025_26,555a18eb56053d57cd79d35db4decccaa5aa6f83f82f8a903a1aa22320a6484f,3306172330,0397,8,01
2025_26,a16786f726e999c32f3eeb7c8571b768f7cf4527885f12fe1cc04e108b4e4474,3306172410,CVOPT,9,01
2025_26,0ea65640b217a50fa35570e2457ed71c99bdd51077ef6efcdef0f6624754bb44,3306172410,0387,6,01
2025_26,21c0f5a5d516830e1efbc81d673d1499f8d9d0a1c9096ed482e67e18ccf0738b,3306172410,1665039,9,01
2025_26,b1da45ca137b661d744f20870e7c8de3a5d9a5cdfc04bc53e0c079a282d15d4d,3306172410,0388s,8,01
2025_26,5ac34ee7e62bdd1b65552dc909caeb1a0ac0af27df4f603ddc212d3b55eeff9b,3306170521,028503,0,01
2025_26,48b73079c4660ac35b1e4638cc1950b62d85c757cfeaa52f18094bcfcc5adfdc,3306170521,028100,7,01
2025_26,7db971b21cf92c7681b1a9d04220b8b08bd1d2f48585bd60dfe0f4d239864a73,3306170521,028505,0,01
2025_26,2527e406af7bfba88ff27376a426f845411e9752dc849bc6ae36d3655f135c5e,3306170521,028504,1,01
2025_26,e3af526660ab413757281d31e85dec5f4e58c4ff50f16d44b4859194106261be,3306170521,028502,9,01
2025_26,e3af526660ab413757281d31e85dec5f4e58c4ff50f16d44b4859194106261be,3306170521,028501,8,01
2025_26,bc63bf21b52db90a0da34d3f79dfa25e1ba82950378031faa3b863b7a8bced18,3306170521,028505,4,01
2025_26,bc63bf21b52db90a0da34d3f79dfa25e1ba82950378031faa3b863b7a8bced18,3306170521,028100,7,01
2025_26,3ed99de57e81f09b735ad0226098bffd3afca7f17948499b3c3a1917b233cb52,3306170521,028501,2,01
2025_26,2e06046b74a2c57560d32df9bf3703df877f19cdc3c310f810f2fa86acf7fc9c,3306170521,028503,0,01
2025_26,039c961773bf793190f5162ea33ef2ba5454d352c597f35f248579c0f9231c06,3306170521,028001,8,01
2025_26,30dd42cf7eb51a6cdeb50a7d54266291a28ca7e8b2d69b05c6be759cc16c95cc,3306170521,028502,4,01
2025_26,845fad0034339e0c9ceedbbb560b1f65699ab277eea8a168d73c22cb559bd2d9,3306170521,028501,3,01
2025_26,49c5799d463b0f152bf30315f8361d2607edfb1792c416d0da1df4b6bd3513ec,3306170521,028502,9,01
2025_26,49c5799d463b0f152bf30315f8361d2607edfb1792c416d0da1df4b6bd3513ec,3306170521,028505,7,01
2025_26,d57dc88c994c938482d72c8c646e56918f28603f6190a415326e7291f29974ec,3306170521,028505,8,01
2025_26,ee46f10a1c817b275f8092b93986aa4da6fa5cb4c1632329c5280944d66b15a5,3306170521,028504,7,01
2025_26,df52cf35404de0f324a36b4dbf11cd459843820c3d12be9d835b3078a1053542,3306170521,028505,0,01
2025_26,48fc59694cc66c1c8c231f29a2ff8f6bb8db334057ec41bf6d0bf6a6253512fc,3306170521,028504,7,01
2025_26,5b8172cb7a0521d71922f0c7ac97b0f2661b737c5806b00a9c23c1ce4ea275ca,3306170521,028001,6,01
2025_26,10e3725bc98af10f6ee6e7202a5139eea1afa879b9ffa61238f5619751598943,3306170521,028503,4,01
2025_26,0d7c13979908103b1d7d8168996c4238bb04455e573468238311bee7b0f968ba,3306170521,028100,5,01
2025_26,50ec56870037feb78709050eef1709ccff77643731fb28ceb370f7ed0373150f,3306170521,028501,0,01
2025_26,d30551ce41430a40d66e66ecc1a4bb6be5979765aa2b71493cb493dc43136ca7,3306170521,028001,10,01
2025_26,15c79adb9358647d39c42d451abd1570c7b1ae839ed6244464dedf8d6276d438,3306170521,028502,0,01
2025_26,15c79adb9358647d39c42d451abd1570c7b1ae839ed6244464dedf8d6276d438,3306170521,028504,0,01
2025_26,6b0773ab084b25e49f8fa05f13d74118ea5c34066ac66995f01b42c039986a92,3306170521,028001,0,01
2025_26,17affae56bc36ed22f15f4341dd531cb54bfb15aa6a0ded0bb59f6c0b9b448ca,3306170521,028505,0,01
2025_26,f85195aef3e0186ddeb86a45974480680c5f311636ad524d129228a6dd6fb873,3306170521,028501,8,01
2025_26,6f256302cdd343707fc316fa23446b41376fe3a8c5fd0e87d4b9c57f18c7d276,3306170521,028504,0,01
2025_26,6f256302cdd343707fc316fa23446b41376fe3a8c5fd0e87d4b9c57f18c7d276,3306170521,028505,0,01
2025_26,954713ecdbc049287bec4fd11597143215f55ab35825b80eb117cffbb6dbaebf,3306170521,028100,7,01
2025_26,3bedc53d2b1eeba0ff31d994b18cb626e2818a1dc482c4ac9cb06fc5656634aa,3306170521,028502,4,01
2025_26,3bedc53d2b1eeba0ff31d994b18cb626e2818a1dc482c4ac9cb06fc5656634aa,3306170521,028505,0,01
2025_26,3bedc53d2b1eeba0ff31d994b18cb626e2818a1dc482c4ac9cb06fc5656634aa,3306170521,028001,4,01
2025_26,3bedc53d2b1eeba0ff31d994b18cb626e2818a1dc482c4ac9cb06fc5656634aa,3306170521,028501,1,01
2025_26,3c5ed9f9fe9713bd422293b8977efe400af102fcba2e9d6302a3260f6303d1cc,3306170521,028504,8,01
2025_26,14b24882d87c7bfa16878f14d8288e45431bfba2dd34f19cb46f3e613f6197f9,3306170521,028502,4,01
2025_26,14b24882d87c7bfa16878f14d8288e45431bfba2dd34f19cb46f3e613f6197f9,3306170521,028501,6,01
2025_26,968ef9dd599cf571a523a2b4a8d19dfa958650eb7ecfe414568763d94309c789,3306170521,028502,7,01
2025_26,968ef9dd599cf571a523a2b4a8d19dfa958650eb7ecfe414568763d94309c789,3306170521,028100,8,01
2025_26,4939686c912d22884d42c7d404d29aa20ce06a088bd0dbcedc7f89938ed0c565,3306170521,028100,6,01
2025_26,1e6289e84b08699b422b973bef4bff5d64aedd75c1a58396d5221741f0e2186c,3306170521,028502,0,01
2025_26,2752942803b77267913f1e8510f02e775fbfdc4b2508bddf5b7b6696968b4332,3306170521,028501,5,01
2025_26,0a760563bf4d78583a74c13185cd81a0586e87302c6b05925c2e9634758261fb,3306170521,028100,0,01
2025_26,32b5edd5bee9739a8eef7108b9520ce97700e6e5903af79e36fa964db42951c4,3306170521,028504,7,01
2025_26,32b5edd5bee9739a8eef7108b9520ce97700e6e5903af79e36fa964db42951c4,3306170521,028001,10,01
2025_26,32b5edd5bee9739a8eef7108b9520ce97700e6e5903af79e36fa964db42951c4,3306170521,028100,8,01
2025_26,bf8cd8210eafd24c387b7a328b6a2b6440818b33a769d8236bc06554ebb647b0,3306170521,028504,9,01
2025_26,e8cf299298c057c2054d9b8877c31b62c81059528226e946de29f23a8c463b57,3306170521,028505,7,01
2025_26,e8cf299298c057c2054d9b8877c31b62c81059528226e946de29f23a8c463b57,3306170521,028503,9,01
2025_26,9c57203687222f6a366ab584e07fdd297fb72e45be919693a6521c9034ef4d23,3306170521,028100,10,01
2025_26,016926cd0804d57fe183f553db2ebf142155501abc059e0436729e464f04f409,3306170619,1709,0,01
2025_26,d0ea10679b889b78d4dcfe23d05d9a1f3a5d276681e4da47c12815a11605060a,3306170619,1370,4,01
2025_26,15b96f395e4a9b4284bd3d279425ca20fd94bbf2455856a64cf52ee22cda2c87,3306170619,1369,4,01
2025_26,1f3c5cbbebbae4bb3b3d635f05c4b39bb1a693775f681cdd6dd304931a3671ab,3306170619,1709,9,01
2025_26,d4bbad0529f6fd800827d384619b449fa1de2974843bc7d3fcac6a9794071345,3306170619,1369,7,01
2025_26,3d51c4ac2d0c52289d8613a810aecc53b12dfd7a9111b6ad83295d8b7301bdbf,3306170619,1369,8,01
2025_26,c3c72ad80a61762249e2757d4f3965629c259f74808eb56ebaf9177b74395f9e,3306170619,1709,9,01
2025_26,c3c72ad80a61762249e2757d4f3965629c259f74808eb56ebaf9177b74395f9e,3306170619,1375p,9,01
2025_26,726cb7b2e15d4002381b2e97d76e7de2835ab19e6d8b144c828a05edd55f1097,3306170619,1709,8,01
2025_26,60e059d1bc54474f161f98d265058e7a446fdcc442a605f9e1352eb7b242bb93,3306170619,1368,4,01
2025_26,0d5b5b2d036d44955d1754f745ec7d3776ab024adc77a6794fd0ce6221ad57f3,3306170619,0179,7,01
2025_26,0d5b5b2d036d44955d1754f745ec7d3776ab024adc77a6794fd0ce6221ad57f3,3306170619,1367,7,01
2025_26,a8d5c798d9df6cdb225f912cf13d48431b439055f6045394455c0cd3db915ffa,3306170619,0179,10,01
2025_26,03d7fe033f706b3073f815a16243a27563efcbcafc8253b6c8917b3ca9636b23,3306170619,1367,8,01
2025_26,91356baca2338102b59ab27a8da7f986daba6e7fb0b632cf723c23dc6ee6cf7e,3306170619,1368,9,01
2025_26,9ec5811c3c02cbda791ecb3d6745e24a4a06d4f994840e114108177f51e0262b,3306170619,1368,8,01
2025_26,76b71d9428ab01fb5e50ea91f66efa74849370f4775daaeb5e0bb9e8b6b975a4,3306170619,1367,9,01
2025_26,2f7c7651b956a7795368411ba42c889be0c1f4d9941ded0ca03df4072281b2f4,3306170619,1709,9,01
2025_26,2f7c7651b956a7795368411ba42c889be0c1f4d9941ded0ca03df4072281b2f4,3306170619,0179,9,01
2025_26,ab7c5e7f3488e631d96d1a47445b5ce803fe312c3c6cae0eb29e2419eb05dbb3,3306170619,1375p,8,01
2025_26,ee6ddb91a625f7d001fae8e0f554d2c79a2eeb0b540bc586b44474bfa5882cb5,3306170619,1369,4,01
2025_26,0f43ed258bd1ed44c2f16fd9adbed7052398fae62027cef6c18285515b932ecb,3306170619,1370,8,01
2025_26,8ca8629f0f65eda3b36ebe943e02eb51d2013c8dd12919796d764412e70b9104,3306170619,1709,9,01
2025_26,e53c12bd1cedcd149cf322b6d80b43f41f636bec285583f1d615693c1afb884e,3306172484,0171,10,01
2025_26,b437954538af098ea4779c88684b9d3cb8c3f2c8cd8ea5b75d5ef72c16aaad90,3306172484,0172,0,01
2025_26,b437954538af098ea4779c88684b9d3cb8c3f2c8cd8ea5b75d5ef72c16aaad90,3306172484,0173,0,01
2025_26,19bde2654221ed68dbe749f75cdd118ccb641becb894042f75dc25923fbafb04,3306172484,0171,0,01
2025_26,3be61f93a0c666bdfa7c02733932de8505b00847eac9c099d12766f8d895d1db,3306172484,0179,4,01
2025_26,3be61f93a0c666bdfa7c02733932de8505b00847eac9c099d12766f8d895d1db,3306172484,0173,3,01
2025_26,b0bdab705e6d59ee639e1d6e3a1e0add22251684c31b423500c73bdb37742d1e,3306172484,0172,9,01
2025_26,d16ea4ba5f2f5f34eca94b01a7872921f6bd7b2e8e2c902861bec64e100340da,3306172484,0171,7,01
2025_26,001b13a7ccd54646deda0e2336a737d10cb14c55e95f229b72b745a8c1783a8e,3306172484,0173,0,01
2025_26,a03b1de068503a19b0dbdbc1ff79ca367b32d609fecfa55f8d78fc4cd313d549,3306172484,1709,3,01
2025_26,bcb004e1c0721070a6ce6eb8dc24f215635d8a292a69375445b74cc477850728,3306172484,0174,0,01
2025_26,1e00a5dfdeca69854dc8558d512d56159cbda6ee7bdb4a73505a83ff7abc497b,3306172484,0172,4,01
2025_26,7da27355b3451d0309f553f487dba920b0d960a85ab4d10a78f8e035706c4979,3306172484,1709,2,01
2025_26,39f119c6205fa1b6a149ca85cb628d731b3ef8ad9b6c3c3b336219806ac4769a,3306172484,0181p,5,01
2025_26,39f119c6205fa1b6a149ca85cb628d731b3ef8ad9b6c3c3b336219806ac4769a,3306172484,0174,4,01
2025_26,0a72cbedd41d9a956009a377a9f91bdafa4a6797f0d9aa8c3108872360a96a09,3306172484,0179,7,01
2025_26,c0861bda2c6d6ec59413a46bbb9ae7f5d4f23f1a3df6733d65ff02ca1bb451a0,3306172484,0177,4,01
2025_26,24954405527efcf1156cb40f5cf5d303fbdb2840c01c450c837b3737b6582aab,3306172484,0173,6,01
2025_26,ca3493937ea6acd77a05ea1852aea724619830fc51252a75ac6762b0963b1f7f,3306172484,0171,0,01
2025_26,82a326ee68830799e2aa0faa9f5ad9eed20ff04c6bc701ced90fe20dc739b58f,3306172484,0174,6,01
2025_26,75daab61b41e8783fa9beabfd25a87ec8c1f2d3dd1b58b6feddad69b43b52999,3306172484,0174,9,01
2025_26,04599d524a14501ab7f50c28aedea9d3b0e72f525e5a48c0f6195aa7b7850a5f,3306172332,0173,7,01
2025_26,708c9514c5e3bcaf44fe1d5968e7cd99299df1500c4075c0f9f1dc03e78abe85,3306172332,0171,4,01
2025_26,6875e2615a6ff3348abef167d520bf04eada2f0143e9ae4b7bc2cf80266694db,3306172332,1709,8,01
2025_26,a04a47effd9c495c71eaf0e6896400eb8a5b33a3358b3f3e7a08a7901006a375,3306172332,0173,8,01
2025_26,4d396e492ae51d2c9fa4a78a95d6bb178e813ff511f5d9a45b54100542a4dd34,3306172403,0384,4,01
2025_26,4d396e492ae51d2c9fa4a78a95d6bb178e813ff511f5d9a45b54100542a4dd34,3306172403,0172,8,01
2025_26,1fe342b058528873edffbabba05604ceb47e07f139eff186a774d4f414476061,3306172403,0388p,10,01
2025_26,988588d3ae61e3dce6ed91e7ef0972f3201320466c7db2b90eddae305f8ec80e,3306172403,0172,0,01
2025_26,52412faf76719de313a2c94b88f2309ad68ec1c8aca689514a6291c03a6f6a31,3306172403,0171,7,01
2025_26,3a46280747e6661344b9d4ebcdaec4e73b009c94d891386f8e5ef93f24197f1d,3306172053,1229,6,01
2025_26,3a46280747e6661344b9d4ebcdaec4e73b009c94d891386f8e5ef93f24197f1d,3306172053,1233,7,01
2025_26,a635ebf231742e694609d4e1178605c914fb01581c634dca780ebd4607397edf,3306172053,0156,0,01
2025_26,8ca685b85919398176e54bb27765832fec61d14a7d0e18184ef7ef0bdd7f97ce,3306172053,1709,2,01
2025_26,8ca685b85919398176e54bb27765832fec61d14a7d0e18184ef7ef0bdd7f97ce,3306172053,1232,0,01
2025_26,9f9afd4aff4e441a8659a752e2d513de54ca75711680dce390dbb0e0e77b1060,3306172053,1229,6,01
2025_26,be86024b185c2777f0285e6434c636cab8a3afc385926385c1deebb1a5fbd1ea,3306172053,1229,5,01
2025_26,c79105884bf0d149ad54e2f39ed5bd11955b16febdc482e4ad19ff6a12fe2e09,3306172053,1232,8,01
2025_26,47e4d5b07965a3d101f5fb9efe047d03a8cf3853032eac9c807a5dbcf6242b7b,3306172053,1232,8,01
2025_26,810cff84a829f9703d343e10a7194e15886c6b1f101bbcbf1c5ff121cbd9b5c6,3306172053,1233,8,01
2025_26,6ae47c614ea8512e113ea31edd3f499dfe19b6be0af188fd0310554fd1ca7a83,3306172053,1229,6,01
2025_26,be5cc20ef1bc14efbe0bf8ef76602b7ed16279d02e9275db381154e3abdcb305,3306172053,1232,6,01
2025_26,eb6187d7c813a5b6801aaf0fc5f593e76072a44fdaa75af7466ac48430fbcc90,3306172053,0156,7,01
2025_26,68cf11f2a0c86b6bf258cdd97fae2403417e332286020f60a6d3710925ad18de,3306172053,1229,7,01
2025_26,83338d02a56c7c278207e4f5647d51c9bfa76edde759527563260f325f42e669,3306172167,0931,0,01
2025_26,9d814ddad12b96831dc5e3c8875cecb386580b8c7973155f7d6db152073ed837,3306172167,1010,6,01
2025_26,cd85a75073090be1dce0a50ea82bec285f5cd7e5d17def7328bb568f7ce4d30c,3306172167,0179,9,01
2025_26,5a32c2badb6de022920b15632eed0ee1b4cd37014542deeff767da2c614fdf83,3306172167,0179,8,01
2025_26,8ba08d4d675f9d4437fc4107e2bab57cba8b351f28b431ea843efe62ce14706f,3306172167,0623,7,01
2025_26,e6766bb7a662bcc5fef811c4323b2287321f6df94d65de895e6365dde16bea65,3306172167,0930,5,01
2025_26,41f11c9dcd8e294def960484be153dc65b59fb0091c9da372cc641844a24cba7,3306172167,0623,8,01
2025_26,3086fead5c25510ad45d8b6b21798fde3227f36b30777b2e7a04d85aeb7b843c,3306172167,1010,2,01
2025_26,e7127618527681553b25242fc9c76a03ac9868ec74979b2325b586a9dfbe2cd2,3306172167,0931,7,01
2025_26,8503dd2f90ef2c543dc75b95d15ccebb4aa1a4301dc1bd615748966ff97def4c,3306172167,1010,6,01
2025_26,da5f9d93567899e0c4b7ed339e91585837f37cf76db08ef801f2e6beaf593760,3306172167,0623,7,01
2025_26,ff433c34c1eb6d8569c874829c7ffd5a2291f378669ad2025956397b123a3950,3306172167,0931,8,01
2025_26,45dc16b16fc97478054d54ae70fb28f4d615a1ad84f8bb5a4b976189f44f0f14,3306172167,0623,7,01
2025_26,c5b3d6ff7ea3ec612e2ebf88d553ad9da94e937aa8d20bb1ffc89d89a3b5fb1f,3306172167,0930,4,01
2025_26,b22ebd4eb75cbe3b0ff7dac7fcc8fdb3a16924a4e8bfbbb082ec2496a6f471fc,3306172167,0930,4,01
2025_26,814a06a63cae2ad2bb46a3ab2af0427e95212bd8d68c531c31ac22cc1e79e475,3306172167,0179,9,01
2025_26,814a06a63cae2ad2bb46a3ab2af0427e95212bd8d68c531c31ac22cc1e79e475,3306172167,1010,0,01
2025_26,f79e2121bd525cbd1686949ac59aada5dfa26f6c316921c73d2de4def7813bda,3306172167,1709,6,01
2025_26,f79e2121bd525cbd1686949ac59aada5dfa26f6c316921c73d2de4def7813bda,3306172167,0623,6,01
2025_26,8dca4dc6bea430986162073bc80007371e18e6f4d038834884c6d5612251197a,3306172167,1010,4,01
2025_26,5077e07b0b966bda3a785ee57cbf6d66d171a0cc2b32eec3ea267de1ad3af2d7,3306172167,1709,6,01
2025_26,0da8a9f5a321121865e8de88e5399494e3da2b6b2845f1daab8cac313f0314a1,3306172167,1012p,9,01
2025_26,90609e821d9a1fc60b1cd740a0309ead357c0011698170695f3f86138e35b5d8,3306172167,0623,6,01
2025_26,d1b37a860ded5b908b00860f6c0e8e2e218923ec29f1795656fad92eb5004887,3306172167,0931,7,01
2025_26,f5a30cd1b19b9cfd960d2f23274d2136f5ab4dd49d385de28056862e3171efe7,3306172135,0622,4,01
2025_26,47c52f8c9ca8aa71e43bf7cd4aa83200d14199cfca869c19fc9f845620de2265,3306172135,0625,7,01
2025_26,f721361d30181ea367549f862721d0b0e50c81a28093f8aa614ab6d0a3b9108b,3306172135,0622,6,01
2025_26,8863a24e24e14b0539421db06bdc6e8f065d4a3fee02a53867731440d4dfc828,3306172135,0625,7,01
2025_26,f3bf10de5a266d45775e942b9b6283964cc21b316a5b69b15513d8fd7d33e313,3306172135,0622,8,01
2025_26,bd1c7e06faef39ee5e181e62c9655b5fbe0b7df4ec1487a37935f891c58f3b3d,3306172135,0179,9,01
2025_26,fbc13b227bc0c3115d765c5bd383806cdfc71a33b6fc698a54cef6ff5d0d5462,3306172135,0828p,4,01
2025_26,fbc13b227bc0c3115d765c5bd383806cdfc71a33b6fc698a54cef6ff5d0d5462,3306172135,0622,6,01
2025_26,70a23789cfd7badaf71196c6ab772b8d1beed83bd899508d13ebccc64a0a9095,3306172135,0179,3,01
2025_26,2f25b1329ef0281d40755ced48ddf9d5d18c688b3263ffa33d3e5ff4dc9ad9cf,3306172135,0625,8,01
2025_26,2f25b1329ef0281d40755ced48ddf9d5d18c688b3263ffa33d3e5ff4dc9ad9cf,3306172135,0623,8,01
2025_26,ddc099d7f233e777fd85c2a80815ce0425febe954a5897b61907a61f7a458f8d,3306172135,0179,9,01
2025_26,0a4a85a56a67cc069b028d7a02d5e0d9c13cc050abc682925c584a06024159af,3306172135,0828p,6,01
2025_26,6990f1064643b438a23741916aa5f305a2d53de24c2adcacd7e13adba9675936,3306172135,0623,7,01
2025_26,2e0458627883be8489942b5aa1b06446774afcf4a1e83870f975091e1f1e6515,3306169433,243265,4,01
2025_26,c23ac585710b9b1d744c4d6f73498a0ae9f533569163bd3839857338719fc27e,3306169433,243265,8,01
2025_26,0ebd1c9c04813645ba46043bf61d9c26e73b1c2d29d65b232170d589c2b541e5,3306169433,243265,9,01
2025_26,9d5ad08b4c7fbbd5bea94a48b1cfeffb66ea49c0a332aa6e77151041e753d250,3306169433,243266,9,01
2025_26,77fc29adc18b16f106a77456bc2e79082d30cc260bcab3c237269b96a52423b4,3306169433,243264,7,01
2025_26,37412174619670b5ea32cb40428736252e5ebf92131bf3cde20a6cbb19364fb7,3306169433,243265,9,01
2025_26,0d2e1fb0ff5d9601e51052b895c3963a0bc1b36e6f8c9bba6121881f7556a05b,3306169440,243271,7,01
2025_26,dba67911054d7f8e39d63085c6bf2039ac066208f23f647abc83c585e38b2808,3306169440,243271,9,01
2025_26,abb3aa28e17cba5f2405f4f2dd719c2c9c9a06593f1c87eb01caa5a0154aee6b,3306169440,243271,9,01
2025_26,5f6daa1db1b32279936d20cbc88da1bbf233bb328cb1fddf1319d28ba3da6dcd,3306169440,243604,8,01
2025_26,5f6daa1db1b32279936d20cbc88da1bbf233bb328cb1fddf1319d28ba3da6dcd,3306169440,243271,9,01
2025_26,b58f56da5d75edf899391cfcf284f2099a3cc514747f2c0a12ca5b5befa81ecb,3306173997,1709,8,01
2025_26,b58f56da5d75edf899391cfcf284f2099a3cc514747f2c0a12ca5b5befa81ecb,3306173997,0441,2,01
2025_26,99a5d5cb53fc49914b4008b394fd079ccb621d29803e1d75287c36e50ad6b5cd,3306173997,1709,5,01
2025_26,99a5d5cb53fc49914b4008b394fd079ccb621d29803e1d75287c36e50ad6b5cd,3306173997,0440,9,01
2025_26,99a5d5cb53fc49914b4008b394fd079ccb621d29803e1d75287c36e50ad6b5cd,3306173997,0156,7,01
2025_26,b2b67d5fc8eb6a7be68262b1b2e465d7ef533ee529ba56cd280f0d81c779cfce,3306173997,0437,8,01
2025_26,b2b67d5fc8eb6a7be68262b1b2e465d7ef533ee529ba56cd280f0d81c779cfce,3306173997,0439,8,01
2025_26,b2b67d5fc8eb6a7be68262b1b2e465d7ef533ee529ba56cd280f0d81c779cfce,3306173997,0156,0,01
2025_26,498c097a93eec82ceb15f758df9c330ea62cae123e177c27a2818b6e726047f1,3306173997,1709,7,01
2025_26,e46f9bfe68f3772a73907d4ae3733b372567da5a4d86c2bf7bfceabf3a672a26,3306173997,0441,9,01
2025_26,4cd7dbdd62e45a9f6d8973133641230dca95ff6cebd23d5a888b912f54e28835,3306173997,0437,8,01
2025_26,d88a30b93f4e2486928f49de052532a469fe3fa97b67c6673d097938bf97f814,3306173997,0438,8,01
2025_26,af673f9bc4b85f6c3fb335b0844087d4346f0cc8bb99a557f9f46f3a550b5b7d,3306173997,0437,5,02
2025_26,9ec30307478bd2a241b56a78ceda9122197177cd5d3466ec1ed79e82345453e1,3306173997,1709,7,01
2025_26,bde9180c50f31739dc05fad2e9f7b520b0fc35d89def4fbfe56de8b1ac3db3c8,3306173997,0437,8,01
2025_26,e6460e1a0c2b69deec87703915055645caf94ffb6d6c8104ea287f8413cdf4dd,3306173997,0156,8,01
2025_26,ea42808b4247a3065b28093737aeb4712a18a4b747daa53c9bc505bf01864cdb,3306173997,1709,10,01
2025_26,ea42808b4247a3065b28093737aeb4712a18a4b747daa53c9bc505bf01864cdb,3306173997,0437,4,01
2025_26,76976ed4eb017122d705ff8b352d5f6e5da1350dd9e83748f08caab535ef3d23,3306173997,0438,10,01
2025_26,e88784ff773ab7436dad9ad8f3614a3e609f682b9fa1a84f785cf74372576937,3306173997,0439,4,01
2025_26,f08738b34fa52088a1cd70d731e720a843d6bf0e18ca1f440ee0e2326958e07c,3306173997,0437,4,01
2025_26,f08738b34fa52088a1cd70d731e720a843d6bf0e18ca1f440ee0e2326958e07c,3306173997,0440,10,01
2025_26,5349136ea57cf06102bdd2ca6b12daa4a15944b4a05a413bdf98bfdbf7761b78,3306173997,0440,0,01
2025_26,e69651263a80a35e3c4ae96a923130be898abc66664f628f17a9852f5cf5dbd5,3306173997,0440,0,01
2025_26,49d96f743472dc2e355719eea684ba2359ef5cd381bb570d732d80aed99f427b,3306173997,0438,6,01
2025_26,49d96f743472dc2e355719eea684ba2359ef5cd381bb570d732d80aed99f427b,3306173997,0156,7,01
2025_26,631f426be1c54d8a10cb4eb24239b4f3a8504652ddef0fb451cf5235db7fdabf,3306173997,0441,9,01
2025_26,631f426be1c54d8a10cb4eb24239b4f3a8504652ddef0fb451cf5235db7fdabf,3306173997,0439,7,01
2025_26,631f426be1c54d8a10cb4eb24239b4f3a8504652ddef0fb451cf5235db7fdabf,3306173997,0440,9,01
2025_26,41eb0f32c27b3f905febcfba70457e735929ce7448a0471e4a205747131d5e9b,3306173997,0437,8,01
2025_26,77e82833effdd877303f10568eefd8ce3012d02a48ea3dac86c0f0af6a84fbb4,3306173997,0439,9,01
2025_26,054db9ff17c33efc2a07172c7e5f1f473d82a4d1dead9b602c3e1bc0c5c4d96f,3306173997,0156,7,01
2025_26,e249af66eb371e7982620386acb6f14199ed7e337f9a3ad9a70fc1df76e5ca98,3306174048,0179,9,01
2025_26,e249af66eb371e7982620386acb6f14199ed7e337f9a3ad9a70fc1df76e5ca98,3306174048,0649,8,01
2025_26,38a5625071b65f7c459d5b033b19ead9f5364b6ad238970c71d979131f9520b4,3306174048,0648,5,01
2025_26,d36ed655c38ddd39a2ae843664e6fa11b49d6b3ebdc3c5dbbed7492b056624b9,3306174048,0650,10,01
2025_26,ef4d79efa0a1b22adac94b2ad2adbcd3edd3092d481749f33ab681f28528d9f1,3306174048,0648,0,01
2025_26,855debfe9f0a935f207ea0c9563e6cc586554599b8aadd3ff59df67d96dbac6b,3306174048,0650,9,01
2025_26,855debfe9f0a935f207ea0c9563e6cc586554599b8aadd3ff59df67d96dbac6b,3306174048,0648,7,01
2025_26,7794bb65492780cde77c03c1db4b8127660777050f463049f98d6917d5ccf34f,3306174048,0657p,0,01
2025_26,5d35bcc04a8a8c531fc3fd43b6612b695f283bd6c1385c6107e7af6b2cf6df25,3306174048,0650,6,01
2025_26,28b9f2465556f037d48935028f3bd1c24740d1afa3b7d5fa28a29473976dcb34,3306174048,0179,0,01
2025_26,d4770efeedf867d67817ea96b57b9b2c3a0141a576d6a61f1ec0faf26b4d7593,3306174048,0650,6,01
2025_26,c97fc31e1e1c09a2307cd60fed3cee2d29cb07677d19f3b16094d09d238f749d,3306174048,0657p,6,01
2025_26,741412a5c0b73ecbc962fa1286b8ec6bd63912db67d5fe38c7897ef68c6ebc23,3306174048,0650,10,01
2025_26,1e0f85ea446e582d4cae80f18e948a085d531f823c47f394c25c5920a62d09bd,3306174048,0647,9,01
2025_26,9f411de2a8e07ab41bec90fc6f9b154f0299b14931075f105bcabded76c33d2b,3306174048,1709,0,01
2025_26,9f411de2a8e07ab41bec90fc6f9b154f0299b14931075f105bcabded76c33d2b,3306174048,0649,0,01
2025_26,4350e22aca365f5ce4c11ca2e7cec534449486aee21dc723aa854281ebc5b0f9,3306174048,0650,9,01
2025_26,1497ed5ffe286232d740cfe4c7eb1898773fa3989688b7c5d17b3d9b00fe7217,3306174048,0657p,7,01
2025_26,7d5f843705ff9bf765125cf22e7a5fdd9ae2c9bc0d8cdfd89d6b33e7bfcef539,3306174048,0647,0,01
2025_26,dfd6cd2d7dbdc135f89772cab1f8c654a087a4856c7c9ce08d3698fff6cb84a9,3306174048,0647,5,01
2025_26,7887cf073f3bd53ee24563e801537af5a5f504d6cee6545e403c61f470db4a70,3306174048,0651,8,01
2025_26,6900636775a889229edcb9f308133b50bad7074450c7211e0ae73d64e31c3d59,3306174048,0648,5,01
2025_26,2e266d5ff239c10a1a8b9b5f0d860d9a39c9ebd49de35a4f271a1248c4b14fd7,3306174048,0647,8,01
2025_26,ceda5e23a55c7fcf9c1ea03196e5283903b9690aa300201263c806fedb286716,3306174048,0179,7,01
2025_26,ceda5e23a55c7fcf9c1ea03196e5283903b9690aa300201263c806fedb286716,3306174048,0651,8,01
2025_26,ceda5e23a55c7fcf9c1ea03196e5283903b9690aa300201263c806fedb286716,3306174048,0650,6,01
2025_26,ceda5e23a55c7fcf9c1ea03196e5283903b9690aa300201263c806fedb286716,3306174048,0648,8,01
2025_26,c0e7999379153e1d269287dc998b1df4027e1e1da7d5b966e779e20909fa148b,3306174048,0650,10,01
2025_26,19459ec28e22f566c94be0c1367ba1d7387ef0e6a722a7238ed217ae8ac98368,3306174048,0651,7,01
2025_26,75bdde496c1d132c19a4e4a81223f54e9fa3f2b67de0b134f4862aae49fe9a84,3306174048,0179,8,01
2025_26,f25075d5220086066691a063a7a354aa7d6abf12360ab61e34aabccaaf0c8423,3306174048,0657p,6,01
2025_26,f25075d5220086066691a063a7a354aa7d6abf12360ab61e34aabccaaf0c8423,3306174048,0650,2,01
2025_26,d168ac375fa0c9e2fe709a71e25ebcd6569efabad2140cc94550c618be93b324,3306169744,0373,6,01
2025_26,f903e1554284e19278483168367070a0efaebe8b738c2cfaa4ca8d5bb1e5a3de,3306169744,0179,10,01
2025_26,4158f447a7539f464220b10801ddbb1271d4c1ca3a4b51bbdbb69ad902105f6c,3306169744,0372,10,01
2025_26,1f5e61236ae478abc64f239a596d73b6770f93f6fd73177b53a8c22ff6d2143a,3306169744,0370,5,01
2025_26,ba2c0b743bb5223c2f624a60fca8e425074f221b6072c47e1c4c018c8cd8eb4a,3306169744,0373,7,01
2025_26,5023e9854aa02b3d436fb00301802c9480cc77bee79c8fab75c6abd4db866733,3306169744,0379p,9,01
2025_26,5023e9854aa02b3d436fb00301802c9480cc77bee79c8fab75c6abd4db866733,3306169744,0370,7,01
2025_26,ecda8bab5b553f3f4ac280c27e7418b1693c301554a99611eb382510df1b28ed,3306169744,0373,6,01
2025_26,f2bbc66bbf9f37f06cc3dfe420671c7df8704372f850dd94d6bdd6dbf498aaaa,3306169744,0369,7,01
2025_26,5471ff231c6295962e7f8f1607cb2d3d1b50a1062bca01dae2195138920d2c00,3306169744,0179,9,01
2025_26,5132140f311395bb90c39a96567a53962f24db07e6ddbbd9cc8eb114e9ce516c,3306169744,0379p,9,01
2025_26,5132140f311395bb90c39a96567a53962f24db07e6ddbbd9cc8eb114e9ce516c,3306169744,0373,8,01
2025_26,e7dc4209404cb5cc1eea33a9b118f2662946ed820f704695465ffc543b55231e,3306169651,0373,4,01
2025_26,cc42cfc0f92af6b941969bd8c5a31b8a735b4ec6c0a93460da779df7a75f44b4,3306169651,0373,0,01
2025_26,317609100b6ce9ce4f77583907b1578dc91c2ee01b308678d4125b4fafda3dfd,3306169651,0487,0,01
2025_26,2ee363575015a5fd983f00c2f6195e745236e5999b23e9e23b803f74761c74ec,3306169651,0487,10,01
2025_26,10d4e7f9d6af776fd91779dfcd1b59493e4cccbea0766fc0b90ada402c4f34e3,3306169651,0616p,9,01
2025_26,d9f41ff462b6b2d3296ecef8799441d2091e2c35520aefc3f23aa1900a58ae53,3306169651,0373,10,01
2025_26,5b735f26e6f77b4ce69f0ddd5322adfca02cefb60f5f3b1150d2e19ae545df9c,3306169651,0483,8,01
2025_26,a14c29e7f8efe6f3727ad8b5de1f0d53008713a2a4fad89bcd7aa8a8ff70f559,3306169651,1709,7,01
2025_26,0c6899bd15672e3a00ed2e0a1198c8737bacc08f329ea1420efc295a90b5a0f8,3306169651,0179,7,01
2025_26,a6467a417ee402344cc49c6d8b65a50ed1f44ddd07fdd4fb2d7ef7132099e0f5,3306169651,0484,0,01
2025_26,269ee833882e0b42d2a58c0729ec816e127e477f419cfb909ff0589c0e504fe0,3306169651,0485,0,01
2025_26,bdbc1a8276fa82ca8995eeef1d32afd3b177e7267e3c99155168d4d0436e1741,3306169651,1709,0,01
2025_26,9cbc4b73c84ef49583fa65563958fa766fc9d8e4b6eb67bdb8e3ce36d5ca553f,3306169651,0483,6,01
2025_26,cb436e2b2c25e07fa227a698a8d0dd50b89dd2f103fdfcae3ef3ebe1a71f04c6,3306169651,0616p,9,01
2025_26,db237067000ca6e09e080b13aa0f8c069465d8d3e2a1f9c2cb05f576067ae13f,3306169651,0179,9,01
2025_26,c903fc0e07b7002fbe5941dd10224160fc8054af1ae26bf9f4d37e27e7f315c7,3306169651,0373,2,01
2025_26,c903fc0e07b7002fbe5941dd10224160fc8054af1ae26bf9f4d37e27e7f315c7,3306169651,0487,5,01
2025_26,76057169af686e2c065d0129d8103858c908853c2ccec95ab214dd8a48a5cd19,3306169651,0373,7,01
2025_26,72c0d318de07d63d810117cd7469da10c37b7e1cd667b92cc219809c97c06227,3306169651,0485,4,01
2025_26,efc11e1ad05f0894e0e1878ea0fa27690fa464c0fb0a32283e74fe8f2516f7e0,3306169651,0484,4,01
2025_26,f7922319cb0cd36b9128286223df7f163a72308d740d032141ab3235f1335b79,3306169651,0179,0,01
2025_26,f7922319cb0cd36b9128286223df7f163a72308d740d032141ab3235f1335b79,3306169651,0487,0,01
2025_26,f7922319cb0cd36b9128286223df7f163a72308d740d032141ab3235f1335b79,3306169651,0484,0,01
2025_26,42aa98471b8bdd8a90a522888480b7ae7fb42d954b81b107863bb1d6f6c0b30e,3306169651,0487,10,01
2025_26,7fc58a72092e2dc3a445c82979a1090d6a6ee0f59cdf3356b35aa81abefdfc1f,3306169651,0373,9,01
2025_26,9ca2f24a566439fa473c9753e02ddaa00b5f6d430bc388726dc4d55ee7283103,3306169651,0179,9,01
2025_26,9ca2f24a566439fa473c9753e02ddaa00b5f6d430bc388726dc4d55ee7283103,3306169651,0487,10,01
2025_26,a1108d5a0e4be9aef28d4cd6b1eed26cb4f3419d2db69f80714556f0002c1a2a,3306169593,1709,6,01
2025_26,19b542507ece7d6579bb2fb8a9acdb6de11a46054605e903202271ef22923b19,3306169593,0221,6,01
2025_26,c4cfdefbf15b31608a7f20acaa612c6c0a9ef7529baabdb9bff5d3e7c55ad07c,3306169593,0221,8,01
2025_26,c81363532f96ae36b05ff57caee1cb92d4d3cb609cebb21a6f77f2540feefcc0,3306169593,0223,2,01
2025_26,12d8981d25d9ffcaa861d706ccb26fce00dfc97746500d9d73e9b776e9fc35f4,3306169593,0221,0,01
2025_26,d33d217352215c15a50b65791fe0b680bea94205ac4e8f26b211280625f698eb,3306169593,0222,4,01
2025_26,6570305035c4d3e4d9d433fea8249dc8b6e366ab540c925475800afaed2650f0,3306169593,0223,8,01
2025_26,6570305035c4d3e4d9d433fea8249dc8b6e366ab540c925475800afaed2650f0,3306169593,0222,10,01
2025_26,731b21a279cfad27b0bdf09f8c531e2ab8a933e095818ddcece5bd5b65090a42,3306169593,0156,4,01
2025_26,739c0dd4cb324f970995671f1d472e4f1c226bd418750b76292aca1c579765ce,3306169593,0225,7,01
2025_26,c270cf51d7021e5c3ea3a7c80cf0fef3cbad0a9da2d1f22995130e508b6848c1,3306169593,1709,8,01
2025_26,d6b684fac33c8112a4a40df824bbcce34385cc1ec713c73beb931d16837ec020,3306169593,0156,10,01
2025_26,74a73353144a73ae62fe025cf095ccaa79c7d901cf13812e3a25364327c26309,3306169593,0225,0,01
2025_26,098b2ef6969a0f0c66979e7379318025519424d473cb778988c74fe046ac852c,3306169593,0225,7,01
2025_26,098b2ef6969a0f0c66979e7379318025519424d473cb778988c74fe046ac852c,3306169593,0156,9,01
2025_26,1222a23776f7f5bb7c69319ef20a31b83563cb9c64974864bb24673e511f53b1,3306169593,0223,6,01
2025_26,684d53095b3a2aa0bebe965c9a32769b6bcfe044c49481358edb9f2165b779e1,3306169593,0221,8,01
2025_26,cb22b35cf7d5fa87ab53e32a2e0e8fde97cfe73392aaf4a982d1582a915ca377,3306169593,0222,4,01
2025_26,b2666dbaef1c64e54dea760df64e057594880a6647a7ea6f5b85923c0b0a3d57,3306169593,0223,3,01
2025_26,dff0715b4ee7566ec99187f7aecedbf4b48b5f95015c063825950c72497176eb,3306169593,1709,5,01
2025_26,8db80d9d0d84b39cffa78d71a9a8232b0794dec42ad8c39c0bab5120ff105138,3306169593,0223,4,01
2025_26,730e5609ae44f1cae55cd42b825a846268d603ddd221007056f1ac895f0b9b17,3306169593,0225,8,01
2025_26,24a452b14b11086e4a25a8ebd5c722cae9b4badf8934f426904e2035f52b1a02,3306169614,0226,6,01
2025_26,cf933a5eaa45244f67884eae884d781eddda67259e94af5b840b6e7ec9caefe0,3306169591,CVOPT,10,01
2025_26,451fcfb9691652b0cc11cf1978d05b6ac429f6c19a9fb94c69ce0e8c0ca6d249,3306169591,CVOPT,6,01
2025_26,1e42ada0b2318cf8bc4389f9dc81952b5494142aca0971d0c524e20bea7461a2,3306169591,1710,3,01
2025_26,097a4aa5acce0fbd7f683522178c9076649c9f39f052c00d0dc3f0891d82534f,3306169591,0226,10,01
2025_26,55065ac001cc44138a2be476c6f71a186d58c7e63b673c5d634a4ccf6cba9fea,3306169591,CVOPT,8,01
2025_26,93b2dc132dae5e63cf300efa0a0ce1acd4833ec2f09b7a04ca6ddff85be13b4b,3306169591,CVOPT,1,01
2025_26,7415989e98feb213cbac9eee9f4f232930f30e81b4881a0de273ebdaeab3411b,3306169591,1708190,7,01
2025_26,7415989e98feb213cbac9eee9f4f232930f30e81b4881a0de273ebdaeab3411b,3306169591,1710,7,01
2025_26,13451625fe737ce41011d37b17504dd26a9be73c5926e67d52a99b4574184c28,3306169591,0227,5,01
2025_26,13451625fe737ce41011d37b17504dd26a9be73c5926e67d52a99b4574184c28,3306169591,1710,8,01
2025_26,37356441705934396fa0c885fb1428aea26ccabe8285a5b2576f8de81897e733,3306169591,0224,3,01
2025_26,4f249067ea2db7f9eec53b8ba44fa8b903b2e5b3c4128b8d831b0bf08dfcc47b,3306169751,0379s,9,01
2025_26,1915452ee704091b5b6b3d1dcca4f67aae2059e4126a7fff35a8320973c46780,3306169751,CVOPT,10,01
2025_26,f6c302768e0468951fe73d905bfa4ed345d8158b6735ac696cdd997dffa0f26a,3306169751,0378,6,01
2025_26,998ed5c5da662f7d54122066b719c193b194034411a7a88d8b3f7c0a5fc5849e,3306169751,0377,7,01
2025_26,c48ad409c59015dfd30e638356dd68478c1929dade8718ef91de07eb96302ef5,3306169751,CVOPT,4,01
2025_26,c48ad409c59015dfd30e638356dd68478c1929dade8718ef91de07eb96302ef5,3306169751,0378,7,01
2025_26,3dca1d5c2e19668ebb8647603a0ab65fff7988f0bb37c078d6cbe5e9688b42b6,3306169751,1665190,9,01
2025_26,a93690df50d8d2e69d1d2d81076dea3a80165cd43a1b171526b4b50e61d3af71,3306169751,0376,8,01
2025_26,56123c5daf65aff67ba55ae7d2bb9a58bddfb5a0e0e07b1fed49efdfcf208a75,3306169658,0613,4,01
2025_26,7583f648a5c0fe3aac388c64097ed996e8f085163d129b68572ca9035f215d7a,3306169658,1708190,8,01
2025_26,eb8ef6a3581b0aeee9ca131ba8551842301a79ed9c465df132f1e33e8e2344c9,3306169658,CVOPT,3,01
2025_26,72136e99de43f1522b65fb25c40b9febef237c253d7c9822c3abd4417da02638,3306169658,1665190,9,01
2025_26,72136e99de43f1522b65fb25c40b9febef237c253d7c9822c3abd4417da02638,3306169658,0613,8,01
2025_26,fbfbe620a8c50c0bc4429c8c551777c8e8e99a1d69981d4240195ce9da3f878b,3306169658,CVOPT,5,01
2025_26,fbfbe620a8c50c0bc4429c8c551777c8e8e99a1d69981d4240195ce9da3f878b,3306169658,0615,7,01
2025_26,fbfbe620a8c50c0bc4429c8c551777c8e8e99a1d69981d4240195ce9da3f878b,3306169658,1710,7,01
2025_26,0f0e267f4a27b75b87cad6c03403a0306e712c168d4122c8f81df5ecf1f1fcfa,3306169658,0615,3,01
2025_26,5e40c103b2933fdc8aa8c99a1ebd3e2da981a70c64788bd3c81a5ea42eb154f7,3306169658,0613,9,01
2025_26,c303fd0de72abdcaae99b76c62086b2a18f5b9af8bf44ee82d79c669cf0d8590,3306169658,CVOPT,4,01
2025_26,c303fd0de72abdcaae99b76c62086b2a18f5b9af8bf44ee82d79c669cf0d8590,3306169658,0616s,8,01
2025_26,2d0c3145df52a0dd7aa0877b406d3de0f9e0092a8c4b5d22480b936ab498b7e2,3306169658,0614,5,01
2025_26,d67b23354ef222838b79cb1a20689af26e9dc5402c84a97ebae5825a157142ad,3306170617,1710,9,01
2025_26,f6458d55d1e6e6e12668bec18ae36d5d274d11121e8fabb071e6c048319d0ffa,3306170617,1710,7,01
2025_26,bad52ec410ef9ce0051f70ec5c38daf52646cb8007be67b3fe41a946a1fca973,3306170617,1710,9,01
2025_26,c1d21d77bf08b135bc5ca9b6ab0a6852da4e978470aa6835fa9f0caf55cb0589,3306170617,1375s,9,01
2025_26,c1d21d77bf08b135bc5ca9b6ab0a6852da4e978470aa6835fa9f0caf55cb0589,3306170617,1373,8,01
2025_26,c1d21d77bf08b135bc5ca9b6ab0a6852da4e978470aa6835fa9f0caf55cb0589,3306170617,1710,7,01
2025_26,f24a68675bc961e6515b38d660f58aa2ab1956394f1f866a86067dfcbc24d907,3306170617,1375s,8,01
2025_26,3f037844a9647d20e5f72d1fa8d954c918b3db8d2106c9866757a01d41f5954b,3306170617,1375s,10,01
2025_26,3f037844a9647d20e5f72d1fa8d954c918b3db8d2106c9866757a01d41f5954b,3306170617,1371,9,01
2025_26,d8c9f520e910796788523b36ff465e7d3167a736f96e0b230362aace73941a2e,3306170617,1373,9,01
2025_26,1a90ec68d25bac310537cb92eda308416342e749306872965efb75164d367c70,3306170617,1708061,10,01
2025_26,cb75aa59969b33eb3565b054b705aa6d51301fa2ad2b215b6e327a5198841d4a,3306170617,1710,9,01
2025_26,615b692a42042fbca24c874fcde9bfd1a7e6633e68af55a2454d70442d2eb202,3306170617,1372,7,01
2025_26,df514e09fa707c221ba8573c11454fdce911dba3441ca71c615437c130d6defe,3306170617,CVOPT,10,01
2025_26,df514e09fa707c221ba8573c11454fdce911dba3441ca71c615437c130d6defe,3306170617,1374,4,01
2025_26,78d715824defdc31dc8a6cacb87d510ad35387fae7f39291fc8dc95af65248ca,3306170617,1375s,5,01
2025_26,61c96ae7ac4201dc18773fa161e6abb76b34b52814782b9078fe401a5e811129,3306170617,1373,7,01
2025_26,f8ec17a695b6b88c35d54d0a4977cd92a48f6ae835ca0a46bb9ce94068400306,3306170617,1665061,5,01
2025_26,f8ec17a695b6b88c35d54d0a4977cd92a48f6ae835ca0a46bb9ce94068400306,3306170617,1372,4,01
2025_26,f8ec17a695b6b88c35d54d0a4977cd92a48f6ae835ca0a46bb9ce94068400306,3306170617,1373,7,01
2025_26,e05c52d1293d0cdd11cd1b64e99622b55ea751e9a3baa3977dee2c301c71b00a,3306170617,CVOPT,10,01
2025_26,9b5bba959f4148a97cef7db6b47d8b0005c4b2431d53c21492be4c3fa34e83cc,3306170617,1371,8,01
2025_26,37c799c39ac725eb0ef72ec5f4e49d96e9ef687e21f841390df96cebc7ef8eb1,3306170617,1708061,10,01
2025_26,01e96e74b169d9aaab00add750e530fc0c693a31cc53d1072f52917694c87408,3306170617,CVOPT,9,01
2025_26,01e96e74b169d9aaab00add750e530fc0c693a31cc53d1072f52917694c87408,3306170617,1375s,9,01
2025_26,00cd633df05eb2b09eba521d31d4fb6c94bbc7c3e9669029562055d710110496,3306170617,1374,8,01
2025_26,49bb1a981ecc70bbaff4d5a6b7ab9f9b84c41f449c7b0025f69621b7c23345c4,3306170617,1665061,10,01
2025_26,39a89a30f732b388e13374e4bc0ce3513b48c5c6aeff625b7cb6bcee02478af1,3306170617,1710,7,01
2025_26,185a80bf9689b7f20dccd28324d37a2b8593981b03fd5889d528a86d0e517140,3306170617,1372,8,01
2025_26,185a80bf9689b7f20dccd28324d37a2b8593981b03fd5889d528a86d0e517140,3306170617,1373,8,01
2025_26,e8486e1a2d14386349a57a043fa682d617eb229cdc6554d1268e98c1e57caf52,3306170617,1374,8,01
2025_26,f1ee0488df612eb8efddc259b60bed37e930b0cf6ac0a0d59a638baf63e0e963,3306170617,1374,6,01
2025_26,7234520aa22fdb5caa8b2da3eb966cab981758e3231befa8e56dbc82b44872c2,3306170617,CVOPT,7,01
2025_26,e3a75ebd29ec97f36ce8f3302bbf092118c0d38e196884799c7b81146d404906,3306170617,1665061,10,01
2025_26,61e300eba18f2733f3f16bdc0e87d76436a89025a49824fc244023643b740b3f,3306170617,1708061,10,01
2025_26,b7f57d1a9d04a3e6007ef528923e74c6a7c626f96332ca150312fd2d1c516728,3306173995,1708001,9,01
2025_26,0778efbb244a74934514f6651f9817676287c0a5415b5d29815ace1c4b2d97b7,3306173995,CVOPT,6,01
2025_26,12c88ccd3604c160e06b29326cd06a27f76e3d6434bdf6dea1d9ab2c9a54513a,3306173995,0442,6,01
2025_26,4f51007c14551241733c4d6bd7d10aa1224f9da82b5347aae91b41754641f589,3306173995,1708001,8,01
2025_26,d42397f3ca5aa5d233525300f7a803acafa3de4eceab07e106838913c0652410,3306173995,0442,6,01
2025_26,b39d3e2225b94e54b2c7b93c071ae0b0e318488da8e38a37001fb5f90221cc57,3306173995,1710,9,01
2025_26,2bed8b63d7fc93d4354293e63f943b3d3ffdaa368162ed737662782454b565bf,3306173995,1713472,9,01
2025_26,2bed8b63d7fc93d4354293e63f943b3d3ffdaa368162ed737662782454b565bf,3306173995,0446,7,01
2025_26,979c7209c849880e6f2b7e0f6911df426fc58b5e59d839dfb4662284193ac960,3306173995,0446,6,01
2025_26,07503cfa68ced971a764825e66979cae15cd24caad7f78094fb5d7e81656a3c0,3306173995,1713472,2,01
2025_26,07503cfa68ced971a764825e66979cae15cd24caad7f78094fb5d7e81656a3c0,3306173995,0443,1,01
2025_26,a10c7519c10305dc5ddfb23ad2e20dd5ff792007e3ee8bb116aa3f907156de86,3306173995,1708001,9,01
2025_26,4e6a9ddf2a03b43755f14b59e9664e7b0e7f9703c0d40a6163564efeb033070d,3306173995,1708001,8,01
2025_26,85637b5b384a6209622bef2375ad3c31cdc94868b271d2912ecb248c28bcee6e,3306173995,0448,4,01
2025_26,f3a6a572aa8dfd5d12682e0bdf14c7bcb46b45000c806e7765067e9bcc4fbf64,3306174046,1708001,5,01
2025_26,f3a6a572aa8dfd5d12682e0bdf14c7bcb46b45000c806e7765067e9bcc4fbf64,3306174046,0654,2,01
2025_26,93206ed8b3d8c6b7197f92294c4a77dc2d8b59e9ca0519c5bee22886cda7d724,3306174046,0656,10,01
2025_26,33080c2143f96f4f9f6d0f176ef6d1d87a3c61b0cbb6ceb05d67d3cbfce0671a,3306174046,0652,6,01
2025_26,e33706626d3e37c5c20e9f08e01388fdbf20f89aeb32b784039f9d3b788de7d9,3306174046,CVOPT,5,01
2025_26,e33706626d3e37c5c20e9f08e01388fdbf20f89aeb32b784039f9d3b788de7d9,3306174046,1710,3,01
2025_26,a93c361f43102379e16c7e4e48c0e7cc3863a05b2e58f0592632b5791da0bf6e,3306174046,0654,2,01
2025_26,5f1fc32d6bf54a01dde61ab010daf07ed029afca5be0daca90eb4d9fa3c9475e,3306174046,0654,9,01
2025_26,09df3749b33c5e50c10d4bd62f7f25f8935679e00ebc243c9348c5e5eae87b95,3306174046,0654,4,01
2025_26,0cf9870fe9fd232ac1e27611a8a4ec5c9cb4dbb87dbdf318aa9859cb88f3ac3d,3306174046,0652,5,01
2025_26,9b4203abce2e19bec55c83f8c1e84d1ba0ae742e8ebc17190a0e27b8faab512d,3306174046,0654,1,01
2025_26,13a5db0c47e6dc1b97e6e4b545ba2a42ef13e0e9040144aca8359463ce78bcf8,3306174046,CVOPT,7,01
2025_26,dbde61117f82c3f18ba4229558f81c8ae2d36e4ae4ee771d798606cce794fcfc,3306174046,1708001,8,01
2025_26,dbde61117f82c3f18ba4229558f81c8ae2d36e4ae4ee771d798606cce794fcfc,3306174046,0652,6,01
2025_26,dc93dfb5a07fda1fbac7e3234b177154239f1b9a8217682337b1e493ae53a436,3306174046,0652,4,01
2025_26,dc93dfb5a07fda1fbac7e3234b177154239f1b9a8217682337b1e493ae53a436,3306174046,0653,4,01
2025_26,7b9e0f274b0f9d4241a20cdb01cc52ffe9042b1646224e2c922517f7b8e20f79,3306172060,1708020,8,01
2025_26,e8f0a240355191b2daff2e573c7edcf73285557b9f2ce69fe50f7c3e800d489d,3306172060,1230,6,01
2025_26,118ee637d91088196e5ccb982f9455c5d3a14a0d17b92b7b8435c6ad5f4f1f96,3306172060,1708020,7,01
2025_26,083403937763efa0bf3730e3765044e41a6b8d2da7c174a6dcece6983ba2277f,3306172060,1227,9,01
2025_26,c9ef752d08cc60dce5011bbde18c7ff045ab7c63736b8ce9ffbbfa6c568e0e51,3306172060,1713925,7,01
2025_26,5c776c52f2ad140614ec800e3fa5de188a5606700c15cdc0a08bba66a48a17cc,3306172060,1713925,7,01
2025_26,9d8befe021a31ed9d6639e6b6dc77d0541ca338e8e032e9137947eb6e5632efa,3306172060,1228,5,01
2025_26,8206ce53ba6f91e07c2251815d626c29860cba2a3838e4d76a389a68a5e8ec61,3306172060,1234,9,01
2025_26,d132915c261a277711c823ee394868eff73ea7e3b7212aadf7e66da8d9e04c10,3306172060,1708020,7,01
2025_26,d132915c261a277711c823ee394868eff73ea7e3b7212aadf7e66da8d9e04c10,3306172060,1230,6,01
2025_26,af13b1e047cc871852ff8c50af4ec5448ebf57eb43ab0a5f946dd4bb22d2246a,3306172133,1710,7,01
2025_26,8604e649b4230808cacc32cc8cc9b7b57d52446ff659e100169b13d1a500f5bb,3306172133,0825,5,01
2025_26,8604e649b4230808cacc32cc8cc9b7b57d52446ff659e100169b13d1a500f5bb,3306172133,0826,6,01
2025_26,6900636775a889229edcb9f308133b50bad7074450c7211e0ae73d64e31c3d59,3306174048,1709,9,01
2025_26,c6c9a9747bb554bce90bbb5ac6a2740111b27d1d572e1d0a07ee0ff1d9911f9e,3306174048,0179,9,01
2025_26,c97fc31e1e1c09a2307cd60fed3cee2d29cb07677d19f3b16094d09d238f749d,3306174048,0179,4,01
2025_26,00d10dda285b7a9284d39df2e481ce8a4696a790059ef52592d182490ce44bf0,3306174048,0179,6,01
2025_26,dfd6cd2d7dbdc135f89772cab1f8c654a087a4856c7c9ce08d3698fff6cb84a9,3306174048,0179,10,01
2025_26,dfced5735d0491accf35c8d22aa2113e742b52d286fe536a9f0d63a549ab0476,3306174048,0179,4,01
2025_26,f31fb76cd39796b26838467454439c30161cfa71a89e38802044ae30e0ad1d65,3306174099,0654,9,01
2025_26,f31fb76cd39796b26838467454439c30161cfa71a89e38802044ae30e0ad1d65,3306174099,0653,5,01
2025_26,f31fb76cd39796b26838467454439c30161cfa71a89e38802044ae30e0ad1d65,3306174099,0656,5,01
2025_26,cb436e2b2c25e07fa227a698a8d0dd50b89dd2f103fdfcae3ef3ebe1a71f04c6,3306169651,1709,8,01
2025_26,3542ae54700cd06e480070de6a472768137da5473577581b88eb63c6be22ef76,3306169651,1709,7,01
2025_26,3fee0f2d8d9164f6781fddcbcbaa74bac3147f6db473d8e698b6561a72923e56,3306169651,1709,9,01
2025_26,574d0f2aeef64bd94edf50eaad27b7fd7a494a5b9e1cb60f4e07d9f5ad1cd238,3306169651,1709,8,01
2025_26,93492738c7c3194e944ef91f483afbccb5e4c091ef5619d676a3413d04d8b87c,3306169651,1709,0,01
2025_26,536e9285af58629832da323e7237090749aef47fbc7dd2b712d274cef3d837bd,3306169591,0224,7,01
2025_26,9f6df2a01eb0cd47b19d211cf1e645e7ad84ce895f249236440b1f4a4896ae7e,3306172133,0826,7,01
2025_26,2867126a6247e3d096289dfce8876bf5da64c50ecc7e17b582743249b56c38ee,3306172133,0826,7,01
2025_26,ebc0cc1c1d35a1e5f445c8c563772509a1067e38df2753d2a92f504938a4b1f0,3306172133,0826,6,01
2025_26,4b1f4157d94a8428e3c2239db5596635e28c864de1461cdb75ed48981a0538aa,3306172133,0826,4,01
2025_26,04b7cfef01e64cfd4b1496b768be2fa88ad1d6be84bfd088c045854f4373fb89,3306172133,0826,7,01
2025_26,bed77cf24823a5b75d91cbd87ee22d08b49a0907ce0b687087efe731c8fc6c2b,3306172133,0826,3,01
2025_26,e6388bf6df50cc83d15525c7b8d9b0b169927ca47da3306cbb5f331f9529a460,3306172133,0826,5,01
2025_26,77e403a6901bc2fc86de730faec36f305ace8095795f811af5ca544611b29d3b,3306172133,0826,6,01
2025_26,8a51ee8d214208085d15559e67bc3c1b34f4c6204f1104eaf5cba58b359582fd,3306172482,0181s,7,01
2025_26,dc5939cc7312ae42f5413593ef2fc78f9613c7b37df39b22ba0ef86979c7ef90,3306172482,0181s,8,01
2025_26,e1b59cc3d5c7d96fca18d00598892e45a80dd79b6a80114568587b04eb87db69,3306172482,0181s,6,01
2025_26,f59a7053c9ec24d386d4e7c9def957593d67b36b4862acb454f261cde30b5691,3306172332,0384,0,01
2025_26,a635ebf231742e694609d4e1178605c914fb01581c634dca780ebd4607397edf,3306172053,1226,0,01
2025_26,e8ad3b4177b334fb62c540d2a30766bd6e17ec516b3c010ad1594d404941a390,3306172053,1226,9,01
2025_26,47e4d5b07965a3d101f5fb9efe047d03a8cf3853032eac9c807a5dbcf6242b7b,3306172053,1226,9,01
2025_26,ae66f5d287c808d91ea29f466052db9482cfbc42d5036b09839e1d0db43a0cb1,3306172053,1226,7,01
2025_26,7477c6e8dc02f6edfe795ed77fa9f5e0cad1b527a473118e85cdde61aad0140a,3306172053,1226,4,01
2025_26,77e82833effdd877303f10568eefd8ce3012d02a48ea3dac86c0f0af6a84fbb4,3306173997,0437,8,01
2025_26,99a5d5cb53fc49914b4008b394fd079ccb621d29803e1d75287c36e50ad6b5cd,3306173997,0437,7,01
2025_26,e6460e1a0c2b69deec87703915055645caf94ffb6d6c8104ea287f8413cdf4dd,3306173997,0437,9,01
2025_26,49d96f743472dc2e355719eea684ba2359ef5cd381bb570d732d80aed99f427b,3306173997,0437,6,01
2025_26,050dbfbef2b83666e35e7bc19498b29f79675dbd21757efba497ed6b6b0a1731,3306173997,0437,4,01
2025_26,38a5625071b65f7c459d5b033b19ead9f5364b6ad238970c71d979131f9520b4,3306174048,0647,7,01
2025_26,d36ed655c38ddd39a2ae843664e6fa11b49d6b3ebdc3c5dbbed7492b056624b9,3306174048,0649,9,01
2025_26,4350e22aca365f5ce4c11ca2e7cec534449486aee21dc723aa854281ebc5b0f9,3306174048,0649,6,01
2025_26,ef4d79efa0a1b22adac94b2ad2adbcd3edd3092d481749f33ab681f28528d9f1,3306174048,0649,0,01
2025_26,5d35bcc04a8a8c531fc3fd43b6612b695f283bd6c1385c6107e7af6b2cf6df25,3306174048,0649,3,01
2025_26,771736b19af40f1e7e48b1f4135322f7b87edecdbe4de4edeb3448c5336bac98,3306174048,0649,4,01
2025_26,994ad8b46d13a4faa4c005ecb20612b1863781a152fe3075dea53ab8becfe528,3306174048,0649,9,01
2025_26,5cceba31167efd7e9347e36548fbdc6cc1a174627322fb12e2546f8b33c5317d,3306169730,0378,6,01
2025_26,807df922f80442d2b3afdd71d65eaba6c1334aef5554c4ae0752150a0ec8b646,3306169730,0376,8,01
2025_26,83c1c03d6940a8d436ba66b459f1047f059287da34de4fd74884c6502bb39e88,3306169730,0376,0,01
2025_26,3a352c4ca7ebb651adc14be2851171f73cac5e5575a3389a656cedab1e1080ed,3306169593,0221,0,01
2025_26,9001b89edc33b2bcce9ded9f344830d56cc59b520b86c9db0b9c8b9eddca8370,3306169593,0221,0,01
2025_26,411ed29ce82c50a407b536c0cd30217a7ffdf8e258cca9c5adc38081d5b908be,3306169658,0612,8,01
2025_26,f45aff09ab6f9c05fbb7dc5f9ae7a4b9b1c9ba197cf2cf85a93cccfe99a5a1bd,3306169658,0612,6,01
2025_26,a87559877bb04d535bdb35adfbc31ba61dafe1d317623db6107544a20fd39369,3306174046,0654,0,01
2025_26,d99696ac7399f9b7c7d23393943d9c321015b9b768cc1bd628dceb80aad5221d,3306172133,1665020,8,01
2025_26,9deb4d50273d2cdea9229aa9afa9cf71f45d5596c6b3e2adea89532cdee749a8,3306172167,1012p,9,01
2025_26,3ee17d91c35c7eaf8eb3d72e1aea822ba6216aa87afc3464be568ba4947a2df4,3306173997,0440,9,01
2025_26,44bb3b50f94143e18209aadd9fc423192475c093e844d232cbe4cd567698009c,3306173997,0440,10,01
2025_26,e46f9bfe68f3772a73907d4ae3733b372567da5a4d86c2bf7bfceabf3a672a26,3306173997,0440,10,01
2025_26,e6904d1914d020249cecb44f8979f74197aa24953ef0be8e768c03aecd9a9320,3306173997,0440,9,01
2025_26,41eb0f32c27b3f905febcfba70457e735929ce7448a0471e4a205747131d5e9b,3306173997,0440,8,01
2025_26,485d972d86d38409eee2144e1f24953ebfd2a7723c0b2e5f304692cd05304b34,3306174048,0649,5,01
2025_26,1977e49773eddb32cf3532de61ed2974ff5381d27ee507278dfa01691c125b26,3306174048,0649,0,01
2025_26,65dd2a914e473a6f5a4fe6d55d59a1adbe87f5e83563009ab7cc6a2d233499ee,3306169593,0156,9,01
2025_26,4d933911ec67fab83b1ff1b5dadac814e1ae898a283e160cc491fbd342971b45,3306174046,CVOPT,8,01
2025_26,f3a6a572aa8dfd5d12682e0bdf14c7bcb46b45000c806e7765067e9bcc4fbf64,3306174046,CVOPT,8,01
2025_26,34a85fa256424c26834edefed25024b96dcf5af2e040dd4ea080cad20a31d45a,3306172165,1710,8,01
2025_26,5f21b0db1be9a82ec2eed40399a3b24051ea1cdb4ad448ccf3922ab9fb84178b,3306172165,1710,8,01
2025_26,362a6754483125d335aa747a3631172731d1707ae50efe4bebf613546f0c5a4e,3306172165,1710,8,01
2025_26,7aba2cba017da4eeb6bdf9fcde48a949c632972ff8ad40e93c19f3fb9991df10,3306172165,1710,8,01
2025_26,ce2076990e96d467de48f1c448adc651a05b87e0fa30df4da62902d6a529e516,3306172165,1710,8,01
2025_26,9c0fce6f3681dc9cefff66e8b9d82a0a3350fc714cd310c012786a61646f57c5,3306172165,1710,8,01
2025_26,fdf285ec84c307e540dd1357d50cc29cb637dd72f0c152772e0262dd4a5ddd72,3306172332,0179,6,01
2025_26,d072033afae597d59d0e63c73571611c0bbe15cbdc49f80251683584561dd559,3306172053,1226,8,01
2025_26,8cd2ea858dcb39a8f88486d677b32f1a26ee2c3fde5e8a13ba175e408c60b67c,3306172053,1226,4,01
2025_26,e6766bb7a662bcc5fef811c4323b2287321f6df94d65de895e6365dde16bea65,3306172167,1012p,9,01
2025_26,dc5939cc7312ae42f5413593ef2fc78f9613c7b37df39b22ba0ef86979c7ef90,3306172482,0175,9,01
2025_26,8a51ee8d214208085d15559e67bc3c1b34f4c6204f1104eaf5cba58b359582fd,3306172482,0175,5,01
2025_26,153ceff39f1d07c4a91c56738c822cb378b29b87cc3e7b5778bfe87078585b1b,3306172482,0175,7,01
2025_26,d072033afae597d59d0e63c73571611c0bbe15cbdc49f80251683584561dd559,3306172053,1232,8,01
2025_26,993b41d3faa98c916ac7eb08b1714c60f88ab9bdb184379a8ff553c173feac8e,3306172053,1232,6,01
2025_26,481155bd75226d186cf789f2bc5a13f2a91ebe8d05e9e090ad950d6bce120d2a,3306172053,1226,8,01
2025_26,eb6187d7c813a5b6801aaf0fc5f593e76072a44fdaa75af7466ac48430fbcc90,3306172053,1226,8,01
2025_26,1e7b979550f249991c8da0f8cedca3b85451547a1370f67f3c5853b6b4a528e3,3306172112,1227,8,01
2025_26,1e7b979550f249991c8da0f8cedca3b85451547a1370f67f3c5853b6b4a528e3,3306172112,1228,6,01
2025_26,8d2adca43796ef1e91145b4acd880aca05d011c199a09310edb2458df635094d,3306172167,1012p,9,01
2025_26,29807ef81aa8412b3d9068732861b3e6e760e22c893da83a7514f91ce9031e82,3306172167,1012p,9,01
2025_26,b9cea5129706acdb5708e79384f6f56906f0f8f315a8cfd60f84123ebad9ed2c,3306169593,0156,3,01
2025_26,5b603f43f6da8da457b566e13a1e6532a543815877a1b3f29b076de940953650,3306169593,0223,5,01
2025_26,2f3b973e2c58e5e89b6cf7408df34a45b0a3182aa3ec727bdb0d513622a443d6,3306169751,0377,9,01
2025_26,142158b5efced2348a21368f2b7976d4eee50a9fe6e4f4c765bd7d8775dbe6d7,3306169751,0377,4,01
2025_26,c2353f978474d787d7a9bff77ef935ac2f3ad4b22524ef4f8e14a969823c80af,3306173995,0443,4,01
2025_26,a10c7519c10305dc5ddfb23ad2e20dd5ff792007e3ee8bb116aa3f907156de86,3306173995,0443,8,01
2025_26,5f21b0db1be9a82ec2eed40399a3b24051ea1cdb4ad448ccf3922ab9fb84178b,3306172165,1012s,9,01
2025_26,2f25b1329ef0281d40755ced48ddf9d5d18c688b3263ffa33d3e5ff4dc9ad9cf,3306172135,0622,8,01
2025_26,ef283753c7783374433622e447dcfa9e77badcea221d67438f84617039453ea2,3306174048,1709,8,01
2025_26,24a452b14b11086e4a25a8ebd5c722cae9b4badf8934f426904e2035f52b1a02,3306169614,0228,4,01
2025_26,e1b59cc3d5c7d96fca18d00598892e45a80dd79b6a80114568587b04eb87db69,3306172482,0175,7,01
2025_26,68cf11f2a0c86b6bf258cdd97fae2403417e332286020f60a6d3710925ad18de,3306172053,1226,4,01
2025_26,a6546d51226e2f31639a41a8734c09f253d098e94c85f6840b0a1034346ed940,3306172053,1226,4,01
2025_26,4a47d64c52b62c0b4f2f60da7e06c934b57a329ff716509c44a9f28a4c9fb86c,3306169593,0156,7,01
2025_26,f3a6a572aa8dfd5d12682e0bdf14c7bcb46b45000c806e7765067e9bcc4fbf64,3306174046,0657s,5,01
2025_26,55d28cef7f2bf8ca567bbe12e527991798dafae748be04611c3fd59bd33d420b,3306172060,CVOPT,8,01
2025_26,04b7cfef01e64cfd4b1496b768be2fa88ad1d6be84bfd088c045854f4373fb89,3306172133,1665020,4,01
2025_26,4d396e492ae51d2c9fa4a78a95d6bb178e813ff511f5d9a45b54100542a4dd34,3306172403,0388p,9,01
2025_26,4d396e492ae51d2c9fa4a78a95d6bb178e813ff511f5d9a45b54100542a4dd34,3306172403,0383,9,01
2025_26,3a46280747e6661344b9d4ebcdaec4e73b009c94d891386f8e5ef93f24197f1d,3306172053,1226,4,01
2025_26,7e44edd1551552291ed3b63a73ce9b6d6c471007c7554c1e311c4aa80a67f215,3306172167,1012p,7,01
2025_26,202312ea24d1e7773563b9fac2e285905c837c7109d089c3123b66459013281c,3306172167,1012p,10,01
2025_26,ea8a99bacb12d20a4c2b1f615af3ce9e1df3565b0e2091da8ccd7e0a6de608cf,3306172167,1012p,10,01
2025_26,be86024b185c2777f0285e6434c636cab8a3afc385926385c1deebb1a5fbd1ea,3306172053,1226,3,01
2025_26,b6946ff8d85eee2504e1044d1faa355bd5549eff5f2d318025b581ad6be24ed4,3306172133,CVOPT,6,01
2025_26,747fba7693508896e573474d215d7d6c251d9d4d7c121bd14518a76e5ecea2f4,3306172133,1710,9,01
2025_26,e6388bf6df50cc83d15525c7b8d9b0b169927ca47da3306cbb5f331f9529a460,3306172133,0827,6,01
2025_26,77e403a6901bc2fc86de730faec36f305ace8095795f811af5ca544611b29d3b,3306172133,1708020,8,01
2025_26,77e403a6901bc2fc86de730faec36f305ace8095795f811af5ca544611b29d3b,3306172133,0824,6,01
2025_26,3c87e691a1f7011ac25c7751a89981120b23266b7e85e4ab802b1080925dfbdd,3306172133,0828s,8,01
2025_26,3c87e691a1f7011ac25c7751a89981120b23266b7e85e4ab802b1080925dfbdd,3306172133,0826,8,01
2025_26,bed77cf24823a5b75d91cbd87ee22d08b49a0907ce0b687087efe731c8fc6c2b,3306172133,CVOPT,4,01
2025_26,bed77cf24823a5b75d91cbd87ee22d08b49a0907ce0b687087efe731c8fc6c2b,3306172133,1710,8,01
2025_26,fd877dc1c7b93c8c06a462d2eff37378191c79b52a50cfc0cec21d0c4d29b22c,3306172165,1665020,7,01
2025_26,fd877dc1c7b93c8c06a462d2eff37378191c79b52a50cfc0cec21d0c4d29b22c,3306172165,1708020,5,01
2025_26,6c6277232e2cc6ec6dcbc11a604eee0f707d2720ff98e52a6b83033f3a50af33,3306172165,1109,5,01
2025_26,80898bbf3c16081e89b78ffee53f978b5595d335fe9470dd35aa11379763ac28,3306172165,CVOPT,8,01
2025_26,80898bbf3c16081e89b78ffee53f978b5595d335fe9470dd35aa11379763ac28,3306172165,1011,5,01
2025_26,668b543fd712bf0e03cedc4437c8da84271e2312325642dd9e273e19d4615777,3306172165,1007,8,01
2025_26,e1fa5399686a4a29ca1f422357b1509019d4486fb7a00a9c806c933b2cbdee5e,3306172165,1008,7,01
2025_26,9c0fce6f3681dc9cefff66e8b9d82a0a3350fc714cd310c012786a61646f57c5,3306172165,1012s,9,01
2025_26,9c0fce6f3681dc9cefff66e8b9d82a0a3350fc714cd310c012786a61646f57c5,3306172165,1007,8,01
2025_26,362a6754483125d335aa747a3631172731d1707ae50efe4bebf613546f0c5a4e,3306172165,1708020,7,01
2025_26,362a6754483125d335aa747a3631172731d1707ae50efe4bebf613546f0c5a4e,3306172165,1011,7,01
2025_26,89cf0a66566c86c99a42d9fdcdcd36680b6a1cf332cb79b1827e92532d2e9f40,3306172165,1008,7,01
2025_26,35bd981afa9407ae8bc274a0955391a7a57f30ac357a6b90d04c85cc7b7cd921,3306172165,1012s,9,01
2025_26,35bd981afa9407ae8bc274a0955391a7a57f30ac357a6b90d04c85cc7b7cd921,3306172165,1007,9,01
2025_26,4351560f508fc11659de5ba50352b6b4e517724a7c3a92d0fd9dbfd7280d6598,3306172165,1007,8,01
2025_26,4351560f508fc11659de5ba50352b6b4e517724a7c3a92d0fd9dbfd7280d6598,3306172165,1011,5,01
2025_26,4351560f508fc11659de5ba50352b6b4e517724a7c3a92d0fd9dbfd7280d6598,3306172165,1110,7,01
2025_26,799798f993c4f212a337dbf6c94fe05f7b9150de73eaf1019095a86fa76c5330,3306172165,1012s,10,01
2025_26,4d204e60470d5745757c8ab5cafe9a98db40cf0a77d53be827b92adc4639c0ad,3306172165,1011,5,01
2025_26,34a85fa256424c26834edefed25024b96dcf5af2e040dd4ea080cad20a31d45a,3306172165,1110,8,01
2025_26,c646a2df3c29b8de72b91dfdb20afda82fa2563ccea2144990a2d6f67cac2d36,3306172165,1708020,7,01
2025_26,7aba2cba017da4eeb6bdf9fcde48a949c632972ff8ad40e93c19f3fb9991df10,3306172165,1009,8,01
2025_26,63b2019f4a54cf6a7ebd381d87fc6396900b930a788c622ba2966ab9a8b0f87d,3306172165,1008,7,01
2025_26,ce2076990e96d467de48f1c448adc651a05b87e0fa30df4da62902d6a529e516,3306172165,1007,8,01
2025_26,2c01a6c4817fa6f5afe9dfec0380f37c72859b57e1e72f6ccdb289de0a0c40f3,3306172165,1665020,8,01
2025_26,2c01a6c4817fa6f5afe9dfec0380f37c72859b57e1e72f6ccdb289de0a0c40f3,3306172165,1007,8,01
2025_26,2c01a6c4817fa6f5afe9dfec0380f37c72859b57e1e72f6ccdb289de0a0c40f3,3306172165,1110,8,01
2025_26,5f21b0db1be9a82ec2eed40399a3b24051ea1cdb4ad448ccf3922ab9fb84178b,3306172165,CVOPT,8,01
2025_26,3beca415d97ec131dbfe58cf1385051ef098d8339096fdddd5f19d0432a5a3ed,3306172330,0397,9,01
2025_26,bc12ba4a1e0744bf0ad86028f479ed024620c3e3a9df29da836ed8770fd65e3b,3306172330,0399,4,01
2025_26,f4f6a647f626144044314a4101b8beeac8600537e08407bbe17ea15514ceaeda,3306172330,0397,4,01
2025_26,4be6fceacd848015b94864995fe0e2b9f2fdf6bbe183ca66d9d23d607b03ecff,3306172330,0398,8,01
2025_26,3bb91f2d1c74f2d8bf89d734ec8f6884aab423a161e398a553e0809b0bddbc8d,3306172330,0397,9,01
2025_26,482ad2af2aa1a8c7050d4eb6971b0db96b9aeefc17d13212fc543ac2e46d2405,3306172330,1710,7,01
2025_26,faefc3940058ed484c2135ec9ef99c0ea8c84ba2ec2831450812dda415015ccf,3306172330,0400s,9,01
2025_26,5b552cc9e92c004054eab2aaf9286d412df9c39919f6f980371192bd0b400192,3306172330,0399,4,01
2025_26,fad603f0e64f8d13d486e50e07c7988627f53b2d9be9212b1123f1362ec93901,3306172330,0400s,9,01
2025_26,555a18eb56053d57cd79d35db4decccaa5aa6f83f82f8a903a1aa22320a6484f,3306172330,0400s,8,01
2025_26,e1b59cc3d5c7d96fca18d00598892e45a80dd79b6a80114568587b04eb87db69,3306172482,CVOPT,8,01
2025_26,a16786f726e999c32f3eeb7c8571b768f7cf4527885f12fe1cc04e108b4e4474,3306172410,0180,9,01
2025_26,eae4f911bd7aa2f94bd3285eed5f5c3050724b14c5d4cbedb61d4bf91c100817,3306172410,0387,9,01
2025_26,5eb561428ece52d4d029369904d44732faf5a12da6093086ea923b8adf461a86,3306172410,1710,7,01
2025_26,e5fa39725e801d6baa9f1ea2cf79e5ba2479424ae73719b1cfa1c05075f7fb14,3306172410,0385,8,01
2025_26,e5fa39725e801d6baa9f1ea2cf79e5ba2479424ae73719b1cfa1c05075f7fb14,3306172410,0387,9,01
2025_26,08b8f3ab23205e730331294cdb8ddf0c55f3a3484b6dfffa3d4cc9d8af7c9e8b,3306172410,0388s,6,01
2025_26,efebd2e836e756da51b1c4bf56dd09a6804345f63609a8233dd4846b5df9979e,3306172410,0388s,10,01
2025_26,68e8627c95cd42030041963a7d9d433adacb452f566a5bdfac060ea714ffdc00,3306170521,028503,4,01
2025_26,4a6c1b4aa3e6d4b955f1be2e111effcb5620c358bdd3df6827aaca03a3b4b02c,3306170521,028505,4,01
2025_26,7db971b21cf92c7681b1a9d04220b8b08bd1d2f48585bd60dfe0f4d239864a73,3306170521,028001,0,01
2025_26,2527e406af7bfba88ff27376a426f845411e9752dc849bc6ae36d3655f135c5e,3306170521,028501,1,01
2025_26,3ed99de57e81f09b735ad0226098bffd3afca7f17948499b3c3a1917b233cb52,3306170521,028505,4,01
2025_26,2e091436d5804d889b5cb7ad28a97125ebd66ebe4b150eef3df3498b819c5bf0,3306170521,028504,2,01
2025_26,a698ce3ab28744588725071882c2f05456b8cc8e9cd251fe8e9696ca04f2c85a,3306170521,028001,8,01
2025_26,845fad0034339e0c9ceedbbb560b1f65699ab277eea8a168d73c22cb559bd2d9,3306170521,028502,9,01
2025_26,8926f9a7a704a09ea3b42a86c9adc638ab072753a1b4f3d39cd3318e08adc6ee,3306170521,028504,0,01
2025_26,bda256ea54b837bf330a0e65e9671f152d987a26af725fe6dda7adb8023da25f,3306170521,028502,8,01
2025_26,b5afaf839f2a8422b0589bcd3c219073df397f05155fb0bf33df9b03e1fe7ed7,3306170521,028502,0,01
2025_26,b5afaf839f2a8422b0589bcd3c219073df397f05155fb0bf33df9b03e1fe7ed7,3306170521,028504,0,01
2025_26,48fc59694cc66c1c8c231f29a2ff8f6bb8db334057ec41bf6d0bf6a6253512fc,3306170521,028503,7,01
2025_26,348143a311d44e189eefe967c501c6b2cd09cccad68f3cc26a30bfa56c595a7f,3306170521,028001,7,01
2025_26,5b8172cb7a0521d71922f0c7ac97b0f2661b737c5806b00a9c23c1ce4ea275ca,3306170521,028100,8,01
2025_26,10e3725bc98af10f6ee6e7202a5139eea1afa879b9ffa61238f5619751598943,3306170521,028505,4,01
2025_26,87befead417eaf7598a221e90c22a4d9b8155dae7efdd7d6019f923f186fc82f,3306170521,028501,8,01
2025_26,aff61f02da7c1dd91f488081256c56e4c2ba9ec373690b6294f43fe9cbbfa259,3306170521,028504,7,01
2025_26,58a78a355a8dc0f8d14cc27d867ee1cf785571b74badcd6c6362f50c12c947b4,3306170521,028504,7,01
2025_26,50ec56870037feb78709050eef1709ccff77643731fb28ceb370f7ed0373150f,3306170521,028503,0,01
2025_26,bab209c6f0d441556f07872e9cc58fd42cdd75fabbca0eddafe3d08e3dbfed1c,3306170521,028100,1,01
2025_26,856f317d08507f0e9cb35c05e55d6b042ecb45325a4a3306e90a1a734d2f2038,3306170521,028504,6,01
2025_26,15c79adb9358647d39c42d451abd1570c7b1ae839ed6244464dedf8d6276d438,3306170521,028001,0,01
2025_26,d5603b90f17a28cd9a2d3c20b830978d7f6db3a409ac7906be2d3c5101613bca,3306170521,028501,7,01
2025_26,cd303b5315bcf55b62bc9b9c50354fdd57acedbcd7f92ef113c80d34bd91b126,3306170521,028001,7,01
2025_26,3dd58e718a3c96d8b7406e13433c7930bc55c903e747611ec6ead0019ec91ed2,3306170521,028501,7,01
2025_26,163f3413dea946a35d84914fe54c2e3b0b6bce79c16800a0c7203895dd30868a,3306170521,028100,9,01
2025_26,3b245c6e790c610679e4ca0213dcb0f43b00ee3a0400e325630c8440ca168ca7,3306170521,028504,3,01
2025_26,e126f996595f7a88f1b742723a734a63cc94d4c2a04768c36d94924faaa567b8,3306170521,028100,8,01
2025_26,c7c8882d78fac9cff3ded32f21eb2af5a63a698856d06a4c76294cae4cdb3af1,3306170521,028505,0,01
2025_26,c7c8882d78fac9cff3ded32f21eb2af5a63a698856d06a4c76294cae4cdb3af1,3306170521,028503,3,01
2025_26,968ef9dd599cf571a523a2b4a8d19dfa958650eb7ecfe414568763d94309c789,3306170521,028504,8,01
2025_26,4486ef00404e429fa2c560439e38fbe5a072a62cd7a238c792b13e4b9404cf1b,3306170521,028100,8,01
2025_26,de9c3907f562e486a093626e76795cd34b1dcc3a7e947a97c738e46308bfeaca,3306170521,028502,9,01
2025_26,de9c3907f562e486a093626e76795cd34b1dcc3a7e947a97c738e46308bfeaca,3306170521,028503,8,01
2025_26,ca03206a8dad5dd2b6df8a0bb98585f35760d99e43ceb6167fd475fb2e220265,3306170521,028100,0,01
2025_26,4939686c912d22884d42c7d404d29aa20ce06a088bd0dbcedc7f89938ed0c565,3306170521,028504,7,01
2025_26,2752942803b77267913f1e8510f02e775fbfdc4b2508bddf5b7b6696968b4332,3306170521,028100,10,01
2025_26,3a853aedb3bb5f722608f0aef498b0301b761f81e28e7a5eae0bf0a9a2af9e62,3306170521,028501,7,01
2025_26,0a760563bf4d78583a74c13185cd81a0586e87302c6b05925c2e9634758261fb,3306170521,028502,0,01
2025_26,67a9be4b2e282f333bfaece21b461c7741b7c8c09a5d238592243f4a945632ba,3306170521,028001,8,01
2025_26,67a9be4b2e282f333bfaece21b461c7741b7c8c09a5d238592243f4a945632ba,3306170521,028503,9,01
2025_26,a637be37e4c089e89341a092cbca97996ab1827967a7474345035dd046fef8fe,3306170521,028503,7,01
2025_26,34410ec48d67cc6836e5d055b157716c0866ee75ced23f0b3b0ef37d1278f73d,3306170521,028504,7,01
2025_26,34410ec48d67cc6836e5d055b157716c0866ee75ced23f0b3b0ef37d1278f73d,3306170521,028501,0,01
2025_26,016926cd0804d57fe183f553db2ebf142155501abc059e0436729e464f04f409,3306170619,1370,0,01
2025_26,54349a067b7a114242dc5e5303c37688823f097019818193dffa5fadb8bdd93a,3306170619,1709,9,01
2025_26,d4bbad0529f6fd800827d384619b449fa1de2974843bc7d3fcac6a9794071345,3306170619,1375p,9,01
2025_26,d4bbad0529f6fd800827d384619b449fa1de2974843bc7d3fcac6a9794071345,3306170619,0179,4,01
2025_26,79db9180189dc395a91381b07f6305d49f650def623257e3e4f0980cf0b95bb9,3306170619,1368,9,01
2025_26,3a5b59411d4c1960c8e7eaf4a6cfd1f8f4dc6b0016444cc2e8f55e1045fd6ce5,3306170619,1370,8,01
2025_26,baad4bf50eb7612b75945283bb6ae8ceaec189327c73bdaac26839d8c40b9a4a,3306170619,1370,4,01
2025_26,66cc2865d265da3972b1dc1a69e32dafe2573e5de96ffe4be3a2432fc1e21b0c,3306170619,1709,8,01
2025_26,03d7fe033f706b3073f815a16243a27563efcbcafc8253b6c8917b3ca9636b23,3306170619,1375p,9,01
2025_26,9ec5811c3c02cbda791ecb3d6745e24a4a06d4f994840e114108177f51e0262b,3306170619,1709,9,01
2025_26,311e8ff4a01a8161ea999a97f3979369a7c7af86a1faa604c70d7cda054d7275,3306170619,1370,7,01
2025_26,3d218338f01dd05245671842b3efcab28d379ba633cee6d960201f547fa1310a,3306170619,1368,7,01
2025_26,2df9d463129e4d05e3f33b2c232c18b367b30c21d40eaaa2ca09e9ef22aa148a,3306170619,1370,8,01
2025_26,2f7c7651b956a7795368411ba42c889be0c1f4d9941ded0ca03df4072281b2f4,3306170619,1375p,10,01
2025_26,2f7c7651b956a7795368411ba42c889be0c1f4d9941ded0ca03df4072281b2f4,3306170619,1369,8,01
2025_26,219685fa6e26474d80e774aa6c64dc6c6fd2f3134cdda1f30b74067b6b4dd77c,3306170619,1709,9,01
2025_26,219685fa6e26474d80e774aa6c64dc6c6fd2f3134cdda1f30b74067b6b4dd77c,3306170619,1367,4,01
2025_26,8ca8629f0f65eda3b36ebe943e02eb51d2013c8dd12919796d764412e70b9104,3306170619,1368,4,01
2025_26,e53c12bd1cedcd149cf322b6d80b43f41f636bec285583f1d615693c1afb884e,3306172484,0173,7,01
2025_26,a03b1de068503a19b0dbdbc1ff79ca367b32d609fecfa55f8d78fc4cd313d549,3306172484,0177,4,01
2025_26,42e96a27b879e12b0cc53ed06b723028b7d00f3a62451643b0d0eb5aea6fb585,3306172484,0181p,5,01
2025_26,42e96a27b879e12b0cc53ed06b723028b7d00f3a62451643b0d0eb5aea6fb585,3306172484,0172,7,01
2025_26,42e96a27b879e12b0cc53ed06b723028b7d00f3a62451643b0d0eb5aea6fb585,3306172484,0173,5,01
2025_26,a2851ce55df13f85f4b927d9efa11f3de6d85ef12d7b096542696a2c6cf7a690,3306172484,0171,0,01
2025_26,279330d1c898d3403380adbed34c26392439ddd009daecea4254428506a7db2c,3306172484,0173,0,01
2025_26,0a72cbedd41d9a956009a377a9f91bdafa4a6797f0d9aa8c3108872360a96a09,3306172484,0171,10,01
2025_26,ea31583863c7fc4338528d0394c79257e05a8bbe958e6d6d80c17c6f9ecde530,3306172484,1709,7,01
2025_26,ea31583863c7fc4338528d0394c79257e05a8bbe958e6d6d80c17c6f9ecde530,3306172484,0181p,9,01
2025_26,ebad8964334ada3832e40e8251227c7e222329bf524b8f374df16309028cb1a0,3306172484,0173,4,01
2025_26,82a326ee68830799e2aa0faa9f5ad9eed20ff04c6bc701ced90fe20dc739b58f,3306172484,0173,6,01
2025_26,f21a9088f8e91fdf90ea50affcd2a8f1feaf4b257552a7de6c68eaf7cf2da39c,3306172484,1709,9,01
2025_26,8afe0981f85cbead344db403e2609811041eadd2ca3066d4d3cbcb29c7e3ae5b,3306172332,0179,0,01
2025_26,d0cd6c7e2e4d0ff90e4b4f3db2e4bd1b1dd99be8bd14ca48ca9a875d82d34def,3306172332,0172,10,01
2025_26,708c9514c5e3bcaf44fe1d5968e7cd99299df1500c4075c0f9f1dc03e78abe85,3306172332,0173,6,01
2025_26,2441a618859278c4696273380e492c6cfe3d98a5784f18b672f5ef65e2117a01,3306172332,1709,6,01
2025_26,2441a618859278c4696273380e492c6cfe3d98a5784f18b672f5ef65e2117a01,3306172332,0171,4,01
2025_26,fdf285ec84c307e540dd1357d50cc29cb637dd72f0c152772e0262dd4a5ddd72,3306172332,1709,8,01
2025_26,fdf285ec84c307e540dd1357d50cc29cb637dd72f0c152772e0262dd4a5ddd72,3306172332,0173,8,01
2025_26,6875e2615a6ff3348abef167d520bf04eada2f0143e9ae4b7bc2cf80266694db,3306172332,0383,7,01
2025_26,e5a747a73af9fd9b3346afe40b3f408e5ec6a9f3f4d0308c60ac0f4638cfe1bb,3306172403,0383,10,01
2025_26,e5a747a73af9fd9b3346afe40b3f408e5ec6a9f3f4d0308c60ac0f4638cfe1bb,3306172403,0172,8,01
2025_26,1fe342b058528873edffbabba05604ceb47e07f139eff186a774d4f414476061,3306172403,0179,6,01
2025_26,c4faed228d9cdc627be2c939c45b873b44424fe89864fa19b2dcbfb5cbe5c471,3306172403,0384,7,01
2025_26,988588d3ae61e3dce6ed91e7ef0972f3201320466c7db2b90eddae305f8ec80e,3306172403,0171,0,01
2025_26,52412faf76719de313a2c94b88f2309ad68ec1c8aca689514a6291c03a6f6a31,3306172403,0173,6,01
2025_26,0d36490a2af88aeb7e5411190a3f6befaf3afd8c21c7778350d71f084a8de905,3306172403,0388p,0,01
2025_26,0d36490a2af88aeb7e5411190a3f6befaf3afd8c21c7778350d71f084a8de905,3306172403,0172,0,01
2025_26,0538f479a15ba1ca6f061fbb6c112b4b4e3bef3bc2dbec9fdb63bd6684bc866d,3306172403,0388p,10,01
2025_26,0538f479a15ba1ca6f061fbb6c112b4b4e3bef3bc2dbec9fdb63bd6684bc866d,3306172403,0383,10,01
2025_26,4abdc8fb98b5977017777a10c21af1f801e444f70f572e406affc9ee2d4ef8d1,3306172403,0179,0,01
2025_26,eeb1c38aba526b9d8ddbd3a6bbeb34b375896c01f5277a2f845e611f78efca1f,3306172403,0171,8,01
2025_26,60639bfb5dc9abbcf6a49860321a2a054e505585ff525aba56b047b8270d5d0c,3306172403,0383,9,01
2025_26,ed7a8afba3b42b34310eb0490f2569a9ccc012d458a59148caae9fa85bbc7f0b,3306172053,1226,0,01
2025_26,ed7a8afba3b42b34310eb0490f2569a9ccc012d458a59148caae9fa85bbc7f0b,3306172053,1232,0,01
2025_26,478fe009cfeeedabde10e7bda080eb490dc288b756cff2bd2131b6623424f2f9,3306172053,1226,4,01
2025_26,478fe009cfeeedabde10e7bda080eb490dc288b756cff2bd2131b6623424f2f9,3306172053,1232,4,01
2025_26,478fe009cfeeedabde10e7bda080eb490dc288b756cff2bd2131b6623424f2f9,3306172053,1233,7,01
2025_26,3a46280747e6661344b9d4ebcdaec4e73b009c94d891386f8e5ef93f24197f1d,3306172053,0156,5,01
2025_26,481155bd75226d186cf789f2bc5a13f2a91ebe8d05e9e090ad950d6bce120d2a,3306172053,1231,6,01
2025_26,481155bd75226d186cf789f2bc5a13f2a91ebe8d05e9e090ad950d6bce120d2a,3306172053,1232,7,01
2025_26,481155bd75226d186cf789f2bc5a13f2a91ebe8d05e9e090ad950d6bce120d2a,3306172053,1233,8,01
2025_26,6ae47c614ea8512e113ea31edd3f499dfe19b6be0af188fd0310554fd1ca7a83,3306172053,0156,7,01
2025_26,6ae47c614ea8512e113ea31edd3f499dfe19b6be0af188fd0310554fd1ca7a83,3306172053,1226,6,01
2025_26,8cd2ea858dcb39a8f88486d677b32f1a26ee2c3fde5e8a13ba175e408c60b67c,3306172053,1233,6,01
2025_26,7477c6e8dc02f6edfe795ed77fa9f5e0cad1b527a473118e85cdde61aad0140a,3306172053,1229,3,01
2025_26,7477c6e8dc02f6edfe795ed77fa9f5e0cad1b527a473118e85cdde61aad0140a,3306172053,1233,3,01
2025_26,49c056d4c0d20e981091636ff535ed3934e378ab5d82e9634a801dbc6d7bf8bf,3306172053,1231,6,01
2025_26,64309deea76882c67e67470ee6fe5cc5b5b37657473ef5208ecd136f208314bd,3306172167,0930,0,01
2025_26,a5723ad11f3b800d43630fe99a72e50417a475ccf88bee5f5743a8be473dc8e4,3306172167,1709,6,01
2025_26,a5723ad11f3b800d43630fe99a72e50417a475ccf88bee5f5743a8be473dc8e4,3306172167,0179,9,01
2025_26,a5723ad11f3b800d43630fe99a72e50417a475ccf88bee5f5743a8be473dc8e4,3306172167,0623,2,01
2025_26,6560abc82fc7fcd63c0b60333d8226646dde6cd32c1520e8913003be004604a2,3306172167,0931,7,01
2025_26,6560abc82fc7fcd63c0b60333d8226646dde6cd32c1520e8913003be004604a2,3306172167,1010,3,01
2025_26,41f11c9dcd8e294def960484be153dc65b59fb0091c9da372cc641844a24cba7,3306172167,1709,7,01
2025_26,41f11c9dcd8e294def960484be153dc65b59fb0091c9da372cc641844a24cba7,3306172167,0930,8,01
2025_26,3086fead5c25510ad45d8b6b21798fde3227f36b30777b2e7a04d85aeb7b843c,3306172167,0930,4,01
2025_26,680fdf556b15f2e30e6befe9e3835467055e13678a0860e126b7ef0bd8fc8043,3306172167,0179,0,01
2025_26,46ed0bd04248e6213164fa5f8a2bc0b7bf5350dda25087bce6f0015bb28146cf,3306172167,1709,5,01
2025_26,6309fac77be30ab9ec553bb3de2a0238b073bf9a5f43963f2fb2f82594db668e,3306172167,1012p,6,01
2025_26,6309fac77be30ab9ec553bb3de2a0238b073bf9a5f43963f2fb2f82594db668e,3306172167,0179,10,01
2025_26,8ff672e53d013f2fe9945389b4d7f59cc3bbc84779d382de66396b3a69076047,3306172167,1012p,9,01
2025_26,0e8210aacf83f98e8fbc544a15b9dd6b86ede02ad3e8092e8c825233d5823d3f,3306172167,0931,0,01
2025_26,7ba5fec4c68b2ffacc3722aa61739710ef2821f659a389e247a34ac0ec422157,3306172167,0179,0,01
2025_26,10037b1abc48ba2d385a1a10faeaa9e7a3df532dfcee168dd2587ffc171940e0,3306172167,0930,0,01
2025_26,b22ebd4eb75cbe3b0ff7dac7fcc8fdb3a16924a4e8bfbbb082ec2496a6f471fc,3306172167,1012p,9,01
2025_26,dcd5a9071261194853ac2e95d9b399f34b580ab9554c6aa0faf925e32be750b0,3306172167,0623,3,01
2025_26,f9ce3c9ac0d6ad246a9545012746926a30e1652dd36d0c828c5267e7bb607200,3306172167,0930,3,01
2025_26,814a06a63cae2ad2bb46a3ab2af0427e95212bd8d68c531c31ac22cc1e79e475,3306172167,0930,9,01
2025_26,f79e2121bd525cbd1686949ac59aada5dfa26f6c316921c73d2de4def7813bda,3306172167,1010,7,01
2025_26,90609e821d9a1fc60b1cd740a0309ead357c0011698170695f3f86138e35b5d8,3306172167,1010,7,01
2025_26,86a7407c9014c8d9cede63897dca64aa8b6d28489e3be381cf1f28b48cb7dc87,3306172167,1012p,8,01
2025_26,f5a30cd1b19b9cfd960d2f23274d2136f5ab4dd49d385de28056862e3171efe7,3306172135,0179,7,01
2025_26,f3bf10de5a266d45775e942b9b6283964cc21b316a5b69b15513d8fd7d33e313,3306172135,0627,7,01
2025_26,904baf7f393d336f2a993b8d9bf69a0b9e9bd5da329689ab1b6eae9cf78301f2,3306172135,0625,7,01
2025_26,bd1c7e06faef39ee5e181e62c9655b5fbe0b7df4ec1487a37935f891c58f3b3d,3306172135,0625,9,01
2025_26,70a23789cfd7badaf71196c6ab772b8d1beed83bd899508d13ebccc64a0a9095,3306172135,0627,4,01
2025_26,2f25b1329ef0281d40755ced48ddf9d5d18c688b3263ffa33d3e5ff4dc9ad9cf,3306172135,0627,3,01
2025_26,56db3247627ae2c8a9f1de02cc22e02ebd36090868de7d525550c741db5e9417,3306172135,0828p,6,01
2025_26,71c8d9ce59448e78a72305c19facd6ec166f86f858eaa85c14d6b9bc4e08c387,3306172135,0828p,6,01
2025_26,0a4a85a56a67cc069b028d7a02d5e0d9c13cc050abc682925c584a06024159af,3306172135,0627,4,01
2025_26,0a3c60d85008a3ca5f20ae02c4b1dbc0b0b2d1a3f6b21f251c374ca63b74e975,3306172135,0622,9,01
2025_26,6990f1064643b438a23741916aa5f305a2d53de24c2adcacd7e13adba9675936,3306172135,0625,7,01
2025_26,c23ac585710b9b1d744c4d6f73498a0ae9f533569163bd3839857338719fc27e,3306169433,243266,8,01
2025_26,b5320c3307df7584ceed07f8bb12e6c18040682076311ec1986fa08466b2101e,3306169433,243264,9,01
2025_26,9a6cc632fed6e081ecef233a8ecc050d1c21a9348ca284f2df370e306f5b0540,3306169433,243265,8,01
2025_26,ac1dd32e02d478bdd68608c03db8b0c36ff11e3c49c3f02aed77fa880aab984f,3306169433,243266,6,01
2025_26,fe8fedfe7a3acbab2007f51cd4e265c6ba4e444bf9a6f74aa7990c1e3d0b6d5f,3306169433,243265,8,01
2025_26,37412174619670b5ea32cb40428736252e5ebf92131bf3cde20a6cbb19364fb7,3306169433,243266,0,01
2025_26,21f00a7209eae4abca3d24c7d852a8e67521b34a226c2bee61d8e5bc12c026d8,3306169433,243266,0,01
2025_26,b18760267ce0f1845b7d2526a817f33fc4769842148e2b48e6f740bc65dc2b85,3306169433,243265,0,01
2025_26,90df183030847d3f7578ebaa4b1b67408e25555516589fa52e055d104905bddd,3306169433,243266,7,01
2025_26,e597610428e7dcdd09c087823c46d132e12c09b87f02532195e7d6728257fd00,3306169433,243267,10,01
2025_26,e4f80a872e5669bc72767e644d3deb5fb308c6dc5686e6a2333c9af027d50f04,3306169440,243270,9,01
2025_26,77a40e721d5fd2c8501a3e19dbcc3f8d5814a3f5ef0d8b9d0cb65ef94db4296b,3306169440,243271,9,01
2025_26,5c5d9d2012600273e47da420695ae3b7f019caeaea8bb3f179f2babb78d7ea2d,3306169440,243270,9,01
2025_26,62c365e91ac32dbaa00ff9888d4173ecb376fb5de7d6ff959fedf49e62f646b5,3306169440,243602,9,01
2025_26,31f6368d845d2b9908537c1685f6177d5e237c8aa2d7240ea3cf974ddec160fb,3306169440,243602,9,01
2025_26,31f6368d845d2b9908537c1685f6177d5e237c8aa2d7240ea3cf974ddec160fb,3306169440,243270,8,01
2025_26,be0156152229ed4f2292309d5e68ffa919f1d7f25c434349345105a03a81056e,3306169440,243602,9,01
2025_26,f59b96c5926d2a1119855eca5d10377ccb032ccb535f80a600ab8f9adafc3c96,3306173997,0438,10,01
2025_26,c6ae007bba9122296320f13a7a7fccb996ad1ce6d71157ea0fe0b18897debb67,3306173997,0440,8,01
2025_26,2568472b82555eea1cdbededd07e79f33be137f8a3db237ad593c58acc6993e5,3306173997,0437,7,02
2025_26,785b588c8c1f7ef4bad1fc659a28ea4bf9620355791976500a552a8d07d77ef6,3306173997,0156,7,01
2025_26,a533a19664ac80b4bcb53c30e4747d29dfc8c1cb1c76f25bc757f6414e3d2456,3306173997,0438,8,01
2025_26,d88a30b93f4e2486928f49de052532a469fe3fa97b67c6673d097938bf97f814,3306173997,1709,6,01
2025_26,e4df794ed66bcbaa4291a3db4b9fd4021c002d6f612bc4a76fce2531c16fac32,3306173997,0437,0,02
2025_26,e4df794ed66bcbaa4291a3db4b9fd4021c002d6f612bc4a76fce2531c16fac32,3306173997,0439,0,01
2025_26,af673f9bc4b85f6c3fb335b0844087d4346f0cc8bb99a557f9f46f3a550b5b7d,3306173997,0439,5,01
2025_26,66e5cc51115596eb57d5e354ea7020b4bc8e747245cce2695f213dda87e6a315,3306173997,1709,6,01
2025_26,077f040efc63d8ecddc796053bda0fe19ff99ffdd787d37094b231df8e736142,3306173997,0437,7,01
2025_26,077f040efc63d8ecddc796053bda0fe19ff99ffdd787d37094b231df8e736142,3306173997,0440,8,01
2025_26,52e1bfd2f4f927e6394669ab0b2b3634c5262fe3d3e6271911ee9da01a024ea4,3306173997,0437,9,01
2025_26,bde9180c50f31739dc05fad2e9f7b520b0fc35d89def4fbfe56de8b1ac3db3c8,3306173997,0439,6,01
2025_26,bde9180c50f31739dc05fad2e9f7b520b0fc35d89def4fbfe56de8b1ac3db3c8,3306173997,0156,10,01
2025_26,2c756c7db5eff09cddc48aee523c3287c5bfe5bc841ca6ca5ac8a8f8be497864,3306173997,0439,6,01
2025_26,2c756c7db5eff09cddc48aee523c3287c5bfe5bc841ca6ca5ac8a8f8be497864,3306173997,0438,5,01
2025_26,6feb54b641bbe5377f97f2915023ccabd0c3657a3a0b85b5b2ccdf62acc14180,3306173997,0440,8,01
2025_26,050dbfbef2b83666e35e7bc19498b29f79675dbd21757efba497ed6b6b0a1731,3306173997,0440,9,01
2025_26,bbb6f786c7dfd6df579e08e70a94dbbf15457a49cbb7d06f56603e95167a2977,3306173997,1709,9,01
2025_26,e6904d1914d020249cecb44f8979f74197aa24953ef0be8e768c03aecd9a9320,3306173997,0156,9,01
2025_26,dea732ff1c7139002d78f9f7e650187e5a1a60f55c81b87df27f137f2c953286,3306173997,0438,8,01
2025_26,e4993eaf559316a4420008a77be12def37de26dc2aebe9542094625a0d541be7,3306173997,0156,6,01
2025_26,49d96f743472dc2e355719eea684ba2359ef5cd381bb570d732d80aed99f427b,3306173997,0441,1,01
2025_26,49d96f743472dc2e355719eea684ba2359ef5cd381bb570d732d80aed99f427b,3306173997,0440,6,01
2025_26,631f426be1c54d8a10cb4eb24239b4f3a8504652ddef0fb451cf5235db7fdabf,3306173997,0438,9,01
2025_26,6758f5550724df4504c56397b78503b6c9e2f9cdada4fa92d5be4dc7b4213260,3306173997,0156,7,01
2025_26,77e82833effdd877303f10568eefd8ce3012d02a48ea3dac86c0f0af6a84fbb4,3306173997,0438,8,01
2025_26,054db9ff17c33efc2a07172c7e5f1f473d82a4d1dead9b602c3e1bc0c5c4d96f,3306173997,0438,7,01
2025_26,771736b19af40f1e7e48b1f4135322f7b87edecdbe4de4edeb3448c5336bac98,3306174048,0650,8,01
2025_26,77f85ac39e2d5fab2e8009c0c9e49d903e98ed22e293eb565681d9ce0ba511df,3306174048,0647,4,01
2025_26,855debfe9f0a935f207ea0c9563e6cc586554599b8aadd3ff59df67d96dbac6b,3306174048,0651,10,01
2025_26,5c5fba0e2a1f84975ab3b3333dd3c7bdee986f9d57664119012ef6ea2eb3a11b,3306174048,0179,9,01
2025_26,4b9859e3a109f7926a75642d0dbe23f108099475d85fda747f555fe0ac842430,3306174048,0649,6,01
2025_26,15915e90212f145d91771a5cb3612a7ca6bdea5ce41847a3f41413256dd5be60,3306174048,0651,0,01
2025_26,13f655911354ad375be8ac6c20fea4c2445a327e10c409ec0361f6f9ec0e935f,3306174048,0649,2,01
2025_26,d4770efeedf867d67817ea96b57b9b2c3a0141a576d6a61f1ec0faf26b4d7593,3306174048,0657p,6,01
2025_26,d4770efeedf867d67817ea96b57b9b2c3a0141a576d6a61f1ec0faf26b4d7593,3306174048,0649,5,01
2025_26,88f742bd9ef7e77b0c34a01029fb0598e3b818e6b6e2a023cda021ab03aba01d,3306174048,0649,6,01
2025_26,ef283753c7783374433622e447dcfa9e77badcea221d67438f84617039453ea2,3306174048,0179,6,01
2025_26,0fe3858f393b63931a48cb0a11665cc15e78869df39db723517400a173938b62,3306174048,0657p,9,01
2025_26,301e23a9e517dd9029a91b326c13fd34a76b173595ee00de976acb07a8da7afa,3306174048,0650,0,01
2025_26,bf49f7fd826ec978cb0949140f03d422dd2dd8e722cf8da2621a008b35452551,3306174048,0649,7,01
2025_26,994ad8b46d13a4faa4c005ecb20612b1863781a152fe3075dea53ab8becfe528,3306174048,0647,9,01
2025_26,516200967fac07b86bc69c8fefa2f1494fcc6262de2ec9f49e4453104344e2b9,3306174048,0648,8,01
2025_26,69fbdb5a4eadcaff8ba32514179d048f01f07f5ef8f20020214aa6390b23ccaf,3306174048,0179,0,01
2025_26,69fbdb5a4eadcaff8ba32514179d048f01f07f5ef8f20020214aa6390b23ccaf,3306174048,0648,0,01
2025_26,7887cf073f3bd53ee24563e801537af5a5f504d6cee6545e403c61f470db4a70,3306174048,0657p,10,01
2025_26,6900636775a889229edcb9f308133b50bad7074450c7211e0ae73d64e31c3d59,3306174048,0650,9,01
2025_26,6900636775a889229edcb9f308133b50bad7074450c7211e0ae73d64e31c3d59,3306174048,0647,6,01
2025_26,da0f53698eeb3574347e384758155cca56d7ef072b005c1f9a5926a44323af88,3306174048,0651,8,01
2025_26,d909254b542d716952f37b0c4eff05d8b0c87e636624c25562550f856a4d2c95,3306174048,0650,10,01
2025_26,d909254b542d716952f37b0c4eff05d8b0c87e636624c25562550f856a4d2c95,3306174048,0647,6,01
2025_26,8f3f9b303674c18c555ad45151ab75e63365dca7a93499f9c31f95698ea59d56,3306174048,0647,7,01
2025_26,c0e7999379153e1d269287dc998b1df4027e1e1da7d5b966e779e20909fa148b,3306174048,0647,9,01
2025_26,19459ec28e22f566c94be0c1367ba1d7387ef0e6a722a7238ed217ae8ac98368,3306174048,0179,7,01
2025_26,23bc8fdaa0b1fd1219b32e0e84d55a77e03cb2a0112629c69420a3230945f215,3306174048,0179,9,01
2025_26,23bc8fdaa0b1fd1219b32e0e84d55a77e03cb2a0112629c69420a3230945f215,3306174048,0648,4,01
2025_26,c6c9a9747bb554bce90bbb5ac6a2740111b27d1d572e1d0a07ee0ff1d9911f9e,3306174048,0647,5,01
2025_26,5799d2317bc92b24819d419a013c394545c9c567d520a8add895dc8da541f26e,3306169744,0379p,10,01
2025_26,d168ac375fa0c9e2fe709a71e25ebcd6569efabad2140cc94550c618be93b324,3306169744,0371,8,01
2025_26,f903e1554284e19278483168367070a0efaebe8b738c2cfaa4ca8d5bb1e5a3de,3306169744,0373,6,01
2025_26,230c7dcf7b05175ef97151f2cf230cc290223e3ac2c54d0bb576cea5f8ee98e1,3306169744,1709,7,01
2025_26,8fc80d74b924c4a325fd136b55d295e906e183a7b86193ef0bd9ece604fdf689,3306169744,0373,5,01
2025_26,8fc80d74b924c4a325fd136b55d295e906e183a7b86193ef0bd9ece604fdf689,3306169744,0369,6,01
2025_26,f01785da7bac5212fb248201f3ae61fc19674acad246c0a7a93f3a4099ae6695,3306169744,0373,6,01
2025_26,ecda8bab5b553f3f4ac280c27e7418b1693c301554a99611eb382510df1b28ed,3306169744,0179,9,01
2025_26,f2bbc66bbf9f37f06cc3dfe420671c7df8704372f850dd94d6bdd6dbf498aaaa,3306169744,0372,10,01
2025_26,63ed81bb4c902123bc989bf9cb695408a685875bcbb1c611646a69f60ad97a24,3306169744,0369,8,01
2025_26,ca802b7c3cb9249e5845772acef88dc682f7092a20d8923ddf30c2a97f1f6329,3306169744,0369,7,01
2025_26,cc42cfc0f92af6b941969bd8c5a31b8a735b4ec6c0a93460da779df7a75f44b4,3306169651,0484,0,01
2025_26,574d0f2aeef64bd94edf50eaad27b7fd7a494a5b9e1cb60f4e07d9f5ad1cd238,3306169651,0179,7,01
2025_26,78590b2aa79899c53c39d4d3d5b393f2668afa57332492dec4b1e8607e4e126e,3306169651,0483,5,01
2025_26,669fcbeda710201f5fd11c75e45714326f98f7976a5094020301695e106db8a4,3306169651,0616p,7,01
2025_26,669fcbeda710201f5fd11c75e45714326f98f7976a5094020301695e106db8a4,3306169651,0179,9,01
2025_26,81502b77746a7e90a1473731fac1ac48bd5b41016d506ce8b3c940c51cef5c4a,3306169651,0485,3,01
2025_26,08168dc990651d328420c95b8b706de5cbc4643c8b1c182e32637cfad20741c2,3306169651,0373,10,01
2025_26,822091bb64610fdffc78ad0538be10601f5c9ca18b1d4a19f08083ac18c8542b,3306169651,1709,9,01
2025_26,822091bb64610fdffc78ad0538be10601f5c9ca18b1d4a19f08083ac18c8542b,3306169651,0487,3,01
2025_26,a14c29e7f8efe6f3727ad8b5de1f0d53008713a2a4fad89bcd7aa8a8ff70f559,3306169651,0483,9,01
2025_26,a6467a417ee402344cc49c6d8b65a50ed1f44ddd07fdd4fb2d7ef7132099e0f5,3306169651,0485,0,01
2025_26,ba44679b64ba7c572f1252d22ff5ead617482ee8cf2ccdd4e8de558afc385616,3306169651,0616p,0,01
2025_26,00294639d38f54b740cae7137cb094cd74635005a241b9805cd9f91a99952fba,3306169651,1709,8,01
2025_26,00294639d38f54b740cae7137cb094cd74635005a241b9805cd9f91a99952fba,3306169651,0616p,10,01
2025_26,0fa55fc5fd6a4a78829f6bf58c8a6ed35816130e835d902321d0605dd6b8e18e,3306169651,0616p,0,01
2025_26,0fa55fc5fd6a4a78829f6bf58c8a6ed35816130e835d902321d0605dd6b8e18e,3306169651,0484,0,01
2025_26,c903fc0e07b7002fbe5941dd10224160fc8054af1ae26bf9f4d37e27e7f315c7,3306169651,1709,5,01
2025_26,ef6cab817e2f5103d5224cdba786257167240ca0b3ec1c67983bb9fe70064cc7,3306169651,0373,0,01
2025_26,b933641fb3c4cefbaed7a01f1de14a86489da970e304bbedecd45f540943b8c0,3306169651,0487,0,01
2025_26,d553fb9eaa382b49195f1a1d3e83cf64037d67910aa2d48b313004034c46032d,3306169651,0487,4,01
2025_26,72c0d318de07d63d810117cd7469da10c37b7e1cd667b92cc219809c97c06227,3306169651,0483,6,01
2025_26,c7ea8347822517daf10bef47363e83b60f2d6fe85c91fdc3e47d5a3170ec2cd3,3306169651,0179,8,01
2025_26,f7922319cb0cd36b9128286223df7f163a72308d740d032141ab3235f1335b79,3306169651,0616p,0,01
2025_26,ce045cfc530be71fe755bf0a6c018039ddf4d5cb15c342bba6cd8ff4ad4b517b,3306169593,0156,8,01
2025_26,19b542507ece7d6579bb2fb8a9acdb6de11a46054605e903202271ef22923b19,3306169593,0222,7,01
2025_26,c81363532f96ae36b05ff57caee1cb92d4d3cb609cebb21a6f77f2540feefcc0,3306169593,1709,6,01
2025_26,c81363532f96ae36b05ff57caee1cb92d4d3cb609cebb21a6f77f2540feefcc0,3306169593,0225,4,01
2025_26,df2ae9813bf7a62adcd85eba405c00c1d8b84010a82d06c9048aa17a8a2bdd95,3306169593,0223,0,01
2025_26,c912b7c54223e15ec625cb8b27081ad549d4eed859fbaeef7d1bbb493fdfb66c,3306169593,0221,9,01
2025_26,71a3ab9ce36415bce23285e1075b5fa4825143da6a98f2418953e85b7a849a4b,3306169593,0156,6,01
2025_26,12d8981d25d9ffcaa861d706ccb26fce00dfc97746500d9d73e9b776e9fc35f4,3306169593,0156,0,01
2025_26,59c699fa25069387fef2adc86da1c68366a9797e0d40d3d734725f0079715bea,3306169593,0223,5,01
2025_26,731b21a279cfad27b0bdf09f8c531e2ab8a933e095818ddcece5bd5b65090a42,3306169593,0225,4,01
2025_26,8707cf4a6dec03839ba36735135394a9e15d03a2cac3d198c8ff2fb26c164f84,3306169593,0222,7,01
2025_26,cd9202b902344af3cd5daba1a6e1e37eef41360625e68f20131a8f2d1243bd3a,3306169593,0225,1,01
2025_26,5b3118970c5322195f963c6a61fda5e0a9886d7b632aab4b4bfc4e3fd75c44f7,3306169593,0225,6,01
2025_26,85f988e9688efa19474841a092c5c32195d3a0fa497fc1cc31df3c92b1a78bbd,3306169593,0221,4,01
2025_26,c27b5f405a4d1b07c527961e9cdf96bf53903e11ca227c731b6ad81d9eea27ae,3306169593,0222,8,01
2025_26,b2666dbaef1c64e54dea760df64e057594880a6647a7ea6f5b85923c0b0a3d57,3306169593,0225,8,01
2025_26,b2666dbaef1c64e54dea760df64e057594880a6647a7ea6f5b85923c0b0a3d57,3306169593,0221,4,01
2025_26,5a55151d75c2047df3433f92a6e3482a166f2af11a8aa2841965ec85a942972d,3306169593,0225,6,01
2025_26,dff0715b4ee7566ec99187f7aecedbf4b48b5f95015c063825950c72497176eb,3306169593,0221,4,01
2025_26,4a47d64c52b62c0b4f2f60da7e06c934b57a329ff716509c44a9f28a4c9fb86c,3306169593,0223,8,01
2025_26,397620bbb61beef4fc5682dbe236e1b07f50b459709b28ae7a901be909410374,3306169591,1708190,7,01
2025_26,6f0bb76a6ca11427a14e1756950bdcdaaf79e63529c5f8f310a51752248bf9d8,3306169591,0226,3,01
2025_26,c35fd8e3f12257fec8587c921a2e93d04f2ef7fa2e46437eb1b719cf0a1b9051,3306169591,1713707,8,01
2025_26,cbb720b6857bb3d96bfca740ea7c94ad75ff5a6aa911d15f5a3610f1f187216d,3306169591,1664190,6,01
2025_26,1e42ada0b2318cf8bc4389f9dc81952b5494142aca0971d0c524e20bea7461a2,3306169591,CVOPT,5,01
2025_26,867202a83dba25714edad821cd1e24322696bb5104c8266db215c3c841d86a54,3306169591,1710,10,01
2025_26,55065ac001cc44138a2be476c6f71a186d58c7e63b673c5d634a4ccf6cba9fea,3306169591,1713707,10,01
2025_26,55065ac001cc44138a2be476c6f71a186d58c7e63b673c5d634a4ccf6cba9fea,3306169591,0226,9,01
2025_26,93b2dc132dae5e63cf300efa0a0ce1acd4833ec2f09b7a04ca6ddff85be13b4b,3306169591,1713707,1,01
2025_26,93b2dc132dae5e63cf300efa0a0ce1acd4833ec2f09b7a04ca6ddff85be13b4b,3306169591,1710,1,01
2025_26,3427aab0bbced6f91552419e1f42eaf7e2cef6bf5a8c1707cf1c2abf5422e987,3306169591,0228,9,01
2025_26,3427aab0bbced6f91552419e1f42eaf7e2cef6bf5a8c1707cf1c2abf5422e987,3306169591,0226,9,01
2025_26,13451625fe737ce41011d37b17504dd26a9be73c5926e67d52a99b4574184c28,3306169591,1713707,8,01
2025_26,13451625fe737ce41011d37b17504dd26a9be73c5926e67d52a99b4574184c28,3306169591,CVOPT,3,01
2025_26,f9e6a2cc80aafe38b3543b1e81ca59e44e8bb707a5b2f29a87758354d3ffda01,3306169591,1713707,8,01
2025_26,f9e6a2cc80aafe38b3543b1e81ca59e44e8bb707a5b2f29a87758354d3ffda01,3306169591,0226,9,01
2025_26,37356441705934396fa0c885fb1428aea26ccabe8285a5b2576f8de81897e733,3306169591,1713707,1,01
2025_26,b8590c9158241ef9e50c6e2869590385492e89dc85527e39fa482066ca2a2d73,3306169751,0378,8,01
2025_26,1a487e080b7e34f09ed31a18d39ba6a382a8112a21ea90683035a187bf7a85c4,3306169751,0379s,10,01
2025_26,1a487e080b7e34f09ed31a18d39ba6a382a8112a21ea90683035a187bf7a85c4,3306169751,0375,8,01
2025_26,34891adaac5a043d44f3d15d546540da0039886c4e4a9657c88ebdbd1fb2c275,3306169751,0378,10,01
2025_26,1915452ee704091b5b6b3d1dcca4f67aae2059e4126a7fff35a8320973c46780,3306169751,1665190,9,01
2025_26,f6c302768e0468951fe73d905bfa4ed345d8158b6735ac696cdd997dffa0f26a,3306169751,0376,7,01
2025_26,998ed5c5da662f7d54122066b719c193b194034411a7a88d8b3f7c0a5fc5849e,3306169751,1710,7,01
2025_26,5872c3e58784ceb438cc562ea71874e41536dc38240bd7045fbef87586fae298,3306169751,0377,6,01
2025_26,142158b5efced2348a21368f2b7976d4eee50a9fe6e4f4c765bd7d8775dbe6d7,3306169751,0376,7,01
2025_26,f1520e95b298e1cc0b3942f1f72175760424a5ea017a91c29ed982bbe1cde3b4,3306169751,0375,9,01
2025_26,7dcd35216c81d13e79e914b6181c0f7084d693b45ac5fd704dc0c28f02a4291c,3306169751,0376,4,01
2025_26,7dcd35216c81d13e79e914b6181c0f7084d693b45ac5fd704dc0c28f02a4291c,3306169751,1710,6,01
2025_26,486a3babd9dfb2bca9d288c58c57225f9296ce86eac7a10abcdf48057c728a96,3306169751,0375,8,01
2025_26,fdec83d934356de77e279025a07ea734bc2d5ae4269315aa4ef56bba6613e1e5,3306169751,0376,8,01
2025_26,fdec83d934356de77e279025a07ea734bc2d5ae4269315aa4ef56bba6613e1e5,3306169751,1710,6,01
2025_26,a93690df50d8d2e69d1d2d81076dea3a80165cd43a1b171526b4b50e61d3af71,3306169751,0379s,10,01
2025_26,a93690df50d8d2e69d1d2d81076dea3a80165cd43a1b171526b4b50e61d3af71,3306169751,0378,7,01
2025_26,18b4aa34646e373e0d227c0db5d8e42992ae5fc0b477267e9f38fc6fa0db5afd,3306169751,0377,8,01
2025_26,56123c5daf65aff67ba55ae7d2bb9a58bddfb5a0e0e07b1fed49efdfcf208a75,3306169658,1708190,9,01
2025_26,ff28efbf05517539507a63494d128f20d746c5353d6bdb0abc951b0d7c259521,3306169658,CVOPT,4,01
2025_26,b5199a49b597efc5d445ecac778e7ebb6dbd0f6a37e5fb6e47d8e59b4bbb5dbf,3306169658,1665190,9,01
2025_26,b5199a49b597efc5d445ecac778e7ebb6dbd0f6a37e5fb6e47d8e59b4bbb5dbf,3306169658,0613,3,01
2025_26,72136e99de43f1522b65fb25c40b9febef237c253d7c9822c3abd4417da02638,3306169658,1708190,9,01
2025_26,72136e99de43f1522b65fb25c40b9febef237c253d7c9822c3abd4417da02638,3306169658,0616s,6,01
2025_26,72136e99de43f1522b65fb25c40b9febef237c253d7c9822c3abd4417da02638,3306169658,0615,8,01
2025_26,e3f55fc31ce2712635ef445b4be7f353b8a183b48ccc80638dae2ee349852a82,3306169658,1708190,9,01
2025_26,e3f55fc31ce2712635ef445b4be7f353b8a183b48ccc80638dae2ee349852a82,3306169658,CVOPT,2,01
2025_26,703738a6468bc4796ba2b43304578127697c7299a7b46bf82e8a826129ce9439,3306169658,0613,8,01
2025_26,f45aff09ab6f9c05fbb7dc5f9ae7a4b9b1c9ba197cf2cf85a93cccfe99a5a1bd,3306169658,1665190,9,01
2025_26,c7b9e230aa6a79929c8d84c945acee0cabdeefc73fd5513684b11397eced637a,3306170617,1665061,8,01
2025_26,6944cea63ecf762d09d04fe663cff7874b0992dded018bb37f9572e3a06d8214,3306170617,1372,7,01
2025_26,4809cb4342e17cbd1cb864924d77094d6f16c0f734dcdc4ee5dcbe0464b25252,3306170617,1375s,8,01
2025_26,d8c9f520e910796788523b36ff465e7d3167a736f96e0b230362aace73941a2e,3306170617,1375s,10,01
2025_26,d8c9f520e910796788523b36ff465e7d3167a736f96e0b230362aace73941a2e,3306170617,1371,9,01
2025_26,889f4e53a56cb6de5bb45ec3a7e05c428f432173d7d4942e6b94d8ac65f79d51,3306170617,1372,4,01
2025_26,ce94958738da932e7d31a5c46ecc4771b1fc0dd2b39101fb2a5bfd35bf3b1364,3306170617,1665061,10,01
2025_26,480f035055bab83a61c75c92b1c99e6aa96c062d7d31eaefcad185787faf0a82,3306170617,1375s,5,01
2025_26,480f035055bab83a61c75c92b1c99e6aa96c062d7d31eaefcad185787faf0a82,3306170617,1710,10,01
2025_26,c8bc289f304189c63b6e42cc40757b11ca4bf1f178c59d32055f1bc89817405b,3306170617,1371,9,01
2025_26,c8bc289f304189c63b6e42cc40757b11ca4bf1f178c59d32055f1bc89817405b,3306170617,1372,8,01
2025_26,ba8f7ea03669b6f608dd446d6e1b60983b93b3d6aea2ea4e17b6b43b25236914,3306170617,1375s,5,01
2025_26,26fbf179f16297cb979067633c4ef2fe0ed66a62036a368e306d8fd7163b19ef,3306170617,1372,9,01
2025_26,cb75aa59969b33eb3565b054b705aa6d51301fa2ad2b215b6e327a5198841d4a,3306170617,1665061,10,01
2025_26,d5a7dd69007d7516308fc0a0b7099b5933414942235685c2eb0c1ef241c11216,3306170617,1665061,9,01
2025_26,9b5bba959f4148a97cef7db6b47d8b0005c4b2431d53c21492be4c3fa34e83cc,3306170617,CVOPT,10,01
2025_26,37c799c39ac725eb0ef72ec5f4e49d96e9ef687e21f841390df96cebc7ef8eb1,3306170617,CVOPT,9,01
2025_26,37c799c39ac725eb0ef72ec5f4e49d96e9ef687e21f841390df96cebc7ef8eb1,3306170617,1375s,9,01
2025_26,6bb7bd00e07a53a2f63df6d28f6a2fd6c0f1d718e082f327a8b217df7ead3d9e,3306170617,1708061,9,01
2025_26,7b93ffde8b50bbf7be6884b4dcec62562e1b4194a0d484ca424ccc0d268ad043,3306170617,1372,9,01
2025_26,39a89a30f732b388e13374e4bc0ce3513b48c5c6aeff625b7cb6bcee02478af1,3306170617,1665061,8,01
2025_26,185a80bf9689b7f20dccd28324d37a2b8593981b03fd5889d528a86d0e517140,3306170617,CVOPT,10,01
2025_26,e8486e1a2d14386349a57a043fa682d617eb229cdc6554d1268e98c1e57caf52,3306170617,1665061,10,01
2025_26,7657e190bfe788ddf76b72b85bbd8aff95ddf3d13a88174b780436cb66a28822,3306170617,1708061,10,01
2025_26,f1ee0488df612eb8efddc259b60bed37e930b0cf6ac0a0d59a638baf63e0e963,3306170617,1708061,10,01
2025_26,61e300eba18f2733f3f16bdc0e87d76436a89025a49824fc244023643b740b3f,3306170617,1710,7,01
2025_26,0778efbb244a74934514f6651f9817676287c0a5415b5d29815ace1c4b2d97b7,3306173995,1713472,6,01
2025_26,0778efbb244a74934514f6651f9817676287c0a5415b5d29815ace1c4b2d97b7,3306173995,0448,7,01
2025_26,12c88ccd3604c160e06b29326cd06a27f76e3d6434bdf6dea1d9ab2c9a54513a,3306173995,1664001,10,01
2025_26,38e75f70c8cfb37616f566aa5b06524ce35ae0d2a881f05bc2bda34de5d9f69d,3306173995,0443,4,01
2025_26,e15dd3a5d2d0b462ce364b56a404a95933cc3e99a6c10f245e3bec48956da069,3306173995,0443,8,01
2025_26,d42397f3ca5aa5d233525300f7a803acafa3de4eceab07e106838913c0652410,3306173995,0443,7,01
2025_26,d42397f3ca5aa5d233525300f7a803acafa3de4eceab07e106838913c0652410,3306173995,0448,7,01
2025_26,a009548ef1cd4aefa8762d14f3e43d928affd242163f9f3fbfc2ca7f94d7c430,3306173995,0442,8,01
2025_26,c1cb32b4131ca04b24d6978afba8257dbdcaeaa44bacac476447b76bedb2e2c8,3306173995,0443,9,01
2025_26,2e66a6f71652815fe5a551e62767c77769ebdfc8e978525ae9c8055e6326a7f2,3306173995,0446,7,01
2025_26,2e66a6f71652815fe5a551e62767c77769ebdfc8e978525ae9c8055e6326a7f2,3306173995,0448,7,01
2025_26,a10c7519c10305dc5ddfb23ad2e20dd5ff792007e3ee8bb116aa3f907156de86,3306173995,0446,6,01
2025_26,9fda87fd660d386ce9adb61f4876c165c2abdcff7044e5b7604f8579dd766ca3,3306173995,0448,6,01
2025_26,a42315ece951a5f0d39bcfb3425f7e8c23b48f8671883926e49f3dcb93789d9e,3306173995,1710,5,01
2025_26,85637b5b384a6209622bef2375ad3c31cdc94868b271d2912ecb248c28bcee6e,3306173995,0442,6,01
2025_26,33080c2143f96f4f9f6d0f176ef6d1d87a3c61b0cbb6ceb05d67d3cbfce0671a,3306174046,1665001,8,01
2025_26,701f85a2666f7f20918c046d1683f508178c91d254681744fd5536340b0d38d1,3306174046,0653,3,01
2025_26,a93c361f43102379e16c7e4e48c0e7cc3863a05b2e58f0592632b5791da0bf6e,3306174046,1665001,7,01
2025_26,0cf9870fe9fd232ac1e27611a8a4ec5c9cb4dbb87dbdf318aa9859cb88f3ac3d,3306174046,1708001,5,01
2025_26,0cf9870fe9fd232ac1e27611a8a4ec5c9cb4dbb87dbdf318aa9859cb88f3ac3d,3306174046,0655,6,01
2025_26,0cf9870fe9fd232ac1e27611a8a4ec5c9cb4dbb87dbdf318aa9859cb88f3ac3d,3306174046,0653,7,01
2025_26,a87559877bb04d535bdb35adfbc31ba61dafe1d317623db6107544a20fd39369,3306174046,0657s,6,01
2025_26,b62e2f0d9a44280c59ea52b9f938ef252ff323f431ade972979add08b0b783c4,3306174046,0653,10,01
2025_26,b62e2f0d9a44280c59ea52b9f938ef252ff323f431ade972979add08b0b783c4,3306174046,0654,10,01
2025_26,13a5db0c47e6dc1b97e6e4b545ba2a42ef13e0e9040144aca8359463ce78bcf8,3306174046,0657s,7,01
2025_26,118ee637d91088196e5ccb982f9455c5d3a14a0d17b92b7b8435c6ad5f4f1f96,3306172060,1227,9,01
2025_26,118ee637d91088196e5ccb982f9455c5d3a14a0d17b92b7b8435c6ad5f4f1f96,3306172060,1235,7,01
2025_26,73c09fe9cee7a2b51013fc4723575d73584b5177d5088389f595986754cd5304,3306172060,1227,6,01
2025_26,083403937763efa0bf3730e3765044e41a6b8d2da7c174a6dcece6983ba2277f,3306172060,CVOPT,9,01
2025_26,4d221609629a54c2cc889a926875ba0857431f12397b1a54ca04e468fc623b78,3306172060,1227,6,01
2025_26,4d221609629a54c2cc889a926875ba0857431f12397b1a54ca04e468fc623b78,3306172060,1710,7,01
2025_26,5c776c52f2ad140614ec800e3fa5de188a5606700c15cdc0a08bba66a48a17cc,3306172060,CVOPT,8,01
2025_26,5c776c52f2ad140614ec800e3fa5de188a5606700c15cdc0a08bba66a48a17cc,3306172060,1228,7,01
2025_26,8206ce53ba6f91e07c2251815d626c29860cba2a3838e4d76a389a68a5e8ec61,3306172060,1664020,7,01
2025_26,31e50edfbf662ab9e584909431c51b4e7d6deed1e2c74a78061ec9a58c3f47cd,3306172060,1708020,8,01
2025_26,31e50edfbf662ab9e584909431c51b4e7d6deed1e2c74a78061ec9a58c3f47cd,3306172060,1235,6,01
2025_26,e773b48cdd73183ec7055140222e7d2b309dc3275732be2e6d891795be8ce223,3306172060,1228,6,01
2025_26,a973d545d119fd034f5a346c8a5212ac54a7aaf59f97fe0a52de38bcdb2e8b29,3306172060,1710,8,01
2025_26,70d288a37ce05ca78e1eeeda48cc6e8bfe6b57b4560821c59dcfdc660fca2951,3306172060,1228,7,01
2025_26,70d288a37ce05ca78e1eeeda48cc6e8bfe6b57b4560821c59dcfdc660fca2951,3306172060,1234,8,01
2025_26,d132915c261a277711c823ee394868eff73ea7e3b7212aadf7e66da8d9e04c10,3306172060,CVOPT,8,01
2025_26,8f00023f27a98d52ed9a1f1de2bcdc5a1ae71052cebb74e19eea9d92bd02ffbe,3306172060,1227,9,01
2025_26,3d49daba5c4f953c780165526e1b476e90947883e6a50faea53ae70b9149249b,3306172133,CVOPT,5,01
2025_26,3d49daba5c4f953c780165526e1b476e90947883e6a50faea53ae70b9149249b,3306172133,1665020,8,01
2025_26,3d49daba5c4f953c780165526e1b476e90947883e6a50faea53ae70b9149249b,3306172133,0826,6,01
2025_26,326926eb8107ee630b12bf15d71ea51345f7ff33db0f3e9d26a21d129b40a88d,3306172133,0828s,8,01
2025_26,ebc0cc1c1d35a1e5f445c8c563772509a1067e38df2753d2a92f504938a4b1f0,3306172133,1665020,8,01
2025_26,ebc0cc1c1d35a1e5f445c8c563772509a1067e38df2753d2a92f504938a4b1f0,3306172133,0827,6,01
2025_26,8604e649b4230808cacc32cc8cc9b7b57d52446ff659e100169b13d1a500f5bb,3306172133,0827,6,01
2025_26,747fba7693508896e573474d215d7d6c251d9d4d7c121bd14518a76e5ecea2f4,3306172133,0827,7,01
2025_26,4b1f4157d94a8428e3c2239db5596635e28c864de1461cdb75ed48981a0538aa,3306172133,1708020,2,01
2025_26,e6388bf6df50cc83d15525c7b8d9b0b169927ca47da3306cbb5f331f9529a460,3306172133,0825,0,01
2025_26,04b7cfef01e64cfd4b1496b768be2fa88ad1d6be84bfd088c045854f4373fb89,3306172133,1708020,8,01
2025_26,04b7cfef01e64cfd4b1496b768be2fa88ad1d6be84bfd088c045854f4373fb89,3306172133,0827,7,01
2025_26,d99696ac7399f9b7c7d23393943d9c321015b9b768cc1bd628dceb80aad5221d,3306172133,1708020,8,01
2025_26,d99696ac7399f9b7c7d23393943d9c321015b9b768cc1bd628dceb80aad5221d,3306172133,0823,7,01
2025_26,6c6277232e2cc6ec6dcbc11a604eee0f707d2720ff98e52a6b83033f3a50af33,3306172165,1011,5,01
2025_26,7e95db372fc0c37c10ef4dd85070d24ff8731cc0f2de155c73b66d47ad38a1af,3306172165,1109,8,01
2025_26,7e95db372fc0c37c10ef4dd85070d24ff8731cc0f2de155c73b66d47ad38a1af,3306172165,1110,8,01
2025_26,668b543fd712bf0e03cedc4437c8da84271e2312325642dd9e273e19d4615777,3306172165,1008,7,01
2025_26,e1fa5399686a4a29ca1f422357b1509019d4486fb7a00a9c806c933b2cbdee5e,3306172165,1007,7,01
2025_26,9c0fce6f3681dc9cefff66e8b9d82a0a3350fc714cd310c012786a61646f57c5,3306172165,CVOPT,7,01
2025_26,9c0fce6f3681dc9cefff66e8b9d82a0a3350fc714cd310c012786a61646f57c5,3306172165,1110,7,01
2025_26,35bd981afa9407ae8bc274a0955391a7a57f30ac357a6b90d04c85cc7b7cd921,3306172165,1708020,8,01
2025_26,35bd981afa9407ae8bc274a0955391a7a57f30ac357a6b90d04c85cc7b7cd921,3306172165,1009,8,01
2025_26,35bd981afa9407ae8bc274a0955391a7a57f30ac357a6b90d04c85cc7b7cd921,3306172165,1109,9,01
2025_26,40df7244c17d1f35ad1bcb47e3820f87226697e8bbd8d79383bc2cfdf77b0ec5,3306172165,1665020,9,01
2025_26,4351560f508fc11659de5ba50352b6b4e517724a7c3a92d0fd9dbfd7280d6598,3306172165,1009,8,01
2025_26,34a85fa256424c26834edefed25024b96dcf5af2e040dd4ea080cad20a31d45a,3306172165,1007,9,01
2025_26,7aba2cba017da4eeb6bdf9fcde48a949c632972ff8ad40e93c19f3fb9991df10,3306172165,1665020,8,01
2025_26,7aba2cba017da4eeb6bdf9fcde48a949c632972ff8ad40e93c19f3fb9991df10,3306172165,1708020,8,01
2025_26,63b2019f4a54cf6a7ebd381d87fc6396900b930a788c622ba2966ab9a8b0f87d,3306172165,1012s,9,01
2025_26,ce2076990e96d467de48f1c448adc651a05b87e0fa30df4da62902d6a529e516,3306172165,1012s,9,01
2025_26,b22633b0d8057984e3f6c64bdf2ffb4e910d02f6f66f35e26c773dfde01fc2bb,3306172330,1708039,8,01
2025_26,e179147e1e9f1da10690bad75cdd5125980853fc7e17982c06a8267b6fb80907,3306172330,CVOPT,8,01
2025_26,4be6fceacd848015b94864995fe0e2b9f2fdf6bbe183ca66d9d23d607b03ecff,3306172330,CVOPT,7,01
2025_26,4be6fceacd848015b94864995fe0e2b9f2fdf6bbe183ca66d9d23d607b03ecff,3306172330,0400s,8,01
2025_26,ee3e9df092da331541d83c266b944d2c9c5acbce79426e8ab367f935edf6c7fc,3306172330,0399,4,01
2025_26,faefc3940058ed484c2135ec9ef99c0ea8c84ba2ec2831450812dda415015ccf,3306172330,1708039,10,01
2025_26,88564b49001659b85cfebf94a9d42a941d5b83aa3c2475de2432eb9f044ce742,3306172330,0400s,9,01
2025_26,88564b49001659b85cfebf94a9d42a941d5b83aa3c2475de2432eb9f044ce742,3306172330,0397,10,01
2025_26,555a18eb56053d57cd79d35db4decccaa5aa6f83f82f8a903a1aa22320a6484f,3306172330,CVOPT,7,01
2025_26,500af0b47ae2bb32658dc7b3f2f66d16d4b157e29000fa767c9b037d8c4006f2,3306172330,0399,4,01
2025_26,a16786f726e999c32f3eeb7c8571b768f7cf4527885f12fe1cc04e108b4e4474,3306172410,0388s,8,01
2025_26,76d65155e32131fe918a05f2a9d4cc62c868a87ce9e178b4ec650b9299ab935e,3306172410,1708039,5,01
2025_26,76d65155e32131fe918a05f2a9d4cc62c868a87ce9e178b4ec650b9299ab935e,3306172410,CVOPT,7,01
2025_26,76d65155e32131fe918a05f2a9d4cc62c868a87ce9e178b4ec650b9299ab935e,3306172410,0385,6,01
2025_26,21c0f5a5d516830e1efbc81d673d1499f8d9d0a1c9096ed482e67e18ccf0738b,3306172410,0385,7,01
2025_26,73604c4070d76bd0ecd73856b8cd6b9355187e07f9cc8c618cd8d82855418516,3306172410,0388s,7,01
2025_26,73604c4070d76bd0ecd73856b8cd6b9355187e07f9cc8c618cd8d82855418516,3306172410,1665039,9,01
2025_26,b8ab5a108fa0c4ad3521bf8ce05cacece6abcec84c384ae2a9a26934d78abca4,3306170521,028503,7,01
2025_26,9debc5f8bb923c70db668d08a54a20846a9610b4dc47f242e1693d955305a86a,3306170521,028502,5,01
2025_26,9debc5f8bb923c70db668d08a54a20846a9610b4dc47f242e1693d955305a86a,3306170521,028001,8,01
2025_26,4a6c1b4aa3e6d4b955f1be2e111effcb5620c358bdd3df6827aaca03a3b4b02c,3306170521,028503,4,01
2025_26,0f9dee20320920bbbebdb7602636dfc2d8e94b962995f8b29398f820387b67b6,3306170521,028001,7,01
2025_26,0f9dee20320920bbbebdb7602636dfc2d8e94b962995f8b29398f820387b67b6,3306170521,028503,7,01
2025_26,615b8b995f6715768e1c09bca23c6b48cf9ed11e76d5b3864386824d05b3cba2,3306170521,028503,4,01
2025_26,bc63bf21b52db90a0da34d3f79dfa25e1ba82950378031faa3b863b7a8bced18,3306170521,028504,8,01
2025_26,841556b45573535d207de38deb5f147cc2c2c84a44b014bf492e71b270c85314,3306170521,028502,10,01
2025_26,841556b45573535d207de38deb5f147cc2c2c84a44b014bf492e71b270c85314,3306170521,028001,9,01
2025_26,3ead738ae5596b1e8aca6f0a3a3a6f570d1fd7d8e4bd553aea161646401eeef6,3306170521,028503,4,01
2025_26,3ead738ae5596b1e8aca6f0a3a3a6f570d1fd7d8e4bd553aea161646401eeef6,3306170521,028100,5,01
2025_26,09175cfe10609c7b3180410a786533dc00fab4611b34cfda183260b6e472184d,3306170521,028503,7,01
2025_26,04946fba826f68b406956db6c36b6c166c3fc8e2f9072f511d0fa30e058a8bc0,3306170521,028505,8,01
2025_26,a698ce3ab28744588725071882c2f05456b8cc8e9cd251fe8e9696ca04f2c85a,3306170521,028503,8,01
2025_26,d57dc88c994c938482d72c8c646e56918f28603f6190a415326e7291f29974ec,3306170521,028504,9,01
2025_26,8926f9a7a704a09ea3b42a86c9adc638ab072753a1b4f3d39cd3318e08adc6ee,3306170521,028001,1,01
2025_26,8926f9a7a704a09ea3b42a86c9adc638ab072753a1b4f3d39cd3318e08adc6ee,3306170521,028503,4,01
2025_26,c3ddf6ae9243b56f4898c5306eb81b3691b99d1f63a001f94a91af3a729a5874,3306170521,028001,9,01
2025_26,ee46f10a1c817b275f8092b93986aa4da6fa5cb4c1632329c5280944d66b15a5,3306170521,028505,7,01
2025_26,48fc59694cc66c1c8c231f29a2ff8f6bb8db334057ec41bf6d0bf6a6253512fc,3306170521,028505,6,01
2025_26,48fc59694cc66c1c8c231f29a2ff8f6bb8db334057ec41bf6d0bf6a6253512fc,3306170521,028001,9,01
2025_26,7cbda138d8b81070feb23c7616f93d99969784e71aed6ee706b61955d46a05b9,3306170521,028502,7,01
2025_26,0d7c13979908103b1d7d8168996c4238bb04455e573468238311bee7b0f968ba,3306170521,028001,6,01
2025_26,87befead417eaf7598a221e90c22a4d9b8155dae7efdd7d6019f923f186fc82f,3306170521,028502,8,01
2025_26,3b56379f2564a12611733b52398d95ce2b49dd21656ac5d5e3b3ad2a78e9aafc,3306170521,028504,3,01
2025_26,58a78a355a8dc0f8d14cc27d867ee1cf785571b74badcd6c6362f50c12c947b4,3306170521,028100,7,01
2025_26,856f317d08507f0e9cb35c05e55d6b042ecb45325a4a3306e90a1a734d2f2038,3306170521,028502,7,01
2025_26,6b0773ab084b25e49f8fa05f13d74118ea5c34066ac66995f01b42c039986a92,3306170521,028501,0,01
2025_26,17affae56bc36ed22f15f4341dd531cb54bfb15aa6a0ded0bb59f6c0b9b448ca,3306170521,028503,4,01
2025_26,f85195aef3e0186ddeb86a45974480680c5f311636ad524d129228a6dd6fb873,3306170521,028504,7,01
2025_26,3dd58e718a3c96d8b7406e13433c7930bc55c903e747611ec6ead0019ec91ed2,3306170521,028502,8,01
2025_26,bcb816fd50a5ac70ae307d68f8050458cb16a010e2d56ddabba9b6b9ed7a797d,3306170521,028001,7,01
2025_26,bcb816fd50a5ac70ae307d68f8050458cb16a010e2d56ddabba9b6b9ed7a797d,3306170521,028100,8,01
2025_26,630efbe37293d4a53b328df5c5b538bf75a4d6c8553c0f70543fd39f99191daa,3306170521,028504,7,01
2025_26,630efbe37293d4a53b328df5c5b538bf75a4d6c8553c0f70543fd39f99191daa,3306170521,028100,8,01
2025_26,3c5ed9f9fe9713bd422293b8977efe400af102fcba2e9d6302a3260f6303d1cc,3306170521,028100,8,01
2025_26,14b24882d87c7bfa16878f14d8288e45431bfba2dd34f19cb46f3e613f6197f9,3306170521,028504,7,01
2025_26,c7c8882d78fac9cff3ded32f21eb2af5a63a698856d06a4c76294cae4cdb3af1,3306170521,028504,0,01
2025_26,5ef69a60e3e5984c2b2d41c1f71b7dd534c79430bb3018721a34d7a55e18de34,3306170521,028501,1,01
2025_26,968ef9dd599cf571a523a2b4a8d19dfa958650eb7ecfe414568763d94309c789,3306170521,028505,8,01
2025_26,de9c3907f562e486a093626e76795cd34b1dcc3a7e947a97c738e46308bfeaca,3306170521,028504,10,01
2025_26,115f95f994847ad1a62a2cb1fa9ce17f40f39cc4c4b182aebb853810bb938cfb,3306170521,028503,8,01
2025_26,fb649d98f8d2fbfbe7d77989bf9dfd1d090e481b4be1c1739743d905e2a22a96,3306170521,028505,7,01
2025_26,52f04eb409483c6b747ce1a46768dabac3b24a00b55b5a00a56c0fd68376581c,3306170521,028502,8,01
2025_26,34410ec48d67cc6836e5d055b157716c0866ee75ced23f0b3b0ef37d1278f73d,3306170521,028100,9,01
2025_26,016926cd0804d57fe183f553db2ebf142155501abc059e0436729e464f04f409,3306170619,1367,0,01
2025_26,c3c72ad80a61762249e2757d4f3965629c259f74808eb56ebaf9177b74395f9e,3306170619,1369,10,01
2025_26,3b78022f36e9e8bd27b66d3ad21d730880c105a69952d4a13673150a2d73e968,3306170619,0179,4,01
2025_26,baad4bf50eb7612b75945283bb6ae8ceaec189327c73bdaac26839d8c40b9a4a,3306170619,1369,8,01
2025_26,e91ba58c3e7b5dc73bc10817400f1989b4c5aca5eaeeaa0f5e24dcf2a25982d6,3306170619,1367,4,01
2025_26,9ec5811c3c02cbda791ecb3d6745e24a4a06d4f994840e114108177f51e0262b,3306170619,1370,4,01
2025_26,76879a9c2b070ca3e877bb93c604134e0e68e5abd971dbc1a537683aea4004e8,3306170619,1375p,10,01
2025_26,76879a9c2b070ca3e877bb93c604134e0e68e5abd971dbc1a537683aea4004e8,3306170619,1370,4,01
2025_26,3d218338f01dd05245671842b3efcab28d379ba633cee6d960201f547fa1310a,3306170619,1375p,9,01
2025_26,4e29f106ffa263a6061238e3176383841258ab098d5a70d43c58529d77807abd,3306170619,0179,4,01
2025_26,4e29f106ffa263a6061238e3176383841258ab098d5a70d43c58529d77807abd,3306170619,1370,1,01
2025_26,ab7c5e7f3488e631d96d1a47445b5ce803fe312c3c6cae0eb29e2419eb05dbb3,3306170619,1368,7,01
2025_26,4fa9ef0957f74add83671481877809f5fd6d5e2ca6bc74fd5e51f734c6a6c86a,3306170719,1372,0,01
2025_26,577fa898f066a5081c7b314e264d90bac7c5b5bb295b64a6d60e183584cc6b86,3306172484,0177,3,01
2025_26,e53c12bd1cedcd149cf322b6d80b43f41f636bec285583f1d615693c1afb884e,3306172484,0172,9,01
2025_26,bb04a9e420b4e2f2e8b01c8dd56cd689cbfd5c54c457ba20c9229edf8c6c5a2e,3306172484,0181p,5,01
2025_26,3d5145adddab824aed143996a74a489ee218827a6b487acfaf0aa616f788843e,3306172484,0177,0,01
2025_26,001b13a7ccd54646deda0e2336a737d10cb14c55e95f229b72b745a8c1783a8e,3306172484,0179,0,01
2025_26,84123aabb04b3d023251b08ffacfdabf2d45830cd611035c0c30dd79a3d27115,3306172484,0172,6,01
2025_26,179bcb47efa07209af941aa93953a39bf55a67078269246da2014a4f9330fd65,3306172484,0181p,5,01
2025_26,f58e4815da1d286a17a81a170b55a32cee2a18ce312c64203582d53729179865,3306172484,0171,0,01
2025_26,0a72cbedd41d9a956009a377a9f91bdafa4a6797f0d9aa8c3108872360a96a09,3306172484,0177,8,01
2025_26,7dda2189bc542dabd8f58ddda07f80a11dda21c9f8092c5a19a80ab86848efd7,3306172484,0181p,9,01
2025_26,7dda2189bc542dabd8f58ddda07f80a11dda21c9f8092c5a19a80ab86848efd7,3306172484,0171,9,01
2025_26,7dda2189bc542dabd8f58ddda07f80a11dda21c9f8092c5a19a80ab86848efd7,3306172484,0177,6,01
2025_26,7f235497405564ee31daf2af1d273c1a8c261f97aa837250ac5b9116bc9e16bd,3306172484,0172,0,01
2025_26,7f235497405564ee31daf2af1d273c1a8c261f97aa837250ac5b9116bc9e16bd,3306172484,0173,0,01
2025_26,82a326ee68830799e2aa0faa9f5ad9eed20ff04c6bc701ced90fe20dc739b58f,3306172484,0171,4,01
2025_26,04599d524a14501ab7f50c28aedea9d3b0e72f525e5a48c0f6195aa7b7850a5f,3306172332,0179,9,01
2025_26,8afe0981f85cbead344db403e2609811041eadd2ca3066d4d3cbcb29c7e3ae5b,3306172332,1709,0,01
2025_26,b8a88d08af5241709223617befa68e5f0a722d8ead360c6a9d7f2f633bb797f1,3306172332,0400p,8,01
2025_26,b8a88d08af5241709223617befa68e5f0a722d8ead360c6a9d7f2f633bb797f1,3306172332,0173,5,01
2025_26,d0cd6c7e2e4d0ff90e4b4f3db2e4bd1b1dd99be8bd14ca48ca9a875d82d34def,3306172332,0173,9,01
2025_26,05e47021fdac03b363a54fc393073f06fd3736b9f71c0dbb88306ec68b01489a,3306172403,0179,7,01
2025_26,d51601f1bbe2f9f8a53e2af4d57d38468cbb1ce95c7b2a134f1d5b77b6c737cf,3306172403,0172,0,01
2025_26,90664ab00d95b16d0becfb398df3219490a039e16cac828ed6e3cfa63faa61cd,3306172403,0388p,10,01
2025_26,e5a747a73af9fd9b3346afe40b3f408e5ec6a9f3f4d0308c60ac0f4638cfe1bb,3306172403,0179,7,01
2025_26,1fe342b058528873edffbabba05604ceb47e07f139eff186a774d4f414476061,3306172403,0384,5,01
2025_26,eeb1c38aba526b9d8ddbd3a6bbeb34b375896c01f5277a2f845e611f78efca1f,3306172403,0383,10,01
2025_26,cd9cc0164e0ea3df63044883a11048dd28f6bf07413d9fe26d642d097a058e5c,3306172053,1709,7,01
2025_26,c7e1a8c406319d76c7bde0470ed7c5bf40f7165795bd388f4f63532390612c3a,3306172053,1709,7,01
2025_26,9f9afd4aff4e441a8659a752e2d513de54ca75711680dce390dbb0e0e77b1060,3306172053,1232,0,01
2025_26,c79105884bf0d149ad54e2f39ed5bd11955b16febdc482e4ad19ff6a12fe2e09,3306172053,1231,7,01
2025_26,810cff84a829f9703d343e10a7194e15886c6b1f101bbcbf1c5ff121cbd9b5c6,3306172053,1226,7,01
2025_26,810cff84a829f9703d343e10a7194e15886c6b1f101bbcbf1c5ff121cbd9b5c6,3306172053,1231,5,01
2025_26,6ae47c614ea8512e113ea31edd3f499dfe19b6be0af188fd0310554fd1ca7a83,3306172053,1709,6,01
2025_26,b20a171668ba1b9645aec6544170136af26603af65543323dccf7f32d5fde310,3306172053,1233,7,01
2025_26,be5cc20ef1bc14efbe0bf8ef76602b7ed16279d02e9275db381154e3abdcb305,3306172053,1226,4,01
2025_26,eb6187d7c813a5b6801aaf0fc5f593e76072a44fdaa75af7466ac48430fbcc90,3306172053,1709,6,01
2025_26,eb6187d7c813a5b6801aaf0fc5f593e76072a44fdaa75af7466ac48430fbcc90,3306172053,1229,6,01
2025_26,8cd2ea858dcb39a8f88486d677b32f1a26ee2c3fde5e8a13ba175e408c60b67c,3306172053,0156,5,01
2025_26,7477c6e8dc02f6edfe795ed77fa9f5e0cad1b527a473118e85cdde61aad0140a,3306172053,1709,3,01
2025_26,64309deea76882c67e67470ee6fe5cc5b5b37657473ef5208ecd136f208314bd,3306172167,1012p,0,01
2025_26,8ba08d4d675f9d4437fc4107e2bab57cba8b351f28b431ea843efe62ce14706f,3306172167,0931,9,01
2025_26,b3a949d93cc62757a826262789475a485bb2c2bb4699a96e025892263d2d7507,3306172167,1012p,10,01
2025_26,8503dd2f90ef2c543dc75b95d15ccebb4aa1a4301dc1bd615748966ff97def4c,3306172167,0623,6,01
2025_26,8503dd2f90ef2c543dc75b95d15ccebb4aa1a4301dc1bd615748966ff97def4c,3306172167,0930,6,01
2025_26,45dc16b16fc97478054d54ae70fb28f4d615a1ad84f8bb5a4b976189f44f0f14,3306172167,1010,9,01
2025_26,7ba5fec4c68b2ffacc3722aa61739710ef2821f659a389e247a34ac0ec422157,3306172167,0931,5,01
2025_26,0e83d9422f681b71db271c4e1c865b6caf3706498acdd93141c434660df57c12,3306172167,0623,0,01
2025_26,0e83d9422f681b71db271c4e1c865b6caf3706498acdd93141c434660df57c12,3306172167,0931,0,01
2025_26,0e83d9422f681b71db271c4e1c865b6caf3706498acdd93141c434660df57c12,3306172167,1010,0,01
2025_26,f9ce3c9ac0d6ad246a9545012746926a30e1652dd36d0c828c5267e7bb607200,3306172167,0623,4,01
2025_26,ea8a99bacb12d20a4c2b1f615af3ce9e1df3565b0e2091da8ccd7e0a6de608cf,3306172167,0931,9,01
2025_26,8dca4dc6bea430986162073bc80007371e18e6f4d038834884c6d5612251197a,3306172167,0623,4,01
2025_26,5077e07b0b966bda3a785ee57cbf6d66d171a0cc2b32eec3ea267de1ad3af2d7,3306172167,1010,6,01
2025_26,0da8a9f5a321121865e8de88e5399494e3da2b6b2845f1daab8cac313f0314a1,3306172167,0623,6,01
2025_26,90609e821d9a1fc60b1cd740a0309ead357c0011698170695f3f86138e35b5d8,3306172167,0930,4,01
2025_26,f5a30cd1b19b9cfd960d2f23274d2136f5ab4dd49d385de28056862e3171efe7,3306172135,1709,7,01
2025_26,ce16b7b7369d94449728b40c500cd789835d6a31f490474148d5192474d113ee,3306172135,0622,7,01
2025_26,582e5eeebbc710f9f2b91e5ccaf9f0bb23612b2769bc53ef920abfed25d4a8e2,3306172135,0179,4,01
2025_26,f721361d30181ea367549f862721d0b0e50c81a28093f8aa614ab6d0a3b9108b,3306172135,0179,7,01
2025_26,f721361d30181ea367549f862721d0b0e50c81a28093f8aa614ab6d0a3b9108b,3306172135,0623,7,01
2025_26,67418173869781eac2aa4323678d91266792f5efcc6ccb156c04e31feedc923f,3306172135,0627,4,01
2025_26,8863a24e24e14b0539421db06bdc6e8f065d4a3fee02a53867731440d4dfc828,3306172135,0179,7,01
2025_26,904baf7f393d336f2a993b8d9bf69a0b9e9bd5da329689ab1b6eae9cf78301f2,3306172135,0622,8,01
2025_26,56db3247627ae2c8a9f1de02cc22e02ebd36090868de7d525550c741db5e9417,3306172135,0627,7,01
2025_26,926c34c957226b24a955f5dee1f93405dcce4c08b05378e2cf5aab489f97fcd0,3306172135,0625,7,01
2025_26,9d5ad08b4c7fbbd5bea94a48b1cfeffb66ea49c0a332aa6e77151041e753d250,3306169433,243264,9,01
2025_26,0d2e1fb0ff5d9601e51052b895c3963a0bc1b36e6f8c9bba6121881f7556a05b,3306169440,243604,8,01
2025_26,b18d0b2c28c9a31872d0ac28830e8244ba185d0b65c5f14c1d824287cb6458e7,3306169440,243604,7,01
2025_26,b18d0b2c28c9a31872d0ac28830e8244ba185d0b65c5f14c1d824287cb6458e7,3306169440,243271,7,01
2025_26,83b3ddc6c475ad4e220122c9875e12ae30c6292ad905b4883b99e3b188fb0c0b,3306169440,243271,9,01
2025_26,50bc2ab59a2cb5b40f0f12fc4823dba18fcd0b829f288c998980123e22d8089f,3306169440,243602,7,01
2025_26,50bc2ab59a2cb5b40f0f12fc4823dba18fcd0b829f288c998980123e22d8089f,3306169440,243271,6,01
2025_26,a34055c3a568b071a92fb858dc09cd09c5aea1b1b05065076384d42b3c1a7bb2,3306169440,243602,8,01
2025_26,0b5299c8463d52c297a16eff68cffe3260fc48ced964815d9c6b58b8f3f930dc,3306173997,0440,10,01
2025_26,b58f56da5d75edf899391cfcf284f2099a3cc514747f2c0a12ca5b5befa81ecb,3306173997,0437,5,01
2025_26,99a5d5cb53fc49914b4008b394fd079ccb621d29803e1d75287c36e50ad6b5cd,3306173997,0441,5,01
2025_26,c6ae007bba9122296320f13a7a7fccb996ad1ce6d71157ea0fe0b18897debb67,3306173997,0438,9,01
2025_26,dfcb1d155f75b995a872ad71d7f08d559ef8eda53ee1b0a1fa58fee6198f93ad,3306173997,0441,8,01
2025_26,b2b67d5fc8eb6a7be68262b1b2e465d7ef533ee529ba56cd280f0d81c779cfce,3306173997,0437,8,02
2025_26,e46f9bfe68f3772a73907d4ae3733b372567da5a4d86c2bf7bfceabf3a672a26,3306173997,1709,10,01
2025_26,fbc951bcf616da89e5d668aa36dd89c670338ebcb99ee6b51f6d6627976a2a28,3306173997,1709,10,01
2025_26,4e1d1005ebb3119a75fc83fe1c1d4f6e5252b66900315b7631025c6ebe4f4229,3306173997,0439,5,01
2025_26,4e1d1005ebb3119a75fc83fe1c1d4f6e5252b66900315b7631025c6ebe4f4229,3306173997,0440,9,01
2025_26,e4df794ed66bcbaa4291a3db4b9fd4021c002d6f612bc4a76fce2531c16fac32,3306173997,1709,0,01
2025_26,52e1bfd2f4f927e6394669ab0b2b3634c5262fe3d3e6271911ee9da01a024ea4,3306173997,0441,9,01
2025_26,9ec30307478bd2a241b56a78ceda9122197177cd5d3466ec1ed79e82345453e1,3306173997,0439,6,01
2025_26,bde9180c50f31739dc05fad2e9f7b520b0fc35d89def4fbfe56de8b1ac3db3c8,3306173997,0438,7,01
2025_26,2c756c7db5eff09cddc48aee523c3287c5bfe5bc841ca6ca5ac8a8f8be497864,3306173997,0440,8,01
2025_26,3f0fe81c38f6059b7dd17dc43aae33525fedc5fe7110024684a3c08c4f0a7621,3306173997,0156,8,01
2025_26,76976ed4eb017122d705ff8b352d5f6e5da1350dd9e83748f08caab535ef3d23,3306173997,0156,10,01
2025_26,e4993eaf559316a4420008a77be12def37de26dc2aebe9542094625a0d541be7,3306173997,0439,8,01
2025_26,e4993eaf559316a4420008a77be12def37de26dc2aebe9542094625a0d541be7,3306173997,0438,8,01
2025_26,631f426be1c54d8a10cb4eb24239b4f3a8504652ddef0fb451cf5235db7fdabf,3306173997,0156,9,01
2025_26,41eb0f32c27b3f905febcfba70457e735929ce7448a0471e4a205747131d5e9b,3306173997,0441,10,01
2025_26,054db9ff17c33efc2a07172c7e5f1f473d82a4d1dead9b602c3e1bc0c5c4d96f,3306173997,0441,7,01
2025_26,e249af66eb371e7982620386acb6f14199ed7e337f9a3ad9a70fc1df76e5ca98,3306174048,0648,7,01
2025_26,771736b19af40f1e7e48b1f4135322f7b87edecdbe4de4edeb3448c5336bac98,3306174048,1709,4,01
2025_26,38a5625071b65f7c459d5b033b19ead9f5364b6ad238970c71d979131f9520b4,3306174048,1709,2,01
2025_26,77f85ac39e2d5fab2e8009c0c9e49d903e98ed22e293eb565681d9ce0ba511df,3306174048,1709,6,01
2025_26,ef4d79efa0a1b22adac94b2ad2adbcd3edd3092d481749f33ab681f28528d9f1,3306174048,0647,0,01
2025_26,7794bb65492780cde77c03c1db4b8127660777050f463049f98d6917d5ccf34f,3306174048,0179,0,01
2025_26,7794bb65492780cde77c03c1db4b8127660777050f463049f98d6917d5ccf34f,3306174048,0649,0,01
2025_26,bbc414a3f1787dc8d186f0f6c24c58a16cec07a8ffa64d22120bfce27ca64690,3306174048,0179,3,01
2025_26,5e4787813254b45f0e608d765e39d11be2b074ab64742db88cea7a0ec89d7634,3306174048,0648,7,01
2025_26,5e4787813254b45f0e608d765e39d11be2b074ab64742db88cea7a0ec89d7634,3306174048,0647,8,01
2025_26,7f4dcd935b9cd442dbff4911afbe1175635788f67851fba06d2a1b570c12c3b7,3306174048,0651,6,01
2025_26,15915e90212f145d91771a5cb3612a7ca6bdea5ce41847a3f41413256dd5be60,3306174048,0657p,0,01
2025_26,259e3a7e85d42000c0407c0541f1531cffe100dcc14ac66e14085f91f456eddf,3306174048,0647,5,01
2025_26,13f655911354ad375be8ac6c20fea4c2445a327e10c409ec0361f6f9ec0e935f,3306174048,0647,5,01
2025_26,28b9f2465556f037d48935028f3bd1c24740d1afa3b7d5fa28a29473976dcb34,3306174048,0651,5,01
2025_26,8ab6c1228327b705e1790f3232dcb1d9d4aac248cfe99e88c18b4adc5e709823,3306174048,0649,0,01
2025_26,7ace8404accee77e58ff5c84ea986329e54fe9bb2c8af9410689109e91a20e25,3306174048,0650,7,01
2025_26,1e0f85ea446e582d4cae80f18e948a085d531f823c47f394c25c5920a62d09bd,3306174048,0651,9,01
2025_26,1e0f85ea446e582d4cae80f18e948a085d531f823c47f394c25c5920a62d09bd,3306174048,0649,8,01
2025_26,301e23a9e517dd9029a91b326c13fd34a76b173595ee00de976acb07a8da7afa,3306174048,0179,0,01
2025_26,9f411de2a8e07ab41bec90fc6f9b154f0299b14931075f105bcabded76c33d2b,3306174048,0179,0,01
2025_26,994ad8b46d13a4faa4c005ecb20612b1863781a152fe3075dea53ab8becfe528,3306174048,0179,10,01
2025_26,3119a899d1f8adbdb38d33322d64dd0c315d8d78abd92ebaa5994f505f82e1e5,3306174048,0657p,6,01
2025_26,516200967fac07b86bc69c8fefa2f1494fcc6262de2ec9f49e4453104344e2b9,3306174048,1709,7,01
2025_26,516200967fac07b86bc69c8fefa2f1494fcc6262de2ec9f49e4453104344e2b9,3306174048,0649,6,01
2025_26,72427340d156cfa5d3bff484691d891dd082b245d18990f94dc761e6169fd462,3306174048,0650,5,01
2025_26,485d972d86d38409eee2144e1f24953ebfd2a7723c0b2e5f304692cd05304b34,3306174048,0651,7,01
2025_26,0b907759cfddadc2676d686458d1a07c559d890e5b75f33e5aabf29c4e2e351c,3306174048,0650,6,01
2025_26,7c60a1e422fb050fff9fbba3df25064d8f9d4f5c24b47e6741e5f5a207a021e4,3306174048,0179,4,01
2025_26,a9690538725d1bf2c36632a334bb95cb1c3edc1587c6d6773fc81c9a13b35201,3306174048,0650,9,01
2025_26,be76f899a61f28be818aaf201fdbd5648c16322b66276604cead7784af4b3cfd,3306174048,0650,7,01
2025_26,be76f899a61f28be818aaf201fdbd5648c16322b66276604cead7784af4b3cfd,3306174048,0648,9,01
2025_26,be76f899a61f28be818aaf201fdbd5648c16322b66276604cead7784af4b3cfd,3306174048,0649,9,01
2025_26,be76f899a61f28be818aaf201fdbd5648c16322b66276604cead7784af4b3cfd,3306174048,0647,6,01
2025_26,ceda5e23a55c7fcf9c1ea03196e5283903b9690aa300201263c806fedb286716,3306174048,0649,7,01
2025_26,09e345f2240b0daad255f253204d36516bf66b770a9ae8ebcc1e67e936d287cd,3306174048,0649,8,01
2025_26,c0e7999379153e1d269287dc998b1df4027e1e1da7d5b966e779e20909fa148b,3306174048,0651,10,01
2025_26,a7ce7a95f69105dac37ed079edda833e2ea4f6f9a7fe68dc9c624245f0d13f0b,3306174048,0649,9,01
2025_26,19459ec28e22f566c94be0c1367ba1d7387ef0e6a722a7238ed217ae8ac98368,3306174048,0650,7,01
2025_26,23bc8fdaa0b1fd1219b32e0e84d55a77e03cb2a0112629c69420a3230945f215,3306174048,0657p,6,01
2025_26,23bc8fdaa0b1fd1219b32e0e84d55a77e03cb2a0112629c69420a3230945f215,3306174048,0649,7,01
2025_26,5799d2317bc92b24819d419a013c394545c9c567d520a8add895dc8da541f26e,3306169744,0369,6,01
2025_26,d168ac375fa0c9e2fe709a71e25ebcd6569efabad2140cc94550c618be93b324,3306169744,0369,7,01
2025_26,1f5e61236ae478abc64f239a596d73b6770f93f6fd73177b53a8c22ff6d2143a,3306169744,1709,8,01
2025_26,1f5e61236ae478abc64f239a596d73b6770f93f6fd73177b53a8c22ff6d2143a,3306169744,0372,9,01
2025_26,8fc80d74b924c4a325fd136b55d295e906e183a7b86193ef0bd9ece604fdf689,3306169744,0179,9,01
2025_26,2b582d9fbca7b9c82d7db62cbb59d7fc98b49affeec50b05634c274a03e84a83,3306169744,0179,10,01
2025_26,5023e9854aa02b3d436fb00301802c9480cc77bee79c8fab75c6abd4db866733,3306169744,1709,8,01
2025_26,36609aef4e3365e525f60e03085709425ac73d55cf7e05a42254a739d704896f,3306169744,1709,9,01
2025_26,36609aef4e3365e525f60e03085709425ac73d55cf7e05a42254a739d704896f,3306169744,0379p,9,01
2025_26,0fc39efaee8a2b371ffe60942f1f2249f7a85f617d3588228f473dd386b1ec72,3306169744,0371,10,01
2025_26,ca802b7c3cb9249e5845772acef88dc682f7092a20d8923ddf30c2a97f1f6329,3306169744,0371,9,01
2025_26,317609100b6ce9ce4f77583907b1578dc91c2ee01b308678d4125b4fafda3dfd,3306169651,1709,0,01
2025_26,317609100b6ce9ce4f77583907b1578dc91c2ee01b308678d4125b4fafda3dfd,3306169651,0483,0,01
2025_26,574d0f2aeef64bd94edf50eaad27b7fd7a494a5b9e1cb60f4e07d9f5ad1cd238,3306169651,0483,8,01
2025_26,78590b2aa79899c53c39d4d3d5b393f2668afa57332492dec4b1e8607e4e126e,3306169651,1709,6,01
2025_26,78590b2aa79899c53c39d4d3d5b393f2668afa57332492dec4b1e8607e4e126e,3306169651,0616p,8,01
2025_26,669fcbeda710201f5fd11c75e45714326f98f7976a5094020301695e106db8a4,3306169651,1709,7,01
2025_26,81502b77746a7e90a1473731fac1ac48bd5b41016d506ce8b3c940c51cef5c4a,3306169651,0179,8,01
2025_26,110769e651318579ad49bd73a4c3a6439c5245f46c43b401edd87375a3552297,3306169651,0484,8,01
2025_26,08168dc990651d328420c95b8b706de5cbc4643c8b1c182e32637cfad20741c2,3306169651,0483,6,01
2025_26,fccb98ada73c199a1f2c97687fad4157378b5f69f222f8a6090a95df5bf0ae2c,3306169651,0616p,9,01
2025_26,822091bb64610fdffc78ad0538be10601f5c9ca18b1d4a19f08083ac18c8542b,3306169651,0485,6,01
2025_26,a14c29e7f8efe6f3727ad8b5de1f0d53008713a2a4fad89bcd7aa8a8ff70f559,3306169651,0179,10,01
2025_26,a6467a417ee402344cc49c6d8b65a50ed1f44ddd07fdd4fb2d7ef7132099e0f5,3306169651,0616p,0,01
2025_26,a6467a417ee402344cc49c6d8b65a50ed1f44ddd07fdd4fb2d7ef7132099e0f5,3306169651,0373,0,01
2025_26,a6467a417ee402344cc49c6d8b65a50ed1f44ddd07fdd4fb2d7ef7132099e0f5,3306169651,0483,0,01
2025_26,43ce725a46ba0ecb31cfea9b5b6c941c22b9f1b6fecdbaf74454eb1092ac7577,3306169651,0616p,0,01
2025_26,9cbc4b73c84ef49583fa65563958fa766fc9d8e4b6eb67bdb8e3ce36d5ca553f,3306169651,1709,8,01
2025_26,93492738c7c3194e944ef91f483afbccb5e4c091ef5619d676a3413d04d8b87c,3306169651,0373,0,01
2025_26,cb436e2b2c25e07fa227a698a8d0dd50b89dd2f103fdfcae3ef3ebe1a71f04c6,3306169651,0487,9,01
2025_26,3fee0f2d8d9164f6781fddcbcbaa74bac3147f6db473d8e698b6561a72923e56,3306169651,0179,9,01
2025_26,7cae0f896ff36f0012d755afc2d552983e6a4c729486688b34fb3f126e765a4d,3306169651,0484,4,01
2025_26,0fa55fc5fd6a4a78829f6bf58c8a6ed35816130e835d902321d0605dd6b8e18e,3306169651,0485,1,01
2025_26,0fa55fc5fd6a4a78829f6bf58c8a6ed35816130e835d902321d0605dd6b8e18e,3306169651,0483,2,01
2025_26,8eccad113aa249e1ba8e20c6777f7a3ae8bc6fcea1aca1035c4a5671fb26f1e3,3306169651,0485,7,01
2025_26,c9cfbe96940988702f1916e3a0f4629e0876c7bdec39928605df2a5b824d0fef,3306169651,0487,0,01
2025_26,b933641fb3c4cefbaed7a01f1de14a86489da970e304bbedecd45f540943b8c0,3306169651,0373,0,01
2025_26,13556de0742a0121646ee0023958dd986147ff716e5e5d4351f561e5c0bb2a74,3306169651,1709,0,01
2025_26,72c0d318de07d63d810117cd7469da10c37b7e1cd667b92cc219809c97c06227,3306169651,0487,8,01
2025_26,c7ea8347822517daf10bef47363e83b60f2d6fe85c91fdc3e47d5a3170ec2cd3,3306169651,0616p,7,01
2025_26,9ca2f24a566439fa473c9753e02ddaa00b5f6d430bc388726dc4d55ee7283103,3306169651,0484,9,01
2025_26,67c094115b3ab7cc91c12e659538b1896085fc44bba7abd636163028a58e9761,3306169651,0485,0,01
2025_26,ce045cfc530be71fe755bf0a6c018039ddf4d5cb15c342bba6cd8ff4ad4b517b,3306169593,1709,8,01
2025_26,3a352c4ca7ebb651adc14be2851171f73cac5e5575a3389a656cedab1e1080ed,3306169593,0222,0,01
2025_26,a1108d5a0e4be9aef28d4cd6b1eed26cb4f3419d2db69f80714556f0002c1a2a,3306169593,0225,3,01
2025_26,26b36a7a83a944789a57096aa71471ac90c405052886d56b9402d3568883b350,3306169593,1709,0,01
2025_26,c4cfdefbf15b31608a7f20acaa612c6c0a9ef7529baabdb9bff5d3e7c55ad07c,3306169593,0222,9,01
2025_26,c81363532f96ae36b05ff57caee1cb92d4d3cb609cebb21a6f77f2540feefcc0,3306169593,0156,6,01
2025_26,564fdfb0dbed48f2553890b73f56423148084a5bd88d27fe0186a496b854acd8,3306169593,0225,0,01
2025_26,517882b129db5b3576f788d07cfc20cb6ceddc08d55560d5ba72c532776a994d,3306169593,0223,0,01
2025_26,517882b129db5b3576f788d07cfc20cb6ceddc08d55560d5ba72c532776a994d,3306169593,0156,0,01
2025_26,8707cf4a6dec03839ba36735135394a9e15d03a2cac3d198c8ff2fb26c164f84,3306169593,0225,6,01
2025_26,c7a50cc1a1886bf65a913f00dec28cdf0671eb7e8aea86b65f8d79aea888a0b8,3306169593,0222,7,01
2025_26,c270cf51d7021e5c3ea3a7c80cf0fef3cbad0a9da2d1f22995130e508b6848c1,3306169593,0156,8,01
2025_26,cd9202b902344af3cd5daba1a6e1e37eef41360625e68f20131a8f2d1243bd3a,3306169593,1709,4,01
2025_26,2bfad9fb4060ebe95778a54325e7a3f292d8b3d084ce9df6356159be81de583c,3306169593,0225,10,01
2025_26,85f988e9688efa19474841a092c5c32195d3a0fa497fc1cc31df3c92b1a78bbd,3306169593,1709,5,01
2025_26,c27b5f405a4d1b07c527961e9cdf96bf53903e11ca227c731b6ad81d9eea27ae,3306169593,0225,4,01
2025_26,b2666dbaef1c64e54dea760df64e057594880a6647a7ea6f5b85923c0b0a3d57,3306169593,0222,7,01
2025_26,4a47d64c52b62c0b4f2f60da7e06c934b57a329ff716509c44a9f28a4c9fb86c,3306169593,1709,8,01
2025_26,4a47d64c52b62c0b4f2f60da7e06c934b57a329ff716509c44a9f28a4c9fb86c,3306169593,0225,7,01
2025_26,4a47d64c52b62c0b4f2f60da7e06c934b57a329ff716509c44a9f28a4c9fb86c,3306169593,0221,8,01
2025_26,e77c8c1e2a36c0ef1cdce060bf606dd2b5f56eca95b6bc06ed13d043ebb2e16f,3306169593,0223,9,01
2025_26,397620bbb61beef4fc5682dbe236e1b07f50b459709b28ae7a901be909410374,3306169591,0228,7,01
2025_26,3c9480648c862cce6802c831efd1c1660c993c26fd1dd6074fb64e269a276553,3306169591,0224,10,01
2025_26,1e42ada0b2318cf8bc4389f9dc81952b5494142aca0971d0c524e20bea7461a2,3306169591,0228,3,01
2025_26,55065ac001cc44138a2be476c6f71a186d58c7e63b673c5d634a4ccf6cba9fea,3306169591,0228,10,01
2025_26,6b8553049bad85c165181a7a09dbef3bf8a9f818ef899b9060bd4a1071bdead9,3306169591,0224,3,01
2025_26,3a111abf1a7a21bf577200ea113d05c9edf3025035dfa4bf9b7e8f0a8998526c,3306169591,0228,9,01
2025_26,f9e6a2cc80aafe38b3543b1e81ca59e44e8bb707a5b2f29a87758354d3ffda01,3306169591,1708190,8,01
2025_26,f9e6a2cc80aafe38b3543b1e81ca59e44e8bb707a5b2f29a87758354d3ffda01,3306169591,1664190,8,01
2025_26,37356441705934396fa0c885fb1428aea26ccabe8285a5b2576f8de81897e733,3306169591,1664190,1,01
2025_26,1a487e080b7e34f09ed31a18d39ba6a382a8112a21ea90683035a187bf7a85c4,3306169751,0378,10,01
2025_26,2f3b973e2c58e5e89b6cf7408df34a45b0a3182aa3ec727bdb0d513622a443d6,3306169751,0379s,10,01
2025_26,f6c302768e0468951fe73d905bfa4ed345d8158b6735ac696cdd997dffa0f26a,3306169751,1665190,7,01
2025_26,f6c302768e0468951fe73d905bfa4ed345d8158b6735ac696cdd997dffa0f26a,3306169751,0377,7,01
2025_26,998ed5c5da662f7d54122066b719c193b194034411a7a88d8b3f7c0a5fc5849e,3306169751,1708190,8,01
2025_26,5872c3e58784ceb438cc562ea71874e41536dc38240bd7045fbef87586fae298,3306169751,0375,7,01
2025_26,c48ad409c59015dfd30e638356dd68478c1929dade8718ef91de07eb96302ef5,3306169751,0375,2,01
2025_26,f1520e95b298e1cc0b3942f1f72175760424a5ea017a91c29ed982bbe1cde3b4,3306169751,0376,8,01
2025_26,7dcd35216c81d13e79e914b6181c0f7084d693b45ac5fd704dc0c28f02a4291c,3306169751,0375,1,01
2025_26,74747ce230305dbeef72ba2d2bc98e74e9436abdb3b40fdb5c1d0f0d7714457a,3306169751,0379s,8,01
2025_26,74747ce230305dbeef72ba2d2bc98e74e9436abdb3b40fdb5c1d0f0d7714457a,3306169751,0377,4,01
2025_26,fdec83d934356de77e279025a07ea734bc2d5ae4269315aa4ef56bba6613e1e5,3306169751,CVOPT,10,01
2025_26,d3f405665eac5f3802415539fa1deabe78f41dce1e5fdb28f34a6f13845ea53f,3306169751,CVOPT,9,01
2025_26,d3f405665eac5f3802415539fa1deabe78f41dce1e5fdb28f34a6f13845ea53f,3306169751,0379s,8,01
2025_26,d3f405665eac5f3802415539fa1deabe78f41dce1e5fdb28f34a6f13845ea53f,3306169751,0376,6,01
2025_26,6c6c08962698faf434d13596a2f4fa9b83d0800492f2c7f3d0ab5b67368f3fc7,3306169751,0374,8,01
2025_26,a93690df50d8d2e69d1d2d81076dea3a80165cd43a1b171526b4b50e61d3af71,3306169751,1708190,10,01
2025_26,a93690df50d8d2e69d1d2d81076dea3a80165cd43a1b171526b4b50e61d3af71,3306169751,0374,4,01
2025_26,18b4aa34646e373e0d227c0db5d8e42992ae5fc0b477267e9f38fc6fa0db5afd,3306169751,0378,8,01
2025_26,6569a81d2cb8baf0f76c2f36b1318d216b9a052f89fa5416620bb0df30996500,3306169751,1665190,9,01
2025_26,b4762867c3406253055e231d10983787abce3b2952fe6c121446ab0feec5a447,3306169658,0616s,0,01
2025_26,56123c5daf65aff67ba55ae7d2bb9a58bddfb5a0e0e07b1fed49efdfcf208a75,3306169658,1710,9,01
2025_26,ff28efbf05517539507a63494d128f20d746c5353d6bdb0abc951b0d7c259521,3306169658,0616s,5,01
2025_26,ff28efbf05517539507a63494d128f20d746c5353d6bdb0abc951b0d7c259521,3306169658,0615,2,01
2025_26,d0a0fa4a3759fddb967ad99422e20c543e10b4402ac1ca77926fb36686eeb146,3306169658,1708190,10,01
2025_26,d0a0fa4a3759fddb967ad99422e20c543e10b4402ac1ca77926fb36686eeb146,3306169658,CVOPT,6,01
2025_26,d0a0fa4a3759fddb967ad99422e20c543e10b4402ac1ca77926fb36686eeb146,3306169658,0616s,8,01
2025_26,d0a0fa4a3759fddb967ad99422e20c543e10b4402ac1ca77926fb36686eeb146,3306169658,0612,4,01
2025_26,7583f648a5c0fe3aac388c64097ed996e8f085163d129b68572ca9035f215d7a,3306169658,0615,9,01
2025_26,bebbe6728733d38d65a0d2bf234b8573ea9a2a7b3cb15d4ff31f3251cb00e76a,3306169658,0616s,6,01
2025_26,bebbe6728733d38d65a0d2bf234b8573ea9a2a7b3cb15d4ff31f3251cb00e76a,3306169658,0612,10,01
2025_26,fbfbe620a8c50c0bc4429c8c551777c8e8e99a1d69981d4240195ce9da3f878b,3306169658,0614,4,01
2025_26,336869d5e562b49cf02518e0800cb658d19a9c575633794e430bbf954f943a6c,3306169658,0616s,6,01
2025_26,bdfb2d3f06a43a86401824ba6d87e4be999170c50364f06ba0a5a7ea8f910f3c,3306169658,1665190,10,01
2025_26,2d0c3145df52a0dd7aa0877b406d3de0f9e0092a8c4b5d22480b936ab498b7e2,3306169658,1708190,8,01
2025_26,2d0c3145df52a0dd7aa0877b406d3de0f9e0092a8c4b5d22480b936ab498b7e2,3306169658,0612,2,01
2025_26,c70c4641d8b02f785948ceca733032a6946d0c2e7a7047fac9af48fc3c868792,3306169658,0613,4,01
2025_26,d67b23354ef222838b79cb1a20689af26e9dc5402c84a97ebae5825a157142ad,3306170617,1372,8,01
2025_26,c7b9e230aa6a79929c8d84c945acee0cabdeefc73fd5513684b11397eced637a,3306170617,1372,4,01
2025_26,bad52ec410ef9ce0051f70ec5c38daf52646cb8007be67b3fe41a946a1fca973,3306170617,1371,9,01
2025_26,3f037844a9647d20e5f72d1fa8d954c918b3db8d2106c9866757a01d41f5954b,3306170617,CVOPT,10,01
2025_26,ce94958738da932e7d31a5c46ecc4771b1fc0dd2b39101fb2a5bfd35bf3b1364,3306170617,1371,8,01
2025_26,480f035055bab83a61c75c92b1c99e6aa96c062d7d31eaefcad185787faf0a82,3306170617,1374,8,01
2025_26,1076a7e61a8af788675b68090326b12080a81f374eb459f011aaded8b5ba9a50,3306170617,1665061,9,01
2025_26,ba8f7ea03669b6f608dd446d6e1b60983b93b3d6aea2ea4e17b6b43b25236914,3306170617,1372,6,01
2025_26,cb75aa59969b33eb3565b054b705aa6d51301fa2ad2b215b6e327a5198841d4a,3306170617,CVOPT,10,01
2025_26,cb75aa59969b33eb3565b054b705aa6d51301fa2ad2b215b6e327a5198841d4a,3306170617,1375s,5,01
2025_26,df514e09fa707c221ba8573c11454fdce911dba3441ca71c615437c130d6defe,3306170617,1708061,10,01
2025_26,0c2c743c07cbe87db69ef4db3ab14970b0f4b4767a386f28bd5e10343f363c75,3306170617,1708061,10,01
2025_26,6de184a5bc9a3b92f574c417b403db4a28e0b17da98b466a0a8b93f416cc50d5,3306170617,1373,9,01
2025_26,f1a7a595289c28e8614c14feaded8bf8242c3e102a4fc8006cdc584d23b63952,3306170617,1708061,10,01
2025_26,f1a7a595289c28e8614c14feaded8bf8242c3e102a4fc8006cdc584d23b63952,3306170617,1372,4,01
2025_26,00cd633df05eb2b09eba521d31d4fb6c94bbc7c3e9669029562055d710110496,3306170617,1371,9,01
2025_26,6bb7bd00e07a53a2f63df6d28f6a2fd6c0f1d718e082f327a8b217df7ead3d9e,3306170617,1371,7,01
2025_26,6bb7bd00e07a53a2f63df6d28f6a2fd6c0f1d718e082f327a8b217df7ead3d9e,3306170617,1710,8,01
2025_26,39a89a30f732b388e13374e4bc0ce3513b48c5c6aeff625b7cb6bcee02478af1,3306170617,CVOPT,9,01
2025_26,39a89a30f732b388e13374e4bc0ce3513b48c5c6aeff625b7cb6bcee02478af1,3306170617,1375s,5,01
2025_26,e8486e1a2d14386349a57a043fa682d617eb229cdc6554d1268e98c1e57caf52,3306170617,1708061,10,01
2025_26,7657e190bfe788ddf76b72b85bbd8aff95ddf3d13a88174b780436cb66a28822,3306170617,1665061,9,01
2025_26,7657e190bfe788ddf76b72b85bbd8aff95ddf3d13a88174b780436cb66a28822,3306170617,CVOPT,7,01
2025_26,61e300eba18f2733f3f16bdc0e87d76436a89025a49824fc244023643b740b3f,3306170617,1375s,9,01
2025_26,fbda2d29ae9b0ce147516fb74b0142f6396f10151ea62a475d529314f462d40a,3306170617,1375s,0,01
2025_26,12c88ccd3604c160e06b29326cd06a27f76e3d6434bdf6dea1d9ab2c9a54513a,3306173995,1713472,7,01
2025_26,38e75f70c8cfb37616f566aa5b06524ce35ae0d2a881f05bc2bda34de5d9f69d,3306173995,0442,8,01
2025_26,d42397f3ca5aa5d233525300f7a803acafa3de4eceab07e106838913c0652410,3306173995,1664001,9,01
2025_26,b39d3e2225b94e54b2c7b93c071ae0b0e318488da8e38a37001fb5f90221cc57,3306173995,1713472,8,01
2025_26,979c7209c849880e6f2b7e0f6911df426fc58b5e59d839dfb4662284193ac960,3306173995,1713472,7,01
2025_26,a10c7519c10305dc5ddfb23ad2e20dd5ff792007e3ee8bb116aa3f907156de86,3306173995,1664001,10,01
2025_26,4e6a9ddf2a03b43755f14b59e9664e7b0e7f9703c0d40a6163564efeb033070d,3306173995,1713472,7,01
2025_26,85637b5b384a6209622bef2375ad3c31cdc94868b271d2912ecb248c28bcee6e,3306173995,1664001,7,01
2025_26,46ac30514bdb0b402d69df73aa8ed80ab47502f9256e303177696d988e40ee14,3306174046,1665001,7,01
2025_26,4d933911ec67fab83b1ff1b5dadac814e1ae898a283e160cc491fbd342971b45,3306174046,0652,5,01
2025_26,e33706626d3e37c5c20e9f08e01388fdbf20f89aeb32b784039f9d3b788de7d9,3306174046,0653,2,01
2025_26,701f85a2666f7f20918c046d1683f508178c91d254681744fd5536340b0d38d1,3306174046,CVOPT,9,01
2025_26,4432d120bcfaec86e2c4f8b58860122c3892c5d3bbeb68b6816e87afb1750aba,3306174046,1710,5,01
2025_26,9b4203abce2e19bec55c83f8c1e84d1ba0ae742e8ebc17190a0e27b8faab512d,3306174046,0657s,6,01
2025_26,9b4203abce2e19bec55c83f8c1e84d1ba0ae742e8ebc17190a0e27b8faab512d,3306174046,1665001,8,01
2025_26,a87559877bb04d535bdb35adfbc31ba61dafe1d317623db6107544a20fd39369,3306174046,0652,4,01
2025_26,252a32167aa02f42e9280f38270f85fa5aab05a829285d000cf47baa6ffee1b7,3306174046,CVOPT,9,01
2025_26,dc93dfb5a07fda1fbac7e3234b177154239f1b9a8217682337b1e493ae53a436,3306174046,1665001,6,01
2025_26,2012af3d9f00b60bfe2d9bab1d99339d1f5c96656f2243a15c2a16fd6c93d2c2,3306174046,0657s,7,01
2025_26,55d28cef7f2bf8ca567bbe12e527991798dafae748be04611c3fd59bd33d420b,3306172060,1234,7,01
2025_26,73c09fe9cee7a2b51013fc4723575d73584b5177d5088389f595986754cd5304,3306172060,1664020,5,01
2025_26,c9ef752d08cc60dce5011bbde18c7ff045ab7c63736b8ce9ffbbfa6c568e0e51,3306172060,1235,7,01
2025_26,4d221609629a54c2cc889a926875ba0857431f12397b1a54ca04e468fc623b78,3306172060,1664020,5,01
2025_26,9d8befe021a31ed9d6639e6b6dc77d0541ca338e8e032e9137947eb6e5632efa,3306172060,CVOPT,8,01
2025_26,8206ce53ba6f91e07c2251815d626c29860cba2a3838e4d76a389a68a5e8ec61,3306172060,CVOPT,9,01
2025_26,776d572764ff42c9157da1eb15e1df4ea0d1f080a43d821bd85c4a456b2ae47f,3306172060,1713925,7,01
2025_26,776d572764ff42c9157da1eb15e1df4ea0d1f080a43d821bd85c4a456b2ae47f,3306172060,1235,7,01
2025_26,e773b48cdd73183ec7055140222e7d2b309dc3275732be2e6d891795be8ce223,3306172060,1234,8,01
2025_26,e773b48cdd73183ec7055140222e7d2b309dc3275732be2e6d891795be8ce223,3306172060,1710,7,01
2025_26,8f00023f27a98d52ed9a1f1de2bcdc5a1ae71052cebb74e19eea9d92bd02ffbe,3306172060,1710,8,01
2025_26,6e8a2bf0a06ba8011fb9654d9e95ab9f4bedc01519a234d06a5b692f31023915,3306172060,1234,7,01
2025_26,2867126a6247e3d096289dfce8876bf5da64c50ecc7e17b582743249b56c38ee,3306172133,0828s,9,01
2025_26,3d49daba5c4f953c780165526e1b476e90947883e6a50faea53ae70b9149249b,3306172133,0828s,8,01
2025_26,326926eb8107ee630b12bf15d71ea51345f7ff33db0f3e9d26a21d129b40a88d,3306172133,0826,7,01
2025_26,8604e649b4230808cacc32cc8cc9b7b57d52446ff659e100169b13d1a500f5bb,3306172133,0828s,7,01
2025_26,b6946ff8d85eee2504e1044d1faa355bd5549eff5f2d318025b581ad6be24ed4,3306172133,0826,8,01
2025_26,747fba7693508896e573474d215d7d6c251d9d4d7c121bd14518a76e5ecea2f4,3306172133,0826,8,01
2025_26,04b7cfef01e64cfd4b1496b768be2fa88ad1d6be84bfd088c045854f4373fb89,3306172133,0828s,8,01
2025_26,d99696ac7399f9b7c7d23393943d9c321015b9b768cc1bd628dceb80aad5221d,3306172133,0825,8,01
2025_26,4da51a862191fa00559c5883592b1b7ed8c8075bf9349428067e86fe1a991f05,3306172133,0825,8,01
2025_26,4da51a862191fa00559c5883592b1b7ed8c8075bf9349428067e86fe1a991f05,3306172133,0826,7,01
2025_26,c6ee0034b9360ccb04b98189b17fb0de020e3a845b447db574339de434c7e4e2,3306172165,CVOPT,7,01
2025_26,fd877dc1c7b93c8c06a462d2eff37378191c79b52a50cfc0cec21d0c4d29b22c,3306172165,1008,4,01
2025_26,80898bbf3c16081e89b78ffee53f978b5595d335fe9470dd35aa11379763ac28,3306172165,1007,8,01
2025_26,80898bbf3c16081e89b78ffee53f978b5595d335fe9470dd35aa11379763ac28,3306172165,1009,8,01
2025_26,668b543fd712bf0e03cedc4437c8da84271e2312325642dd9e273e19d4615777,3306172165,1012s,9,01
2025_26,668b543fd712bf0e03cedc4437c8da84271e2312325642dd9e273e19d4615777,3306172165,1710,8,01
2025_26,e1fa5399686a4a29ca1f422357b1509019d4486fb7a00a9c806c933b2cbdee5e,3306172165,1012s,7,01
2025_26,9c0fce6f3681dc9cefff66e8b9d82a0a3350fc714cd310c012786a61646f57c5,3306172165,1008,4,01
2025_26,9c0fce6f3681dc9cefff66e8b9d82a0a3350fc714cd310c012786a61646f57c5,3306172165,1009,8,01
2025_26,40df7244c17d1f35ad1bcb47e3820f87226697e8bbd8d79383bc2cfdf77b0ec5,3306172165,1011,7,01
2025_26,4351560f508fc11659de5ba50352b6b4e517724a7c3a92d0fd9dbfd7280d6598,3306172165,1012s,6,01
2025_26,4351560f508fc11659de5ba50352b6b4e517724a7c3a92d0fd9dbfd7280d6598,3306172165,1665020,8,01
2025_26,4d204e60470d5745757c8ab5cafe9a98db40cf0a77d53be827b92adc4639c0ad,3306172165,CVOPT,7,01
2025_26,c646a2df3c29b8de72b91dfdb20afda82fa2563ccea2144990a2d6f67cac2d36,3306172165,1110,8,01
2025_26,53844a0401518f4786913feb68c71d156d8f4fcbf6b1030a97d73a6e86aa41af,3306172165,1007,8,01
2025_26,ce2076990e96d467de48f1c448adc651a05b87e0fa30df4da62902d6a529e516,3306172165,CVOPT,9,01
2025_26,ce2076990e96d467de48f1c448adc651a05b87e0fa30df4da62902d6a529e516,3306172165,1665020,8,01
2025_26,858a01846ac6f7b808cbd6d6f4557f51b9030d59cd6e0b22a7706248dfcdcd55,3306172165,1710,8,01
2025_26,5f21b0db1be9a82ec2eed40399a3b24051ea1cdb4ad448ccf3922ab9fb84178b,3306172165,1110,8,01
2025_26,3beca415d97ec131dbfe58cf1385051ef098d8339096fdddd5f19d0432a5a3ed,3306172330,1708039,10,01
2025_26,b22633b0d8057984e3f6c64bdf2ffb4e910d02f6f66f35e26c773dfde01fc2bb,3306172330,0400s,9,01
2025_26,e179147e1e9f1da10690bad75cdd5125980853fc7e17982c06a8267b6fb80907,3306172330,1665039,10,01
2025_26,e179147e1e9f1da10690bad75cdd5125980853fc7e17982c06a8267b6fb80907,3306172330,0397,10,01
2025_26,3b1455c37be7ad0cbba16c0a68a84c732314dcd193bc4c290c72d3a53dbfa370,3306172330,0397,4,01
2025_26,66eedee21f82a34060ae90994886def7ed10f96e2847bfe2bf1c8e563fd69849,3306172330,0399,7,01
2025_26,f4f6a647f626144044314a4101b8beeac8600537e08407bbe17ea15514ceaeda,3306172330,0400s,8,01
2025_26,f4f6a647f626144044314a4101b8beeac8600537e08407bbe17ea15514ceaeda,3306172330,1665039,8,01
2025_26,f4f6a647f626144044314a4101b8beeac8600537e08407bbe17ea15514ceaeda,3306172330,0180,8,01
2025_26,ee3e9df092da331541d83c266b944d2c9c5acbce79426e8ab367f935edf6c7fc,3306172330,0180,7,01
2025_26,faefc3940058ed484c2135ec9ef99c0ea8c84ba2ec2831450812dda415015ccf,3306172330,CVOPT,8,01
2025_26,5b552cc9e92c004054eab2aaf9286d412df9c39919f6f980371192bd0b400192,3306172330,0400s,6,01
2025_26,5b552cc9e92c004054eab2aaf9286d412df9c39919f6f980371192bd0b400192,3306172330,0180,4,01
2025_26,88564b49001659b85cfebf94a9d42a941d5b83aa3c2475de2432eb9f044ce742,3306172330,0398,9,01
2025_26,fad603f0e64f8d13d486e50e07c7988627f53b2d9be9212b1123f1362ec93901,3306172330,1665039,10,01
2025_26,5ff5e9da59f37d39dd6a7ee95cdf639bad5bae0e77ede5c1cdbf45a7e531b3a7,3306172330,0180,9,01
2025_26,c73bed8dd2bb5ad1102d3ab77c54d4ad4f1d32ace3fd9cca9f9139194cc08c80,3306172330,0397,4,01
2025_26,dc5939cc7312ae42f5413593ef2fc78f9613c7b37df39b22ba0ef86979c7ef90,3306172482,CVOPT,9,01
2025_26,dc5939cc7312ae42f5413593ef2fc78f9613c7b37df39b22ba0ef86979c7ef90,3306172482,1710,9,01
2025_26,153ceff39f1d07c4a91c56738c822cb378b29b87cc3e7b5778bfe87078585b1b,3306172482,0176,6,01
2025_26,a16786f726e999c32f3eeb7c8571b768f7cf4527885f12fe1cc04e108b4e4474,3306172410,1665039,9,01
2025_26,5eb561428ece52d4d029369904d44732faf5a12da6093086ea923b8adf461a86,3306172410,1708039,6,01
2025_26,109e2f4131443cb7c6ed2280187dbbb24a6d42e28648d3beed6c8b15109cd446,3306172410,CVOPT,9,01
2025_26,109e2f4131443cb7c6ed2280187dbbb24a6d42e28648d3beed6c8b15109cd446,3306172410,1665039,9,01
2025_26,6b0ede0d0b600169c8f6d3c4c052c571f3c113382679d872bcdb5aaf057a445b,3306172410,1665039,8,01
2025_26,6b0ede0d0b600169c8f6d3c4c052c571f3c113382679d872bcdb5aaf057a445b,3306172410,0387,8,01
2025_26,76d65155e32131fe918a05f2a9d4cc62c868a87ce9e178b4ec650b9299ab935e,3306172410,1710,4,01
2025_26,40d9855a94024647711d015af41f94c65763daa4803ceb1058761ed056688465,3306172410,1708039,6,01
2025_26,40d9855a94024647711d015af41f94c65763daa4803ceb1058761ed056688465,3306172410,0385,7,01
2025_26,40d9855a94024647711d015af41f94c65763daa4803ceb1058761ed056688465,3306172410,0387,5,01
2025_26,b8ab5a108fa0c4ad3521bf8ce05cacece6abcec84c384ae2a9a26934d78abca4,3306170521,028502,9,01
2025_26,b8ab5a108fa0c4ad3521bf8ce05cacece6abcec84c384ae2a9a26934d78abca4,3306170521,028001,10,01
2025_26,5ac34ee7e62bdd1b65552dc909caeb1a0ac0af27df4f603ddc212d3b55eeff9b,3306170521,028504,0,01
2025_26,68e8627c95cd42030041963a7d9d433adacb452f566a5bdfac060ea714ffdc00,3306170521,028502,4,01
2025_26,48b73079c4660ac35b1e4638cc1950b62d85c757cfeaa52f18094bcfcc5adfdc,3306170521,028504,6,01
2025_26,7db971b21cf92c7681b1a9d04220b8b08bd1d2f48585bd60dfe0f4d239864a73,3306170521,028100,0,01
2025_26,3ed99de57e81f09b735ad0226098bffd3afca7f17948499b3c3a1917b233cb52,3306170521,028001,7,01
2025_26,2e06046b74a2c57560d32df9bf3703df877f19cdc3c310f810f2fa86acf7fc9c,3306170521,028504,0,01
2025_26,3ead738ae5596b1e8aca6f0a3a3a6f570d1fd7d8e4bd553aea161646401eeef6,3306170521,028504,3,01
2025_26,039c961773bf793190f5162ea33ef2ba5454d352c597f35f248579c0f9231c06,3306170521,028503,4,01
2025_26,039c961773bf793190f5162ea33ef2ba5454d352c597f35f248579c0f9231c06,3306170521,028100,8,01
2025_26,04946fba826f68b406956db6c36b6c166c3fc8e2f9072f511d0fa30e058a8bc0,3306170521,028001,9,01
2025_26,cb2f3622fd46e5a188a70951f1a0a4f1667d5b798042e4adb17bb3dd225b52ca,3306170521,028501,2,01
2025_26,49c5799d463b0f152bf30315f8361d2607edfb1792c416d0da1df4b6bd3513ec,3306170521,028501,9,01
2025_26,48fc59694cc66c1c8c231f29a2ff8f6bb8db334057ec41bf6d0bf6a6253512fc,3306170521,028100,10,01
2025_26,0d7c13979908103b1d7d8168996c4238bb04455e573468238311bee7b0f968ba,3306170521,028505,0,01
2025_26,8ac3d28bd9c47a5ef9902a0e8591a636026398954c8df7c6447c9a6da3957933,3306170521,028501,7,01
2025_26,cd303b5315bcf55b62bc9b9c50354fdd57acedbcd7f92ef113c80d34bd91b126,3306170521,028502,7,01
2025_26,cd303b5315bcf55b62bc9b9c50354fdd57acedbcd7f92ef113c80d34bd91b126,3306170521,028501,7,01
2025_26,3dd58e718a3c96d8b7406e13433c7930bc55c903e747611ec6ead0019ec91ed2,3306170521,028505,7,01
2025_26,6f256302cdd343707fc316fa23446b41376fe3a8c5fd0e87d4b9c57f18c7d276,3306170521,028100,0,01
2025_26,3bedc53d2b1eeba0ff31d994b18cb626e2818a1dc482c4ac9cb06fc5656634aa,3306170521,028504,4,01
2025_26,5ef69a60e3e5984c2b2d41c1f71b7dd534c79430bb3018721a34d7a55e18de34,3306170521,028502,4,01
2025_26,4486ef00404e429fa2c560439e38fbe5a072a62cd7a238c792b13e4b9404cf1b,3306170521,028503,7,01
2025_26,98d9213f705ab8b2f6291e2c25c5af23def7f55fc899f5dd9b65c84ad120f603,3306170521,028503,7,01
2025_26,ca03206a8dad5dd2b6df8a0bb98585f35760d99e43ceb6167fd475fb2e220265,3306170521,028001,0,01
2025_26,32b5edd5bee9739a8eef7108b9520ce97700e6e5903af79e36fa964db42951c4,3306170521,028503,8,01
2025_26,32b5edd5bee9739a8eef7108b9520ce97700e6e5903af79e36fa964db42951c4,3306170521,028501,9,01
2025_26,d3baf49f1de65e68ceb8817093bad0208535f89e4d95e280474673f798b79600,3306170619,1709,10,01
2025_26,60e059d1bc54474f161f98d265058e7a446fdcc442a605f9e1352eb7b242bb93,3306170619,1709,7,01
2025_26,60e059d1bc54474f161f98d265058e7a446fdcc442a605f9e1352eb7b242bb93,3306170619,1375p,10,01
2025_26,1831a86e23110dcc1146c78f19153573b9f9e7d93dc918316085362c1a7c4897,3306170619,1370,0,01
2025_26,9fb25e1f84e010fd8b6e824897ec650a9ea122abf5675d5712c8ad7904f0683c,3306170619,0179,7,01
2025_26,9fb25e1f84e010fd8b6e824897ec650a9ea122abf5675d5712c8ad7904f0683c,3306170619,1370,7,01
2025_26,9fb25e1f84e010fd8b6e824897ec650a9ea122abf5675d5712c8ad7904f0683c,3306170619,1368,7,01
2025_26,66cc2865d265da3972b1dc1a69e32dafe2573e5de96ffe4be3a2432fc1e21b0c,3306170619,1375p,9,01
2025_26,66cc2865d265da3972b1dc1a69e32dafe2573e5de96ffe4be3a2432fc1e21b0c,3306170619,1369,7,01
2025_26,0d5b5b2d036d44955d1754f745ec7d3776ab024adc77a6794fd0ce6221ad57f3,3306170619,1709,6,01
2025_26,0d5b5b2d036d44955d1754f745ec7d3776ab024adc77a6794fd0ce6221ad57f3,3306170619,1375p,9,01
2025_26,a8d5c798d9df6cdb225f912cf13d48431b439055f6045394455c0cd3db915ffa,3306170619,1375p,10,01
2025_26,33c6e4c027f63adb60292d14cbde392baa44d6704eb1a1dca58e64b58ad4e038,3306170619,1370,7,01
2025_26,33c6e4c027f63adb60292d14cbde392baa44d6704eb1a1dca58e64b58ad4e038,3306170619,1369,7,01
2025_26,9ec5811c3c02cbda791ecb3d6745e24a4a06d4f994840e114108177f51e0262b,3306170619,1369,9,01
2025_26,505ed976440916bff7e1aa09a0fab31b779cb21617e49c4abb2e5a70aee7dddb,3306170619,1709,8,01
2025_26,ec4fa9fbcaa6765193a4c8804c21ab63a15f31794a78bbd94af78f7d7e9c568c,3306170619,1370,4,01
2025_26,ec4fa9fbcaa6765193a4c8804c21ab63a15f31794a78bbd94af78f7d7e9c568c,3306170619,1367,4,01
2025_26,76b71d9428ab01fb5e50ea91f66efa74849370f4775daaeb5e0bb9e8b6b975a4,3306170619,0179,8,01
2025_26,4e29f106ffa263a6061238e3176383841258ab098d5a70d43c58529d77807abd,3306170619,1367,4,01
2025_26,577fa898f066a5081c7b314e264d90bac7c5b5bb295b64a6d60e183584cc6b86,3306172484,0173,5,01
2025_26,e53c12bd1cedcd149cf322b6d80b43f41f636bec285583f1d615693c1afb884e,3306172484,0181p,9,01
2025_26,bb04a9e420b4e2f2e8b01c8dd56cd689cbfd5c54c457ba20c9229edf8c6c5a2e,3306172484,1709,2,01
2025_26,d16ea4ba5f2f5f34eca94b01a7872921f6bd7b2e8e2c902861bec64e100340da,3306172484,0181p,9,01
2025_26,228af0d303e803601fc22add67aa81b72f76b0f22cf548014add45df728a0070,3306172484,1709,0,01
2025_26,228af0d303e803601fc22add67aa81b72f76b0f22cf548014add45df728a0070,3306172484,0179,1,01
2025_26,a2851ce55df13f85f4b927d9efa11f3de6d85ef12d7b096542696a2c6cf7a690,3306172484,0172,0,01
2025_26,a2851ce55df13f85f4b927d9efa11f3de6d85ef12d7b096542696a2c6cf7a690,3306172484,0174,0,01
2025_26,279330d1c898d3403380adbed34c26392439ddd009daecea4254428506a7db2c,3306172484,0171,2,01
2025_26,1e00a5dfdeca69854dc8558d512d56159cbda6ee7bdb4a73505a83ff7abc497b,3306172484,0173,5,01
2025_26,39f119c6205fa1b6a149ca85cb628d731b3ef8ad9b6c3c3b336219806ac4769a,3306172484,0177,2,01
2025_26,c0861bda2c6d6ec59413a46bbb9ae7f5d4f23f1a3df6733d65ff02ca1bb451a0,3306172484,0172,6,01
2025_26,ca3493937ea6acd77a05ea1852aea724619830fc51252a75ac6762b0963b1f7f,3306172484,0177,0,01
2025_26,ebad8964334ada3832e40e8251227c7e222329bf524b8f374df16309028cb1a0,3306172484,0172,5,01
2025_26,75daab61b41e8783fa9beabfd25a87ec8c1f2d3dd1b58b6feddad69b43b52999,3306172484,0181p,9,01
2025_26,04599d524a14501ab7f50c28aedea9d3b0e72f525e5a48c0f6195aa7b7850a5f,3306172332,0400p,8,01
2025_26,b644c741b7909a3ee3011ab43d299e86520606392609fda822a6b446290700d3,3306172332,0173,0,01
2025_26,b8a88d08af5241709223617befa68e5f0a722d8ead360c6a9d7f2f633bb797f1,3306172332,0383,6,01
2025_26,d0cd6c7e2e4d0ff90e4b4f3db2e4bd1b1dd99be8bd14ca48ca9a875d82d34def,3306172332,0400p,8,01
2025_26,708c9514c5e3bcaf44fe1d5968e7cd99299df1500c4075c0f9f1dc03e78abe85,3306172332,0383,4,01
2025_26,af6c44aa3b6ba4d4a46ce0f345aa00afbcfbf6d5ca21c8e9982621dcbddc741f,3306172332,1709,7,01
2025_26,af6c44aa3b6ba4d4a46ce0f345aa00afbcfbf6d5ca21c8e9982621dcbddc741f,3306172332,0383,8,01
2025_26,f59a7053c9ec24d386d4e7c9def957593d67b36b4862acb454f261cde30b5691,3306172332,0171,0,01
2025_26,f59a7053c9ec24d386d4e7c9def957593d67b36b4862acb454f261cde30b5691,3306172332,0173,0,01
2025_26,a04a47effd9c495c71eaf0e6896400eb8a5b33a3358b3f3e7a08a7901006a375,3306172332,0383,9,01
2025_26,a04a47effd9c495c71eaf0e6896400eb8a5b33a3358b3f3e7a08a7901006a375,3306172332,0384,9,01
2025_26,05e47021fdac03b363a54fc393073f06fd3736b9f71c0dbb88306ec68b01489a,3306172403,0172,9,01
2025_26,0e3cc32a7bdc6379c6d2c3f73a90e971371d1b64df6fe42a11058cd89f94739c,3306172403,0173,6,01
2025_26,36f4a0e5e6c88186f72e6f51f83d245b0353463ac5a7280a45ba4ff66b2f8e9a,3306172403,0179,7,01
2025_26,e5a747a73af9fd9b3346afe40b3f408e5ec6a9f3f4d0308c60ac0f4638cfe1bb,3306172403,0384,4,01
2025_26,1a210b1aa13db5a02d6033fda2b175841db3040d1b3529d5e77f7e6d715e230d,3306172403,0388p,8,01
2025_26,c4faed228d9cdc627be2c939c45b873b44424fe89864fa19b2dcbfb5cbe5c471,3306172403,0383,9,01
2025_26,c4faed228d9cdc627be2c939c45b873b44424fe89864fa19b2dcbfb5cbe5c471,3306172403,0173,8,01
2025_26,988588d3ae61e3dce6ed91e7ef0972f3201320466c7db2b90eddae305f8ec80e,3306172403,0383,0,01
2025_26,988588d3ae61e3dce6ed91e7ef0972f3201320466c7db2b90eddae305f8ec80e,3306172403,0384,0,01
2025_26,52412faf76719de313a2c94b88f2309ad68ec1c8aca689514a6291c03a6f6a31,3306172403,0388p,10,01
2025_26,52412faf76719de313a2c94b88f2309ad68ec1c8aca689514a6291c03a6f6a31,3306172403,0384,3,01
2025_26,79292bafd2903c6fe707f48e2ac3f36a5dcca0026313ef42f487c9fc642f8ad7,3306172403,0388p,8,01
2025_26,4abdc8fb98b5977017777a10c21af1f801e444f70f572e406affc9ee2d4ef8d1,3306172403,0384,0,01
2025_26,0749dd7d42e7ed184c0b2d2cc77c3cbd8dfbe7a5663691c312dd8d107a835f6b,3306172403,0384,8,01
2025_26,f714c01431e10a233b40e709331d3b183c21da87e24794c424dcb9041909ac21,3306172403,0179,2,01
2025_26,a635ebf231742e694609d4e1178605c914fb01581c634dca780ebd4607397edf,3306172053,1229,0,01
2025_26,c7e1a8c406319d76c7bde0470ed7c5bf40f7165795bd388f4f63532390612c3a,3306172053,1229,6,01
2025_26,ae66f5d287c808d91ea29f466052db9482cfbc42d5036b09839e1d0db43a0cb1,3306172053,1231,5,01
2025_26,47e4d5b07965a3d101f5fb9efe047d03a8cf3853032eac9c807a5dbcf6242b7b,3306172053,1233,9,01
2025_26,810cff84a829f9703d343e10a7194e15886c6b1f101bbcbf1c5ff121cbd9b5c6,3306172053,1709,7,01
2025_26,be5cc20ef1bc14efbe0bf8ef76602b7ed16279d02e9275db381154e3abdcb305,3306172053,0156,4,01
2025_26,9d814ddad12b96831dc5e3c8875cecb386580b8c7973155f7d6db152073ed837,3306172167,0179,9,01
2025_26,64309deea76882c67e67470ee6fe5cc5b5b37657473ef5208ecd136f208314bd,3306172167,0931,0,01
2025_26,1c392a3a3a8adba8848e7edaa1a766cf9b384796c53974412f3b1dca325e604d,3306172167,0179,0,01
2025_26,1c392a3a3a8adba8848e7edaa1a766cf9b384796c53974412f3b1dca325e604d,3306172167,0623,0,01
2025_26,a5723ad11f3b800d43630fe99a72e50417a475ccf88bee5f5743a8be473dc8e4,3306172167,1012p,6,01
2025_26,41f11c9dcd8e294def960484be153dc65b59fb0091c9da372cc641844a24cba7,3306172167,1012p,9,01
2025_26,41f11c9dcd8e294def960484be153dc65b59fb0091c9da372cc641844a24cba7,3306172167,0931,9,01
2025_26,c8e204ceae06e6d0bfdae535f368f119c11cffb3b87da5856ea983b3a296e9de,3306172167,1709,0,01
2025_26,b3a949d93cc62757a826262789475a485bb2c2bb4699a96e025892263d2d7507,3306172167,0930,4,01
2025_26,b3a949d93cc62757a826262789475a485bb2c2bb4699a96e025892263d2d7507,3306172167,1010,7,01
2025_26,680fdf556b15f2e30e6befe9e3835467055e13678a0860e126b7ef0bd8fc8043,3306172167,1012p,0,01
2025_26,8503dd2f90ef2c543dc75b95d15ccebb4aa1a4301dc1bd615748966ff97def4c,3306172167,0931,6,01
2025_26,13936f02540f52c6a9d60fe1ca8b60495709d9ffca28aa49ee374587b45e00f9,3306172167,1012p,7,01
2025_26,da5f9d93567899e0c4b7ed339e91585837f37cf76db08ef801f2e6beaf593760,3306172167,1012p,9,01
2025_26,7ece99e699dc74e987ff15eb9338e514e4fafb32530f6b963da765c8102587e0,3306172167,1709,7,01
2025_26,7ece99e699dc74e987ff15eb9338e514e4fafb32530f6b963da765c8102587e0,3306172167,1012p,8,01
2025_26,7e44edd1551552291ed3b63a73ce9b6d6c471007c7554c1e311c4aa80a67f215,3306172167,1010,3,01
2025_26,0e8210aacf83f98e8fbc544a15b9dd6b86ede02ad3e8092e8c825233d5823d3f,3306172167,0179,0,01
2025_26,54c4944fa6b1588458c7e489e8e3fcb17bc811203ff6765923b891968b8eecf0,3306172167,1010,0,01
2025_26,7f5aa83c55c9f8732fc96953899d8b7e01b6956d5c4dfdae4445b264ebc42047,3306172167,1010,0,01
2025_26,ee9e61a0d0d7431397da38aae9d312fd99716fd5b51f732372e5df76ba315e22,3306172167,0179,9,01
2025_26,08cdc734ad04f41ade219537506ae91a954d3a2cabbbda6d6c83fdaa49518644,3306172167,0931,8,01
2025_26,8d2adca43796ef1e91145b4acd880aca05d011c199a09310edb2458df635094d,3306172167,0179,9,01
2025_26,9deb4d50273d2cdea9229aa9afa9cf71f45d5596c6b3e2adea89532cdee749a8,3306172167,0930,0,01
2025_26,dcd5a9071261194853ac2e95d9b399f34b580ab9554c6aa0faf925e32be750b0,3306172167,0931,6,01
2025_26,dcd5a9071261194853ac2e95d9b399f34b580ab9554c6aa0faf925e32be750b0,3306172167,1010,6,01
2025_26,e1467bcc27ff8a4e4d8f0e7f055e914139f2f29b3b11cfb56a22a8c23d5b237c,3306172167,1012p,10,01
2025_26,e1467bcc27ff8a4e4d8f0e7f055e914139f2f29b3b11cfb56a22a8c23d5b237c,3306172167,0179,9,01
2025_26,29807ef81aa8412b3d9068732861b3e6e760e22c893da83a7514f91ce9031e82,3306172167,0623,8,01
2025_26,ac4d273ed219a79442d92f16391a8a8bf74d50d9fa628495067d7af2ff7d9b78,3306172167,0930,3,01
2025_26,292541a4a2af20fbe5e5c7df9f8df93e71a255add1bb290f3689c4d7b53fcea6,3306172167,0623,2,01
2025_26,292541a4a2af20fbe5e5c7df9f8df93e71a255add1bb290f3689c4d7b53fcea6,3306172167,0930,0,01
2025_26,3a3defafa340cf2f27cf0a3e826c1ead5c36c0be8acf105d6d9025491ff078f8,3306172167,0931,7,01
2025_26,814a06a63cae2ad2bb46a3ab2af0427e95212bd8d68c531c31ac22cc1e79e475,3306172167,0623,8,01
2025_26,8dca4dc6bea430986162073bc80007371e18e6f4d038834884c6d5612251197a,3306172167,1709,5,01
2025_26,5077e07b0b966bda3a785ee57cbf6d66d171a0cc2b32eec3ea267de1ad3af2d7,3306172167,1012p,8,01
2025_26,5077e07b0b966bda3a785ee57cbf6d66d171a0cc2b32eec3ea267de1ad3af2d7,3306172167,0930,6,01
2025_26,f5a30cd1b19b9cfd960d2f23274d2136f5ab4dd49d385de28056862e3171efe7,3306172135,0625,5,01
2025_26,67418173869781eac2aa4323678d91266792f5efcc6ccb156c04e31feedc923f,3306172135,0623,7,01
2025_26,8863a24e24e14b0539421db06bdc6e8f065d4a3fee02a53867731440d4dfc828,3306172135,0623,7,01
2025_26,f3bf10de5a266d45775e942b9b6283964cc21b316a5b69b15513d8fd7d33e313,3306172135,0179,7,01
2025_26,904baf7f393d336f2a993b8d9bf69a0b9e9bd5da329689ab1b6eae9cf78301f2,3306172135,1709,9,01
2025_26,904baf7f393d336f2a993b8d9bf69a0b9e9bd5da329689ab1b6eae9cf78301f2,3306172135,0627,7,01
2025_26,861d3c7718472c6d7e7b5ec2f41e3cc79a920e5c8a9bd5469050faf9cecec108,3306172135,1709,7,01
2025_26,9174a0c1ecedda39bd89fbf326d4208c1b2da70eb6370e8ccc09ec26ff5d566e,3306172135,0179,8,01
2025_26,ddc099d7f233e777fd85c2a80815ce0425febe954a5897b61907a61f7a458f8d,3306172135,0828p,4,01
2025_26,56db3247627ae2c8a9f1de02cc22e02ebd36090868de7d525550c741db5e9417,3306172135,0625,8,01
2025_26,7ba79957534e0d56c4984f7596b16921af49ffd490210b4545587de27a230f40,3306172135,0627,3,01
2025_26,0a4a85a56a67cc069b028d7a02d5e0d9c13cc050abc682925c584a06024159af,3306172135,0179,10,01
2025_26,0ebd1c9c04813645ba46043bf61d9c26e73b1c2d29d65b232170d589c2b541e5,3306169433,243267,9,01
2025_26,38e0a8d4b8608c3b6cefdc65c828c9e2313513ed01ca1ca02f6abe80b9e73705,3306169433,243265,9,01
2025_26,9a6cc632fed6e081ecef233a8ecc050d1c21a9348ca284f2df370e306f5b0540,3306169433,243266,8,01
2025_26,3e351680c1ec3a97b4dbcfa67a74a39db93cfa26ae27f97f33b12f26abfbbd85,3306169433,243265,8,01
2025_26,3c1e4bca3648dfee11c4432841df90fc32fa919930dcfc02ff763ce4b1ba75b9,3306169433,243264,0,01
2025_26,0d2e1fb0ff5d9601e51052b895c3963a0bc1b36e6f8c9bba6121881f7556a05b,3306169440,243270,8,01
2025_26,e4f80a872e5669bc72767e644d3deb5fb308c6dc5686e6a2333c9af027d50f04,3306169440,243602,8,01
2025_26,abb3aa28e17cba5f2405f4f2dd719c2c9c9a06593f1c87eb01caa5a0154aee6b,3306169440,243602,9,01
2025_26,8ea11700f83b99e28251f894e5147dc9d7b5681b62afe58e901797dbd7a857b3,3306169440,243271,9,01
2025_26,8ea11700f83b99e28251f894e5147dc9d7b5681b62afe58e901797dbd7a857b3,3306169440,243270,10,01
2025_26,be0156152229ed4f2292309d5e68ffa919f1d7f25c434349345105a03a81056e,3306169440,243604,7,01
2025_26,ba0b121ab7279d65fecaf566dce8072fff5f5c854988ae9643e662c1bc9106c3,3306169440,243602,7,01
2025_26,f3e361914caee481e2c69987451da75b6d43276f47f74a9fb5a8d8102c1434cf,3306173997,0441,4,01
2025_26,f59b96c5926d2a1119855eca5d10377ccb032ccb535f80a600ab8f9adafc3c96,3306173997,0437,9,02
2025_26,99a5d5cb53fc49914b4008b394fd079ccb621d29803e1d75287c36e50ad6b5cd,3306173997,0439,6,01
2025_26,c6ae007bba9122296320f13a7a7fccb996ad1ce6d71157ea0fe0b18897debb67,3306173997,0156,4,01
2025_26,785b588c8c1f7ef4bad1fc659a28ea4bf9620355791976500a552a8d07d77ef6,3306173997,1709,8,01
2025_26,c95621294d444b7ad01d9fa148fd2c949593e54a0efb9bab582ea7c3721530a1,3306173997,0441,6,01
2025_26,fbc951bcf616da89e5d668aa36dd89c670338ebcb99ee6b51f6d6627976a2a28,3306173997,0438,8,01
2025_26,33b19e3967b4a5ea99767ba1211724e00b8911857de88f0271ca8bd4f4417528,3306173997,0439,6,01
2025_26,d88a30b93f4e2486928f49de052532a469fe3fa97b67c6673d097938bf97f814,3306173997,0437,7,02
2025_26,4e1d1005ebb3119a75fc83fe1c1d4f6e5252b66900315b7631025c6ebe4f4229,3306173997,1709,9,01
2025_26,4e1d1005ebb3119a75fc83fe1c1d4f6e5252b66900315b7631025c6ebe4f4229,3306173997,0437,7,01
2025_26,66e5cc51115596eb57d5e354ea7020b4bc8e747245cce2695f213dda87e6a315,3306173997,0441,2,01
2025_26,2c756c7db5eff09cddc48aee523c3287c5bfe5bc841ca6ca5ac8a8f8be497864,3306173997,1709,9,01
2025_26,d2666d7807c3ac6f7104ca6bbb16acf3193d5fdd49cdd4fbbb70be1d4a0155fc,3306173997,1709,8,01
2025_26,ea42808b4247a3065b28093737aeb4712a18a4b747daa53c9bc505bf01864cdb,3306173997,0439,7,01
2025_26,e88784ff773ab7436dad9ad8f3614a3e609f682b9fa1a84f785cf74372576937,3306173997,0440,8,01
2025_26,e88784ff773ab7436dad9ad8f3614a3e609f682b9fa1a84f785cf74372576937,3306173997,0156,6,01
2025_26,f08738b34fa52088a1cd70d731e720a843d6bf0e18ca1f440ee0e2326958e07c,3306173997,0441,9,01
2025_26,e6904d1914d020249cecb44f8979f74197aa24953ef0be8e768c03aecd9a9320,3306173997,0438,10,01
2025_26,5349136ea57cf06102bdd2ca6b12daa4a15944b4a05a413bdf98bfdbf7761b78,3306173997,0441,0,01
2025_26,2793c9d93fe5e438a1449c14c37fc045cf00367e16a1f5979b620a125700184a,3306173997,0437,2,01
2025_26,77e82833effdd877303f10568eefd8ce3012d02a48ea3dac86c0f0af6a84fbb4,3306173997,0437,8,02
2025_26,e249af66eb371e7982620386acb6f14199ed7e337f9a3ad9a70fc1df76e5ca98,3306174048,0657p,8,01
2025_26,e249af66eb371e7982620386acb6f14199ed7e337f9a3ad9a70fc1df76e5ca98,3306174048,0651,8,01
2025_26,e249af66eb371e7982620386acb6f14199ed7e337f9a3ad9a70fc1df76e5ca98,3306174048,0647,8,01
2025_26,771736b19af40f1e7e48b1f4135322f7b87edecdbe4de4edeb3448c5336bac98,3306174048,0651,5,01
2025_26,77f85ac39e2d5fab2e8009c0c9e49d903e98ed22e293eb565681d9ce0ba511df,3306174048,0648,5,01
2025_26,77f85ac39e2d5fab2e8009c0c9e49d903e98ed22e293eb565681d9ce0ba511df,3306174048,0649,3,01
2025_26,d36ed655c38ddd39a2ae843664e6fa11b49d6b3ebdc3c5dbbed7492b056624b9,3306174048,0647,9,01
2025_26,ef4d79efa0a1b22adac94b2ad2adbcd3edd3092d481749f33ab681f28528d9f1,3306174048,0650,0,01
2025_26,0017a974bf5bf8f4a5ed2d0c04e7b660befdebff60d553c4ce49f8344e410951,3306174048,0657p,4,01
2025_26,5c5fba0e2a1f84975ab3b3333dd3c7bdee986f9d57664119012ef6ea2eb3a11b,3306174048,0650,7,01
2025_26,4b9859e3a109f7926a75642d0dbe23f108099475d85fda747f555fe0ac842430,3306174048,0651,6,01
2025_26,13f655911354ad375be8ac6c20fea4c2445a327e10c409ec0361f6f9ec0e935f,3306174048,0657p,6,01
2025_26,13f655911354ad375be8ac6c20fea4c2445a327e10c409ec0361f6f9ec0e935f,3306174048,0648,6,01
2025_26,c97fc31e1e1c09a2307cd60fed3cee2d29cb07677d19f3b16094d09d238f749d,3306174048,0647,7,01
2025_26,88f742bd9ef7e77b0c34a01029fb0598e3b818e6b6e2a023cda021ab03aba01d,3306174048,0651,7,01
2025_26,ef283753c7783374433622e447dcfa9e77badcea221d67438f84617039453ea2,3306174048,0648,6,01
2025_26,ef283753c7783374433622e447dcfa9e77badcea221d67438f84617039453ea2,3306174048,0647,5,01
2025_26,7ace8404accee77e58ff5c84ea986329e54fe9bb2c8af9410689109e91a20e25,3306174048,0648,8,01
2025_26,dfced5735d0491accf35c8d22aa2113e742b52d286fe536a9f0d63a549ab0476,3306174048,0651,8,01
2025_26,301e23a9e517dd9029a91b326c13fd34a76b173595ee00de976acb07a8da7afa,3306174048,0651,0,01
2025_26,9f411de2a8e07ab41bec90fc6f9b154f0299b14931075f105bcabded76c33d2b,3306174048,0651,0,01
2025_26,5f758b4853d526dfa589ded2361cffd1665552c77372f4bf9193edc0df68cae8,3306174048,0650,4,01
2025_26,72427340d156cfa5d3bff484691d891dd082b245d18990f94dc761e6169fd462,3306174048,0179,8,01
2025_26,72427340d156cfa5d3bff484691d891dd082b245d18990f94dc761e6169fd462,3306174048,0647,8,01
2025_26,485d972d86d38409eee2144e1f24953ebfd2a7723c0b2e5f304692cd05304b34,3306174048,0657p,7,01
2025_26,69fbdb5a4eadcaff8ba32514179d048f01f07f5ef8f20020214aa6390b23ccaf,3306174048,1709,0,01
2025_26,af057deff173124dea920906a444c5b2c4c6c37e2f2f30268ed15c55c53b6200,3306174048,0651,7,01
2025_26,6900636775a889229edcb9f308133b50bad7074450c7211e0ae73d64e31c3d59,3306174048,0651,7,01
2025_26,da0f53698eeb3574347e384758155cca56d7ef072b005c1f9a5926a44323af88,3306174048,0648,8,01
2025_26,8f3f9b303674c18c555ad45151ab75e63365dca7a93499f9c31f95698ea59d56,3306174048,0648,6,01
2025_26,09e345f2240b0daad255f253204d36516bf66b770a9ae8ebcc1e67e936d287cd,3306174048,0648,8,01
2025_26,c0e7999379153e1d269287dc998b1df4027e1e1da7d5b966e779e20909fa148b,3306174048,0657p,9,01
2025_26,75bdde496c1d132c19a4e4a81223f54e9fa3f2b67de0b134f4862aae49fe9a84,3306174048,0648,8,01
2025_26,e0d2bd9058f7d603d6e9c2775650340c6f126ae2fbb6b75ac2c2d08940a9eff9,3306169744,0369,7,01
2025_26,592dc1d4cc750281494b8ea94853afd538817e5f5f3947f50d726269730acddc,3306169744,0371,8,01
2025_26,4158f447a7539f464220b10801ddbb1271d4c1ca3a4b51bbdbb69ad902105f6c,3306169744,0373,9,01
2025_26,1f5e61236ae478abc64f239a596d73b6770f93f6fd73177b53a8c22ff6d2143a,3306169744,0379p,10,01
2025_26,ba2c0b743bb5223c2f624a60fca8e425074f221b6072c47e1c4c018c8cd8eb4a,3306169744,0379p,9,01
2025_26,ba2c0b743bb5223c2f624a60fca8e425074f221b6072c47e1c4c018c8cd8eb4a,3306169744,0372,10,01
2025_26,2b582d9fbca7b9c82d7db62cbb59d7fc98b49affeec50b05634c274a03e84a83,3306169744,0373,7,01
2025_26,ecda8bab5b553f3f4ac280c27e7418b1693c301554a99611eb382510df1b28ed,3306169744,0379p,9,01
2025_26,ecda8bab5b553f3f4ac280c27e7418b1693c301554a99611eb382510df1b28ed,3306169744,0370,8,01
2025_26,0fc39efaee8a2b371ffe60942f1f2249f7a85f617d3588228f473dd386b1ec72,3306169744,0373,9,01
2025_26,0fc39efaee8a2b371ffe60942f1f2249f7a85f617d3588228f473dd386b1ec72,3306169744,0372,10,01
2025_26,5471ff231c6295962e7f8f1607cb2d3d1b50a1062bca01dae2195138920d2c00,3306169744,0373,6,01
2025_26,96eed9d1dc68d145cfdb31ffb4d9fa80c0b7c24c9f4fee70a0fa888c25e22831,3306169651,0373,9,01
2025_26,cc42cfc0f92af6b941969bd8c5a31b8a735b4ec6c0a93460da779df7a75f44b4,3306169651,0487,0,01
2025_26,317609100b6ce9ce4f77583907b1578dc91c2ee01b308678d4125b4fafda3dfd,3306169651,0616p,0,01
2025_26,317609100b6ce9ce4f77583907b1578dc91c2ee01b308678d4125b4fafda3dfd,3306169651,0179,0,01
2025_26,3542ae54700cd06e480070de6a472768137da5473577581b88eb63c6be22ef76,3306169651,0179,8,01
2025_26,3542ae54700cd06e480070de6a472768137da5473577581b88eb63c6be22ef76,3306169651,0373,6,01
2025_26,2ee363575015a5fd983f00c2f6195e745236e5999b23e9e23b803f74761c74ec,3306169651,0373,9,01
2025_26,cf8bfad29e6fd74819f0cf4c10deeb7cbb2e6d44dfeadac12796a294c1c55a7e,3306169651,0373,6,01
2025_26,d9f41ff462b6b2d3296ecef8799441d2091e2c35520aefc3f23aa1900a58ae53,3306169651,0487,7,01
2025_26,81502b77746a7e90a1473731fac1ac48bd5b41016d506ce8b3c940c51cef5c4a,3306169651,0373,6,01
2025_26,08168dc990651d328420c95b8b706de5cbc4643c8b1c182e32637cfad20741c2,3306169651,0487,9,01
2025_26,08168dc990651d328420c95b8b706de5cbc4643c8b1c182e32637cfad20741c2,3306169651,0484,8,01
2025_26,2ae85d0ad6646d4c4e28efba98d2a957028b32f8c101d9dd623a030faec023dc,3306169651,1709,0,01
2025_26,1019f423e06dfc1bd138af3f8d935552503b0205ca9619f97ca8dcd6ad7bb267,3306169651,1709,0,01
2025_26,5b735f26e6f77b4ce69f0ddd5322adfca02cefb60f5f3b1150d2e19ae545df9c,3306169651,0484,5,01
2025_26,a14c29e7f8efe6f3727ad8b5de1f0d53008713a2a4fad89bcd7aa8a8ff70f559,3306169651,0373,7,01
2025_26,0c6899bd15672e3a00ed2e0a1198c8737bacc08f329ea1420efc295a90b5a0f8,3306169651,0373,4,01
2025_26,a6467a417ee402344cc49c6d8b65a50ed1f44ddd07fdd4fb2d7ef7132099e0f5,3306169651,0487,0,01
2025_26,269ee833882e0b42d2a58c0729ec816e127e477f419cfb909ff0589c0e504fe0,3306169651,0487,0,01
2025_26,43ce725a46ba0ecb31cfea9b5b6c941c22b9f1b6fecdbaf74454eb1092ac7577,3306169651,0373,0,01
2025_26,43ce725a46ba0ecb31cfea9b5b6c941c22b9f1b6fecdbaf74454eb1092ac7577,3306169651,0484,0,01
2025_26,826391349266038923c3e20caec6cef0af39e2204a3e90eef18e827eca08570c,3306169651,0616p,9,01
2025_26,ba44679b64ba7c572f1252d22ff5ead617482ee8cf2ccdd4e8de558afc385616,3306169651,0179,0,01
2025_26,cb436e2b2c25e07fa227a698a8d0dd50b89dd2f103fdfcae3ef3ebe1a71f04c6,3306169651,0179,7,01
2025_26,1d2f19c63cc53cdb25b3d5896af53ea745918c257ed4b8213d042ebc9dc93bf3,3306169651,0484,9,01
2025_26,db237067000ca6e09e080b13aa0f8c069465d8d3e2a1f9c2cb05f576067ae13f,3306169651,1709,9,01
2025_26,db237067000ca6e09e080b13aa0f8c069465d8d3e2a1f9c2cb05f576067ae13f,3306169651,0483,9,01
2025_26,2f020675fb262606292d8afdb33dff2edde6f09546428edd47cae01039c05a18,3306169651,1709,9,01
2025_26,8054c6e0476794e30dd745a77398ecb1bc638ee6760945ec2a0f161e6352860e,3306169651,0485,8,01
2025_26,8054c6e0476794e30dd745a77398ecb1bc638ee6760945ec2a0f161e6352860e,3306169651,0484,4,01
2025_26,c903fc0e07b7002fbe5941dd10224160fc8054af1ae26bf9f4d37e27e7f315c7,3306169651,0484,0,01
2025_26,cdfe57e30b518df0ef6bf4917ad5f791dec6ff963fbf35790f62ef99aaac0471,3306169651,0484,6,01
2025_26,d553fb9eaa382b49195f1a1d3e83cf64037d67910aa2d48b313004034c46032d,3306169651,0483,3,01
2025_26,c7ea8347822517daf10bef47363e83b60f2d6fe85c91fdc3e47d5a3170ec2cd3,3306169651,0484,8,01
2025_26,f7922319cb0cd36b9128286223df7f163a72308d740d032141ab3235f1335b79,3306169651,0373,0,01
2025_26,08334713821fc607619b962b682d4c51a10da81782aa9afab7c1c0a286cb8b5b,3306169651,0373,0,01
2025_26,67c094115b3ab7cc91c12e659538b1896085fc44bba7abd636163028a58e9761,3306169651,0616p,0,01
2025_26,67c094115b3ab7cc91c12e659538b1896085fc44bba7abd636163028a58e9761,3306169651,0483,0,01
2025_26,65dd2a914e473a6f5a4fe6d55d59a1adbe87f5e83563009ab7cc6a2d233499ee,3306169593,1709,9,01
2025_26,0c82d1b7bb2d719eae7d56062f60e58af95acc9306c2ce5c19a684c6b7421116,3306169593,0156,7,01
2025_26,8707cf4a6dec03839ba36735135394a9e15d03a2cac3d198c8ff2fb26c164f84,3306169593,0223,7,01
2025_26,a2a701f2889655ebdf59e42e41668e039160544a1b836f89f23ff139b81f61c1,3306169593,0156,8,01
2025_26,c7a50cc1a1886bf65a913f00dec28cdf0671eb7e8aea86b65f8d79aea888a0b8,3306169593,0156,7,01
2025_26,f47280db65398776afc9da1107a7605cb7a201df40e0109a0a18509c3e8430b2,3306169593,0225,7,01
2025_26,f47280db65398776afc9da1107a7605cb7a201df40e0109a0a18509c3e8430b2,3306169593,0156,9,01
2025_26,739c0dd4cb324f970995671f1d472e4f1c226bd418750b76292aca1c579765ce,3306169593,1709,8,01
2025_26,9001b89edc33b2bcce9ded9f344830d56cc59b520b86c9db0b9c8b9eddca8370,3306169593,0223,0,01
2025_26,cd9202b902344af3cd5daba1a6e1e37eef41360625e68f20131a8f2d1243bd3a,3306169593,0223,2,01
2025_26,cd9202b902344af3cd5daba1a6e1e37eef41360625e68f20131a8f2d1243bd3a,3306169593,0156,4,01
2025_26,5b3118970c5322195f963c6a61fda5e0a9886d7b632aab4b4bfc4e3fd75c44f7,3306169593,0156,0,01
2025_26,b9cea5129706acdb5708e79384f6f56906f0f8f315a8cfd60f84123ebad9ed2c,3306169593,0225,2,01
2025_26,8db80d9d0d84b39cffa78d71a9a8232b0794dec42ad8c39c0bab5120ff105138,3306169593,0156,5,01
2025_26,e735f013c8c7c3f956f1d3164ad2d2f80e18a0af23590af59ec208691dc917e4,3306169593,1709,0,01
2025_26,397620bbb61beef4fc5682dbe236e1b07f50b459709b28ae7a901be909410374,3306169591,0224,9,01
2025_26,c35fd8e3f12257fec8587c921a2e93d04f2ef7fa2e46437eb1b719cf0a1b9051,3306169591,0227,7,01
2025_26,c35fd8e3f12257fec8587c921a2e93d04f2ef7fa2e46437eb1b719cf0a1b9051,3306169591,1710,8,01
2025_26,cf933a5eaa45244f67884eae884d781eddda67259e94af5b840b6e7ec9caefe0,3306169591,0228,10,01
2025_26,40d6bf597a1a0718d02db2dbfcd0b0ba061b997085a81760d1b2cf4a7c34c8e3,3306169591,0227,5,01
2025_26,972661a5ded9b351208d3e9d46c91f13f8b0f21cc39df20e321d725890e177b9,3306169591,1664190,9,01
2025_26,6b8553049bad85c165181a7a09dbef3bf8a9f818ef899b9060bd4a1071bdead9,3306169591,1664190,5,01
2025_26,6b8553049bad85c165181a7a09dbef3bf8a9f818ef899b9060bd4a1071bdead9,3306169591,1710,5,01
2025_26,7415989e98feb213cbac9eee9f4f232930f30e81b4881a0de273ebdaeab3411b,3306169591,CVOPT,6,01
2025_26,3a111abf1a7a21bf577200ea113d05c9edf3025035dfa4bf9b7e8f0a8998526c,3306169591,1713707,9,01
2025_26,3427aab0bbced6f91552419e1f42eaf7e2cef6bf5a8c1707cf1c2abf5422e987,3306169591,1708190,9,01
2025_26,1a487e080b7e34f09ed31a18d39ba6a382a8112a21ea90683035a187bf7a85c4,3306169751,0376,9,01
2025_26,2f3b973e2c58e5e89b6cf7408df34a45b0a3182aa3ec727bdb0d513622a443d6,3306169751,0374,10,01
2025_26,c48ad409c59015dfd30e638356dd68478c1929dade8718ef91de07eb96302ef5,3306169751,0377,3,01
2025_26,047d440784e11fa29ad2e96d76f3fdb9a2629d7440f44893cca04bfc9807a23e,3306169751,0379s,10,01
2025_26,f1520e95b298e1cc0b3942f1f72175760424a5ea017a91c29ed982bbe1cde3b4,3306169751,1665190,9,01
2025_26,f1520e95b298e1cc0b3942f1f72175760424a5ea017a91c29ed982bbe1cde3b4,3306169751,0378,10,01
2025_26,f1520e95b298e1cc0b3942f1f72175760424a5ea017a91c29ed982bbe1cde3b4,3306169751,1710,7,01
2025_26,74747ce230305dbeef72ba2d2bc98e74e9436abdb3b40fdb5c1d0f0d7714457a,3306169751,1665190,9,01
2025_26,486a3babd9dfb2bca9d288c58c57225f9296ce86eac7a10abcdf48057c728a96,3306169751,0374,4,01
2025_26,3dca1d5c2e19668ebb8647603a0ab65fff7988f0bb37c078d6cbe5e9688b42b6,3306169751,0379s,9,01
2025_26,348eda024cfa001cde4a6ee02d96741347277693927793885808c3a1ff13b6dd,3306169751,0379s,8,01
2025_26,a93690df50d8d2e69d1d2d81076dea3a80165cd43a1b171526b4b50e61d3af71,3306169751,1665190,10,01
2025_26,6569a81d2cb8baf0f76c2f36b1318d216b9a052f89fa5416620bb0df30996500,3306169751,1708190,9,01
2025_26,6569a81d2cb8baf0f76c2f36b1318d216b9a052f89fa5416620bb0df30996500,3306169751,0375,9,01
2025_26,56123c5daf65aff67ba55ae7d2bb9a58bddfb5a0e0e07b1fed49efdfcf208a75,3306169658,CVOPT,4,01
2025_26,ee29b13c0682d2c9d4550e33452944e6982b8e8198b2841e1fa30164a1b9ec71,3306169658,0612,9,01
2025_26,eb8ef6a3581b0aeee9ca131ba8551842301a79ed9c465df132f1e33e8e2344c9,3306169658,0616s,8,01
2025_26,fbfbe620a8c50c0bc4429c8c551777c8e8e99a1d69981d4240195ce9da3f878b,3306169658,0616s,9,01
2025_26,336869d5e562b49cf02518e0800cb658d19a9c575633794e430bbf954f943a6c,3306169658,0613,4,01
2025_26,5e40c103b2933fdc8aa8c99a1ebd3e2da981a70c64788bd3c81a5ea42eb154f7,3306169658,1665190,8,01
2025_26,5e40c103b2933fdc8aa8c99a1ebd3e2da981a70c64788bd3c81a5ea42eb154f7,3306169658,0612,6,01
2025_26,bdfb2d3f06a43a86401824ba6d87e4be999170c50364f06ba0a5a7ea8f910f3c,3306169658,0616s,5,01
2025_26,703738a6468bc4796ba2b43304578127697c7299a7b46bf82e8a826129ce9439,3306169658,1665190,7,01
2025_26,703738a6468bc4796ba2b43304578127697c7299a7b46bf82e8a826129ce9439,3306169658,0612,0,01
2025_26,2d0c3145df52a0dd7aa0877b406d3de0f9e0092a8c4b5d22480b936ab498b7e2,3306169658,1665190,8,01
2025_26,f6458d55d1e6e6e12668bec18ae36d5d274d11121e8fabb071e6c048319d0ffa,3306170617,1665061,10,01
2025_26,f6458d55d1e6e6e12668bec18ae36d5d274d11121e8fabb071e6c048319d0ffa,3306170617,1371,9,01
2025_26,f6458d55d1e6e6e12668bec18ae36d5d274d11121e8fabb071e6c048319d0ffa,3306170617,1372,8,01
2025_26,f6458d55d1e6e6e12668bec18ae36d5d274d11121e8fabb071e6c048319d0ffa,3306170617,1373,4,01
2025_26,4809cb4342e17cbd1cb864924d77094d6f16c0f734dcdc4ee5dcbe0464b25252,3306170617,1708061,7,01
2025_26,c1d21d77bf08b135bc5ca9b6ab0a6852da4e978470aa6835fa9f0caf55cb0589,3306170617,CVOPT,9,01
2025_26,c1d21d77bf08b135bc5ca9b6ab0a6852da4e978470aa6835fa9f0caf55cb0589,3306170617,1371,9,01
2025_26,c1d21d77bf08b135bc5ca9b6ab0a6852da4e978470aa6835fa9f0caf55cb0589,3306170617,1374,7,01
2025_26,f24a68675bc961e6515b38d660f58aa2ab1956394f1f866a86067dfcbc24d907,3306170617,CVOPT,8,01
2025_26,1a90ec68d25bac310537cb92eda308416342e749306872965efb75164d367c70,3306170617,1375s,10,01
2025_26,1a90ec68d25bac310537cb92eda308416342e749306872965efb75164d367c70,3306170617,1373,9,01
2025_26,889f4e53a56cb6de5bb45ec3a7e05c428f432173d7d4942e6b94d8ac65f79d51,3306170617,1371,2,01
2025_26,ce94958738da932e7d31a5c46ecc4771b1fc0dd2b39101fb2a5bfd35bf3b1364,3306170617,1373,8,01
2025_26,c8bc289f304189c63b6e42cc40757b11ca4bf1f178c59d32055f1bc89817405b,3306170617,1665061,9,01
2025_26,ba8f7ea03669b6f608dd446d6e1b60983b93b3d6aea2ea4e17b6b43b25236914,3306170617,1665061,4,01
2025_26,26fbf179f16297cb979067633c4ef2fe0ed66a62036a368e306d8fd7163b19ef,3306170617,CVOPT,10,01
2025_26,23f72a570e8d01479c0d9ebacf5471421ce8652915584368def9cf2b5bda320e,3306170617,CVOPT,9,01
2025_26,23f72a570e8d01479c0d9ebacf5471421ce8652915584368def9cf2b5bda320e,3306170617,1372,8,01
2025_26,615b692a42042fbca24c874fcde9bfd1a7e6633e68af55a2454d70442d2eb202,3306170617,1710,9,01
2025_26,df514e09fa707c221ba8573c11454fdce911dba3441ca71c615437c130d6defe,3306170617,1665061,9,01
2025_26,56e107d5499404c540be1a0a6f5a3b8dc90fe1996a17d74f921f8f0eb6f67aa9,3306170617,1665061,9,01
2025_26,f8ec17a695b6b88c35d54d0a4977cd92a48f6ae835ca0a46bb9ce94068400306,3306170617,1374,7,01
2025_26,f8ec17a695b6b88c35d54d0a4977cd92a48f6ae835ca0a46bb9ce94068400306,3306170617,1710,8,01
2025_26,6de184a5bc9a3b92f574c417b403db4a28e0b17da98b466a0a8b93f416cc50d5,3306170617,CVOPT,8,01
2025_26,00cd633df05eb2b09eba521d31d4fb6c94bbc7c3e9669029562055d710110496,3306170617,1665061,10,01
2025_26,00cd633df05eb2b09eba521d31d4fb6c94bbc7c3e9669029562055d710110496,3306170617,1373,4,01
2025_26,49bb1a981ecc70bbaff4d5a6b7ab9f9b84c41f449c7b0025f69621b7c23345c4,3306170617,1708061,6,01
2025_26,f1ee0488df612eb8efddc259b60bed37e930b0cf6ac0a0d59a638baf63e0e963,3306170617,1375s,5,01
2025_26,0778efbb244a74934514f6651f9817676287c0a5415b5d29815ace1c4b2d97b7,3306173995,1708001,8,01
2025_26,12c88ccd3604c160e06b29326cd06a27f76e3d6434bdf6dea1d9ab2c9a54513a,3306173995,CVOPT,10,01
2025_26,38e75f70c8cfb37616f566aa5b06524ce35ae0d2a881f05bc2bda34de5d9f69d,3306173995,1708001,8,01
2025_26,4f51007c14551241733c4d6bd7d10aa1224f9da82b5347aae91b41754641f589,3306173995,CVOPT,6,01
2025_26,d42397f3ca5aa5d233525300f7a803acafa3de4eceab07e106838913c0652410,3306173995,1713472,8,01
2025_26,0e3f65fdb6c703e0ea8a9e1261a4fbef2d36e64183ee3af36786efbb6bcd4b59,3306173995,1713472,8,01
2025_26,613b7d5c2a37c56e7764e7423d73381c43e4a53da28c97e7f192add8001b5e8a,3306173995,1713472,7,01
2025_26,613b7d5c2a37c56e7764e7423d73381c43e4a53da28c97e7f192add8001b5e8a,3306173995,0446,9,01
2025_26,613b7d5c2a37c56e7764e7423d73381c43e4a53da28c97e7f192add8001b5e8a,3306173995,0442,8,01
2025_26,a009548ef1cd4aefa8762d14f3e43d928affd242163f9f3fbfc2ca7f94d7c430,3306173995,1710,8,01
2025_26,c1cb32b4131ca04b24d6978afba8257dbdcaeaa44bacac476447b76bedb2e2c8,3306173995,CVOPT,9,01
2025_26,a10c7519c10305dc5ddfb23ad2e20dd5ff792007e3ee8bb116aa3f907156de86,3306173995,1710,7,01
2025_26,2fd2849e253ffeb93882260f25dff541d5f5050507f5d467d6a8aeff756aaa4c,3306173995,1664001,10,01
2025_26,2fd2849e253ffeb93882260f25dff541d5f5050507f5d467d6a8aeff756aaa4c,3306173995,0443,6,01
2025_26,16a98646b82b2dbd549249b157b770cb209a408ef0a4d03f22a48752b4fc7816,3306173995,CVOPT,10,01
2025_26,4d933911ec67fab83b1ff1b5dadac814e1ae898a283e160cc491fbd342971b45,3306174046,0657s,7,01
2025_26,4d933911ec67fab83b1ff1b5dadac814e1ae898a283e160cc491fbd342971b45,3306174046,1665001,7,01
2025_26,701f85a2666f7f20918c046d1683f508178c91d254681744fd5536340b0d38d1,3306174046,0656,6,01
2025_26,4432d120bcfaec86e2c4f8b58860122c3892c5d3bbeb68b6816e87afb1750aba,3306174046,0657s,8,01
2025_26,4432d120bcfaec86e2c4f8b58860122c3892c5d3bbeb68b6816e87afb1750aba,3306174046,1665001,6,01
2025_26,dbde61117f82c3f18ba4229558f81c8ae2d36e4ae4ee771d798606cce794fcfc,3306174046,1665001,8,01
2025_26,dc93dfb5a07fda1fbac7e3234b177154239f1b9a8217682337b1e493ae53a436,3306174046,1708001,6,01
2025_26,1d74bb939aafc1f226d23d9f80169b2b041b259d52826203031cd26bfd8bebe9,3306172060,1227,7,01
2025_26,c9ef752d08cc60dce5011bbde18c7ff045ab7c63736b8ce9ffbbfa6c568e0e51,3306172060,1708020,9,01
2025_26,4d221609629a54c2cc889a926875ba0857431f12397b1a54ca04e468fc623b78,3306172060,1228,7,01
2025_26,5c776c52f2ad140614ec800e3fa5de188a5606700c15cdc0a08bba66a48a17cc,3306172060,1664020,6,01
2025_26,5c776c52f2ad140614ec800e3fa5de188a5606700c15cdc0a08bba66a48a17cc,3306172060,1708020,7,01
2025_26,5c776c52f2ad140614ec800e3fa5de188a5606700c15cdc0a08bba66a48a17cc,3306172060,1235,6,01
2025_26,9d8befe021a31ed9d6639e6b6dc77d0541ca338e8e032e9137947eb6e5632efa,3306172060,1227,4,01
2025_26,31e50edfbf662ab9e584909431c51b4e7d6deed1e2c74a78061ec9a58c3f47cd,3306172060,1234,5,01
2025_26,a973d545d119fd034f5a346c8a5212ac54a7aaf59f97fe0a52de38bcdb2e8b29,3306172060,1234,9,01
2025_26,d132915c261a277711c823ee394868eff73ea7e3b7212aadf7e66da8d9e04c10,3306172060,1234,6,01
2025_26,d132915c261a277711c823ee394868eff73ea7e3b7212aadf7e66da8d9e04c10,3306172060,1710,7,01
2025_26,8f00023f27a98d52ed9a1f1de2bcdc5a1ae71052cebb74e19eea9d92bd02ffbe,3306172060,1228,5,01
2025_26,8f00023f27a98d52ed9a1f1de2bcdc5a1ae71052cebb74e19eea9d92bd02ffbe,3306172060,1235,5,01
2025_26,2867126a6247e3d096289dfce8876bf5da64c50ecc7e17b582743249b56c38ee,3306172133,1665020,8,01
2025_26,3d49daba5c4f953c780165526e1b476e90947883e6a50faea53ae70b9149249b,3306172133,0824,6,01
2025_26,326926eb8107ee630b12bf15d71ea51345f7ff33db0f3e9d26a21d129b40a88d,3306172133,0825,9,01
2025_26,bea9be527b1b7fbda4923f07edaed2f75276ad1191fbb9e2064c0e22b8905eb0,3306172133,1708020,9,01
2025_26,8604e649b4230808cacc32cc8cc9b7b57d52446ff659e100169b13d1a500f5bb,3306172133,CVOPT,4,01
2025_26,8604e649b4230808cacc32cc8cc9b7b57d52446ff659e100169b13d1a500f5bb,3306172133,0824,5,01
2025_26,8604e649b4230808cacc32cc8cc9b7b57d52446ff659e100169b13d1a500f5bb,3306172133,1710,8,01
2025_26,b6946ff8d85eee2504e1044d1faa355bd5549eff5f2d318025b581ad6be24ed4,3306172133,0822,7,01
2025_26,b6946ff8d85eee2504e1044d1faa355bd5549eff5f2d318025b581ad6be24ed4,3306172133,0824,6,01
2025_26,90e11333d1fc18cd172687c94dbf8b530e5d4653baefc95838598781c89df0cd,3306172133,0824,5,01
2025_26,90e11333d1fc18cd172687c94dbf8b530e5d4653baefc95838598781c89df0cd,3306172133,0826,7,01
2025_26,04b7cfef01e64cfd4b1496b768be2fa88ad1d6be84bfd088c045854f4373fb89,3306172133,CVOPT,7,01
2025_26,d99696ac7399f9b7c7d23393943d9c321015b9b768cc1bd628dceb80aad5221d,3306172133,0826,7,01
2025_26,3c87e691a1f7011ac25c7751a89981120b23266b7e85e4ab802b1080925dfbdd,3306172133,1708020,8,01
2025_26,3c87e691a1f7011ac25c7751a89981120b23266b7e85e4ab802b1080925dfbdd,3306172133,0823,9,01
2025_26,4da51a862191fa00559c5883592b1b7ed8c8075bf9349428067e86fe1a991f05,3306172133,1665020,7,01
2025_26,4da51a862191fa00559c5883592b1b7ed8c8075bf9349428067e86fe1a991f05,3306172133,0827,7,01
2025_26,c6ee0034b9360ccb04b98189b17fb0de020e3a845b447db574339de434c7e4e2,3306172165,1109,8,01
2025_26,6c6277232e2cc6ec6dcbc11a604eee0f707d2720ff98e52a6b83033f3a50af33,3306172165,1012s,9,01
2025_26,6c6277232e2cc6ec6dcbc11a604eee0f707d2720ff98e52a6b83033f3a50af33,3306172165,1008,4,01
2025_26,80898bbf3c16081e89b78ffee53f978b5595d335fe9470dd35aa11379763ac28,3306172165,1109,8,01
2025_26,668b543fd712bf0e03cedc4437c8da84271e2312325642dd9e273e19d4615777,3306172165,1665020,8,01
2025_26,4fa33e61b4eb9ed69b12f6adcd6110318f36a4d30781964c40d42a086c3ab0cb,3306172165,1109,8,01
2025_26,4fa33e61b4eb9ed69b12f6adcd6110318f36a4d30781964c40d42a086c3ab0cb,3306172165,1710,8,01
2025_26,89cf0a66566c86c99a42d9fdcdcd36680b6a1cf332cb79b1827e92532d2e9f40,3306172165,1109,7,01
2025_26,35bd981afa9407ae8bc274a0955391a7a57f30ac357a6b90d04c85cc7b7cd921,3306172165,1008,8,01
2025_26,40df7244c17d1f35ad1bcb47e3820f87226697e8bbd8d79383bc2cfdf77b0ec5,3306172165,1012s,8,01
2025_26,40df7244c17d1f35ad1bcb47e3820f87226697e8bbd8d79383bc2cfdf77b0ec5,3306172165,1007,9,01
2025_26,799798f993c4f212a337dbf6c94fe05f7b9150de73eaf1019095a86fa76c5330,3306172165,1109,8,01
2025_26,4d204e60470d5745757c8ab5cafe9a98db40cf0a77d53be827b92adc4639c0ad,3306172165,1708020,5,01
2025_26,4d204e60470d5745757c8ab5cafe9a98db40cf0a77d53be827b92adc4639c0ad,3306172165,1009,8,01
2025_26,504eedb52a4b86251bf102232af293556e33bc206a7ee75e92e9cc9ae32a495d,3306172165,CVOPT,4,01
2025_26,504eedb52a4b86251bf102232af293556e33bc206a7ee75e92e9cc9ae32a495d,3306172165,1008,4,01
2025_26,34a85fa256424c26834edefed25024b96dcf5af2e040dd4ea080cad20a31d45a,3306172165,1008,8,01
2025_26,1cb1280ee0aa3f42ca66c3d1f51d9671e4c46d2abe933543cc4c4b95134071ac,3306172165,1110,8,01
2025_26,63b2019f4a54cf6a7ebd381d87fc6396900b930a788c622ba2966ab9a8b0f87d,3306172165,1007,6,01
2025_26,53844a0401518f4786913feb68c71d156d8f4fcbf6b1030a97d73a6e86aa41af,3306172165,1012s,9,01
2025_26,53844a0401518f4786913feb68c71d156d8f4fcbf6b1030a97d73a6e86aa41af,3306172165,1109,5,01
2025_26,858a01846ac6f7b808cbd6d6f4557f51b9030d59cd6e0b22a7706248dfcdcd55,3306172165,1007,9,01
2025_26,bc12ba4a1e0744bf0ad86028f479ed024620c3e3a9df29da836ed8770fd65e3b,3306172330,1665039,8,01
2025_26,b22633b0d8057984e3f6c64bdf2ffb4e910d02f6f66f35e26c773dfde01fc2bb,3306172330,0399,9,01
2025_26,66eedee21f82a34060ae90994886def7ed10f96e2847bfe2bf1c8e563fd69849,3306172330,0400s,8,01
2025_26,f4f6a647f626144044314a4101b8beeac8600537e08407bbe17ea15514ceaeda,3306172330,0398,4,01
2025_26,ee3e9df092da331541d83c266b944d2c9c5acbce79426e8ab367f935edf6c7fc,3306172330,1710,6,01
2025_26,482ad2af2aa1a8c7050d4eb6971b0db96b9aeefc17d13212fc543ac2e46d2405,3306172330,0400s,8,01
2025_26,88564b49001659b85cfebf94a9d42a941d5b83aa3c2475de2432eb9f044ce742,3306172330,1665039,10,01
2025_26,88564b49001659b85cfebf94a9d42a941d5b83aa3c2475de2432eb9f044ce742,3306172330,0399,9,01
2025_26,555a18eb56053d57cd79d35db4decccaa5aa6f83f82f8a903a1aa22320a6484f,3306172330,1665039,8,01
2025_26,5ff5e9da59f37d39dd6a7ee95cdf639bad5bae0e77ede5c1cdbf45a7e531b3a7,3306172330,1665039,10,01
2025_26,5ff5e9da59f37d39dd6a7ee95cdf639bad5bae0e77ede5c1cdbf45a7e531b3a7,3306172330,0398,9,01
2025_26,8a51ee8d214208085d15559e67bc3c1b34f4c6204f1104eaf5cba58b359582fd,3306172482,CVOPT,8,01
2025_26,8a51ee8d214208085d15559e67bc3c1b34f4c6204f1104eaf5cba58b359582fd,3306172482,0178,7,01
2025_26,153ceff39f1d07c4a91c56738c822cb378b29b87cc3e7b5778bfe87078585b1b,3306172482,0181s,7,01
2025_26,eae4f911bd7aa2f94bd3285eed5f5c3050724b14c5d4cbedb61d4bf91c100817,3306172410,0180,7,01
2025_26,5eb561428ece52d4d029369904d44732faf5a12da6093086ea923b8adf461a86,3306172410,0180,7,01
2025_26,109e2f4131443cb7c6ed2280187dbbb24a6d42e28648d3beed6c8b15109cd446,3306172410,1708039,9,01
2025_26,e5fa39725e801d6baa9f1ea2cf79e5ba2479424ae73719b1cfa1c05075f7fb14,3306172410,1708039,8,01
2025_26,0ea65640b217a50fa35570e2457ed71c99bdd51077ef6efcdef0f6624754bb44,3306172410,1665039,9,01
2025_26,76d65155e32131fe918a05f2a9d4cc62c868a87ce9e178b4ec650b9299ab935e,3306172410,0387,3,01
2025_26,21c0f5a5d516830e1efbc81d673d1499f8d9d0a1c9096ed482e67e18ccf0738b,3306172410,0387,9,01
2025_26,efebd2e836e756da51b1c4bf56dd09a6804345f63609a8233dd4846b5df9979e,3306172410,0180,6,01
2025_26,5d07d7c6dd68eb03f522c47f213fad93764f82641aa22d608fae7801dabd224d,3306172410,0387,5,01
2025_26,24a452b14b11086e4a25a8ebd5c722cae9b4badf8934f426904e2035f52b1a02,3306169614,0224,4,01
2025_26,90e11333d1fc18cd172687c94dbf8b530e5d4653baefc95838598781c89df0cd,3306172133,CVOPT,7,01
2025_26,2867126a6247e3d096289dfce8876bf5da64c50ecc7e17b582743249b56c38ee,3306172133,CVOPT,8,01
2025_26,ebc0cc1c1d35a1e5f445c8c563772509a1067e38df2753d2a92f504938a4b1f0,3306172133,CVOPT,6,01
2025_26,cc065d6e783097cde71b8227e21c94e755d69b99650343af9facc7414235769a,3306172167,1012p,9,01
2025_26,e249af66eb371e7982620386acb6f14199ed7e337f9a3ad9a70fc1df76e5ca98,3306174048,1709,8,01
2025_26,77f85ac39e2d5fab2e8009c0c9e49d903e98ed22e293eb565681d9ce0ba511df,3306174048,0179,7,01
2025_26,754e9f8683cf353b1a5a6f3559c6559deaf13a81803dd8f9da3347adac9927d8,3306174048,1709,7,01
2025_26,741412a5c0b73ecbc962fa1286b8ec6bd63912db67d5fe38c7897ef68c6ebc23,3306174048,0179,9,01
2025_26,7887cf073f3bd53ee24563e801537af5a5f504d6cee6545e403c61f470db4a70,3306174048,1709,8,01
2025_26,75bdde496c1d132c19a4e4a81223f54e9fa3f2b67de0b134f4862aae49fe9a84,3306174048,1709,9,01
2025_26,814a06a63cae2ad2bb46a3ab2af0427e95212bd8d68c531c31ac22cc1e79e475,3306172167,1012p,7,01
2025_26,485d972d86d38409eee2144e1f24953ebfd2a7723c0b2e5f304692cd05304b34,3306174048,0650,9,01
